region_id	sample_id	donor_id	fold	target	analysis_stratum	observed	M0_pred	M1_pred	M2_pred	M3_pred	M4_pred	color_pred	coordinate_pred	grayscale_pred	macenko_pred	M3_grayscale_pred	M3_macenko_pred	heldout_base_residual	morphology_predicted_residual
TILD175MA_150_0_10	TILD175MA	TILD175	fold_2	epithelial_transitional	PF_ONLY	4.16408107876645	2.5259934367677044	2.598244855419609	2.8779823129351234	2.7971782617114522	3.1342337077702744	2.6238916354170008	2.5476177217698175	3.0979346003358463	2.628223771300862	2.9252549201174567	2.6233442227514128	1.2860987658313263	-0.01613837368412821
TILD175MA_150_0_5	TILD175MA	TILD175	fold_2	epithelial_transitional	PF_ONLY	3.01454979760656	2.5260000208898954	1.9293077878800298	1.8663741920152073	2.5413939194830637	2.0619393851464807	2.5172135264923106	2.5568725365051566	2.347299313940764	2.539001878815704	2.6743414380372332	2.551169023825248	1.1481756055913528	-0.02051794642022141
TILD175MA_150_0_9	TILD175MA	TILD175	fold_2	epithelial_transitional	PF_ONLY	3.70179659680948	2.5259947535921428	2.587917343771973	2.6012720294534253	2.7551282730329456	3.013597280266789	2.5625613694067044	2.5494686847168855	2.671797230477542	2.5335547815106194	2.660142141006599	2.530629665165527	1.1005245673560546	-0.022649516769080353
TILD175MA_150_10_12	TILD175MA	TILD175	fold_2	epithelial_transitional	PF_ONLY	2.90295026891656	2.525990260723232	2.4668287194713288	2.5184081506509104	2.5335007702404346	2.4031734017543123	2.4003630931856423	2.5422378925077584	2.2750498538623933	2.507478895253773	2.329183131357292	2.507841995057693	0.38454211826564944	-0.01752972939647178
TILD175MA_150_10_13	TILD175MA	TILD175	fold_2	epithelial_transitional	PF_ONLY	2.62312143520229	2.5259889438987937	2.4394146059138504	2.481717342818966	2.5902589051061256	2.514055651137316	2.7329106659998437	2.5403869295606905	2.758997184735095	2.6344140833665293	2.8037634371263045	2.6358084450284847	0.1414040923833242	-0.02458265898249512
TILD175MA_150_10_14	TILD175MA	TILD175	fold_2	epithelial_transitional	PF_ONLY	2.00566141862557	2.5259876270743553	2.75677733827043	2.639064420259824	2.534823257292777	2.4376131631777445	2.745680844825918	2.538535966613623	2.6917713504901997	2.6089842748253886	2.7168453971972406	2.606874328299443	-0.633403001634254	-0.030793881190382535
TILD175MA_150_10_15	TILD175MA	TILD175	fold_2	epithelial_transitional	PF_ONLY	2.72895801911229	2.5259863102499174	2.638532524249206	2.663661935544273	2.6988981585366054	2.766967624945392	2.5362754392233247	2.536685003666555	2.7871598678859018	2.6053692816783656	2.872678828189373	2.60337158197504	0.06529608356801697	-0.0219808616519344
TILD175MA_150_10_16	TILD175MA	TILD175	fold_2	epithelial_transitional	PF_ONLY	2.96562936839557	2.525984993425479	2.7306058788965597	2.6790701117885867	2.602266898244138	2.727775186303231	2.5687277838942983	2.5348340407194874	2.7762203108510555	2.5893611627947686	2.740544099846694	2.587230513212193	0.2865592566069832	-0.017088670154520553
TILD175MA_150_10_17	TILD175MA	TILD175	fold_2	epithelial_transitional	PF_ONLY	3.06451766381448	2.525983676601041	2.508248618033235	2.5377579537064556	2.6450284293932182	2.539353863597848	2.461478511436723	2.5329830777724194	2.6940604510061283	2.561598685026242	2.7014457111041867	2.56052982085099	0.5267597101080246	-0.013954936233652324
TILD175MA_150_10_18	TILD175MA	TILD175	fold_2	epithelial_transitional	PF_ONLY	3.11083890473922	2.5259823597766027	2.543165843134695	2.499891560558735	2.6480605249886326	2.5974208033925037	2.6664112096590835	2.5311321148253514	3.0008100937940365	2.5846830269095395	2.9497138058012085	2.584143628270237	0.6109473441804854	-0.018029333655268515
TILD175MA_150_10_2	TILD175MA	TILD175	fold_2	epithelial_transitional	PF_ONLY	3.06981368263635	2.5260034289676137	2.5431049357425652	2.5167744359623887	2.499341358884521	2.4867030785540263	2.8131494979297496	2.5607475219784366	2.415730065042833	2.5689016192966476	2.4959949446174483	2.5707483321808398	0.5530392466739613	-0.025106829805395067
TILD175MA_150_10_3	TILD175MA	TILD175	fold_2	epithelial_transitional	PF_ONLY	3.04939342942372	2.5260021121431757	2.721386851831455	2.5979287141546354	2.587157586950382	2.7609824742879576	2.4258292995627677	2.558896559031369	2.692691146849781	2.5371742503670696	2.7841919804643114	2.538651012498869	0.4514647152690845	-0.02450616056629164
TILD175MA_150_11_10	TILD175MA	TILD175	fold_2	epithelial_transitional	PF_ONLY	3.12958075170852	2.525992840132549	2.6650135230157015	2.634546481974402	2.534632450449541	2.4741917561794007	2.5726654057428537	2.5457720280651017	2.4958161666142584	2.529671441325261	2.444680697030722	2.5279063701963196	0.4950342697341181	-0.016807801017778824
TILD175MA_150_11_11	TILD175MA	TILD175	fold_2	epithelial_transitional	PF_ONLY	2.92574390197194	2.5259915233081105	2.612932137306807	2.643966378388247	2.562008641785283	2.482538574525965	2.5085617281957915	2.5439210651180337	2.2279374339760323	2.545207674202612	2.3061645268094964	2.5449381206548547	0.2817775235836928	-0.01566310515521277
TILD175MA_150_11_12	TILD175MA	TILD175	fold_2	epithelial_transitional	PF_ONLY	3.05484513331183	2.525990206483672	2.534579831366387	2.5033076258859186	2.57268399834241	2.5894335817444625	2.7126696943111517	2.542070102170966	2.326071132270025	2.580898631726641	2.3791471585394715	2.5822881572115666	0.5515375074259112	-0.02010406136696561
TILD175MA_150_11_14	TILD175MA	TILD175	fold_2	epithelial_transitional	PF_ONLY	2.96742270256317	2.525987572834796	2.451550825629196	2.5130896619264065	2.5535580702634104	2.652254083363942	2.5059300098051898	2.5383681762768306	2.746318660507767	2.554436397333213	2.7545874733532734	2.5548141285246393	0.4543330406367634	-0.027608797956591925
TILD175MA_150_11_15	TILD175MA	TILD175	fold_2	epithelial_transitional	PF_ONLY	3.05607844501504	2.525986256010358	2.5234029511176628	2.482073571153313	2.5718743666500687	2.624659611466678	2.453041655208663	2.5365172133297627	2.4675561129811467	2.5407182015568934	2.5815723612650214	2.5419820781195184	0.5740048738617269	-0.022892054645055122
TILD175MA_150_11_16	TILD175MA	TILD175	fold_2	epithelial_transitional	PF_ONLY	3.77307127995228	2.5259849391859195	2.3736677147322576	2.417388143289428	2.743140983553064	2.89406612991911	2.522500890041374	2.5346662503826947	2.8195257275260213	2.6152630828266874	2.8519852651647484	2.616771314401066	1.3556831366628517	-0.014786485843178427
TILD175MA_150_11_17	TILD175MA	TILD175	fold_2	epithelial_transitional	PF_ONLY	3.57546797130846	2.525983622361481	2.3680863162761825	2.3970273344421957	2.560999684785019	2.341169909188714	2.563816650207746	2.532815287435627	2.6462120066591863	2.5963299678693814	2.6629626893617195	2.5978070836025506	1.1784406368662643	-0.018519164860831043
TILD175MA_150_11_2	TILD175MA	TILD175	fold_2	epithelial_transitional	PF_ONLY	3.09855374693075	2.526003374728054	2.497492775071402	2.5161446912300445	2.638368145323881	2.651199744190768	2.644296578277454	2.5605797316416443	2.2620348326133977	2.554190217867565	2.4247459125024693	2.5561085639503878	0.5824090557007056	-0.02252121816989094
TILD175MA_150_11_3	TILD175MA	TILD175	fold_2	epithelial_transitional	PF_ONLY	3.40646541959961	2.526002057903616	2.8375145025416533	2.6996414575834855	2.4794347236543626	2.4946272333527872	2.551051322554583	2.5587287686945763	2.2378705614457757	2.5177513302578722	2.424549956507635	2.518261556218672	0.7068239620161245	-0.026502941017461666
TILD175MA_150_12_1	TILD175MA	TILD175	fold_2	epithelial_transitional	PF_ONLY	2.81950482157191	2.5260046373129326	2.610464684579692	2.5820297831436507	2.728093697458739	2.627788010354225	2.5796648457598996	2.5622629042519196	2.5686994329844057	2.58825906582878	2.698156219085965	2.5901591416015846	0.23747503842825912	-0.01991654442306881
TILD175MA_150_12_10	TILD175MA	TILD175	fold_2	epithelial_transitional	PF_ONLY	3.03690476407936	2.525992785892989	2.573975018748057	2.619495782863636	2.5897167347797128	2.5820444801946305	2.4636211836781823	2.5456042377283095	2.5746539983991394	2.564324565121028	2.589392052643063	2.56287678312495	0.41740898121572423	-0.016201969013632866
TILD175MA_150_12_11	TILD175MA	TILD175	fold_2	epithelial_transitional	PF_ONLY	2.3422541751998	2.525991469068551	2.5415450765100176	2.563802968459055	2.5460954660571584	2.287089236818214	2.524372823791161	2.5437532747812415	2.5544458746782164	2.612764097097006	2.5753682270783895	2.6127067959823287	-0.22154879325925503	-0.01731807595638641
TILD175MA_150_12_13	TILD175MA	TILD175	fold_2	epithelial_transitional	PF_ONLY	3.16272766210972	2.5259888354196747	2.4867656447761304	2.477356730869787	2.389953032089096	2.196415932278243	2.5325571619275586	2.540051348887106	2.025595998446069	2.5541933259919576	2.120785377909018	2.555430646822594	0.685370931239933	-0.028702736887749932
TILD175MA_150_12_14	TILD175MA	TILD175	fold_2	epithelial_transitional	PF_ONLY	3.07250386141628	2.5259875185952363	2.597193702935268	2.516968845748235	2.5028044507056295	2.413628522317827	2.519202114983488	2.538200385940038	2.372365545873987	2.5333036915732388	2.543350548274789	2.535273559032224	0.555535015668045	-0.027709391915639918
TILD175MA_150_12_17	TILD175MA	TILD175	fold_2	epithelial_transitional	PF_ONLY	3.38805039430701	2.5259835681219216	2.4031250924708805	2.4166017628341234	2.5810062562922376	2.551696480259716	2.468994408776575	2.532647497098835	2.660235936085979	2.5506630138635904	2.7249887929490377	2.551582815254554	0.9714486314728865	-0.018508026319205416
TILD175MA_150_12_2	TILD175MA	TILD175	fold_2	epithelial_transitional	PF_ONLY	2.79748773874617	2.5260033204884946	2.5507440647303246	2.4961661136946827	2.6695215441803066	2.608890972356424	2.3994737852451493	2.560411941304852	2.6193744546846984	2.5301527423999675	2.712322935436213	2.5324546259970426	0.3013216250514872	-0.02221092147857747
TILD175MA_150_12_3	TILD175MA	TILD175	fold_2	epithelial_transitional	PF_ONLY	2.89392942258533	2.5260020036640563	2.6633452259766206	2.5873122834243016	2.580953257002177	2.7028053880519107	2.5145671867575063	2.558560978357784	2.4335411770067497	2.5268311658439893	2.573521407238497	2.5277414799111284	0.3066171391610282	-0.024437803578269857
TILD175MA_150_13_1	TILD175MA	TILD175	fold_2	epithelial_transitional	PF_ONLY	3.1861605235447	2.526004583073373	2.735992966794856	2.417313310105236	2.836092110738686	2.84666821826531	2.6832934694724946	2.5620951139151273	2.6846867918136645	2.567537317589101	2.771176005900999	2.5711532679483673	0.7688472134394639	-0.015085853213874099
TILD175MA_150_13_10	TILD175MA	TILD175	fold_2	epithelial_transitional	PF_ONLY	2.61632031688037	2.5259927316534294	2.4612836876820143	2.6211419463686143	2.5125723216956564	2.4231534576072917	2.079481585931334	2.545436447391517	2.7690043073816093	2.563537739597628	2.7392521595357673	2.5615795273850988	-0.004821629488244383	-0.020308471272541574
TILD175MA_150_13_11	TILD175MA	TILD175	fold_2	epithelial_transitional	PF_ONLY	2.97068393625618	2.525991414828991	2.7868552072139297	2.7289624127922436	2.655090950397746	2.5844440715713226	2.524363148323352	2.543585484444449	2.5449280082355954	2.626063163715753	2.526160655925702	2.6228258772228967	0.24172152346393627	-0.015400668843220534
TILD175MA_150_13_12	TILD175MA	TILD175	fold_2	epithelial_transitional	PF_ONLY	2.89076960141869	2.525990098004553	2.594778945264291	2.541818288058279	2.767133347778263	2.826296345940117	2.6535584605678135	2.541734521497381	3.115449239399185	2.645555314987341	3.048816478957254	2.6457660698964705	0.34895131336041096	-0.015472006028296879
TILD175MA_150_13_13	TILD175MA	TILD175	fold_2	epithelial_transitional	PF_ONLY	2.92878873395163	2.5259887811801147	2.486594431775316	2.5035683179831714	2.604163169131487	2.607259649171598	2.4566361517008133	2.5398835585503137	2.6449107353022767	2.5632482783398864	2.659763059363833	2.563830727977764	0.4252204159684587	-0.024077223409710115
TILD175MA_150_13_16	TILD175MA	TILD175	fold_2	epithelial_transitional	PF_ONLY	2.93108159218075	2.5259848307068005	2.339871926710236	2.4251565266195443	2.557819168785013	2.480531442314609	2.292739546710452	2.53433066970911	2.5168261752353343	2.510985435568486	2.670107507848566	2.512428078303486	0.5059250655612058	-0.0190118070615768
TILD175MA_150_14_10	TILD175MA	TILD175	fold_2	epithelial_transitional	PF_ONLY	2.69682565802758	2.52599267741387	2.6049765616478755	2.407596444979807	2.492388780019898	2.397365789894142	2.508901923213359	2.5452686570547245	2.3566553976193774	2.5510262084384614	2.4257638635887955	2.5542764542639254	0.28922921304777294	-0.018126306346456143
TILD175MA_150_14_12	TILD175MA	TILD175	fold_2	epithelial_transitional	PF_ONLY	3.08024410081677	2.5259900437649936	2.360826129802339	2.5091762184115463	2.517790318995402	2.4864975329328116	2.496586782314319	2.541566731160589	2.602878055072723	2.554464113751146	2.628445322644446	2.555683470565087	0.5710678824052238	-0.019100708268415246
TILD175MA_150_14_13	TILD175MA	TILD175	fold_2	epithelial_transitional	PF_ONLY	2.96310129373132	2.525988726940555	2.4960491080298053	2.3271381587251407	2.496601961223094	2.4920100743676703	2.4361182923468334	2.5397157682135214	2.628237582827278	2.468589144701833	2.653167835907422	2.4710553969605775	0.6359631350061794	-0.025718750178742197
TILD175MA_150_16_10	TILD175MA	TILD175	fold_2	epithelial_transitional	PF_ONLY	2.99150614749107	2.5259925689347504	2.317328453779445	2.2800952088451973	2.6541504282567496	2.7297913391614657	2.582329654365996	2.54493307638114	2.570589334756014	2.536459763378011	2.742524080792397	2.541691416205497	0.7114109386458725	-0.01523853237301356
TILD175MA_150_16_4	TILD175MA	TILD175	fold_2	epithelial_transitional	PF_ONLY	3.25072099900928	2.52600046988138	3.0779118713280305	2.906480846252962	2.541684423363733	2.7566832648554227	2.458565480012659	2.556038854063547	3.0151605133155583	2.5403983639547127	2.8985243091324935	2.5356838475785586	0.3442401527563179	-0.01982073283751156
TILD175MA_150_16_5	TILD175MA	TILD175	fold_2	epithelial_transitional	PF_ONLY	3.20201398175626	2.5259991530569414	2.541075273819464	2.571520966634735	2.4380025448254328	2.415417249805782	2.2664757676269467	2.554187891116479	2.6186145380588504	2.498256008419917	2.6208214007860673	2.4974515582795287	0.6304930151215249	-0.026956489825840712
TILD175MA_150_16_6	TILD175MA	TILD175	fold_2	epithelial_transitional	PF_ONLY	3.80892023789733	2.525997836232503	2.5591505164328656	2.595743757463506	2.679472734097253	3.206125826446221	2.438419700056723	2.552336928169411	2.842862759770103	2.5498735552153806	2.7549847037922963	2.548604839855108	1.213176480433824	-0.024475577378824914
TILD175MA_150_17_10	TILD175MA	TILD175	fold_2	epithelial_transitional	PF_ONLY	3.18903413068783	2.525992514695191	2.6889249988579818	2.6101383154416475	2.36739319824536	2.354895947104049	2.528701263629307	2.5447652860443477	2.3227011133027635	2.5442063232427445	2.3074362975584592	2.542889677346952	0.5788958152461823	-0.023937873240192135
TILD175MA_150_17_11	TILD175MA	TILD175	fold_2	epithelial_transitional	PF_ONLY	2.93152871270538	2.5259911978707525	2.4339935924402223	2.52427605112675	2.5375399543843282	2.349698606475152	2.5280385968791337	2.5429143230972797	2.361353774230341	2.535007477764232	2.4608519694132784	2.5362277182965487	0.40725266157863027	-0.0184946879713771
TILD175MA_150_17_4	TILD175MA	TILD175	fold_2	epithelial_transitional	PF_ONLY	3.64180427680806	2.52600041564182	2.5970010652097546	2.6418336120007924	2.5543596847847363	2.925482569444163	2.2171483272373402	2.5558710637267548	2.784198360476445	2.544913610915642	2.6629233460964947	2.543204325522295	0.9999706648072677	-0.02261866265063185
TILD175MA_150_17_5	TILD175MA	TILD175	fold_2	epithelial_transitional	PF_ONLY	3.13841218141419	2.525999098817382	2.4242850068054502	2.4509191407577298	2.569314749161942	2.811923817572123	2.173494896983531	2.5540201007796868	2.90683225122351	2.512955212660305	2.7508493898855013	2.513434908462764	0.6874930406564603	-0.022798748950375425
TILD175MA_150_17_6	TILD175MA	TILD175	fold_2	epithelial_transitional	PF_ONLY	3.32465964640184	2.5259977819929436	2.5191337811202077	2.6140100109100217	2.6453960417242968	2.951751925774085	2.354867004698716	2.552169137832619	2.855607113173854	2.5433777791469447	2.6842330984516187	2.539726866104367	0.7106496354918184	-0.021405160184614854
TILD175MA_150_17_8	TILD175MA	TILD175	fold_2	epithelial_transitional	PF_ONLY	2.43882347940906	2.5259951483440672	2.851397909334538	3.1266455960789976	2.3932854246351396	2.4744111961324475	2.4256609431387215	2.5484672119384832	2.5856339725113737	2.51351902806957	2.387218548668343	2.499990042337332	-0.6878221166699374	-0.03543614920998066
TILD175MA_150_17_9	TILD175MA	TILD175	fold_2	epithelial_transitional	PF_ONLY	3.37526731036705	2.5259938315196293	3.091757722251919	2.87523615794308	2.455283026238887	2.4314623341043227	2.5417008369532845	2.5466162489914157	2.443707518768587	2.5544168960285356	2.4813479925270987	2.5471098607645555	0.5000311524239698	-0.02998900376181395
TILD175MA_150_18_10	TILD175MA	TILD175	fold_2	epithelial_transitional	PF_ONLY	2.91550749143736	2.5259924604556314	2.4375106634224806	2.472567242760384	2.373019213354316	2.21797996846179	2.4639216428626853	2.5445974957075554	2.1778915386592237	2.46580825846208	2.2642586319888736	2.4666880032412166	0.442940248676976	-0.022246320862362987
TILD175MA_150_18_11	TILD175MA	TILD175	fold_2	epithelial_transitional	PF_ONLY	3.02444231696986	2.525991143631193	2.5031048184915714	2.4086352408002156	2.207666857080167	1.974314136200414	2.3724589605459196	2.5427465327604875	2.092572694000759	2.455281309231429	2.1527894834605936	2.457104278859894	0.6158070761696446	-0.02613810469109006
TILD175MA_150_18_4	TILD175MA	TILD175	fold_2	epithelial_transitional	PF_ONLY	3.28519957708717	2.5260003614022604	2.3856866362385727	2.506335782928656	2.493131451702802	2.3687596166689677	2.39521923218142	2.555703273389962	2.4371252677492805	2.542205391105467	2.5429487622534563	2.543273417268553	0.7788637941585139	-0.020861488506695516
TILD175MA_150_18_5	TILD175MA	TILD175	fold_2	epithelial_transitional	PF_ONLY	3.18185693880551	2.5259990445778224	2.3978319499004077	2.4421320130627873	2.4702363490311976	2.707787397443604	2.285271202126158	2.5538523104428945	2.6437133240794335	2.5371528424778664	2.5409177210942624	2.538747018900785	0.7397249257427227	-0.02533794288048202
TILD175MA_150_18_6	TILD175MA	TILD175	fold_2	epithelial_transitional	PF_ONLY	3.5985261977154	2.525997727753384	2.433200384795746	2.568801858008387	2.433100124068426	2.533284565200496	2.3148054206138657	2.5520013474958265	2.470090190946048	2.5160612221832617	2.4067027402165513	2.513813637510382	1.029724339707013	-0.025487895367904145
TILD175MA_150_18_7	TILD175MA	TILD175	fold_2	epithelial_transitional	PF_ONLY	3.66106099978954	2.5259964109289457	2.8419252791725205	2.914064307892907	2.731223352242219	3.3064768437203584	2.5006999790023223	2.550150384548759	3.231255143292331	2.557422443820772	2.911396863386243	2.5500355705810245	0.7469966918966331	-0.022722590443359177
TILD175MA_150_18_8	TILD175MA	TILD175	fold_2	epithelial_transitional	PF_ONLY	2.99963664006773	2.5259950941045077	2.674893598551798	2.7133060506041664	2.4633709537811934	2.6040871943562323	2.4602049745914663	2.548299421601691	2.6872583662140115	2.5490096203449295	2.5900056444996573	2.5449985309729803	0.2863305894635637	-0.0338460035278314
TILD175MA_150_18_9	TILD175MA	TILD175	fold_2	epithelial_transitional	PF_ONLY	3.31004867403542	2.5259937772800694	2.76779195088085	2.775386909192614	2.870046895912895	2.9845804778128424	2.5589653061714253	2.546448458654623	3.0734782753273473	2.572939731592694	2.933962895355107	2.568044292910146	0.5346617648428058	-0.012747454997297023
TILD175MA_150_19_10	TILD175MA	TILD175	fold_2	epithelial_transitional	PF_ONLY	3.01354089996672	2.5259924062160715	2.348255493395046	2.4416169348589785	2.4372362904002762	2.4800818851404896	2.4493020370814405	2.5444297053707627	2.471359386016143	2.4957781313724654	2.411895538177547	2.4980688036085694	0.5719239651077417	-0.022531653519850557
TILD175MA_150_19_11	TILD175MA	TILD175	fold_2	epithelial_transitional	PF_ONLY	2.74734632842084	2.5259910893916335	2.474548624511173	2.4514036621009834	2.460725802493842	2.2778959810436668	2.6318861598879457	2.542578742423695	2.247675217184426	2.5661539311960078	2.2545460924022276	2.5686642235697734	0.2959426663198568	-0.020519664325200807
TILD175MA_150_19_12	TILD175MA	TILD175	fold_2	epithelial_transitional	PF_ONLY	2.65431336495753	2.525989772567195	2.4746826187909385	2.4045403298822854	2.2826372271810684	2.1276822988625947	2.375907034264294	2.540727779476627	2.0004872544431604	2.5262540511754343	2.11765696668865	2.528953232612689	0.24977303507524473	-0.03131195037895902
TILD175MA_150_19_13	TILD175MA	TILD175	fold_2	epithelial_transitional	PF_ONLY	2.88212050446878	2.525988455742757	2.364339484961743	2.600444609302554	2.476645423698551	2.578732975723693	2.4362873757066366	2.5388768165295597	2.482369869543239	2.481614590090082	2.437927499888281	2.4797350307849686	0.28167589516622593	-0.0269818157309393
TILD175MA_150_19_4	TILD175MA	TILD175	fold_2	epithelial_transitional	PF_ONLY	3.67314186397756	2.526000307162701	2.6162250963750493	2.705248660232232	2.686315398352768	2.7678648295883637	2.5373928497753893	2.55553548305317	2.511254916979437	2.5363421061901503	2.5371247926632314	2.535222502189041	0.9678932037453278	-0.017750890118580623
TILD175MA_150_19_5	TILD175MA	TILD175	fold_2	epithelial_transitional	PF_ONLY	3.53968133593272	2.5259989903382625	2.3886940325909936	2.4507603911608684	2.5649819618531473	2.7426659188770772	2.165904347839047	2.5536845201061023	2.6799746599139467	2.5238069733148216	2.601003641842832	2.52492093842796	1.0889209447718518	-0.024357129519181835
TILD175MA_150_19_6	TILD175MA	TILD175	fold_2	epithelial_transitional	PF_ONLY	3.97691780863092	2.5259976735138245	3.2556671506676134	3.079263699284013	2.7265469698206966	3.375855819311818	2.4521118680986467	2.5518335571590343	2.942628272773698	2.5793835620685774	2.5839572427263784	2.5701551633630895	0.8976541093469068	-0.02243594728887004
TILD175MA_150_19_8	TILD175MA	TILD175	fold_2	epithelial_transitional	PF_ONLY	3.16607490639628	2.525995039864948	2.4322371828089366	2.555822750613119	2.3718479107433654	2.398900654838676	2.3121032922180955	2.5481316312648987	2.6119747083607	2.460851516407967	2.4834363826682466	2.4591493363171635	0.610252155783161	-0.03409980454600836
TILD175MA_150_19_9	TILD175MA	TILD175	fold_2	epithelial_transitional	PF_ONLY	3.33517783394111	2.52599372304051	2.7138501667973958	2.5912603368397495	2.523010525066089	2.6315050659283856	2.4890863123356946	2.5462806683178307	2.440407457787393	2.561813309267944	2.454864031462788	2.561144322546561	0.7439174971013602	-0.026822063356721246
TILD175MA_150_1_11	TILD175MA	TILD175	fold_2	epithelial_transitional	PF_ONLY	3.4419936917901	2.525992065703707	2.2999583545356925	2.5481079013771915	2.7607559017539836	2.730285197206238	2.542794744353595	2.5455989684859572	2.7325337471550046	2.613838726332923	2.773342383160858	2.6135765581905757	0.8938857904129085	-0.016092582305012933
TILD175MA_150_1_12	TILD175MA	TILD175	fold_2	epithelial_transitional	PF_ONLY	3.22556419220196	2.5259907488792686	2.4193945248041846	2.4322407202557605	2.8337393013956667	3.107827588150256	2.4873395037918606	2.5437480055388897	2.9195881281281792	2.6064966588934793	2.8894230500758114	2.608179214325729	0.7933234719461995	-0.013643333241869601
TILD175MA_150_1_13	TILD175MA	TILD175	fold_2	epithelial_transitional	PF_ONLY	3.2542188246642	2.52598943205483	2.36825495669696	2.566104923063782	2.7145696823436403	2.8732073453072657	2.497309393171405	2.5418970425918217	2.6322676985990685	2.56759473526643	2.606257646469607	2.566195380644236	0.6881139016004179	-0.019025126795673194
TILD175MA_150_1_14	TILD175MA	TILD175	fold_2	epithelial_transitional	PF_ONLY	3.59108612661493	2.5259881152303922	2.997318215337249	2.9575853033172472	2.5011824904189015	2.7589718072665534	2.5008706816301802	2.540046079644754	2.645154610820585	2.5533346714098917	2.5324279458874113	2.5428499607511528	0.6335008232976826	-0.02846744880108146
TILD175MA_150_1_7	TILD175MA	TILD175	fold_2	epithelial_transitional	PF_ONLY	2.54172128006932	2.5259973330014596	2.246770305502229	2.4255404593733823	2.6628699835822447	2.8885983492090266	2.5954872420012576	2.5530028202742288	2.8951421801583264	2.5559095479552867	2.7577259750733183	2.557854286189646	0.11618082069593783	-0.022137153731955593
TILD175MA_150_1_8	TILD175MA	TILD175	fold_2	epithelial_transitional	PF_ONLY	3.51887499168085	2.525996016177021	2.6210679616874906	2.6083292940177945	2.5650262532909585	2.726854260412684	2.6048625905482012	2.5511518573271608	2.604761753375261	2.5788004135401614	2.527755049821518	2.5765419826900313	0.9105456976630557	-0.026837488126633224
TILD175MA_150_20_10	TILD175MA	TILD175	fold_2	epithelial_transitional	PF_ONLY	3.10581048605505	2.525992351976512	2.5750746113361838	2.429985664234654	2.3865897946838994	2.1873020345355263	2.4332107719647116	2.5442619150339705	2.085240890576693	2.479294704880344	2.1428073869842863	2.4813211497381396	0.6758248218203962	-0.022339560617628613
TILD175MA_150_20_11	TILD175MA	TILD175	fold_2	epithelial_transitional	PF_ONLY	2.84748041404422	2.525991035152074	2.5742977715431827	2.523377360785834	2.3567773819819284	2.161834955798069	2.5149101072284505	2.542410952086903	2.0808423367128657	2.5020521714336637	2.0676448689561204	2.503144800441254	0.32410305325838573	-0.024657431737212625
TILD175MA_150_20_12	TILD175MA	TILD175	fold_2	epithelial_transitional	PF_ONLY	2.7641982120375	2.5259897183276356	2.5006949925470665	2.493772971775472	2.3619185592763423	2.324839914927881	2.4804572511434264	2.540559989139835	2.1827098062762618	2.5168727618240725	2.217275765760168	2.518192018369928	0.27042524026202797	-0.02781156374478005
TILD175MA_150_20_13	TILD175MA	TILD175	fold_2	epithelial_transitional	PF_ONLY	3.47271116123631	2.5259884015031973	2.433492798707532	2.539364162906916	2.5293606669154114	2.601840621908002	2.3940681440450273	2.538709026192767	2.5400267048256	2.4792235905949225	2.503716360877462	2.4778293985969704	0.933346998329394	-0.02451344445050585
TILD175MA_150_20_4	TILD175MA	TILD175	fold_2	epithelial_transitional	PF_ONLY	3.32343335720859	2.5260002529231413	2.798488738757622	2.814701009563521	2.6321836117269304	2.8979333786797397	2.4840044017048153	2.5553676927163775	3.3015868808754245	2.565285037868553	3.0499319958590165	2.5601756240502693	0.5087323476450689	-0.02158999665069734
TILD175MA_150_20_5	TILD175MA	TILD175	fold_2	epithelial_transitional	PF_ONLY	3.68565443987201	2.525998936098703	2.3724890232770663	2.5034208990092828	2.6631630233308283	2.701580675591196	2.440895880234615	2.5535167297693095	2.5577264417783434	2.5500030664999307	2.571455960178784	2.551182070000434	1.1822335408627271	-0.020117689635702287
TILD175MA_150_20_8	TILD175MA	TILD175	fold_2	epithelial_transitional	PF_ONLY	3.33293155361344	2.5259949856253883	2.474567177881689	2.4169634638640396	2.3221930387471277	2.442566395416408	2.4301869123827724	2.5479638409281065	2.3228318358281435	2.466701366360553	2.2395036553238215	2.468580099429435	0.9159680897494002	-0.03929964262153712
TILD175MA_150_20_9	TILD175MA	TILD175	fold_2	epithelial_transitional	PF_ONLY	3.50312003310015	2.5259936688009503	2.474347620720871	2.524070515906348	2.5687122414623533	2.7012892956240653	2.4646201162440042	2.5461128779810385	2.547862309179025	2.5020636055753824	2.4844058282826578	2.503131976655976	0.9790495171938023	-0.027050454939447736
TILD175MA_150_21_10	TILD175MA	TILD175	fold_2	epithelial_transitional	PF_ONLY	2.94214375397365	2.5259922977369524	2.2574364511306357	2.3364989700719105	2.51462708344529	2.333469529059805	2.5008986479708684	2.544094124697178	2.324043873482619	2.527583773442443	2.4299514570784604	2.531651937513934	0.6056447839017394	-0.018238113415060667
TILD175MA_150_21_11	TILD175MA	TILD175	fold_2	epithelial_transitional	PF_ONLY	3.06782766891314	2.525990980912514	2.2913431220835	2.296961333525047	2.39399189418304	2.306591259165775	2.4023032571216913	2.5422431617501102	2.4370799733277373	2.463005993518028	2.469372728424312	2.467109364687116	0.7708663353880927	-0.023284461821986565
TILD175MA_150_21_12	TILD175MA	TILD175	fold_2	epithelial_transitional	PF_ONLY	3.38016769777735	2.525989664088076	2.453016483738055	2.4407951257964937	2.4989974260463024	2.7017842797582325	2.5265781526766316	2.5403921988030427	2.501916905421094	2.5114145930536167	2.3917087762179023	2.513127469734716	0.9393725719808561	-0.021126189328019913
TILD175MA_150_21_13	TILD175MA	TILD175	fold_2	epithelial_transitional	PF_ONLY	3.27695451068951	2.5259883472636377	2.482190764248923	2.5156146511085304	2.6523280129747397	2.793917702329712	2.466906762604343	2.5385412358559747	2.7825419919923657	2.573132615972124	2.735369694402679	2.573309482584417	0.7613398595809797	-0.022262493399504608
TILD175MA_150_21_5	TILD175MA	TILD175	fold_2	epithelial_transitional	PF_ONLY	3.40839554960148	2.5259988818591435	2.3057185169030014	2.425179174263645	2.7179531040407054	2.7914298332664624	2.4882175782829905	2.5533489394325173	2.8705400507356282	2.4813217944769015	2.9585842547268495	2.483867618459125	0.9832163753378351	-0.02054910018088877
TILD175MA_150_21_6	TILD175MA	TILD175	fold_2	epithelial_transitional	PF_ONLY	3.12863034964308	2.525997565034705	2.424803204005796	2.4623221371524786	2.7901038866526644	2.9415019953835	2.5883908591221845	2.5514979764854493	2.68399326298933	2.512491026575467	2.7651652607496437	2.5153063623120855	0.6663082124906015	-0.01671546444704343
TILD175MA_150_21_7	TILD175MA	TILD175	fold_2	epithelial_transitional	PF_ONLY	2.99862421469035	2.525996248210267	2.534768663859511	2.4351978787283644	2.76310749228143	2.814170132469526	2.5562373215868157	2.5496470135383817	2.6217500807500893	2.548073299434225	2.699815658124159	2.5503642209301183	0.5634263359619855	-0.013794223064698338
TILD175MA_150_21_8	TILD175MA	TILD175	fold_2	epithelial_transitional	PF_ONLY	3.24593582934894	2.5259949313858288	2.398046217024817	2.3894255320793727	2.5766571432831835	2.588979652150719	2.439141612115655	2.5477960505913138	2.615939947654902	2.5430298454080487	2.6702332650127754	2.5457787308640887	0.8565102972695673	-0.029558910945966764
TILD175MA_150_21_9	TILD175MA	TILD175	fold_2	epithelial_transitional	PF_ONLY	3.27231325337251	2.5259936145613904	2.264972547904353	2.2838892855032964	2.487674122336804	2.33417466836867	2.4594988921428973	2.545945087644246	2.230685104087818	2.5536572914023585	2.4191669700020175	2.558153295097442	0.9884239678692137	-0.02909503272758572
TILD175MA_150_22_10	TILD175MA	TILD175	fold_2	epithelial_transitional	PF_ONLY	3.20683815408148	2.525992243497393	2.8677472871246943	2.622098762920529	2.5171733877017033	2.680685827589693	2.5704955263787572	2.543926334360386	2.4141549932158233	2.558122879396984	2.3749904324645605	2.5576894890351105	0.5847393911609511	-0.020759990991523314
TILD175MA_150_22_11	TILD175MA	TILD175	fold_2	epithelial_transitional	PF_ONLY	3.6387988890853	2.5259909266729546	2.371279545195192	2.5819637848296897	2.5504418185843054	2.6286900910526785	2.629619905550057	2.542075371413318	2.616264624031968	2.5711355354488274	2.5758944113597697	2.571102666908979	1.0568351042556103	-0.01967056918556733
TILD175MA_150_22_12	TILD175MA	TILD175	fold_2	epithelial_transitional	PF_ONLY	3.51367656100568	2.525989609848516	2.606953737616253	2.589409951580884	2.6668272278309257	2.8392525880231085	2.61895319883071	2.5402244084662504	2.7844261992296944	2.6201065791226936	2.719772925988816	2.621153000159981	0.9242666094247958	-0.018865307685489205
TILD175MA_150_22_6	TILD175MA	TILD175	fold_2	epithelial_transitional	PF_ONLY	2.58494569194976	2.5259975107951456	2.2919476948711868	2.428753193072632	2.848919004113756	3.021798756511237	2.650377485202679	2.551330186148657	3.4015216889713598	2.5791057396468533	3.3291055099584055	2.5825593282730295	0.15619249887712794	-0.01803525846886079
TILD175MA_150_22_7	TILD175MA	TILD175	fold_2	epithelial_transitional	PF_ONLY	2.92416433511804	2.525996193970707	2.6034910022630386	2.448224410247649	2.9261949645796492	3.0798115010210663	2.5239627106253812	2.5494792232015895	3.062524248220451	2.57665392429593	3.1567896121295123	2.579500842599512	0.4759399248703913	-0.013807956961380114
TILD175MA_150_22_8	TILD175MA	TILD175	fold_2	epithelial_transitional	PF_ONLY	3.37846066906955	2.5259948771462692	2.365800710233311	2.3920865093143338	2.587612295537061	2.5775881778227197	2.5115715353107566	2.5476282602545215	2.4880868305630544	2.5083740673842234	2.5698221912249664	2.511030412003489	0.9863741597552163	-0.023173288558281338
TILD175MA_150_22_9	TILD175MA	TILD175	fold_2	epithelial_transitional	PF_ONLY	3.32670168440567	2.525993560321831	2.807276649611421	2.627918969639396	2.668788616321391	2.835397676373864	2.579274241778517	2.545777297307454	2.7529742342227492	2.589325003461611	2.792773516219044	2.589435684893552	0.6987827147662737	-0.025333277985678086
TILD175MA_150_23_8	TILD175MA	TILD175	fold_2	epithelial_transitional	PF_ONLY	3.85353102264178	2.5259948229067097	2.5299559489305192	2.3733318848769596	2.718308550292687	2.725270762579935	2.704167999512402	2.5474604699177292	2.6571004094720263	2.525854321032188	2.7588306432752328	2.53000591019661	1.4801991377648203	-0.021470769048216667
TILD175MA_150_23_9	TILD175MA	TILD175	fold_2	epithelial_transitional	PF_ONLY	3.47938031959711	2.5259935060822714	2.1666126742971685	2.2166556246104894	2.8525309850527747	2.957226032053161	2.650819822166678	2.5456095069706612	2.5977081017080725	2.5987934228069984	2.774193879442833	2.6044485844187166	1.2627246949866207	-0.020309655630167216
TILD175MA_150_2_10	TILD175MA	TILD175	fold_2	epithelial_transitional	PF_ONLY	2.71412647823222	2.5259933282885854	2.5443272751184423	2.5562032184779606	2.791506317520261	3.0057432106601163	2.5361070507024186	2.547282141096233	3.095059880986559	2.5789900165068183	2.9342072478943306	2.579368126421625	0.15792325975425925	-0.017528762977095977
TILD175MA_150_2_12	TILD175MA	TILD175	fold_2	epithelial_transitional	PF_ONLY	2.84743731848678	2.525990694639709	2.561380885848215	2.6405536969296066	2.6265051513696585	2.64580233114401	2.5429086623471524	2.5435802152020974	2.5711671549891224	2.569790845531509	2.613876071581095	2.566322115615017	0.20688362155717321	-0.018711143010706713
TILD175MA_150_2_6	TILD175MA	TILD175	fold_2	epithelial_transitional	PF_ONLY	2.82106440731132	2.525998595586338	2.7810725211631677	2.6773757269083513	2.5632835710234367	2.6443903925281256	2.5676341264312894	2.554685992884504	2.8428961548530562	2.5338578042111752	2.756481350718021	2.5326323350963933	0.14368868040296867	-0.02402912922072125
TILD175MA_150_2_9	TILD175MA	TILD175	fold_2	epithelial_transitional	PF_ONLY	3.58155722232307	2.5259946451130233	2.3969556215608216	2.6258861377245353	2.91948627806092	3.3252784157863315	2.593408520375868	2.5491331040433005	3.2489673427730503	2.5752298578213746	3.0972070339739206	2.5727095592997418	0.9556710845985346	-0.016571512610725463
TILD175MA_150_3_6	TILD175MA	TILD175	fold_2	epithelial_transitional	PF_ONLY	3.16706219851716	2.5259985413467785	2.666799432216209	2.670626261367878	2.882722900963585	3.3712663892774963	2.562849208777074	2.554518202547712	3.129506552076559	2.6336574275989832	2.9255437321962687	2.6318611031196855	0.49643593714928214	-0.015804846881121083
TILD175MA_150_3_7	TILD175MA	TILD175	fold_2	epithelial_transitional	PF_ONLY	3.25928193594003	2.52599722452234	2.6500205183802987	2.6034256576021986	2.4883357058065463	2.5807133850062383	2.4910572008916247	2.5526672396006442	2.3215809663528737	2.5202460035146292	2.3007646612811357	2.518328077714388	0.6558562783378314	-0.025904770282590403
TILD175MA_150_3_8	TILD175MA	TILD175	fold_2	epithelial_transitional	PF_ONLY	3.21710633944914	2.525995907697902	2.469502980324189	2.5686971094454756	2.5903764578665402	2.6620698981888897	2.657188249875749	2.5508162766535762	2.5579638270799787	2.569044391492258	2.6130081218557746	2.5679964182914765	0.6484092300036646	-0.024340924837659844
TILD175MA_150_3_9	TILD175MA	TILD175	fold_2	epithelial_transitional	PF_ONLY	3.61864793280169	2.525994590873464	2.843654057152147	2.6361479387145197	2.842382078732983	3.342369647202881	2.5677923262304336	2.5489653137065083	3.110401597119033	2.5697980015674737	3.0092938561650677	2.5669036345285736	0.9824999940871701	-0.02078978980006948
TILD175MA_150_4_6	TILD175MA	TILD175	fold_2	epithelial_transitional	PF_ONLY	3.32071099098212	2.525998487107219	2.7960515354148336	2.658380010476783	2.5715488863013114	2.804754011589305	2.5245372534599904	2.5543504122109195	2.642285725935235	2.5872675983354254	2.484403127941388	2.5852379730920996	0.6623309805053368	-0.020880219432721864
TILD175MA_150_4_7	TILD175MA	TILD175	fold_2	epithelial_transitional	PF_ONLY	3.70984499010353	2.5259971702827806	2.417420429449357	2.4882089355842347	2.646552615875316	2.7542937463199	2.526389792698342	2.5524994492638515	2.6060810575791744	2.5183582538960714	2.569492580407434	2.51809252141229	1.2216360545192955	-0.019417646151059793
TILD175MA_150_4_9	TILD175MA	TILD175	fold_2	epithelial_transitional	PF_ONLY	3.31498351776749	2.5259945366339043	2.5881622092788845	2.557795319337737	2.5192514553882175	2.4130530964823445	2.5814027040226772	2.548797523369716	2.3497121550600513	2.5448164018489847	2.447729821367425	2.5435665544670556	0.7571881984297528	-0.025066523007462052
TILD175MA_150_5_15	TILD175MA	TILD175	fold_2	epithelial_transitional	PF_ONLY	2.77514321390419	2.5259865814477154	2.655006849484361	2.608448121195989	2.508507942904772	2.4944350509819633	2.4469104734074136	2.5375239553505167	2.613364865059869	2.5529601005792273	2.5576553788340837	2.5497693921731	0.16669509270820093	-0.02484132914199995
TILD175MA_150_5_16	TILD175MA	TILD175	fold_2	epithelial_transitional	PF_ONLY	3.28382596706139	2.5259852646232774	2.374282187418495	2.4034387442296015	2.6121922130362676	2.527698271977465	2.5229795158267865	2.535672992403449	2.574155072269944	2.5662489461812514	2.7260822616273717	2.567781302661955	0.8803872228317884	-0.014881084098215744
TILD175MA_150_5_17	TILD175MA	TILD175	fold_2	epithelial_transitional	PF_ONLY	3.89046906746369	2.525983947798839	2.0980019863022434	2.2078954679266904	2.620492275970202	2.4052132409294247	2.630103168132662	2.533822029456381	2.677735503106354	2.594849458986572	2.79622581372037	2.598667153128211	1.6825735995369997	-0.016546258090241125
TILD175MA_150_5_6	TILD175MA	TILD175	fold_2	epithelial_transitional	PF_ONLY	3.78355682313598	2.525998432867659	2.504699426760059	2.4705896894972867	2.6881752541024673	2.875478857981728	2.5092474086408028	2.5541826218741273	3.0064735246918572	2.5799287072170447	2.7974553516410277	2.5795239287796456	1.3129671336386934	-0.016042167945693867
TILD175MA_150_5_7	TILD175MA	TILD175	fold_2	epithelial_transitional	PF_ONLY	3.25138306655223	2.525997116043221	2.754082925844378	2.6194221847784247	2.4275874777863224	2.3076801834294915	2.56333467140613	2.5523316589270593	2.501662458850186	2.553338541417474	2.4354874369474278	2.5516925875448244	0.6319608817738054	-0.02382771181022596
TILD175MA_150_5_8	TILD175MA	TILD175	fold_2	epithelial_transitional	PF_ONLY	3.04045800110893	2.5259957992187827	2.516929725002219	2.5358405791001446	2.574085429726014	2.5438775474500677	2.624695334665958	2.5504806959799917	2.4791409771861	2.549238053188973	2.4986851372562286	2.549341702383755	0.5046174220087853	-0.028194746650510492
TILD175MA_150_5_9	TILD175MA	TILD175	fold_2	epithelial_transitional	PF_ONLY	3.43986761973607	2.5259944823943448	2.479592950232788	2.4701279301489625	2.7548871615081665	2.853646416978538	2.6017147877063707	2.5486297330329237	2.6212136947548745	2.5650203699086176	2.739336571998479	2.5661592949581276	0.9697396895871075	-0.018716951424568442
TILD175MA_150_6_15	TILD175MA	TILD175	fold_2	epithelial_transitional	PF_ONLY	2.57572440082091	2.525986527208156	2.5081152976462846	2.598884899339934	2.4763581870714586	2.485071246258388	2.4059234162084646	2.5373561650137244	2.5398247491785364	2.54090104738146	2.543235297157776	2.5386463229361556	-0.02316049851902413	-0.026203995290683603
TILD175MA_150_6_16	TILD175MA	TILD175	fold_2	epithelial_transitional	PF_ONLY	3.00394211677913	2.5259852103837175	2.55329723889134	2.4509928694192995	2.561658937738984	2.301075818086855	2.6440695389399305	2.5355052020666564	2.4555195342918488	2.616631460467139	2.584290315802001	2.617961971027434	0.5529492473598303	-0.016840743924520542
TILD175MA_150_6_17	TILD175MA	TILD175	fold_2	epithelial_transitional	PF_ONLY	3.17683660862335	2.5259838935592795	2.257024882782827	2.35573297683064	2.5488558006007276	2.4271904373688207	2.6668327438075448	2.533654239119589	2.2984969087420484	2.596303376629412	2.4338037660345746	2.598666546834383	0.8211036317927101	-0.01680856987857732
TILD175MA_150_6_3	TILD175MA	TILD175	fold_2	epithelial_transitional	PF_ONLY	2.62080668073519	2.526002329101414	2.5533164501498975	2.553161347936809	2.6053505798472836	2.4865069150270176	2.522966397886999	2.559567720378538	2.4760413272482893	2.566596371401761	2.662615905785806	2.568478990213017	0.06764533279838103	-0.02486550799261248
TILD175MA_150_6_6	TILD175MA	TILD175	fold_2	epithelial_transitional	PF_ONLY	3.78587102247691	2.5259983786280995	2.442477111647975	2.3530152838952283	2.7970206922304035	2.9735311114663574	2.6146272590719306	2.5540148315373346	3.1167046804470844	2.6305638845823993	3.022954086866457	2.634279449842249	1.4328557385816816	-0.015242648747886554
TILD175MA_150_6_7	TILD175MA	TILD175	fold_2	epithelial_transitional	PF_ONLY	3.67359419025934	2.5259970618036616	2.483400703266816	2.5142940496420145	2.480138916214384	2.534765708998695	2.6037995151924616	2.552163868590267	2.4248042957602776	2.568635080309936	2.427217009113478	2.56906721047185	1.1593001406173253	-0.02620119449359344
TILD175MA_150_6_8	TILD175MA	TILD175	fold_2	epithelial_transitional	PF_ONLY	3.75303516566679	2.525995744979223	2.7721825681406416	2.5818075931813707	2.711245570466962	2.857187905508764	2.638717593246695	2.550312905643199	2.7618930772134953	2.563409744916045	2.719294939704898	2.5623755008375055	1.1712275724854195	-0.022465188684923657
TILD175MA_150_7_13	TILD175MA	TILD175	fold_2	epithelial_transitional	PF_ONLY	2.67396471296413	2.5259891066174727	2.434076053528504	2.474574056761454	2.345852237836455	2.167858793945997	2.4794329791642733	2.5408903005710677	2.2493407061491903	2.5018497726047504	2.2836782475386044	2.502295363126795	0.19939065620267638	-0.028102618467245304
TILD175MA_150_7_14	TILD175MA	TILD175	fold_2	epithelial_transitional	PF_ONLY	2.57042709789267	2.5259877897930343	2.4490770275952105	2.5195975439316407	2.409860749375743	2.2139479974525815	2.4878325096193104	2.5390393376239997	2.4571388602147275	2.5394440875421354	2.4589068588728598	2.5379082167488964	0.050829553961029283	-0.030494623866419962
TILD175MA_150_7_15	TILD175MA	TILD175	fold_2	epithelial_transitional	PF_ONLY	3.1049574751269	2.5259864729685964	2.658637376361599	2.597637773850497	2.412478589456027	2.440208990505094	2.509273962868759	2.537188374676932	2.5632215147065907	2.5508212563426036	2.5267858077427454	2.5470099278993827	0.5073197012764026	-0.023856621582980048
TILD175MA_150_7_16	TILD175MA	TILD175	fold_2	epithelial_transitional	PF_ONLY	2.8914466860387	2.525985156144158	2.3882767376864216	2.4540751224476027	2.5099718387194643	2.3332514190427522	2.655573668691489	2.535337411729864	2.4739206179722664	2.5891522708493975	2.528262270703972	2.5898444655717605	0.4373715635910971	-0.02085274618863075
TILD175MA_150_7_17	TILD175MA	TILD175	fold_2	epithelial_transitional	PF_ONLY	2.66034257053153	2.52598383931972	2.408190208908031	2.427907175845243	2.5990799883001205	2.576817643784853	2.6925986360569856	2.5334864487827966	2.4812952554971015	2.607647172288726	2.6061697304156777	2.6094722824582686	0.23243539468628693	-0.01895898992016163
TILD175MA_150_7_2	TILD175MA	TILD175	fold_2	epithelial_transitional	PF_ONLY	3.08683489874951	2.5260035916862926	2.577277079586709	2.4980994469913895	2.690123889588541	2.809824277958512	2.6926379400472	2.561250892988814	2.734724073105852	2.6137648347095577	2.7964859605701373	2.616488399467433	0.5887354517581205	-0.021697227275259016
TILD175MA_150_7_3	TILD175MA	TILD175	fold_2	epithelial_transitional	PF_ONLY	2.92117765343442	2.5260022748618547	2.732745201925395	2.587903551926682	2.845336662128435	2.9110882722732123	2.742611627475106	2.559399930041746	3.0888595686862472	2.638675057358101	3.031426625019755	2.6395467327300635	0.33327410150773806	-0.012423435579146982
TILD175MA_150_8_13	TILD175MA	TILD175	fold_2	epithelial_transitional	PF_ONLY	2.77629188422046	2.525989052377913	2.446303817825081	2.4145010198449395	2.3724905438829613	2.142804196708125	2.479107238490627	2.5407225102342754	2.288190494922244	2.5032087599025554	2.3337628245886064	2.504873244922907	0.36179086437552055	-0.02620672031863732
TILD175MA_150_8_14	TILD175MA	TILD175	fold_2	epithelial_transitional	PF_ONLY	2.63031459435233	2.5259877355534748	2.602088525074396	2.577319966633803	2.335930026732935	2.2635425795099264	2.4682023503495016	2.5388715472872074	2.1733335763509873	2.5341192560017025	2.192804724447054	2.5314596356451093	0.05299462771852692	-0.03143581687708928
TILD175MA_150_8_15	TILD175MA	TILD175	fold_2	epithelial_transitional	PF_ONLY	2.83741099387154	2.5259864187290364	2.7004364838079673	2.6447222334075624	2.4517427267841425	2.480108249350248	2.481809397201673	2.53702058434014	2.62860925274523	2.5312017357799075	2.5760722399993616	2.5265153354480128	0.19268876046397754	-0.022678729103285326
TILD175MA_150_8_16	TILD175MA	TILD175	fold_2	epithelial_transitional	PF_ONLY	2.8842045742269	2.5259851019045985	2.411941648672413	2.498925748308958	2.568687162125205	2.538302248297836	2.6325674911506396	2.535169621393072	2.6547166414685557	2.566493793249397	2.6716558077644357	2.566242367235039	0.3852788259179416	-0.01933784521096779
TILD175MA_150_8_17	TILD175MA	TILD175	fold_2	epithelial_transitional	PF_ONLY	2.37088166351509	2.52598378508016	2.3960494124293645	2.390711834920956	2.543117600050981	2.328097607277888	2.626860318313055	2.533318658446004	2.312318644493088	2.575027669323297	2.4653773881774144	2.5771557736930695	-0.019830171405865737	-0.018625940120391146
TILD175MA_150_8_18	TILD175MA	TILD175	fold_2	epithelial_transitional	PF_ONLY	1.98847395508957	2.525982468255722	2.3866296278399295	2.4694416288074534	2.5762185084017806	2.4612308147267976	2.745007851580808	2.5314676954989364	2.4634148294836757	2.5885810206255195	2.6249909557219495	2.5896727936440485	-0.4809676737178834	-0.020509352698820524
TILD175MA_150_8_3	TILD175MA	TILD175	fold_2	epithelial_transitional	PF_ONLY	3.12439604833736	2.5260022206222947	2.5553708064138143	2.583261657033767	2.6051608942727853	2.569766052166489	2.584430112875268	2.5592321397049536	2.7187863162982384	2.560531520111251	2.73729690629295	2.5616171245900943	0.5411343913035926	-0.02078500813642186
TILD175MA_150_9_12	TILD175MA	TILD175	fold_2	epithelial_transitional	PF_ONLY	2.60818917513828	2.5259903149627916	2.6161554539960257	2.5252423100292978	2.5775480809565696	2.6963299318805696	2.5239054759294755	2.5424056828445507	2.5360205417387203	2.5622933514278916	2.6220712754181554	2.5632719609917163	0.08294686510898241	-0.019105386415638227
TILD175MA_150_9_13	TILD175MA	TILD175	fold_2	epithelial_transitional	PF_ONLY	2.6724277748041	2.525988998138353	2.440062271276774	2.448957298264809	2.412041895722187	2.2865673692882518	2.411134042908955	2.540554719897483	2.316478371485162	2.541848968790151	2.362265023235893	2.5431993002438924	0.22347047653929097	-0.02588901886651493
TILD175MA_150_9_14	TILD175MA	TILD175	fold_2	epithelial_transitional	PF_ONLY	2.72273126452649	2.5259876813139153	2.479805795541554	2.546303560578348	2.4239158167065984	2.26355106921953	2.3714423735368224	2.538703756950415	2.3659645430089267	2.533348109645494	2.3648434051318836	2.532291508837102	0.1764277039481419	-0.030844460589677047
TILD175MA_150_9_15	TILD175MA	TILD175	fold_2	epithelial_transitional	PF_ONLY	2.86057192159132	2.525986364489477	2.577807463705632	2.6327863309102786	2.629643011948134	2.764865573643714	2.5097929992581203	2.536852794003347	2.7793366631461107	2.5413204718878246	2.765280304906781	2.538548458419469	0.22778559068104132	-0.025291732241579497
TILD175MA_150_9_16	TILD175MA	TILD175	fold_2	epithelial_transitional	PF_ONLY	2.45917371397328	2.525985047665039	2.6176256552418646	2.587451528059908	2.7039987120174467	2.7180946114108027	2.5907163528725525	2.5350018310562796	3.0226114204344943	2.6152687758290374	2.947392099518015	2.61411573123275	-0.12827781408662808	-0.01682701984815304
TILD175MA_150_9_17	TILD175MA	TILD175	fold_2	epithelial_transitional	PF_ONLY	2.82161238056179	2.5259837308406006	2.4560698050737786	2.4974628561535	2.5066240790930765	2.2917180584074175	2.512527173201748	2.5331508681092116	2.540239469078617	2.5644761255922996	2.6299162402353704	2.5649128550246028	0.3241495244082899	-0.01907260443777369
TILD175MA_150_9_18	TILD175MA	TILD175	fold_2	epithelial_transitional	PF_ONLY	2.86640114763534	2.525982414016162	2.436285230759595	2.4456952448197486	2.5452235799817884	2.405300750393639	2.7263098280542577	2.531299905162144	2.5012727604533924	2.576536291237893	2.645721661756688	2.577503345333915	0.4207059028155915	-0.020220123627755916
TILD175MA_150_9_3	TILD175MA	TILD175	fold_2	epithelial_transitional	PF_ONLY	2.9495633007954	2.5260021663827352	2.586410015676637	2.5248175244714295	2.611818042950802	2.70051641103862	2.4388180831228947	2.5590643493681613	2.6562833815133122	2.554262348287227	2.746783391285969	2.555903673381149	0.4247457763239706	-0.02360920756690508
VUILD104MA1_150_10_19	VUILD104MA1	VUILD104	fold_2	epithelial_transitional	PF_ONLY	1.58194315229851	2.5259860267521157	2.280999323150025	2.547402595633878	2.244735158297717	2.0094011998526913	2.416413197023071	2.532496132855195	1.8101668212333508	2.448475247260983	1.8899819597926382	2.447327059121312	-0.9654594433353683	-0.0327339720999084
VUILD104MA1_150_10_20	VUILD104MA1	VUILD104	fold_2	epithelial_transitional	PF_ONLY	2.328385145245	2.5259849712826314	2.6004203169998616	2.606856285965122	2.3899634380091013	2.294305083827413	2.52771879752745	2.53084072325892	1.9934721864007496	2.5060216998960736	2.0848329771966765	2.502999590784564	-0.2784711407201219	-0.03000259945410562
VUILD104MA1_150_10_24	VUILD104MA1	VUILD104	fold_2	epithelial_transitional	PF_ONLY	2.21546911097925	2.5259807494046953	2.280882842128178	2.469747683923446	2.838173737676066	2.990348505121103	2.6151825890296556	2.524219084873821	2.9304610880913495	2.5643486347426663	2.863419136901843	2.563231295750901	-0.25427857294419587	-0.01584819847148311
VUILD104MA1_150_11_11	VUILD104MA1	VUILD104	fold_2	epithelial_transitional	PF_ONLY	2.41251664964311	2.525994405542556	2.6297792909880227	2.51902471149764	2.23355424251108	2.060329035456751	2.4243051034389214	2.5455808548817584	2.1281560512901105	2.480919365811295	2.127034169997046	2.4786286291589352	-0.10650806185452977	-0.029967876681462627
VUILD104MA1_150_11_12	VUILD104MA1	VUILD104	fold_2	epithelial_transitional	PF_ONLY	2.03348851845762	2.525993350073072	2.2960588594769518	2.388257858548141	2.211620611174028	1.98479325766824	2.458353738446921	2.543925445285484	2.2543983903708567	2.4849968023754605	2.266822328646115	2.48644949582973	-0.35476934009052075	-0.031080823620923462
VUILD104MA1_150_11_13	VUILD104MA1	VUILD104	fold_2	epithelial_transitional	PF_ONLY	2.36366996055234	2.5259922946035878	2.4268563550627182	2.430665950813567	2.422211551274308	2.450922497116518	2.473812476049844	2.5422700356892087	2.130789140502137	2.5033371241012143	2.2464057280824385	2.5046360378963652	-0.06699599026122671	-0.029618175555379107
VUILD104MA1_150_11_14	VUILD104MA1	VUILD104	fold_2	epithelial_transitional	PF_ONLY	1.98558825202052	2.525991239134104	2.4436598411112094	2.3458326959487654	2.194892460460724	1.941863048052616	2.4857416174144142	2.540614626092934	2.1843638882016925	2.4165445991129046	2.2281694979514217	2.4186088901727505	-0.3602444439282455	-0.036695982455443366
VUILD104MA1_150_11_15	VUILD104MA1	VUILD104	fold_2	epithelial_transitional	PF_ONLY	1.96917505291322	2.52599018366462	2.5038375317605754	2.5784218524406364	2.365370131415368	2.2928783866613154	2.543181301594823	2.538959216496659	1.9891171215841852	2.4258201046460193	2.0098899387788896	2.425132160118796	-0.6092467995274164	-0.033295573215866174
VUILD104MA1_150_11_17	VUILD104MA1	VUILD104	fold_2	epithelial_transitional	PF_ONLY	2.30712775967244	2.525988072725652	2.438093568217893	2.4955888644485817	2.3185623656148744	2.1680220431456116	2.4968829547815865	2.5356483973041093	2.414870473347447	2.4913508529196484	2.441782125488323	2.491355774375913	-0.18846110477614175	-0.02554868987929671
VUILD104MA1_150_11_18	VUILD104MA1	VUILD104	fold_2	epithelial_transitional	PF_ONLY	2.28946211726193	2.525987017256168	2.5599085789095497	2.6465376568030132	2.4676783263324182	2.4868724607925285	2.488510354097053	2.5339929877078347	2.5946926091943956	2.464709784249851	2.565582535022163	2.4610575722092847	-0.3570755395410834	-0.02543994634110627
VUILD104MA1_150_11_19	VUILD104MA1	VUILD104	fold_2	epithelial_transitional	PF_ONLY	2.13066505143472	2.525985961786684	2.47398676750485	2.587898994257635	2.4573506778340275	2.456590728147659	2.526305468704823	2.5323375781115596	2.2435825658668986	2.4831315606793023	2.230660014524765	2.478899989491002	-0.45723394282291485	-0.026326203832009214
VUILD104MA1_150_11_20	VUILD104MA1	VUILD104	fold_2	epithelial_transitional	PF_ONLY	2.57930304456872	2.5259849063171997	2.5935371156085565	2.5981700100690865	2.369556114252358	2.298534087682935	2.5074764294659415	2.530682168515285	2.0851291234721083	2.522374158204405	2.1333428697574477	2.5187939007669553	-0.018866965500366373	-0.03172431065269635
VUILD104MA1_150_11_21	VUILD104MA1	VUILD104	fold_2	epithelial_transitional	PF_ONLY	1.7083723089106	2.525983850847716	2.470100724573903	2.5876707270991415	2.348345895173326	2.2058647354049703	2.548651907294822	2.5290267589190103	2.4732039201404374	2.481219282230075	2.3804933813791798	2.4782905379001625	-0.8792984181885415	-0.03443762544485315
VUILD104MA1_150_11_23	VUILD104MA1	VUILD104	fold_2	epithelial_transitional	PF_ONLY	2.29507680384763	2.525981739908748	2.450750943300427	2.5820872428605997	2.6614785156872216	2.6543355781757563	2.574246958873004	2.5257159397264606	2.681952333499932	2.585667917565593	2.6802492135090996	2.5835295353059027	-0.2870104390129695	-0.020470379951519804
VUILD104MA1_150_12_23	VUILD104MA1	VUILD104	fold_2	epithelial_transitional	PF_ONLY	2.00521025528517	2.525981674943316	2.3752777567925194	2.4449333270060274	2.515956622286796	2.367493648789751	2.5204813727379896	2.5255573849828252	2.5066401182949187	2.5206601800370647	2.54494130050411	2.5199689926234234	-0.43972307172085756	-0.023635084454335698
VUILD104MA1_150_13_23	VUILD104MA1	VUILD104	fold_2	epithelial_transitional	PF_ONLY	1.86226934382171	2.525981609977885	2.3595248875583508	2.496300288719847	2.3836234785871664	2.1406196812729243	2.477620286271966	2.5253988302391903	2.1913295399650172	2.5107080627711618	2.2713590992040564	2.5085251499483987	-0.6340309448981369	-0.025549629053729903
VUILD104MA1_150_13_24	VUILD104MA1	VUILD104	fold_2	epithelial_transitional	PF_ONLY	1.71558287542502	2.5259805545084006	2.859245138651014	2.7272999902750477	2.4024246229944373	2.2940431519840283	2.436786093220836	2.5237434206429152	2.448275122701119	2.5013458966105406	2.439789201795523	2.495014682306974	-1.0117171148500277	-0.02433357037389343
VUILD104MA1_150_14_22	VUILD104MA1	VUILD104	fold_2	epithelial_transitional	PF_ONLY	2.88848149677107	2.525982600481937	2.5204232581680808	2.577229030447591	2.569359013067061	2.61468130620815	2.5205626778363825	2.52689568509183	2.484512559480889	2.531128703328341	2.4841663397250353	2.5288021636448708	0.311252466323479	-0.02207767161330264
VUILD104MA1_150_14_23	VUILD104MA1	VUILD104	fold_2	epithelial_transitional	PF_ONLY	2.156096339346	2.525981545012453	2.355632396794168	2.4427561836889695	2.5131759351721517	2.3677208598699666	2.4816656179821903	2.525240275495555	2.449032752183391	2.544092940003133	2.5109032211810765	2.5438930552220658	-0.28665984434296954	-0.02300831212752429
VUILD104MA1_150_14_24	VUILD104MA1	VUILD104	fold_2	epithelial_transitional	PF_ONLY	2.5861791556474	2.525980489542969	2.3297146449213018	2.27109156894004	2.534382393267986	2.4592155625469028	2.4965015820732255	2.5235848658992803	2.401570143377731	2.5197790004034704	2.515742222135966	2.520927468520013	0.3150875867073597	-0.022377873240160443
VUILD104MA1_150_15_10	VUILD104MA1	VUILD104	fold_2	epithelial_transitional	PF_ONLY	2.69875339726537	2.5259952011503137	2.2831518625016063	2.360022512992169	2.378182051616108	2.26403110858616	2.5267155648036614	2.546602045503493	2.501990058855484	2.4935218563292993	2.5860224311470574	2.495295729895559	0.33873088427320086	-0.03327755819215792
VUILD104MA1_150_15_20	VUILD104MA1	VUILD104	fold_2	epithelial_transitional	PF_ONLY	2.99504650282125	2.5259846464554734	2.358670649988319	2.414935447212481	2.4719482474364436	2.296518178911053	2.485521911605399	2.5300479495407444	2.368567069462197	2.4965119656936325	2.4967643366098358	2.4963464551473025	0.5801110556087687	-0.026147285901658268
VUILD104MA1_150_15_21	VUILD104MA1	VUILD104	fold_2	epithelial_transitional	PF_ONLY	2.04365900546041	2.5259835909859896	2.4441893654369906	2.4270872716861116	2.244521293924393	2.10497106865383	2.490335280772267	2.5283925399444698	2.355639547395055	2.4664855694850667	2.3266445314254325	2.465290353581402	-0.3834282662257018	-0.036834187914834164
VUILD104MA1_150_15_23	VUILD104MA1	VUILD104	fold_2	epithelial_transitional	PF_ONLY	2.61405305011491	2.5259814800470215	2.5038907061788938	2.3985544497947497	2.4235200093675875	2.1709829355771113	2.5246841225554735	2.52508172075192	2.2409383842641044	2.5196807731696484	2.348100510061943	2.5187288409862543	0.21549860032016044	-0.02315495868962171
VUILD104MA1_150_15_24	VUILD104MA1	VUILD104	fold_2	epithelial_transitional	PF_ONLY	2.37446246474916	2.5259804245775377	2.036012705683439	2.219291065910943	2.537073191745582	2.4778194065457604	2.7288332495843037	2.5234263111556454	2.7484470044289155	2.5913444630054596	2.7817452453490956	2.5934938206715574	0.15517139883821685	-0.021614831992947236
VUILD104MA1_150_16_16	VUILD104MA1	VUILD104	fold_2	epithelial_transitional	PF_ONLY	2.58394146001688	2.525988803367978	2.6889732895122234	2.593483539779341	2.5982608957607893	2.6202048654743555	2.6413751048679113	2.536511033182209	2.7395231213560547	2.591689142951139	2.6450644606228764	2.587858988553542	-0.009542079762461242	-0.021419775427938804
VUILD104MA1_150_16_17	VUILD104MA1	VUILD104	fold_2	epithelial_transitional	PF_ONLY	1.53147133864667	2.525987747898494	2.69763893236348	2.6053851393554925	2.3932235473547285	2.216107537067178	2.502531589242496	2.534855623585934	2.5371253601206023	2.5582657153675235	2.5858148641046514	2.553751493088302	-1.0739138007088225	-0.026048569912355084
VUILD104MA1_150_5_11	VUILD104MA1	VUILD104	fold_2	epithelial_transitional	PF_ONLY	1.91556158160539	2.5259947953351456	2.722064582982702	2.561000597573404	2.6906564178496533	2.8182132791622183	2.594347844007827	2.5465321833435692	2.7013865784171376	2.5400664094571925	2.689618824729207	2.5405997405308547	-0.6454390159680141	-0.020689768366658614
VUILD104MA1_150_6_11	VUILD104MA1	VUILD104	fold_2	epithelial_transitional	PF_ONLY	1.85789364319803	2.525994730369714	2.4150637299178674	2.4425333656173644	2.3098558508130225	2.018542478251895	2.553485631104522	2.546373628599934	2.372461852852796	2.5061058991747722	2.492875878516459	2.50778483221669	-0.5846397224193345	-0.027804697351585434
VUILD104MA1_150_7_11	VUILD104MA1	VUILD104	fold_2	epithelial_transitional	PF_ONLY	1.91307664972853	2.525994665404282	2.5892385266701115	2.4698099768303843	2.3085287468170477	2.0139928699806244	2.5167214793401618	2.546215073856299	2.15903214154162	2.4878690993331594	2.334135351259649	2.4887614431622853	-0.5567333271018542	-0.02692894358215508
VUILD104MA1_150_7_9	VUILD104MA1	VUILD104	fold_2	epithelial_transitional	PF_ONLY	1.73730613119108	2.5259967763432503	2.7748199536397014	2.6562521748850747	2.3441068076550478	2.334333494503135	2.498566619555837	2.5495258930488487	2.2924440334943537	2.4480753659866634	2.3144126074942686	2.4454326209450263	-0.9189460436939947	-0.03785960089153628
VUILD104MA1_150_8_12	VUILD104MA1	VUILD104	fold_2	epithelial_transitional	PF_ONLY	2.52062398440335	2.5259935449693667	2.2017425676343834	2.303746270701947	2.4659251841414696	2.389614949579925	2.5429931550337135	2.544401109516389	2.5822100908870502	2.488403965889308	2.645082414217495	2.491603018257666	0.21687771370140307	-0.025230635073642257
VUILD104MA1_150_8_7	VUILD104MA1	VUILD104	fold_2	epithelial_transitional	PF_ONLY	2.36111924577038	2.5259988223167866	2.577338576700433	2.4727234780017295	2.7028620444924294	2.9191457010575435	2.5657452769469735	2.552678157497763	2.7945239916551246	2.5212326444792974	2.7843251631322246	2.5228040655757233	-0.11160423223134952	-0.02647698267910167
VUILD104MA1_150_8_8	VUILD104MA1	VUILD104	fold_2	epithelial_transitional	PF_ONLY	2.76072515441634	2.525997766847303	2.476521755630639	2.5743978705995776	2.491521305908603	2.4992847412494297	2.58681110966524	2.5510227479014884	2.391406980220319	2.5108542279233586	2.4262500511939034	2.509869943145714	0.18632728381676245	-0.032088578738153004
VUILD104MA1_150_8_9	VUILD104MA1	VUILD104	fold_2	epithelial_transitional	PF_ONLY	2.63205230763497	2.5259967113778186	2.4517181780437616	2.578256260180528	2.52157880845395	2.547034655596827	2.5781833508406997	2.5493673383052133	2.487863942241358	2.518346862833447	2.499901272610732	2.5173686844347487	0.053796047454441887	-0.03524098544979933
VUILD104MA1_150_9_8	VUILD104MA1	VUILD104	fold_2	epithelial_transitional	PF_ONLY	2.01439080206106	2.525997701881871	2.6679683965852803	2.6028457707068298	2.422991984351319	2.426087829502759	2.578978191070518	2.550864193157853	2.283938752464684	2.4990659034279386	2.3332058180967983	2.4956767273937897	-0.5884549686457698	-0.032255835707962324
VUILD104MA2_150_10_11	VUILD104MA2	VUILD104	fold_2	epithelial_transitional	PF_ONLY	1.9560292203955	2.5259927799617925	2.8793345388303515	3.0017593349838174	2.5224105880894068	2.7060597936541053	2.620793013919102	2.5426406727441435	2.942900348525386	2.5545932277343675	2.702269938884026	2.5423950258297543	-1.0457301145883173	-0.023529034123419452
VUILD104MA2_150_10_14	VUILD104MA2	VUILD104	fold_2	epithelial_transitional	PF_ONLY	2.30056323667102	2.525989138064338	2.537942804554509	2.551866184045246	2.5569885565379797	2.4938628979722313	2.604350964328723	2.537318669303937	2.817746918231779	2.520611646554246	2.7669376865602375	2.520003320397873	-0.2513029473742261	-0.020909156552194573
VUILD104MA2_150_10_15	VUILD104MA2	VUILD104	fold_2	epithelial_transitional	PF_ONLY	1.87720289521764	2.5259879240985197	2.695737966305595	2.719798147547524	2.486738104305148	2.3633497603680453	2.5771332327865255	2.535544668157202	2.5284139475336374	2.524716277244493	2.553183358043342	2.520181307792495	-0.8425952523298839	-0.023879820113565233
VUILD104MA2_150_10_16	VUILD104MA2	VUILD104	fold_2	epithelial_transitional	PF_ONLY	2.07237776543079	2.5259867101327016	2.6902192007649885	2.612228683477128	2.407548246156246	2.195656857042271	2.618814909872122	2.5337706670104665	2.597447385673301	2.5101380476933115	2.5551139271820986	2.5070699818066764	-0.539850918046338	-0.028459194207563373
VUILD104MA2_150_10_17	VUILD104MA2	VUILD104	fold_2	epithelial_transitional	PF_ONLY	1.84823412845271	2.5259854961668835	2.4242199007950034	2.3969849672888675	2.329089917316076	2.036785444920432	2.456034438537017	2.5319966658637307	2.04471354208067	2.4724668237099015	2.185893768584015	2.4737010792938348	-0.5487508388361575	-0.029863875069793728
VUILD104MA2_150_10_18	VUILD104MA2	VUILD104	fold_2	epithelial_transitional	PF_ONLY	1.58575612439777	2.5259842822010654	2.006099329581639	2.1362955188457353	2.2993286117546785	1.9457302511682912	2.5045913888802223	2.5302226647169954	2.101114487077873	2.4436528592591618	2.212389126838469	2.4487736456023645	-0.5505393944479653	-0.024388962503127467
VUILD104MA2_150_10_21	VUILD104MA2	VUILD104	fold_2	epithelial_transitional	PF_ONLY	2.71809624636034	2.5259806403036107	3.13909372675393	3.2942346490668104	2.5896712528385204	2.8693626935215772	2.6909863143667696	2.524900661276789	3.019946754676318	2.5625090137211743	2.6868044106198097	2.54464950093071	-0.5761384027064702	-0.02470659797759534
VUILD104MA2_150_10_22	VUILD104MA2	VUILD104	fold_2	epithelial_transitional	PF_ONLY	2.33639021378254	2.5259794263377926	3.242900123117499	3.3589702973702784	2.550264163710446	2.739175382526856	2.6341299591910765	2.5231266601300537	2.934947086394533	2.598111656442563	2.6772488276593727	2.5769494023557575	-1.0225800835877386	-0.02320022974611693
VUILD104MA2_150_10_23	VUILD104MA2	VUILD104	fold_2	epithelial_transitional	PF_ONLY	1.9603980093131	2.525978212371974	2.6030927254462943	2.765144740196147	2.4822574317569366	2.2777836949843544	2.6159725510712204	2.5213526589833184	2.383608787127467	2.522169564291427	2.3811492109051593	2.5142174968897564	-0.8047467308830469	-0.022146809569261995
VUILD104MA2_150_10_7	VUILD104MA2	VUILD104	fold_2	epithelial_transitional	PF_ONLY	1.70071025778878	2.5259976358250653	2.5229257060569066	2.551169504158283	2.4552663533327337	2.31777056521585	2.5337907915980513	2.549736677331085	2.3414414653678923	2.4727057059503377	2.3720304958613956	2.4732028511010755	-0.8504592463695029	-0.02596375366597256
VUILD104MA2_150_11_11	VUILD104MA2	VUILD104	fold_2	epithelial_transitional	PF_ONLY	2.86787513438841	2.5259927275831844	2.864431272673354	2.963953132355459	2.543304150396777	2.5961617736342717	2.5922823962719947	2.542471280020861	2.5233732030908267	2.571416178349983	2.45849367257079	2.560503093994465	-0.09607799796704919	-0.022497406497868813
VUILD104MA2_150_11_14	VUILD104MA2	VUILD104	fold_2	epithelial_transitional	PF_ONLY	2.66752428156898	2.52598908568573	2.3940197176789093	2.5042021576822724	2.4200005368462287	2.326068983977574	2.501623108505036	2.5371492765806547	2.277442140866582	2.4921850409490296	2.2724551620666875	2.4916259727481505	0.16332212388670753	-0.02424684115615949
VUILD104MA2_150_11_15	VUILD104MA2	VUILD104	fold_2	epithelial_transitional	PF_ONLY	1.95797815831142	2.5259878717199116	2.630218600144074	2.640197951455157	2.420059981183384	2.4316517477313604	2.553889601711357	2.5353752754339194	2.465989725889544	2.499919181516385	2.4254212031966405	2.498547759323622	-0.682219793143737	-0.02770314989101102
VUILD104MA2_150_11_16	VUILD104MA2	VUILD104	fold_2	epithelial_transitional	PF_ONLY	2.23418078477837	2.5259866577540935	2.5650087291095676	2.6137752441684956	2.548363414661495	2.509285164115082	2.6160605395219867	2.5336012742871836	2.658219730539776	2.4914109553092016	2.62802460842624	2.4895416359835627	-0.3795944593901255	-0.023638537386750532
VUILD104MA2_150_11_17	VUILD104MA2	VUILD104	fold_2	epithelial_transitional	PF_ONLY	2.34825083353631	2.5259854437882754	2.552941299329662	2.46398167293769	2.6757703703114455	2.70849307192288	2.557178200913341	2.5318272731404483	2.724629296519131	2.506153611048838	2.7418518706391026	2.5061888180952723	-0.11573083940138007	-0.02116260421241693
VUILD104MA2_150_11_18	VUILD104MA2	VUILD104	fold_2	epithelial_transitional	PF_ONLY	2.03008166564692	2.5259842298224573	2.441663624144892	2.253191058237848	2.391592511767678	2.1082323239633034	2.5552645563737504	2.530053271993713	2.138760722443589	2.49079217658049	2.354553588986475	2.4947574902514633	-0.2231093925909282	-0.02163326798819258
VUILD104MA2_150_11_22	VUILD104MA2	VUILD104	fold_2	epithelial_transitional	PF_ONLY	3.03069046394125	2.5259793739591845	2.9120530589628597	2.839470429193585	2.5555909560081855	2.644116181452503	2.6256866427107406	2.5229572674067713	2.438889951059872	2.5198049489020846	2.3909103011261124	2.5123940579118407	0.19122003474766514	-0.025273537042108697
VUILD104MA2_150_11_24	VUILD104MA2	VUILD104	fold_2	epithelial_transitional	PF_ONLY	1.66726293867656	2.5259769460275483	2.709491576195072	2.5420434368851557	2.481332876606598	2.2974322113667833	2.7783621413233326	2.5194092651133	2.2622361486023155	2.612193407896862	2.391791331568945	2.611081339804853	-0.8747804982085956	-0.02068767036387585
VUILD104MA2_150_11_4	VUILD104MA2	VUILD104	fold_2	epithelial_transitional	PF_ONLY	2.30769398187074	2.526001225343912	3.2403907252830426	2.979248589046918	2.5008834481318334	2.633633372161928	2.53306335099382	2.554889288048009	2.4899676435958993	2.507149993169588	2.3658192196687193	2.500162994176522	-0.6715546071761782	-0.023961008689953656
VUILD104MA2_150_12_14	VUILD104MA2	VUILD104	fold_2	epithelial_transitional	PF_ONLY	2.38514185324378	2.525989033307122	2.725059649860531	2.8064868869014012	2.4213719014499664	2.4846651770020456	2.54597558604477	2.5369798838573723	2.5314620228583276	2.4958044540710937	2.443025117024921	2.4891152927364693	-0.4213450336576212	-0.024407790633826285
VUILD104MA2_150_12_16	VUILD104MA2	VUILD104	fold_2	epithelial_transitional	PF_ONLY	2.03426873317051	2.525986605375486	2.5168149158936686	2.5115526263876737	2.4758844578923602	2.3899479834521524	2.5495654343336698	2.533431881563901	2.7196703064705376	2.4813586987847724	2.6698596483041683	2.481271993465299	-0.4772838932171637	-0.026219787011122268
VUILD104MA2_150_12_17	VUILD104MA2	VUILD104	fold_2	epithelial_transitional	PF_ONLY	2.7157676990845	2.5259853914096673	2.1190124779893043	2.193154673779079	2.614648796355679	2.6126988113520304	2.5407221078925253	2.531657880417166	2.3864722573281463	2.44857449919358	2.433075502161794	2.452691268953571	0.5226130253054211	-0.01940713046629656
VUILD104MA2_150_12_23	VUILD104MA2	VUILD104	fold_2	epithelial_transitional	PF_ONLY	2.26859565340297	2.5259781076147583	2.177009504523166	2.2380453669910487	2.398914101703928	2.2093156046675384	2.571087501109375	2.521013873536753	2.525923674229657	2.4703404874904518	2.6143883681293505	2.474614273015176	0.030550286411921146	-0.028441670316583748
VUILD104MA2_150_12_24	VUILD104MA2	VUILD104	fold_2	epithelial_transitional	PF_ONLY	1.97482557397176	2.52597689364894	2.2003450248689584	2.276189894111073	2.465978979487185	2.191635561280685	2.7335007272470584	2.519239872390018	2.119247752076871	2.5710222200308115	2.3505072554032864	2.5733204260813176	-0.30136432013931325	-0.022992080788700974
VUILD104MA2_150_12_4	VUILD104MA2	VUILD104	fold_2	epithelial_transitional	PF_ONLY	2.80370324538158	2.526001172965304	3.090040697177753	3.136704282043591	2.8145634839158182	3.159494298912995	2.641848401549652	2.5547198953247268	3.3230628727930354	2.630316355859704	3.0101145782157612	2.6172009752070737	-0.3330010366620111	-0.023067760530126595
VUILD104MA2_150_12_5	VUILD104MA2	VUILD104	fold_2	epithelial_transitional	PF_ONLY	2.823193988776	2.5259999589994857	2.8371001171136996	2.8812041097089423	2.6954367724325508	3.1048278833731238	2.5181762479866205	2.552945894177991	2.9338241347526948	2.5561956975838243	2.7486664172384154	2.548142884282847	-0.05801012093294222	-0.01926077521700018
VUILD104MA2_150_13_12	VUILD104MA2	VUILD104	fold_2	epithelial_transitional	PF_ONLY	2.22215042996268	2.5259914088601505	2.326951563041061	2.3857601747510953	2.5005132635575933	2.3684043442958207	2.531232151085429	2.5403584934275605	2.597958691080806	2.487178864885968	2.5204136048241392	2.488819873372438	-0.16360974478841506	-0.017760111290257896
VUILD104MA2_150_13_13	VUILD104MA2	VUILD104	fold_2	epithelial_transitional	PF_ONLY	2.19016372349307	2.5259901948943324	2.8385295426823296	2.8232432890161863	2.5897249847076744	2.5850139025331793	2.6616751619352925	2.538584492280825	2.6873115542670827	2.5538008986560494	2.56306184943402	2.548557349223892	-0.6330795655231163	-0.016941491863877188
VUILD104MA2_150_13_15	VUILD104MA2	VUILD104	fold_2	epithelial_transitional	PF_ONLY	2.4167565678	2.525987766962696	2.820339285840876	3.039655033750447	2.5063893509200144	2.5600995181025965	2.6630194949846344	2.535036489987354	2.8480992394066016	2.552432298966269	2.615700102143931	2.5414334417056637	-0.6228984659504473	-0.025241568688096468
VUILD104MA2_150_13_16	VUILD104MA2	VUILD104	fold_2	epithelial_transitional	PF_ONLY	2.17989272224985	2.5259865529968777	2.6588929488754007	2.6567825881680656	2.506666757036683	2.4594090097872003	2.6859518373998545	2.5332624888406188	2.6328923031345277	2.5485143795139895	2.589276302949398	2.5453998892749796	-0.4768898659182157	-0.026164192434882286
VUILD104MA2_150_13_17	VUILD104MA2	VUILD104	fold_2	epithelial_transitional	PF_ONLY	2.42161362404373	2.5259853390310596	2.572856326496357	2.4913474177961112	2.46743423854394	2.4767956202059502	2.578183036531818	2.5314884876938835	2.602659719261394	2.4847538994651615	2.5841337109607347	2.4851827921649416	-0.06973379375238142	-0.024647447765797227
VUILD104MA2_150_13_18	VUILD104MA2	VUILD104	fold_2	epithelial_transitional	PF_ONLY	1.14616748209933	2.525984125065241	2.217009807858238	2.1796838454280714	2.3872248835193832	2.2596599027773805	2.4817219734069673	2.5297144865471477	1.9686315384442323	2.477328441980354	2.1665879159827712	2.481858889293974	-1.0335163633287414	-0.02155148019427212
VUILD104MA2_150_13_23	VUILD104MA2	VUILD104	fold_2	epithelial_transitional	PF_ONLY	2.31501026641502	2.52597805523615	2.182187857737432	2.123372673514281	2.5130126851026082	2.2502264204460194	2.5618396451189067	2.5208444808134707	2.4006846537074447	2.5117123404721187	2.50340724539408	2.5167249250682997	0.19163759290073878	-0.021256435749631993
VUILD104MA2_150_13_5	VUILD104MA2	VUILD104	fold_2	epithelial_transitional	PF_ONLY	2.74602651687346	2.5259999066208776	3.305537663464798	3.2738168564033803	2.7130541189551485	3.079094562828969	2.6332236337487727	2.5527765014547086	2.9548863152377907	2.5798676731498102	2.6668262726600402	2.562993253716575	-0.5277903395299202	-0.017257810532935007
VUILD104MA2_150_13_6	VUILD104MA2	VUILD104	fold_2	epithelial_transitional	PF_ONLY	2.41322305261816	2.5259986926550595	3.1828475415392807	3.2221475321660034	2.491801386994923	2.784561930311147	2.387598556202172	2.5510025003079733	2.7154595873179352	2.52058778861641	2.4588473444789813	2.5060711306190506	-0.8089244795478434	-0.01997831689565413
VUILD104MA2_150_14_11	VUILD104MA2	VUILD104	fold_2	epithelial_transitional	PF_ONLY	1.76781366783453	2.5259925704473605	2.3270093805676475	2.246773067111463	2.5196382122388172	2.438165730244907	2.532282413930785	2.5419631018510134	2.347152716986106	2.525149549530958	2.446015947816522	2.5299115398990804	-0.4789593992769332	-0.022923001360540648
VUILD104MA2_150_14_12	VUILD104MA2	VUILD104	fold_2	epithelial_transitional	PF_ONLY	1.82904916481248	2.5259913564815424	2.3544463879084683	2.2700824695666433	2.551977556775991	2.5183344259520837	2.5978347992829134	2.540189100704278	2.366881586397307	2.525047154912928	2.4775612395049675	2.5298141091664537	-0.44103330475416325	-0.019369010062608313
VUILD104MA2_150_14_13	VUILD104MA2	VUILD104	fold_2	epithelial_transitional	PF_ONLY	1.77159657847978	2.5259901425157243	2.5183469702706893	2.799578284965947	2.6166256289810463	2.6075772626311813	2.574396578013205	2.5384150995575427	2.66897981917507	2.565527127470805	2.6472489365223644	2.5600732481272805	-1.0279817064861672	-0.015012115334789817
VUILD104MA2_150_14_16	VUILD104MA2	VUILD104	fold_2	epithelial_transitional	PF_ONLY	1.98027343520597	2.5259865006182696	2.5494468038889027	3.128143340139907	2.647098321244205	2.7400192431056465	2.7689505336736366	2.5330930961173364	2.586606758369038	2.579249383593001	2.387118487518185	2.563645209644093	-1.147869904933937	-0.02200878842300036
VUILD104MA2_150_14_17	VUILD104MA2	VUILD104	fold_2	epithelial_transitional	PF_ONLY	2.18008095668454	2.5259852866524515	2.4687281016789213	2.564388491829744	2.6650489977234795	2.7691067187979432	2.5400117768095067	2.5313190949706006	2.5593420962081828	2.5116999405822646	2.511854850120906	2.509921172771342	-0.3843075351452043	-0.016423096478674046
VUILD104MA2_150_14_18	VUILD104MA2	VUILD104	fold_2	epithelial_transitional	PF_ONLY	1.89671407945026	2.5259840726866334	2.2532446327567186	2.361687867403332	2.4181033352468573	2.1593174399088566	2.509560774346393	2.5295450938238653	2.08400667807972	2.4632120384137233	2.1754173732096067	2.463952674396158	-0.4649737879530722	-0.01916806877719463
VUILD104MA2_150_14_19	VUILD104MA2	VUILD104	fold_2	epithelial_transitional	PF_ONLY	2.02412817908415	2.5259828587208153	2.6451018162757163	2.58708382449711	2.3824841251927356	2.2461993393969806	2.4996803520312794	2.52777109267713	2.449753230716489	2.4981779367423482	2.441461046904456	2.4961372866242946	-0.5629556454129601	-0.022485573180542662
VUILD104MA2_150_14_20	VUILD104MA2	VUILD104	fold_2	epithelial_transitional	PF_ONLY	1.9398309817068	2.5259816447549968	2.2927674461387166	2.220966086728535	2.51332171977515	2.3684983325889504	2.5297867031073054	2.5259970915303946	2.0766764931878487	2.4955101666860453	2.25514168070508	2.4987628972241125	-0.2811351050217348	-0.021627250039061217
VUILD104MA2_150_14_22	VUILD104MA2	VUILD104	fold_2	epithelial_transitional	PF_ONLY	2.23034514072666	2.5259792168233606	2.1429556841382826	1.9692553009262448	2.31693476743279	2.0982707738660333	2.510751060699797	2.5224490892369236	2.1047145660728566	2.4394251669389035	2.2540727603648882	2.4479278090182475	0.2610898398004151	-0.028719729760149543
VUILD104MA2_150_14_23	VUILD104MA2	VUILD104	fold_2	epithelial_transitional	PF_ONLY	2.05309729662499	2.5259780028575425	1.9753315872282111	1.892971503739839	2.5168282765383245	2.329883217737199	2.4748458680987087	2.5206750880901883	2.2204856736555914	2.462287849757472	2.447732098398082	2.4709496138146427	0.16012579288515116	-0.022305830222331142
VUILD104MA2_150_14_5	VUILD104MA2	VUILD104	fold_2	epithelial_transitional	PF_ONLY	3.14320948161393	2.52599985424227	3.5379781564095465	3.5401273022885182	2.991129305413384	3.394317364136692	2.6408699775314273	2.552607108731426	3.3852907057890915	2.62927876631713	3.0720908842855135	2.6075771155399963	-0.39691782067458803	-0.01102274745819917
VUILD104MA2_150_14_6	VUILD104MA2	VUILD104	fold_2	epithelial_transitional	PF_ONLY	2.23920676559878	2.5259986402764514	3.647514684702574	3.481093686356468	2.3995004242410225	2.813707791356115	2.446810216422733	2.550833107584691	3.0402143343434904	2.5351848930661367	2.674183877056117	2.5157002068527223	-1.241886920757688	-0.024732425383077166
VUILD104MA2_150_15_13	VUILD104MA2	VUILD104	fold_2	epithelial_transitional	PF_ONLY	1.73341762509802	2.525990090137116	2.6109149717697115	2.5394495733703972	2.5428314989865797	2.515113057111372	2.5315665601974677	2.53824570683426	2.4003867682022593	2.4885301285015085	2.431674770237723	2.4881746407452714	-0.8060319482723772	-0.019362989574505225
VUILD104MA2_150_15_14	VUILD104MA2	VUILD104	fold_2	epithelial_transitional	PF_ONLY	1.9724442386359	2.525988876171298	2.7547475348317816	2.9100911937869975	2.612822234694087	2.7589051141239525	2.6614848560388458	2.5364717056875246	2.887906531354294	2.555895834851479	2.7035270905053292	2.546726404322159	-0.9376469551510975	-0.020091449729636064
VUILD104MA2_150_15_15	VUILD104MA2	VUILD104	fold_2	epithelial_transitional	PF_ONLY	2.69106163251765	2.52598766220548	2.693440378395466	3.2448350271349806	2.794641596958378	3.1714209853886994	2.793583514521691	2.5346977045407892	3.3167841494812293	2.6055518751214377	2.908631949847759	2.5892882462435565	-0.5537733946173304	-0.016348129834044094
VUILD104MA2_150_15_17	VUILD104MA2	VUILD104	fold_2	epithelial_transitional	PF_ONLY	2.12309300464695	2.5259852342738434	2.928407989782103	3.044531982597843	2.5227647044154833	2.7704432187004477	2.533359861376914	2.531149702247318	2.6066232488566574	2.5122968744648326	2.409657458217552	2.4985121462393205	-0.9214389779508934	-0.02137602968556942
VUILD104MA2_150_15_18	VUILD104MA2	VUILD104	fold_2	epithelial_transitional	PF_ONLY	1.99751118129465	2.5259840203080253	2.6256357361371303	2.6806829147630933	2.405555791194772	2.318075101634136	2.5286225470602144	2.529375701100583	2.444358633768264	2.4981866257823255	2.385882306263206	2.492480135630493	-0.6831717334684433	-0.019779368236490187
VUILD104MA2_150_15_19	VUILD104MA2	VUILD104	fold_2	epithelial_transitional	PF_ONLY	2.32283296453552	2.525982806342207	2.754507729099999	2.7472914818439493	2.566394042996306	2.490116978072201	2.564842705468309	2.5276016999538475	2.5232602159523143	2.5479764650703096	2.48076651743114	2.54194875247537	-0.42445851730842943	-0.016568352846991277
VUILD104MA2_150_15_20	VUILD104MA2	VUILD104	fold_2	epithelial_transitional	PF_ONLY	2.26918779496123	2.525981592376389	2.685127121924831	2.5757291272445646	2.54772310821038	2.4273550942870226	2.546157842315346	2.5258276988071118	2.5468812904323235	2.5182697869106936	2.5644495264172313	2.5157507149410776	-0.3065413322833348	-0.02116262718789546
VUILD104MA2_150_15_6	VUILD104MA2	VUILD104	fold_2	epithelial_transitional	PF_ONLY	2.40271874065716	2.5259985878978437	3.207223549114921	3.286089129676366	2.5524189723409108	2.75986660401924	2.5182201986499626	2.5506637148614084	3.008602709384606	2.554377909618561	2.739396958677331	2.5408996405764475	-0.883370389019206	-0.02027462008436666
VUILD104MA2_150_15_7	VUILD104MA2	VUILD104	fold_2	epithelial_transitional	PF_ONLY	2.05697688094873	2.525997373932025	2.8936798040779106	2.830731371953346	2.5036239832218956	2.776882015823931	2.449574338611906	2.5488897137146727	2.401308001941157	2.498788050224807	2.312446528285644	2.4940274898253487	-0.7737544910046159	-0.02239521787673451
VUILD104MA2_150_16_14	VUILD104MA2	VUILD104	fold_2	epithelial_transitional	PF_ONLY	1.87039324557335	2.52598882379269	2.530780395353425	2.5143236254677825	2.4617042953389077	2.3919748238628826	2.523784001704642	2.536302312964242	2.4471171870323416	2.480022804590484	2.4213163092699084	2.479789989792239	-0.6439303798944325	-0.021545747811657343
VUILD104MA2_150_16_16	VUILD104MA2	VUILD104	fold_2	epithelial_transitional	PF_ONLY	2.09914643693281	2.525986395861054	2.662447318957315	2.859558976711284	2.4440517344486534	2.479712485760304	2.5692336314185247	2.532754310670771	2.8012207913565743	2.519267465110275	2.6139052631218274	2.509224331396641	-0.760412539778474	-0.026178708983960842
VUILD104MA2_150_16_17	VUILD104MA2	VUILD104	fold_2	epithelial_transitional	PF_ONLY	1.81505804592549	2.5259851818952357	2.697176021905534	2.7682536172363212	2.5884245850260674	2.6985311643524175	2.5703296143191063	2.5309803095240357	2.651773499098411	2.5795360094562736	2.592606454745908	2.5729150454382497	-0.9531955713108313	-0.02132949495050171
VUILD104MA2_150_16_18	VUILD104MA2	VUILD104	fold_2	epithelial_transitional	PF_ONLY	1.66035903476172	2.525983967929417	2.6879875958643895	2.673360207977815	2.4056905619705407	2.3169894652970906	2.5379758991645964	2.5292063083773004	2.577219654152852	2.5048519468751214	2.538345038762551	2.500037955909561	-1.013001173216095	-0.019912169296923826
VUILD104MA2_150_16_19	VUILD104MA2	VUILD104	fold_2	epithelial_transitional	PF_ONLY	2.00577038543624	2.525982753963599	2.7622759272367006	2.756938885340395	2.4259115909504074	2.4358367606638054	2.5266798633773786	2.5274323072305647	2.1850476331893702	2.5148058445231545	2.2102795771947163	2.508397222278665	-0.7511684999041552	-0.023587410376933925
VUILD104MA2_150_16_2	VUILD104MA2	VUILD104	fold_2	epithelial_transitional	PF_ONLY	2.24954773582597	2.5260033913825084	3.0983846577922343	2.9715320606750555	2.574453429168922	2.7794809097634183	2.4630261701070446	2.5575903267250677	2.8048139457979384	2.512674306745987	2.605680286998478	2.5044142001337386	-0.7219843248490854	-0.02030558550152272
VUILD104MA2_150_16_20	VUILD104MA2	VUILD104	fold_2	epithelial_transitional	PF_ONLY	1.89334151878648	2.525981539997781	2.4190573362537564	2.4757130464897625	2.3835317631806596	2.1766366376846107	2.569526851288294	2.5256583060838294	2.2185409546463	2.496196836471928	2.2199965362839604	2.4958203247875965	-0.5823715277032826	-0.02356878930558481
VUILD104MA2_150_16_21	VUILD104MA2	VUILD104	fold_2	epithelial_transitional	PF_ONLY	1.54869726756459	2.525980326031963	2.021083017960634	2.035588823959567	2.2199408445209126	1.8682542369502495	2.561584849522476	2.523884304937094	1.7451027169529403	2.4690997727454107	1.9806056791925464	2.4754001618614376	-0.48689155639497694	-0.031126864404670426
VUILD104MA2_150_16_3	VUILD104MA2	VUILD104	fold_2	epithelial_transitional	PF_ONLY	2.16584253989213	2.5260021774166903	2.9912333935597544	2.966157318753115	2.4031942435903275	2.515250592151946	2.584939988519302	2.555816325578332	2.698807630860791	2.4616905453169085	2.4934607240430884	2.4541885458152684	-0.8003147788609848	-0.025475371567208242
VUILD104MA2_150_16_4	VUILD104MA2	VUILD104	fold_2	epithelial_transitional	PF_ONLY	2.49200620780922	2.5260009634508718	2.6334677188811657	2.7202583389240873	2.421391392308051	2.3602439448478267	2.5527974045287154	2.5540423244315966	2.728170388369906	2.483899608145584	2.65310920407227	2.4807555339451515	-0.2282521311148673	-0.028862026574834495
VUILD104MA2_150_16_5	VUILD104MA2	VUILD104	fold_2	epithelial_transitional	PF_ONLY	2.02562114150597	2.5259997494850537	2.5167300269377053	2.799004124791958	2.4164371480189684	2.4950540261706946	2.4921815457946295	2.5522683232848613	2.5124808638874816	2.454380270903428	2.395686391742106	2.4486419808136746	-0.773382983285988	-0.026175003494807995
VUILD104MA2_150_17_1	VUILD104MA2	VUILD104	fold_2	epithelial_transitional	PF_ONLY	2.53709522108207	2.5260045529697184	3.3391996364067804	3.250213877092631	2.2918450588805843	2.6205885892192713	2.2572143304692744	2.5591949351485206	2.583215355541642	2.5355824108053313	2.2754711365518068	2.519976496179772	-0.7131186560105611	-0.028997092007837864
VUILD104MA2_150_17_17	VUILD104MA2	VUILD104	fold_2	epithelial_transitional	PF_ONLY	1.49422126212704	2.5259851295166276	2.4899941132374175	2.497321496877122	2.475791074049761	2.317587220602365	2.3256089821320227	2.5308109168007533	2.6125424511093627	2.4935346540660968	2.592528803479988	2.492575680384714	-1.003100234750082	-0.02206682321294402
VUILD104MA2_150_17_18	VUILD104MA2	VUILD104	fold_2	epithelial_transitional	PF_ONLY	1.93515604340929	2.5259839155508095	2.283461400390683	2.45292232011371	2.3072731766464485	1.9514580936270207	2.430050818579099	2.529036915654018	2.028985297954857	2.4749549242398037	2.1404697768072714	2.473622211771386	-0.5177662767044198	-0.02252565726355959
VUILD104MA2_150_17_19	VUILD104MA2	VUILD104	fold_2	epithelial_transitional	PF_ONLY	1.41147262120813	2.5259827015849914	2.866298486666192	2.6968234124723796	2.304488509357249	2.1144487244155337	2.391092265333859	2.5272629145072822	2.4156647446162216	2.4503745935760604	2.314633661045329	2.4446510467101477	-1.2853507912642494	-0.023788168648559302
VUILD104MA2_150_17_2	VUILD104MA2	VUILD104	fold_2	epithelial_transitional	PF_ONLY	2.35517551145074	2.5260033390039003	3.2219468560871265	3.2593816074046504	2.249806134881623	2.3601090040575583	2.5148367772447897	2.557420934001785	2.4214680785685405	2.533632300900827	2.1890612353896772	2.5193236422010754	-0.9042060959539104	-0.029903421712179665
VUILD104MA2_150_17_20	VUILD104MA2	VUILD104	fold_2	epithelial_transitional	PF_ONLY	1.87256217743606	2.525981487619173	2.3751750893356243	2.4396244512742014	2.3374798360741833	1.9985896403333758	2.590892482819845	2.525488913360547	1.7629714368983325	2.4929197296716388	1.9355462647230195	2.4936134548478446	-0.5670622738381415	-0.022767710787382867
VUILD104MA2_150_17_3	VUILD104MA2	VUILD104	fold_2	epithelial_transitional	PF_ONLY	2.23383195409466	2.526002125038082	2.8921371454512705	2.991209703720498	2.387009006362319	2.4762859204939445	2.5600935520559114	2.5556469328550495	2.438838374151253	2.5085122029706057	2.333038562004588	2.500073418440083	-0.7573777496258378	-0.02807602839593421
VUILD104MA2_150_17_4	VUILD104MA2	VUILD104	fold_2	epithelial_transitional	PF_ONLY	2.41991133045404	2.526000911072264	3.0014749922962123	2.9863206551106796	2.462230887218051	2.5262997217111076	2.5444931466241187	2.553872931708314	2.93206772426816	2.532337589254549	2.788041557302986	2.5228574776932966	-0.5664093246566395	-0.029649752520019383
VUILD104MA2_150_17_5	VUILD104MA2	VUILD104	fold_2	epithelial_transitional	PF_ONLY	2.73677582662316	2.5259996971064456	3.423430209140218	3.095957543621426	2.4319208973400612	2.602164820596642	2.466859039337812	2.5520989305615784	2.5985940199183535	2.523543741306545	2.45715750685436	2.510640637505666	-0.35918171699826607	-0.029772669131249176
VUILD104MA2_150_18_5	VUILD104MA2	VUILD104	fold_2	epithelial_transitional	PF_ONLY	2.64618057755264	2.525999644727838	2.9066760281949993	2.873143544383331	2.483503571621474	2.509562445830923	2.5837263827967356	2.551929537838296	2.3094940743003085	2.530940730029083	2.3768502867445167	2.523644266263538	-0.22696296683069095	-0.025710385463350773
VUILD104MA2_150_18_6	VUILD104MA2	VUILD104	fold_2	epithelial_transitional	PF_ONLY	2.20632830912227	2.52599843076202	2.542878619089438	2.5297024995349084	2.2881882821070465	2.2062246330493656	2.5050885276573656	2.5501555366915607	2.3478103086705113	2.515013250513659	2.3160236327991055	2.515357396700895	-0.3233741904126384	-0.030060430430384154
VUILD104MA2_150_19_4	VUILD104MA2	VUILD104	fold_2	epithelial_transitional	PF_ONLY	2.1363227021477	2.526000806315048	2.2631396967484063	2.3179872432587665	2.4922907118699955	2.4461737751579866	2.5171925732061315	2.553534146261749	2.7855677364104157	2.5023434559457662	2.7118119058894723	2.5070671952930255	-0.18166454111106667	-0.02836278261279188
VUILD104MA2_150_19_5	VUILD104MA2	VUILD104	fold_2	epithelial_transitional	PF_ONLY	2.01539575683535	2.5259995923492298	2.622887781393	2.6348299784846976	2.3231395339141088	2.265744654920456	2.469664987435733	2.5517601451150136	2.346333451340996	2.4829108717514203	2.2599688239980766	2.481402242831822	-0.6194342216493474	-0.02543451684730955
VUILD104MA2_150_19_6	VUILD104MA2	VUILD104	fold_2	epithelial_transitional	PF_ONLY	1.85638659952607	2.5259983783834117	2.286426455960438	2.224019661164967	2.1929285457383503	1.97408203805035	2.4259346558371804	2.5499861439682783	1.9104899960715134	2.4844870170278868	2.1211877972716833	2.488415707471266	-0.367633061638897	-0.029024757367973195
VUILD104MA2_150_20_5	VUILD104MA2	VUILD104	fold_2	epithelial_transitional	PF_ONLY	1.80728180286139	2.5259995399706217	2.712624508860886	2.5117831650815847	2.4951983920996272	2.54376895394851	2.7324447920398476	2.551590752391731	2.557189135492168	2.570129681178858	2.587475428590622	2.5704624174481903	-0.7045013622201948	-0.024489642295333923
VUILD104MA2_150_21_15	VUILD104MA2	VUILD104	fold_2	epithelial_transitional	PF_ONLY	1.88468603019844	2.525987347933832	2.998148304271262	2.692821078021577	2.510099091824955	2.5748203452071228	2.6608519594417217	2.5336813482010943	2.823626195501655	2.5410085040759376	2.658479089000507	2.5365483991500417	-0.808135047823137	-0.024779087918837473
VUILD104MA2_150_21_16	VUILD104MA2	VUILD104	fold_2	epithelial_transitional	PF_ONLY	2.17026370158111	2.5259861339680136	3.114783653381927	3.1290442883466305	2.3893732175820683	2.50429230130964	2.7037819377648025	2.5319073470543585	2.8011249882399545	2.5512298515396856	2.610331654446543	2.541368725126094	-0.9587805867655206	-0.029895006801337682
VUILD104MA2_150_3_7	VUILD104MA2	VUILD104	fold_2	epithelial_transitional	PF_ONLY	1.68925993344419	2.5259980024753212	2.5926776642058518	2.596632839920644	2.456650948610689	2.3620736297736564	2.4210377226260773	2.550922426394063	2.6440413912979346	2.4976059415155683	2.4952123774898447	2.4961371736409195	-0.9073729064764542	-0.02190612605530509
VUILD104MA2_150_4_5	VUILD104MA2	VUILD104	fold_2	epithelial_transitional	PF_ONLY	2.07913168367745	2.5260003780283493	2.0854691651803776	2.1540333378375993	2.4308338812695425	2.5053379846050836	2.363390924864736	2.5543010359642513	2.3975008709223076	2.4945564364277177	2.4904601253586787	2.50444605573764	-0.07490165416014927	-0.030896460585212435
VUILD104MA2_150_4_6	VUILD104MA2	VUILD104	fold_2	epithelial_transitional	PF_ONLY	1.75606045283412	2.525999164062531	2.4430873965863547	2.402036994728582	2.471699514288136	2.247275315216118	2.5158502062023276	2.552527034817516	2.2561818930869237	2.5126301871003673	2.324669704570334	2.516027659118995	-0.6459765418944621	-0.019345881195378868
VUILD104MA2_150_4_7	VUILD104MA2	VUILD104	fold_2	epithelial_transitional	PF_ONLY	1.36657285448551	2.525997950096713	2.6590545846144034	2.6952792795526133	2.3892001599197528	2.2052515557988555	2.570567677111407	2.55075303367078	2.2080722965891875	2.495415537264957	2.24088512682958	2.4936468540369385	-1.3287064250671032	-0.02298421422910548
VUILD104MA2_150_4_8	VUILD104MA2	VUILD104	fold_2	epithelial_transitional	PF_ONLY	1.65858103438936	2.525996736130895	2.464151892487853	2.5384570792096226	2.3950669752570257	2.2570883522939598	2.4848977400074115	2.548979032524045	2.198048719171971	2.473324998048777	2.2654576369213775	2.472638065379137	-0.8798760448202625	-0.023092731970238964
VUILD104MA2_150_5_3	VUILD104MA2	VUILD104	fold_2	epithelial_transitional	PF_ONLY	1.63886363210308	2.526002753581378	2.897853892024032	2.8355827513532246	2.276716339150691	2.4270446875884826	2.534889723176232	2.5576796455344395	2.4368257118776446	2.5274005074042067	2.2061345259343725	2.5236764857103684	-1.1967191192501445	-0.032087055525170174
VUILD104MA2_150_5_6	VUILD104MA2	VUILD104	fold_2	epithelial_transitional	PF_ONLY	1.84321461488808	2.525999111683923	2.6038707344683476	2.621894152847689	2.3548000647654512	2.365681926580506	2.4826998812471266	2.5523576420942335	2.5526303228476	2.4975359128492287	2.491099262338643	2.4959230631457165	-0.778679537959609	-0.02426433902313478
VUILD104MA2_150_6_12	VUILD104MA2	VUILD104	fold_2	epithelial_transitional	PF_ONLY	1.70393643209148	2.5259917755104064	2.4962630622792927	2.5640907741048924	2.3463270113183783	2.2067571773154313	2.545971495403242	2.5415442424905383	1.9802251283678247	2.473705531601065	2.0541868051622956	2.471073267921734	-0.8601543420134123	-0.021836546055245744
VUILD104MA2_150_6_13	VUILD104MA2	VUILD104	fold_2	epithelial_transitional	PF_ONLY	2.50582427059591	2.525990561544588	2.6951535828731896	2.830051839837868	2.506140479587811	2.5221960700456196	2.5980090831698015	2.5397702413438026	2.742357137289525	2.555140148979436	2.5893562362423093	2.5477398014915966	-0.3242275692419576	-0.018168859752259063
VUILD104MA2_150_6_14	VUILD104MA2	VUILD104	fold_2	epithelial_transitional	PF_ONLY	2.05101591484799	2.52598934757877	2.380257909942826	2.379802211401412	2.3123134652224686	2.054651920219629	2.526605465795127	2.5379962401970673	2.2609855982084115	2.509260496028365	2.3009649614543335	2.511073386194199	-0.3287862965534223	-0.025016554113288764
VUILD104MA2_150_6_19	VUILD104MA2	VUILD104	fold_2	epithelial_transitional	PF_ONLY	1.91791534936556	2.525983277749679	3.1800999781745105	3.0592786318916874	2.5524659330549784	2.45631162646475	2.5531444356908137	2.5291262344633902	2.529155389216391	2.5493303409743246	2.455900677644063	2.5369424031683074	-1.1413632825261273	-0.016822010714511025
VUILD104MA2_150_6_3	VUILD104MA2	VUILD104	fold_2	epithelial_transitional	PF_ONLY	2.09657668384341	2.5260027012027697	3.091863559969008	2.9413605871895165	2.262113611453681	2.3181122867515973	2.51509468167736	2.557510252811157	2.4812498429576286	2.489196806929738	2.299642110990312	2.4816209003169063	-0.8447839033461064	-0.029756149258712807
VUILD104MA2_150_6_4	VUILD104MA2	VUILD104	fold_2	epithelial_transitional	PF_ONLY	1.9878110420567	2.5260014872369516	2.7977159368332454	2.8208772346525426	2.2013123413713407	2.2266220497554934	2.4577778097518874	2.5557362516644218	2.18740616968661	2.499196413105715	2.1302530620597624	2.4946211110628065	-0.8330661925958427	-0.03339871767818245
VUILD104MA2_150_6_5	VUILD104MA2	VUILD104	fold_2	epithelial_transitional	PF_ONLY	1.86209080495105	2.5260002732711335	2.9039929370943467	2.7176998386112845	2.390449310911622	2.5302281240584077	2.4785672706784148	2.5539622505176864	2.4432025856177493	2.4607010945155596	2.356808067272267	2.456457085285961	-0.8556090336602344	-0.02621290386562302
VUILD104MA2_150_7_11	VUILD104MA2	VUILD104	fold_2	epithelial_transitional	PF_ONLY	1.7488025944215	2.5259929370976164	2.275688330081654	2.458769282132114	2.4623793989893348	2.500096438784816	2.4985853846149486	2.5431488509139912	2.2918555963296026	2.48097241885338	2.3550477266656396	2.4801830708167603	-0.7099666877106139	-0.023923708301042172
VUILD104MA2_150_7_12	VUILD104MA2	VUILD104	fold_2	epithelial_transitional	PF_ONLY	1.6815656761756	2.5259917231317983	2.927080298144884	2.988783526831564	2.296820866195527	2.046072869517816	2.6570855708144894	2.5413748497672555	2.275108494358877	2.5327223670796637	2.1750459635832367	2.521486905148186	-1.307217850655964	-0.02385784071492302
VUILD104MA2_150_7_14	VUILD104MA2	VUILD104	fold_2	epithelial_transitional	PF_ONLY	1.93753638121383	2.5259892952001617	2.4437463387383414	2.6127208936555526	2.4583290624239287	2.3811905199814407	2.568875147054547	2.537826847473785	2.3192222820290516	2.516046081360407	2.3277923109557443	2.5132657402482397	-0.6751845124417226	-0.02199965714875688
VUILD104MA2_150_8_12	VUILD104MA2	VUILD104	fold_2	epithelial_transitional	PF_ONLY	2.37442173662748	2.52599167075319	2.652673720689359	2.8080084495310897	2.4535413092025324	2.4337185978097478	2.5825031105990317	2.541205457043973	2.6170152417826165	2.5290910997988636	2.52802602705623	2.522047104397569	-0.43358671290360995	-0.021707588479702805
VUILD104MA2_150_8_13	VUILD104MA2	VUILD104	fold_2	epithelial_transitional	PF_ONLY	2.01370377926969	2.525990456787372	2.7746835058475505	2.889851052511033	2.534078872082744	2.405378661627676	2.6296417919750907	2.5394314558972377	2.454746042990143	2.5641267004238752	2.307239448237178	2.555808854583181	-0.8761472732413429	-0.015487631246473687
VUILD104MA2_150_8_14	VUILD104MA2	VUILD104	fold_2	epithelial_transitional	PF_ONLY	2.26900149981845	2.525989242821554	2.381990232596556	2.4850790651830437	2.413855135942883	2.3881706979901107	2.557858005153608	2.5376574547505024	2.6580748903849756	2.476872836311155	2.5406936601517187	2.477688138864169	-0.21607756536459366	-0.02557766271971496
VUILD104MA2_150_8_15	VUILD104MA2	VUILD104	fold_2	epithelial_transitional	PF_ONLY	2.01554762817171	2.525988028855736	2.4885608458120756	2.483173888455011	2.3657065455503288	2.1501801013215296	2.5717599726599767	2.5358834536037667	2.267540774627701	2.494126265732343	2.3014995641641325	2.4943754203994395	-0.46762626028330123	-0.02541555152414676
VUILD104MA2_150_8_16	VUILD104MA2	VUILD104	fold_2	epithelial_transitional	PF_ONLY	1.96622214992836	2.5259868148899174	2.3466300376241485	2.239657280407995	2.4654729776247177	2.408917263750142	2.557948892893135	2.5341094524570313	2.2718147185804978	2.457097904853416	2.314360039616748	2.4603498082780906	-0.27343513047963475	-0.027750567439965228
VUILD104MA2_150_9_11	VUILD104MA2	VUILD104	fold_2	epithelial_transitional	PF_ONLY	2.3002760619025	2.5259928323404006	2.388669792147085	2.697696817230252	2.3688049075046207	2.34897431170158	2.479241306799829	2.542810065467426	2.4399113404533987	2.5170678782550038	2.3384054668581773	2.5122518382696026	-0.39742075532775223	-0.026160547180090435
VUILD104MA2_150_9_12	VUILD104MA2	VUILD104	fold_2	epithelial_transitional	PF_ONLY	1.93407822671179	2.525991618374582	2.8724575808528607	2.8778724500658077	2.4391579033804835	2.684648495527255	2.5285272898154325	2.5410360643206906	2.7364942882430863	2.524474472299108	2.5753615591265797	2.5125460075264816	-0.9437942233540177	-0.022912680102048884
VUILD104MA2_150_9_13	VUILD104MA2	VUILD104	fold_2	epithelial_transitional	PF_ONLY	2.23106781983793	2.525990404408764	2.611808594267353	2.6863974492467615	2.51867413684921	2.5868208610349424	2.634577073367443	2.5392620631739553	2.6532741428142224	2.5044255079378646	2.594570964843148	2.499843456980489	-0.4553296294088316	-0.021978504031654626
VUILD104MA2_150_9_14	VUILD104MA2	VUILD104	fold_2	epithelial_transitional	PF_ONLY	1.85253842562792	2.525989190442946	2.5935083385832254	2.5616682853968453	2.3555062436322562	2.2794696144805053	2.4965196849368705	2.5374880620272195	2.3661615564504177	2.4885530683187826	2.4021018781872328	2.4868334465465725	-0.7091298597689253	-0.027048715319005386
VUILD104MA2_150_9_15	VUILD104MA2	VUILD104	fold_2	epithelial_transitional	PF_ONLY	2.36073125375606	2.525987976477128	2.8555504355040107	2.7306939592974637	2.517334554877074	2.492792465845997	2.607868689273232	2.5357140608804842	2.6901409552448095	2.5585625873100133	2.5649932965471307	2.553964378063593	-0.36996270554140365	-0.0221158831742159
VUILD104MA2_150_9_16	VUILD104MA2	VUILD104	fold_2	epithelial_transitional	PF_ONLY	1.95347358627018	2.5259867625113097	2.4780573326318382	2.5064143362049833	2.39367483938331	2.2722599075536873	2.5627880884259135	2.533940059733749	2.4846648322566978	2.4865468595204945	2.4988559000417743	2.4853774389881105	-0.5529407499348034	-0.02922266242360349
VUILD104MA2_150_9_21	VUILD104MA2	VUILD104	fold_2	epithelial_transitional	PF_ONLY	2.27895409836698	2.525980692682219	3.7217206413253017	3.6947322669695266	2.627692569965856	3.1387846914503745	2.653669946850721	2.5250700540000715	3.377825802798718	2.6391941818379827	2.896331833258418	2.611112359605908	-1.4157781686025466	-0.025284483443316786
VUILD104MA2_150_9_23	VUILD104MA2	VUILD104	fold_2	epithelial_transitional	PF_ONLY	1.7081372840088	2.525978264750582	3.321523770714105	3.382826169913611	2.4629731103983254	2.7480967790934225	2.6489819606260725	2.521522051706601	3.1088602524218683	2.5973709163730705	2.732005769726182	2.5737667213917703	-1.6746888859048108	-0.025927601291904342
VUILD107MA_150_10_17	VUILD107MA	VUILD107	fold_2	epithelial_transitional	PF_ONLY	1.53026076970809	2.525988337136894	2.6158019229852845	2.719587530272616	2.600201832824487	2.6888832239303575	2.240447364566917	2.5281860417062516	2.8060902050200043	2.513685954270987	2.6329064982874795	2.5097349343163065	-1.1893267605645257	-0.02174459334476462
VUILD107MA_150_10_18	VUILD107MA	VUILD107	fold_2	epithelial_transitional	PF_ONLY	2.85512085125523	2.5259872820241593	3.235067072155146	2.8624783233937894	2.725560317577729	3.0383088927779682	2.616493865731761	2.5265308990404445	2.767449410584401	2.534521009368243	2.6398395200672997	2.5270611296567638	-0.007357472138559196	-0.018334444075741564
VUILD107MA_150_10_19	VUILD107MA	VUILD107	fold_2	epithelial_transitional	PF_ONLY	2.6045868089152	2.5259862269114253	2.356588703888861	2.4556461183329636	2.6855684506521262	2.7145362984475447	2.4859476736763293	2.524875756374638	2.678930811090267	2.494051177405278	2.7221040185797607	2.4945185972242423	0.14894069058223636	-0.02280272922396545
VUILD107MA_150_10_20	VUILD107MA	VUILD107	fold_2	epithelial_transitional	PF_ONLY	2.85619906195091	2.5259851717986908	2.3707496690626453	2.4378864788736765	2.770950284662351	2.8484428118149054	2.575125859457337	2.5232206137088307	2.757697098037575	2.543745705960527	2.7802010975210303	2.5453996898700813	0.4183125830772334	-0.01571553277372243
VUILD107MA_150_10_21	VUILD107MA	VUILD107	fold_2	epithelial_transitional	PF_ONLY	3.00421718300711	2.5259841166859567	2.4267501336623827	2.403709319048191	2.872058756005954	2.8409952390999695	2.6634725124798067	2.5215654710430235	2.8264988420866666	2.6005467143555543	2.90191458557294	2.603991311037143	0.600507863958919	-0.010903782252360349
VUILD107MA_150_10_22	VUILD107MA	VUILD107	fold_2	epithelial_transitional	PF_ONLY	2.54124848156585	2.525983061573222	2.3776374234920494	2.332938397997003	2.785149677295558	2.7838336437191193	2.5663330622210903	2.5199103283772164	2.794960535799504	2.548608050557828	2.8374537454295212	2.5517942228260844	0.20831008356884695	-0.015319318441440202
VUILD107MA_150_10_23	VUILD107MA	VUILD107	fold_2	epithelial_transitional	PF_ONLY	2.39789149004913	2.525982006460488	2.3572642875776237	2.412922933333334	2.931118405851817	3.178870940524654	2.6361636694091106	2.5182551857114097	2.8360978509160883	2.5841283808205353	2.8505715484798495	2.58687265534382	-0.015031443284204027	-0.015041899311486532
VUILD107MA_150_11_17	VUILD107MA	VUILD107	fold_2	epithelial_transitional	PF_ONLY	1.81500419883431	2.525988290571718	2.5774448695989225	2.5835688920282625	2.6676309012591934	2.7358552968938703	2.420133166036373	2.5280116432828743	2.6323913591658767	2.528823869870188	2.6472311599325957	2.5282062111749677	-0.7685646931939525	-0.01883453215997346
VUILD107MA_150_11_18	VUILD107MA	VUILD107	fold_2	epithelial_transitional	PF_ONLY	2.54029777261175	2.525987235458984	2.4329839786358782	2.540618887411753	2.8065309344787397	2.910552574430619	2.5607172584681357	2.526356500617067	2.452461237011886	2.543703716713893	2.5577219463416156	2.5433022417522793	-0.000321114800002853	-0.01781149637689903
VUILD107MA_150_11_19	VUILD107MA	VUILD107	fold_2	epithelial_transitional	PF_ONLY	2.87483619618348	2.5259861803462496	2.3554164183156603	2.4020677430356403	2.7808768202000036	2.8549012757041763	2.635731047327753	2.52470135795126	2.8427219893545774	2.587189508616817	2.871943708130071	2.5902040342112223	0.47276845314783955	-0.020640906991816844
VUILD107MA_150_11_20	VUILD107MA	VUILD107	fold_2	epithelial_transitional	PF_ONLY	3.05604921665005	2.5259851252335155	2.5296957930118515	2.457547805095767	2.849225283384262	3.051195768790408	2.6523734100810423	2.5230462152854534	3.1895318920815194	2.568805255783564	3.0988923355211293	2.5703609411960033	0.5985014115542833	-0.01221540857969469
VUILD107MA_150_11_21	VUILD107MA	VUILD107	fold_2	epithelial_transitional	PF_ONLY	2.97021987491174	2.525984070120781	2.4597358379866816	2.457962003657226	2.9052905528131965	3.1515235667792076	2.6976770743562923	2.5213910726196462	3.0043799846855688	2.604662764795438	2.969213450723562	2.606651672710272	0.5122578712545143	-0.016273990767660874
VUILD107MA_150_11_22	VUILD107MA	VUILD107	fold_2	epithelial_transitional	PF_ONLY	2.85342466099687	2.525983015008047	2.430805929292878	2.4756044123400436	2.8508855957268415	2.8598188905309714	2.6595030288492842	2.519735929953839	2.6767279653593756	2.580607924414644	2.7393385915470256	2.5821722192079877	0.3778202486568265	-0.01911343228762872
VUILD107MA_150_12_17	VUILD107MA	VUILD107	fold_2	epithelial_transitional	PF_ONLY	2.00692081304012	2.525988244006543	2.225974133154085	2.276490963261742	2.6773477598368576	2.716406216574694	2.5893289986787416	2.5278372448594966	2.6758917020669784	2.4645759776939618	2.740076417005535	2.469425194270977	-0.2695701502216217	-0.02224937813514801
VUILD107MA_150_12_18	VUILD107MA	VUILD107	fold_2	epithelial_transitional	PF_ONLY	2.68025379836987	2.525987188893809	2.3146228775699416	2.3545255903080697	2.8137180131238004	2.8482737534936824	2.6445302848148877	2.52618210219369	2.5344941221077777	2.547008724072363	2.7462245727405397	2.551556665409499	0.3257282080618005	-0.016265834141992334
VUILD107MA_150_12_19	VUILD107MA	VUILD107	fold_2	epithelial_transitional	PF_ONLY	2.22581635159907	2.5259861337810743	2.449550968113615	2.3471300989816712	2.6380919542234156	2.7142041577850238	2.5799152830733787	2.5245269595278828	2.5766959360493753	2.503888434378817	2.6660645216831593	2.5071729914534013	-0.12131374738260137	-0.02230755827717711
VUILD107MA_150_12_20	VUILD107MA	VUILD107	fold_2	epithelial_transitional	PF_ONLY	2.81149386784915	2.52598507866834	2.564774399915964	2.5196944332861433	2.879447251559638	3.11268784867891	2.5927705469221056	2.5228718168620756	2.8454925677655205	2.561260092016535	2.7961381329395154	2.5606354214862463	0.2917994345630066	-0.015886065710489193
VUILD107MA_150_12_21	VUILD107MA	VUILD107	fold_2	epithelial_transitional	PF_ONLY	2.83390214120095	2.5259840235556057	2.3313241305362697	2.383821396219686	2.7127729688263553	2.822085944309357	2.6343540019149523	2.5212166741962685	2.6337289076811268	2.5485209535250086	2.6399304311599607	2.5506965888439943	0.45008074498126405	-0.018070962327209082
VUILD107MA_150_12_22	VUILD107MA	VUILD107	fold_2	epithelial_transitional	PF_ONLY	2.48606745707847	2.5259829684428716	2.436518166405391	2.3660238998878573	2.7188603318550495	2.8585888303336464	2.5604005937142045	2.5195615315304614	2.5921264093387193	2.484735848076889	2.6382970307264766	2.4879273377520352	0.12004355719061266	-0.01984634296891052
VUILD107MA_150_12_9	VUILD107MA	VUILD107	fold_2	epithelial_transitional	PF_ONLY	3.52791372950737	2.5259966849084172	2.7269315113906414	2.5997588258621716	2.6512599813885087	2.7766336929952162	2.623917314042825	2.541078386185953	2.4541091581110948	2.50241180964351	2.500748476676694	2.5037679712677616	0.9281549036451984	-0.024065570583701856
VUILD107MA_150_13_10	VUILD107MA	VUILD107	fold_2	epithelial_transitional	PF_ONLY	3.13797651930537	2.5259955832305074	2.4090575693480942	2.528336588872081	2.79605180323825	3.058327188341023	2.604365640420927	2.5392488450967687	3.1113895774169777	2.493717996884074	2.9299991398710326	2.4966767627830837	0.6096399304332891	-0.02040288955982078
VUILD107MA_150_13_16	VUILD107MA	VUILD107	fold_2	epithelial_transitional	PF_ONLY	2.94407170199822	2.5259892525541017	2.380769293203753	2.3606355004919677	2.722005451620857	2.7756643972623993	2.6155831635011317	2.5293179891019264	2.645817630286315	2.474839384428384	2.670148461365709	2.479534362610826	0.5834362015062524	-0.02372603375572739
VUILD107MA_150_13_17	VUILD107MA	VUILD107	fold_2	epithelial_transitional	PF_ONLY	1.86184545714062	2.5259881974413676	2.34273975222818	2.297874307988963	2.6733954539064593	2.802894877446486	2.575600181989125	2.5276628464361193	2.364832470865302	2.4816957628150527	2.429346330839645	2.486168774049679	-0.436028850848343	-0.022594502339934326
VUILD107MA_150_13_18	VUILD107MA	VUILD107	fold_2	epithelial_transitional	PF_ONLY	2.22782600440297	2.525987142328633	2.4708517521539006	2.3059286936872314	2.5747919027213415	2.4984263503930197	2.5483874896693552	2.526007703770312	2.471766562806927	2.4585241901061097	2.5136489110345406	2.463068548387884	-0.07810268928426156	-0.02571270238994072
VUILD107MA_150_13_19	VUILD107MA	VUILD107	fold_2	epithelial_transitional	PF_ONLY	2.66210597483019	2.525986087215899	2.029293940063011	2.1633875251438766	2.5413838036509273	2.6749485011349536	2.559663268548145	2.524352561104505	2.64507167396232	2.48112302845198	2.6327396671354855	2.4885195817984767	0.4987184496863133	-0.03287582115229556
VUILD107MA_150_13_21	VUILD107MA	VUILD107	fold_2	epithelial_transitional	PF_ONLY	2.08823946435061	2.5259839769904304	2.3301144714548396	2.3386022608937336	2.838559070561172	2.944985998350653	2.5189197793924687	2.521042275772891	2.729719284875272	2.519308307829153	2.7834073451345254	2.522948539253454	-0.25036279654312343	-0.01480690097219094
VUILD107MA_150_13_22	VUILD107MA	VUILD107	fold_2	epithelial_transitional	PF_ONLY	2.18341858830198	2.525982921877696	2.0862362414747007	2.198299089477872	2.765118998157538	2.681349456051332	2.5194749525597238	2.519387133107084	2.7122223574767257	2.48789426701437	2.7307741713745948	2.4936116037050766	-0.01488050117589168	-0.016440983287046143
VUILD107MA_150_13_23	VUILD107MA	VUILD107	fold_2	epithelial_transitional	PF_ONLY	2.92531934324859	2.525981866764962	2.390977120042896	2.4083064813565844	2.867103441713497	2.9395716417697253	2.755628775321313	2.517731990441277	2.901704029356353	2.5821170329901246	2.844225865466179	2.5863556399406042	0.5170128618920056	-0.015747793596786464
VUILD107MA_150_14_17	VUILD107MA	VUILD107	fold_2	epithelial_transitional	PF_ONLY	2.44770052141059	2.5259881508761923	2.1092071686725475	2.193198308032408	2.7150605261492573	2.7939158519329728	2.5718249207771557	2.527488448012742	2.630419497144278	2.4393025408269313	2.6027458300280766	2.4452449613058236	0.25450221337818224	-0.02284853119658347
VUILD107MA_150_14_18	VUILD107MA	VUILD107	fold_2	epithelial_transitional	PF_ONLY	2.55704383812792	2.525987095763458	2.1100068368170426	2.126011465295589	2.6480892513012684	2.687915372278641	2.5474969450999208	2.525833305346935	2.582660751437497	2.45690710087438	2.582854365510515	2.465937058588931	0.4310323728323313	-0.024337466352551997
VUILD107MA_150_14_20	VUILD107MA	VUILD107	fold_2	epithelial_transitional	PF_ONLY	2.43196382848312	2.5259849855379892	2.640328414878642	2.4667297924951237	2.787383215607311	3.1721883730255716	2.5621756888723257	2.5225230200153206	2.9031163601262486	2.4984196257355706	2.8976012125480883	2.500147233170875	-0.034765964012003714	-0.02104008542122303
VUILD107MA_150_14_21	VUILD107MA	VUILD107	fold_2	epithelial_transitional	PF_ONLY	1.77535619866939	2.525983930425255	2.2162813074784156	2.324372347213382	2.7700852373127263	2.961874964809844	2.5136813371290265	2.5208678773495135	2.918461229293127	2.458097706766264	2.8889194747440605	2.461308650474868	-0.5490161485439919	-0.01985797790208578
VUILD107MA_150_14_6	VUILD107MA	VUILD107	fold_2	epithelial_transitional	PF_ONLY	3.04939606820963	2.5259997571162693	2.5797051127633543	2.613847762159421	2.718133912454752	2.8371232951971366	2.620164641165814	2.545695017336619	2.393182803170469	2.483687170681411	2.3656047050959077	2.4837554114663565	0.435548306050209	-0.02424413607220363
VUILD107MA_150_15_15	VUILD107MA	VUILD107	fold_2	epithelial_transitional	PF_ONLY	3.75968679665671	2.525990214536485	2.277336051649422	2.421868670464074	2.875313821804695	3.323628612223472	2.588725819239912	2.5306243349209785	3.013211363536429	2.514077812822431	2.9030886802941342	2.517669375395088	1.3378181261926358	-0.022761351809873077
VUILD107MA_150_15_16	VUILD107MA	VUILD107	fold_2	epithelial_transitional	PF_ONLY	2.32668891386159	2.525989159423751	2.61294880901488	2.6444174479823577	2.738731894272541	3.043061701087213	2.6018713777222175	2.5289691922551714	2.746441099282216	2.4718024539326477	2.5551431588329394	2.4709075135575933	-0.31772853412076785	-0.024539402757754975
VUILD107MA_150_15_17	VUILD107MA	VUILD107	fold_2	epithelial_transitional	PF_ONLY	2.19718064374522	2.5259881043110166	2.4658411790946584	2.382887771869161	2.53459880516229	2.6025913220880397	2.5294751221675713	2.5273140495893642	2.401518511722118	2.434647188496221	2.3660061985450387	2.435886143866488	-0.18570712812394063	-0.02843294871756626
VUILD107MA_150_15_19	VUILD107MA	VUILD107	fold_2	epithelial_transitional	PF_ONLY	2.82357852156757	2.525985994085548	2.385128361532253	2.3608273240054545	2.6695996049091635	2.766189566247655	2.5160460371013067	2.5240037642577504	2.9812971894198004	2.5273143652768235	2.8821889196611465	2.531657178205777	0.46275119756211547	-0.03020867454488341
VUILD107MA_150_15_20	VUILD107MA	VUILD107	fold_2	epithelial_transitional	PF_ONLY	2.56565183508973	2.525984938972814	2.6064787225151638	2.701293034634613	2.8263604143542396	3.1951647513796635	2.5900399383022634	2.5223486215919433	3.1765271048969916	2.5456754384211933	3.0222787113887453	2.5449644301036534	-0.13564119954488296	-0.01988234679505774
VUILD107MA_150_15_4	VUILD107MA	VUILD107	fold_2	epithelial_transitional	PF_ONLY	3.74655238708774	2.5260018207765627	2.894185760282884	2.8315225906070043	2.7844307701390347	3.0544187576437483	2.6049592053271984	2.5488309042448556	2.848019087590178	2.5335244316032366	2.7339503071659648	2.5307283872607997	0.9150297964807357	-0.020396138039681815
VUILD107MA_150_15_5	VUILD107MA	VUILD107	fold_2	epithelial_transitional	PF_ONLY	3.07039030847274	2.5260007656638286	2.428458270544218	2.6299015651075233	2.6203636489107813	2.6541028150694816	2.567212012081814	2.547175761579049	2.641544516510528	2.4875873413955603	2.5594412909894606	2.4868240799984673	0.4404887433652167	-0.027181814002654504
VUILD107MA_150_15_8	VUILD107MA	VUILD107	fold_2	epithelial_transitional	PF_ONLY	2.38319208201599	2.5259976003256255	2.688731672674403	2.6706870803663687	2.5522602637121534	2.5530020831152487	2.6010194416731767	2.5422103335816275	2.439177801857292	2.487213882983134	2.4714018995680918	2.486309861797256	-0.2874949983503785	-0.027415013635844334
VUILD107MA_150_15_9	VUILD107MA	VUILD107	fold_2	epithelial_transitional	PF_ONLY	3.23447171250856	2.5259965452128914	2.721530658864144	2.6120166322226175	2.7241965088849063	2.8856239420682264	2.6251148195880103	2.5405551909158204	2.494442857908504	2.4829186135154444	2.51092426380448	2.483801746910973	0.6224550802859423	-0.025163454233550004
VUILD107MA_150_16_10	VUILD107MA	VUILD107	fold_2	epithelial_transitional	PF_ONLY	3.72253393334718	2.5259954435349816	2.781750011832271	2.527369203375469	2.7963964722006893	2.847601982041798	2.631027376448371	2.538725649826636	2.805381125134979	2.4757625708013125	2.723470583609134	2.477640442109846	1.1951647299717107	-0.02386811644168189
VUILD107MA_150_16_11	VUILD107MA	VUILD107	fold_2	epithelial_transitional	PF_ONLY	3.14941603477202	2.525994388422247	2.1226449868911272	2.245936347017489	2.7263710838822575	2.815910787776364	2.628581843429352	2.537070507160829	2.431947207177922	2.503820230008672	2.479145694519675	2.510069857664131	0.903479687754531	-0.02021910745340766
VUILD107MA_150_16_19	VUILD107MA	VUILD107	fold_2	epithelial_transitional	PF_ONLY	3.69875668381662	2.5259859475203728	2.9171828876775603	2.8668006353136115	2.507426209569544	2.841220165278332	2.601444532648036	2.5238293658343727	2.9191841422673868	2.510134816207788	2.6359289436055264	2.5048746608654002	0.8319560485030086	-0.03525773138521449
VUILD107MA_150_16_20	VUILD107MA	VUILD107	fold_2	epithelial_transitional	PF_ONLY	2.79469579027808	2.5259848924076387	2.7867021500471454	2.8304359218011794	2.7295120823331005	3.058892870676585	2.614352513141879	2.5221742231685655	2.8913574075168826	2.500559156526086	2.718171065624196	2.496172856964336	-0.03574013152309963	-0.020016947440088938
VUILD107MA_150_16_8	VUILD107MA	VUILD107	fold_2	epithelial_transitional	PF_ONLY	3.1601412766795	2.52599755376045	2.408759684732447	2.4236078076546783	2.615119855621838	2.5120216256150116	2.5910811580334387	2.54203593515825	2.7354339205179836	2.4846408264064657	2.700908683655258	2.4873763712504857	0.7365334690248218	-0.02441617734556921
VUILD107MA_150_17_15	VUILD107MA	VUILD107	fold_2	epithelial_transitional	PF_ONLY	2.75238373930051	2.5259901214061347	2.513250154118343	2.6237493439252826	2.5821999149090056	2.597615196036016	2.579644168328612	2.5302755380742235	2.4360161832608958	2.4664588429701957	2.4396733314317376	2.4664418853318257	0.12863439537522758	-0.02445894936477319
VUILD107MA_150_17_16	VUILD107MA	VUILD107	fold_2	epithelial_transitional	PF_ONLY	2.66413381931341	2.5259890662934	2.6715150346982357	2.690903710507585	2.584052509070031	2.6214523838163353	2.5394877888817207	2.5286203954084163	2.5321810143756003	2.4456938354143305	2.4419581825580794	2.44190122040115	-0.026769891194174722	-0.026785018830779047
VUILD107MA_150_17_19	VUILD107MA	VUILD107	fold_2	epithelial_transitional	PF_ONLY	3.14693126839743	2.5259859009551975	2.6753928009782784	2.7779775292224484	2.468890165617297	2.6050841448222184	2.598627751539276	2.5236549674109954	2.6362930723527156	2.5155546491165244	2.5154906011404585	2.512492669254911	0.36895373917498153	-0.03353780375241854
VUILD107MA_150_17_20	VUILD107MA	VUILD107	fold_2	epithelial_transitional	PF_ONLY	2.98471667643248	2.525984845842463	2.462994128486637	2.4791161843019904	2.7539786237698065	3.0109822102909356	2.4948511994024205	2.5219998247451882	3.059347425854326	2.4705677921549114	2.9245274899276703	2.472282229735589	0.5056004921304895	-0.02035102036554262
VUILD107MA_150_17_22	VUILD107MA	VUILD107	fold_2	epithelial_transitional	PF_ONLY	3.33714174604523	2.5259827356169944	2.6073424009890966	2.445835049302178	2.6944368824767095	2.8696933507824274	2.6532171634306674	2.518689539413574	2.6496814536429234	2.492512973055727	2.590705504204074	2.4948554226224218	0.8913066967430519	-0.02244886020951193
VUILD107MA_150_17_8	VUILD107MA	VUILD107	fold_2	epithelial_transitional	PF_ONLY	2.90085884914914	2.525997507195275	2.362257332658124	2.359271490414249	2.5448421890165815	2.564317698795179	2.5957252327095315	2.5418615367348725	2.6791337784296543	2.4685703181372554	2.646794619694457	2.472270600991603	0.541587358734891	-0.027162443228745003
VUILD107MA_150_18_10	VUILD107MA	VUILD107	fold_2	epithelial_transitional	PF_ONLY	3.00986410758718	2.5259953504046306	2.794288130993374	2.6676069829128233	2.7044532363963016	2.874288849765964	2.592255326673317	2.538376852979881	2.7177607599803055	2.4832630165498637	2.6637813441961193	2.4825614796861717	0.34225712467435665	-0.022507481705089545
VUILD107MA_150_18_12	VUILD107MA	VUILD107	fold_2	epithelial_transitional	PF_ONLY	2.37873034361518	2.525993240179162	2.3615352295930414	2.3691545291127296	2.681681956820043	2.6577794299756974	2.6189335555278705	2.535066567648267	2.306021503666598	2.5191020237987396	2.428699344564571	2.523303354574056	0.009575814502450264	-0.026775048010508985
VUILD107MA_150_18_15	VUILD107MA	VUILD107	fold_2	epithelial_transitional	PF_ONLY	2.49667806118488	2.5259900748409594	2.337775592117095	2.4394689772992892	2.675324939077803	2.697973693756518	2.5867538622182753	2.5301011396508457	2.394172073493147	2.4649328915043185	2.4862617817088086	2.4679562418786025	0.05720908388559076	-0.02287147458745652
VUILD107MA_150_18_16	VUILD107MA	VUILD107	fold_2	epithelial_transitional	PF_ONLY	2.78468989454515	2.525989019728225	2.5194723332215343	2.547698310996067	2.62078230544779	2.635301324444224	2.5664471773185396	2.528445996985039	2.8765602181879713	2.471930495038642	2.7563361697123505	2.4717678014385154	0.236991583549083	-0.0263273537492751
VUILD107MA_150_19_10	VUILD107MA	VUILD107	fold_2	epithelial_transitional	PF_ONLY	3.1965374755623	2.5259953038394554	2.3472889261861867	2.3603315221575065	2.615081246865532	2.609670071333887	2.535143426967261	2.5382024545565036	2.6869263615011185	2.4626273279484794	2.662658558612316	2.465320782127472	0.8362059534047934	-0.025259279861998163
VUILD107MA_150_19_11	VUILD107MA	VUILD107	fold_2	epithelial_transitional	PF_ONLY	2.94163146669629	2.5259942487267213	2.474410178954228	2.519339347239132	2.674976382228621	2.8373134765779904	2.6271813960983947	2.5365473118906965	2.5140742762876767	2.496768851465526	2.512506722457897	2.4980742288452817	0.42229211945715805	-0.024665133891050135
VUILD107MA_150_19_12	VUILD107MA	VUILD107	fold_2	epithelial_transitional	PF_ONLY	2.30835339325426	2.5259931936139868	2.5285638193612767	2.443827871913325	2.615404514873373	2.814563523983081	2.635575500635552	2.5348921692248894	2.3809131588843218	2.5031862766027513	2.389581599645741	2.5058714785644756	-0.1354744786590647	-0.027717152247550333
VUILD107MA_150_19_13	VUILD107MA	VUILD107	fold_2	epithelial_transitional	PF_ONLY	1.91974452520819	2.5259921385012527	2.1183674113841513	2.2392760120006017	2.5102388664877564	2.288738818396839	2.6278464436858195	2.5332370265590827	2.28008252703344	2.4952152216677144	2.551048979449586	2.501043239932832	-0.3195314867924117	-0.02655199421965264
VUILD107MA_150_19_16	VUILD107MA	VUILD107	fold_2	epithelial_transitional	PF_ONLY	2.17461940958193	2.5259889731630496	2.378918322343166	2.452139157098864	2.666550453960922	2.4884547006951157	2.5985978983885603	2.5282715985616613	2.442206299271307	2.5350958455395123	2.51640101290797	2.537128972779802	-0.277519747516934	-0.022962887867593203
VUILD107MA_150_19_8	VUILD107MA	VUILD107	fold_2	epithelial_transitional	PF_ONLY	3.29620788868476	2.525997414064924	2.540064531652039	2.5485836625850364	2.6904872178257477	2.828603669126782	2.635063448049475	2.5415127398881174	2.630736005842444	2.5092704703884485	2.645811632114002	2.5115662289636083	0.7476242260997235	-0.024302211912007616
VUILD107MA_150_19_9	VUILD107MA	VUILD107	fold_2	epithelial_transitional	PF_ONLY	3.05147881600767	2.52599635895219	2.1996767560850294	2.3093663359353767	2.534138252220752	2.5723936582887856	2.5625584726655193	2.5398575972223107	2.819178395291786	2.4345180296195412	2.6504359402403295	2.439341668324221	0.7421124800722931	-0.026831608055809003
VUILD107MA_150_20_11	VUILD107MA	VUILD107	fold_2	epithelial_transitional	PF_ONLY	2.77378207926429	2.5259942021615456	2.615846415453801	2.591887362474472	2.7565801398795746	3.031926930695765	2.572373285616711	2.536372913467319	2.787069991295142	2.4736403161045635	2.632625477481621	2.4744404508924562	0.18189471678981795	-0.023519606323065864
VUILD107MA_150_20_13	VUILD107MA	VUILD107	fold_2	epithelial_transitional	PF_ONLY	2.07167865143437	2.525992091936077	2.3255511878437054	2.406184350702664	2.5973741492948363	2.6185283937060384	2.611802558474584	2.533062628135705	2.450552532321641	2.5159344577149527	2.5619933860740134	2.519205793402086	-0.334505699268294	-0.02894361230903298
VUILD107MA_150_20_14	VUILD107MA	VUILD107	fold_2	epithelial_transitional	PF_ONLY	1.98326124953048	2.525991036823343	2.3998136918958997	2.450622255528555	2.568877708527211	2.5251378401736946	2.579848703088254	2.531407485469898	2.2942441729012093	2.495289027128864	2.404024933467692	2.4979126250231793	-0.46736100599807484	-0.022521490594920174
VUILD107MA_150_20_16	VUILD107MA	VUILD107	fold_2	epithelial_transitional	PF_ONLY	2.46493326621862	2.5259889265978743	2.509951384130945	2.395681483596573	2.6564367495857653	2.6073504229306375	2.5795168586303667	2.528097200138284	2.5314773924608036	2.506511731106626	2.575326939515976	2.509737932245206	0.06925178262204668	-0.02384534979969045
VUILD107MA_150_21_12	VUILD107MA	VUILD107	fold_2	epithelial_transitional	PF_ONLY	2.28395765252357	2.5259931004836362	2.5027858629120083	2.626915774800443	2.534431294880859	2.498393325821142	2.6039449184161474	2.5345433723781343	2.508388349970574	2.4693975222120326	2.4645941410779915	2.4686576897855415	-0.34295812227687295	-0.028140885872561795
VUILD107MA_150_21_15	VUILD107MA	VUILD107	fold_2	epithelial_transitional	PF_ONLY	2.57906769679694	2.525989935145433	2.1579378622214533	2.281195164368625	2.741262381238751	2.880543449016326	2.5900404488531725	2.5295779443807134	2.728321724572569	2.5408087967532182	2.753045568281721	2.5462853040320894	0.29787253242831513	-0.022325653832049052
VUILD107MA_150_22_13	VUILD107MA	VUILD107	fold_2	epithelial_transitional	PF_ONLY	3.0389758906195	2.5259919988057264	2.696795541603302	2.7401574905295902	2.5790224042722945	2.6058969850176967	2.6328222358262927	2.53271383128895	2.829224192848368	2.5260223616745003	2.738493199150846	2.5240111642726637	0.2988184000899099	-0.02734045500720355
VUILD107MA_150_4_19	VUILD107MA	VUILD107	fold_2	epithelial_transitional	PF_ONLY	1.94224892479145	2.5259865063024773	2.356202217750766	2.234308648899882	2.400982757156291	2.4084665432905297	2.5252425311171227	2.5259221469149025	2.1297399086575677	2.4556754616289846	2.239559933662077	2.461642300838884	-0.29205972410843173	-0.0329848349486923
VUILD107MA_150_5_17	VUILD107MA	VUILD107	fold_2	epithelial_transitional	PF_ONLY	2.85700194059013	2.5259885699627707	2.274692467021441	2.2534823380540674	2.7067029966540197	2.802397405555563	2.5956842879780706	2.529058033823139	2.5951901706739906	2.523489217676362	2.654634814220432	2.528815594352151	0.6035196025360627	-0.01851319204107763
VUILD107MA_150_5_18	VUILD107MA	VUILD107	fold_2	epithelial_transitional	PF_ONLY	2.51391688483722	2.525987514850036	2.552622391562357	2.411235602224773	2.68107821163899	2.7849945187705925	2.594355444699991	2.5274028911573323	2.547691401217648	2.5448500589325156	2.581912220535811	2.5486352652279844	0.1026812826124468	-0.021934360506661657
VUILD107MA_150_5_19	VUILD107MA	VUILD107	fold_2	epithelial_transitional	PF_ONLY	1.76979283678053	2.525986459737302	2.0269497122418443	2.077536427768735	2.372527201944811	2.3092454662790187	2.510108323388243	2.525747748491525	2.2399438930805973	2.4619309792235025	2.3559744684834083	2.4687320078838675	-0.3077435909882049	-0.032668293667240764
VUILD107MA_150_5_20	VUILD107MA	VUILD107	fold_2	epithelial_transitional	PF_ONLY	2.98701159490762	2.5259854046245676	2.0983091341576996	2.111726292630738	2.903891372183253	3.1232122936648032	2.510143508106613	2.524092605825718	2.9494518983420104	2.5122841437162022	2.8883901745590457	2.5195143848320725	0.8752853022768821	-0.016252148926719147
VUILD107MA_150_5_21	VUILD107MA	VUILD107	fold_2	epithelial_transitional	PF_ONLY	3.31611187381371	2.5259843495118335	2.5042818769847703	2.4490711747841547	2.8359635834267447	3.0395322137880747	2.5787802923626555	2.522437463159911	2.8458737079384044	2.549144488401307	2.8320791080776897	2.5512375105838716	0.8670406990295554	-0.019064675348539603
VUILD107MA_150_6_18	VUILD107MA	VUILD107	fold_2	epithelial_transitional	PF_ONLY	1.89269931822549	2.525987468284861	2.428826263028997	2.406391744895698	2.6479245066253507	2.727721849407409	2.637186039383624	2.5272284927339546	2.4026384508265353	2.4723162455510543	2.546459530249784	2.4758587139884027	-0.5136924266702081	-0.023043979010807
VUILD107MA_150_6_19	VUILD107MA	VUILD107	fold_2	epithelial_transitional	PF_ONLY	2.60929045528738	2.525986413172127	2.2206778096745063	2.121269328941084	2.5702166955882357	2.5050001461463944	2.609621599703166	2.5255733500681474	2.399361188758607	2.5182278783438834	2.551787650341435	2.52546626645014	0.4880211263462959	-0.02496055452864267
VUILD107MA_150_6_20	VUILD107MA	VUILD107	fold_2	epithelial_transitional	PF_ONLY	2.8231481181131	2.5259853580593923	2.430132249819208	2.3193307084814894	2.753549805055048	3.055996033673382	2.636238987071678	2.5239182074023407	2.8773954392281644	2.5404935999952056	2.7948885826013985	2.54449303746389	0.5038174096316106	-0.019741371483333735
VUILD107MA_150_6_21	VUILD107MA	VUILD107	fold_2	epithelial_transitional	PF_ONLY	2.89049553505667	2.525984302946658	2.052042163379116	2.1544090597018837	2.889254721900396	3.0174812589268853	2.593405163577088	2.5222630647365336	2.7676894389312463	2.564057077365723	2.9230852385759505	2.5704820473801178	0.7360864753547864	-0.01571391163360255
VUILD107MA_150_6_22	VUILD107MA	VUILD107	fold_2	epithelial_transitional	PF_ONLY	2.8871896368009	2.5259832478339237	2.4067708875856444	2.4287796354151383	2.787238089076738	2.976790533027727	2.5607906969634002	2.5206079220707265	2.892266040610126	2.512958265449247	2.870686254190099	2.515456640903245	0.4584100013857615	-0.017407817952792812
VUILD107MA_150_7_19	VUILD107MA	VUILD107	fold_2	epithelial_transitional	PF_ONLY	1.77932417550661	2.525986366606951	1.6218708807786866	1.873744235076952	2.4585430049344557	2.2730821074460286	2.5086751641887615	2.52539895164477	2.2847913426817446	2.4683346907421875	2.450784792709304	2.4789480133868627	-0.09442005957034194	-0.0285115723391533
VUILD107MA_150_7_20	VUILD107MA	VUILD107	fold_2	epithelial_transitional	PF_ONLY	2.80724167602245	2.525985311494217	2.2731105687268087	2.1404219055790668	2.5685637268377364	2.5904650889973433	2.5224690219241723	2.523743808978963	2.680520965403187	2.482679975443986	2.6515504350774797	2.4883404209822797	0.6668197704433831	-0.023216946925937502
VUILD107MA_150_7_21	VUILD107MA	VUILD107	fold_2	epithelial_transitional	PF_ONLY	3.20122093233159	2.5259842563814825	2.089941411507584	2.194231474625486	2.6667349642871367	2.6164893344767095	2.5350784287712713	2.522088666313156	2.42442188016346	2.4684612274709252	2.5319466160044652	2.4735267824437366	1.006989457706104	-0.021822495142484626
VUILD107MA_150_8_19	VUILD107MA	VUILD107	fold_2	epithelial_transitional	PF_ONLY	1.6170629546261	2.525986320041776	2.149901192771246	2.115412271294315	2.3347389637988143	2.395649465896866	2.397967857536687	2.525224553221393	2.068721671734819	2.4743836605754996	2.1465421231784387	2.4815291476743497	-0.49834931666821514	-0.03446380381052515
VUILD107MA_150_8_20	VUILD107MA	VUILD107	fold_2	epithelial_transitional	PF_ONLY	2.3947397959517	2.5259852649290417	2.3552679116374664	2.36879909268408	2.7480965443000875	2.853679754716695	2.5289841936679927	2.5235694105555857	2.91046996342338	2.5243394323123725	2.8595427278131815	2.5253869454020177	0.02594070326761999	-0.020436966738651613
VUILD107MA_150_8_21	VUILD107MA	VUILD107	fold_2	epithelial_transitional	PF_ONLY	2.52005463095068	2.5259842098163072	2.489254256737924	2.3385067201638727	2.8182044391468954	3.0072363370457	2.5631839239544325	2.5219142678897786	2.8452861039584008	2.513666798426902	2.7677373758413566	2.5157964627054623	0.18154791078680743	-0.02120247001180209
VUILD107MA_150_8_22	VUILD107MA	VUILD107	fold_2	epithelial_transitional	PF_ONLY	2.58475320855065	2.525983154703573	1.683929891514647	1.9898159324700606	2.666562656312158	2.5635467364801365	2.474024991575575	2.5202591252239714	2.7071130509979566	2.477668061107209	2.7886714117247844	2.48515889143635	0.5949372760805895	-0.01974872228089959
VUILD107MA_150_8_23	VUILD107MA	VUILD107	fold_2	epithelial_transitional	PF_ONLY	2.66527758676022	2.5259820995908386	2.60277426816694	2.9966216905227214	2.7447169126310147	3.0103416916837853	2.64887265195148	2.5186039825581643	2.933288324286594	2.5311397335738577	2.753843537011034	2.520844289892057	-0.33134410376250134	-0.01620677103572775
VUILD107MA_150_9_21	VUILD107MA	VUILD107	fold_2	epithelial_transitional	PF_ONLY	2.74730533358948	2.525984163251132	2.4424279528295267	2.459329292960539	2.7352789031088487	2.8401192981016625	2.597202361230257	2.5217398694664013	2.758708362910241	2.5122430212761238	2.7838313491676465	2.513011637726989	0.2879760406289411	-0.01789850171261869
VUILD107MA_150_9_22	VUILD107MA	VUILD107	fold_2	epithelial_transitional	PF_ONLY	2.33763653497327	2.5259831081383974	2.313571312144201	2.2336651902924256	2.649503940269606	2.615364108277391	2.5500611724920286	2.520084726800594	2.520617197682143	2.4932943175647555	2.6077592598597037	2.4976682089348157	0.10397134468084435	-0.018516863396882778
VUILD107MA_150_9_23	VUILD107MA	VUILD107	fold_2	epithelial_transitional	PF_ONLY	2.44126249527883	2.5259820530256634	2.3816395882023262	2.432533760509029	2.680898388468908	2.61244544190928	2.4760528763648444	2.518429584134787	2.50293276680979	2.52097450126127	2.5696074236984687	2.5218821822619355	0.008728734769801072	-0.01881220869376798
