region_id	sample_id	donor_id	fold	target	analysis_stratum	observed	M0_pred	M1_pred	M2_pred	M3_pred	M4_pred	color_pred	coordinate_pred	grayscale_pred	macenko_pred	M3_grayscale_pred	M3_macenko_pred	heldout_base_residual	morphology_predicted_residual
THD0011_150_10_17	THD0011	THD0011	fold_4	epithelial_transitional	DISEASE_ADJUSTED	1.86332952306361	1.804259902277522	1.886580681921434	1.8521167332085489	2.688111004526383	2.644132444388655	1.950653388471526	2.3150433384250726	2.348866761223595	1.8285086094064649	2.365118172073533	1.8262984197619705	0.011212789855061134	0.3555976239681544
THD0011_150_10_18	THD0011	THD0011	fold_4	epithelial_transitional	DISEASE_ADJUSTED	2.21566096289906	1.802695784235232	1.7127952715418138	1.694331600851034	2.2767514792134	2.244009495641621	2.062893718116608	2.314765428787556	1.9785412525612043	2.1684757910272423	1.9801873255678248	2.219940571124152	0.5213293620480257	0.26403222584557756
THD0011_150_10_19	THD0011	THD0011	fold_4	epithelial_transitional	DISEASE_ADJUSTED	1.78135132188741	1.801131666192942	1.9112777873937816	1.8231505789168811	2.128452183745986	2.088713869355917	1.9259763991357008	2.314487519150039	2.1168043672793067	1.819218704882098	2.118398244085781	1.985347622687909	-0.04179925702947118	0.09500125409807376
THD0011_150_10_4	THD0011	THD0011	fold_4	epithelial_transitional	DISEASE_ADJUSTED	2.24395059338071	1.824593436827295	1.8655055588489144	1.7894148929083782	2.1502226044313852	2.128442315047182	2.119408350120951	2.318656163712791	2.2930962512939415	1.9988802233963647	2.3148168032336436	2.1518942273967223	0.4545357004723316	0.03774962115645261
THD0011_150_10_6	THD0011	THD0011	fold_4	epithelial_transitional	DISEASE_ADJUSTED	1.30880145388831	1.8214652007427143	1.9405073839082911	1.858148708746027	2.5053869723138256	2.4639626219391753	1.9435981426237632	2.3181003444377577	2.425547258180514	2.2060878181814774	2.4385405978054187	2.3005738631525334	-0.549347254857717	0.17252527654224792
THD0011_150_11_12	THD0011	THD0011	fold_4	epithelial_transitional	DISEASE_ADJUSTED	1.30991688946316	1.8097802212878231	1.7356084338431763	1.6619355043092727	2.033201172987062	2.0516014340477007	1.9072530902268496	2.3172395814895475	2.086081093919245	1.7887707299746878	2.0696212279396184	1.8798521964267911	-0.35201861484611263	-0.042689898368477044
THD0011_150_11_13	THD0011	THD0011	fold_4	epithelial_transitional	DISEASE_ADJUSTED	1.56228185586577	1.8082161032455328	1.765639493985209	1.7349721730304961	2.4544573316371907	2.4317343767963466	1.9186413707365708	2.3169616718520305	1.9987898602134873	2.045629856705722	2.0118101325928475	2.0877884832691196	-0.17269031716472605	0.11185430972200783
THD0011_150_11_18	THD0011	THD0011	fold_4	epithelial_transitional	DISEASE_ADJUSTED	1.75297378000602	1.8003955130340819	1.8706840779580416	1.805795682812247	2.3985189925876935	2.40241686686165	1.8043303142618803	2.3155721236644466	1.9201537810488538	1.8998459449190395	1.9135705765230382	1.901888054712722	-0.052821902806226895	0.1972354268743748
THD0011_150_11_5	THD0011	THD0011	fold_4	epithelial_transitional	DISEASE_ADJUSTED	1.67022430904773	1.8207290475838545	1.834252007338732	1.7750860741688224	2.463863270849076	2.4113203001846855	1.9738896666111438	2.319184948952165	2.226866650144306	1.6963093059821786	2.266230547409349	1.8208851907888253	-0.10486176512109235	0.10081838235729973
THD0011_150_11_6	THD0011	THD0011	fold_4	epithelial_transitional	DISEASE_ADJUSTED	1.2549757718346	1.8191649295415642	1.8765869788752125	1.8798563986235028	2.350667274404422	2.331323539703213	2.008237200244615	2.3189070393146483	2.3361417916890965	1.9840336693432596	2.3454423667681956	2.044386633295592	-0.6248806267889029	0.15854401277159197
THD0011_150_12_13	THD0011	THD0011	fold_4	epithelial_transitional	DISEASE_ADJUSTED	1.15412804522435	1.8059158320443827	1.7527621609447572	1.645259977668227	2.3686578952052235	2.342427267208682	2.017803701649345	2.317768366728921	2.1902737041036646	2.110690460331255	2.1963299723938614	2.261315898867564	-0.491131932443877	0.07636981986640988
THD0011_150_12_15	THD0011	THD0011	fold_4	epithelial_transitional	DISEASE_ADJUSTED	1.42743190845377	1.8027875959598023	1.8221154034755767	1.6761924122531684	2.0921244047901966	2.0431433692430323	2.0361443917388486	2.3172125474538876	2.0458168047701975	1.8262408609876224	2.0731748291862426	2.019290450713343	-0.2487605037993983	-0.08691689682081766
THD0011_150_12_19	THD0011	THD0011	fold_4	epithelial_transitional	DISEASE_ADJUSTED	1.83658261402931	1.7965311237906414	1.8148675460779697	1.7719431920731947	2.4937824911504767	2.4581446087408168	2.0058636809048127	2.3161009089038203	1.988994820211348	2.2985888309845204	2.0210007613437755	2.3577845936221924	0.06463942195611527	0.2151271608473454
THD0011_150_12_2	THD0011	THD0011	fold_4	epithelial_transitional	DISEASE_ADJUSTED	1.52536275711978	1.8231211305095747	1.8911081613608482	1.8574237000389116	2.2080769520683607	2.1946390046287694	2.002148550295033	2.320825372741606	2.422827328594277	1.7351638724182672	2.468514025207538	1.8916465576089276	-0.33206094291913146	-0.09613175942779906
THD0011_150_12_6	THD0011	THD0011	fold_4	epithelial_transitional	DISEASE_ADJUSTED	1.90967202052	1.816864658340414	1.8107208580289602	1.7571640623101548	2.7004719866016513	2.6468015212188596	2.1926985921692204	2.319713734191539	2.382214450963633	2.0439755551377967	2.4193728748441274	2.136837754569984	0.1525079582098452	0.24455644536933663
THD0011_150_12_7	THD0011	THD0011	fold_4	epithelial_transitional	DISEASE_ADJUSTED	1.87355646487608	1.8153005402981237	1.8354087342048093	1.8298412702705595	2.613545095899604	2.576594316968499	2.0443375284630303	2.319435824554022	2.570874844133066	2.278575444842889	2.6466037011217693	2.3654650189958084	0.043715194605520535	0.20692669691902968
THD0011_150_13_12	THD0011	THD0011	fold_4	epithelial_transitional	DISEASE_ADJUSTED	1.61885142322071	1.8051796788855226	2.315575997289167	2.0970610870605437	2.0907481409099176	2.128295516185876	2.276195741829053	2.3188529712433286	2.149460885948796	1.531246602376883	2.1216371260995928	1.5984166753524025	-0.47820966383983365	-0.019121212364494187
THD0011_150_13_13	THD0011	THD0011	fold_4	epithelial_transitional	DISEASE_ADJUSTED	1.54229884103487	1.8036155608432325	1.8170228458939448	1.776620283348496	2.0707922646802097	2.050833287212579	1.970939467302871	2.318575061605812	1.9395297611318392	1.6427003547964247	1.9517202561647713	1.6906959460942814	-0.23432144231362617	-0.023961487080582596
THD0011_150_13_16	THD0011	THD0011	fold_4	epithelial_transitional	DISEASE_ADJUSTED	1.64539542620762	1.7989232067163619	1.7324641585334382	1.4324530445744768	2.194232334846327	2.0905604158773277	2.091665088248438	2.3177413326932617	2.146871848813771	2.249008826727442	2.2455335065941413	2.4477916603839738	0.21294238163314327	-0.018530938043548665
THD0011_150_13_19	THD0011	THD0011	fold_4	epithelial_transitional	DISEASE_ADJUSTED	2.39670673917611	1.7942308525894912	1.6670476071276408	1.618408604904384	2.287576320978836	2.2379176568885844	1.8346547517901652	2.3169076037807113	2.172012124063622	2.0253499590150175	2.225897634395565	2.1210838665659604	0.7782981342717261	0.12303286537015867
THD0011_150_13_2	THD0011	THD0011	fold_4	epithelial_transitional	DISEASE_ADJUSTED	1.6739142150739	1.8208208593084247	1.8956709146384103	1.8708276142090798	2.3784434860110197	2.3732563348222513	1.9949358686774001	2.3216320676184967	2.2616262802761518	2.079102120203653	2.261116109652514	2.1528289748779716	-0.1969133991351799	0.0601634822224507
THD0011_150_13_5	THD0011	THD0011	fold_4	epithelial_transitional	DISEASE_ADJUSTED	1.92553726108515	1.8161285051815539	1.9035313424449656	1.810119247081074	2.31162536544326	2.2712627924401976	2.110786143203239	2.3207983387059463	2.179398504379651	2.1154352941676575	2.1760888162639955	2.187844803013144	0.11541801400407592	0.08272781869529351
THD0011_150_13_6	THD0011	THD0011	fold_4	epithelial_transitional	DISEASE_ADJUSTED	1.66085143417332	1.8145643871392638	1.7955050822614314	1.7350648327206246	2.2841287545471376	2.260860893628834	2.059036156382639	2.3205204290684294	2.2754856812868653	1.6363675137790419	2.2902005357699875	1.757138880914308	-0.07421339854730458	0.10920543190104375
THD0011_150_14_11	THD0011	THD0011	fold_4	epithelial_transitional	DISEASE_ADJUSTED	1.79702658396392	1.8044435257266627	1.9525697531521828	1.80480374034892	2.2913792180597805	2.289971436639577	2.161134944128055	2.319937575757736	2.052031762003896	2.1515379513945967	2.0289794546772217	2.1564987311747794	-0.007777156385000206	0.1584342421941368
THD0011_150_14_12	THD0011	THD0011	fold_4	epithelial_transitional	DISEASE_ADJUSTED	1.5946856191317	1.8028794076843724	1.6927009136968185	1.7275526739950684	2.4954410590881313	2.4478373236786912	2.2709748791315945	2.3196596661202196	2.042731670580711	1.8992532590062057	2.062602802767085	1.921394859459268	-0.13286705486336836	0.3757282170390232
THD0011_150_14_17	THD0011	THD0011	fold_4	epithelial_transitional	DISEASE_ADJUSTED	1.64642267651101	1.7950588174729214	1.849104668308395	1.5387296375915374	2.287888254937106	2.192254658920879	2.139735679042596	2.3182701179326353	2.082651156031343	1.874423099612847	2.132793552852703	2.1129533001114726	0.10769303891947257	0.05280955588725343
THD0011_150_14_18	THD0011	THD0011	fold_4	epithelial_transitional	DISEASE_ADJUSTED	1.84629971961354	1.7934946994306311	1.6567749774186598	1.5703223223943787	2.3945742966032597	2.332113566737794	2.149975009033393	2.3179922082951188	2.0220191511917918	1.7475458443018597	2.053349345550037	1.8621130870263034	0.27597739721916126	0.2894686886904284
THD0011_150_14_19	THD0011	THD0011	fold_4	epithelial_transitional	DISEASE_ADJUSTED	1.98189779018303	1.791930581388341	1.7846692061516607	1.8032364716442055	2.4233141383648245	2.372373229883206	2.1621907274826944	2.317714298657602	2.0480295176286942	2.5698828584367934	2.0723651278338346	2.6211014952888587	0.1786613185388244	0.27260631360079657
THD0011_150_14_2	THD0011	THD0011	fold_4	epithelial_transitional	DISEASE_ADJUSTED	2.04589780351212	1.8185205881072743	1.8583129161310248	1.7110275377425066	2.124294408785329	2.0611691110513086	1.740805595548255	2.3224387624953873	2.1434048161072643	1.934861068485739	2.1838479283961783	2.1014253183225136	0.33487026576961343	-0.054732913815063705
THD0011_150_14_9	THD0011	THD0011	fold_4	epithelial_transitional	DISEASE_ADJUSTED	1.20776847433442	1.807571761811243	2.153143661572548	1.7521891797963192	2.2901839450708685	2.253185535863854	2.265945371474425	2.32049339503277	2.0780029312515325	1.9590384005279422	2.098681360398749	2.213481891463241	-0.5444207054618992	0.1347930693264838
THD0011_150_15_11	THD0011	THD0011	fold_4	epithelial_transitional	DISEASE_ADJUSTED	2.05385105479312	1.8021432545255123	1.7081589764263334	1.7469697151510788	2.247039216184714	2.2026856249211253	2.1606033421617528	2.3207442706346266	2.14052495861146	2.3736658903903387	2.1475549379903387	2.420014986692173	0.30688133964204134	0.12686445631744744
THD0011_150_15_12	THD0011	THD0011	fold_4	epithelial_transitional	DISEASE_ADJUSTED	1.90094332558133	1.8005791364832222	1.8101124103844395	1.752024572131806	2.496071718397806	2.46903622465472	2.2884922220582338	2.32046636099711	2.2519313939396546	2.161682823378264	2.265773832100834	2.195116970854617	0.148918753449524	0.3148110131602099
THD0011_150_15_17	THD0011	THD0011	fold_4	epithelial_transitional	DISEASE_ADJUSTED	1.97200312366748	1.7927585462717712	1.7856626996266618	1.6391866173286505	2.2070409988304776	2.14694422980754	1.972402557522221	2.319076812809526	1.8950967272455848	1.7701508648042181	1.8978467997513446	1.903542235725869	0.33281650633882953	0.08558783024895163
THD0011_150_16_10	THD0011	THD0011	fold_4	epithelial_transitional	DISEASE_ADJUSTED	1.89578381368581	1.8014071013666524	1.9311026424650466	1.9215109334318725	1.9444603505406988	1.9831482474106312	2.26892464134673	2.321828875149034	1.970066940560217	1.9789781166201172	1.9371412407169313	1.9506508313293296	-0.025727119746062455	-0.03563973069946838
THD0011_150_16_11	THD0011	THD0011	fold_4	epithelial_transitional	DISEASE_ADJUSTED	1.84645196931845	1.7998429833243623	2.1122586838895763	2.0608213991381166	2.257168742229241	2.270022822973643	2.4570903467044163	2.3215509655115176	2.2369636630425336	2.799575449846322	2.2143010209464506	2.836296860473256	-0.21436942981966656	0.23225432018045195
THD0011_150_16_13	THD0011	THD0011	fold_4	epithelial_transitional	DISEASE_ADJUSTED	1.8539888092882	1.7967147472397818	1.764384484540857	1.8249624973342866	2.3744485742431	2.378474566377938	2.2295959662702707	2.3209951462364837	2.315150789164636	2.528171930021055	2.298911891079185	2.5679759875595662	0.029026311953913364	0.3171352943024397
THD0011_150_16_14	THD0011	THD0011	fold_4	epithelial_transitional	DISEASE_ADJUSTED	1.98476246979598	1.7951506291974915	1.9107972449579296	1.8199366377707968	2.717958581259846	2.723949640897529	2.4008566573893697	2.3207172365989672	2.401973439087107	2.0399652346914645	2.406371914677522	2.0875605185459185	0.1648258320251832	0.34149402166639775
THD0011_150_16_15	THD0011	THD0011	fold_4	epithelial_transitional	DISEASE_ADJUSTED	2.16247350335598	1.7935865111552014	1.8845195922639566	1.7928196279377715	2.2652639116492344	2.2575081289545498	2.426567198341018	2.3204393269614503	2.2568325135604974	2.1369193663881965	2.2594713058016134	2.1856890052144786	0.3696538754182084	0.19498820075482093
THD0011_150_16_7	THD0011	THD0011	fold_4	epithelial_transitional	DISEASE_ADJUSTED	1.32474205374424	1.806099455493523	1.769694059119172	1.7241508213726948	2.2746821642968484	2.2338893430230873	1.9375926247914639	2.3226626040615845	1.9453359223972058	1.7326619001135977	1.974967089525619	1.8938666717309751	-0.3994087676284548	-0.006409286806178419
THD0011_150_16_9	THD0011	THD0011	fold_4	epithelial_transitional	DISEASE_ADJUSTED	1.97388182469215	1.8029712194089424	1.6541891167807734	1.6263288497269093	2.0189289761047786	1.9655604654934569	2.2003894584143655	2.322106784786551	1.9101000203519833	1.3585783975969967	1.9635843400705597	1.5329489346075396	0.3475529749652406	-0.09492332086580738
THD0011_150_17_10	THD0011	THD0011	fold_4	epithelial_transitional	DISEASE_ADJUSTED	2.00403813592452	1.7991068301655022	2.2593394076817326	2.258011139382477	2.092800169713358	2.1969265873021446	2.3336057285048457	2.3226355700259247	2.1889253015367207	2.0038391992929605	2.1281471288752627	1.9498909449362432	-0.2539730034579568	0.05403362039618294
THD0011_150_17_12	THD0011	THD0011	fold_4	epithelial_transitional	DISEASE_ADJUSTED	1.75969095179375	1.7959785940809216	2.155484205369523	2.1685557054640228	2.694003357059653	2.7141259553789014	2.4241146109825396	2.3220797507508912	2.5712747909473657	2.852212100508981	2.540993698825051	2.791305860042767	-0.40886475367027275	0.4989658404136549
THD0011_150_17_16	THD0011	THD0011	fold_4	epithelial_transitional	DISEASE_ADJUSTED	2.39744687745078	1.789722121911761	1.8866421639064295	1.8078994057480196	2.5815678260706667	2.55415357247573	2.4848574146142752	2.320968112200824	2.3352216880967074	2.3063989282705846	2.349978382000678	2.308110067865927	0.5895474717027605	0.38582813433539026
THD0011_150_17_17	THD0011	THD0011	fold_4	epithelial_transitional	DISEASE_ADJUSTED	1.87093202425744	1.7881580038694707	1.7810556384117469	1.711005004534947	2.3059865624521247	2.2443151063475284	2.252497941266914	2.3206902025633074	2.3614879543930876	2.40696573218484	2.378266576885764	2.4454906514204438	0.15992701972249312	0.30197036052096815
THD0011_150_17_3	THD0011	THD0011	fold_4	epithelial_transitional	DISEASE_ADJUSTED	1.75131247945706	1.8100556564615335	1.9444581301908141	1.8785444885741995	1.9176749518663057	1.9005526433610593	1.9724216292029364	2.3245809374885424	1.9439166901987992	1.5835024271097178	1.9513777798520902	1.717989441366023	-0.1272320091171395	-0.16964683991093726
THD0011_150_17_7	THD0011	THD0011	fold_4	epithelial_transitional	DISEASE_ADJUSTED	1.4488932856006	1.8037991842923726	1.930387218719301	1.8524955174277176	2.309961532676439	2.2911202249858054	2.1485869763295553	2.323469298938475	2.389125111566877	2.3583360929926656	2.411313157395659	2.4345526085558817	-0.4036022318271175	0.09351495072174756
THD0011_150_17_8	THD0011	THD0011	fold_4	epithelial_transitional	DISEASE_ADJUSTED	2.06826854841534	1.8022350662500826	1.8252720258427784	1.7849350787600926	2.277412226465596	2.2750428011510233	2.0498302086111897	2.3231913893009586	1.960312678055174	1.8643915473918844	1.952365531965232	1.9509763592123779	0.2833334696552474	0.06920840513866265
THD0011_150_17_9	THD0011	THD0011	fold_4	epithelial_transitional	DISEASE_ADJUSTED	1.62498438817138	1.8006709482077925	1.897250490502349	1.8607876036030848	2.2082062718638213	2.211938390848105	2.1694194988716893	2.3229134796634416	2.0926281455923936	2.2607915597419344	2.0577452061748334	2.2845844259679713	-0.2358032154317049	0.1388026217196659
THD0011_150_18_16	THD0011	THD0011	fold_4	epithelial_transitional	DISEASE_ADJUSTED	1.8740267533137	1.7874218507106108	1.6937430197314547	1.652724301007388	2.154475708816757	2.119001417848587	2.344596943382922	2.321774807077715	2.3326289895495984	2.1217580843742807	2.368744935499099	2.242037871836122	0.22130245230631207	0.20601085410712394
THD0011_150_18_17	THD0011	THD0011	fold_4	epithelial_transitional	DISEASE_ADJUSTED	2.06349175107017	1.7858577326683207	1.857481262236043	1.7506124809168575	2.5563261858240245	2.5140721665272063	2.2163659451315887	2.321496897440198	2.2466750940422906	2.643827986568607	2.260999039718365	2.623485111181126	0.3128792701533125	0.41035218980609534
THD0011_150_18_9	THD0011	THD0011	fold_4	epithelial_transitional	DISEASE_ADJUSTED	1.40897702977698	1.798370677006642	1.9363769847870587	1.9763897619980588	2.169889010200353	2.210028604685912	2.124703053355948	2.323720174540332	1.9468397772132202	2.1371471553707697	1.8985866694624014	2.1201990906972092	-0.5674127322210789	-0.007280811091331791
THD0011_150_19_11	THD0011	THD0011	fold_4	epithelial_transitional	DISEASE_ADJUSTED	2.61530778099309	1.7929421697209116	2.0128514078011204	2.006428220257442	2.6483872756956983	2.670280404506887	2.24937629513394	2.3239710501421893	2.717674329627602	2.808838827524082	2.703948855395307	2.7953429304549986	0.6088795607356476	0.4739467426209589
THD0011_150_19_14	THD0011	THD0011	fold_4	epithelial_transitional	DISEASE_ADJUSTED	2.03292034992283	1.788249815594041	1.8138991092656283	1.8176347478682113	2.716557474610825	2.709464308325734	2.2986785917003774	2.323137321229639	2.302428648376365	2.5374911578160164	2.3089909809139795	2.5479761067286364	0.21528560205461877	0.4066317149305414
THD0011_150_19_16	THD0011	THD0011	fold_4	epithelial_transitional	DISEASE_ADJUSTED	2.4721364023688	1.7851215795094606	1.74150528021361	1.7024764436151432	2.2435253950544176	2.1928472835250017	2.4670949167128953	2.3225815019546054	2.189059085692172	2.3191823338749105	2.231157118461415	2.3679443064276415	0.7696599587536568	0.2521227558083029
THD0011_150_19_4	THD0011	THD0011	fold_4	epithelial_transitional	DISEASE_ADJUSTED	1.39505537315783	1.8038909960169431	2.0879822885596817	2.06415390625817	2.2195597146862527	2.262277685613582	2.1619368317947614	2.325916417604807	1.9731082733050047	1.8456182506195105	1.9634629690601213	1.9331762229766003	-0.6690985331003401	0.004720022638320531
THD0011_150_19_7	THD0011	THD0011	fold_4	epithelial_transitional	DISEASE_ADJUSTED	1.26670926077001	1.7991986418900723	1.7133237308251363	1.6807431360243803	1.8981440216886387	1.8505319482894027	2.0357724217789546	2.3250826886922566	1.6009516352952289	1.5118234214721349	1.5917462046991186	1.639861044778367	-0.4140338752543704	-0.012632219065691196
THD0011_150_19_9	THD0011	THD0011	fold_4	epithelial_transitional	DISEASE_ADJUSTED	2.02162806856063	1.796070405805492	2.025551583950991	1.9733949770412218	2.412076418842043	2.407996593067775	2.1498863757066253	2.324526869417223	2.176699489913484	1.9302789551079742	2.165633862118433	2.0546401905656397	0.04823309151940802	0.2777692326076599
THD0011_150_1_11	THD0011	THD0011	fold_4	epithelial_transitional	DISEASE_ADJUSTED	2.14175764755343	1.8343470513416154	1.891273732870228	1.9356848456414144	2.3160405512247135	2.347534559719832	2.049367848743496	2.309450542358158	2.118281331738748	2.525927769096387	2.0751055552936886	2.4749679437508427	0.2060728019120157	0.26413833038307966
THD0011_150_1_12	THD0011	THD0011	fold_4	epithelial_transitional	DISEASE_ADJUSTED	2.10583390031798	1.832782933299325	2.198016576001689	2.206251422640011	2.29259942169401	2.3686720461408908	2.0322351330129242	2.309172632720641	2.3018458958455987	2.4002467111036014	2.2584860799512074	2.336844975589554	-0.10041752232203116	0.14839011186293677
THD0011_150_20_13	THD0011	THD0011	fold_4	epithelial_transitional	DISEASE_ADJUSTED	2.48347459809171	1.787513662435181	1.9233668516377942	1.8723939682422772	2.4519077096080513	2.480241205849421	2.1107845402504677	2.3242219257440464	2.164205880863639	2.54631664226024	2.1382887587205657	2.524621222045271	0.6110806298494329	0.3861491229086045
THD0011_150_20_14	THD0011	THD0011	fold_4	epithelial_transitional	DISEASE_ADJUSTED	2.57629492659009	1.7859495443928908	1.757369308965623	1.7960236934465696	2.4928915525793145	2.490331772490528	2.2758128522264935	2.3239440161065295	2.3254200238565144	2.3292122820718433	2.3468962709602934	2.299835204146516	0.7802712331435202	0.3092398095163603
THD0011_150_20_15	THD0011	THD0011	fold_4	epithelial_transitional	DISEASE_ADJUSTED	2.39878973108925	1.7843854263506005	1.978074798774909	1.9620844464621825	2.210892875942785	2.246203149865598	2.341208030325067	2.323666106469013	2.176830727110752	2.408827292934209	2.1431830553159887	2.4336303063698983	0.43670528462706737	0.22971196155767942
THD0011_150_20_5	THD0011	THD0011	fold_4	epithelial_transitional	DISEASE_ADJUSTED	2.0528457530008	1.8000266067735025	1.843894690993785	1.8538550546725823	1.8741498035076334	1.896782900791738	1.1432855455965352	2.3264452028441807	1.9868481597284289	1.2425959404716156	1.977160981025122	1.2794980385157173	0.1989906983282177	-0.07182578428849755
THD0011_150_20_7	THD0011	THD0011	fold_4	epithelial_transitional	DISEASE_ADJUSTED	2.08649972961956	1.7968983706889223	1.9544193752699504	1.8650103300229002	2.4875120114742244	2.467184714107868	2.1624895619848665	2.325889383569147	2.2380456063201533	2.1313293092527656	2.2299863271865794	2.199800836064249	0.22148939959666003	0.26990513702029095
THD0011_150_20_8	THD0011	THD0011	fold_4	epithelial_transitional	DISEASE_ADJUSTED	1.87456795963328	1.795334252646632	1.8752545088044117	1.884018121365033	2.577757525280449	2.566549193167756	2.2207255417718987	2.3256114739316303	2.146449629255008	2.018705533853509	2.131269794755767	2.154804274729341	-0.00945016173175306	0.34386973891925443
THD0011_150_21_11	THD0011	THD0011	fold_4	epithelial_transitional	DISEASE_ADJUSTED	3.32571821584796	1.7883416273186112	2.0836985141128386	2.1656141165265383	3.2416339084260453	3.2836974807353956	2.277615795437024	2.325584439895971	2.879649639464262	3.5932318089262765	2.8344534267617347	3.5637338187891965	1.1601040993214218	0.6758488317042152
THD0011_150_21_6	THD0011	THD0011	fold_4	epithelial_transitional	DISEASE_ADJUSTED	1.54618739060412	1.7961622175300622	1.7769449425861485	1.785152910220949	2.185158584487079	2.178971280428768	1.9234935843997756	2.3269739880835547	2.164596891707514	1.9634544038348083	2.182629965677689	2.043680493056243	-0.238965519616829	0.09795820339029201
THD0011_150_21_7	THD0011	THD0011	fold_4	epithelial_transitional	DISEASE_ADJUSTED	1.5573023440313	1.794598099487772	1.8524972514845526	1.8241283865820954	2.3613571935395954	2.346155898047878	2.0904570408829075	2.3266960784460378	2.0692517786828106	1.9535755269890092	2.073450760278933	1.9993099633191098	-0.26682604255079534	0.19606318820228225
THD0011_150_22_10	THD0011	THD0011	fold_4	epithelial_transitional	DISEASE_ADJUSTED	2.39499962253927	1.7876054741597511	1.9247356973992655	1.8634122875348422	2.411251662641063	2.4098408041645674	2.3181004322526046	2.326669044410378	2.2758828456816325	2.223746665491151	2.264419928684454	2.302604150434728	0.5315873350044276	0.33479388472848
THD0011_150_22_8	THD0011	THD0011	fold_4	epithelial_transitional	DISEASE_ADJUSTED	2.14704205385714	1.7907337102443317	1.911066235353017	1.9523472527114367	2.5049722006812103	2.5194615983736837	2.070979837557754	2.327224863685412	1.9918191504049305	2.1693765061751007	1.9655729756583362	2.238068298122374	0.19469480114570326	0.24593770685361188
THD0011_150_22_9	THD0011	THD0011	fold_4	epithelial_transitional	DISEASE_ADJUSTED	2.70271921363543	1.7891695922020414	2.0535788472378864	2.1391957430707396	3.0301822702562315	3.039911519525671	2.2071272867086527	2.326946954047895	2.686240958422947	2.41239327729476	2.662163942653645	2.3684343765575546	0.5635234705646903	0.42909868192357825
THD0011_150_2_10	THD0011	THD0011	fold_4	epithelial_transitional	DISEASE_ADJUSTED	1.88359863099904	1.8336108981827552	1.8735234601186859	1.823714033676533	2.3409031543906593	2.3243518890389048	2.0292326795104865	2.310535146872565	2.361629152879613	2.417275654022113	2.3589118150749586	2.478624284370868	0.05988459732250706	0.1145225725403286
THD0011_150_2_12	THD0011	THD0011	fold_4	epithelial_transitional	DISEASE_ADJUSTED	1.65432899242408	1.830482662098175	2.1435648277577926	2.093601275750642	2.440469184392725	2.3841101641242246	2.0397097351470235	2.3099793275975316	2.263553050568081	2.0784142347672243	2.2792485236610673	2.1415203743215887	-0.4392722833265619	0.22012145449746082
THD0011_150_2_14	THD0011	THD0011	fold_4	epithelial_transitional	DISEASE_ADJUSTED	2.06957160584692	1.8273544260135945	2.0198968141382867	1.976276077568714	2.1851957638387884	2.216591449535931	1.931213277714604	2.309423508322498	2.1549420688120917	1.9088735898127034	2.1456771064229128	1.9808370314186594	0.09329552827820597	0.06397863810602022
THD0011_150_2_7	THD0011	THD0011	fold_4	epithelial_transitional	DISEASE_ADJUSTED	1.86412873107424	1.8383032523096259	2.0123124645498396	1.9837703358542869	2.448700797962873	2.413333983411838	1.980810704482967	2.3113688757851154	2.5357536778392205	2.452946907568818	2.5431518826432598	2.5195408834652886	-0.11964160478004682	0.14136442364831792
THD0011_150_2_8	THD0011	THD0011	fold_4	epithelial_transitional	DISEASE_ADJUSTED	1.97248624968349	1.8367391342673356	1.8111465592276568	1.8187784784091763	2.3403767791605365	2.295017775998743	1.9325939974054247	2.311090966147599	2.3354985954101086	2.2439019115060095	2.3760212727910117	2.3383038483722927	0.1537077712743138	0.03592056895513002
THD0011_150_2_9	THD0011	THD0011	fold_4	epithelial_transitional	DISEASE_ADJUSTED	2.41145371344185	1.8351750162250455	1.841504879883536	1.7532031398662757	2.397277709956867	2.3586037327928073	2.169335728133088	2.310813056510082	2.31297151819225	2.2827131103302323	2.35298160079802	2.446850226835601	0.6582505735755741	0.05776599163286217
THD0011_150_3_14	THD0011	THD0011	fold_4	epithelial_transitional	DISEASE_ADJUSTED	2.28899752609673	1.8250541548124444	1.8990215511949562	1.8426271815941642	2.4207098497319217	2.3848599492401266	2.004334421014353	2.3102302031993887	2.3960999848822566	1.9826012056158806	2.4069690490501916	2.050816328423709	0.44637034450256574	0.15588903994723338
THD0011_150_3_16	THD0011	THD0011	fold_4	epithelial_transitional	DISEASE_ADJUSTED	1.7171484157456	1.8219259187278638	1.7930216538902795	1.6553252668521878	1.8792055284935798	1.8713981105303887	1.9529142685789047	2.309674383924355	1.8825792857506336	2.1403491164534345	1.8620182533815477	2.2440486678547975	0.06182314889341223	-0.02353750206048382
THD0011_150_3_6	THD0011	THD0011	fold_4	epithelial_transitional	DISEASE_ADJUSTED	1.86798521345579	1.8375670991507658	2.0063499633983306	2.0330486891224844	2.6926486263132783	2.6982519670384875	2.0304561541411275	2.312453480299523	2.5548119610320037	2.6341372541369354	2.5513634819323276	2.651017458835197	-0.16506347566669444	0.3647216448689861
THD0011_150_3_7	THD0011	THD0011	fold_4	epithelial_transitional	DISEASE_ADJUSTED	1.67345992305269	1.8360029811084757	1.9998665750385953	1.9709552909754997	2.6316387745428855	2.6425187277531137	1.9678911104900056	2.3121755706620064	2.4895644465550113	2.5206287628594524	2.486157431695499	2.552586111089004	-0.2974953679228096	0.21948368721324008
THD0011_150_3_9	THD0011	THD0011	fold_4	epithelial_transitional	DISEASE_ADJUSTED	2.07656464952594	1.8328747450238954	1.8346264440542144	1.7866858578946463	2.195733185687929	2.199879185591348	2.0243000404516414	2.3116197513869725	2.1097915844668056	2.266679495758656	2.0884889456848015	2.354575073556966	0.2898787916312937	0.030398191036510164
THD0011_150_4_10	THD0011	THD0011	fold_4	epithelial_transitional	DISEASE_ADJUSTED	1.56731934823653	1.829010355780455	1.9223219031055372	1.856065327975301	2.183357554708307	2.164914285271103	2.1964350277123246	2.3121485366263466	2.1457314075090936	1.7648111846892545	2.14482075934424	1.8951244946731025	-0.28874597973877103	0.006179779153667651
THD0011_150_4_11	THD0011	THD0011	fold_4	epithelial_transitional	DISEASE_ADJUSTED	1.36915245387349	1.8274462377381646	1.8470561816327624	1.7879734537487955	2.3647520271192195	2.346671552791851	2.0609840428414583	2.3118706269888296	2.361039600613601	1.591591022371159	2.3906405996492195	1.7051272997907279	-0.4188209998753054	0.08274716725451153
THD0011_150_4_13	THD0011	THD0011	fold_4	epithelial_transitional	DISEASE_ADJUSTED	1.17926357308555	1.8243180016535843	1.9745997593500464	1.8879968604266333	2.5574553483129785	2.5348633436647368	1.8510247615062325	2.311314807713796	2.423945456114062	1.8857234690769076	2.4260487458460274	2.024197056549051	-0.7087332873410832	0.16847573500157384
THD0011_150_4_17	THD0011	THD0011	fold_4	epithelial_transitional	DISEASE_ADJUSTED	1.4105390930018	1.8180615294844236	1.9540567632006134	1.8708837751801486	1.9985753321497113	2.0114926995833176	1.8720142176872263	2.310203169163729	2.0353495283381124	2.450493014106747	2.01303078484317	2.3927526118638154	-0.46034468217834856	-0.0641167502648619
THD0011_150_4_4	THD0011	THD0011	fold_4	epithelial_transitional	DISEASE_ADJUSTED	2.62037882716967	1.838395064034196	2.2061441038519614	2.156768958683111	2.5728531967046657	2.6014518110297815	2.3082445416654642	2.3138159944514474	2.2531046469524325	2.7763290944340913	2.2063598108781353	2.8462224342224465	0.46360986848655905	0.3510309020172628
THD0011_150_4_5	THD0011	THD0011	fold_4	epithelial_transitional	DISEASE_ADJUSTED	2.24294012209264	1.8368309459919059	2.0663117262199973	2.082634698910464	2.8311895988416147	2.820319114502497	2.130265305054645	2.3135380848139304	2.5191293000044834	2.827893461740235	2.50697296125924	2.820280618520785	0.1603054231821761	0.35991473651261635
THD0011_150_4_6	THD0011	THD0011	fold_4	epithelial_transitional	DISEASE_ADJUSTED	2.09113332834224	1.8352668279496156	1.8578200198434458	1.8404839532763102	2.870026153719054	2.823386133528763	2.0547947910268403	2.313260175176414	2.5917966438861946	2.3896617389335693	2.6226546003416806	2.4757309516917654	0.25064937506593	0.4253811622625214
THD0011_150_4_7	THD0011	THD0011	fold_4	epithelial_transitional	DISEASE_ADJUSTED	2.35350455097795	1.8337027099073255	1.8249008994692981	1.8027654687508532	2.9188326998529845	2.875653383001236	2.0088018816534703	2.312982265538897	2.6302864540998883	2.621261790825506	2.648873338202562	2.6386229659881004	0.5507390822270968	0.3442262333017573
THD0011_150_4_8	THD0011	THD0011	fold_4	epithelial_transitional	DISEASE_ADJUSTED	1.73893178321539	1.8321385918650352	1.8858916877650682	1.8490107253447967	2.4932643501575686	2.4682230986133673	2.1568152513441112	2.31270435590138	2.5347334981443526	2.0157084627877646	2.5581388471009223	2.118977098211259	-0.11007894212940661	0.14337250146295355
THD0011_150_4_9	THD0011	THD0011	fold_4	epithelial_transitional	DISEASE_ADJUSTED	1.51276574567147	1.830574473822745	2.040071247704378	1.9468045981749893	2.1734627030816056	2.1726861559057187	2.2483849879962277	2.3124264462638635	2.0619000988490974	1.9635889799051918	2.0611369595707036	2.0839084164194603	-0.43403885250351926	-0.05488122549742505
THD0011_150_5_10	THD0011	THD0011	fold_4	epithelial_transitional	DISEASE_ADJUSTED	1.84779481901218	1.8267100845793047	1.8399682152774242	1.7990458142317558	2.220383091271242	2.2037489945174884	2.2999751180952708	2.312955231503237	2.1234487360588967	1.863157068075557	2.1043271417891947	1.9377480986927333	0.04874900478042421	0.01580020605557054
THD0011_150_5_11	THD0011	THD0011	fold_4	epithelial_transitional	DISEASE_ADJUSTED	1.80470462038289	1.8251459665370144	1.8456314025178178	1.8338533805205475	2.422635640908393	2.433283826460455	2.161257719889098	2.31267732186572	2.1836118295168703	2.2101423456667395	2.1711333394864374	2.2406029321544625	-0.029148760137657437	0.10245426595572138
THD0011_150_5_14	THD0011	THD0011	fold_4	epithelial_transitional	DISEASE_ADJUSTED	1.87687488134622	1.820453612410144	1.8237765270826967	1.8109147419352458	2.4984326760433455	2.4702856662725154	2.085273621451869	2.3118435929531698	2.185368593125219	2.264514410220968	2.195605682598548	2.3279805292297238	0.06596013941097412	0.19438946193548126
THD0011_150_5_15	THD0011	THD0011	fold_4	epithelial_transitional	DISEASE_ADJUSTED	1.7009669358832	1.8188894943678537	1.857241699160479	1.7883457546615604	2.1470686185605583	2.109999291612404	2.120003211775062	2.3115656833156533	1.9393697022332486	1.9262026311332856	1.941469751844511	2.0188604148370337	-0.0873788187783604	0.017368801934295075
THD0011_150_5_16	THD0011	THD0011	fold_4	epithelial_transitional	DISEASE_ADJUSTED	2.01277124446263	1.8173253763255635	1.822104621384058	1.717893468678232	2.6326929301856055	2.606046836715976	2.1684308915416732	2.3112877736781363	2.227874754193051	2.2705412053661997	2.2332645176756403	2.3120587301177338	0.2948777757843981	0.37290241399319296
THD0011_150_5_6	THD0011	THD0011	fold_4	epithelial_transitional	DISEASE_ADJUSTED	2.16769541524494	1.8329665567484654	1.7372312371546388	1.7452956895874379	2.7406827791667205	2.64428748973606	1.997523821398033	2.3140668700533045	2.558629798223274	2.3866785979912106	2.6032761572339798	2.4628196957132062	0.42239972565750206	0.31902124122055187
THD0011_150_5_7	THD0011	THD0011	fold_4	epithelial_transitional	DISEASE_ADJUSTED	1.77981197242711	1.8314024387061754	1.889859197745729	1.8354566769866834	2.5757484160715163	2.5556978442281872	2.1655370359867083	2.3137889604157875	2.3673109016778255	2.265845307270485	2.374892196282071	2.325091816613609	-0.05564470455957338	0.26005536136373936
THD0011_150_5_8	THD0011	THD0011	fold_4	epithelial_transitional	DISEASE_ADJUSTED	1.96433702359227	1.829838320663885	1.8241889932018895	1.7590149827436223	2.4571087122925825	2.4408512124184583	1.9868736181704039	2.3135110507782706	2.2454208842989734	2.1397742199183463	2.2532998703314835	2.1703262311943377	0.20532204084864758	0.19263603705177135
THD0011_150_5_9	THD0011	THD0011	fold_4	epithelial_transitional	DISEASE_ADJUSTED	1.59127335101969	1.8282742026215948	1.8489328198389865	1.8362032627947464	2.3556183256501186	2.298972183113556	2.4120921428709643	2.313233141140754	2.349977422433938	1.5901011019722862	2.363975860086616	1.7123471996058466	-0.24492991177505652	0.06763239821410374
THD0011_150_6_10	THD0011	THD0011	fold_4	epithelial_transitional	DISEASE_ADJUSTED	1.35412903809538	1.8244098133781543	1.9960218927739812	1.9813502218322416	2.3975633109646606	2.4101606930064663	2.2397828286363826	2.3137619263801277	2.332685863245329	2.2011397330200486	2.3235619261164953	2.299186213035641	-0.6272211837368615	0.10598820171875571
THD0011_150_6_15	THD0011	THD0011	fold_4	epithelial_transitional	DISEASE_ADJUSTED	2.23532687956319	1.8165892231667033	1.8334430254586063	1.847582731598232	2.569397874866607	2.5324214497905144	2.2035376164212552	2.312372378192544	2.1295513620447433	2.1283127771636177	2.1146340135641712	2.204095634092109	0.38774414796495793	0.18860960413080818
THD0011_150_6_16	THD0011	THD0011	fold_4	epithelial_transitional	DISEASE_ADJUSTED	1.64201760920651	1.8150251051244133	1.941497657957667	1.888032906796608	1.9561397501145725	1.97035057105639	2.279336184776263	2.312094468555027	2.1454484114454084	1.7466975701309324	2.15773319886116	1.8614403829220747	-0.246015297590098	0.060960107568404975
THD0011_150_6_18	THD0011	THD0011	fold_4	epithelial_transitional	DISEASE_ADJUSTED	1.80659887172389	1.811896869039833	1.7179873481383265	1.6287727036616322	2.2949694422733757	2.2677646437668195	1.9070502583827202	2.3115386492799934	2.1883563289549604	1.8178617638321084	2.197772532432228	1.9227073005315294	0.17782616806225793	0.22063860877738303
THD0011_150_6_7	THD0011	THD0011	fold_4	epithelial_transitional	DISEASE_ADJUSTED	1.86507785884256	1.8291021675050252	1.9679740512649553	1.9061938029038321	2.605738399039973	2.5873026420495	1.989061802410398	2.314595655292678	2.1208885877807493	2.231163453426821	2.095652423811483	2.290825943488471	-0.04111594406127206	0.18650353275525072
THD0011_150_6_8	THD0011	THD0011	fold_4	epithelial_transitional	DISEASE_ADJUSTED	2.14261346859991	1.827538049462735	1.7438277224576009	1.742393784983494	2.278894698296902	2.248339388480379	1.9454537974014625	2.3143177456551616	1.9798320224219124	2.154846315077364	1.969658258907801	2.181161627970863	0.4002196836164158	0.12575962147279945
THD0011_150_6_9	THD0011	THD0011	fold_4	epithelial_transitional	DISEASE_ADJUSTED	1.08384552626347	1.8259739314204446	2.03779885350618	1.963727663897811	2.192698004309006	2.1945121010645123	2.187261205376605	2.3140398360176446	2.167501046674077	1.5205753060519844	2.1633943368928095	1.5497141720184031	-0.8798821376343409	-0.14389338755261727
THD0011_150_7_13	THD0011	THD0011	fold_4	epithelial_transitional	DISEASE_ADJUSTED	1.58246026204776	1.8174171880501335	1.9232061453852292	1.8563468038625603	2.2517592434337623	2.270874917854191	1.9139250479108159	2.313734892344468	2.3274539626025246	1.9157194290716735	2.3446240326425776	2.014908894235882	-0.27388654181480043	0.06100539371952397
THD0011_150_7_14	THD0011	THD0011	fold_4	epithelial_transitional	DISEASE_ADJUSTED	1.92755775874585	1.8158530700078435	1.9015421244696427	1.8875778487579684	2.4767225751448474	2.499129478321266	1.907121428004533	2.3134569827069513	2.179335526451617	2.073882623740038	2.1707038874915967	2.0683893556477035	0.03997990998788148	0.15986897781232304
THD0011_150_7_16	THD0011	THD0011	fold_4	epithelial_transitional	DISEASE_ADJUSTED	2.07585590883139	1.8127248339232631	1.9489676366215334	1.9652285343300937	2.504426318389725	2.503940381273836	2.0453012443644467	2.3129011634319174	2.421193034022255	2.144277974121382	2.3975461744450155	2.133501557160765	0.11062737450129623	0.21596675947005772
THD0011_150_7_17	THD0011	THD0011	fold_4	epithelial_transitional	DISEASE_ADJUSTED	2.30953020408832	1.8111607158809728	1.9130425023483943	1.8777196453947407	2.789604795080489	2.793030356819893	1.9435879955525193	2.312623253794401	2.386644102835629	2.3458112262647592	2.3882988186902905	2.3485431004318005	0.4318105586935794	0.3565706384463124
THD0011_150_7_3	THD0011	THD0011	fold_4	epithelial_transitional	DISEASE_ADJUSTED	2.07718827496417	1.8330583684730357	1.934533553634125	1.8066754098197104	2.403061282096491	2.3789582654213146	2.150398675644416	2.316513988719636	2.123974201783054	2.6414810894970016	2.105466343031817	2.7665859747704102	0.2705128651444597	0.053272189175170945
THD0011_150_7_5	THD0011	THD0011	fold_4	epithelial_transitional	DISEASE_ADJUSTED	2.20339899190067	1.8299301323884554	1.7610507695160385	1.5943090620665876	2.5415927236201994	2.4092854464022704	2.054627449856014	2.3159581694446025	2.446179777840702	2.398752180722725	2.5241275129455687	2.5860246213455342	0.6090899298340824	0.30812559770554554
THD0011_150_8_13	THD0011	THD0011	fold_4	epithelial_transitional	DISEASE_ADJUSTED	1.78289696819316	1.8151169168489836	1.8653027782903195	1.7272537906525445	2.1412914112748935	2.1188806434086294	1.8388159014052303	2.314541587221359	1.8782294372867625	1.8535014143764172	1.9025804641186927	2.0157712441657814	0.05564317754061543	-0.007916140874775053
THD0011_150_8_14	THD0011	THD0011	fold_4	epithelial_transitional	DISEASE_ADJUSTED	2.38149276511972	1.8135527988066933	1.5961712303055517	1.589878949294393	2.493040535501324	2.4383231277466617	2.115438513364589	2.314263677583842	2.2208137873081077	2.0488986792558035	2.281284734237824	2.145385199192189	0.7916138158253272	0.18510590774377228
THD0011_150_8_16	THD0011	THD0011	fold_4	epithelial_transitional	DISEASE_ADJUSTED	1.58704863457381	1.8104245627221127	2.033129712870112	1.8931240835738088	2.3313111560499533	2.331468460602357	2.1807685913466437	2.3137078583088084	2.337782913140309	2.372511981502415	2.3586784107762746	2.4348968239317665	-0.30607544899999883	0.08295669539652763
THD0011_150_8_3	THD0011	THD0011	fold_4	epithelial_transitional	DISEASE_ADJUSTED	2.27460797765401	1.8307580972718855	1.9383703008647497	1.9197945196409216	2.381294202127313	2.381792241330627	2.078449752651504	2.3173206835965265	2.190533452663248	2.1012890164788627	2.172106341947829	2.144535455710345	0.35481345801308817	0.11538598714257642
THD0011_150_9_14	THD0011	THD0011	fold_4	epithelial_transitional	DISEASE_ADJUSTED	2.02397666773362	1.811252527605543	2.0191060187489773	1.8252744408879635	2.2075890905054405	2.216580027071667	2.1061529567086765	2.3150703724607324	1.853247950546698	1.8619303669131009	1.8298796461123623	1.996014134378136	0.19870222684565664	0.11200502460758877
THD0011_150_9_15	THD0011	THD0011	fold_4	epithelial_transitional	DISEASE_ADJUSTED	1.28058303138249	1.8096884095632528	1.9512158044012287	1.787308070497935	1.8452386104093477	1.840713221065507	1.9887890896605183	2.314792462823216	2.1132776332137815	1.8061881602044683	2.1258221027391007	1.9306313033771494	-0.506725039115445	-0.1534578736952764
THD0011_150_9_17	THD0011	THD0011	fold_4	epithelial_transitional	DISEASE_ADJUSTED	1.92502513478931	1.8065601734786725	1.8121726576483521	1.722516574855177	2.5712686079492992	2.5163081902180324	2.208547734202304	2.314236643548182	2.389402567706114	1.7913520875463682	2.4367491356962363	1.9067148244745988	0.20250855993413297	0.2641251897830555
THD0011_150_9_19	THD0011	THD0011	fold_4	epithelial_transitional	DISEASE_ADJUSTED	1.84341836372486	1.803431937394092	1.927033826353492	1.7613464494338693	2.33737908910606	2.2585230372003595	2.097912051568459	2.3136808242731486	2.030376623860266	2.0359816004025646	2.0870648110674077	2.1166677604248414	0.0820719142909907	0.16402451740737087
THD0011_150_9_4	THD0011	THD0011	fold_4	epithelial_transitional	DISEASE_ADJUSTED	2.23699538259115	1.826893708028445	1.7422728527273166	1.7733615217920509	2.912023058086363	2.856807269630984	2.164599484289915	2.3178494688359006	2.3792221376103044	2.3191165406903806	2.399238443274428	2.4646740881873654	0.4636338607990993	0.3561668595473643
THD0011_150_9_8	THD0011	THD0011	fold_4	epithelial_transitional	DISEASE_ADJUSTED	1.07691659881656	1.8206372358592842	1.7662008276895684	1.6533549618621168	2.0757426238189716	2.041486669057297	2.0135934161302553	2.3167378302858332	2.1068136772072785	2.1120806171198026	2.1342772131156065	2.30747012879927	-0.5764383630455567	-0.04911016069264987
VUILD102LA_150_10_12	VUILD102LA	VUILD102	fold_4	epithelial_transitional	DISEASE_ADJUSTED	2.69182345884667	2.593962635223791	2.40695513009375	2.4021852083259687	2.4044096420003185	2.413437501889925	2.5180354246703383	2.322618567140796	2.245678489097422	2.7159458848520046	2.220466437173716	2.7653816161282694	0.28963825052070113	-0.0479018181049099
VUILD102LA_150_10_16	VUILD102LA	VUILD102	fold_4	epithelial_transitional	DISEASE_ADJUSTED	2.0214569354106	2.5889496648370205	2.5042377415956327	2.464736969702928	2.440055131376673	2.440573281811991	2.556718924474034	2.3219106980381707	2.4748389590821684	2.311653935466358	2.4551162038048187	2.302994813230715	-0.4432800342923282	0.08981796463836479
VUILD102LA_150_10_19	VUILD102LA	VUILD102	fold_4	epithelial_transitional	DISEASE_ADJUSTED	2.33885737708685	2.585189937046943	2.7200802470565266	2.776387351406484	2.4520588130379037	2.5501221403357612	2.73278079203363	2.321379796211202	2.35071759780834	2.937099003460637	2.297914787763625	2.7970343315136486	-0.4375299743196339	-0.05885749298397483
VUILD102LA_150_11_15	VUILD102LA	VUILD102	fold_4	epithelial_transitional	DISEASE_ADJUSTED	2.5767943330228	2.587901159462211	2.775810823157998	2.6509135436099878	2.547492462428012	2.603922288708967	2.5627834587618787	2.3228943606238217	2.6532018617474993	2.6230068308086625	2.607333854117323	2.6086251609073656	-0.07411921058718773	0.1265097560804776
VUILD102LA_150_11_16	VUILD102LA	VUILD102	fold_4	epithelial_transitional	DISEASE_ADJUSTED	1.89066927015548	2.5866479168655183	2.6338267699199776	2.6546394085204956	2.5398292482315936	2.5599540227709228	2.5612062432217577	2.3227173933481655	2.5518927156142235	2.1426686895668334	2.528075094459131	2.123513744808731	-0.7639701383650157	0.08897518400584613
VUILD102LA_150_11_17	VUILD102LA	VUILD102	fold_4	epithelial_transitional	DISEASE_ADJUSTED	1.71812820315461	2.5853946742688256	2.568123082002797	2.5413599611487756	2.185836291232945	2.2266118018691783	2.457254066570504	2.3225404260725093	2.311174376848875	2.279044601096206	2.276001470389905	2.174333975508521	-0.8232317579941657	-0.009587894088925599
VUILD102LA_150_11_19	VUILD102LA	VUILD102	fold_4	epithelial_transitional	DISEASE_ADJUSTED	2.20871977519571	2.5828881890754403	2.919632677062134	2.8587426142450916	2.7748926483085237	2.8333916330017583	2.7387568488189538	2.322186491521197	2.795284143845166	2.414488757704795	2.7823902622414134	2.3574580565340466	-0.6500228390493814	0.10761978038839709
VUILD102LA_150_11_24	VUILD102LA	VUILD102	fold_4	epithelial_transitional	DISEASE_ADJUSTED	1.7639216578212	2.5766219760919773	2.6267006098640997	2.6457458875233666	2.4569533050433185	2.530979017244093	2.664842620289109	2.3213016551429155	2.445345540290183	2.8224770658940828	2.4078073159647064	2.750158525951307	-0.8818242297021666	-0.051195625256030705
VUILD102LA_150_12_18	VUILD102LA	VUILD102	fold_4	epithelial_transitional	DISEASE_ADJUSTED	1.68797777907383	2.5818396837006308	2.527339655768384	2.443641030341694	2.5751361966878927	2.5253553905439095	2.5853118136379654	2.323170154106848	2.582630101564104	2.2237757465012926	2.629552973717673	2.259284018925102	-0.755663251267864	0.03204331247862641
VUILD102LA_150_12_19	VUILD102LA	VUILD102	fold_4	epithelial_transitional	DISEASE_ADJUSTED	2.06537747065486	2.580586441103938	2.4456141044020665	2.4976529578116393	2.612444265961568	2.5792097922378754	2.715013959905635	2.3229931868311917	2.599782106427381	2.386955888789513	2.6232268093717095	2.4070109175162346	-0.4322754871567791	0.05972010998140802
VUILD102LA_150_12_8	VUILD102LA	VUILD102	fold_4	epithelial_transitional	DISEASE_ADJUSTED	2.59886668913497	2.5943721096675567	2.6508604750562803	2.5653877706477184	2.5966489599726152	2.651927823131765	2.505123843780793	2.3249398268634103	2.5131262695110204	2.777480810111406	2.4624280107866205	2.7483139201243154	0.03347891848725171	0.10718913490250459
VUILD102LA_150_13_12	VUILD102LA	VUILD102	fold_4	epithelial_transitional	DISEASE_ADJUSTED	2.97780003422488	2.5870573913092842	2.6382551301127544	2.618452589062979	2.672974288911051	2.719881817079022	2.5929133463262133	2.3250386530707803	2.5285314925928692	2.6890430727603087	2.521395604091809	2.673533536818161	0.3593474451619012	0.1190063002582179
VUILD102LA_150_13_18	VUILD102LA	VUILD102	fold_4	epithelial_transitional	DISEASE_ADJUSTED	1.8509650371356	2.5795379357291286	2.2746385507933127	2.3423349315789554	2.651933375232178	2.613720026071815	2.602894420754253	2.3239768494168427	2.6389988065122956	2.0767425898043395	2.681495157821645	2.182028816450629	-0.49136989444335555	0.13090734281649286
VUILD102LA_150_13_23	VUILD102LA	VUILD102	fold_4	epithelial_transitional	DISEASE_ADJUSTED	1.91824514715089	2.5732717227456656	2.5269526589525255	2.494723465571482	2.469542540615816	2.4877969496006607	2.651358826459009	2.3230920130385617	2.394337023954471	2.3517501732359833	2.4004054199276705	2.3053235614922674	-0.5764783184205919	0.07684380708102029
VUILD102LA_150_13_24	VUILD102LA	VUILD102	fold_4	epithelial_transitional	DISEASE_ADJUSTED	2.04861665204824	2.572018480148973	2.6937019820630295	2.633947533743664	2.3438029150374704	2.3981653172195405	2.73201354456665	2.322915045762905	2.325560021294537	2.5029574410196465	2.3089614796871714	2.488878625891441	-0.5853308816954241	-0.07538295947697538
VUILD102LA_150_14_18	VUILD102LA	VUILD102	fold_4	epithelial_transitional	DISEASE_ADJUSTED	2.44498539915967	2.5772361877576264	2.5793046395320407	2.4562796025972173	2.352669462714713	2.345068299857435	2.638961487791518	2.3247835447268375	2.264454464745754	2.4405495274339084	2.286703125453348	2.5026305548235537	-0.011294203437547168	-0.07207905050024074
VUILD102LA_150_14_23	VUILD102LA	VUILD102	fold_4	epithelial_transitional	DISEASE_ADJUSTED	2.71718180091416	2.5709699747741634	2.4226742037864066	2.4048301304400934	2.8784858808418172	2.8445505629811407	2.6746117747997302	2.3238987083485565	2.7285633487093905	3.252302355309581	2.771903448076919	3.410232434691938	0.31235167047406653	0.2609815715362484
VUILD102LA_150_14_24	VUILD102LA	VUILD102	fold_4	epithelial_transitional	DISEASE_ADJUSTED	2.22210457732958	2.5697167321774708	2.3492705920581387	2.4168026860979026	2.4642032311874273	2.4351402868729775	2.7045532396789365	2.3237217410729	2.400006844606611	2.372782540656405	2.444704507983229	2.482106410097485	-0.1946981087683226	-0.04858700470796361
VUILD102LA_150_15_17	VUILD102LA	VUILD102	fold_4	epithelial_transitional	DISEASE_ADJUSTED	3.21232275646027	2.5761876823828165	2.416044431939603	2.3699355627881835	2.4309840960788067	2.4255556295019627	2.4819384395558983	2.3257672073124884	2.3744156358116086	2.423429895404249	2.3803190682641273	2.4148317558825645	0.8423871936720864	0.137829875218614
VUILD102LA_150_16_18	VUILD102LA	VUILD102	fold_4	epithelial_transitional	DISEASE_ADJUSTED	2.33437160941523	2.5726326918146216	2.4918147109531197	2.3562332173819702	2.578701956944566	2.549250025168975	2.5116270639240295	2.326396935346827	2.6470841931018034	2.4303277766566924	2.6829101786212908	2.5136159026341724	-0.021861607966740415	0.15274587431857067
VUILD102LA_150_17_14	VUILD102LA	VUILD102	fold_4	epithelial_transitional	DISEASE_ADJUSTED	2.51481961403357	2.5753439142298897	2.5786642758665534	2.5052112918207596	2.669977227867395	2.6683287015999366	2.5069762245823846	2.327911499759447	2.5940607105970894	2.5771968965952756	2.59501035191248	2.6828682110999504	0.009608322212810272	0.2642189105081746
VUILD102LA_150_17_24	VUILD102LA	VUILD102	fold_4	epithelial_transitional	DISEASE_ADJUSTED	3.42276065644976	2.562811488262964	2.613558547138022	2.657599884015184	3.0169073979116696	3.025213691403641	2.7024998400837585	2.3261418270028846	2.810585291243025	3.387794331661212	2.8029759372910665	3.4321980616826906	0.7651607724345761	0.21259981711813122
VUILD102LA_150_18_15	VUILD102LA	VUILD102	fold_4	epithelial_transitional	DISEASE_ADJUSTED	2.73642539363659	2.571788923661695	2.4364766950986683	2.4471104187926382	2.566279821903134	2.594693207219515	2.493092412036093	2.3285412277937856	2.454129736505786	2.6929426442797824	2.4441737249298896	2.6794676566036495	0.28931497484395186	0.1650102205621971
VUILD102LA_150_18_19	VUILD102LA	VUILD102	fold_4	epithelial_transitional	DISEASE_ADJUSTED	2.7704747246644	2.5667759532749246	2.2818503503562497	2.3073988934418646	2.69423094081752	2.6727235578482142	2.4899403215010305	2.3278333586911604	2.2286193331078223	2.720117024266483	2.2295424150829097	2.830888233422838	0.4630758312225356	0.04038230799909763
VUILD102LA_150_18_24	VUILD102LA	VUILD102	fold_4	epithelial_transitional	DISEASE_ADJUSTED	2.17701020812308	2.5605097402914616	2.48106798454944	2.5941371343668655	2.802106159235061	2.8294026277697375	2.703732001637866	2.3269485223128794	2.505931520537615	3.008814342773308	2.479171764530405	2.981452858494749	-0.41712692624378533	0.09866601760484604
VUILD102LA_150_19_15	VUILD102LA	VUILD102	fold_4	epithelial_transitional	DISEASE_ADJUSTED	2.72784015316152	2.5694871756901927	2.4725106032555457	2.3457058691895964	2.76166250461846	2.7490547975786246	2.4531874021799975	2.3293479231037804	2.4414439592167234	2.7525158428106615	2.452347329358947	2.782194060039805	0.3821342839719235	0.29522509174535133
VUILD102LA_150_19_16	VUILD102LA	VUILD102	fold_4	epithelial_transitional	DISEASE_ADJUSTED	2.65071549309013	2.5682339330935	2.1447950641363267	2.2136201627708796	2.400217583304772	2.3761223153461315	2.475289523943716	2.329170955828124	2.406114589333727	2.732327894034564	2.4200493377369336	2.8227429604024143	0.4370953303192504	0.13692918335556023
VUILD102LA_150_21_17	VUILD102LA	VUILD102	fold_4	epithelial_transitional	DISEASE_ADJUSTED	3.01057874215116	2.5623771945538025	2.4022042872039107	2.2920176628271034	2.544985186169902	2.5270669923116484	2.364736900102792	2.3306073791724575	2.562459219811739	2.6580758864686738	2.5685618437352673	2.705012138382231	0.7185610793240564	0.19216858757130428
VUILD102LA_150_22_14	VUILD102LA	VUILD102	fold_4	epithelial_transitional	DISEASE_ADJUSTED	3.25413568805417	2.5638351743723784	2.4588812591506515	2.370427140080908	2.767017082729518	2.737026408107803	2.485372989278405	2.331944976309421	2.5908503208973217	2.4959107369445	2.617404092957414	2.4941706144970546	0.8837085479732618	0.20219695689274317
VUILD102LA_150_3_11	VUILD102LA	VUILD102	fold_4	epithelial_transitional	DISEASE_ADJUSTED	2.31780301381427	2.6113281136209996	2.588906903331983	2.6034176423773827	2.775587381686106	2.802131797031325	2.578626176934429	2.3171486672464887	2.79659172519468	2.696567790271293	2.8042162390174887	2.6855473311840568	-0.2856146285631129	0.16716561033886823
VUILD102LA_150_3_16	VUILD102LA	VUILD102	fold_4	epithelial_transitional	DISEASE_ADJUSTED	3.46914756760403	2.6050619006375366	2.7947349317793524	2.7532909261718115	2.8356625863995246	2.8574988931301855	2.699750832990431	2.3162638308682073	3.0002208676466733	2.7895558126614253	2.9802145965845934	2.7656926246424636	0.7158566414322185	0.11599033772079928
VUILD102LA_150_3_17	VUILD102LA	VUILD102	fold_4	epithelial_transitional	DISEASE_ADJUSTED	2.61758085211511	2.603808658040844	2.841912993225793	2.7898789663362176	2.8075297600023874	2.848632466103233	2.6673202248282166	2.316086863592551	2.8296113864445585	2.6195498457506012	2.8054849934279353	2.5383578661628006	-0.17229811422110775	0.13072956612230563
VUILD102LA_150_3_18	VUILD102LA	VUILD102	fold_4	epithelial_transitional	DISEASE_ADJUSTED	2.43664248221839	2.6025554154441513	2.7196649251752234	2.6905194769209553	2.7894300958137705	2.856959245467882	2.6756986897362163	2.315909896316895	2.5568960815240933	3.0487650825192065	2.5173985651772672	3.0089616376277597	-0.2538769947025652	0.05452205928300918
VUILD102LA_150_3_19	VUILD102LA	VUILD102	fold_4	epithelial_transitional	DISEASE_ADJUSTED	1.78730677707379	2.601302172847459	2.651082324894536	2.6537942970881945	2.5239791996657774	2.515681398834755	2.596453574893172	2.3157329290412387	2.334786485265432	2.6164592441689236	2.336647251147263	2.7945454757021597	-0.8664875200144044	-0.07548367850621088
VUILD102LA_150_4_11	VUILD102LA	VUILD102	fold_4	epithelial_transitional	DISEASE_ADJUSTED	2.71384022303227	2.6090263656494974	2.599933770396177	2.653001803343181	2.816140727705695	2.839798252733043	2.6302265661298816	2.3179553625564835	2.5883946259199746	3.0958456315246394	2.564202625044066	3.0612326435762265	0.06083841968908876	0.10441310901555352
VUILD102LA_150_4_12	VUILD102LA	VUILD102	fold_4	epithelial_transitional	DISEASE_ADJUSTED	2.46832288616896	2.6077731230528047	2.481801445832631	2.4508723787018614	2.4794264526803853	2.4792546368325903	2.6468943901019193	2.3177783952808273	2.346283327258097	2.5732607973628534	2.3640011723376437	2.677062767875402	0.017450507467098753	-0.049624139089349206
VUILD102LA_150_4_13	VUILD102LA	VUILD102	fold_4	epithelial_transitional	DISEASE_ADJUSTED	2.20614572691288	2.606519880456112	2.4161546305716075	2.451172867212562	2.6226894635495968	2.6251218200639177	2.627166494871598	2.3176014280051707	2.640575330930315	2.7796785370658563	2.6433369105913265	2.816387557932317	-0.24502714029968198	0.036938096244354596
VUILD102LA_150_4_16	VUILD102LA	VUILD102	fold_4	epithelial_transitional	DISEASE_ADJUSTED	2.52225572490639	2.6027601526660344	2.644958278154151	2.6350271246304726	2.2617302757050886	2.327881083881452	2.6575378479085927	2.317070526178202	2.2911900049207117	2.3610615242474737	2.2422747847785764	2.2638791242391942	-0.11277139972408268	-0.13929353870927746
VUILD102LA_150_4_18	VUILD102LA	VUILD102	fold_4	epithelial_transitional	DISEASE_ADJUSTED	1.99701084700232	2.600253667472649	2.6250014790272544	2.657541856161817	2.8356609542656983	2.8473534645734895	2.6708722233953273	2.3167165916268897	2.543405119816411	2.6852551601685875	2.5174072701203762	2.7368511374269238	-0.6605310091594971	0.11309706355444332
VUILD102LA_150_4_19	VUILD102LA	VUILD102	fold_4	epithelial_transitional	DISEASE_ADJUSTED	2.02019565630813	2.5990004248759564	2.751267938305775	2.728137280478673	2.753651973152458	2.7585724256268893	2.6643887599739147	2.3165396243512335	2.722044276451903	2.6939663957307447	2.715505925069556	2.7880732865771196	-0.7079416241705432	0.10766929142980974
VUILD102LA_150_4_20	VUILD102LA	VUILD102	fold_4	epithelial_transitional	DISEASE_ADJUSTED	1.8802054702151	2.5977471822792637	2.8164208694746025	2.8755232646484368	2.6485468679424082	2.7393993651596205	2.750371820323986	2.316362657075577	2.7755417692602196	2.523896635572712	2.7043773994829716	2.490438557128765	-0.9953177944333367	0.12410382896231373
VUILD102LA_150_4_21	VUILD102LA	VUILD102	fold_4	epithelial_transitional	DISEASE_ADJUSTED	2.80077119287555	2.5964939396825715	2.4982681201954717	2.478931968120971	2.573409033063847	2.5572040176169506	2.7186432883305782	2.3161856897999207	2.4217913674496074	2.546477404732513	2.433101178030517	2.511383804451869	0.3218392247545787	-0.006187505094228666
VUILD102LA_150_4_9	VUILD102LA	VUILD102	fold_4	epithelial_transitional	DISEASE_ADJUSTED	2.73924160707509	2.6115328508428823	2.634760533099671	2.6763720773651998	2.7786218913838625	2.752417047289929	2.6607653469851282	2.318309297107796	2.5573048901722366	2.4760514160635805	2.5617472396025103	2.4983386276528403	0.06286952970989024	0.14931215355237476
VUILD102LA_150_5_10	VUILD102LA	VUILD102	fold_4	epithelial_transitional	DISEASE_ADJUSTED	2.78742836034031	2.6079778602746875	2.688156575465829	2.8530533852649853	2.6097635350036192	2.6960484383348327	2.6842382440065014	2.3189390251421345	2.636089445985784	2.9277038955406463	2.570638000925351	2.8422088594322403	-0.06562502492467548	0.08871994598249122
VUILD102LA_150_5_11	VUILD102LA	VUILD102	fold_4	epithelial_transitional	DISEASE_ADJUSTED	2.93450699502883	2.606724617677995	2.916326713970349	2.8364847135996727	2.6626414431825256	2.7451182262546707	2.7759438774379546	2.3187620578664783	2.6665055577909897	2.644266234764421	2.6253168915848537	2.5763726998280325	0.09802228142915714	0.09242842364401771
VUILD102LA_150_5_14	VUILD102LA	VUILD102	fold_4	epithelial_transitional	DISEASE_ADJUSTED	2.96246271940511	2.602964889887917	2.5507025150729272	2.553367913134427	2.444350627700105	2.459226608782618	2.590574314423848	2.3182311560395092	2.5597929726202313	2.8724846935195387	2.552325748851838	2.884729885869847	0.4090948062706832	0.033838843184734346
VUILD102LA_150_5_16	VUILD102LA	VUILD102	fold_4	epithelial_transitional	DISEASE_ADJUSTED	2.38084964771176	2.600458404694532	2.513621564920635	2.512736783714447	2.033438481152559	2.0546958501429957	2.513189220899167	2.317877221488197	2.2365644690699815	1.735794514871528	2.221920615720448	1.7194821013448218	-0.13188713600268676	-0.13364949382935282
VUILD102LA_150_5_17	VUILD102LA	VUILD102	fold_4	epithelial_transitional	DISEASE_ADJUSTED	2.27179561095968	2.5992051620978396	2.518720686093742	2.520977403157401	2.2818572903006116	2.3083692131399527	2.631166869209057	2.3177002542125407	2.324879433115943	2.429821312710234	2.317862633255117	2.417953230164926	-0.24918179219772085	-0.11936372287933353
VUILD102LA_150_5_18	VUILD102LA	VUILD102	fold_4	epithelial_transitional	DISEASE_ADJUSTED	2.90453551872019	2.597951919501147	2.4470233066488998	2.452221997808313	2.7939996197075816	2.753998187739342	2.665341893976245	2.3175232869368845	2.5400336870017073	2.3994596659379117	2.5793004586892634	2.429554684139678	0.45231352091187693	0.08454455640835967
VUILD102LA_150_5_8	VUILD102LA	VUILD102	fold_4	epithelial_transitional	DISEASE_ADJUSTED	2.55151899618026	2.610484345468073	2.718852908022423	2.7776226101499506	2.3687563773498534	2.4452411832416843	2.680489035067227	2.319292959693447	2.6552461533766185	2.642662077337218	2.6172119138809684	2.5027013170925914	-0.2261036139696908	-0.044819553694589814
VUILD102LA_150_6_10	VUILD102LA	VUILD102	fold_4	epithelial_transitional	DISEASE_ADJUSTED	1.52594147368317	2.6056761123031853	2.9903180056221244	2.978832887264004	2.4691592924370735	2.597669528862322	2.7361522093151365	2.3197457204521292	2.603295421856742	2.624470694730708	2.5303903215673857	2.535019159117276	-1.4528914135808342	0.06760715926896901
VUILD102LA_150_6_11	VUILD102LA	VUILD102	fold_4	epithelial_transitional	DISEASE_ADJUSTED	2.66446492552556	2.6044228697064926	2.7575825815412047	2.858304171438295	2.5189328881475728	2.5929427843667416	2.7408395326302526	2.319568753176473	2.5330622366115016	2.75883468555251	2.4998181255319776	2.7521401049586505	-0.19383924591273516	0.04741873290859089
VUILD102LA_150_6_17	VUILD102LA	VUILD102	fold_4	epithelial_transitional	DISEASE_ADJUSTED	2.15304162303886	2.596903414126337	2.6774518638124123	2.6366861836923263	2.645403046360918	2.638121011007809	2.645156905366317	2.3185069495225354	2.4834353525270583	2.612609899523802	2.4883815721894624	2.6204801439713696	-0.4836445606534663	-0.02253243757227556
VUILD102LA_150_6_18	VUILD102LA	VUILD102	fold_4	epithelial_transitional	DISEASE_ADJUSTED	2.40370087281089	2.5956501715296447	2.5754215502728943	2.727901039835208	2.337531732728606	2.4035305415425077	2.664054698540831	2.3183299822468793	2.422831671071385	2.469623742052789	2.377253294790044	2.410295224268458	-0.3242001670243182	-0.09902515293027926
VUILD102LA_150_6_20	VUILD102LA	VUILD102	fold_4	epithelial_transitional	DISEASE_ADJUSTED	2.09216368622463	2.5931436863362594	2.719612747236759	2.858863472610456	2.2938914602575875	2.415943598310058	2.7472028879191273	2.317976047695567	2.430005889943567	2.667890678829011	2.3539938730065906	2.44238927400232	-0.7666997863858263	-0.07393139493115831
VUILD102LA_150_6_23	VUILD102LA	VUILD102	fold_4	epithelial_transitional	DISEASE_ADJUSTED	1.90618547235044	2.5893839585461818	2.786245845256514	2.7606641330260895	2.5120643893918975	2.5548165587916043	2.6878138922330157	2.317445145868598	2.549725503682199	2.3982142182881456	2.5270808811090313	2.372877327568434	-0.8544786606756496	-0.000767316608937323
VUILD102LA_150_7_12	VUILD102LA	VUILD102	fold_4	epithelial_transitional	DISEASE_ADJUSTED	2.18187105789051	2.6008678791382978	2.7807933039218025	2.8086159834069133	2.879652654503501	2.914939416692296	2.7299508927164355	2.3201984812108116	2.454881299373765	2.887504713508141	2.4148950534839866	2.9098102911572843	-0.6267449255164035	0.13531359531349776
VUILD102LA_150_7_13	VUILD102LA	VUILD102	fold_4	epithelial_transitional	DISEASE_ADJUSTED	2.76158465799836	2.599614636541605	2.767420122099838	2.7915008057455863	2.6390087507226347	2.7253729463814413	2.7687081217999374	2.3200215139351554	2.5282999422137777	2.011351755074036	2.4757568941411225	1.9706771075168645	-0.029916147747226507	0.07372274556405659
VUILD102LA_150_7_14	VUILD102LA	VUILD102	fold_4	epithelial_transitional	DISEASE_ADJUSTED	2.14835583858745	2.598361393944913	2.517045094191493	2.5769969609414054	2.8427719894335697	2.844218561520668	2.640070246254273	2.319844546659499	2.7118179408943655	2.931910361561863	2.6995503145920354	3.0352468857124753	-0.42864112235395524	0.20220135583631657
VUILD102LA_150_7_18	VUILD102LA	VUILD102	fold_4	epithelial_transitional	DISEASE_ADJUSTED	2.95109331067799	2.593348423558142	2.848774889926875	2.846540940630975	2.538400268750582	2.608266568258505	2.571103005865689	2.319136677556874	2.4597332869984676	2.798524357324833	2.4139335792483063	2.707605659837048	0.10455237004701523	0.02301180387077859
VUILD102LA_150_8_11	VUILD102LA	VUILD102	fold_4	epithelial_transitional	DISEASE_ADJUSTED	2.42390082405521	2.5998193737634883	2.451993189940356	2.539975806437209	2.7862128919653277	2.813807533673948	2.431191178471792	2.3211821437964626	2.486782501377438	2.7661450696679304	2.4495983115130966	2.6400623430751238	-0.11607498238199909	0.3192829197519422
VUILD102LA_150_8_12	VUILD102LA	VUILD102	fold_4	epithelial_transitional	DISEASE_ADJUSTED	1.84272139754757	2.5985661311667956	2.7841180921072857	2.7906816673366075	2.499661664501322	2.571176094472466	2.5568976391320306	2.3210051765208064	2.6053669701172026	2.3886692545976773	2.5441512593425277	2.306567095026672	-0.9479602697890375	0.081100918067016
VUILD102LA_150_8_14	VUILD102LA	VUILD102	fold_4	epithelial_transitional	DISEASE_ADJUSTED	1.9584571082293	2.59605964597341	2.8128616670344098	2.776075185559402	2.373784893424064	2.449977633888482	2.658615708120314	2.3206512419694936	2.49724891426473	2.574519692552019	2.4558355346532528	2.4724071437134536	-0.817618077330102	0.04748065712778471
VUILD102LA_150_8_16	VUILD102LA	VUILD102	fold_4	epithelial_transitional	DISEASE_ADJUSTED	2.27891696581785	2.5935531607800253	2.586154583712791	2.472050471014679	2.6708055258125905	2.6597137807513556	2.6565016487294586	2.320297307418181	2.686333391679384	2.2656567428111725	2.7132050791488704	2.262930148459256	-0.19313350519682926	0.1457197389484789
VUILD102LA_150_8_23	VUILD102LA	VUILD102	fold_4	epithelial_transitional	DISEASE_ADJUSTED	2.03091536129323	2.584780462603177	2.417893085239699	2.3636863951169276	3.044777872999294	2.9979756408786886	2.6667259495867586	2.3190585364885874	2.785491297802959	2.6217155182979144	2.844838404402216	2.6994480785968267	-0.33277103382369777	0.2797180881082502
VUILD102LA_150_8_24	VUILD102LA	VUILD102	fold_4	epithelial_transitional	DISEASE_ADJUSTED	1.55920078272364	2.5835272200064843	2.5149767200646562	2.4986954970472786	2.3804937492243625	2.426142000181436	2.70764549469541	2.318881569212931	2.3287145804391995	2.935346569326348	2.329304657455193	3.045072509586685	-0.9394947143236385	-0.08239678251996622
VUILD102LA_150_8_7	VUILD102LA	VUILD102	fold_4	epithelial_transitional	DISEASE_ADJUSTED	2.39973573090743	2.6048323441502585	2.4258872888902756	2.352536924205041	2.6232619459278426	2.6259190661430796	2.543210993317652	2.3218900128990874	2.284697655012946	2.2525343579786776	2.2791202833758835	2.3266202937473555	0.04719880670238874	0.11751655696719479
VUILD102LA_150_9_15	VUILD102LA	VUILD102	fold_4	epithelial_transitional	DISEASE_ADJUSTED	2.65494659632955	2.5925046554052154	2.618603775727246	2.5697495115786695	2.3963227322406753	2.4127856290962137	2.5676816408963075	2.321280970003832	2.51026206759544	2.823894685171041	2.4904495571806957	2.7765211128738603	0.0851970847508805	-0.0022866467217596
VUILD102LA_150_9_19	VUILD102LA	VUILD102	fold_4	epithelial_transitional	DISEASE_ADJUSTED	2.58727205113497	2.587491685018445	2.722116140700239	2.731224745067514	2.9757717903295298	3.021852689941789	2.7759088350122103	2.3205731009012074	2.4329002524588024	3.108526102557945	2.420738782209689	3.098215276633613	-0.14395269393254395	0.1720345337049371
VUILD102LA_150_9_6	VUILD102LA	VUILD102	fold_4	epithelial_transitional	DISEASE_ADJUSTED	2.83500845963554	2.6037838387754486	2.5619500132661175	2.5128481257495516	3.025182968769192	3.0285443755203403	2.5607662927876693	2.3228736754847388	2.545464127691148	3.028804502267568	2.5475684081638725	3.0438191299402915	0.3221603338859884	0.34745809183865517
VUILD102LA_150_9_9	VUILD102LA	VUILD102	fold_4	epithelial_transitional	DISEASE_ADJUSTED	2.67496526844226	2.600024110985371	2.45627749299247	2.5731521274976386	2.38177275567514	2.4593442042175755	2.5135881676009926	2.3223427736577698	2.431418485689904	2.7476853495389477	2.4060324842697494	2.6694998641026753	0.10181314094462124	0.06795800630912942
VUILD102MA_150_12_12	VUILD102MA	VUILD102	fold_4	epithelial_transitional	DISEASE_ADJUSTED	1.98905007946163	2.5934354282488252	2.689523772895685	2.754524507815017	2.302193278936186	2.318702857955437	2.8573651289314705	2.3301293553990754	2.198195599511573	1.4904782224103634	2.182106600542013	1.6001126197156976	-0.7654744283533872	-0.23405319513147557
VUILD102MA_150_12_20	VUILD102MA	VUILD102	fold_4	epithelial_transitional	DISEASE_ADJUSTED	2.52960649579999	2.583408035212124	2.8105387535364956	2.9348154044702772	2.7067814270657813	2.7781151793418433	2.757541004198727	2.3287131456388166	3.036399024741849	2.8073225313252177	3.0012680771776146	2.80162638169387	-0.405208908670287	0.1460787745171961
VUILD102MA_150_12_22	VUILD102MA	VUILD102	fold_4	epithelial_transitional	DISEASE_ADJUSTED	2.40771496855048	2.580901186952948	2.851430215950421	2.973987899066488	2.177483877011704	2.3118660546764316	2.7623035803072065	2.3283590931987517	2.3635866503866327	2.2273495241826975	2.272167209060233	2.113186714707916	-0.5662729305160079	-0.07267734005447878
VUILD102MA_150_12_23	VUILD102MA	VUILD102	fold_4	epithelial_transitional	DISEASE_ADJUSTED	3.44319184612174	2.5796477628233605	2.8417464931290737	2.969228011804728	2.676059640769115	2.762716966155795	2.777238106612635	2.3281820669787194	2.7517325642671553	2.9669055055196982	2.7035227196190315	2.981123202179638	0.47396383431701183	0.10357762780436006
VUILD102MA_150_12_8	VUILD102MA	VUILD102	fold_4	epithelial_transitional	DISEASE_ADJUSTED	2.6015582027337	2.5984491247671757	2.6973969004568517	2.718098742788327	2.298710998633916	2.3384764395004667	2.716252805197853	2.330837460279205	2.047814940218993	2.44093429810704	1.9841825187738762	2.5493669094351654	-0.11654054005462733	-0.07448533994151786
VUILD102MA_150_13_11	VUILD102MA	VUILD102	fold_4	epithelial_transitional	DISEASE_ADJUSTED	2.20549930748336	2.5927133890572485	2.559847020959665	2.6243437623304837	2.136569476531844	2.1968333817482546	2.739241364033555	2.3311129812370153	2.468688586474599	1.7563856765326504	2.451580258294166	1.7498487641371319	-0.4188444548471235	0.006982641313623809
VUILD102MA_150_13_12	VUILD102MA	VUILD102	fold_4	epithelial_transitional	DISEASE_ADJUSTED	2.17200297143433	2.591459964927661	2.820845356834033	2.9134971051152285	2.2386008742934087	2.3034030038230893	2.64606097866364	2.330935955016983	2.360209518195233	2.225055461114402	2.3076054020885697	2.2305368407151605	-0.7414941336808987	-0.14224646854875309
VUILD102MA_150_13_19	VUILD102MA	VUILD102	fold_4	epithelial_transitional	DISEASE_ADJUSTED	2.60869567968293	2.582685996020547	2.4740694868195976	2.661499762821302	2.0643160996394876	2.137521485050506	2.6454568248578645	2.3296967714767565	2.295165259949526	2.1603644423248265	2.2563995865152644	2.063121075902621	-0.05280408313837226	-0.07343213003861018
VUILD102MA_150_13_20	VUILD102MA	VUILD102	fold_4	epithelial_transitional	DISEASE_ADJUSTED	2.61306269651016	2.5814325718909594	2.8181145065403026	2.8500100101418173	2.184361031760814	2.281514573278641	2.7266564634697357	2.3295197452567242	2.3513370478254747	2.722040271529382	2.282872721303867	2.6544021271619567	-0.23694731363165733	-0.12588495930337804
VUILD102MA_150_13_22	VUILD102MA	VUILD102	fold_4	epithelial_transitional	DISEASE_ADJUSTED	2.48831392323764	2.578925723631784	2.807511692783764	2.907263381913072	2.295094922292436	2.380878169279716	2.7796203383462044	2.3291656928166593	2.5762086220661717	2.286044086471497	2.5430502907430528	2.23903949264092	-0.4189494586754323	-0.016358823950284783
VUILD102MA_150_13_23	VUILD102MA	VUILD102	fold_4	epithelial_transitional	DISEASE_ADJUSTED	2.33192804841911	2.5776722995021966	2.83824502721471	2.921880930932261	2.5135164744996064	2.5783792580737432	2.7100764634118355	2.328988666596627	2.8208081720403495	2.561575109787621	2.7854151584462516	2.5213368539408636	-0.5899528825131508	-0.01262081271389315
VUILD102MA_150_13_9	VUILD102MA	VUILD102	fold_4	epithelial_transitional	DISEASE_ADJUSTED	2.72331286772266	2.595220237316424	2.4724698319535574	2.500923116153088	2.683614247041041	2.664310382487182	2.6821846524923734	2.3314670336770797	2.6435930894243813	3.325115017011065	2.66191504866198	3.532327199789441	0.22238975156957208	0.05673750344628106
VUILD102MA_150_14_10	VUILD102MA	VUILD102	fold_4	epithelial_transitional	DISEASE_ADJUSTED	2.5384650490958	2.591991349865672	2.398271153072347	2.412621798470918	2.4261695197167623	2.426033305865651	2.710483306215911	2.332096607074955	2.6133190212996267	2.8288367719815004	2.6426750223479862	2.872622010343469	0.12584325062488189	0.014578363007081437
VUILD102MA_150_14_11	VUILD102MA	VUILD102	fold_4	epithelial_transitional	DISEASE_ADJUSTED	2.40033481174319	2.5907379257360845	2.787575766959701	2.795897583426256	1.8914518689110018	1.9933667337553336	2.647740327651125	2.331919580854923	2.5638952110642093	1.680806220265696	2.515749648796104	1.6688270219112138	-0.39556277168306586	-0.2091551611820448
VUILD102MA_150_14_19	VUILD102MA	VUILD102	fold_4	epithelial_transitional	DISEASE_ADJUSTED	2.66511951972558	2.580710532699383	2.7175831122588394	2.80573866542827	2.182929668238228	2.2707078906375453	2.7248647239239285	2.330503371094664	2.806201023210717	2.586159502635431	2.782265935334591	2.483642502073969	-0.14061914570268996	-0.1121735355510545
VUILD102MA_150_14_21	VUILD102MA	VUILD102	fold_4	epithelial_transitional	DISEASE_ADJUSTED	3.21064643450673	2.578203684440208	2.67675303049017	2.7803843725053876	2.860320674846558	2.872890885523086	2.7576989634333744	2.330149318654599	3.018541715853168	2.8694432612334984	3.0230961902948925	2.8997693899130774	0.4302620620013422	0.21999411981547237
VUILD102MA_150_14_22	VUILD102MA	VUILD102	fold_4	epithelial_transitional	DISEASE_ADJUSTED	2.43125811022388	2.5769502603106202	2.6705235279526023	2.7240534701132697	2.5895889223920547	2.61771826090878	2.816273158182996	2.329972292434567	2.9325089507771187	2.5115034720859692	2.93623455945637	2.5494403770671794	-0.29279535988938976	0.1565129709100645
VUILD102MA_150_15_10	VUILD102MA	VUILD102	fold_4	epithelial_transitional	DISEASE_ADJUSTED	2.8270044348456	2.590015886544508	2.5377901836119783	2.4851409895804015	2.5229337107265257	2.5397308186076275	2.678449508518397	2.3329032066928628	2.733930339185444	2.460495815993306	2.7613013269183546	2.599754928796961	0.3418634452651985	0.08947036941534059
VUILD102MA_150_15_12	VUILD102MA	VUILD102	fold_4	epithelial_transitional	DISEASE_ADJUSTED	2.8160326007137	2.587509038285333	2.7990938412955617	2.8834582077295074	2.3718176508001405	2.457786904697291	2.797976405766908	2.332549154252798	2.6262480783204434	2.510549687803034	2.5723106196873196	2.509758596228671	-0.06742560701580746	-0.0358601956238542
VUILD102MA_150_16_10	VUILD102MA	VUILD102	fold_4	epithelial_transitional	DISEASE_ADJUSTED	2.7396067620037	2.588040423223344	2.5275530445589167	2.6193555270017934	2.460439053318948	2.48431876366636	2.6661300115034057	2.3337098063107704	2.564136160586352	2.616725687934529	2.571999950811464	2.6130749997570786	0.12025123500190649	0.060525889463780874
VUILD102MA_150_16_9	VUILD102MA	VUILD102	fold_4	epithelial_transitional	DISEASE_ADJUSTED	2.65819298751261	2.589293847352932	2.679267261155562	2.5812447334671096	2.447004869633328	2.45662377095594	2.8091000739656633	2.3338868325308026	2.4487099641586147	2.1128350093029646	2.4455637771252356	2.2491218466473364	0.07694825404550043	0.03110312049770478
VUILD102MA_150_17_9	VUILD102MA	VUILD102	fold_4	epithelial_transitional	DISEASE_ADJUSTED	2.68306404630574	2.5873183840317675	2.5617074919197553	2.6383811146214287	2.5852205883833803	2.5970517417011183	2.6845424789393277	2.3346934321487103	2.309277340764811	2.224238720133455	2.2600083447318586	2.2764045509387474	0.04468293168431137	0.05222131374050461
VUILD102MA_150_18_10	VUILD102MA	VUILD102	fold_4	epithelial_transitional	DISEASE_ADJUSTED	2.57319095270571	2.584089496581016	2.7304419984465547	2.882490624293829	2.471972501443783	2.5515616483021684	2.6992039809073924	2.3353230055465857	2.241364897304733	2.4611114480207177	2.142626618454098	2.4707287314016058	-0.30929967158811866	0.04031584872576731
VUILD102MA_150_18_14	VUILD102MA	VUILD102	fold_4	epithelial_transitional	DISEASE_ADJUSTED	2.66741930936444	2.579075800062665	2.924886693184397	2.8656061666479276	2.5083488387909445	2.565896626310514	2.7343107900086023	2.3346149006664563	2.4019259810421163	2.8523537369475194	2.3422527313358716	2.8397950069410407	-0.1981868572834875	0.06950020545423823
VUILD102MA_150_18_16	VUILD102MA	VUILD102	fold_4	epithelial_transitional	DISEASE_ADJUSTED	2.57465301240938	2.5765689518034898	2.92618841001226	2.96836153157708	2.3341910498701655	2.416005365065882	2.736285216996112	2.3342608482263913	2.341321069300701	2.984419485878075	2.252979256169217	3.014411758301767	-0.3937085191677001	-0.053949477339036586
VUILD102MA_150_18_17	VUILD102MA	VUILD102	fold_4	epithelial_transitional	DISEASE_ADJUSTED	2.38276510692747	2.575315527673902	2.8794397403771375	2.9530087789253567	2.34708948957168	2.4028629154907786	2.7626006066274513	2.334083822006359	2.4557809125118695	3.163877157336258	2.3967894239583654	3.140844919092757	-0.5702436719978867	-0.07777110532310252
VUILD102MA_150_18_8	VUILD102MA	VUILD102	fold_4	epithelial_transitional	DISEASE_ADJUSTED	3.01375112517644	2.586596344840191	2.395080308199272	2.50651079158001	2.671657440950664	2.6674553402739534	2.5335912035618624	2.33567705798665	2.289675478332829	2.1007864025782603	2.284048713610586	2.3318617565738835	0.50724033359643	0.039089075829275746
VUILD102MA_150_19_10	VUILD102MA	VUILD102	fold_4	epithelial_transitional	DISEASE_ADJUSTED	2.40934705278109	2.5821140332598516	2.9320382109383556	2.934586737209962	2.524178407872574	2.6207057521200885	2.712258260671324	2.3361296051644933	2.5874453045344135	2.6641225352061615	2.5324921702060754	2.712148548649667	-0.5252396844288718	0.07454141391999006
VUILD102MA_150_19_16	VUILD102MA	VUILD102	fold_4	epithelial_transitional	DISEASE_ADJUSTED	2.27645950843422	2.574593488482326	2.8884470851475257	2.9252153514379966	2.413670310985146	2.43621905307302	2.7921222107846537	2.335067447844299	2.2231658903987745	2.3929530461393247	2.1563717287242645	2.470220563719197	-0.6487558430037765	-0.027352886681971108
VUILD102MA_150_19_17	VUILD102MA	VUILD102	fold_4	epithelial_transitional	DISEASE_ADJUSTED	2.32427217874984	2.5733400643527378	2.9621962053646844	3.035418572503424	2.7449629664677735	2.8869498203426702	2.776774408894995	2.3348904216242667	2.3870544208868067	3.075904819737681	2.2796391971389327	2.9585536147721627	-0.7111463937535842	0.09303081106629783
VUILD102MA_150_19_7	VUILD102MA	VUILD102	fold_4	epithelial_transitional	DISEASE_ADJUSTED	2.98315246855768	2.585874305648615	2.55613332207837	2.6344342634519515	2.675986301896117	2.7090464593970562	2.615221451649667	2.33666068382459	2.969039390013423	2.3248618996698522	2.968044938304105	2.3182863976767067	0.34871820510572826	0.002380351523426801
VUILD102MA_150_19_8	VUILD102MA	VUILD102	fold_4	epithelial_transitional	DISEASE_ADJUSTED	2.6134552413778	2.5846208815190272	2.7319241500946094	2.770798397402837	3.2534445965511014	3.274883428181103	2.6286353318184603	2.336483657604558	2.941185374639734	2.6327048131700574	2.9299547334582554	2.622069321155476	-0.1573431560250369	0.29241966583219875
VUILD102MA_150_19_9	VUILD102MA	VUILD102	fold_4	epithelial_transitional	DISEASE_ADJUSTED	2.44610178957285	2.583367457389439	2.755563446723672	2.9000172590675986	2.609723404362464	2.67599455408677	2.644127370770032	2.3363066313845255	2.6371838613524456	2.7591141345108743	2.5639784404296724	2.7645357506103525	-0.4539154694947487	0.07879988407894152
VUILD102MA_150_1_13	VUILD102MA	VUILD102	fold_4	epithelial_transitional	DISEASE_ADJUSTED	2.40995974293877	2.6139121006520427	2.88849717031678	2.9342395774233205	2.425452789553145	2.539993999741627	2.7509151369391622	2.321079733382059	2.820138069859465	2.7666901830047066	2.7573934600943244	2.687224578593806	-0.5242798344845507	-0.04106356532692859
VUILD102MA_150_20_15	VUILD102MA	VUILD102	fold_4	epithelial_transitional	DISEASE_ADJUSTED	3.34304999215003	2.573871449290749	2.5682167965215967	2.657970135534409	2.4312176014703453	2.425659080620546	2.712803278010183	2.336051073682239	2.46592648762904	2.9184103622195563	2.451919353668745	2.988050733503382	0.6850798566156207	0.13564485868913712
VUILD102MA_150_20_16	VUILD102MA	VUILD102	fold_4	epithelial_transitional	DISEASE_ADJUSTED	2.27267682054534	2.5726180251611614	2.6290862395386925	2.7656584686954084	2.392528537003159	2.4144773702738913	2.739601466400008	2.3358740474622066	2.0804212878917636	1.9325443756305223	2.017834697828553	2.039146617003982	-0.4929816481500686	0.05934689272478473
VUILD102MA_150_20_17	VUILD102MA	VUILD102	fold_4	epithelial_transitional	DISEASE_ADJUSTED	3.00063331769477	2.571364601031574	2.9321966390812624	2.964530585623609	2.2907834122558146	2.401294264362657	2.7819380232685007	2.3356970212421744	2.347269061549649	0.9117512554277603	2.272483676016364	0.9705689523353327	0.0361027320711611	0.022587543811327822
VUILD102MA_150_20_6	VUILD102MA	VUILD102	fold_4	epithelial_transitional	DISEASE_ADJUSTED	2.71777772718476	2.5851522664570386	2.5279143021270563	2.6891646994785687	3.252625536703365	3.2569945482902334	2.5531911306555646	2.3376443096625303	2.801085094973722	2.894329380824382	2.798491878274005	2.9248631795240883	0.02861302770619112	0.20828123735600873
VUILD102MA_150_20_7	VUILD102MA	VUILD102	fold_4	epithelial_transitional	DISEASE_ADJUSTED	2.22585748304319	2.5838988423274505	2.57547122568072	2.665210646528813	2.542965899404821	2.549572631678452	2.6189065946106957	2.3374672834424977	2.761368589193173	2.4626996872678717	2.784852624168465	2.45243561297358	-0.4393531634856229	-0.049681166695867515
VUILD102MA_150_20_9	VUILD102MA	VUILD102	fold_4	epithelial_transitional	DISEASE_ADJUSTED	2.69220495890928	2.5813919940682752	2.835187160041028	2.853206859360835	2.7684330062558646	2.852273209025924	2.6885193186049143	2.337113231002433	2.679799199854118	2.8812928138542366	2.6324324641288532	2.9503069983711905	-0.16100190045155527	0.16229242545456013
VUILD102MA_150_21_11	VUILD102MA	VUILD102	fold_4	epithelial_transitional	DISEASE_ADJUSTED	2.07596114908504	2.5769096824879356	2.6786223597074468	2.73856761920978	2.5011960060273353	2.573343073067291	2.6638562114242497	2.337565778180276	2.5720044030393185	3.1463766555324164	2.535842112632026	3.1252422228590166	-0.6626064701247403	0.17678157559906027
VUILD102MA_150_21_7	VUILD102MA	VUILD102	fold_4	epithelial_transitional	DISEASE_ADJUSTED	2.4037985877365	2.5819233790062865	2.7935922358668783	2.7578950844721994	2.1443017877100155	2.224272515103259	2.6244047612858066	2.3382738830604053	2.520685062255933	2.385929000033424	2.492089576871539	2.392525103834214	-0.35409649673569943	-0.15779483147955403
VUILD102MA_150_21_8	VUILD102MA	VUILD102	fold_4	epithelial_transitional	DISEASE_ADJUSTED	2.70857776669947	2.580669954876699	2.531039799300415	2.596737576039822	2.3061459779957145	2.3407649602320224	2.61396750344245	2.338096856840373	2.8377515786410594	2.6468559950159145	2.8510488875064355	2.644662888291099	0.11184019065964801	-0.03386430270409421
VUILD102MA_150_22_10	VUILD102MA	VUILD102	fold_4	epithelial_transitional	DISEASE_ADJUSTED	2.71853437067742	2.5761876432963593	2.5861455080707527	2.661862278198899	2.6829112936985675	2.7649781110367257	2.5168773075923516	2.3385494040182158	2.9533055823361245	3.2805686577523927	2.945684874100106	3.218899942240741	0.056672092478520675	0.1924728442376791
VUILD102MA_150_22_7	VUILD102MA	VUILD102	fold_4	epithelial_transitional	DISEASE_ADJUSTED	3.20987240275119	2.579947915685122	2.69437237407818	2.699570350555645	2.968882848068615	2.982550013703134	2.571670549140421	2.339080482678313	3.1491370851048446	3.3749914786380426	3.11995118355857	3.4197261894202127	0.510302052195545	0.2283807584096489
VUILD102MA_150_22_8	VUILD102MA	VUILD102	fold_4	epithelial_transitional	DISEASE_ADJUSTED	2.79397020756115	2.5786944915555345	2.4225562539023846	2.4611489598281695	2.535920239829647	2.5696544308033022	2.6124755403588735	2.3389034564582807	2.539218846391201	2.8953630350646273	2.559346199043389	3.015289420044434	0.3328212477329804	0.034937878016922316
VUILD102MA_150_24_13	VUILD102MA	VUILD102	fold_4	epithelial_transitional	DISEASE_ADJUSTED	3.34117568502589	2.568476444265268	2.8706983644941757	2.9125510639537397	2.1880725617471177	2.249852247678444	2.738562229242007	2.3396315245939343	2.7807464692376196	2.413500450361758	2.712371005362285	2.325377746891308	0.42862462107215027	-0.15199079818404385
VUILD102MA_150_24_14	VUILD102MA	VUILD102	fold_4	epithelial_transitional	DISEASE_ADJUSTED	3.30767244183606	2.5672230201356805	2.611416968085458	2.7368896824009363	2.398193269352085	2.412192605919316	2.762376973453116	2.3394544983739016	2.746954994531723	2.783920184070217	2.727316906408781	2.7614306842110095	0.5707827594351236	0.040783373687105454
VUILD102MA_150_3_12	VUILD102MA	VUILD102	fold_4	epithelial_transitional	DISEASE_ADJUSTED	2.34952926231319	2.611214598139302	2.7154685513334678	2.7498506122541313	2.2263434130673736	2.253854912661982	2.8053111129585107	2.3228699588379067	2.3309516046804797	2.2343076730967657	2.305154640247947	2.2817297773674703	-0.4003213499409415	-0.04539666792954132
VUILD102MA_150_4_16	VUILD102MA	VUILD102	fold_4	epithelial_transitional	DISEASE_ADJUSTED	2.45712478237921	2.604225438299787	2.998242059274159	2.9389513506885683	2.5413545069943586	2.5970759510434833	2.7905055699155907	2.322968453575685	2.6163004086436654	2.0940966953828886	2.589716770416024	2.1176569700156582	-0.4818265683093581	0.004075212435381274
VUILD102MA_150_4_17	VUILD102MA	VUILD102	fold_4	epithelial_transitional	DISEASE_ADJUSTED	2.19727925185361	2.6029720141701995	2.8345605737459603	2.86681942097115	2.2451711077720633	2.3004452200574432	2.7572087769668174	2.3227914273556527	2.580067173892479	2.0474342108696577	2.5523513926858716	2.0723134682930735	-0.66954016911754	-0.10787779933590196
VUILD102MA_150_4_21	VUILD102MA	VUILD102	fold_4	epithelial_transitional	DISEASE_ADJUSTED	2.64951532231666	2.597958317651849	2.5736707401875307	2.5585885341425345	2.5295684246948533	2.5272044310485	2.707107289657665	2.3220833224755233	2.464520085998086	2.2862662551646915	2.458543235539137	2.3412322670392105	0.09092678817412558	-0.019960561692129834
VUILD102MA_150_5_12	VUILD102MA	VUILD102	fold_4	epithelial_transitional	DISEASE_ADJUSTED	2.48775292661002	2.607263671496974	2.462351479653661	2.588492767041615	2.1601006585158413	2.1429861019383685	2.8014335165107767	2.324483158073722	2.1103466858560354	2.1705063150256483	2.106179798127237	2.227832611716404	-0.10073984043159534	-0.10392095102563553
VUILD102MA_150_5_16	VUILD102MA	VUILD102	fold_4	epithelial_transitional	DISEASE_ADJUSTED	2.33295247197524	2.602249974978623	2.6484012916309876	2.6652276914225443	2.287195789708876	2.280088560818552	2.7833967183034494	2.3237750531935926	2.317422327580107	1.5739028481013961	2.3176067595863548	1.6955502713547213	-0.3322752194473044	-0.11007364928443888
VUILD102MA_150_5_19	VUILD102MA	VUILD102	fold_4	epithelial_transitional	DISEASE_ADJUSTED	2.38882930268477	2.59848970258986	2.523020428188639	2.4940872500705207	2.2084274527937264	2.182699934687805	2.7157716116682518	2.3232439745334954	2.374934184008902	2.0183718810387288	2.4193566528223482	2.1633071151864174	-0.10525794738575067	-0.08113274590564512
VUILD102MA_150_5_20	VUILD102MA	VUILD102	fold_4	epithelial_transitional	DISEASE_ADJUSTED	2.61078432847768	2.5972362784602723	2.615474634548465	2.5789581303685796	2.353401693692826	2.3811939773594473	2.737016018688657	2.323066948313463	2.387975813998646	2.1719557794895166	2.380142959070545	2.2326452440515947	0.03182619810910037	-0.05698066037244348
VUILD102MA_150_6_12	VUILD102MA	VUILD102	fold_4	epithelial_transitional	DISEASE_ADJUSTED	2.59556504982489	2.6052882081758097	2.8499682122898764	2.870642685380071	2.761186197431549	2.819733079112822	2.7878976797751203	2.3252897576916296	2.5920454297885356	2.6069708159806932	2.539832030433322	2.5353514140649573	-0.27507763555518094	0.08945060265776833
VUILD102MA_150_6_14	VUILD102MA	VUILD102	fold_4	epithelial_transitional	DISEASE_ADJUSTED	2.48944464123066	2.6027813599166345	2.514355893222961	2.5803714938137436	2.709833403615316	2.699946660769727	2.7800399525516273	2.324935705251565	2.5726139234425673	2.1516450257096102	2.5549003067015073	2.1543493358369767	-0.09092685258308375	0.07593471500405582
VUILD102MA_150_7_22	VUILD102MA	VUILD102	fold_4	epithelial_transitional	DISEASE_ADJUSTED	3.3536606674131	2.5907785035587687	2.820541209920263	2.827648604117448	2.7869670968455047	2.8758625570458647	2.7687626793364357	2.3243260951092135	2.712792224044094	2.6817223085630255	2.665075276962524	2.750740464321002	0.526012063295652	0.13213048306144629
VUILD102MA_150_7_23	VUILD102MA	VUILD102	fold_4	epithelial_transitional	DISEASE_ADJUSTED	2.47279625011801	2.589525079429181	2.6811837201335837	2.6983557832146796	2.502911164454903	2.535615672688905	2.685111562972971	2.3241490688891813	2.6272701255448836	2.7547155754631176	2.601509888563589	2.903684198341875	-0.22555953309666954	-0.024790156597368048
VUILD102MA_150_7_24	VUILD102MA	VUILD102	fold_4	epithelial_transitional	DISEASE_ADJUSTED	2.77913454806926	2.5882716552995935	2.5368846688334976	2.49273990980113	2.633227300314547	2.632711434610595	2.6988262728014627	2.323972042669149	2.5687148436428693	2.3614233080016716	2.5793072329380236	2.5034317417972543	0.2863946382681304	-0.03464254316840488
VUILD102MA_150_9_19	VUILD102MA	VUILD102	fold_4	epithelial_transitional	DISEASE_ADJUSTED	3.38038395784607	2.5905878493052037	2.705447765292746	2.715046536781362	2.6495977232228056	2.6762927724476664	2.714136407726771	2.326470373005126	2.6585075465934818	2.7457545614525656	2.6333378557718334	2.8040061535661693	0.6653374210647081	0.11718712934602143
VUILD105MA2_150_10_11	VUILD105MA2	VUILD105	fold_4	epithelial_transitional	DISEASE_ADJUSTED	2.00500648248332	2.5916378845317096	2.51702124865142	2.5135999439348766	2.451131490079617	2.4679377158533664	2.4425100163017	2.3166837277405343	2.5430143684780377	3.0545495801017597	2.5278485194556324	3.0350753577054848	-0.5085934614515568	-0.06353787511128658
VUILD105MA2_150_10_12	VUILD105MA2	VUILD105	fold_4	epithelial_transitional	DISEASE_ADJUSTED	1.85940842745513	2.5900733894345067	2.5831554409003092	2.4435389033877466	2.402370120379657	2.4263636877126324	2.3417658660452343	2.3164056956719477	2.656274404728523	2.7960065326904253	2.6495733298675783	2.8222440769351573	-0.5841304759326167	-0.037239225181479804
VUILD105MA2_150_12_16	VUILD105MA2	VUILD105	fold_4	epithelial_transitional	DISEASE_ADJUSTED	1.60156004895132	2.579212181763089	2.661373612105131	2.697130442343066	2.3252970178095027	2.373419216641265	1.8405303599522291	2.3169069579387975	2.5774212094145623	2.6044310079503696	2.5191984645020833	2.4431515235634755	-1.0955703933917462	-0.05372898317974835
VUILD105MA2_150_12_17	VUILD105MA2	VUILD105	fold_4	epithelial_transitional	DISEASE_ADJUSTED	1.64279339463427	2.577647686665886	2.607676797414432	2.575405319653373	2.654162504589472	2.6472330041534784	2.0520240191695316	2.316628925870211	2.837537093635965	2.681707205921826	2.8142707733603616	2.618760877581865	-0.932611925019103	0.33162231924863894
VUILD105MA2_150_13_16	VUILD105MA2	VUILD105	fold_4	epithelial_transitional	DISEASE_ADJUSTED	1.79041840737903	2.5769105681217868	2.5310693969081792	2.7598946910292503	2.400654223173513	2.4403841961273702	2.1437109547749933	2.3177136532093963	2.3714131072727023	2.214158162394597	2.3093882603094507	2.1533396622044196	-0.9694762836502204	-0.056106937564918025
VUILD105MA2_150_14_2	VUILD105MA2	VUILD105	fold_4	epithelial_transitional	DISEASE_ADJUSTED	2.26249764969206	2.596511885841327	2.628342782865573	2.6016990077487763	2.675249758491314	2.6374135863273094	2.218470082573968	2.3224127974402107	2.6228768797734454	2.3089924173042187	2.641789626259679	2.3476663855454567	-0.33920135805671636	0.22116045209449386
VUILD105MA2_150_15_2	VUILD105MA2	VUILD105	fold_4	epithelial_transitional	DISEASE_ADJUSTED	2.83207083360536	2.594210272200024	2.858777313905166	2.7520657197842446	2.5193149806648667	2.5345534078919014	2.1503722933863108	2.3232194927108094	2.5914503368275525	2.5492287976997545	2.5806928891920387	2.528319057434338	0.08000511382111553	0.03482092213772722
VUILD105MA2_150_4_7	VUILD105MA2	VUILD105	fold_4	epithelial_transitional	DISEASE_ADJUSTED	2.1393871818191	2.611705546768338	2.622096009705401	2.4691682847706535	2.4275082334877855	2.42151156916599	2.0991640458244354	2.3129556843912895	2.694141694659652	2.507762431047997	2.6970081173069413	2.620607547391662	-0.3297811029515536	-0.03970634918831771
VUILD105MA2_150_4_8	VUILD105MA2	VUILD105	fold_4	epithelial_transitional	DISEASE_ADJUSTED	2.323024749067	2.6101410516711345	2.9112240149299207	2.9746315112696857	2.6873480996276893	2.7819797879937975	2.206675822834592	2.3126776523227024	2.8545468651271952	2.9303227274007195	2.7832723643924724	2.7942851517623954	-0.6516067622026855	0.11967246947075855
VUILD105MA2_150_5_6	VUILD105MA2	VUILD105	fold_4	epithelial_transitional	DISEASE_ADJUSTED	2.15516056848758	2.610968428224238	2.6197942421241502	2.6452563105451032	2.8649976679841878	2.902594910676022	2.3527196248046254	2.314040411730475	2.8923861784226137	2.9715112509266537	2.857860043984525	2.9282284050884	-0.49009574205752315	0.15492070027421836
VUILD105MA2_150_5_8	VUILD105MA2	VUILD105	fold_4	epithelial_transitional	DISEASE_ADJUSTED	3.85312765470297	2.607839438029832	2.595653440770689	2.748697068508339	3.3835238785043433	3.4100375994122305	2.5347111823284534	2.313484347593301	3.226065942398804	3.5066097306772206	3.222377464450445	3.4866167897800104	1.1044305861946309	0.48658848622478856
VUILD105MA2_150_6_11	VUILD105MA2	VUILD105	fold_4	epithelial_transitional	DISEASE_ADJUSTED	3.19661006850013	2.6008443390969203	2.64724649715029	2.6807759719419524	2.76689809397191	2.7883365960171917	2.369498014076594	2.3134569466581394	3.048455494345419	3.1065064523995463	3.0443819171393787	3.066922864922346	0.5158340965581778	0.23444465002795395
VUILD105MA2_150_6_6	VUILD105MA2	VUILD105	fold_4	epithelial_transitional	DISEASE_ADJUSTED	2.63002820929678	2.6086668145829357	2.5231452791855364	2.5353237647221203	2.6622253518633863	2.6399010387467223	2.332871019906216	2.3148471070010737	2.62260987515607	2.862194818596484	2.6246503279641695	2.9692544352114125	0.09470444457465987	0.0037702037413052496
VUILD105MA2_150_6_8	VUILD105MA2	VUILD105	fold_4	epithelial_transitional	DISEASE_ADJUSTED	3.18047416821519	2.6055378243885294	2.7057752386424507	2.744919248035531	3.669243001340538	3.6607673011068163	2.4818427321481624	2.3142910428639	3.2703122055482763	3.464539406404175	3.2912897538705144	3.4448741069822666	0.4355549201796589	0.6260851035486139
VUILD105MA2_150_7_10	VUILD105MA2	VUILD105	fold_4	epithelial_transitional	DISEASE_ADJUSTED	2.61360153129531	2.600107220552821	2.731470354968067	2.7844578995741154	3.0261158575783313	3.0475241154980903	2.280129945365703	2.3145416739973252	3.1070127058084367	2.8373327837845235	3.106623739600424	2.77466755040342	-0.17085636827880535	0.1940688771223299
VUILD105MA2_150_7_11	VUILD105MA2	VUILD105	fold_4	epithelial_transitional	DISEASE_ADJUSTED	2.56820563282436	2.5985427254556175	2.6522701757087814	2.6696670934837976	2.8389192381224015	2.8333431822248114	2.355253312801014	2.314263641928738	2.897049285190115	2.8716070436392642	2.9002863297558528	2.8153238124680406	-0.10146146065943773	0.24808706116250534
VUILD105MA2_150_7_8	VUILD105MA2	VUILD105	fold_4	epithelial_transitional	DISEASE_ADJUSTED	3.07706970260621	2.6032362107472267	2.8095103433151722	2.7695373857865015	3.1657380867102893	3.164589881613897	2.427758414625931	2.3150977381344986	2.939612520136331	3.1453203533225134	2.9302813606872404	3.1351059090173448	0.3075323168197084	0.3164968923729864
VUILD105MA2_150_8_10	VUILD105MA2	VUILD105	fold_4	epithelial_transitional	DISEASE_ADJUSTED	2.07985790333868	2.597805606911518	2.7358452106787357	2.788569288080734	1.9635915516529507	2.053043302098463	2.081178965332588	2.3153483692679235	2.3975307693623793	2.565973571865735	2.3274825524852183	2.4272915750900275	-0.7087113847420539	-0.29983968050293597
VUILD105MA2_150_8_11	VUILD105MA2	VUILD105	fold_4	epithelial_transitional	DISEASE_ADJUSTED	2.26455993933762	2.596241111814315	2.6948569379386598	2.805476088964765	2.433021713404048	2.458053770362631	2.464962194540097	2.315070337199337	2.7353999528601958	3.165375072020934	2.717017421151103	3.109845145386368	-0.5409161496271451	-0.21370674033440107
VUILD105MA2_150_8_12	VUILD105MA2	VUILD105	fold_4	epithelial_transitional	DISEASE_ADJUSTED	2.36837767637379	2.594676616717112	2.7409732172445267	2.7265918614032896	2.5427203312882556	2.57813990449924	2.1111655248102688	2.31479230513075	2.799280383729444	3.201547416078932	2.748361707045249	3.1218451856345095	-0.35821418502949953	0.0924548011790071
VUILD105MA2_150_8_13	VUILD105MA2	VUILD105	fold_4	epithelial_transitional	DISEASE_ADJUSTED	2.91292298364846	2.593112121619909	2.7234764739500426	2.728622123638557	2.642856119484763	2.666892260644743	2.2698353376408393	2.314514273062163	2.754586752471704	2.8077507754596023	2.759863531261137	2.8496332907840993	0.1843008600099032	0.19388346444111032
VUILD105MA2_150_8_4	VUILD105MA2	VUILD105	fold_4	epithelial_transitional	DISEASE_ADJUSTED	2.74131647020578	2.6071925774947364	2.710532703580929	2.6975883073692017	2.5157877101734303	2.5463559194541237	2.2880566274355574	2.317016561679445	2.938870224682536	2.924606215530021	2.9116435373878704	2.786945659600279	0.04372816283657821	0.016584267753844504
VUILD105MA2_150_8_6	VUILD105MA2	VUILD105	fold_4	epithelial_transitional	DISEASE_ADJUSTED	2.51714310032107	2.60406358730033	2.619016871415884	2.6328415959584657	3.223333797460774	3.2189537167154083	2.4812035698992823	2.316460497542271	3.1830203409987536	2.821985832097313	3.171793565980758	2.805646878909811	-0.11569849563739565	0.43280954098166013
VUILD105MA2_150_8_7	VUILD105MA2	VUILD105	fold_4	epithelial_transitional	DISEASE_ADJUSTED	2.68940410429093	2.6024990922031273	2.7929361286202887	2.7635778689425416	3.0497940755222626	3.1022914522201153	2.3685260932978194	2.3161824654736844	3.085517776426965	2.9863568809658143	3.0363723181526225	2.9883541196317562	-0.07417376465161185	0.3623054774750379
VUILD105MA2_150_8_8	VUILD105MA2	VUILD105	fold_4	epithelial_transitional	DISEASE_ADJUSTED	2.939099187865	2.6009345971059243	2.642571368279491	2.635168022678002	2.965072118083256	2.9726622976742982	2.408427647996378	2.3159044334050973	2.753400526281735	2.9637022557247947	2.738137881950102	2.945053519074913	0.30393116518699825	0.3223694303687198
VUILD105MA2_150_9_10	VUILD105MA2	VUILD105	fold_4	epithelial_transitional	DISEASE_ADJUSTED	2.67088480036393	2.5955039932702153	2.7381952528099975	2.753630208692919	2.697292828715487	2.757774750645935	2.1690245569886017	2.3161550645385223	2.7219057730140244	2.9073694795405594	2.6770117300258085	2.8300016678933715	-0.08274540832898936	0.13653093236981692
VUILD105MA2_150_9_5	VUILD105MA2	VUILD105	fold_4	epithelial_transitional	DISEASE_ADJUSTED	3.66492079433211	2.6033264687562307	2.4376668443774685	2.463550908527311	2.367355167710016	2.3246404173380886	2.17353715831405	2.3175452248814565	2.5864570531087145	3.032137847045923	2.5898331792557863	2.973670596241643	1.201369885804799	-0.027480254387148354
VUILD105MA2_150_9_9	VUILD105MA2	VUILD105	fold_4	epithelial_transitional	DISEASE_ADJUSTED	2.6298152419587	2.5970684883674187	2.7764372129954036	2.6838070736877304	2.4249225272805863	2.458333335369271	2.2361321581688554	2.3164330966071094	2.5715143854535936	2.583306317938984	2.524497589263429	2.533129714355885	-0.05399183172903044	-0.012559793558072265
VUILD115MA_150_10_31	VUILD115MA	VUILD115	fold_4	epithelial_transitional	DISEASE_ADJUSTED	1.79175817208835	2.592891428193541	2.663156760459463	2.688051015659258	2.266733275362038	2.3098261684725467	2.3436389051008613	2.356565300871152	2.537915444647226	2.9292287286888863	2.499341037836173	2.8481962563092376	-0.8962928435709081	0.003009386596487834
VUILD115MA_150_10_32	VUILD115MA	VUILD115	fold_4	epithelial_transitional	DISEASE_ADJUSTED	2.19072745361274	2.5921058904095395	2.6657809819248057	2.693762381502293	2.794993311597138	2.828252323845901	2.2812277974852084	2.356540199010134	2.648998690368506	3.44906760968878	2.5971811311689352	3.348965857970018	-0.5030349278895527	0.35110421405738745
VUILD115MA_150_10_35	VUILD115MA	VUILD115	fold_4	epithelial_transitional	DISEASE_ADJUSTED	2.23884752402244	2.5897492770575354	2.5805958483865967	2.6886324543264206	2.870476575258171	2.9428669595831893	2.391595799139989	2.3564648934270807	2.9308370169971876	2.603588076780503	2.8849577606994448	2.5211469673469873	-0.4497849303039807	0.22418303533348954
VUILD115MA_150_10_36	VUILD115MA	VUILD115	fold_4	epithelial_transitional	DISEASE_ADJUSTED	1.64761746048419	2.5889637392735345	2.848432735727394	2.8760791554932132	2.6105939146342703	2.7558606406229336	2.339796122129117	2.356439791566063	2.7230766619796105	3.462261794508619	2.640332969930111	3.220220763874457	-1.2284616950090232	0.18157203040137723
VUILD115MA_150_10_39	VUILD115MA	VUILD115	fold_4	epithelial_transitional	DISEASE_ADJUSTED	1.92408455853336	2.5866071259215304	2.7411503507954964	2.689362258059062	2.819419440997349	2.872653379450726	2.355104607429843	2.3563644859830095	2.886268007279548	3.2335712494837354	2.8400245585925985	3.124332055554074	-0.7652776995257022	0.17248982650172803
VUILD115MA_150_10_40	VUILD115MA	VUILD115	fold_4	epithelial_transitional	DISEASE_ADJUSTED	1.93410203148177	2.585821588137529	2.7421713827989644	2.709199364807831	2.517039460513396	2.5715309767355263	2.199584421508257	2.3563393841219917	2.5281186863489533	2.8981262445227527	2.480901504359382	2.8041803645306347	-0.7750973333260609	0.07365157894375522
VUILD115MA_150_10_41	VUILD115MA	VUILD115	fold_4	epithelial_transitional	DISEASE_ADJUSTED	1.88485594573225	2.585036050353528	2.4971227518422476	2.53932894367424	2.54580934283946	2.5300333435827493	2.143242112641277	2.356314282260974	2.652475504279921	2.6622188143422947	2.649181222353101	2.6320002966033202	-0.6544729979419899	0.20165107676423688
VUILD115MA_150_11_30	VUILD115MA	VUILD115	fold_4	epithelial_transitional	DISEASE_ADJUSTED	2.39155653904348	2.5921378561686237	2.6444827081933915	2.68624055294636	2.7401271872732385	2.766480089192799	2.070735692123198	2.357396874377222	2.9480061021139634	3.2826792669159954	2.9305715003371824	3.191696294496373	-0.2946840139028799	0.2126511582781339
VUILD115MA_150_11_33	VUILD115MA	VUILD115	fold_4	epithelial_transitional	DISEASE_ADJUSTED	1.59854000472927	2.58978124281662	2.688114358474654	2.6981192263053675	2.625036538108512	2.623012157139144	2.4092124545401585	2.3573215687941684	2.6000955622449973	3.352757681387181	2.583706508917952	3.3250680166094027	-1.0995792215760976	0.13783497051388058
VUILD115MA_150_11_36	VUILD115MA	VUILD115	fold_4	epithelial_transitional	DISEASE_ADJUSTED	1.24762098062365	2.587424629464616	2.798039405482059	2.868035136333751	2.867540694745256	2.9556060459707276	2.475725434132081	2.357246263211115	2.8927364324383484	3.603638180055846	2.8318738788579583	3.3842199184500856	-1.6204141557101008	0.28617364810358
VUILD115MA_150_11_41	VUILD115MA	VUILD115	fold_4	epithelial_transitional	DISEASE_ADJUSTED	1.71499659721244	2.5834969405446095	2.656368054845471	2.6014537545018745	2.699189651878515	2.682638708171853	1.8812365253987293	2.3571207539060266	2.7822396043833546	2.833799342039813	2.7750929879063717	2.777264611315925	-0.8864571572894346	0.20451803678435865
VUILD115MA_150_12_26	VUILD115MA	VUILD115	fold_4	epithelial_transitional	DISEASE_ADJUSTED	2.15522810043013	2.5937408974957106	2.8492192519381097	2.7750195041845696	3.1561774189632748	3.206456202234956	2.510939048898046	2.358303753466345	2.7807688263647914	3.6500486706763557	2.7462442158712936	3.6091820662385063	-0.6197914037544394	0.24720370032153627
VUILD115MA_150_12_27	VUILD115MA	VUILD115	fold_4	epithelial_transitional	DISEASE_ADJUSTED	2.45610278352839	2.5929553597117097	2.9489693236397274	2.900442235232651	3.45267622389155	3.522238652112385	2.433886168617347	2.3582786516053273	3.2930035628081353	3.8623446369514634	3.2191765389321887	3.756892081855134	-0.4443394517042609	0.4315249163148151
VUILD115MA_150_12_30	VUILD115MA	VUILD115	fold_4	epithelial_transitional	DISEASE_ADJUSTED	2.88509426350855	2.5905987463597056	2.5799915161381386	2.6200852452022585	2.2826826414831127	2.3529248668781144	2.502386355984717	2.358203346022274	2.6156271511226317	2.7314813028697746	2.6029616920013563	2.6481584350013154	0.26500901830629164	-0.049637119773834226
VUILD115MA_150_12_31	VUILD115MA	VUILD115	fold_4	epithelial_transitional	DISEASE_ADJUSTED	1.44083719984605	2.589813208575704	2.8874424728842114	2.8694819396589053	2.1121769736577463	2.2408290185704343	2.273117906360609	2.358178244161256	2.5787535697992037	2.4473335425398033	2.498539703809612	2.246615643979271	-1.4286447398128552	0.047045208777239084
VUILD115MA_150_12_36	VUILD115MA	VUILD115	fold_4	epithelial_transitional	DISEASE_ADJUSTED	1.60053679630734	2.585885519655698	2.9025787264232044	2.900990055428658	2.752244988806174	2.844455852402069	2.3644807855320087	2.3580527348561677	3.116234430860179	3.6866435683640635	3.05593435862085	3.603085607186345	-1.3004532591213178	0.26782607268411973
VUILD115MA_150_12_40	VUILD115MA	VUILD115	fold_4	epithelial_transitional	DISEASE_ADJUSTED	1.24270291058714	2.5827433685196928	2.4128762605751866	2.3382729753577154	2.179789397431106	2.1028027158312126	2.3882450936143593	2.3579523274120966	2.149424815005066	2.6623973956306997	2.193262138770452	2.791335504035357	-1.0955700647705753	-0.15519307605088783
VUILD115MA_150_12_41	VUILD115MA	VUILD115	fold_4	epithelial_transitional	DISEASE_ADJUSTED	1.29722629931135	2.5819578307356914	2.539868158827695	2.5166646925495852	2.439732294672946	2.4193352273633466	2.222181197475512	2.357927225551079	2.608072952150216	2.626103109254552	2.6242983126046546	2.572054245269718	-1.2194383932382353	0.054711341143529754
VUILD115MA_150_13_17	VUILD115MA	VUILD115	fold_4	epithelial_transitional	DISEASE_ADJUSTED	3.47542830346655	2.5992716277428043	2.967119185075953	2.9201052138381867	3.4520682631418924	3.5164275467198816	2.4387650410999897	2.3593361418605574	2.998782791301931	3.205013222188795	2.923513697770289	3.183735988403051	0.5553230896283634	0.41134760047336616
VUILD115MA_150_13_18	VUILD115MA	VUILD115	fold_4	epithelial_transitional	DISEASE_ADJUSTED	3.33991280113053	2.598486089958803	2.9062771336246973	2.9762515283463	2.6930645265281328	2.8444481010757645	2.321377166768211	2.3593110399995396	2.8866434134074686	3.2227155932603906	2.762159511243281	2.956656879080743	0.3636612727842299	0.1702683670583207
VUILD115MA_150_13_25	VUILD115MA	VUILD115	fold_4	epithelial_transitional	DISEASE_ADJUSTED	1.8936374391585	2.592987325470794	2.5865838936201317	2.6151909755944795	2.752638206409402	2.7495747621602975	2.3328123597537602	2.359135326972415	2.5777071040106665	3.0188489679915547	2.5525351982499203	3.0057313454154664	-0.7215535364359795	0.15334216190292047
VUILD115MA_150_13_26	VUILD115MA	VUILD115	fold_4	epithelial_transitional	DISEASE_ADJUSTED	2.04765940392063	2.5922017876867924	2.488360230931092	2.5210768265002157	2.6556640382583954	2.681315503734163	2.3489237412602075	2.3591102251113973	2.5518108835419655	2.610662740051505	2.5309552254666805	2.5410165542754752	-0.4734174225795855	0.01737062165665354
VUILD115MA_150_14_12	VUILD115MA	VUILD115	fold_4	epithelial_transitional	DISEASE_ADJUSTED	2.03978539952279	2.601660206853892	2.659621360327626	2.720580605275476	2.8365434534163962	2.880667721915692	2.1765033324808516	2.360268122810698	2.763698135652477	2.9751066383020524	2.6981769767403687	2.8650424479157124	-0.6807952057526858	0.3165739773343724
VUILD115MA_150_14_18	VUILD115MA	VUILD115	fold_4	epithelial_transitional	DISEASE_ADJUSTED	2.84136139120863	2.596946980149885	2.815019164452792	2.7776474992216755	3.4801800173285096	3.5057251372637035	2.5774300603755997	2.360117511644592	3.08452222123451	3.663415517570289	3.056594754385341	3.5883423685137674	0.06371389198695443	0.6193991335393577
VUILD115MA_150_14_22	VUILD115MA	VUILD115	fold_4	epithelial_transitional	DISEASE_ADJUSTED	2.87259041365949	2.5938048290138793	2.977996136445112	3.071178363163153	2.8039318684281795	2.921881405287719	2.5035933388178884	2.3600171042005207	2.7426877339048716	2.6012692071591372	2.6143489207909223	2.497380850922068	-0.1985879495036631	0.08045629961046162
VUILD115MA_150_14_26	VUILD115MA	VUILD115	fold_4	epithelial_transitional	DISEASE_ADJUSTED	2.26415101370963	2.5906626778778743	2.6446619880568045	2.6735851787415053	2.5457980649558354	2.5839391103325835	2.2728772500423435	2.3599166967564496	2.5906074448549505	2.907169581495417	2.544325226447302	2.9132291711278087	-0.40943416503187535	0.019799797879240296
VUILD115MA_150_14_27	VUILD115MA	VUILD115	fold_4	epithelial_transitional	DISEASE_ADJUSTED	2.34376086350409	2.589877140093873	2.6156435240348737	2.590587124884222	2.758507603876741	2.7998268756723133	2.3308734964939584	2.3598915948954318	2.4908949549641983	2.7350541757772615	2.447281811658281	2.6943610103295135	-0.24682626138013175	0.04824646415536686
VUILD115MA_150_14_33	VUILD115MA	VUILD115	fold_4	epithelial_transitional	DISEASE_ADJUSTED	2.7113000929362	2.585163913389865	2.5478068588191114	2.525624850693288	3.0139496637190555	3.0129768327611144	2.332568842212702	2.3597409837293255	2.967944252698364	3.2803262194651124	2.9693965085652305	3.268884128588504	0.1856752422429122	0.33531253448697723
VUILD115MA_150_14_35	VUILD115MA	VUILD115	fold_4	epithelial_transitional	DISEASE_ADJUSTED	2.38286538029313	2.583592837821863	2.6735163825394754	2.6985561952136985	2.6771533402031653	2.7453482936646534	2.241622848174083	2.35969078000729	2.6942183205724852	2.89849925854283	2.649744365452473	2.8955476504828206	-0.3156908149205684	0.19692644597680675
VUILD115MA_150_14_36	VUILD115MA	VUILD115	fold_4	epithelial_transitional	DISEASE_ADJUSTED	1.91640394464272	2.5828073000378615	2.761760397802197	2.713352024851681	2.3630119462133057	2.44805321197148	2.3472739757526915	2.359665678146272	2.729691232012518	2.959478531190053	2.6740826130664748	2.9398287317136393	-0.7969480802089612	0.004603098448615239
VUILD115MA_150_14_39	VUILD115MA	VUILD115	fold_4	epithelial_transitional	DISEASE_ADJUSTED	2.49496805300312	2.5804506866858574	2.4960548328460983	2.569942653065386	2.89168164736263	2.928764401303249	2.183067188698378	2.359590372563219	2.69611267010058	3.3739513559401986	2.673468413850572	3.371248340769368	-0.07497460006226575	0.19123221130031362
VUILD115MA_150_15_16	VUILD115MA	VUILD115	fold_4	epithelial_transitional	DISEASE_ADJUSTED	2.65312006762162	2.596978945908969	2.710579451712746	2.701545959785008	2.9656088401414795	3.025732895917681	2.292759222623333	2.3609741870116796	2.7278752910126647	3.3692719201508474	2.685324044573743	3.310304137617685	-0.04842589216338844	0.26269187281689255
VUILD115MA_150_15_22	VUILD115MA	VUILD115	fold_4	epithelial_transitional	DISEASE_ADJUSTED	3.3188270844369	2.592265719204961	3.0115093311359655	3.030017627350797	3.029004216756638	3.1194919778490533	2.6333569549714557	2.360823575845573	2.845306055421348	3.3103225962082483	2.744790273197495	3.2305153376563753	0.28880945708610284	0.1734592833540315
VUILD115MA_150_15_26	VUILD115MA	VUILD115	fold_4	epithelial_transitional	DISEASE_ADJUSTED	2.43412069696193	2.589123568068956	2.6495265674765314	2.690396469754339	3.1425904068506747	3.130655094961656	2.401847756430322	2.360723168401502	3.1112690317632405	3.3158066752452444	3.0906949995599127	3.3409631540400344	-0.2562757727924092	0.33533500764469404
VUILD115MA_150_15_27	VUILD115MA	VUILD115	fold_4	epithelial_transitional	DISEASE_ADJUSTED	2.65683165763835	2.588338030284955	2.570051827236433	2.5164659413724464	2.69320838223189	2.6586077077619117	2.438858414880192	2.3606980665404844	2.695727517990555	2.790055667211083	2.701683489077344	2.826866869441871	0.14036571626590355	0.11296376159774812
VUILD115MA_150_15_30	VUILD115MA	VUILD115	fold_4	epithelial_transitional	DISEASE_ADJUSTED	2.44638501503584	2.585981416932951	2.733104242648595	2.656758792253398	2.329743052680818	2.368696429349303	2.285537067344027	2.360622760957431	2.4865700913572897	2.4833271651731734	2.4318948731248184	2.4317417638990966	-0.210373777217558	-0.03533095260550466
VUILD115MA_150_15_31	VUILD115MA	VUILD115	fold_4	epithelial_transitional	DISEASE_ADJUSTED	2.20361348004809	2.5851958791489498	2.7105080646481405	2.699090184541318	2.3268327016333314	2.419717821063065	2.3220746309802704	2.3605976590964133	2.412763761546792	2.4259162853357488	2.3437644060870224	2.309851495982812	-0.4954767044932282	0.004748204130674352
VUILD115MA_150_15_32	VUILD115MA	VUILD115	fold_4	epithelial_transitional	DISEASE_ADJUSTED	2.02343490655281	2.5844103413649484	2.6069584166294124	2.5542049902371358	2.778885770549078	2.8096767789194637	2.336412551981715	2.3605725572353955	2.7359740731396394	2.9145653748685287	2.7260771287126246	2.8856708848495383	-0.5307700836843257	0.2582199322146487
VUILD115MA_150_15_35	VUILD115MA	VUILD115	fold_4	epithelial_transitional	DISEASE_ADJUSTED	1.68021164209308	2.5820537280129447	2.6585811595697555	2.69072006477555	2.398782136617705	2.5015054381508386	2.1039317970741367	2.360497251652342	2.6521021336828845	2.779625214632279	2.599428029038391	2.6527583291452066	-1.01050842268247	0.08948900895869377
VUILD115MA_150_15_36	VUILD115MA	VUILD115	fold_4	epithelial_transitional	DISEASE_ADJUSTED	1.74258881998512	2.5812681902289434	2.8063735514053896	2.7685511532854505	3.1671079875099846	3.2539587044930043	2.1392561059405817	2.3604721497913244	3.008063112084233	3.440589301823791	2.9543701707400585	3.1905723960583385	-1.0259623333003305	0.5238032244520353
VUILD115MA_150_15_37	VUILD115MA	VUILD115	fold_4	epithelial_transitional	DISEASE_ADJUSTED	1.75562700241516	2.580482652444942	2.782231838865427	2.8207441809829255	2.5292980592714986	2.613999097148989	2.0371852605401877	2.3604470479303066	2.940840751828804	2.856426023888743	2.8806407240516987	2.725307907694175	-1.0651171785677656	0.09836147913155432
VUILD115MA_150_15_38	VUILD115MA	VUILD115	fold_4	epithelial_transitional	DISEASE_ADJUSTED	1.96055167538302	2.5796971146609406	2.7696666846181404	2.768129423719979	2.6171894418172874	2.7180648521984048	2.294211695855691	2.360421946069289	2.799918391456498	2.7612413225958323	2.732841997392162	2.6149786997577222	-0.8075777483369591	0.20648080161463625
VUILD115MA_150_15_39	VUILD115MA	VUILD115	fold_4	epithelial_transitional	DISEASE_ADJUSTED	1.7755070214638	2.5789115768769393	2.679356501617102	2.632055010665085	3.014714676280473	3.0650562768772387	2.293319581861016	2.360396844208271	2.7846949349788375	2.8086312581227144	2.7382740294629615	2.788470425879996	-0.856547989201285	0.23283944372595075
VUILD115MA_150_15_40	VUILD115MA	VUILD115	fold_4	epithelial_transitional	DISEASE_ADJUSTED	2.09729145902284	2.578126039092938	2.7198934277750677	2.769505051234451	2.769644262188367	2.812815726548431	2.457781675435003	2.3603717423472537	2.82564337771416	3.1343384436602575	2.7881426024246045	3.089601925525682	-0.672213592211611	0.13857408595229642
VUILD115MA_150_15_41	VUILD115MA	VUILD115	fold_4	epithelial_transitional	DISEASE_ADJUSTED	2.21477265406559	2.577340501308937	2.8402494565430505	2.7462030446228116	3.2907247429585444	3.3328888660343154	2.4821206198725596	2.360346640486236	3.0284474360089404	3.549910909727788	3.0027826978817864	3.499885980939319	-0.5314303905572215	0.41633567548918365
VUILD115MA_150_16_11	VUILD115MA	VUILD115	fold_4	epithelial_transitional	DISEASE_ADJUSTED	2.3451964579475	2.599367525020057	2.745346280431043	2.66259911368585	2.8899234032353593	2.924325936239795	2.2109410648592864	2.3619061679618207	2.5635703358453714	3.0510606794701056	2.5329285207590537	3.030896599220365	-0.3174026557383498	0.3775879400556802
VUILD115MA_150_16_12	VUILD115MA	VUILD115	fold_4	epithelial_transitional	DISEASE_ADJUSTED	3.04935225016219	2.598581987236056	2.5775714829122283	2.559422175835883	3.1181255469288964	3.038142934450433	2.4039346544570273	2.361881066100803	2.7993711023494154	2.871857532150752	2.8224563888155574	2.898430055671388	0.4899300743263071	0.4099471757294295
VUILD115MA_150_16_13	VUILD115MA	VUILD115	fold_4	epithelial_transitional	DISEASE_ADJUSTED	2.47911621377388	2.597796449452055	2.804747852537959	2.736155564041401	3.014503230896957	3.0322512934793266	2.370762947833526	2.361855964239785	2.7374229220995425	3.1415553191488286	2.6953427164251362	3.1478326256790954	-0.257039350267521	0.2754830340457769
VUILD115MA_150_16_22	VUILD115MA	VUILD115	fold_4	epithelial_transitional	DISEASE_ADJUSTED	3.11974612611769	2.590726609396043	2.7884881741123646	2.800713699945367	2.8238374126594668	2.942829101469041	2.551456868501071	2.3616300474906256	2.7186346178999536	3.2667860659081813	2.6193150905403595	3.11629307474786	0.3190324261723232	0.15210665678909602
VUILD115MA_150_16_28	VUILD115MA	VUILD115	fold_4	epithelial_transitional	DISEASE_ADJUSTED	1.90249837800781	2.5860133826920353	2.6157575009922445	2.600932858070133	2.502638098277634	2.583980991155645	2.327074287257792	2.361479436324519	2.653297714184197	2.7571945479057116	2.6434282602074224	2.6090007437506832	-0.698434480062323	0.10831204739665203
VUILD115MA_150_16_29	VUILD115MA	VUILD115	fold_4	epithelial_transitional	DISEASE_ADJUSTED	1.26090783863372	2.585227844908034	2.5960444775631495	2.621194223395582	2.5362717029735933	2.5906050938325524	2.0532824655949447	2.361454334463501	2.6731590355304475	2.6130876418760938	2.6396507458542646	2.5445046267695317	-1.360286384761862	-0.019752874853652107
VUILD115MA_150_16_30	VUILD115MA	VUILD115	fold_4	epithelial_transitional	DISEASE_ADJUSTED	1.90452056421376	2.584442307124033	2.6018334867442845	2.670817235742813	2.54604049866355	2.6228851094609684	2.2283706893931416	2.3614292326024833	2.64334109032196	2.6000109085277296	2.593793808889454	2.5091555472893003	-0.7662966715290529	0.13235627865495123
VUILD115MA_150_16_31	VUILD115MA	VUILD115	fold_4	epithelial_transitional	DISEASE_ADJUSTED	1.93549982215227	2.5836567693400316	2.7084496195248953	2.6345661812732994	2.408486757565763	2.4673020366058713	2.2162554829163943	2.3614041307414655	2.7644411440894334	2.7006092691882326	2.740694685660805	2.658971889325252	-0.6990663591210295	-0.0111576299980557
VUILD115MA_150_16_35	VUILD115MA	VUILD115	fold_4	epithelial_transitional	DISEASE_ADJUSTED	1.52772455667719	2.5805146182040266	2.6949478821826496	2.651585785489308	2.7946570984469945	2.8336056045198283	2.2683666040414763	2.3613037232973944	2.7217494832754427	2.780217805431783	2.6960924562151227	2.629863214144897	-1.1238612288121181	0.3062138154583325
VUILD115MA_150_16_36	VUILD115MA	VUILD115	fold_4	epithelial_transitional	DISEASE_ADJUSTED	1.84888715038654	2.5797290804200252	2.4555588268542463	2.641629898372263	2.6029216756732465	2.704091556229028	2.294777814461471	2.3612786214363766	2.589493485915991	2.826588967338227	2.5250846725407547	2.5839722029350596	-0.7927427479857228	0.26468188892616296
VUILD115MA_150_16_37	VUILD115MA	VUILD115	fold_4	epithelial_transitional	DISEASE_ADJUSTED	1.71956237757799	2.578943542636024	2.8287651058745773	2.7536504135925055	2.6422431734248715	2.692547096759884	2.3217232574865423	2.3612535195753592	2.8542811772235512	3.0769409658340576	2.8178275490084332	3.0154854510230216	-1.0340880360145155	0.2042266818305636
VUILD115MA_150_16_39	VUILD115MA	VUILD115	fold_4	epithelial_transitional	DISEASE_ADJUSTED	2.18585093950381	2.577372467068021	2.5442032791029487	2.5575935439288284	2.801485655099728	2.8258907770913084	2.2591038721482843	2.3612033158533237	2.5927087946800724	2.8004879889676593	2.563562550619245	2.7292794521460593	-0.3717426044250183	0.2099751967138784
VUILD115MA_150_16_40	VUILD115MA	VUILD115	fold_4	epithelial_transitional	DISEASE_ADJUSTED	1.57807506197747	2.5765869292840198	2.5840506779132917	2.590993840314783	2.675023162392718	2.734692048348287	2.3032277532047196	2.361178213992306	2.6093037676352386	2.663867752253862	2.5570475736622424	2.593249386497471	-1.0129187783373133	0.22085036535163524
VUILD115MA_150_17_16	VUILD115MA	VUILD115	fold_4	epithelial_transitional	DISEASE_ADJUSTED	2.80184183851794	2.5939007262911327	2.8470462091472237	2.9238137730097495	2.5875790688163063	2.695369359812081	2.351387867958277	2.362587130301784	2.6156993988441273	3.0545841930795135	2.5224125378136786	2.9245727849447714	-0.12197193449180954	0.08115121871868022
VUILD115MA_150_17_32	VUILD115MA	VUILD115	fold_4	epithelial_transitional	DISEASE_ADJUSTED	3.04073254110611	2.581332121747112	2.9271518769447087	2.86103350368359	3.4924420188422856	3.6008178336596544	2.1777801340768317	2.3621855005255	3.384284847000058	3.67082181450452	3.321543926296299	3.52834013962732	0.17969903742252002	0.5945337594004302
VUILD115MA_150_17_35	VUILD115MA	VUILD115	fold_4	epithelial_transitional	DISEASE_ADJUSTED	1.77618063373173	2.578975508395108	2.6851198091776456	2.7054265483124427	2.6838579971749468	2.724067812485953	2.2538530557676575	2.362110194942447	2.4880842302361734	3.300662629807622	2.447455612540189	3.2289607897165546	-0.9292459145807126	0.12913699213297986
VUILD115MA_150_17_36	VUILD115MA	VUILD115	fold_4	epithelial_transitional	DISEASE_ADJUSTED	1.62232553472746	2.578189970611107	2.6896900840100013	2.664624045746427	2.6562903860659954	2.6917755413572904	2.233533515035672	2.362085093081429	2.6778920254853515	2.8402917734213133	2.6365320357466846	2.7512728726855396	-1.0422985110189669	0.23796809879425462
VUILD115MA_150_17_37	VUILD115MA	VUILD115	fold_4	epithelial_transitional	DISEASE_ADJUSTED	1.69056706518504	2.5774044328271057	2.6133946694595878	2.6302686447006884	2.3069584702323964	2.3656780775748123	2.180419517801311	2.3620599912204114	2.2777260807866324	2.4828678845132166	2.195098515470642	2.404122721911127	-0.9397015795156485	0.07410035236781334
VUILD115MA_150_17_39	VUILD115MA	VUILD115	fold_4	epithelial_transitional	DISEASE_ADJUSTED	1.8288758062933	2.575833357259103	2.65692949102498	2.593541596812049	2.665377084876843	2.695851515000591	2.3153497022817366	2.362009787498376	2.610781159432453	2.570824634047	2.5717849075373653	2.5252671051518263	-0.7646657905187493	0.18957874687628715
VUILD115MA_150_17_40	VUILD115MA	VUILD115	fold_4	epithelial_transitional	DISEASE_ADJUSTED	1.74228995816343	2.5750478194751016	2.4935289416084334	2.5012388731736555	2.43298831159503	2.478566467886138	2.1578649141500654	2.361984685637358	2.533973018436676	2.3085446797935685	2.490026874104802	2.1766541593729714	-0.7589489150102255	-4.624683659336989e-05
VUILD115MA_150_17_41	VUILD115MA	VUILD115	fold_4	epithelial_transitional	DISEASE_ADJUSTED	2.21716815632057	2.5742622816911003	2.7015121920119443	2.6655062110839833	2.702822150737582	2.748338851483763	2.4111436225462843	2.3619595837763403	2.7139849420083975	3.019459266623876	2.6794167814954535	2.962880902741182	-0.4483380547634135	0.14434828455152818
VUILD115MA_150_17_42	VUILD115MA	VUILD115	fold_4	epithelial_transitional	DISEASE_ADJUSTED	2.11959828519116	2.5734767439070994	2.625966301359975	2.6135970740420102	3.137284519211746	3.1747916357249717	2.479346976460879	2.3619344819153225	3.199642180880727	3.341051340322961	3.199897989368402	3.2862430902917295	-0.49399878885085036	0.35769375600687003
VUILD115MA_150_18_18	VUILD115MA	VUILD115	fold_4	epithelial_transitional	DISEASE_ADJUSTED	3.18852868821471	2.590790540914212	2.970308245839209	3.082486415122779	3.024178067529955	3.1528917009422948	2.540190464476582	2.363343398224801	2.8944896401740463	3.486365159627592	2.775329138877463	3.3011476843091385	0.10604227309193082	0.35663984241355373
VUILD115MA_150_18_25	VUILD115MA	VUILD115	fold_4	epithelial_transitional	DISEASE_ADJUSTED	4.05817939674183	2.5852917764262027	3.184483213652127	3.0618210698366215	3.456232554704127	3.586518562237523	2.464686435086847	2.3631676851976766	3.3113710971341663	3.5980799125995144	3.2041880966057446	3.434845512366066	0.9963583269052081	0.5266256324323185
VUILD115MA_150_18_35	VUILD115MA	VUILD115	fold_4	epithelial_transitional	DISEASE_ADJUSTED	2.3686565526939	2.57743639858619	2.612169291783821	2.5735278806008286	2.691530403359024	2.674289414612152	2.3644780857665335	2.362916666587499	2.5684326398237447	2.479832784304447	2.553452546471242	2.484383604369052	-0.20487132790692852	0.10901790067772049
VUILD115MA_150_18_36	VUILD115MA	VUILD115	fold_4	epithelial_transitional	DISEASE_ADJUSTED	1.61716732985099	2.5766508608021885	2.7220356519282944	2.675698413606345	2.7490127803962516	2.798292903262134	2.27070517991034	2.3628915647264814	2.7444924593441264	2.726398060341509	2.7158219128336873	2.6680400805509286	-1.0585310837553548	0.29060678086019315
VUILD115MA_150_18_37	VUILD115MA	VUILD115	fold_4	epithelial_transitional	DISEASE_ADJUSTED	2.18535039072535	2.5758653230181876	2.39106922200735	2.4350671417869787	2.4363344174550976	2.427422252690206	2.237709856430629	2.3628664628654636	2.3759790411212767	2.432554751140909	2.3434559437051976	2.391300039302714	-0.24971675106162872	0.06511620787718989
VUILD115MA_150_18_38	VUILD115MA	VUILD115	fold_4	epithelial_transitional	DISEASE_ADJUSTED	1.74388715169795	2.5750797852341862	2.5172398523257495	2.465767004833133	2.1984866135458434	2.2299858481413124	2.2222591605422166	2.362841361004446	2.248559492099115	2.0409424981160553	2.212853467459367	1.958565825392501	-0.7218798531351831	-0.10572692919486693
VUILD115MA_150_18_39	VUILD115MA	VUILD115	fold_4	epithelial_transitional	DISEASE_ADJUSTED	2.73924418268452	2.574294247450185	2.6316279409049916	2.6086651584624585	2.6052015378336106	2.635303719558804	2.313567697410623	2.362816259143428	2.31883714493277	2.4161451571481263	2.2700579688344105	2.344857806125041	0.1305790242220617	0.04273502126127725
VUILD115MA_150_18_40	VUILD115MA	VUILD115	fold_4	epithelial_transitional	DISEASE_ADJUSTED	1.41124917733618	2.5735087096661835	2.4393662279162553	2.4382364984302076	2.370037548410789	2.3744873946080385	2.32211722048893	2.3627911572824103	2.259958215947436	2.3714133062821925	2.2358211681732247	2.3232683032118007	-1.0269873210940277	0.0008833237476989671
VUILD115MA_150_18_41	VUILD115MA	VUILD115	fold_4	epithelial_transitional	DISEASE_ADJUSTED	1.80799614749263	2.572723171882182	2.373215271987016	2.385234784960509	2.3766683524044927	2.3849654483862537	2.3324970886083443	2.3627660554213925	2.3345469965702637	2.280344098835235	2.3096408339170496	2.253247588444337	-0.5772386374678791	-0.061623875449555054
VUILD115MA_150_18_42	VUILD115MA	VUILD115	fold_4	epithelial_transitional	DISEASE_ADJUSTED	1.5159706599303	2.5719376340981808	2.5630925933455337	2.55880316047832	2.6556481844969393	2.680020202205624	2.4305805223400823	2.3627409535603747	2.4858924830550295	2.5976234828067306	2.475771067091552	2.5636141759361317	-1.0428325005480201	0.1232970614445183
VUILD115MA_150_18_43	VUILD115MA	VUILD115	fold_4	epithelial_transitional	DISEASE_ADJUSTED	2.07025346342247	2.57115209631418	2.642024109477095	2.618222729611554	2.901617648846443	2.971698839792524	2.4847414499522382	2.362715851699357	2.7982530476026	3.358699122400905	2.767250896434461	3.3269998518437283	-0.5479692661890843	0.2437177616627081
VUILD115MA_150_19_21	VUILD115MA	VUILD115	fold_4	epithelial_transitional	DISEASE_ADJUSTED	2.99172547423517	2.5868948177532896	2.846622723652299	2.835708105160427	3.0350917156037793	3.0947365629904238	2.353085873602607	2.3640745642868	2.9324198254351304	3.4564289151852834	2.8611193224634075	3.423206629844932	0.15601736907474306	0.3653048292259835
VUILD115MA_150_19_23	VUILD115MA	VUILD115	fold_4	epithelial_transitional	DISEASE_ADJUSTED	3.97924452775504	2.5853237421852873	2.790922012941835	2.8044640075011458	3.1191460832401474	3.1652852693190416	2.5820756511336125	2.3640243605647644	2.832288164429291	3.26756742284373	2.7758445390901465	3.21107965607662	1.1747805202538943	0.3331899800799717
VUILD115MA_150_19_33	VUILD115MA	VUILD115	fold_4	epithelial_transitional	DISEASE_ADJUSTED	2.34552224962307	2.5774683643452745	2.6977775297521	2.651998551009403	2.6168063320118313	2.629937402797338	2.2884690282633224	2.363773341954587	2.910673016640318	2.813261356176058	2.897696774159396	2.774757129931859	-0.30647630138633275	0.09867266046543913
VUILD115MA_150_19_34	VUILD115MA	VUILD115	fold_4	epithelial_transitional	DISEASE_ADJUSTED	1.57546256753207	2.576682826561273	2.4335733357976723	2.4634862606134216	2.3552330217782265	2.3232228222792557	2.060067486306216	2.363748240093569	2.5953573995528325	2.6205970722423664	2.6080429370747944	2.6013634736485405	-0.8880236930813517	0.02750259384698529
VUILD115MA_150_19_37	VUILD115MA	VUILD115	fold_4	epithelial_transitional	DISEASE_ADJUSTED	1.59763957643164	2.574326213209269	2.720109999336597	2.6729504296209634	2.631919673314183	2.656336554392611	2.1985808820576724	2.363672934510516	2.579661278976223	2.8024630781076802	2.544066585639807	2.70011951723474	-1.0753108531893234	0.15598672970003039
VUILD115MA_150_19_38	VUILD115MA	VUILD115	fold_4	epithelial_transitional	DISEASE_ADJUSTED	2.07469482690369	2.573540675425268	2.481537675041165	2.5014742808645964	2.3731891472830866	2.396876062424029	2.164165772346978	2.363647832649498	2.337216914565555	2.51513077619833	2.31376612987341	2.4927058334263164	-0.42677945396090644	0.13165354061071063
VUILD115MA_150_19_39	VUILD115MA	VUILD115	fold_4	epithelial_transitional	DISEASE_ADJUSTED	1.67539284718976	2.5727551376412667	2.5908312975663548	2.590702378355102	2.7018747905999154	2.715697653964139	1.936893432098913	2.3636227307884803	2.8282905692778813	2.7855446324519137	2.838864714922115	2.7598396525964835	-0.9153095311653423	0.17790637070724274
VUILD115MA_150_19_40	VUILD115MA	VUILD115	fold_4	epithelial_transitional	DISEASE_ADJUSTED	2.67478431225362	2.5719695998572654	2.675749498691869	2.666958083531974	2.4210040402922424	2.4516721781467385	2.3487798991994833	2.3635976289274625	2.4233448384681773	2.611738190512694	2.404372029702667	2.5062924454332247	0.007826228721646178	-0.0535421463093093
VUILD115MA_150_19_41	VUILD115MA	VUILD115	fold_4	epithelial_transitional	DISEASE_ADJUSTED	1.60620071590174	2.571184062073264	2.598400853408528	2.5700680222926224	2.6642977885927386	2.654443106561267	2.5911689965788085	2.3635725270664447	2.5486440685580547	2.814321437758025	2.53920554557364	2.815103566448752	-0.9638673063908825	0.05925783534696884
VUILD115MA_150_19_42	VUILD115MA	VUILD115	fold_4	epithelial_transitional	DISEASE_ADJUSTED	1.61299250536358	2.5703985242892626	2.666826344794842	2.690357592703359	2.508846716054846	2.5645243835660585	2.3010638190995194	2.3635474252054274	2.5082510526843906	2.9616034587640185	2.4448698317545006	2.8331740823119143	-1.0773650873397789	-0.031405226553466815
VUILD115MA_150_19_43	VUILD115MA	VUILD115	fold_4	epithelial_transitional	DISEASE_ADJUSTED	1.87565974797077	2.5696129865052613	2.7308250466809296	2.6400952366405153	2.86982918536178	2.878027652551611	2.449546913890527	2.3635223233444096	2.6153823475024036	3.124615908375085	2.590359157520285	3.126412509780721	-0.7644354886697453	0.1929329157370871
VUILD115MA_150_20_33	VUILD115MA	VUILD115	fold_4	epithelial_transitional	DISEASE_ADJUSTED	1.95711606399666	2.575929254536356	2.6407788315558736	2.6691796779236205	2.6153117493690576	2.6499728354974166	2.260026688254386	2.364579813599639	2.6361361278493147	2.6951753546396766	2.5895544603725216	2.541419938253718	-0.7120636139269605	0.0477370137519241
VUILD115MA_150_20_34	VUILD115MA	VUILD115	fold_4	epithelial_transitional	DISEASE_ADJUSTED	1.69566565640805	2.575143716752355	2.7443364809402646	2.7223114814458165	2.403224908243091	2.466632952097838	2.0230441013437037	2.3645547117386214	2.840586951192248	2.680623251919304	2.8018663484413255	2.642124308021811	-1.0266458250377666	0.1403908128583745
VUILD115MA_150_20_36	VUILD115MA	VUILD115	fold_4	epithelial_transitional	DISEASE_ADJUSTED	2.19115237295226	2.5735726411843522	2.6015488359654992	2.698555720895145	2.7129697303453586	2.725764992660182	2.2023501731643456	2.364504508016586	2.30999080655217	2.888901149976401	2.273623757010715	2.8877448165379667	-0.5074033479428852	0.10620275753793076
VUILD115MA_150_20_37	VUILD115MA	VUILD115	fold_4	epithelial_transitional	DISEASE_ADJUSTED	1.61553174134072	2.572787103400351	2.614342736679691	2.6120480441054643	2.494327198921911	2.4960723957243554	1.949865043684765	2.364479406155568	2.56153059288081	2.8370909758096143	2.5584646355669283	2.8534638875026843	-0.9965163027647443	0.1378644847612433
VUILD115MA_150_20_38	VUILD115MA	VUILD115	fold_4	epithelial_transitional	DISEASE_ADJUSTED	1.75118712230792	2.5720015656163495	2.567780888344772	2.583053196304125	2.8218927884297313	2.826667321733218	2.142236238287449	2.3644543042945503	2.7171062589268002	2.9249020056792436	2.7159239440401874	2.9160546664909885	-0.8318660739962049	0.23668148340139786
VUILD115MA_150_20_39	VUILD115MA	VUILD115	fold_4	epithelial_transitional	DISEASE_ADJUSTED	2.09292022245779	2.5712160278323486	2.608859924811993	2.6316054407118954	2.865891641912567	2.8339489858449083	1.376135835795241	2.364429202433533	2.823105532137375	2.7976917621148103	2.815385881893469	2.868835211845025	-0.5386852182541055	0.1624195983809909
VUILD115MA_150_20_40	VUILD115MA	VUILD115	fold_4	epithelial_transitional	DISEASE_ADJUSTED	1.94801919337145	2.5704304900483472	2.678310526573756	2.6700510415978194	2.8383721587330677	2.8386193692385495	1.8954147357918747	2.364404100572515	2.4118353498790626	2.6055963894149237	2.3895442205720085	2.500814367287253	-0.7220318482263695	0.30148342120967087
VUILD115MA_150_20_41	VUILD115MA	VUILD115	fold_4	epithelial_transitional	DISEASE_ADJUSTED	2.22399776039906	2.569644952264346	2.6336376699734863	2.662957526312191	2.5366475284790275	2.581225808339328	2.411350256424236	2.3643789987114974	2.4241882958535443	2.761518392425184	2.374401856131256	2.671082849451012	-0.43895976591313124	0.01970212996734532
VUILD115MA_150_20_42	VUILD115MA	VUILD115	fold_4	epithelial_transitional	DISEASE_ADJUSTED	2.01704588012571	2.5688594144803445	2.667033251060322	2.6529536343631883	2.869931661222974	2.921984069607523	2.253032191969419	2.3643538968504796	2.6930396086135087	2.962050593958604	2.6660807660051136	2.902452266299947	-0.6359077542374783	0.23157295316705917
VUILD115MA_150_20_43	VUILD115MA	VUILD115	fold_4	epithelial_transitional	DISEASE_ADJUSTED	1.82094813035919	2.568073876696343	2.58666721903454	2.629240433689062	2.3299715367820784	2.3732196279342825	2.3226895330997257	2.364328794989462	2.336202704849995	2.7398037511107827	2.294014122770488	2.6626502677964425	-0.8082923033298719	-0.030691705960414633
VUILD115MA_150_20_44	VUILD115MA	VUILD115	fold_4	epithelial_transitional	DISEASE_ADJUSTED	1.76850486313102	2.567288338912342	2.6557251128118815	2.5826912263376456	2.1999374095856314	2.245986009749657	2.0430549912469322	2.364303693128444	2.448011877012132	2.638106584407937	2.411821704553791	2.638360518885108	-0.8141863632066255	-0.08923018829915441
VUILD115MA_150_21_33	VUILD115MA	VUILD115	fold_4	epithelial_transitional	DISEASE_ADJUSTED	2.08521095696644	2.5743901447274378	2.6073263840748897	2.6457628465658387	3.0017977725595926	3.041541927317233	1.6548510809927695	2.3653862852446914	3.0295490455587695	3.32847999204846	2.9994943071116955	3.2222123957963795	-0.5605518895993988	0.3301032734432055
VUILD115MA_150_21_34	VUILD115MA	VUILD115	fold_4	epithelial_transitional	DISEASE_ADJUSTED	1.8826215848956	2.5736046069434364	2.746295369787674	2.7693653982265416	3.074387115858661	3.162139236450437	2.2595286323546775	2.3653611833836736	2.932979322422627	3.2246405614107383	2.85558787906907	3.1577450914320586	-0.8867438133309415	0.4027672145382139
VUILD115MA_150_21_37	VUILD115MA	VUILD115	fold_4	epithelial_transitional	DISEASE_ADJUSTED	1.81571873339404	2.5712479935914327	2.556090750443976	2.6297164586182147	2.824142517884493	2.8232842929370365	1.8937297193098352	2.3652858778006207	2.6382736035768155	2.9896079966645086	2.630200597666148	2.935918686137418	-0.8139977252241746	0.26709380671747635
VUILD115MA_150_21_38	VUILD115MA	VUILD115	fold_4	epithelial_transitional	DISEASE_ADJUSTED	1.67018688782019	2.5704624558074314	2.6169615129273263	2.6081460073406157	2.5263001805586978	2.512369980207962	1.8871284414085454	2.365260775939603	2.3901329572234107	2.9782266412896075	2.376085119435635	2.9592392188492425	-0.9379591195204258	0.1122786478223855
VUILD115MA_150_21_39	VUILD115MA	VUILD115	fold_4	epithelial_transitional	DISEASE_ADJUSTED	1.99604412281914	2.56967691802343	2.6030818455604288	2.6053280144037148	2.574534331373031	2.558468016174434	1.6186500038809268	2.365235674078585	2.5602176340257476	2.4134808323785886	2.556700026301104	2.3341930439833676	-0.6092838915845749	0.11399702293729687
VUILD115MA_150_21_40	VUILD115MA	VUILD115	fold_4	epithelial_transitional	DISEASE_ADJUSTED	1.95469232108544	2.568891380239429	2.4461645192733976	2.4863626244456003	2.717557903422346	2.686242582699422	2.322223592347725	2.3652105722175674	2.613882363632016	2.70832112705976	2.6100641819073136	2.625214582014811	-0.5316703033601602	0.19639287952876078
VUILD115MA_150_21_41	VUILD115MA	VUILD115	fold_4	epithelial_transitional	DISEASE_ADJUSTED	2.1122893739851	2.5681058424554277	2.669830005253519	2.6680712811655747	2.71168889438728	2.724383359827309	2.233934378569385	2.3651854703565496	2.685931649406224	2.3899144999315203	2.681174158654663	2.313281794131824	-0.5557819071804748	0.176747063926237
VUILD115MA_150_21_42	VUILD115MA	VUILD115	fold_4	epithelial_transitional	DISEASE_ADJUSTED	2.29164682571857	2.5673203046714264	2.6562176015721835	2.609608403234014	2.8336413391735102	2.830768845805252	2.111151698695155	2.365160368495532	2.960028403662376	2.7142727307898475	2.9479998156005394	2.6992421402717217	-0.31796157751544385	0.19204949476552088
VUILD115MA_150_21_43	VUILD115MA	VUILD115	fold_4	epithelial_transitional	DISEASE_ADJUSTED	1.77907869313476	2.566534766887425	2.3994760111840856	2.449405691157124	2.245278871329772	2.2519286065128203	2.0801416222598617	2.365135266634514	2.0625077417132234	2.494808721976664	1.9963815766682016	2.375605042962082	-0.6703269980223641	-0.028362454339473566
VUILD115MA_150_21_44	VUILD115MA	VUILD115	fold_4	epithelial_transitional	DISEASE_ADJUSTED	1.45886540815144	2.5657492291034236	2.6115983318500904	2.5464960927431415	2.3211049244896613	2.3509857423850966	2.1404637406281095	2.3651101647734962	2.312711382685087	2.23333390637726	2.253542319575987	2.151614845353182	-1.0876306845917014	0.02286836298289437
VUILD115MA_150_22_34	VUILD115MA	VUILD115	fold_4	epithelial_transitional	DISEASE_ADJUSTED	2.08274454902755	2.5720654971345183	2.8430570577534495	2.7511419878542163	3.0766092381584134	3.1455510929256594	2.1916875883592546	2.3661676550287263	3.0002695595382805	3.1907230814736973	2.9490855875699955	3.1209094453815855	-0.6683974388266662	0.3157971900889848
VUILD115MA_150_22_35	VUILD115MA	VUILD115	fold_4	epithelial_transitional	DISEASE_ADJUSTED	2.62776367949556	2.571279959350517	2.674749462939816	2.7218544654079064	3.569968550061761	3.5973457266911675	2.280204845840812	2.3661425531677085	3.4399101652424546	3.6194668386554287	3.4304795083053508	3.559129196350151	-0.09409078591234632	0.5436272003233217
VUILD115MA_150_22_36	VUILD115MA	VUILD115	fold_4	epithelial_transitional	DISEASE_ADJUSTED	1.51393754061801	2.570494421566516	2.6377913824829577	2.7139917690918307	2.487894718251769	2.557315986289734	2.1880383541135604	2.3661174513066907	2.717271317416262	3.08211483196291	2.6668453351024164	3.0400898740259095	-1.2000542284738207	0.042741772750776785
VUILD115MA_150_22_37	VUILD115MA	VUILD115	fold_4	epithelial_transitional	DISEASE_ADJUSTED	1.50148689985894	2.5697088837825146	2.6405591167228835	2.601271267480994	2.5537880730344873	2.5892821024646024	2.1340069302108624	2.366092349445673	2.6700800039304946	2.901109960040993	2.647514289584637	2.9075650890326026	-1.099784367622054	0.08590636641203171
VUILD115MA_150_22_38	VUILD115MA	VUILD115	fold_4	epithelial_transitional	DISEASE_ADJUSTED	2.36196156666821	2.5689233459985132	2.5082422296977027	2.5679508373490627	3.0002264362583864	3.037581103541963	2.2249137736829434	2.366067247584655	2.9591443725827693	3.438560027273655	2.9532221178019427	3.423073195038694	-0.2059892706808526	0.34625125683349534
VUILD115MA_150_22_39	VUILD115MA	VUILD115	fold_4	epithelial_transitional	DISEASE_ADJUSTED	1.63608859891633	2.568137808214512	2.6710830410973685	2.610827542836863	2.76653501148426	2.8055715816743865	2.3522153327669075	2.3660421457236374	2.6407799470418807	2.7486107728288065	2.620621701375495	2.755673916635246	-0.974738943920533	0.3369433514491621
VUILD115MA_150_22_40	VUILD115MA	VUILD115	fold_4	epithelial_transitional	DISEASE_ADJUSTED	1.14578819459313	2.5673522704305105	2.546092895381441	2.5878918986455757	2.9001954582738985	2.8930438014070026	2.54688919693808	2.3660170438626196	2.4809570773133216	2.4859691167134432	2.4921590115997034	2.4055627997540703	-1.4421037040524456	0.25928228527247754
VUILD115MA_150_22_41	VUILD115MA	VUILD115	fold_4	epithelial_transitional	DISEASE_ADJUSTED	1.13844763915035	2.5665667326465096	2.530167513249782	2.493092394615193	2.580288311420066	2.562364353972505	2.278418055583553	2.365991942001602	2.560364752693439	2.5841946456385663	2.550538019065796	2.5065888252793362	-1.3546447554648429	0.23049998722596507
VUILD115MA_150_22_42	VUILD115MA	VUILD115	fold_4	epithelial_transitional	DISEASE_ADJUSTED	2.19763806826028	2.565781194862508	2.521645301420926	2.567471221016578	2.7297051040287084	2.7149380643150454	1.9475119927864544	2.365966840140584	2.7838327128818694	2.766688586233157	2.7839395787549703	2.7055578255939237	-0.36983315275629813	0.1383319166228837
VUILD115MA_150_22_43	VUILD115MA	VUILD115	fold_4	epithelial_transitional	DISEASE_ADJUSTED	1.81340167021096	2.564995657078507	2.524124440333527	2.503466495813165	2.3418142821642003	2.3439641306230685	2.0813041745125056	2.365941738279566	2.48787475002497	2.4454287084514976	2.4310140012563464	2.429558597906751	-0.6900648256022051	0.027665404436776234
VUILD115MA_150_22_44	VUILD115MA	VUILD115	fold_4	epithelial_transitional	DISEASE_ADJUSTED	1.57126205437275	2.5642101192945055	2.5622576563726325	2.5308092999249254	2.199512619103401	2.2279741450508252	2.1775753378910574	2.3659166364185484	2.1896308124862642	2.3645041296177847	2.1518733165944837	2.2889726545451397	-0.9595472455521754	0.0016176188651422715
VUILD115MA_150_23_37	VUILD115MA	VUILD115	fold_4	epithelial_transitional	DISEASE_ADJUSTED	2.69474779412527	2.5681697739735965	2.694207794937233	2.749278482083892	3.0868626893003865	3.1310144995306075	2.187593816343394	2.366898821090725	3.2761344154200867	3.098910711774314	3.2310754233774954	3.039541360368319	-0.054530687958621815	0.45047630827514995
VUILD115MA_150_23_39	VUILD115MA	VUILD115	fold_4	epithelial_transitional	DISEASE_ADJUSTED	2.43225841993251	2.5665986984055937	2.526086026060459	2.5735007541110297	2.8261030110554453	2.8697636228052588	2.2080962279426046	2.3668486173686896	2.8456841996587965	3.2183592801174403	2.8211498895174145	3.159170080165142	-0.1412423341785196	0.17796515568962612
VUILD115MA_150_23_40	VUILD115MA	VUILD115	fold_4	epithelial_transitional	DISEASE_ADJUSTED	1.98547208758502	2.5658131606215924	2.6600377694480546	2.5968262224971266	2.9855641495351093	2.9850347215354187	2.43128152912526	2.366823515507672	2.906102879215629	3.1019772256732843	2.889340195898717	3.192097760172718	-0.6113541349121066	0.27059030445737414
VUILD115MA_150_23_41	VUILD115MA	VUILD115	fold_4	epithelial_transitional	DISEASE_ADJUSTED	2.07575891679899	2.565027622837591	2.532628605271183	2.5915284628208437	2.5386703658175875	2.551323774433164	2.4073036652777704	2.366798413646654	2.580950565638297	2.959221853639497	2.578293983849509	3.0216682470763407	-0.5157695460218537	0.11526874745723528
VUILD115MA_150_23_42	VUILD115MA	VUILD115	fold_4	epithelial_transitional	DISEASE_ADJUSTED	2.03831616965875	2.56424208505359	2.841209056644089	2.793559917827368	2.4736279879693	2.4999003434213463	2.3730010649211217	2.366773311785636	2.476474212837006	2.712979386638347	2.450261619857557	2.700825751961962	-0.7552437481686178	-0.09955872729832198
VUILD115MA_150_23_43	VUILD115MA	VUILD115	fold_4	epithelial_transitional	DISEASE_ADJUSTED	1.393837020612	2.5634565472695887	2.681212852749263	2.6400887286960764	2.341556950115577	2.3423875697491083	2.0897181446263553	2.3667482099246184	2.406659435352209	2.5574914017108634	2.37450384788424	2.556829609562669	-1.2462517080840763	-0.05215291121837254
VUILD115MA_150_24_27	VUILD115MA	VUILD115	fold_4	epithelial_transitional	DISEASE_ADJUSTED	2.44758645452	2.574486042004691	2.544768313742397	2.4721107729967966	2.5425844461063387	2.52021416174464	2.0395109420471758	2.367956311345955	2.685308326679765	2.8253002845858837	2.6680054837836003	2.838126451476928	-0.02452431847679648	0.19062379745526448
VUILD115MA_150_24_40	VUILD115MA	VUILD115	fold_4	epithelial_transitional	DISEASE_ADJUSTED	2.42065517074151	2.5642740508126742	2.6706345168603645	2.612663778909459	2.7475476470431066	2.791697547287529	2.3839960950190693	2.3676299871527244	2.866889251264671	3.130871154473904	2.8445027559890046	3.0871079161252926	-0.1920086081679493	0.22037098968420543
VUILD115MA_150_24_41	VUILD115MA	VUILD115	fold_4	epithelial_transitional	DISEASE_ADJUSTED	2.12910143121956	2.563488513028673	2.533434946797693	2.553026016175868	2.8923015658447793	2.895665021661104	2.4295708386091004	2.3676048852917067	2.945649943152958	2.9992953697903224	2.942467313367371	3.0449825808003235	-0.42392458495630825	0.24271210868166831
VUILD115MA_150_24_42	VUILD115MA	VUILD115	fold_4	epithelial_transitional	DISEASE_ADJUSTED	2.00071696406869	2.5627029752446715	2.593911700384262	2.624773767597091	3.106011948966975	3.1042495443362723	1.8857302944941732	2.367579783430689	3.0738624238274728	3.4142619009235853	3.038117732316147	3.4404514264443833	-0.6240568035284011	0.4296270635889342
VUILD115MA_150_24_43	VUILD115MA	VUILD115	fold_4	epithelial_transitional	DISEASE_ADJUSTED	1.89720333608295	2.5619174374606706	2.616337096351624	2.625394066562097	2.3877496060033816	2.413137315620998	2.1672465603972877	2.367554681569671	2.5785948290419847	2.5278290540777224	2.521986420887589	2.4064438705663522	-0.7281907304791471	-0.06669324238333939
VUILD115MA_150_25_39	VUILD115MA	VUILD115	fold_4	epithelial_transitional	DISEASE_ADJUSTED	1.61587709142278	2.5635204787877575	2.445189620240191	2.3967521797792157	2.6637960327360224	2.6422243658611535	2.2964358278012327	2.3684615606587944	2.7301122765097365	2.772748503888564	2.7244086614122787	2.787991830297016	-0.7808750883564357	0.2128897757758177
VUILD115MA_150_25_40	VUILD115MA	VUILD115	fold_4	epithelial_transitional	DISEASE_ADJUSTED	1.83858757891229	2.562734941003756	2.599180005282159	2.594287427391881	2.316431855366607	2.314312295025682	2.2903921392579623	2.3684364587977766	2.2796177780694906	2.351404857439559	2.253329168608921	2.285036148135999	-0.7556998484795909	-0.06505879877073172
VUILD115MA_150_25_41	VUILD115MA	VUILD115	fold_4	epithelial_transitional	DISEASE_ADJUSTED	1.95364757531822	2.5619494032197547	2.517607863172633	2.5292337261579787	2.361006221055898	2.378205638810617	2.293770323884695	2.368411356936759	2.381252900329081	2.510976376211072	2.3631273985994934	2.5380187647898036	-0.5755861508397586	0.019373221879774725
VUILD115MA_150_25_42	VUILD115MA	VUILD115	fold_4	epithelial_transitional	DISEASE_ADJUSTED	1.73367422392749	2.5611638654357534	2.6550543434892115	2.660615634250559	2.699447903854417	2.7599602150911315	2.1086688667761524	2.368386255075741	2.8081998134565227	2.864381659078915	2.774576145283771	2.8335362898480776	-0.9269414103230691	0.2012815411275966
VUILD115MA_150_25_43	VUILD115MA	VUILD115	fold_4	epithelial_transitional	DISEASE_ADJUSTED	1.74260929749836	2.560378327651752	2.63331190094034	2.656157195929864	3.025851274338806	3.033419620626037	1.6111657747197852	2.3683611532147233	3.1453662240071285	3.3234359471179706	3.13446929142812	3.375024404845276	-0.9135478984315042	0.3602321173589859
VUILD115MA_150_26_26	VUILD115MA	VUILD115	fold_4	epithelial_transitional	DISEASE_ADJUSTED	1.76811754340186	2.5721933601708558	2.476842210156181	2.511272898555679	2.880602700303468	2.8401821779064775	2.2439917021986133	2.3695943564970774	2.700135240283557	2.9481821566923387	2.6967441115722632	2.995378606713041	-0.7431553551538193	0.3727605398091805
VUILD115MA_150_26_39	VUILD115MA	VUILD115	fold_4	epithelial_transitional	DISEASE_ADJUSTED	1.68050074278487	2.561981368978839	2.399942154131507	2.4661460784095395	2.3481582756231054	2.3682734365146927	2.1961945157211296	2.3692680323038466	2.5367317465129324	2.45443569281521	2.5234186740778184	2.3711316482691895	-0.7856453356246695	0.041801609296382686
VUILD115MA_150_26_40	VUILD115MA	VUILD115	fold_4	epithelial_transitional	DISEASE_ADJUSTED	1.87967029097083	2.561195831194838	2.6088525320905567	2.5155711022574945	2.6108226594668458	2.6202792062704465	2.1775895719346474	2.369242930442829	2.5532793288041917	2.7972631530915466	2.51369395303465	2.7020366996152188	-0.6359008112866644	0.19526755372998794
VUILD115MA_150_26_43	VUILD115MA	VUILD115	fold_4	epithelial_transitional	DISEASE_ADJUSTED	1.26882379104915	2.558839217842834	2.515576591415649	2.562171701281643	2.280734649351819	2.3233671851777045	1.9727390060364731	2.3691676248597755	2.641625208863779	2.4762298578414996	2.5998813318785317	2.390390456004297	-1.2933479102324932	0.15857772715320223
VUILD115MA_150_27_40	VUILD115MA	VUILD115	fold_4	epithelial_transitional	DISEASE_ADJUSTED	1.85648931609325	2.55965672138592	2.467644361893021	2.4572808608103847	2.4519687567673043	2.4669733206919435	2.1588182706609733	2.370049402087881	2.406923596094581	2.576629686903783	2.387282438814711	2.4845225093889707	-0.6007915447171346	0.18080200623325232
VUILD115MA_150_27_41	VUILD115MA	VUILD115	fold_4	epithelial_transitional	DISEASE_ADJUSTED	1.32134728170841	2.5588711836019185	2.5740492307013416	2.4942127334852717	2.519679539583542	2.483188923897467	2.159101845210518	2.3700243002268633	2.7893326298689627	2.842151871637477	2.8024332239034164	2.8849680635061814	-1.1728654517768617	0.16394691342314457
VUILD115MA_150_27_42	VUILD115MA	VUILD115	fold_4	epithelial_transitional	DISEASE_ADJUSTED	1.59364055271666	2.558085645817917	2.4903624214025446	2.4522618589762644	2.821867317657216	2.8028711308499417	2.2794419058413338	2.3699991983658455	2.6598578923672127	2.4568377991228445	2.6595978484002205	2.464150201179086	-0.8586213062596044	0.3085359289495365
VUILD115MA_150_28_32	VUILD115MA	VUILD115	fold_4	epithelial_transitional	DISEASE_ADJUSTED	3.31537481167899	2.5644019138490117	2.8375951671243747	2.826288433767606	2.7789046037547447	2.9185311399197014	2.101103930011022	2.3710566886210755	2.8312678062053283	3.173848733543928	2.731857918998708	2.9885618992217635	0.4890863779113839	0.3536804425689316
VUILD115MA_150_28_33	VUILD115MA	VUILD115	fold_4	epithelial_transitional	DISEASE_ADJUSTED	3.05789820137749	2.5636163760650104	2.5339493419132113	2.6237980516759025	2.8916681067746803	2.9311830556972676	1.9333993770873592	2.3710315867600578	2.9418556847875847	3.0621572330650135	2.8961867115611026	3.056080430868342	0.4341001497015875	0.34141529596938214
VUILD115MA_150_28_38	VUILD115MA	VUILD115	fold_4	epithelial_transitional	DISEASE_ADJUSTED	2.47797557870235	2.559688687145004	2.65582697056629	2.6204754661493945	3.037573790470312	3.071837508154367	2.3867055593944126	2.370906077454969	3.026217819352848	3.325257115845165	3.0073590926222358	3.24672699378668	-0.14249988744704467	0.3495052539711433
VUILD115MA_150_28_39	VUILD115MA	VUILD115	fold_4	epithelial_transitional	DISEASE_ADJUSTED	1.97461950169955	2.5589031493610026	2.4821469552003252	2.4973603471651886	2.3441833936014125	2.3567493362443064	2.1912147355881935	2.370880975593951	2.5200102101070234	2.4998438534135703	2.5071855780945898	2.4195810868191248	-0.5227408454656386	0.03647196328381429
VUILD115MA_150_28_40	VUILD115MA	VUILD115	fold_4	epithelial_transitional	DISEASE_ADJUSTED	1.60975069986428	2.5581176115770012	2.618547637868097	2.5587488046348246	2.2461488692756713	2.310992248339676	2.168640041339931	2.3708558737329333	2.3810476139588994	2.602263247117002	2.31578149552415	2.5032839662968773	-0.9489981047705445	0.05732362615950716
VUILD115MA_150_28_41	VUILD115MA	VUILD115	fold_4	epithelial_transitional	DISEASE_ADJUSTED	1.85428655848276	2.557332073793	2.5333026012344657	2.475172610889584	2.3285227386483784	2.39225462954471	2.2656407204962288	2.3708307718719155	2.5862648146954945	2.5882311256593087	2.5156315668711313	2.489784102527233	-0.620886052406824	0.0017251488887934305
VUILD115MA_150_29_33	VUILD115MA	VUILD115	fold_4	epithelial_transitional	DISEASE_ADJUSTED	2.99758412688685	2.5620772662560922	2.403630539152029	2.5202726136216875	2.7913313668570723	2.846141313461949	1.9502972669564123	2.37183805840511	2.9297643472602504	2.937792807574285	2.9121049980750406	2.8424895895410134	0.47731151326516263	0.3755889502492204
VUILD115MA_150_29_38	VUILD115MA	VUILD115	fold_4	epithelial_transitional	DISEASE_ADJUSTED	2.77530153474515	2.558149577336086	2.8103773111751957	2.8126224979660273	3.1458141507847257	3.1974615821771577	2.431913205578923	2.371712549100021	2.9841052092053006	3.2880092194664927	2.9366177532587936	3.21311786706266	-0.03732096322087708	0.40203487868121257
VUILD115MA_150_29_39	VUILD115MA	VUILD115	fold_4	epithelial_transitional	DISEASE_ADJUSTED	2.059085116231	2.5573640395520845	2.579929309227585	2.556238055443145	2.5157418002396263	2.5107988235843286	2.2298302334282387	2.3716874472390037	2.828236493084142	2.665369186153106	2.8388778089659685	2.640434015584174	-0.4971529392121452	0.10837918009452605
VUILD115MA_150_29_40	VUILD115MA	VUILD115	fold_4	epithelial_transitional	DISEASE_ADJUSTED	2.34206903081712	2.556578501768083	2.6219157670962883	2.6248383606333103	2.563583429859216	2.5916890547976097	2.226887070611716	2.371662345377986	2.5435819671147075	2.636970590306556	2.4992070120591765	2.5515347978581366	-0.2827693298161904	0.10935354480355833
VUILD115MA_150_30_39	VUILD115MA	VUILD115	fold_4	epithelial_transitional	DISEASE_ADJUSTED	1.78854797310027	2.5558249297431663	2.5096729441578116	2.5890256621128285	2.7491203791442316	2.7571967883069797	2.272454102581695	2.372493918884056	2.4173073844141095	2.7273277913721254	2.3895821459406807	2.6269213754361855	-0.8004776890125584	0.23089074649897762
VUILD115MA_150_31_36	VUILD115MA	VUILD115	fold_4	epithelial_transitional	DISEASE_ADJUSTED	2.4177791295836	2.556642433286252	2.694688152365589	2.6046286902714906	2.773098116751168	2.797597643051361	2.1727112171655407	2.3733756961121615	2.643603688156481	2.8443065041475553	2.620045090533102	2.8124379570930973	-0.18684956068789038	0.2903332367109509
VUILD115MA_150_32_37	VUILD115MA	VUILD115	fold_4	epithelial_transitional	DISEASE_ADJUSTED	2.15652907283701	2.5543177856933323	2.401447219468692	2.3514039197914776	2.684784061580057	2.6346120030951576	1.9044326776415943	2.374157065896196	2.6569763443769325	2.956212102154475	2.6688486106072875	3.0615597953296065	-0.19487484695446744	0.21316408716597948
VUILD115MA_150_33_35	VUILD115MA	VUILD115	fold_4	epithelial_transitional	DISEASE_ADJUSTED	2.32129925532808	2.554349751452417	2.5231325527996478	2.5571517603607736	2.7939600297558713	2.8321573214748335	1.7816650184777116	2.3750137412632837	3.143690713097158	2.9799966886415925	3.129853293694404	2.861199720021766	-0.23585250503269384	0.3574687642114326
VUILD115MA_150_33_36	VUILD115MA	VUILD115	fold_4	epithelial_transitional	DISEASE_ADJUSTED	2.00845511395539	2.5535642136684156	2.5568460881099346	2.4935323973420074	2.435867939793147	2.4465929719605204	1.9909761893884246	2.374988639402266	2.73354057929091	2.656426020066508	2.710212472933208	2.674484096601915	-0.48507728338661726	0.21081268876224496
VUILD115MA_150_34_35	VUILD115MA	VUILD115	fold_4	epithelial_transitional	DISEASE_ADJUSTED	1.69204205360161	2.5528106416434984	2.5269100274258376	2.5647380080852917	2.5874968134701577	2.6124819316417427	1.767011785611038	2.375820212908336	2.568463743499653	2.5661900729148774	2.543061101416504	2.548721770337752	-0.8726959544836816	0.18858187208400448
VUILD115MA_150_4_29	VUILD115MA	VUILD115	fold_4	epithelial_transitional	DISEASE_ADJUSTED	3.79679042223194	2.6036971626150525	2.610251501939159	2.636329818827571	3.015704112503532	3.0761636904864607	2.0107972846818267	2.351776674722873	3.1669483224574715	3.4012548709850634	3.1145215833635547	3.2699992248229037	1.1604606034043692	0.3180775920094779
VUILD115MA_150_4_32	VUILD115MA	VUILD115	fold_4	epithelial_transitional	DISEASE_ADJUSTED	2.13908908163479	2.601340549263049	2.3328703744965327	2.3764995907378443	2.634827771552426	2.6078037468645845	2.0126611248310664	2.3517013691398203	2.537798370308086	2.8008659916701264	2.5182856143942525	2.883341626963718	-0.2374105091030545	0.22750786412275267
VUILD115MA_150_5_29	VUILD115MA	VUILD115	fold_4	epithelial_transitional	DISEASE_ADJUSTED	2.7382492364488	2.6021580528061343	2.7154002307551743	2.7114950376969698	3.1245681092405433	3.2379610818024243	2.0024383906627907	2.352583146367926	3.0161876998099424	3.412546185290295	2.944369385019627	3.2321577151438703	0.02675419875183005	0.5294683537181833
VUILD115MA_150_5_31	VUILD115MA	VUILD115	fold_4	epithelial_transitional	DISEASE_ADJUSTED	2.07914547745028	2.600586977238132	2.5142119125513682	2.4532464275041144	2.883636702737111	2.8842856689601564	2.342408026282705	2.3525329426458903	2.380347471862795	2.706496456339088	2.356842630963062	2.683476612378459	-0.37410095005383415	0.2956877672582877
VUILD115MA_150_6_12	VUILD115MA	VUILD115	fold_4	epithelial_transitional	DISEASE_ADJUSTED	1.77986530704379	2.613973085325238	2.5517197419060955	2.35669491850387	2.3308795567652143	2.280256361006956	2.2772226678148755	2.35381634965028	2.5084018442066593	2.4843262250857325	2.5201323191844027	2.539907352760554	-0.5768296114600799	0.016962199422882827
VUILD115MA_150_6_31	VUILD115MA	VUILD115	fold_4	epithelial_transitional	DISEASE_ADJUSTED	1.76977925639908	2.5990478674292135	2.5640088573008204	2.5497913915365893	2.5329058929839237	2.5709916418741607	2.1946935444334192	2.3533394142909425	2.7540490683186625	2.894326198087504	2.747274574601689	2.837377658872093	-0.7800121351375093	0.17963903239765938
VUILD115MA_150_6_35	VUILD115MA	VUILD115	fold_4	epithelial_transitional	DISEASE_ADJUSTED	2.5610310355662	2.5959057162932084	2.6823512265505314	2.6204153300445254	2.8991654193178027	2.916093788911994	2.323285901365253	2.3532390068468714	2.553553189670569	2.860117601605756	2.5073128024637277	2.7107257310574946	-0.05938429447832538	0.2689327190379296
VUILD115MA_150_6_36	VUILD115MA	VUILD115	fold_4	epithelial_transitional	DISEASE_ADJUSTED	1.63439766908968	2.595120178509207	2.5053912993911442	2.5154618008319938	2.405805953640583	2.450264397746764	2.356952478438852	2.3532139049858536	2.3560544939803703	2.711852293193414	2.3217567388648237	2.5842170014428603	-0.8810641317423138	0.10184993871354525
VUILD115MA_150_7_31	VUILD115MA	VUILD115	fold_4	epithelial_transitional	DISEASE_ADJUSTED	1.75393980700186	2.5975087576202953	2.6153547517164544	2.577058977714113	2.63508733052603	2.6813423511786474	2.1704535061165777	2.3541458859359947	2.6993781365587863	2.910272988648629	2.672542815349883	2.8374318813196506	-0.8231191707122529	0.18212595620586852
VUILD115MA_150_7_32	VUILD115MA	VUILD115	fold_4	epithelial_transitional	DISEASE_ADJUSTED	1.24301351491751	2.596723219836294	2.3141773857640358	2.356065481470297	2.609648604224081	2.6047108470941533	2.1074647203154058	2.354120784074977	2.3406609103087286	2.8485928205090185	2.3242256919250055	2.8322373071216376	-1.113051966552787	0.1770280815966926
VUILD115MA_150_7_34	VUILD115MA	VUILD115	fold_4	epithelial_transitional	DISEASE_ADJUSTED	2.37488277204747	2.5951521442682917	2.4770097377463296	2.498939164206218	2.9290534485892104	2.932534000291424	1.8598725775473268	2.3540705803529414	2.8989596858837348	3.2153399382734724	2.9023000409370967	3.177459010084342	-0.12405639215874809	0.18108695603436797
VUILD115MA_150_7_35	VUILD115MA	VUILD115	fold_4	epithelial_transitional	DISEASE_ADJUSTED	1.99167426240689	2.5943666064842903	2.684356119398828	2.6492410479626614	2.473254889987347	2.520613679167776	2.1081117791529493	2.3540454784919236	2.726915595121846	3.0791723925155203	2.68025798306326	3.043970479846166	-0.6575667855557714	0.04552088759365329
VUILD115MA_150_8_12	VUILD115MA	VUILD115	fold_4	epithelial_transitional	DISEASE_ADJUSTED	1.98535267272617	2.610894865707402	2.3204023136050917	2.3068118455241895	2.6209906161638807	2.528262625766715	2.1757757979531465	2.3554292929403844	2.566685415537422	2.7419321278376256	2.618115239501566	2.7925028887615406	-0.3214591727980194	0.2627509633462403
VUILD115MA_150_8_16	VUILD115MA	VUILD115	fold_4	epithelial_transitional	DISEASE_ADJUSTED	1.70054590817327	2.6077527145713963	2.705056377073121	2.6649336910588945	2.448311099611799	2.411382010726447	2.403077186105509	2.3553288854963133	2.418262149639707	2.4890355762464185	2.415769519872504	2.5043278797306345	-0.9643877828856247	0.11107127747827783
VUILD115MA_150_8_31	VUILD115MA	VUILD115	fold_4	epithelial_transitional	DISEASE_ADJUSTED	1.70297760927403	2.595969647811377	2.7171019423535645	2.706170931436495	2.764651571682633	2.8321573517725342	2.2848500838279273	2.354952357581047	2.6186180933110834	2.6951077370922474	2.588533728430717	2.5862229161249637	-1.0031933221624647	0.18087024766215953
VUILD115MA_150_8_32	VUILD115MA	VUILD115	fold_4	epithelial_transitional	DISEASE_ADJUSTED	1.98516934408989	2.595184110027376	2.6545220561200757	2.6442441153484113	2.55522993660285	2.603432199237852	2.3200364188338867	2.354927255720029	2.6756226487452612	2.6218506385960647	2.6688762843818594	2.5274337732538164	-0.6590747712585212	0.10066447194929962
VUILD115MA_150_8_33	VUILD115MA	VUILD115	fold_4	epithelial_transitional	DISEASE_ADJUSTED	2.59032741453524	2.5943985722433744	2.622570906533297	2.6556551022049657	3.0772098266509187	3.12517443587307	2.4004795558507026	2.3549021538590114	2.967794098213734	3.112181731427129	2.951837569269305	3.0096527307115517	-0.06532768766972552	0.3954624904486021
VUILD115MA_150_8_34	VUILD115MA	VUILD115	fold_4	epithelial_transitional	DISEASE_ADJUSTED	1.95934988303943	2.5936130344593735	2.7467789059149106	2.6632040294493633	2.8445382194293156	2.95579143480863	1.9847270306570886	2.354877051997994	2.7203327213201525	3.14340878982401	2.674286802478589	2.9968898229995378	-0.7038541464099333	0.31718087100744896
VUILD115MA_150_8_36	VUILD115MA	VUILD115	fold_4	epithelial_transitional	DISEASE_ADJUSTED	1.85964747916141	2.592041958891371	2.935096363137311	2.8943422805928347	2.9192048196802016	3.0250600786155033	2.49067679652796	2.3548268482759585	3.0865792005134227	3.5293687908031917	3.0107956328972936	3.430382148168852	-1.0346948014314248	0.2666344409035978
VUILD115MA_150_8_37	VUILD115MA	VUILD115	fold_4	epithelial_transitional	DISEASE_ADJUSTED	2.02905118798423	2.5912564211073694	2.566253182033405	2.538478657214987	3.0533545986826325	3.054782111803834	2.4992822152293765	2.3548017464149407	3.2150383949641683	3.3740842817956644	3.1955037066333496	3.4611550861493035	-0.509427469230757	0.3742297217221963
VUILD115MA_150_8_38	VUILD115MA	VUILD115	fold_4	epithelial_transitional	DISEASE_ADJUSTED	1.91300361543476	2.590470883323368	2.5133294566334765	2.64637528536712	2.5545835691881997	2.626905444778764	1.7301307100868026	2.354776644553923	2.4200521258624694	3.047282686878953	2.3553621465177357	2.954401403097043	-0.73337166993236	0.07176796800374564
VUILD115MA_150_9_31	VUILD115MA	VUILD115	fold_4	epithelial_transitional	DISEASE_ADJUSTED	1.70240009150953	2.594430538002459	2.7649419739353593	2.7922723087720707	2.5807884782269577	2.6738281029966826	2.2236766891214046	2.3557588292260996	2.812146330455106	3.1344283291766017	2.759527070340261	2.971111328488627	-1.0898722172625406	0.13495197828998243
VUILD115MA_150_9_32	VUILD115MA	VUILD115	fold_4	epithelial_transitional	DISEASE_ADJUSTED	2.06900990086485	2.5936450002184577	2.692598205769789	2.7101322890223445	2.9662773513156964	3.0355167762109327	2.3251719936787785	2.355733727365082	2.799111816302859	3.2329769566888182	2.756719080311721	3.114802504305684	-0.6411223881574943	0.3365606837146012
VUILD115MA_150_9_34	VUILD115MA	VUILD115	fold_4	epithelial_transitional	DISEASE_ADJUSTED	2.41914735444391	2.592073924650455	2.73508777738058	2.689938348485411	2.9135280718589605	3.0203775138183833	2.2361834473496587	2.3556835236430462	3.000860383004474	3.288832736732035	2.941723988119434	3.157040662759108	-0.270790994041501	0.3295276052719326
VUILD115MA_150_9_35	VUILD115MA	VUILD115	fold_4	epithelial_transitional	DISEASE_ADJUSTED	1.95879096768957	2.591288386866454	2.6970524620832377	2.6617684028357638	2.8700900080323675	2.929865401646697	2.21828552210652	2.3556584217820284	2.8947900052383715	3.2904975608509988	2.844862934465318	3.234146219079289	-0.7029774351461937	0.2685511502769842
VUILD115MA_150_9_36	VUILD115MA	VUILD115	fold_4	epithelial_transitional	DISEASE_ADJUSTED	1.34747030075111	2.5905028490824527	2.8041358194181596	2.799520246644063	2.9502917015652392	3.032987596261644	2.4276728276369846	2.3556333199210107	2.949056178887699	3.306331133204624	2.897520890843205	3.226585711152088	-1.4520499458929532	0.32449305740431367
VUILD115MA_150_9_37	VUILD115MA	VUILD115	fold_4	epithelial_transitional	DISEASE_ADJUSTED	2.32692218552383	2.5897173112984513	2.6250984794321446	2.7751259680448586	2.777003912840517	2.8158477886987883	2.60238115814261	2.355608218059993	2.775199163320926	3.1752131287229592	2.700061881154131	3.0463871526448787	-0.44820378252102877	0.22038558848166148
VUILD115MA_150_9_38	VUILD115MA	VUILD115	fold_4	epithelial_transitional	DISEASE_ADJUSTED	1.94488247363136	2.58893177351445	2.880838726770013	2.7252252558210524	2.9823303743960623	3.054543745559358	2.255493018991489	2.355583116198975	2.7623651953023622	3.598135042318071	2.7079657626764266	3.5204736698690384	-0.7803427821896924	0.24394240847509774
VUILD115MA_150_9_39	VUILD115MA	VUILD115	fold_4	epithelial_transitional	DISEASE_ADJUSTED	2.08908229090941	2.5881462357304486	2.5166711344047634	2.6546201144521357	2.4493415023601326	2.4842185085210438	2.3354806718377428	2.3555580143379573	2.6920120555411797	3.044828770817412	2.644816822378243	2.9277606423518012	-0.565537823542726	0.034292878655851636
VUILD115MA_150_9_40	VUILD115MA	VUILD115	fold_4	epithelial_transitional	DISEASE_ADJUSTED	1.68181091733713	2.5873606979464476	2.5896619094057436	2.5939104007814477	2.370442360472994	2.3691242819951492	1.6029955733311367	2.3555329124769395	2.2638284343696737	2.328853013642431	2.2588459827888263	2.263822005654722	-0.9120994834443177	0.010934399229799132
