region_id	sample_id	donor_id	fold	target	analysis_stratum	observed	M0_pred	M1_pred	M2_pred	M3_pred	M4_pred	color_pred	coordinate_pred	grayscale_pred	macenko_pred	M3_grayscale_pred	M3_macenko_pred	heldout_base_residual	morphology_predicted_residual
VUILD106MA_150_10_39	VUILD106MA	VUILD106	fold_3	epithelial_transitional	PF_ONLY	2.54811638741721	2.284713652697766	2.352881459992808	2.2930298633487327	2.2252869035769005	2.166614617272656	2.598071046165485	2.1961108339697017	2.1361713705915157	2.1877977974040466	2.144505326396692	2.180383161224266	0.2550865240684774	-0.24020726390140779
VUILD106MA_150_10_40	VUILD106MA	VUILD106	fold_3	epithelial_transitional	PF_ONLY	1.82308839333173	2.2674880847975074	2.3794974716718285	2.3903681412204816	2.1491762518776234	2.140349305345455	2.5595605102103702	2.1845659461345384	1.9696670508047145	2.0380745313599693	1.9208504704315632	1.9671930773698993	-0.5672797478887517	-0.2946316673746012
VUILD106MA_150_11_35	VUILD106MA	VUILD106	fold_3	epithelial_transitional	PF_ONLY	1.95727684094442	2.3515173689578073	2.397226666467832	2.3294291922844597	2.1722246932929368	2.1990657925510244	2.3958570814140185	2.240550994248285	2.043822800586763	2.012892877974526	1.9924694977851671	1.9511588752477933	-0.37215235134003977	-0.2892352056313964
VUILD106MA_150_12_36	VUILD106MA	VUILD106	fold_3	epithelial_transitional	PF_ONLY	2.85122633470991	2.3321932457165575	2.4751357144317594	2.4698258884882365	2.169869995036053	2.3429521374974573	2.4200673717955947	2.2272667153510524	2.1940744421672926	2.7455321775026755	2.097336514612074	2.6716897958221764	0.3814004462216736	-0.37449824985179636
VUILD106MA_150_12_40	VUILD106MA	VUILD106	fold_3	epithelial_transitional	PF_ONLY	1.86737041117689	2.263290974115524	2.331884858252221	2.3239298077931743	2.099582136550709	2.139345375051807	2.472012154371949	2.1810871640103997	2.0712392477138333	2.1178601627304694	2.0286086896297584	2.056899575597125	-0.4565593966162842	-0.3648655628454913
VUILD106MA_150_12_41	VUILD106MA	VUILD106	fold_3	epithelial_transitional	PF_ONLY	1.87892406502239	2.2460654062152656	2.3682186179256917	2.370969591601516	2.0570099079475366	1.94678626655099	2.4757878752004205	2.1695422761752368	1.6892536759253272	1.8935699990828134	1.6810285487087935	1.8778607242868572	-0.4920455265791259	-0.360194156826244
VUILD106MA_150_13_14	VUILD106MA	VUILD106	fold_3	epithelial_transitional	PF_ONLY	3.01920117541593	2.70905718418125	2.70591528999676	2.5719282867374074	2.3018434092189857	2.3116990163136957	2.4165144051803287	2.4795148566625715	2.566137722025238	2.535666771568578	2.570334487091844	2.5556502408825468	0.44727288867852266	-0.2705838502763477
VUILD106MA_150_13_16	VUILD106MA	VUILD106	fold_3	epithelial_transitional	PF_ONLY	3.00666049448706	2.674606048380733	2.5797323838316784	2.559232002226956	2.3376816147561095	2.429456264144765	2.2724343727298946	2.456425080992245	2.2766401732198593	2.3941514620635327	2.2999420354412274	2.3921620127414034	0.4474284922601037	-0.27881766343594105
VUILD106MA_150_13_17	VUILD106MA	VUILD106	fold_3	epithelial_transitional	PF_ONLY	3.16716222099193	2.657380480480475	2.523814468319688	2.4735798706716463	2.41372215366237	2.4602717430718766	2.3791726541951483	2.4448801931570823	2.4267524872278026	2.474658175197974	2.471499271075925	2.5120643269661844	0.6935823503202836	-0.22537926378483739
VUILD106MA_150_13_18	VUILD106MA	VUILD106	fold_3	epithelial_transitional	PF_ONLY	2.82863180034142	2.640154912580216	2.657126068166851	2.64617936565492	2.437946078404593	2.5151180051152413	2.4827725919898618	2.4333353053219193	2.6166307597463923	2.7643323627274055	2.5957525225913614	2.7466676298634205	0.18245243468649974	-0.2273571856905927
VUILD106MA_150_13_37	VUILD106MA	VUILD106	fold_3	epithelial_transitional	PF_ONLY	1.89276278665166	2.3128691224753073	2.379093284329158	2.38447528322815	1.880779309523715	1.853116998181366	2.3292645004870427	2.21398243645382	1.9115669389992131	2.145333943726787	1.87994200722989	2.1016546392712208	-0.49171249657648985	-0.4832148028838724
VUILD106MA_150_13_38	VUILD106MA	VUILD106	fold_3	epithelial_transitional	PF_ONLY	2.33330341924391	2.2956435545750487	2.3294238868166675	2.366785497182788	1.9893654942364793	1.9846036864210794	2.3906090583376383	2.202437548618657	1.8336399064745588	1.9219179432838291	1.8220420461537896	1.9217085101664166	-0.03348207793887781	-0.48104289685947643
VUILD106MA_150_13_40	VUILD106MA	VUILD106	fold_3	epithelial_transitional	PF_ONLY	2.14616115152122	2.2611924187745323	2.278348372991349	2.2291593242557566	2.039443054105726	1.996909055377887	2.404180362771521	2.1793477729483306	2.096682367733055	2.0925401006780895	2.0980819530985615	2.0893853073183477	-0.0829981727345368	-0.38059790180490904
VUILD106MA_150_13_41	VUILD106MA	VUILD106	fold_3	epithelial_transitional	PF_ONLY	2.10098434633222	2.2439668508742736	2.42486777597234	2.3734175867539418	2.1105000685769686	2.1369832126612938	2.4731801599265446	2.167802885113167	2.2619641569520934	2.070115371513011	2.1922661075250236	2.0257748829065925	-0.27243324042172157	-0.34850625874157704
VUILD106MA_150_13_7	VUILD106MA	VUILD106	fold_3	epithelial_transitional	PF_ONLY	2.37740721279415	2.829636159483058	2.6271404735470654	2.4993320567218755	2.412988784533273	2.3629177359637303	2.641870157454308	2.5603290715087135	2.504888510968609	2.6545967375789177	2.60613616044074	2.7472609558635743	-0.1219248439277254	-0.11709698501851068
VUILD106MA_150_13_8	VUILD106MA	VUILD106	fold_3	epithelial_transitional	PF_ONLY	2.48661723772384	2.8124105915828	2.634929926478868	2.6342448183067173	2.2685755837524972	2.226382082367588	2.174516422677251	2.54878418367355	2.4387504696754023	2.347777918452081	2.4735238011062854	2.3558058763093195	-0.14762758058287728	-0.29816821746703925
VUILD106MA_150_14_17	VUILD106MA	VUILD106	fold_3	epithelial_transitional	PF_ONLY	3.34880477954646	2.655281925139483	2.5048504218425247	2.5222514156910187	2.4456594259028415	2.474275397755211	2.412142088998199	2.4431408020950127	2.5249726094915865	2.5930672243469894	2.5318143398156763	2.5860422272061268	0.8265533638554414	-0.15621814942926876
VUILD106MA_150_14_33	VUILD106MA	VUILD106	fold_3	epithelial_transitional	PF_ONLY	2.80777503248717	2.379672838735349	2.4737539626178746	2.392708613312382	2.215497721288302	2.303281823429219	2.344444562815185	2.258422596732403	2.604538755990527	2.6162428422762902	2.574614725126145	2.5965256189708334	0.41506641917478815	-0.346215219071059
VUILD106MA_150_14_37	VUILD106MA	VUILD106	fold_3	epithelial_transitional	PF_ONLY	2.12530587269329	2.3107705671343153	2.4291300264768525	2.43770212714912	1.9829872037365015	1.9561280671613899	2.326819748100749	2.2122430453917503	1.9077078368526137	2.2142831323806784	1.8694996259158136	2.191919281822597	-0.31239625445582986	-0.40340552844872435
VUILD106MA_150_14_38	VUILD106MA	VUILD106	fold_3	epithelial_transitional	PF_ONLY	2.12015152654692	2.293544999234057	2.400021205892745	2.3993251709313013	1.821901783498848	1.8001355895767026	2.3109590420174237	2.2006981575565874	1.6316265785030675	1.895361144367453	1.556443108657987	1.8481102076450115	-0.2791736443843811	-0.5321324670250805
VUILD106MA_150_14_39	VUILD106MA	VUILD106	fold_3	epithelial_transitional	PF_ONLY	2.1426479047062	2.276319431333799	2.413960595293181	2.3622425619936416	2.0940776947281883	2.1037972400873337	2.3885483559431466	2.1891532697214244	1.9111067963782888	2.0079098595066585	1.8915951428818696	1.982258686818625	-0.21959465728744165	-0.351529982661657
VUILD106MA_150_15_18	VUILD106MA	VUILD106	fold_3	epithelial_transitional	PF_ONLY	4.15374017881902	2.6359578018982326	2.570433217563582	2.575396359637955	2.7901631971106977	2.9928087747028203	2.4016516693665575	2.4298565231977802	3.261031681338569	3.289893431105293	3.2701912360937886	3.271782643734796	1.578343819181065	-0.039587759362273996
VUILD106MA_150_15_23	VUILD106MA	VUILD106	fold_3	epithelial_transitional	PF_ONLY	1.97583060073481	2.5498299623969407	2.5127321590117426	2.3971878311765993	2.1649667747968806	2.140688490022847	2.4096736656029996	2.3721320840219646	2.1937525171395795	2.4481201814899	2.2024715689430026	2.4830674042482017	-0.4213572304417892	-0.3169749133008396
VUILD106MA_150_15_24	VUILD106MA	VUILD106	fold_3	epithelial_transitional	PF_ONLY	1.9018125780302	2.5326043944966825	2.5155850116609	2.453478419168518	2.0395326323855936	1.9776306025574943	2.3847571800437795	2.3605871961868017	1.8850969782403915	2.2781001892157806	1.8997478328361683	2.2684960127122236	-0.5516658411383182	-0.39997991521845866
VUILD106MA_150_16_23	VUILD106MA	VUILD106	fold_3	epithelial_transitional	PF_ONLY	1.08661973969573	2.547731407055949	2.51648029477726	2.4461332139297096	2.249824065861428	2.239382106337183	2.394373427345032	2.3703926929598955	2.074253739064734	2.388671182296351	2.071921073896332	2.3895883913320866	-1.3595134742339796	-0.2510023563481243
VUILD106MA_150_16_24	VUILD106MA	VUILD106	fold_3	epithelial_transitional	PF_ONLY	1.39595798191373	2.5305058391556905	2.4558366675332044	2.65306205960186	2.1643722467731346	2.189974821342934	2.4015833805104525	2.358847805124732	1.9286733267972302	2.2374449463089614	1.792463038172111	2.125185558721189	-1.2571040776881302	-0.306398486634361
VUILD106MA_150_16_39	VUILD106MA	VUILD106	fold_3	epithelial_transitional	PF_ONLY	2.31488502017741	2.2721223206518153	2.6464634831044016	2.711603812017734	2.2403440311121856	2.4046286193643156	2.445476015413129	2.1856744875972858	2.4750767861692187	2.7247170792559685	2.2999709602220024	2.5497661007833186	-0.3967187918403243	-0.28702439539203284
VUILD106MA_150_16_41	VUILD106MA	VUILD106	fold_3	epithelial_transitional	PF_ONLY	3.07018907029323	2.2376711848512985	2.43468665860611	2.485660583055528	2.609295429464803	2.7552377168314743	2.56337164155966	2.1625847119269594	2.62517509375523	2.7697011383271923	2.574717070743854	2.7220081465193986	0.5845284872377019	-0.06073586865098758
VUILD106MA_150_16_43	VUILD106MA	VUILD106	fold_3	epithelial_transitional	PF_ONLY	2.78841935333316	2.2032200490507816	2.262732538457187	2.356512640159074	2.23831881168809	2.238093127078353	2.5404749188294167	2.139494936256633	2.339292038801487	2.3618554399023277	2.279561217092454	2.3553260504319775	0.4319067131740857	-0.1687327087037043
VUILD106MA_150_17_12	VUILD106MA	VUILD106	fold_3	epithelial_transitional	PF_ONLY	3.94427988399092	2.735114098617799	2.76265929133296	2.901528018080026	2.691824697992954	2.9048906440746753	2.390866996910489	2.4956470680846206	3.0312371003525715	3.1679188402485203	2.9642724995468246	3.044029073555204	1.042751865910894	-0.08136174859221565
VUILD106MA_150_17_36	VUILD106MA	VUILD106	fold_3	epithelial_transitional	PF_ONLY	3.32558668325039	2.3217004690115983	2.338593617220294	2.4016461329250527	2.3815022916792494	2.4995522998526702	2.406093545047908	2.2185697600407055	2.3035939623445496	2.384286292635629	2.2894750707712745	2.3827671371747576	0.9239405503253373	-0.23782833565508893
VUILD106MA_150_17_37	VUILD106MA	VUILD106	fold_3	epithelial_transitional	PF_ONLY	2.50803462723494	2.30447490111134	2.5361688875055215	2.621831473839376	1.9581257030076655	2.0313493315427835	2.2158774927344433	2.2070248722055426	2.374386531886195	2.456498909460425	2.1870967884749963	2.2931997159023085	-0.11379684660443612	-0.41511087292244586
VUILD106MA_150_17_38	VUILD106MA	VUILD106	fold_3	epithelial_transitional	PF_ONLY	2.31606661809058	2.2872493332110815	2.5530543570821624	2.706100361791424	2.3520972166500056	2.607404745837846	2.326341429597593	2.195479984370379	2.4193619900766885	2.5720781335470932	2.213342176199581	2.35540090610656	-0.3900337437008443	-0.16699498387906309
VUILD106MA_150_17_39	VUILD106MA	VUILD106	fold_3	epithelial_transitional	PF_ONLY	2.96781129588887	2.2700237653108233	2.37459606034966	2.570680102610072	2.219051202188669	2.3282225731692763	2.4490406607812227	2.1839350965352162	2.4365151519373263	2.390076586712752	2.3654867141205784	2.300300893588423	0.3971311932787982	-0.24738987564412326
VUILD106MA_150_17_40	VUILD106MA	VUILD106	fold_3	epithelial_transitional	PF_ONLY	2.63738913829962	2.252798197410565	2.4863023656340903	2.4800806998732394	2.5653241839197283	2.6612082842241507	2.459353644087417	2.172390208700053	2.77297279941582	2.5834842298646747	2.770521319527383	2.5533136009024506	0.15730843842638054	-0.0032215258331217134
VUILD106MA_150_17_43	VUILD106MA	VUILD106	fold_3	epithelial_transitional	PF_ONLY	3.03536593141037	2.20112149370979	2.46625486773361	3.7991827167167	2.390576484002535	2.962430239266432	2.5251139776632354	2.1377555451945636	3.142909078058638	3.1348931394955213	2.4662219585551766	2.4821496533311507	-0.76381678530633	-0.10030025438322913
VUILD106MA_150_18_36	VUILD106MA	VUILD106	fold_3	epithelial_transitional	PF_ONLY	3.11844833461059	2.3196019136706068	2.4203490032341017	2.4501365745217183	2.18204463138686	2.181120207414717	2.3052263443983243	2.216830368978636	2.1981512580020612	2.266307697241711	2.1663955936350043	2.2605791265640587	0.6683117600888715	-0.3676159230577054
VUILD106MA_150_18_37	VUILD106MA	VUILD106	fold_3	epithelial_transitional	PF_ONLY	2.73343981082847	2.302376345770348	2.4761612185945494	2.58344156623375	1.9912260573248792	2.132608461806089	2.179250369902822	2.205285481143473	2.063266518141007	2.1494917859279274	1.9289522106760346	1.9839085230358342	0.14999824459471967	-0.3848044078905143
VUILD106MA_150_18_40	VUILD106MA	VUILD106	fold_3	epithelial_transitional	PF_ONLY	2.86139811099567	2.250699642069573	2.329223522501657	2.3007482300756688	2.2962769247928385	2.2850746694742794	2.3439861412625467	2.1706508176379837	2.286054041905308	2.248469066626629	2.299101823345244	2.2612434752476767	0.5606498809200011	-0.18429682262610608
VUILD106MA_150_19_26	VUILD106MA	VUILD106	fold_3	epithelial_transitional	PF_ONLY	1.89431775533225	2.4897590373321985	2.8071794027972565	3.2024961564573964	1.975694449704269	2.3538688309544775	2.2508247263251087	2.330539856268198	2.410625894492915	2.6365755353533418	2.033825185249039	2.2616334172326864	-1.3081784011251463	-0.47039492613360956
VUILD106MA_150_19_27	VUILD106MA	VUILD106	fold_3	epithelial_transitional	PF_ONLY	2.14172173375361	2.4725334694319403	2.887017658321115	3.228577567623383	2.1685005828285973	2.561949633357882	2.283448779127987	2.3189949684330347	2.5904164517232706	2.3878902375150206	2.2291332099452643	1.9810273736360124	-1.0868558338697731	-0.33598882354258475
VUILD106MA_150_19_37	VUILD106MA	VUILD106	fold_3	epithelial_transitional	PF_ONLY	3.03064743674692	2.3002777904293565	2.529804517380575	2.5898147507690634	2.071310117760125	2.195923104795393	2.269744369699433	2.203546090081404	2.277879473175449	2.4533907091847738	2.1821224044260776	2.3348062391835587	0.44083268597785663	-0.34271041789841195
VUILD106MA_150_19_38	VUILD106MA	VUILD106	fold_3	epithelial_transitional	PF_ONLY	2.67223070195464	2.283052222529098	2.4544667818820813	2.5474882648419683	2.0271473435160186	2.0798782503885485	2.0991281097910828	2.1920012022462405	1.952537854143402	2.244110200010866	1.8507351567066825	2.161965270096415	0.12474243711267174	-0.3096684395980013
VUILD106MA_150_19_39	VUILD106MA	VUILD106	fold_3	epithelial_transitional	PF_ONLY	2.61606160761156	2.2658266546288397	2.3383428224243192	2.391651538389787	1.9857650235596518	1.9682422716200767	2.298973628441036	2.1804563144110776	2.349608078292498	2.1552333226702514	2.296671321887023	2.106948842612896	0.22441006922177298	-0.39206055928406214
VUILD106MA_150_20_11	VUILD106MA	VUILD106	fold_3	epithelial_transitional	PF_ONLY	3.23010232023223	2.746044000495082	2.728155060087213	2.7886400341502773	2.4157765694097724	2.553954307587631	2.2489196815521715	2.5019737827335753	2.4637206932521294	2.8834833348265816	2.3943302423145623	2.771736710680327	0.4414622860819528	-0.2012803618465822
VUILD106MA_150_20_12	VUILD106MA	VUILD106	fold_3	epithelial_transitional	PF_ONLY	2.67543379396519	2.728818432594824	2.6830517706316654	2.768181739820765	2.344824407210348	2.517629101385329	2.1640705407098717	2.4904288948984123	2.6564492896627945	2.542353209718751	2.532248694526504	2.425756080395812	-0.09274794585557489	-0.2989338456576549
VUILD106MA_150_20_38	VUILD106MA	VUILD106	fold_3	epithelial_transitional	PF_ONLY	2.86151126850547	2.2809536671881063	2.565651431138439	2.548801617721764	2.3755381339920176	2.5638149149107585	2.330565344188645	2.190261811184171	2.571212497238347	2.3903058346260373	2.484561883883501	2.306734206230586	0.31270965078370594	-0.1519686248133001
VUILD106MA_150_20_39	VUILD106MA	VUILD106	fold_3	epithelial_transitional	PF_ONLY	3.35876400520617	2.2637280992878477	2.5544856669958467	2.6521057256804963	2.3752126006175813	2.5374596910421587	2.4042875216240023	2.178716923349008	2.485557604921065	2.7441053292248427	2.357157014228795	2.6135507379951024	0.7066582795256737	-0.14270650412489327
VUILD106MA_150_21_11	VUILD106MA	VUILD106	fold_3	epithelial_transitional	PF_ONLY	2.57992769747656	2.7439454451540906	2.6966314815012704	2.7740924300819763	2.3839225562223305	2.582504915108618	2.202973143184323	2.500234391671506	2.3055909725488966	2.8271264263321463	2.241289606544009	2.7177861245365547	-0.1941647326054161	-0.2421385900283002
VUILD106MA_150_21_13	VUILD106MA	VUILD106	fold_3	epithelial_transitional	PF_ONLY	3.65900432370654	2.7094943093535737	2.607050556559911	2.6438094097541893	2.401606874844127	2.5518589007449486	2.07752971222249	2.47714461600118	2.584479072696385	2.6828021480264526	2.563737596007053	2.6506286039063083	1.0151949139523508	-0.18301358639895335
VUILD106MA_150_21_14	VUILD106MA	VUILD106	fold_3	epithelial_transitional	PF_ONLY	2.35134362047761	2.6922687414533155	2.574370408296603	2.513385270916045	2.2424882715037495	2.24784442562582	2.058709334149593	2.465599728166017	2.3655644804699776	2.4115319580997925	2.383566397303765	2.4396291053504315	-0.162041650438435	-0.30093189207050686
VUILD106MA_150_21_15	VUILD106MA	VUILD106	fold_3	epithelial_transitional	PF_ONLY	2.92023607387362	2.675043173553057	2.5962249857520154	2.5069327307149227	2.292869193738932	2.2249958294816987	2.258965187355105	2.4540548403308535	2.297094922822048	2.6627714502449877	2.3396755219800682	2.7315567407683927	0.41330334315869743	-0.2346300689808348
VUILD106MA_150_21_16	VUILD106MA	VUILD106	fold_3	epithelial_transitional	PF_ONLY	2.81214612255946	2.6578176056527987	2.566550300501245	2.466855640092934	2.1837079173989355	2.128758949658768	2.326576724982969	2.4425099524956906	2.240228684921551	2.284893309289956	2.2639509202347883	2.342142488592892	0.34529048246652616	-0.2828806557936703
VUILD106MA_150_21_23	VUILD106MA	VUILD106	fold_3	epithelial_transitional	PF_ONLY	1.86804216231571	2.53723863035099	2.4378824560687113	2.3375854940269067	2.1399457905431256	2.093597429246337	2.4001984163303547	2.3616957376495487	1.8753409446457505	1.904489061769815	1.8982130332121003	1.946544530393282	-0.4695433317111968	-0.3463557648589741
VUILD106MA_150_21_24	VUILD106MA	VUILD106	fold_3	epithelial_transitional	PF_ONLY	1.66636483058536	2.5200130624507318	2.4032020357484405	2.497413173262327	2.228423094860948	2.29567741124412	2.3248589286579673	2.3501508498143853	2.172708485616762	2.3776050941525493	2.1388497759768255	2.321701242253609	-0.831048342676967	-0.2787993913423169
VUILD106MA_150_21_25	VUILD106MA	VUILD106	fold_3	epithelial_transitional	PF_ONLY	1.5319211921486	2.502787494550473	2.599245638696646	2.9111695982255554	1.7561345149721879	1.8835244612519229	2.219589928167146	2.3386059619792223	2.0391277292466015	2.182888247718851	1.7654350623723132	1.941878546868413	-1.3792484060769554	-0.579572810051069
VUILD106MA_150_21_37	VUILD106MA	VUILD106	fold_3	epithelial_transitional	PF_ONLY	3.16908550383898	2.296080679747373	2.3866637604465586	2.339011241542718	2.4083913813778555	2.5054266982074065	2.227829773833707	2.200067307957265	2.4215342089853933	2.5711346391677523	2.441346606956686	2.565455617705649	0.8300742622962618	-0.15247757093046146
VUILD106MA_150_21_38	VUILD106MA	VUILD106	fold_3	epithelial_transitional	PF_ONLY	3.4102705574093	2.2788551118471143	2.1840023517134393	2.292035485499207	2.474184160897611	2.604084521242697	2.238457878423463	2.188522420122102	2.405880695850988	2.612682667056825	2.412330965166439	2.5848859242513837	1.1182350719100933	-0.06097873373489459
VUILD106MA_150_22_13	VUILD106MA	VUILD106	fold_3	epithelial_transitional	PF_ONLY	3.34209858675591	2.7073957540125817	2.596151571018274	2.5451723337647896	2.7529915383463126	2.8200081603426215	2.2883895818009266	2.4754052249391103	2.891164370777479	2.8035278720428813	2.9574772509686698	2.8596267043411268	0.7969262529911205	0.06634570602098253
VUILD106MA_150_22_14	VUILD106MA	VUILD106	fold_3	epithelial_transitional	PF_ONLY	3.34375946865282	2.6901701861123235	2.5757231300020305	2.5077469274874726	2.4904411949976053	2.456069728741411	2.3007711489989244	2.4638603371039474	2.7405595790127215	2.8480520367781956	2.831655253961485	2.9539199077820943	0.8360125411653474	-0.15218039343134063
VUILD106MA_150_22_15	VUILD106MA	VUILD106	fold_3	epithelial_transitional	PF_ONLY	3.46219655529305	2.6729446182120653	2.628671443460249	2.5240849386668027	2.4663326294774213	2.4388510235050176	2.4967384935083494	2.4523154492687844	2.3267452792091454	2.4717145131169396	2.3935423914770513	2.5430467241586827	0.9381116166262471	-0.13084549497254472
VUILD106MA_150_22_24	VUILD106MA	VUILD106	fold_3	epithelial_transitional	PF_ONLY	2.37022457430935	2.5179145071097397	2.343487583082588	2.5094463051149907	1.9584060818980689	1.9022171921345963	2.371516066204026	2.348411458752316	1.9390845604287597	2.0187305400577094	1.8774130602123922	1.9652457475241505	-0.1392217308056405	-0.4751084981701319
VUILD106MA_150_22_38	VUILD106MA	VUILD106	fold_3	epithelial_transitional	PF_ONLY	3.29759301423582	2.2767565565061227	2.3827646949325594	2.3715393459056098	2.475892328993846	2.5623473122324	2.2294826594016355	2.1867830290600323	2.4649753020745706	2.3231395477508276	2.490569804280206	2.2931854123892177	0.9260536683302103	-0.03413916069175115
VUILD106MA_150_22_39	VUILD106MA	VUILD106	fold_3	epithelial_transitional	PF_ONLY	3.52465771077067	2.2595309886058645	2.459087779627544	2.4601698414453894	2.651945337139626	2.824883860124006	2.265176345401198	2.1752381412248694	2.763188502424644	2.668842908530151	2.730429852455035	2.619501703161851	1.0644878693252804	0.00025503336980755437
VUILD106MA_150_23_29	VUILD106MA	VUILD106	fold_3	epithelial_transitional	PF_ONLY	2.43942389324288	2.4296881122674563	2.311341405694948	2.1860585261726277	1.8601621991312876	1.6989268946782294	2.0285298208779765	2.288947628514431	1.6412286457260061	1.5392355919731442	1.7117434078916767	1.5802965802587747	0.25336536707025203	-0.443907325323733
VUILD106MA_150_23_30	VUILD106MA	VUILD106	fold_3	epithelial_transitional	PF_ONLY	1.68685927443669	2.4124625443671976	2.224408360747988	2.1735872195103174	1.953914023157906	1.7481118660248578	2.0475229119365297	2.277402740679268	1.6970287391009964	1.7814811729603	1.768969860408327	1.8471390363225364	-0.4867279450736275	-0.4472238735653513
VUILD106MA_150_23_38	VUILD106MA	VUILD106	fold_3	epithelial_transitional	PF_ONLY	3.43852199204205	2.2746580011651307	2.4367929681524916	2.425907468164547	2.4933677638697107	2.4881156350430853	2.2989199672602965	2.185043637997963	2.269830258919137	2.576426865333515	2.3074741733813804	2.6230402476464385	1.0126145238775028	-0.0661339077530739
VUILD106MA_150_24_28	VUILD106MA	VUILD106	fold_3	epithelial_transitional	PF_ONLY	2.45521720906606	2.444815124826723	2.469390790804743	2.28310054925152	1.8534870798366534	1.7161974223457697	2.064452430280569	2.298753125287525	1.729423690342001	1.9330756628592003	1.782201956532719	2.0047969185301895	0.17211665981453983	-0.52902571610794
VUILD106MA_150_24_29	VUILD106MA	VUILD106	fold_3	epithelial_transitional	PF_ONLY	2.64638676577464	2.4275895569264643	2.453909728996956	2.415593543909308	2.1109072374097786	2.1006181583598393	2.118716740135309	2.287208237452362	1.950819264472655	1.8618976808117154	1.9845378858338134	1.8662649854391913	0.2307932218653317	-0.34236160587542663
VUILD106MA_150_24_30	VUILD106MA	VUILD106	fold_3	epithelial_transitional	PF_ONLY	3.00280067744729	2.410363989026206	2.461706947252504	2.417982727603458	1.8443646566555785	1.778535827606586	2.0797120381564542	2.2756633496171985	1.7550503192186289	1.8764739421745342	1.7292527832241313	1.8623545686013436	0.5848179498438322	-0.52952408994047
VUILD106MA_150_24_31	VUILD106MA	VUILD106	fold_3	epithelial_transitional	PF_ONLY	2.72315505973756	2.393138421125948	2.5074603668457143	2.4151643913128034	2.1990371399543354	2.229988803991012	1.9548116200844956	2.2641184617820356	2.1835512051275088	2.327134933960661	2.2200312486784304	2.326859742680022	0.30799066842475664	-0.28957658532697517
VUILD106MA_150_25_10	VUILD106MA	VUILD106	fold_3	epithelial_transitional	PF_ONLY	2.04225944162661	2.7527767916903816	2.583199351551552	2.544664283895898	2.3043536009829855	2.2728759841845445	2.3222402535268842	2.504821715258392	2.144553856061427	2.1360072589780374	2.168133215580269	2.193039862788711	-0.5024048422692879	-0.24246548532847353
VUILD106MA_150_25_27	VUILD106MA	VUILD106	fold_3	epithelial_transitional	PF_ONLY	2.21583932572164	2.4599421373859895	2.3204551924694763	2.19339035279564	1.8747868580695883	1.694251068993121	2.0993842157220985	2.3085586220606187	1.669484626017546	1.6754535198205094	1.739672020264361	1.737587958562472	0.02244897292600001	-0.4121350256724432
VUILD106MA_150_25_28	VUILD106MA	VUILD106	fold_3	epithelial_transitional	PF_ONLY	2.41987520575237	2.442716569485731	2.3506478292339295	2.3277089676056035	1.933003124039085	1.8399736051123086	2.108491500165945	2.2970137342254557	1.860458071822553	1.832457816534724	1.8681288714470083	1.8583899043288445	0.0921662381467665	-0.42054016547592243
VUILD106MA_150_25_29	VUILD106MA	VUILD106	fold_3	epithelial_transitional	PF_ONLY	3.10624441377808	2.4254910015854727	2.470544100671688	2.424318705360858	2.1130892619095643	2.1011100635446143	2.2223388240645723	2.2854688463902924	1.8616738016736463	1.8091620090560108	1.8402900831478317	1.7955818203680893	0.6819257084172219	-0.3135106049465195
VUILD106MA_150_25_30	VUILD106MA	VUILD106	fold_3	epithelial_transitional	PF_ONLY	3.0765584845414	2.408265433685214	2.4805487011079075	2.5270197166235526	2.126374629706902	2.2471268326419516	2.2243403444792	2.2739239585551294	2.0142807534668665	2.09677644894038	1.9513397095171374	2.025605229931908	0.5495387679178472	-0.3724867301438083
VUILD106MA_150_25_31	VUILD106MA	VUILD106	fold_3	epithelial_transitional	PF_ONLY	3.16397223148897	2.391039865784956	2.5634369418899263	2.7051845023742063	2.4556522455544054	2.677108936925155	2.4609850015394894	2.262379070719966	2.7978126210167753	2.3006510359141132	2.691101862968398	2.1902353005647175	0.45878772911476373	-0.13676271939890858
VUILD106MA_150_25_32	VUILD106MA	VUILD106	fold_3	epithelial_transitional	PF_ONLY	2.75040585678515	2.3738142978846977	2.592109821034897	2.4962174237978974	2.2893201043217903	2.50595251033817	2.0650357126244305	2.250834182884803	2.312334888324333	2.449969413434226	2.2496561809835067	2.361736251209182	0.2541884329872528	-0.26793266186262354
VUILD106MA_150_25_33	VUILD106MA	VUILD106	fold_3	epithelial_transitional	PF_ONLY	2.22899414883331	2.356588729984439	2.213779921895054	2.272386647333873	2.1208226548307048	2.092439024913741	2.1124602848486447	2.23928929504964	2.0082857659373214	1.990840443384724	2.042000934758217	1.9958711126697646	-0.04339249850056337	-0.25053310530650796
VUILD106MA_150_25_40	VUILD106MA	VUILD106	fold_3	epithelial_transitional	PF_ONLY	2.58482273545771	2.2360097546826307	2.4016081902306055	2.3507998976667572	2.3430321445578945	2.3619893506356515	2.409875182203808	2.158475080203498	2.1834719204620243	2.2657518481313854	2.161579242551049	2.256453408103109	0.23402283779095256	-0.18226828971400238
VUILD106MA_150_25_41	VUILD106MA	VUILD106	fold_3	epithelial_transitional	PF_ONLY	2.46947147759045	2.218784186782372	2.3489384746841204	2.47473368357641	2.413845696560534	2.428650588223648	2.5006221563355795	2.146930192368335	2.253010319291362	2.307751842189026	2.2163385635568167	2.2713587395027823	-0.005262205985960389	-0.10027165067227123
VUILD106MA_150_26_11	VUILD106MA	VUILD106	fold_3	epithelial_transitional	PF_ONLY	1.36191291016622	2.7334526684491314	2.5992228133976516	2.514005695902883	2.4608020083412243	2.547468760882234	2.1075396447624626	2.4915374363611593	2.505983479274947	2.52085034430776	2.5108513463808526	2.541260846953922	-1.152092785736663	-0.1504440926710889
VUILD106MA_150_26_26	VUILD106MA	VUILD106	fold_3	epithelial_transitional	PF_ONLY	2.48635242424819	2.4750691499452557	2.392282665178053	2.349906921091271	2.0237857742557344	2.0036554077507196	2.1291600423920607	2.3183641188337125	1.9641628532098414	1.7374888863755773	1.9857103747217286	1.744323948327146	0.13644550315691895	-0.3769633674177538
VUILD106MA_150_26_27	VUILD106MA	VUILD106	fold_3	epithelial_transitional	PF_ONLY	2.63642728998538	2.4578435820449975	2.4804297046283663	2.447090659769533	2.1520198282488185	2.175505184779313	2.0744700919894674	2.306819230998549	2.0927311671196387	1.974801055519483	2.0784232052924403	1.9740562714449537	0.189336630215847	-0.25912668643802106
VUILD106MA_150_26_28	VUILD106MA	VUILD106	fold_3	epithelial_transitional	PF_ONLY	2.72065912834471	2.4406180141447393	2.448191130693561	2.4569736151130437	2.090083303009042	2.1349325234538714	2.19079672428088	2.295274343163386	1.7678715593467573	1.925274927503087	1.7391114213357668	1.9086462539876135	0.2636855132316662	-0.317480920957279
VUILD106MA_150_26_29	VUILD106MA	VUILD106	fold_3	epithelial_transitional	PF_ONLY	2.92701067472617	2.4233924462444807	2.3854570161958404	2.4030628803669654	1.9859778414170708	1.9631923087986494	2.1659432172201	2.2837294553282232	1.8874109650081825	1.8031912402403436	1.8751572816981115	1.799433126266314	0.5239477943592048	-0.3688685579372363
VUILD106MA_150_26_30	VUILD106MA	VUILD106	fold_3	epithelial_transitional	PF_ONLY	3.34162685575551	2.4061668783442225	2.5146929930761863	2.568630496884926	2.286290337711723	2.3935306321823173	2.2643521686714547	2.27218456749306	2.436969573381637	2.2600194383374257	2.373990993900821	2.215626962459201	0.7729963588705844	-0.24368982045369306
VUILD106MA_150_26_32	VUILD106MA	VUILD106	fold_3	epithelial_transitional	PF_ONLY	2.98116053210416	2.3717157425437057	2.4098457337578587	2.4945399035814697	2.091972049258467	2.0812241087666656	2.1728153708278986	2.249094791822734	2.2815673281178084	2.2634727685631395	2.243129972113955	2.2128830100220567	0.48662062852269017	-0.32936690691567483
VUILD106MA_150_26_33	VUILD106MA	VUILD106	fold_3	epithelial_transitional	PF_ONLY	2.48470006165737	2.3544901746434475	2.4105589761903943	2.2764425041094514	2.079255657465704	2.0207713387859254	1.9585888508023876	2.2375499039875706	1.876022862276089	2.1386501114298504	1.9202157447427153	2.163454486039219	0.20825755754791864	-0.33939056337316864
VUILD106MA_150_26_37	VUILD106MA	VUILD106	fold_3	epithelial_transitional	PF_ONLY	2.81061341536798	2.2855879030424138	2.315964534025591	2.295980054555862	2.289082799640467	2.152441803692553	2.3057227133468605	2.191370352646918	2.2558436481653197	2.2578372025296614	2.2963108696029653	2.28838499975255	0.5146333608121179	-0.1669730695781384
VUILD106MA_150_26_38	VUILD106MA	VUILD106	fold_3	epithelial_transitional	PF_ONLY	1.97256234155716	2.2683623351421556	2.3587712050651106	2.354745978253155	2.190582079299106	2.1974207433139625	2.292379806735696	2.179825464811755	2.0505316444137356	2.200659077858343	2.043846879702511	2.195460406801003	-0.38218363669599476	-0.24619095062265559
VUILD106MA_150_26_39	VUILD106MA	VUILD106	fold_3	epithelial_transitional	PF_ONLY	3.10888999182511	2.2511367672418974	2.3685943683252666	2.38148026037723	2.468187312732082	2.5012787693715013	2.4122708002663145	2.168280576976592	2.331747984395981	2.4700301790116805	2.3225179026302376	2.4590533159562673	0.7274097314478802	-0.11490362905323823
VUILD106MA_150_26_40	VUILD106MA	VUILD106	fold_3	epithelial_transitional	PF_ONLY	2.43023879828108	2.2339111993416387	2.3808094929821735	2.4130684502024753	2.264050598547301	2.2288122586143717	2.5017991158347757	2.1567356891414287	2.076148273703722	2.0852378481287337	2.064322751119132	2.068976991313975	0.017170348078604736	-0.20917404845560478
VUILD106MA_150_26_8	VUILD106MA	VUILD106	fold_3	epithelial_transitional	PF_ONLY	1.78748979346778	2.7851293721499064	2.6481868617177606	2.548172471146255	2.534861198004389	2.4029734940100367	2.410237637340077	2.5261720998666486	2.5770379093653015	2.417972019977906	2.6233032642810667	2.4816131473924794	-0.760682677678475	0.006801149208468041
VUILD106MA_150_27_25	VUILD106MA	VUILD106	fold_3	epithelial_transitional	PF_ONLY	2.51484721934629	2.4901961625045224	2.494071331414303	2.4991635809626134	2.3577157431518923	2.4991841398387917	2.053402610555006	2.3281696156068064	2.393889821575393	2.2742156086463843	2.380701823757498	2.2330825486748735	0.0156836383836767	-0.23290586395609109
VUILD106MA_150_27_26	VUILD106MA	VUILD106	fold_3	epithelial_transitional	PF_ONLY	3.1480664344274	2.472970594604264	2.521662093536448	2.5016374719648105	2.2263889125557315	2.2804491261046036	2.117989373752346	2.316624727771643	2.0367719509673967	2.0019000354581395	2.0732917050140967	1.9721778730613326	0.6464289624625894	-0.2664484863664913
VUILD106MA_150_27_27	VUILD106MA	VUILD106	fold_3	epithelial_transitional	PF_ONLY	2.57259265609132	2.4557450267040055	2.5705558540618623	2.678117262379372	2.252749314936049	2.368025601133338	2.267170499137087	2.30507983993648	2.2665584025613112	2.433188790010027	2.1553061006579917	2.3403865233626697	-0.10552460628805171	-0.24347527287992507
VUILD106MA_150_27_28	VUILD106MA	VUILD106	fold_3	epithelial_transitional	PF_ONLY	2.72669919878505	2.4385194588037473	2.6434260075421454	2.693442349668877	2.2067030035586646	2.379883869357326	2.331118648648593	2.2935349521013166	2.3191765190778533	2.2612040466898717	2.219629972889904	2.1817226881055882	0.033256849116173104	-0.32288699568177903
VUILD106MA_150_27_29	VUILD106MA	VUILD106	fold_3	epithelial_transitional	PF_ONLY	2.15189028976564	2.421293890903489	2.428934999915918	2.4960743637613176	2.048353353295341	1.9812828730580574	2.25609378567845	2.2819900642661537	1.9477744877997543	1.8641137837121258	1.9192598918225134	1.8247988355184082	-0.34418407399567785	-0.2989954145665137
VUILD106MA_150_27_30	VUILD106MA	VUILD106	fold_3	epithelial_transitional	PF_ONLY	2.71410201429712	2.4040683230032305	2.4581911261899925	2.4953176569982896	2.1282769880858314	2.1272720909572076	2.183628918764129	2.2704451764309908	1.8538364441946273	1.973343638241532	1.8167529310043065	1.9421111742544193	0.2187843572988304	-0.3172546462917829
VUILD106MA_150_27_31	VUILD106MA	VUILD106	fold_3	epithelial_transitional	PF_ONLY	2.59882971863403	2.3868427551029723	2.5313869284241117	2.5392100687614434	2.259051846644514	2.3647784800594254	2.2383240320319646	2.2589002885958274	2.4657998299058046	2.2908600796255034	2.3921134382174647	2.2462005555481652	0.0596196498725865	-0.22670599871755168
VUILD106MA_150_27_32	VUILD106MA	VUILD106	fold_3	epithelial_transitional	PF_ONLY	2.95282157271424	2.369617187202714	2.283052220333712	2.340157203512048	2.3279769391645315	2.300444113690753	2.2320409308378144	2.2473554007606644	2.1989197695214164	2.26942304684182	2.2256100205305125	2.3177078184237807	0.612664369202192	-0.1976741191957839
VUILD106MA_150_27_33	VUILD106MA	VUILD106	fold_3	epithelial_transitional	PF_ONLY	2.59453431349728	2.3523916193024554	2.4162405871648542	2.3535266960310515	2.061466077392062	2.005892112261284	1.9710560367138172	2.235810512925501	1.9633239342320206	2.2042896264124923	1.9596803513263845	2.2073714042756696	0.24100761746622856	-0.3611433020944006
VUILD106MA_150_27_34	VUILD106MA	VUILD106	fold_3	epithelial_transitional	PF_ONLY	2.34706224752276	2.3351660514021972	2.1789146003609385	2.0507445309198564	1.9527330449755613	1.7412562176025537	2.006270543303185	2.224265625090338	1.7921300252469545	2.0165896289249883	1.9090168566486485	2.146225817706462	0.2963177166029034	-0.3872159120976152
VUILD106MA_150_27_36	VUILD106MA	VUILD106	fold_3	epithelial_transitional	PF_ONLY	2.78461767122801	2.3007149156016804	2.3374559031445457	2.265902842192251	2.418301240393452	2.336581829480028	2.208559877609082	2.2011758494200118	1.9039953002823133	2.0873133071876966	1.9332347763435132	2.145458963362982	0.5187148290357588	-0.1344618598351325
VUILD106MA_150_27_37	VUILD106MA	VUILD106	fold_3	epithelial_transitional	PF_ONLY	2.75957672448565	2.283489347701422	2.4524347710073804	2.415636058290022	2.3767454501780603	2.30850583371414	2.3992011010665686	2.189630961584849	2.444477876337547	2.3647384328534296	2.4433790905839716	2.3724010629188914	0.34394066619562835	-0.09017777193828322
VUILD106MA_150_28_23	VUILD106MA	VUILD106	fold_3	epithelial_transitional	PF_ONLY	3.19318501569383	2.5225487429640476	2.4531955266635266	2.28849051878623	2.5142980848096994	2.6320635017351437	2.246066634185923	2.349520000215063	2.534991799819784	2.4570130465472793	2.58356569646796	2.4899609069527204	0.9046944969076001	-0.08709872880940148
VUILD106MA_150_28_25	VUILD106MA	VUILD106	fold_3	epithelial_transitional	PF_ONLY	3.85479133789486	2.488097607163531	2.794178550456737	2.7109086925510564	2.7011202015241906	2.997205401517504	2.3612313391390027	2.326430224544737	2.8259081855737693	2.516465158218218	2.752207070974553	2.430857685095588	1.1438826453438038	-0.06461736901871444
VUILD106MA_150_28_26	VUILD106MA	VUILD106	fold_3	epithelial_transitional	PF_ONLY	2.90830807848535	2.4708720392632726	2.482945240238503	2.6765017729009597	2.36934539479583	2.5498602109399067	2.209237581718494	2.314885336709574	2.446151951944081	2.5475005774790302	2.34816507794718	2.4580197481187382	0.23180630558439042	-0.13704005474895092
VUILD106MA_150_28_27	VUILD106MA	VUILD106	fold_3	epithelial_transitional	PF_ONLY	2.66727818917695	2.453646471363014	2.611907776215816	2.676318740247786	2.1764548671369206	2.253692476240422	2.224980096222673	2.3033404488744105	2.0818529160585557	2.259613002261852	2.004323060208967	2.1920804771839557	-0.00904055107083579	-0.31989991881349056
VUILD106MA_150_28_30	VUILD106MA	VUILD106	fold_3	epithelial_transitional	PF_ONLY	2.1811211299475	2.401969767662239	2.4478120254586	2.474718712015105	2.1473850463946134	2.0593994071257447	2.5176643423905167	2.268705785368921	1.7798732633242629	2.1748673936846	1.7674674968321598	2.1654463712917966	-0.2935975820676049	-0.2512143695314356
VUILD106MA_150_28_31	VUILD106MA	VUILD106	fold_3	epithelial_transitional	PF_ONLY	2.71211520642717	2.3847441997619803	2.393785602384177	2.4266193573073003	2.211316137049302	2.20048983705829	2.1694760547790044	2.2571608975337583	2.114673501625271	2.1222620164255495	2.1121411089925815	2.1403081646452646	0.2854958491198696	-0.22039271197029284
VUILD106MA_150_28_32	VUILD106MA	VUILD106	fold_3	epithelial_transitional	PF_ONLY	3.136537709228	2.367518631861722	2.4603219161972363	2.478432284261488	2.396770556683237	2.381169774012701	2.4435056979624417	2.245616009698595	2.191493150825836	2.3442055370157737	2.130056278961674	2.337336253688447	0.6581054249665121	-0.11303700956604378
VUILD106MA_150_28_33	VUILD106MA	VUILD106	fold_3	epithelial_transitional	PF_ONLY	2.8970304069022	2.350293063961464	2.553413245816036	2.5326666970631346	2.4259493817016424	2.443609998044864	2.3191735993127915	2.234071121863432	2.5289608196889626	2.3582708841591664	2.472774710341089	2.3259946052074922	0.3643637098390653	-0.09757478336762243
VUILD106MA_150_28_38	VUILD106MA	VUILD106	fold_3	epithelial_transitional	PF_ONLY	3.45114455697191	2.264165224460172	2.408440153784125	2.3912475253607504	2.797351988651447	2.867756050880118	2.507736229842429	2.1763466826876163	2.7074331794873374	2.7756089250036022	2.7683634201856018	2.825717461853065	1.0598970316111598	0.08024307332830133
VUILD106MA_150_29_24	VUILD106MA	VUILD106	fold_3	epithelial_transitional	PF_ONLY	3.11730840050989	2.5032246197227974	2.5259341815401797	2.4299786332774795	2.430469807666268	2.396305236267363	2.2559616575117176	2.3362357213178306	2.1006056409360485	2.1352770316769427	2.1348044216248105	2.176886945744544	0.6873297672324106	-0.18155857283746873
VUILD106MA_150_29_25	VUILD106MA	VUILD106	fold_3	epithelial_transitional	PF_ONLY	3.22321896165068	2.4859990518225388	2.631319593037541	2.7258745437302347	2.3931646410997303	2.6301342197584225	2.2451724888071714	2.3246908334826673	2.712180762981577	2.522048822467005	2.5578522239681463	2.403636640973586	0.49734441792044537	-0.1316226884705855
VUILD106MA_150_29_26	VUILD106MA	VUILD106	fold_3	epithelial_transitional	PF_ONLY	3.2329815880818	2.4687734839222806	2.5619906519842353	2.5484115549834216	2.588787966936128	2.7831088620669657	2.309368670662737	2.3131459456475043	2.4900290260077664	2.433342489415915	2.4402532818750498	2.3914724443175523	0.6845700330983782	-0.028638762610379828
VUILD106MA_150_29_27	VUILD106MA	VUILD106	fold_3	epithelial_transitional	PF_ONLY	2.99924632292139	2.4515479160220224	2.5159716474412845	2.5469845987351616	2.312130562360378	2.3950604715351336	2.101596522101775	2.3016010578123414	2.0939630409188035	2.203342874886417	2.1144571161152363	2.229095506112903	0.45226172418622834	-0.2632541610725503
VUILD106MA_150_29_28	VUILD106MA	VUILD106	fold_3	epithelial_transitional	PF_ONLY	2.72460636093245	2.4343223481217637	2.4713572620239637	2.519456198054232	2.0257953387146688	1.9721334610923338	2.134611830118525	2.290056169977178	1.897541405710028	1.9943739201280875	1.9250726859714238	1.9853489845394807	0.20515016287821775	-0.4148629560221231
VUILD106MA_150_29_29	VUILD106MA	VUILD106	fold_3	epithelial_transitional	PF_ONLY	2.75184926692511	2.4170967802215055	2.5278312281227473	2.542767570420051	2.316700958794486	2.3670601199231847	2.4014302774108742	2.278511282142015	2.175620154737983	2.3230983958353573	2.1185164607470957	2.260496722800508	0.2090816965050588	-0.17794041154992093
VUILD106MA_150_29_30	VUILD106MA	VUILD106	fold_3	epithelial_transitional	PF_ONLY	2.40263294336657	2.399871212321247	2.423752488212388	2.452017201556937	2.2194339320982217	2.133596321903975	2.4002927886065812	2.266966394306852	2.0662771003661984	2.2345581689682854	2.057007387679154	2.2374481264147676	-0.04938425819036718	-0.20439623068297588
VUILD106MA_150_29_31	VUILD106MA	VUILD106	fold_3	epithelial_transitional	PF_ONLY	2.40664131036412	2.3826456444209887	2.4285800454115973	2.40694560839174	2.1764701551989067	2.1627140515329435	2.1078347963112836	2.2554215064716887	1.8661260384279126	2.0008082431111642	1.8417450601519512	1.9986964661327562	-0.000304298027619776	-0.27194757214687293
VUILD106MA_150_29_33	VUILD106MA	VUILD106	fold_3	epithelial_transitional	PF_ONLY	3.60062311565153	2.348194508620472	2.6401483174035985	2.6855670303033343	2.4591557341693577	2.6510631602807733	2.2343844680767675	2.2323317308013624	2.4076610054070597	2.3537099520704188	2.277277177994151	2.238194302093991	0.9150560853481955	-0.12905048798503363
VUILD106MA_150_29_34	VUILD106MA	VUILD106	fold_3	epithelial_transitional	PF_ONLY	2.97678856595865	2.3309689407202137	2.4352259581937474	2.5430778649022807	2.4010477402044965	2.3941044390017647	2.310532933334705	2.2207868429661994	2.098784002876837	2.2102414149980762	2.1146645493330647	2.1925739622917333	0.43371070105636944	-0.1150646736856577
VUILD106MA_150_2_29	VUILD106MA	VUILD106	fold_3	epithelial_transitional	PF_ONLY	2.3669520557221	2.4737577744282837	2.559682380580578	2.5788105981405747	2.0294395767471323	1.9064255485408035	2.471277548412418	2.3254748408178876	1.885820670044529	2.09035634474512	1.8342637400127524	2.0225482098479723	-0.21185854241847446	-0.3708856580248352
VUILD106MA_150_30_24	VUILD106MA	VUILD106	fold_3	epithelial_transitional	PF_ONLY	3.18766885031299	2.5011260643818054	2.405165456087738	2.4256003954085648	2.513173809982157	2.445593484010289	2.1971679779757127	2.334496330255761	2.235089675780496	2.341842624155112	2.290722520098215	2.396448645287352	0.7620684549044254	-0.09775627676117732
VUILD106MA_150_30_25	VUILD106MA	VUILD106	fold_3	epithelial_transitional	PF_ONLY	2.74203491420168	2.483900496481547	2.498090268489962	2.521292807819212	1.9947914290373205	1.976232716627119	2.1285182072605306	2.322951442420598	1.9989568263254562	2.1075537921726126	1.9587334448597544	2.0721754373480397	0.22074210638246816	-0.3802566450884587
VUILD106MA_150_30_26	VUILD106MA	VUILD106	fold_3	epithelial_transitional	PF_ONLY	2.88364433400617	2.4666749285812886	2.399523591867806	2.400853093342875	2.184472418324745	2.2152234384151814	2.060524192374012	2.311406554585435	1.9759349462102713	2.1966943859450265	1.9888008034692142	2.2352881044514747	0.48279124066329526	-0.3050448022936446
VUILD106MA_150_30_27	VUILD106MA	VUILD106	fold_3	epithelial_transitional	PF_ONLY	2.59488314374866	2.4494493606810304	2.322801250195709	2.349670185396696	2.1955254711164267	2.172361634691251	2.191067537612121	2.299861666750272	1.9180964509126504	2.0014558413384615	1.9477787495748409	2.0214237448379646	0.245212958351964	-0.2609745754836815
VUILD106MA_150_30_29	VUILD106MA	VUILD106	fold_3	epithelial_transitional	PF_ONLY	2.74474028492666	2.4149982248805135	2.427328980439975	2.3794656528087934	2.372513046488521	2.38792706330948	2.1721725588899305	2.2767718910799455	1.9321122495398364	2.211584547414192	1.9598709250778659	2.229791836577755	0.36527463211786637	-0.14224045436876995
VUILD106MA_150_30_30	VUILD106MA	VUILD106	fold_3	epithelial_transitional	PF_ONLY	2.73826463688096	2.3977726569802553	2.4414203674864736	2.3560206708800715	2.194569534817529	2.1100824751485083	2.118118071948034	2.2652270032447825	2.063811256939728	2.1673613726851952	2.102120302925119	2.2262985464453076	0.3822439660008885	-0.27625756022772574
VUILD106MA_150_30_31	VUILD106MA	VUILD106	fold_3	epithelial_transitional	PF_ONLY	2.77124318889334	2.3805470890799967	2.356769585329696	2.407054788017853	2.2243791829404533	2.306657751704453	2.1890543393048807	2.253682115409619	2.1254693026310045	2.1989794919203036	2.091957911463234	2.160552871412535	0.364188400875487	-0.2559781580229187
VUILD106MA_150_30_32	VUILD106MA	VUILD106	fold_3	epithelial_transitional	PF_ONLY	3.53351009618116	2.3633215211797385	2.54326584850922	2.5312811647638602	2.539619644009053	2.794541547213681	2.301154164270806	2.242137227574456	2.6315988351886594	2.543534612955654	2.5911005605370203	2.493982186094827	1.0022289314172999	-0.11321726986371777
VUILD106MA_150_30_33	VUILD106MA	VUILD106	fold_3	epithelial_transitional	PF_ONLY	3.56320430831604	2.3460959532794803	2.5651728018454487	2.750470763052554	2.637860644933655	2.7922221394011455	2.269941253088396	2.2305923397392933	2.7389190954989577	2.5922747391803456	2.632158129161402	2.4610219101302944	0.8127335452634861	-0.032316658469274034
VUILD106MA_150_31_24	VUILD106MA	VUILD106	fold_3	epithelial_transitional	PF_ONLY	3.46477518150542	2.499027509040814	2.551869994264806	2.523249131041685	2.74601748330026	2.7425259499458927	2.3045732779762096	2.332756939193692	2.4429849004624913	2.4386357217375414	2.4907889563330907	2.491940436601305	0.941526050463735	0.028882651497151496
VUILD106MA_150_31_30	VUILD106MA	VUILD106	fold_3	epithelial_transitional	PF_ONLY	2.14027287849552	2.3956741016392633	2.2604770127276086	2.153433225872977	2.0214987735522687	1.867600310948849	2.01153418352724	2.263487612182713	2.0290596472581126	1.7265741292249739	2.095604159790244	1.7672640487470654	-0.013160347377457082	-0.36865014468002333
VUILD106MA_150_31_31	VUILD106MA	VUILD106	fold_3	epithelial_transitional	PF_ONLY	2.87487919928184	2.378448533739005	2.3195621686546706	2.1883655144322876	2.2994279395698918	2.2275351116952535	2.2095298370370786	2.25194272434755	2.054851023035668	2.0902896936638897	2.137300317791044	2.1664199877215204	0.6865136848495523	-0.1715995875945591
VUILD106MA_150_31_32	VUILD106MA	VUILD106	fold_3	epithelial_transitional	PF_ONLY	2.74489148401293	2.361222965838747	2.3152693115690712	2.409807150847921	2.4638681766422343	2.6320112029524347	2.2166078727431664	2.240397836512387	2.3132172238828352	2.414444391234014	2.295622380108045	2.3625730989666978	0.3350843331650091	-0.09666773929862649
VUILD106MA_150_31_37	VUILD106MA	VUILD106	fold_3	epithelial_transitional	PF_ONLY	3.26635593161852	2.275095126337455	2.4340741884002903	2.3583676326322283	2.3875525531791992	2.467225811154461	2.421165090950288	2.1826733973365715	2.3256825511110084	2.4355512506381545	2.336240229281299	2.412477960798073	0.9079882989862917	-0.14603550819071506
VUILD106MA_150_32_11	VUILD106MA	VUILD106	fold_3	epithelial_transitional	PF_ONLY	2.47573024540441	2.7208613364031806	2.66867526255607	2.415978686927365	2.6155626441258106	2.5121716131119665	2.3712558276033793	2.481101089988743	2.6191348224056066	2.7360428742471212	2.7635614585134722	2.578454620628582	0.05975155847704494	0.050996280868096655
VUILD106MA_150_32_18	VUILD106MA	VUILD106	fold_3	epithelial_transitional	PF_ONLY	2.29562034201524	2.600282361101372	2.559437672897603	2.63571688800617	2.4014926698433907	2.4865859595249464	2.2842862913514383	2.4002868751426014	2.509965757071951	2.4116187599676935	2.4571591925044163	2.336814197405065	-0.34009654599092976	-0.17460182360871535
VUILD106MA_150_32_19	VUILD106MA	VUILD106	fold_3	epithelial_transitional	PF_ONLY	2.19914822747405	2.5830567932011137	2.6340465297423385	2.5835678612513746	2.327115256792072	2.3278568163470457	2.2824010904326326	2.388741987307438	2.1436259372028252	2.195523915936576	2.0570206184965847	2.130921352698539	-0.3844196337773247	-0.15458872287620792
VUILD106MA_150_32_24	VUILD106MA	VUILD106	fold_3	epithelial_transitional	PF_ONLY	3.78919456687768	2.496928953699822	2.5455957110878265	2.517621789678667	2.512663226742039	2.4657098058161853	2.394861588616156	2.3310175481316224	2.385864268059617	2.291664808995457	2.4095197941786575	2.3436072717307472	1.271572777199013	-0.14273442776930206
VUILD106MA_150_32_25	VUILD106MA	VUILD106	fold_3	epithelial_transitional	PF_ONLY	3.619554956961	2.4797033857995636	2.5773868290326996	2.5799258831577805	2.472091868096859	2.5031017251331567	2.1950963747517624	2.3194726602964595	2.3811479701269462	2.350433080074129	2.3470175994868954	2.316962400246605	1.0396290738032197	-0.11930898567931283
VUILD106MA_150_32_35	VUILD106MA	VUILD106	fold_3	epithelial_transitional	PF_ONLY	3.53403193254897	2.30744770679698	2.4292356742454935	2.40114954910577	2.879483880016631	2.9413254150627353	2.566153394144395	2.2040237819448283	2.820113795336788	2.8658466801003235	2.83644930512626	2.865566576728124	1.1328823834432002	0.20769958620530812
VUILD106MA_150_32_38	VUILD106MA	VUILD106	fold_3	epithelial_transitional	PF_ONLY	3.48552718671982	2.255771003096205	2.32554011759251	2.1924308158527106	2.4241756312828704	2.2929832010822744	2.1766931144764943	2.169389118439339	2.285206671762886	2.359736807278953	2.400348948472735	2.455394441725857	1.2930963708671093	-0.1009841095523059
VUILD106MA_150_33_23	VUILD106MA	VUILD106	fold_3	epithelial_transitional	PF_ONLY	2.51125238311648	2.5120559662590884	2.4731191906869237	2.438769002666786	2.1209948168835453	2.1521408188300857	2.2049439561903337	2.3408230449047163	2.048639168513059	1.8879918864206306	2.048244708792223	1.8672158835999713	0.07248338044969405	-0.3391582517795214
VUILD106MA_150_33_25	VUILD106MA	VUILD106	fold_3	epithelial_transitional	PF_ONLY	3.75434540648925	2.4776048304585716	2.5659054229215053	2.6382609585453736	2.502223539336306	2.6336608011267737	2.2176706200998124	2.31773326923439	2.450780334614359	2.5271786212359455	2.37679008340318	2.459249652082612	1.1160844479438765	-0.08788884506704978
VUILD106MA_150_33_31	VUILD106MA	VUILD106	fold_3	epithelial_transitional	PF_ONLY	2.27382187721334	2.3742514230570215	2.389641908705683	2.2778447523400054	2.2097399533668862	2.2209823748712476	2.256717582468727	2.2484639422234114	2.051159010532204	2.182109765477494	2.0762339762347906	2.185623890591468	-0.004022875126665326	-0.2743907212203929
VUILD106MA_150_6_33	VUILD106MA	VUILD106	fold_3	epithelial_transitional	PF_ONLY	3.14941661869596	2.3964612814632833	2.5110857305881287	2.4893350150397398	2.175790491973164	2.115719598543409	2.474945090431739	2.272337725228958	2.222398862794075	2.224621543736509	2.1656021417718385	2.1621588245051746	0.66008160365622	-0.2513973025816274
VUILD106MA_150_6_37	VUILD106MA	VUILD106	fold_3	epithelial_transitional	PF_ONLY	2.8196312470427	2.3275590098622496	2.3791374603143964	2.3688700166689065	2.2051434618980283	2.1603392466507927	2.5195356522418906	2.2261581738883054	1.9194849903373126	2.009581867915389	1.9131884939686907	2.0054748020828366	0.45076123037379334	-0.2917166143712635
VUILD106MA_150_7_37	VUILD106MA	VUILD106	fold_3	epithelial_transitional	PF_ONLY	2.73965691746521	2.325460454521258	2.340450609408866	2.2690027791126544	2.163913810641315	2.0599294142558295	2.565933222543807	2.224418782826236	2.1351721884508343	2.175471521854176	2.1222256108243225	2.202990204754924	0.47065413835255576	-0.30399080013735535
VUILD106MA_150_9_33	VUILD106MA	VUILD106	fold_3	epithelial_transitional	PF_ONLY	3.45293867928655	2.3901656154403077	2.480550792507453	2.490901307432704	2.505202608052613	2.5481231810672726	2.5068311260854674	2.26711955204275	2.5216614536171345	2.4211158386426908	2.4435005458251737	2.367666342100373	0.962037371853846	-0.09726741744068709
VUILD106MA_150_9_34	VUILD106MA	VUILD106	fold_3	epithelial_transitional	PF_ONLY	3.08243550949769	2.3729400475400495	2.510452366560491	2.4532144432580445	2.7019650976357257	2.777771046712024	2.5212060539612455	2.2555746642075865	2.887438407639311	2.991403844191291	2.8675207686287933	2.9582766676200034	0.6292210662396456	0.012284976368219007
VUILD48LA2_150_10_10	VUILD48LA2	VUILD48	fold_3	epithelial_transitional	PF_ONLY	1.75114316555976	2.661827177398132	2.567344765017897	2.6028763950625833	2.6422912645886885	2.6679134610297437	2.6229243709942742	2.6306363213190505	2.6751512862861664	2.817067587994797	2.6688547361199415	2.813573661732371	-0.8517332295028233	0.011751380098045352
VUILD48LA2_150_10_15	VUILD48LA2	VUILD48	fold_3	epithelial_transitional	PF_ONLY	2.04191913530473	2.5243354935106486	2.473683157872569	2.453094622774558	2.5942447713511454	2.6229892140842264	2.660625541307755	2.5569449614904864	2.3296819474421993	2.5015887586873786	2.33545232537309	2.518646246338715	-0.4111754874698277	-0.005789185589235524
VUILD48LA2_150_10_23	VUILD48LA2	VUILD48	fold_3	epithelial_transitional	PF_ONLY	2.23653911280661	2.3043487992906737	2.5789747504806795	2.6935960361731612	2.5406419177925437	2.617034294821459	2.6764082109932468	2.4390387857647835	2.522980000587593	2.8024753798958257	2.4154113317697927	2.7259520227796403	-0.45705692336655135	-0.03664354331391351
VUILD48LA2_150_10_7	VUILD48LA2	VUILD48	fold_3	epithelial_transitional	PF_ONLY	1.78355004390568	2.7443221877306225	2.585097537026231	2.5188363471033264	2.4091978322177314	2.354938602330081	2.478277636307093	2.674851137216189	2.3229554077006207	2.4261908244886974	2.349646075147403	2.480379928641349	-0.7352863031976464	-0.13056017440102247
VUILD48LA2_150_10_9	VUILD48LA2	VUILD48	fold_3	epithelial_transitional	PF_ONLY	1.67463469743892	2.689325514175629	2.525534080176122	2.4712371179237795	2.2117034845243504	2.1253693610269506	2.484042279852552	2.6453745932847634	2.194896626923293	1.9316869206214013	2.2004587217333924	1.941919420860345	-0.7966024204848596	-0.27854083885434444
VUILD48LA2_150_11_10	VUILD48LA2	VUILD48	fold_3	epithelial_transitional	PF_ONLY	2.48288773706528	2.6583415867051285	2.6716887365466127	2.6388099279526376	2.704109478125545	2.7956012436329	2.7297409148392457	2.628694931207686	2.293777860448368	2.6706075171767147	2.2992165342352866	2.6923527695227403	-0.15592219088735737	-0.0338017194464668
VUILD48LA2_150_11_19	VUILD48LA2	VUILD48	fold_3	epithelial_transitional	PF_ONLY	2.05556867265882	2.4108565557076576	2.4986900418272247	2.5251373790756184	2.465479111393895	2.4514303686815264	2.5480667608334557	2.4960504835162705	2.367319654693764	2.302218481730263	2.329368498343018	2.2967304357940432	-0.4695687064167986	-0.066314065062622
VUILD48LA2_150_11_20	VUILD48LA2	VUILD48	fold_3	epithelial_transitional	PF_ONLY	2.36719583172358	2.3833582189301605	2.4249196706207603	2.501333459093118	2.7008492754547127	2.6981123309557318	2.5709528318310877	2.4813122115505575	2.37393949195587	2.639313188735816	2.3637243754477244	2.6351879993934326	-0.13413762736953805	0.08452526282355863
VUILD48LA2_150_11_21	VUILD48LA2	VUILD48	fold_3	epithelial_transitional	PF_ONLY	3.17658851755904	2.3558598821526635	2.4841698292626107	2.4510838798028005	2.6295460594835682	2.665373097319007	2.76680464942481	2.466573939584845	2.5953831774514184	2.6289689514297025	2.5748176902081577	2.6513843439843545	0.7255046377562393	-0.014821988269661978
VUILD48LA2_150_11_22	VUILD48LA2	VUILD48	fold_3	epithelial_transitional	PF_ONLY	2.40676243804806	2.328361545375167	2.394020351438612	2.4383060492991304	2.678666395390338	2.736323246947787	2.657976888492063	2.451835667619132	2.4484034555829965	2.522776778802233	2.4487332994790445	2.5521600686259935	-0.0315436112510703	0.004004319920757204
VUILD48LA2_150_11_4	VUILD48LA2	VUILD48	fold_3	epithelial_transitional	PF_ONLY	1.96378977017694	2.8233316073701094	2.633194545318279	2.5084652731253927	2.6308581938689204	2.641437813812302	2.6632267436882158	2.717124563001963	2.656868881319773	2.468441726137009	2.7150991764257313	2.489704304528195	-0.5446755029484527	0.03504190502396742
VUILD48LA2_150_11_8	VUILD48LA2	VUILD48	fold_3	epithelial_transitional	PF_ONLY	1.57886620556914	2.713338260260122	2.4918622200178255	2.443004317083572	2.718671128295848	2.710863301029435	2.526529538023954	2.6581714751391115	2.5364492933969474	2.3448292557460455	2.5987410695072914	2.3997599520128583	-0.864138111514432	0.12537290314759827
VUILD48LA2_150_11_9	VUILD48LA2	VUILD48	fold_3	epithelial_transitional	PF_ONLY	2.72146626549826	2.685839923482625	2.583717811485655	2.5441019717536704	2.6811948890643014	2.668338852370301	2.718192637327986	2.6434332031733985	2.491200652880269	2.5153006250166543	2.5516999952531183	2.586078080652531	0.17736429374458984	-0.013839314993599689
VUILD48LA2_150_12_11	VUILD48LA2	VUILD48	fold_3	epithelial_transitional	PF_ONLY	2.13830190564155	2.627357659234628	2.5146299266166157	2.5136102016704616	2.5440116300769247	2.571261797873861	2.6373355509846355	2.6120152691306084	2.4173504545678326	2.6207517920518395	2.446549565184234	2.6850168719384526	-0.3753082960289116	-0.06769290182583744
VUILD48LA2_150_12_12	VUILD48LA2	VUILD48	fold_3	epithelial_transitional	PF_ONLY	1.71451838262527	2.599859322457131	2.5876108231386863	2.6205790269166065	2.3881229362069307	2.3801164411706344	2.5209076372947705	2.5972769971648955	2.2775157635167065	2.434106491493259	2.221811993435226	2.39396270619942	-0.9060606442913366	-0.1282981149052816
VUILD48LA2_150_12_16	VUILD48LA2	VUILD48	fold_3	epithelial_transitional	PF_ONLY	2.36687140211285	2.4898659753471444	2.50751214966762	2.537648541699781	2.852711856016297	2.870696945685577	1.9740165910869902	2.5383239093020444	3.0065691469779203	2.815635397698662	2.921576902248276	2.733740698717418	-0.17077713958693108	0.22211478941167606
VUILD48LA2_150_12_17	VUILD48LA2	VUILD48	fold_3	epithelial_transitional	PF_ONLY	2.50628192101456	2.462367638569648	2.514712779014556	2.5694482980306934	2.619686116609127	2.6877695878822907	2.685471365056039	2.5235856373363315	2.685541456852686	2.7489195147088616	2.6505645918167695	2.736869891620899	-0.06316637701613326	0.03169795185271351
VUILD48LA2_150_12_18	VUILD48LA2	VUILD48	fold_3	epithelial_transitional	PF_ONLY	1.77862475341371	2.4348693017921508	2.5354157796954646	2.5339616648416117	2.7618153404710557	2.8590100256849977	2.667136438740327	2.5088473653706185	2.6204827459385225	2.640636062723974	2.598333351741331	2.6307792125674685	-0.7553369114279016	0.11333889680785561
VUILD48LA2_150_12_19	VUILD48LA2	VUILD48	fold_3	epithelial_transitional	PF_ONLY	2.37504892494761	2.4073709650146538	2.5015765553945277	2.5644980954705443	2.6602246636898736	2.6887223580848	2.6764718355607884	2.494109093404906	2.4653820362414685	2.7476553050671257	2.414647637954207	2.709473954332549	-0.1894491705229342	0.045155508426363164
VUILD48LA2_150_12_21	VUILD48LA2	VUILD48	fold_3	epithelial_transitional	PF_ONLY	3.04095813113129	2.35237429145966	2.4683877531892966	2.489518755669478	2.4587406889795203	2.507816209358937	2.6577645197378508	2.46463254947348	2.3957001140980947	2.26426006511036	2.3721046602650673	2.2576839881003483	0.5514393754618121	-0.1367780077520043
VUILD48LA2_150_12_23	VUILD48LA2	VUILD48	fold_3	epithelial_transitional	PF_ONLY	2.10547818949475	2.2973776179046665	2.4572536363344613	2.384718457609942	2.2720215908496306	2.281371552152936	2.58436893285901	2.4351560055420545	2.4414695341007966	2.32097531227683	2.4400157746011963	2.2974322269491014	-0.279240268115192	-0.18942041591583222
VUILD48LA2_150_12_7	VUILD48LA2	VUILD48	fold_3	epithelial_transitional	PF_ONLY	1.90562525890798	2.7373510063446154	2.647156824400214	2.691009336631429	2.501933704930664	2.5000698126787264	2.4904947976825085	2.67096835699346	2.3642098082204996	2.437559500212137	2.3614509078050205	2.4468679090208205	-0.7853840777234491	-0.0539002319045115
VUILD48LA2_150_13_13	VUILD48LA2	VUILD48	fold_3	epithelial_transitional	PF_ONLY	2.36766728101249	2.5688753949866316	2.416821564341606	2.4125361672449483	2.522144135735066	2.4324499984515735	2.517786266830763	2.5805973350878184	2.463503093692583	2.4038981708450438	2.5308918068655415	2.486549333334654	-0.044868886232458216	0.00034511540676704366
VUILD48LA2_150_13_16	VUILD48LA2	VUILD48	fold_3	epithelial_transitional	PF_ONLY	2.63621791460455	2.486380384654141	2.5868857751804772	2.593863553476477	2.570284129608306	2.670312553542945	1.9784261375711283	2.53638251919068	2.648535543348424	2.778913312574088	2.5625320438631904	2.698093369081131	0.042354361128073226	4.302098524817076e-05
VUILD48LA2_150_13_18	VUILD48LA2	VUILD48	fold_3	epithelial_transitional	PF_ONLY	2.10196931227227	2.4313837110991474	2.5126426555362644	2.655726886335965	2.6793480143177155	2.8249551203613246	2.450995152934013	2.506905975259254	2.5924276444737755	2.8050039100593835	2.4851271777717403	2.6977339449140176	-0.5537575740636953	0.08900915543637124
VUILD48LA2_150_13_5	VUILD48LA2	VUILD48	fold_3	epithelial_transitional	PF_ONLY	1.87870500470875	2.7888620892066056	2.5338896573385266	2.915147592726983	2.248992245497305	2.323414468365489	2.6638394213973218	2.698503510813521	2.5618676727402265	2.7391663615084925	2.4098717362041757	2.6281645073806525	-1.0364425880182333	-0.23465937780450372
VUILD48LA2_150_14_13	VUILD48LA2	VUILD48	fold_3	epithelial_transitional	PF_ONLY	2.67805543142822	2.565389804293628	2.557317702630583	2.5148550069187583	2.7711364743550098	2.731094523420518	2.7602672066067555	2.578655944976454	2.7272501524506065	2.6354432232369724	2.7310262148460867	2.6583144145943582	0.1632004245094616	0.11517155432928063
VUILD48LA2_150_14_17	VUILD48LA2	VUILD48	fold_3	epithelial_transitional	PF_ONLY	2.24286082601329	2.4553964571836406	2.497283946907983	2.6290854028655692	2.437915104048085	2.5026913266676183	2.5546863075595505	2.5197028571136024	2.713020777978379	2.6535612689286934	2.5901225407352646	2.5767700033405116	-0.3862245768522792	-0.05301285485538651
VUILD48LA2_150_14_21	VUILD48LA2	VUILD48	fold_3	epithelial_transitional	PF_ONLY	2.46121902657307	2.345403110073653	2.424025972891473	2.428218465379636	2.49041623437918	2.5241296494073002	2.713103770303658	2.460749769250751	2.6157373101171566	2.6094135669204745	2.6177630930771616	2.61630417667315	0.033000561193433864	-0.08949050141604226
VUILD48LA2_150_14_5	VUILD48LA2	VUILD48	fold_3	epithelial_transitional	PF_ONLY	2.15041088010081	2.7853764985136023	2.6196011175157516	2.580545218686813	2.63924873261881	2.6557147152566216	2.634017089975258	2.696562120702156	2.766976417279258	2.8336870554971805	2.819880323441104	2.9001368595881027	-0.43013433858600303	0.017149246293032782
VUILD48LA2_150_14_9	VUILD48LA2	VUILD48	fold_3	epithelial_transitional	PF_ONLY	2.34059189524982	2.6753831514036146	2.696928576145289	2.6198805735703683	2.803493774309779	2.9001315450995335	2.667886492543949	2.637609032839305	2.746968741714496	2.906933011026315	2.7264141226117906	2.911914379374498	-0.2792886783205484	0.11375772020700452
VUILD48LA2_150_15_13	VUILD48LA2	VUILD48	fold_3	epithelial_transitional	PF_ONLY	3.1244643173314	2.5619042136006245	2.476416595099959	2.480981586357124	2.7473865391457046	2.7160663050666223	2.6204550535369875	2.576714554865089	2.5438656362337797	2.6564111659161704	2.609621473587865	2.7787528377406323	0.6434827309742759	0.07027425569448245
VUILD48LA2_150_15_14	VUILD48LA2	VUILD48	fold_3	epithelial_transitional	PF_ONLY	2.40452117071009	2.5344058768231275	2.5315214004701385	2.477309224027235	2.747842380539447	2.7201547805646715	2.669548640071783	2.5619762828993764	2.542720478461831	2.6362186955579063	2.5884358473156874	2.6974705390997604	-0.072788053317145	0.06106185786576285
VUILD48LA2_150_15_21	VUILD48LA2	VUILD48	fold_3	epithelial_transitional	PF_ONLY	2.23736719664753	2.3419175193806496	2.438844399409434	2.5497073361745866	2.6543838721885327	2.7650318294288816	2.7189369360372395	2.4588083791393864	2.5997198961166124	2.7215668575721725	2.56430543542332	2.7062505511563186	-0.3123401395270564	0.009345317593754864
VUILD48LA2_150_15_4	VUILD48LA2	VUILD48	fold_3	epithelial_transitional	PF_ONLY	2.2116071680006	2.8093892445980955	2.681445599607264	2.6797311041132685	2.61319633448014	2.54979465821679	2.7077395836320277	2.7093590025565044	2.615579966575198	2.572155415345815	2.5749268541266392	2.549367486360608	-0.46812393611266856	0.04267432098573961
VUILD48LA2_150_15_6	VUILD48LA2	VUILD48	fold_3	epithelial_transitional	PF_ONLY	2.25989917298085	2.754392571043102	2.5382521139546026	2.4749429540231653	2.568736823740599	2.536414534804293	2.3976705043471664	2.679882458625079	2.551621675273825	2.533969120678923	2.635073687389127	2.6201550616555003	-0.21504378104231536	-0.052463378698052336
VUILD48LA2_150_15_9	VUILD48LA2	VUILD48	fold_3	epithelial_transitional	PF_ONLY	2.38244538431828	2.6718975607106112	2.6983979456538862	2.6024378000777797	2.4611655369878416	2.4385994309736807	2.6234646025815653	2.6356676427279404	2.505256346973048	2.7634048927687407	2.500818216723409	2.7691906686384193	-0.21999241575949968	-0.1387600835609079
VUILD48LA2_150_16_10	VUILD48LA2	VUILD48	fold_3	epithelial_transitional	PF_ONLY	2.07161695003249	2.640913633240111	2.556423729838385	2.5020511163716783	2.6920535930521887	2.6490504075934123	2.711028351417111	2.618987980650863	2.498487406468389	2.597312148962464	2.5633105813633814	2.6929421394289887	-0.4304341663391882	0.020413088151657377
VUILD48LA2_150_16_21	VUILD48LA2	VUILD48	fold_3	epithelial_transitional	PF_ONLY	2.40629640727792	2.338431928687646	2.3994538047729304	2.499124393016785	2.503251201659358	2.4439478615402495	2.656060605250798	2.456866989028022	2.364773575743339	2.3515794779810237	2.3559618335935344	2.3476686108835634	-0.09282798573886497	-0.07165938848555482
VUILD48LA2_150_17_10	VUILD48LA2	VUILD48	fold_3	epithelial_transitional	PF_ONLY	2.18662288305653	2.637428042547107	2.5029021167940138	2.476069047820978	2.6535124823046394	2.529009358537086	2.7440844859045557	2.6170465905394984	2.295387916369252	2.7165447432712497	2.3559834945564924	2.8172414684165155	-0.2894461647644482	0.01953192057625406
VUILD48LA2_150_17_9	VUILD48LA2	VUILD48	fold_3	epithelial_transitional	PF_ONLY	1.99171488892454	2.664926379324604	2.5263811432988788	2.3817298626438355	2.5147466538500347	2.4027218493393767	2.695203814422254	2.631784862505211	2.22437677080922	2.294903035840361	2.3035158490274488	2.409099008499949	-0.3900149737192955	-0.12595817424120773
VUILD48LA2_150_18_13	VUILD48LA2	VUILD48	fold_3	epithelial_transitional	PF_ONLY	2.3771523096594	2.551447441521614	2.510658087961218	2.481698348137901	2.6418378386041326	2.571541867061075	2.6826610583622728	2.5708903845309954	2.7438520187703457	2.382251520495183	2.7828011588475596	2.418934989434406	-0.10454603847850086	0.04157368891940909
VUILD48LA2_150_18_16	VUILD48LA2	VUILD48	fold_3	epithelial_transitional	PF_ONLY	2.11040792258206	2.4689524311891233	2.3973627078237527	2.3738206168654075	2.663823641698663	2.602431739123931	2.780412302317753	2.526675568633857	2.4490728625563856	2.4707171787875204	2.517715722217342	2.5565186922910352	-0.26341269428334746	-0.004604218244842039
VUILD48LA2_150_18_18	VUILD48LA2	VUILD48	fold_3	epithelial_transitional	PF_ONLY	3.31141827030476	2.4139557576341297	2.5225023232951256	2.427900485314217	2.5581326672936635	2.4751909284959526	2.7224478228885105	2.497199024702431	2.587110991174747	2.6033468596054328	2.6320792888486584	2.6611151624567473	0.8835177849905431	0.02010757569582712
VUILD48LA2_150_20_14	VUILD48LA2	VUILD48	fold_3	epithelial_transitional	PF_ONLY	2.2198104686629	2.5169779233581098	2.5916000531576433	2.6235170891986024	2.6570317500469556	2.7033988387250236	2.790014996761173	2.5522693323425534	2.784349744482494	2.625567508131364	2.7488004047776973	2.5754662114238305	-0.4037066205357025	0.09809497418415364
VUILD48LA2_150_2_11	VUILD48LA2	VUILD48	fold_3	epithelial_transitional	PF_ONLY	2.61048102688939	2.662213566164663	2.587206415214921	2.5835608100591467	2.6890421303713925	2.8822413514056224	2.7353032903628955	2.6314291702442545	2.934034389763464	2.967781669732035	2.9201088073210606	2.9533631998537238	0.02692021683024315	0.0152152071351211
VUILD48LA2_150_3_11	VUILD48LA2	VUILD48	fold_3	epithelial_transitional	PF_ONLY	2.22388519475844	2.6587279754716597	2.5602902074937997	2.540198719798672	2.155877362072793	2.1089989904134208	2.42025704775017	2.62948778013289	2.1350192811946447	2.4375767014297645	2.0904264087574727	2.384651408148016	-0.3163135250402318	-0.29887157259915964
VUILD48LA2_150_3_13	VUILD48LA2	VUILD48	fold_3	epithelial_transitional	PF_ONLY	2.49305566460131	2.6037313019166666	2.5787331586988422	2.534059352945395	2.60673870954639	2.6639596595349526	2.6701818447985173	2.6000112362014645	2.6616715736050356	2.665567139361739	2.675881116265252	2.6986828922397796	-0.04100368834408519	-0.01395276081728633
VUILD48LA2_150_3_9	VUILD48LA2	VUILD48	fold_3	epithelial_transitional	PF_ONLY	2.82288795593385	2.7137246490266533	2.618694841475942	2.5812281413991323	2.5774903118320966	2.6096420170638215	2.6435493979375084	2.6589643240643155	2.3660738068184783	2.6394109620757757	2.3661427134560284	2.6545185265270073	0.24165981453471774	-0.01797615471735419
VUILD48LA2_150_4_10	VUILD48LA2	VUILD48	fold_3	epithelial_transitional	PF_ONLY	1.70652746386973	2.682740721556153	2.627992219201976	2.643125366213198	2.517937880869873	2.496314765763858	2.793056004527151	2.642284661987238	2.3465236933034754	2.645470791284952	2.341894242607864	2.6800626099542693	-0.9365979023434678	-0.031441476793655776
VUILD48LA2_150_4_14	VUILD48LA2	VUILD48	fold_3	epithelial_transitional	PF_ONLY	1.65940954543596	2.572747374446166	2.509873235586544	2.527070456764353	2.5158783916421132	2.5774730883714163	2.571249741052054	2.583331574124387	2.3965150302241405	2.6679668499694995	2.4156971928554847	2.6890613476449787	-0.8676609113283931	-0.08235683703459154
VUILD48LA2_150_4_16	VUILD48LA2	VUILD48	fold_3	epithelial_transitional	PF_ONLY	2.146997473301	2.5177507008911726	2.4681782697307804	2.412664806776378	2.8554216749806733	2.848154411075822	2.491020360297436	2.553855030192961	2.9285161946558587	2.8786770815096077	2.9618919285628023	2.9361551220415096	-0.2656673334753781	0.18283993355831316
VUILD48LA2_150_4_20	VUILD48LA2	VUILD48	fold_3	epithelial_transitional	PF_ONLY	3.11758150426166	2.4077573537811854	2.4923591995387597	2.6700700709384613	2.5098128639234494	2.6056017032228813	2.698128635173958	2.49490194233011	2.6780220314683927	2.5791303131234127	2.5902387740532524	2.5300764513706295	0.44751143332319865	-0.07932656765095164
VUILD48LA2_150_4_9	VUILD48LA2	VUILD48	fold_3	epithelial_transitional	PF_ONLY	2.05250184096049	2.71023905833365	2.629682692536942	2.625303027298197	2.5152362467787577	2.6308746205729587	2.6916582023007143	2.657022933952951	2.6894685741336217	2.751654138108109	2.652339732776078	2.7540842099945237	-0.5728011863377072	-0.11855841233957888
VUILD48LA2_150_5_12	VUILD48LA2	VUILD48	fold_3	epithelial_transitional	PF_ONLY	2.40469508888984	2.624258457308156	2.5421785125418874	2.5975716356548135	2.524019354944265	2.5787862826042254	2.658848593377705	2.6108667279444475	2.3843419218356305	2.582419923445285	2.356978408431466	2.5937030493589424	-0.19287654676497334	-0.03876670057033678
VUILD48LA2_150_5_14	VUILD48LA2	VUILD48	fold_3	epithelial_transitional	PF_ONLY	2.8233561491306	2.569261783753163	2.5840951042316096	2.6125703608109627	2.5860251508587795	2.628260197821733	2.660239273480867	2.5813901840130224	2.6660391408353843	2.6581596182270446	2.6437577031260306	2.627184541846745	0.21078578831963712	-0.014771340828596942
VUILD48LA2_150_5_15	VUILD48LA2	VUILD48	fold_3	epithelial_transitional	PF_ONLY	2.80272907410123	2.5417634469756663	2.6073023526576016	2.5697937582198467	2.421997073806737	2.472915039420731	2.645159561182952	2.5666519120473095	2.709686252164679	2.6691909459787833	2.6611300468184633	2.653546819635074	0.23293531588138316	-0.1300517763973763
VUILD48LA2_150_5_21	VUILD48LA2	VUILD48	fold_3	epithelial_transitional	PF_ONLY	2.34547706369155	2.376773426310685	2.6532706383155973	2.736787655268885	2.428241930139244	2.4775861956702356	2.667679244977152	2.4782222802530325	2.6845076331755306	2.4477481723079246	2.5920041285202746	2.3881213674369746	-0.39131059157733494	-0.093472457226372
VUILD48LA2_150_5_7	VUILD48LA2	VUILD48	fold_3	epithelial_transitional	PF_ONLY	2.96883454474206	2.76175014119564	2.7225253444296014	2.734270395306059	2.6328080442934647	2.682000345156937	2.6438670715442236	2.684558087773012	2.5612687668114598	2.7975657904435267	2.5166020737190746	2.771768357795907	0.23456414943600112	0.019481547187733678
VUILD48LA2_150_5_8	VUILD48LA2	VUILD48	fold_3	epithelial_transitional	PF_ONLY	2.40389829870427	2.734251804418143	2.694582800303172	2.664008427460016	2.4770749777204677	2.5183050309252915	2.650911047252247	2.669819815807299	2.6612010025549506	2.6406384995235874	2.6241729584926845	2.609635477376802	-0.26011012875574613	-0.13187915345125678
VUILD48LA2_150_5_9	VUILD48LA2	VUILD48	fold_3	epithelial_transitional	PF_ONLY	1.97217052141393	2.7067534676406466	2.6475531738400235	2.719587069863078	2.386743760235175	2.3989877663042454	2.568344138537171	2.655081543841586	2.631941707291679	2.4592575149627196	2.5192347121443577	2.3743018753452394	-0.7474165484491482	-0.057136505270774386
VUILD48LA2_150_6_15	VUILD48LA2	VUILD48	fold_3	epithelial_transitional	PF_ONLY	2.46347020334858	2.5382778562826624	2.47136832435773	2.484896034079599	2.4613816952803833	2.4915805594570313	2.431635039654281	2.564710521935945	2.433410728787426	2.2687125997615443	2.401045722085817	2.260496595331651	-0.021425830731019335	-0.07886164215901538
VUILD48LA2_150_6_22	VUILD48LA2	VUILD48	fold_3	epithelial_transitional	PF_ONLY	2.57827418071404	2.3457894988401846	2.534663385345737	2.7728665406124517	2.4513222994851764	2.5903401920868685	2.682800013258205	2.461542618175955	2.6236722053471184	2.4873323151661126	2.4549129994254364	2.3582468466756072	-0.19459235989841162	-0.11820498844622507
VUILD48LA2_150_7_11	VUILD48LA2	VUILD48	fold_3	epithelial_transitional	PF_ONLY	2.56945071825615	2.6447856126996454	2.6206737134579536	2.605736286308066	2.5290709848352813	2.6069471260313875	2.6384684526998274	2.6217222196874315	2.8574566512808683	2.9765139386512347	2.849366774716398	2.975088994231378	-0.03628556805191607	-0.02696740702837798
VUILD48LA2_150_7_22	VUILD48LA2	VUILD48	fold_3	epithelial_transitional	PF_ONLY	2.72952607232312	2.342303908147181	2.744900163189034	2.894438419412681	2.5586213820517636	2.8047918935811382	2.661805557173941	2.4596012280645905	2.734560966963335	2.680288278153631	2.484759223063931	2.492950862690273	-0.16491234708956126	-0.06664198897753915
VUILD48LA2_150_7_8	VUILD48LA2	VUILD48	fold_3	epithelial_transitional	PF_ONLY	1.90256543220994	2.727280623032136	2.6270465769204185	2.589737335019859	2.606625357991672	2.686276784225532	2.410081250687398	2.66593703558457	2.749928517995195	2.6240720232900414	2.7413386693583273	2.6325639727396197	-0.687171902809919	0.01158094423095827
VUILD48LA2_150_7_9	VUILD48LA2	VUILD48	fold_3	epithelial_transitional	PF_ONLY	1.787639802596	2.6997822862546395	2.6372675737609437	2.6242758184805384	2.7617982321599213	2.8380185307213655	2.612837499596491	2.651198763618857	2.6233148814186107	2.671859873420236	2.614140969196492	2.670207720269838	-0.8366360158845383	0.09894586967570468
VUILD48LA2_150_8_13	VUILD48LA2	VUILD48	fold_3	epithelial_transitional	PF_ONLY	1.9675349664637	2.5863033484516493	2.5590620426502517	2.5338602070927716	2.444003699306545	2.42588158177981	2.5600803220200996	2.5903042856446414	2.4852570101364924	2.5533411387135034	2.5049808080473355	2.5734720115088345	-0.5663252406290715	-0.10849290473336944
VUILD48LA2_150_8_22	VUILD48LA2	VUILD48	fold_3	epithelial_transitional	PF_ONLY	2.75343468212248	2.3388183174541775	2.598220534497244	2.954232647931568	2.635170726461875	2.8995289026524795	2.6677840565094457	2.4576598379532255	2.8123799768811613	2.8272482034824025	2.533351852312362	2.592699655164331	-0.20079796580908793	-0.02993196153081663
VUILD48LA2_150_8_4	VUILD48LA2	VUILD48	fold_3	epithelial_transitional	PF_ONLY	1.89910308414427	2.8337883794491203	2.6935965072351684	2.6489680547575727	2.4662375981688567	2.53713214745151	2.4121446480378546	2.7229487333360565	2.5731650982965433	2.4150148198118484	2.505304433596291	2.3488922453815104	-0.7498649706133027	-0.11361591333382179
VUILD48LA2_150_8_6	VUILD48LA2	VUILD48	fold_3	epithelial_transitional	PF_ONLY	2.34459623156003	2.7787917058941263	2.6986315169797543	2.6078866493305304	2.7284196680547863	2.7131341582947393	2.640181036475575	2.693472189404631	2.8726349143713583	2.572945208590925	2.90451435654184	2.6597478533612793	-0.26329041777050044	0.07933236800468421
VUILD48LA2_150_9_10	VUILD48LA2	VUILD48	fold_3	epithelial_transitional	PF_ONLY	2.36480168069805	2.6653127680911353	2.6247180052345005	2.535346713652207	2.599633754624997	2.6593294480631613	2.6498224014771554	2.632577711430415	2.4250934702929174	2.634717646293012	2.440168773344229	2.6833467896418663	-0.17054503295415735	-0.09219269315552234
VUILD48LA2_150_9_11	VUILD48LA2	VUILD48	fold_3	epithelial_transitional	PF_ONLY	2.24982574622644	2.6378144313136387	2.5170595419574444	2.523480721356959	2.5336510947868613	2.5570322924310953	2.6562724969344895	2.617839439464702	2.6292658590356583	2.842807764815542	2.6550837606262134	2.8883160875294114	-0.2736549751305186	-0.03503228072617707
VUILD48LA2_150_9_13	VUILD48LA2	VUILD48	fold_3	epithelial_transitional	PF_ONLY	2.76530082546534	2.5828177577586455	2.5175464811226043	2.507967606778579	2.6690316191676335	2.665981944564419	2.6342433528410223	2.588362895533277	2.442855012077771	2.560456100533591	2.5129415729884634	2.635806210212488	0.25733321868676073	0.009106184149495919
VUILD48LA2_150_9_14	VUILD48LA2	VUILD48	fold_3	epithelial_transitional	PF_ONLY	2.88691722535221	2.555319420981149	2.511453050164316	2.500023900461668	2.792037277401096	2.9069785702950823	2.7015024797323033	2.573624623567564	2.6216349326626927	2.6868875654540574	2.6950295867151817	2.7602860871327524	0.3868933248905422	0.05914009983067432
VUILD48LA2_150_9_15	VUILD48LA2	VUILD48	fold_3	epithelial_transitional	PF_ONLY	2.97451672941706	2.527821084203652	2.56985565908596	2.53879304749509	2.3037357945862365	2.3863374781528384	2.5077218910487797	2.558886351601851	2.354480869485122	2.2542804764264934	2.2965184301005035	2.2344146839285357	0.43572368192196986	-0.20886541779164008
VUILD48LA2_150_9_22	VUILD48LA2	VUILD48	fold_3	epithelial_transitional	PF_ONLY	1.96312219257917	2.335332726761174	2.5373545765700634	2.6890018955477686	2.6156289416012166	2.7336401522658433	2.646881991406746	2.455718447841861	2.735899983158042	2.5853595238247666	2.6326851048513493	2.4843078986890372	-0.7258797029685986	-0.034887953415966406
VUILD48LA2_150_9_23	VUILD48LA2	VUILD48	fold_3	epithelial_transitional	PF_ONLY	1.9982572898134	2.307834389983677	2.556820067317702	2.7410832440735606	2.419461015257688	2.502199279649018	2.7383285024550093	2.4409801758761485	2.492049646399432	2.5800949570478657	2.3164106066941788	2.436062980627776	-0.7428259542601607	-0.06131804983679004
VUILD48LA2_150_9_4	VUILD48LA2	VUILD48	fold_3	epithelial_transitional	PF_ONLY	1.97311431542036	2.8303027887561165	2.611611616535306	2.5739932723326637	2.5680975437592055	2.5873988967156034	2.1558116777154606	2.721007343224692	2.5891692001780005	2.5093795499795477	2.5054668760228105	2.438058825452257	-0.6008789569123036	0.03111325054466104
VUILD48LA2_150_9_9	VUILD48LA2	VUILD48	fold_3	epithelial_transitional	PF_ONLY	2.08031574601642	2.6928111048686323	2.5242651504575577	2.4612837303498925	2.1538944757854726	2.017256961942137	2.4782283302554253	2.647315983396128	1.9550868942304798	1.9849672740742772	2.001640969468505	2.0304306666123852	-0.38096798433347256	-0.2683967946786686
VUILD91LA_150_10_14	VUILD91LA	VUILD91	fold_3	epithelial_transitional	PF_ONLY	2.26871920044779	2.2821195962381395	2.470179306363424	2.504941599767911	2.55127759004362	2.520381630893496	2.6419637190633036	2.544431772730764	2.503084949422254	2.30810180249733	2.515206952809605	2.3247322369929644	-0.23622239932012112	0.030819448134859977
VUILD91LA_150_10_15	VUILD91LA	VUILD91	fold_3	epithelial_transitional	PF_ONLY	2.95494657296811	2.236519582783499	2.513416632489096	2.5831971450060958	2.642940332855	2.7747475561638093	2.675834902952915	2.5240664290643324	2.767263978673742	2.7118917733620784	2.690347870217261	2.6450561879367656	0.37174942796201416	-0.017425209098650786
VUILD91LA_150_10_16	VUILD91LA	VUILD91	fold_3	epithelial_transitional	PF_ONLY	2.91794493186731	2.190919569328858	2.53338643915008	2.5673135518592978	2.6619348429729626	2.7548069400257864	2.67206172522101	2.5037010853979007	2.810928778935847	2.7376806450080204	2.7680723836977177	2.730144283391489	0.3506313800080121	0.0858257315913071
VUILD91LA_150_11_11	VUILD91LA	VUILD91	fold_3	epithelial_transitional	PF_ONLY	2.95645905315809	2.4147445295060677	2.540933775875073	2.754622169393408	2.703623493342877	2.9211004657337094	2.643777345560873	2.6034859968141224	2.9381477609393203	3.0352037102189797	2.8616919561722143	2.9832019148993516	0.201836883764682	0.0650367818267377
VUILD91LA_150_11_15	VUILD91LA	VUILD91	fold_3	epithelial_transitional	PF_ONLY	3.2935268596329	2.2323444756875035	2.409605403929305	2.4313757843554336	2.7527537388203105	2.7777383783891287	2.6781382473686794	2.5220246221483955	2.769694214468452	2.830285337718261	2.802333675733378	2.8453846747597042	0.8621510752774664	0.07275618693135294
VUILD91LA_150_11_16	VUILD91LA	VUILD91	fold_3	epithelial_transitional	PF_ONLY	2.72882579731045	2.1867444622328627	2.354315136825747	2.3925207511237545	2.583017352848721	2.6590241557406364	2.653813380729552	2.501659278481964	2.514678129710406	2.716301713970157	2.5521712146278843	2.760321507973868	0.33630504618669566	0.021470463429262628
VUILD91LA_150_11_6	VUILD91LA	VUILD91	fold_3	epithelial_transitional	PF_ONLY	2.6177949800976	2.6427445967792726	2.689770071089238	2.7653909021348007	2.6810857359266245	2.909249707857893	2.6466702227527694	2.705312715146281	2.9667801494969304	2.7485535271954538	2.936374606275886	2.723530447223549	-0.14759592203720073	0.009614067266217653
VUILD91LA_150_11_7	VUILD91LA	VUILD91	fold_3	epithelial_transitional	PF_ONLY	3.19618287626169	2.597144583324632	2.7369016462765288	2.7884922041741564	2.69177440910346	2.8393873582563223	2.6992921902136606	2.6849473714798493	3.071964858827805	2.9648304329773936	3.0299982146972084	2.93800627498499	0.40769067208753373	0.006862968611710461
VUILD91LA_150_12_2	VUILD91LA	VUILD91	fold_3	epithelial_transitional	PF_ONLY	3.1109046203739	2.8209695435018416	2.63946474811486	2.6871572876329375	2.464942441744949	2.4340987804811465	2.7081127273723204	2.784732282896071	2.653232166145432	2.8076804106058617	2.7638465897837663	2.8635103577298078	0.42374733274096243	-0.1760482026753204
VUILD91LA_150_13_1	VUILD91LA	VUILD91	fold_3	epithelial_transitional	PF_ONLY	3.16532503261542	2.8623944498604876	2.6687072424268137	2.674498601460908	2.8352328677942826	2.8700449054378985	2.673676126198141	2.803055819646566	2.678326332668161	2.895407143058441	2.7778400244389063	2.9472591916077517	0.49082643115451186	0.08999678844601272
VUILD91LA_150_13_14	VUILD91LA	VUILD91	fold_3	epithelial_transitional	PF_ONLY	2.91159882802508	2.269594274950154	2.5918821124101363	2.7406064210908743	2.7536750851341045	2.9215495540060825	2.7108986624188582	2.5383063519829534	2.930892589195671	2.662123364489222	2.781993389466893	2.532508022924095	0.17099240693420592	0.18192232037614897
VUILD91LA_150_13_3	VUILD91LA	VUILD91	fold_3	epithelial_transitional	PF_ONLY	3.12050689589477	2.7711944229512055	2.658556862948352	2.679568861514057	2.8002536774711975	2.951827574806709	2.7273982958337983	2.7623251323137024	2.996803883728882	2.9181728420483695	3.0467584401823538	2.970687253354515	0.440938034380713	0.0072128333063550265
VUILD91LA_150_13_4	VUILD91LA	VUILD91	fold_3	epithelial_transitional	PF_ONLY	2.85694641049187	2.7255944094965647	2.6079373301889066	2.718236250723934	2.798381520677327	2.9410460343854306	2.708002187874942	2.7419597886472706	2.9822691359946396	2.942275062334047	3.0164558744504957	2.9633471120147283	0.13871015976793588	0.13463294619332566
VUILD91LA_150_14_10	VUILD91LA	VUILD91	fold_3	epithelial_transitional	PF_ONLY	3.08702958372881	2.447819221672723	2.479684225139211	2.5226981476913624	2.9042263678131515	3.040388926099587	2.6968202459527797	2.6177259197327434	2.896926784393721	2.8707591626718347	2.9261528593130093	2.9052436350750663	0.5643314360374476	0.20512038342200264
VUILD91LA_150_15_1	VUILD91LA	VUILD91	fold_3	epithelial_transitional	PF_ONLY	3.34710548192331	2.854044235668497	2.6453803345633538	2.6883565435189323	2.903613113254931	2.956870142885876	2.748597671572583	2.798972205814692	2.9561313326344267	3.05238424799866	3.0432412821789305	3.0919687123731023	0.6587489384043779	0.14780501639859248
VUILD91LA_150_15_10	VUILD91LA	VUILD91	fold_3	epithelial_transitional	PF_ONLY	2.63532729311566	2.4436441145767276	2.404693570375031	2.4654243854983995	2.83808169638878	2.916499531246787	2.6275645514408716	2.6156841128168065	2.7703689717189235	2.992219620719462	2.8395177654606614	3.0691338225294507	0.16990290761726046	0.18952162788923813
VUILD91LA_150_15_2	VUILD91LA	VUILD91	fold_3	epithelial_transitional	PF_ONLY	3.11882486688418	2.808444222213856	2.9556747882760255	3.02182132542365	2.7310737663874156	2.9947874127450875	2.7394359571276015	2.7786068621482602	3.037369484350579	3.188388689679787	2.831562816713396	2.9241383958465565	0.09700354146053014	0.013273970139313758
VUILD91LA_150_16_2	VUILD91LA	VUILD91	fold_3	epithelial_transitional	PF_ONLY	2.99373214777249	2.8042691151178607	2.6890398469975834	2.840532376416127	2.534322730885104	2.5973757528080315	2.7038479464910163	2.7765650552323233	2.7159174403784885	2.7200731881269347	2.716552143131088	2.690295082057438	0.15319977135636265	-0.0816551114008404
VUILD91LA_150_18_9	VUILD91LA	VUILD91	fold_3	epithelial_transitional	PF_ONLY	3.2515875479403	2.476718806743383	2.5759736882379984	2.545038058839782	2.8521752625887045	2.9370160207426066	2.762247472555221	2.629924035735428	2.9226426145658766	3.008295461889556	2.96275514372061	3.0523557542145787	0.7065494891005182	0.07840086240554697
VUILD91LA_150_19_9	VUILD91LA	VUILD91	fold_3	epithelial_transitional	PF_ONLY	3.24867716860733	2.472543699647388	2.5133470974446013	2.5151862063938406	2.9502519783529157	3.05113252134035	2.734829822407507	2.627882228819491	3.026438586230363	2.807750722010133	3.099378114728083	2.8812252191525496	0.7334909622134895	0.151655651850683
VUILD91LA_150_2_11	VUILD91LA	VUILD91	fold_3	epithelial_transitional	PF_ONLY	3.30597536115603	2.452320493370025	2.4897311323868827	2.5352351166664233	2.7915825623024	2.926911705157383	2.699141402594781	2.621862259057554	2.817754528679707	2.9740482796763446	2.8794801129290324	2.9788031416091947	0.7707402444896068	0.0686715233611718
VUILD91LA_150_2_12	VUILD91LA	VUILD91	fold_3	epithelial_transitional	PF_ONLY	4.05527759443752	2.4067204799153843	2.559397270595667	2.8302767985914628	2.9540183865428546	3.3098110417289304	2.665129843112508	2.6014969153911225	2.9385711859120454	3.0065407690186277	2.8199327766510227	2.899473899464814	1.2250007958460571	0.19219285008316425
VUILD91LA_150_3_12	VUILD91LA	VUILD91	fold_3	epithelial_transitional	PF_ONLY	3.37722727691436	2.402545372819389	2.589636838929737	2.616713355980207	3.0053029509627405	3.1400808915066105	2.629851183897748	2.599455108475186	2.916508442356882	2.966843126424333	2.9249219167806317	2.958476620960325	0.7605139209341529	0.25062485620195474
VUILD91LA_150_3_13	VUILD91LA	VUILD91	fold_3	epithelial_transitional	PF_ONLY	4.29814743031956	2.3569453593647482	2.525273071728355	2.7692147234169955	2.7238393168002326	2.8257282127388192	2.6815985168582204	2.5790897648087543	2.665755199489759	3.020932853787576	2.6225896583236237	2.989794853309277	1.5289327069025642	0.031977107001523924
VUILD91LA_150_4_12	VUILD91LA	VUILD91	fold_3	epithelial_transitional	PF_ONLY	3.51738251736057	2.398370265723394	2.493070028845491	2.7924914905712552	2.787376652574306	2.9866737084025736	2.5800901782167505	2.597413301559249	2.9529952127429158	2.9659803932692648	2.846412389744923	2.8961809205276405	0.7248910267893147	0.12901366799701985
VUILD91LA_150_4_13	VUILD91LA	VUILD91	fold_3	epithelial_transitional	PF_ONLY	3.56963058731453	2.352770252268753	2.6330210962769742	2.685728663426526	2.7612860645157946	3.020199121613876	2.5280113313045307	2.5770479578928174	2.8279331850785816	2.7223474197786177	2.731331504013769	2.631220739912968	0.8839019238880041	0.051519833180735004
VUILD91LA_150_4_14	VUILD91LA	VUILD91	fold_3	epithelial_transitional	PF_ONLY	3.7390325442416	2.3071702388141113	2.528069040320857	2.673792530947149	2.8473664803647623	3.096756996763321	2.430521202878568	2.556682614226385	2.7718003958437065	2.7085228648492303	2.692375859838771	2.6243948799356276	1.065240013294451	0.12163031235749913
VUILD91LA_150_4_15	VUILD91LA	VUILD91	fold_3	epithelial_transitional	PF_ONLY	3.61679619625853	2.2615702253594705	2.429196574890184	2.443970757206805	2.672645425048594	2.6628744651267837	2.5140276240552213	2.536317270559954	2.3957163975394398	2.6056566709852467	2.386428084637568	2.587065510748478	1.1728254390517252	0.12090321676868518
VUILD91LA_150_5_10	VUILD91LA	VUILD91	fold_3	epithelial_transitional	PF_ONLY	2.97928237250484	2.4853951855366803	2.578109976583502	2.5915855049065093	2.7916722058948413	2.940999116108535	2.646388806594515	2.636102181976175	2.691756620035202	2.814144139021326	2.6993270803799985	2.854281677543792	0.38769686759833055	0.10846762706262486
VUILD91LA_150_5_11	VUILD91LA	VUILD91	fold_3	epithelial_transitional	PF_ONLY	2.57713775051585	2.4397951720820394	2.4726805676044386	2.681119575851307	2.8038060239480216	3.043185961258632	2.583621665950375	2.615736838309744	2.8882286353581916	2.9533887689576233	2.8591923522731064	2.9154775577422556	-0.10398182533545697	0.08964231498521777
VUILD91LA_150_5_12	VUILD91LA	VUILD91	fold_3	epithelial_transitional	PF_ONLY	3.99455651815238	2.3941951586273986	2.4733328863779493	2.5078576640655523	2.7049144281739252	2.824814700472606	2.6353947156233803	2.595371494643312	2.806002114347612	2.8471036889585295	2.8238256701061846	2.917849435284928	1.4866988540868276	0.010631032261232676
VUILD91LA_150_5_13	VUILD91LA	VUILD91	fold_3	epithelial_transitional	PF_ONLY	3.56249262259962	2.348595145172758	2.5370765655733294	2.764941295267863	2.7302623420101124	2.8726483687380204	2.6970893772364377	2.5750061509768805	2.967152013924713	2.9636745631884347	2.8223391133946527	2.8465902544635853	0.7975513273317572	0.096544092023537
VUILD91LA_150_5_14	VUILD91LA	VUILD91	fold_3	epithelial_transitional	PF_ONLY	3.1987768274704	2.302995131718116	2.6694059508814094	2.7065948946243585	2.342566577540774	2.3703292297813148	2.339616482143852	2.5546408073104483	2.2831257633822317	2.2037457740497226	2.1400547575057622	2.078115783715126	0.4921819328460413	-0.05386720139718365
VUILD91LA_150_5_5	VUILD91LA	VUILD91	fold_3	epithelial_transitional	PF_ONLY	2.55769330758224	2.713395252809886	2.676663792952517	2.642883076164861	2.798432580227772	2.906191320978159	2.6725517416831863	2.7379289003083342	2.914121245148191	2.8095592136907213	2.978231071304469	2.89879477347296	-0.08518976858262084	0.04206841495263253
VUILD91LA_150_6_11	VUILD91LA	VUILD91	fold_3	epithelial_transitional	PF_ONLY	2.93223318239457	2.435620064986044	2.5329433849521465	2.494057986563733	2.925364621886423	3.0977011616962056	2.6395233515640713	2.613695031393807	3.0901604889214545	3.039886679835565	3.126991785774149	3.0672019521578706	0.4381751958308371	0.17445720264208311
VUILD91LA_150_6_14	VUILD91LA	VUILD91	fold_3	epithelial_transitional	PF_ONLY	3.4677126944341	2.298820024622121	2.459355640925873	2.592338585669536	2.682544970036493	2.7640868695117184	2.7648696471619956	2.5525990003945114	2.683481776964627	2.6673591444931937	2.590402212428769	2.561342614667986	0.8753741087645643	0.0914134523243152
VUILD91LA_150_6_15	VUILD91LA	VUILD91	fold_3	epithelial_transitional	PF_ONLY	3.39705229981531	2.25322001116748	2.4650018644161245	2.4247201266437894	2.5660557433128854	2.531133294171842	2.5988555087883936	2.53223365672808	2.371690110374315	2.4349691350296454	2.362832055505707	2.4414093841469597	0.9723321731715204	0.033810946553981105
VUILD91LA_150_6_5	VUILD91LA	VUILD91	fold_3	epithelial_transitional	PF_ONLY	3.17061152710891	2.709220145713891	2.5927275362707536	2.7553458480027917	2.919313821534204	3.0761378992777355	2.6902276571207655	2.7358870933923973	3.010864070964597	3.0233937211487563	3.0433482313442983	3.0626841859440437	0.4152656791061182	0.12852348802945493
VUILD91LA_150_6_6	VUILD91LA	VUILD91	fold_3	epithelial_transitional	PF_ONLY	3.31837297147662	2.663620132259249	2.661862106883253	2.6239669842297015	2.887067910362565	2.9865170630641775	2.6689837461935246	2.715521749725965	2.908763780866032	2.881550312358339	2.971503382972414	2.9988194737325666	0.6944059872469186	0.11251363385800137
VUILD91LA_150_7_11	VUILD91LA	VUILD91	fold_3	epithelial_transitional	PF_ONLY	3.03259091089798	2.431444957890049	2.414520993615166	2.627306765505354	2.5975568472185735	2.6489517256127435	2.573972561088918	2.61165322447787	2.721003947978821	2.6376889612624415	2.7036273585181543	2.6222547512664813	0.4052841453926259	0.037668906426842536
VUILD91LA_150_7_12	VUILD91LA	VUILD91	fold_3	epithelial_transitional	PF_ONLY	2.66729514699806	2.385844944435408	2.4904432267686967	2.4571165500820342	2.5967382921457167	2.6805819427214983	2.6208761230469357	2.5912878808114383	2.864886336481221	2.404176758327184	2.9033189768083925	2.4486363742881605	0.21017859691602592	0.011266571564078232
VUILD91LA_150_7_15	VUILD91LA	VUILD91	fold_3	epithelial_transitional	PF_ONLY	3.64047262689224	2.249044904071485	2.403670149877256	2.427217411821997	2.73354972544262	2.8184958225797647	2.717720323295419	2.530191849812143	2.47805118698793	2.733080905488747	2.488475058731118	2.7000389781376537	1.2132552150702427	0.12961884185854913
VUILD91LA_150_8_10	VUILD91LA	VUILD91	fold_3	epithelial_transitional	PF_ONLY	3.28936356541398	2.4728698642486946	2.617863847172406	2.8356836746086653	2.790497082370535	3.0882985977004145	2.613535056947848	2.629976761228365	3.0612428176262556	3.1953128401524937	2.9558415597392784	3.1124478306355408	0.45367989080531457	0.15673348130241
VUILD91LA_150_8_11	VUILD91LA	VUILD91	fold_3	epithelial_transitional	PF_ONLY	2.88075344631657	2.4272698507940538	2.729299344966276	2.7066463874026976	2.780034941825777	3.009945028260991	2.6716348291860226	2.609611417561933	3.015132338409133	3.1437033106284873	2.9219553612831284	3.0195796116238274	0.17410705891387224	0.1352510079601279
VUILD91LA_150_8_12	VUILD91LA	VUILD91	fold_3	epithelial_transitional	PF_ONLY	3.0965101911445	2.381669837339413	2.4344825621738777	2.574291638054249	2.8138937301358578	2.898847673756923	2.699720746279308	2.5892460738955014	2.8476168153634633	2.8550052401138353	2.818514202698668	2.8505082102121437	0.522218553090251	0.14991091240308954
VUILD91LA_150_8_15	VUILD91LA	VUILD91	fold_3	epithelial_transitional	PF_ONLY	3.68201546446062	2.2448697969754896	2.6055275440544445	2.5859206445164045	2.7174805439700083	2.9530728941565894	2.634935817583683	2.5281500428962063	2.981942672753142	2.9200355749803557	2.840228550704616	2.826113056861021	1.0960948199442155	0.0604761360650542
VUILD91LA_150_9_13	VUILD91LA	VUILD91	fold_3	epithelial_transitional	PF_ONLY	2.76878670600395	2.331894716788777	2.491615954122499	2.5102108740178286	2.639191514657571	2.5706301613657034	2.73999129096569	2.566838923313133	2.7715329460846574	2.7643377058523986	2.8024740748235706	2.800373924489729	0.25857583198612133	0.03572032697805028
VUILD91LA_150_9_15	VUILD91LA	VUILD91	fold_3	epithelial_transitional	PF_ONLY	3.0436091484453	2.2406946898794944	2.5331490100149185	2.650995609226399	2.7399934374900057	2.892334813856324	2.7140448963270907	2.5261082359802693	2.7190405265949886	2.947663082630127	2.6170579447810955	2.84143703318059	0.39261353921890096	0.11856631423024225
VUILD91LA_150_9_16	VUILD91LA	VUILD91	fold_3	epithelial_transitional	PF_ONLY	2.67632538427514	2.195094676424853	2.4357424489444246	2.5818568848417986	2.694438784335555	2.7784180049212166	2.6466517629236463	2.5057428923138376	2.546237994291146	2.554989797318761	2.4726763846564763	2.493354089057085	0.09446849943334135	0.15532117048711802
VUILD91LA_150_9_5	VUILD91LA	VUILD91	fold_3	epithelial_transitional	PF_ONLY	2.78744243492786	2.6966948244259052	2.6827156408024444	2.842323451282611	2.858256780966803	3.0703377546798905	2.741829780838041	2.7297616726445866	3.2188733368039726	3.168122921144721	3.1785155036942925	3.133356738021941	-0.05488101635475129	0.10881818906455157
VUILD91MA_150_0_4	VUILD91MA	VUILD91	fold_3	epithelial_transitional	PF_ONLY	1.77340909279455	2.831021285417389	2.7051525678843076	2.7622627292413733	2.5125036761727335	2.549828989293102	2.6612133839734335	2.7461922279483035	2.534121000834888	2.8259516199928996	2.467936856729191	2.7943001923963084	-0.9888536364468232	-0.05895126217378081
VUILD91MA_150_13_5	VUILD91MA	VUILD91	fold_3	epithelial_transitional	PF_ONLY	4.76145460441737	2.7514092385082254	2.816668809633139	2.8717682445840866	2.8780579623480858	3.0841248116248057	2.7047233332509335	2.704099974614548	2.9590442307693037	2.9752223325467986	2.8721663272929137	2.918933705205139	1.8896863598332834	0.2146736036639417
VUILD91MA_150_14_6	VUILD91MA	VUILD91	fold_3	epithelial_transitional	PF_ONLY	2.9321977880016	2.7136145186342846	2.669295709691767	2.700600831340622	2.5087806737032734	2.3836326378403263	2.5413175585442507	2.6853029810460143	2.4673158559750363	2.2225003589856556	2.475629766802973	2.2562351953741078	0.23159695666097813	0.011509160078724143
VUILD91MA_150_14_7	VUILD91MA	VUILD91	fold_3	epithelial_transitional	PF_ONLY	3.1033945818788	2.6793045760132777	2.6295244306213106	2.7527224389916727	2.7868021625342045	2.8203372614924542	2.6253335686077635	2.668447259124582	2.6571520456465096	2.665257808790586	2.622637666509083	2.6590016270973873	0.35067214288712734	0.10752054997775369
VUILD91MA_150_15_10	VUILD91MA	VUILD91	fold_3	epithelial_transitional	PF_ONLY	3.13619221246346	2.5728899708973234	2.5734590320693482	3.0105607769826186	2.894907435669951	3.0193664377822187	2.6637815872616124	2.6159388217131836	2.8051659698651292	2.920553965628132	2.660913239837804	2.819682783770871	0.12563143548084144	0.21207997782998936
VUILD91MA_150_15_5	VUILD91MA	VUILD91	fold_3	epithelial_transitional	PF_ONLY	3.13968695489234	2.744439684002355	2.759283852421341	2.7867584274944646	2.8477595722897067	2.948291609186041	2.6574077408566543	2.700217431320344	2.717581464914465	2.86302237447291	2.673763284147877	2.860508596279434	0.3529285273978755	0.1842330547185476
VUILD91MA_150_15_6	VUILD91MA	VUILD91	fold_3	epithelial_transitional	PF_ONLY	3.1390527208171	2.7101297413813494	2.679591164870406	2.688062041305701	2.759422933771041	2.728692829980999	2.6422428909631734	2.683361709398912	2.674536117461679	2.630721772346235	2.6707921283871396	2.6176828929065334	0.45099067951139915	0.13982556999791387
VUILD91MA_150_16_10	VUILD91MA	VUILD91	fold_3	epithelial_transitional	PF_ONLY	3.63729566557626	2.5694051936443882	2.8307293771352002	3.09606893828133	2.981649687556385	3.2744153412980364	2.6811740869514975	2.613997550066082	2.816590994996252	3.0492210873818633	2.6005155899404513	2.87084830431999	0.54122672729493	0.23143506533676797
VUILD91MA_150_16_5	VUILD91MA	VUILD91	fold_3	epithelial_transitional	PF_ONLY	2.77191754503825	2.74095490674942	2.6438781986027626	2.7142209882876456	2.855836772200202	2.871969166426287	2.5774982120343255	2.6982761596732425	2.781379729137246	2.6739765006201908	2.803781176998288	2.6644588449302073	0.057696556750604255	0.22352617594390295
VUILD91MA_150_16_6	VUILD91MA	VUILD91	fold_3	epithelial_transitional	PF_ONLY	2.84101757894683	2.7066449641284143	2.5648232016829726	2.59879481077504	2.820022024719869	2.785618054667821	2.659317943572388	2.6814204377518105	2.5143711881943567	2.4044099498914098	2.5599007239993394	2.454311829621318	0.24222276817179011	0.17091187877723693
VUILD91MA_150_17_10	VUILD91MA	VUILD91	fold_3	epithelial_transitional	PF_ONLY	4.55506368131541	2.565920416391453	2.77452347787749	2.9655170571492393	2.8364936967641463	3.0218944773057324	2.742624143631998	2.6120562784189802	2.5295738748921366	2.8561839215596017	2.383978572985734	2.756234368118979	1.5895466241661707	0.10807938171070774
VUILD91MA_150_17_4	VUILD91MA	VUILD91	fold_3	epithelial_transitional	PF_ONLY	3.52925038038981	2.7717800721174917	2.7351867948975124	2.7495687030675136	2.8287000652272	2.904330873639948	2.5228737328168904	2.713190609947573	2.7914872318439583	2.766657585936062	2.790619410330431	2.7891105845340753	0.7796816773222965	0.121382386878921
VUILD91MA_150_17_8	VUILD91MA	VUILD91	fold_3	epithelial_transitional	PF_ONLY	3.41031005708938	2.634540301633466	2.778973920909095	3.22750980862711	2.5954558118789057	2.829887398535523	2.5721871540142316	2.6457677222618443	2.86734059098877	2.7209986519692926	2.6176177376397756	2.49328233667167	0.18280024846226972	0.006841775511349266
VUILD91MA_150_18_3	VUILD91MA	VUILD91	fold_3	epithelial_transitional	PF_ONLY	2.75968083016788	2.8026052374855626	2.6496823189829346	2.7105881164282786	2.464246832444573	2.36003389098259	2.6133695666436827	2.7281050602219032	2.7123729290209857	2.5037485732947764	2.720824309722096	2.524105617066184	0.04909271373960156	-0.10638042580601492
VUILD91MA_150_18_4	VUILD91MA	VUILD91	fold_3	epithelial_transitional	PF_ONLY	3.4256895602566	2.7682952948645565	2.717562398547966	2.864905396016745	2.8052900075318092	2.943853495261391	2.5884958384118435	2.711249338300471	2.7535026582285633	2.8596442196141605	2.7017422983310264	2.8063991438963893	0.560784164239855	0.13358302892252824
VUILD91MA_150_1_4	VUILD91MA	VUILD91	fold_3	epithelial_transitional	PF_ONLY	3.48506283097791	2.827536508164454	2.8478306329612337	2.877093078086291	2.7908348060504595	2.961333815417663	2.608706079062649	2.744250956301202	2.922078868593497	3.008637320067562	2.8327732588313674	2.951476909965708	0.607969752891619	0.07276318566585739
VUILD91MA_150_3_3	VUILD91MA	VUILD91	fold_3	epithelial_transitional	PF_ONLY	2.45710584201844	2.85487689627959	2.815202920071086	2.8678741724898122	2.319467547826344	2.3989871632081075	2.625712177425255	2.75722413492843	2.5274988162860805	2.654563945411247	2.445571564733369	2.583117314064011	-0.41076833047137207	-0.19447403914061956
VUILD91MA_150_3_5	VUILD91MA	VUILD91	fold_3	epithelial_transitional	PF_ONLY	2.07045335483866	2.786257011037577	2.677135793403499	2.711671775225472	2.7339473854981553	2.680957375586728	2.6662476976900256	2.723512691085566	2.68127545477488	2.65089625695525	2.73186989814697	2.7110558556416446	-0.6412184203868123	0.18127492664767011
VUILD91MA_150_4_4	VUILD91MA	VUILD91	fold_3	epithelial_transitional	PF_ONLY	2.0351785335169	2.817082176405649	2.7138092083428997	2.718091214605187	2.664033085371831	2.7863201020455453	2.6682033874003297	2.7384271413598964	2.787448536921691	2.8268336302305204	2.7412314383336427	2.8297776652283573	-0.6829126810882871	0.020520062507706674
VUILD91MA_150_4_5	VUILD91MA	VUILD91	fold_3	epithelial_transitional	PF_ONLY	1.44745243211663	2.782772233784642	2.653059061139278	2.595298949609381	2.5345823669158807	2.4801420761254844	2.5902633176484264	2.721571419438464	2.4792773269644126	2.2557797709839837	2.5692326042543305	2.3415473324992915	-1.147846517492751	-0.01726839140416314
VUILD91MA_150_4_6	VUILD91MA	VUILD91	fold_3	epithelial_transitional	PF_ONLY	1.69319430119866	2.748462291163636	2.6170727796520894	2.645099432295395	2.7141224236073107	2.724665946020563	2.5611234353112398	2.704715697517032	2.7158999373236545	2.359436830022776	2.7836885194157492	2.3944675351830744	-0.951905131096735	0.1122740109000903
VUILD91MA_150_4_8	VUILD91MA	VUILD91	fold_3	epithelial_transitional	PF_ONLY	1.88799869305035	2.679842405921623	2.6333180795036846	2.69521861391968	2.468936689324576	2.4033200767910845	2.6233313382121217	2.671004253674168	2.6517646474044043	2.3068791333346876	2.695306780266321	2.3024775809986724	-0.80721992086933	-0.019688606217005498
VUILD91MA_150_4_9	VUILD91MA	VUILD91	fold_3	epithelial_transitional	PF_ONLY	1.84737135387773	2.6455324633006163	2.7577157528785956	2.798331022970385	2.4867744459903056	2.607370885283956	2.656721503097532	2.6541485317527354	2.4424070270030227	2.7513789161019777	2.3985818643097248	2.706895774860919	-0.9509596690926547	-0.06101147910884872
VUILD91MA_150_5_5	VUILD91MA	VUILD91	fold_3	epithelial_transitional	PF_ONLY	1.88098116691682	2.7792874565317067	2.6452633972346096	2.663881419753804	2.5710214385525374	2.5664767836361277	2.629302267545461	2.7196301477913623	2.390662635673245	2.386845132706744	2.4466761079096706	2.4549688530666254	-0.7829002528369842	0.003679065327388653
VUILD91MA_150_5_7	VUILD91MA	VUILD91	fold_3	epithelial_transitional	PF_ONLY	1.65887127178221	2.7106675712896937	2.6384462782810845	2.615512685455336	2.6414945055439194	2.635971132248155	2.648269687934156	2.6859187039484977	2.698168365284064	2.7415556772397887	2.7600800025752874	2.8481835822455053	-0.9566414136731258	0.04732031143982367
VUILD91MA_150_5_8	VUILD91MA	VUILD91	fold_3	epithelial_transitional	PF_ONLY	2.01005554906273	2.6763576286686876	2.613711186739016	2.580152359826532	2.4193124357202316	2.294919612766935	2.6304349980050223	2.669062982027066	2.566327580508861	2.410695166751859	2.637228516648795	2.501664487293347	-0.5700968107638023	-0.07391656600677729
VUILD91MA_150_5_9	VUILD91MA	VUILD91	fold_3	epithelial_transitional	PF_ONLY	1.65195902894996	2.642047686047681	2.5703894125826143	2.5823134042486022	2.294298769756315	2.1610248803345953	2.653744805238009	2.6522072601056337	2.2938769513857693	2.373893212949708	2.3774747764896995	2.4413216385672447	-0.9303543752986423	-0.1628229110829312
VUILD91MA_150_6_2	VUILD91MA	VUILD91	fold_3	epithelial_transitional	PF_ONLY	1.90465972735255	2.878732507141791	2.7953410031906354	2.8194895400194184	2.507328144826402	2.687906154560702	2.5790955321276883	2.768256041908557	2.7034741612054543	2.858799407541374	2.6842108364350037	2.8422146277772082	-0.9148298126668684	-0.09489935385372593
VUILD91MA_150_6_6	VUILD91MA	VUILD91	fold_3	epithelial_transitional	PF_ONLY	1.58373631368962	2.7414927366577655	2.5949990331052857	2.6684997676795486	2.8072999476957428	2.7931450672112192	2.650268675648997	2.7008331542228285	2.6850709062173355	2.560027981116612	2.727034601818621	2.6241621935077224	-1.0847634539899285	0.16327977626633086
VUILD91MA_150_6_7	VUILD91MA	VUILD91	fold_3	epithelial_transitional	PF_ONLY	1.49873938206647	2.7071827940367585	2.5933034381546802	2.558333472433684	2.514386453749919	2.3997434740003225	2.613888192062717	2.683977432301396	2.4307729106199805	2.515796890068072	2.5216458398978863	2.6475383625562294	-1.0595940903672139	-0.05467856373428677
VUILD91MA_150_6_8	VUILD91MA	VUILD91	fold_3	epithelial_transitional	PF_ONLY	1.92511055820503	2.6728728514157525	2.6284104671658266	2.6181785973422294	2.402320985954897	2.3432789953249906	2.708506954050908	2.667121710379964	2.4309748928122024	2.351555117945476	2.480031204869494	2.3808785306502185	-0.6930680391371993	-0.12614600979417945
VUILD91MA_150_6_9	VUILD91MA	VUILD91	fold_3	epithelial_transitional	PF_ONLY	1.59313958072873	2.638562908794746	2.5547218786273858	2.5103456900448995	2.3712562325704925	2.099976112461284	2.730264019480797	2.650265988458532	2.017905502042857	2.161513523085477	2.117334446138488	2.2649856110816953	-0.9172061093161694	-0.03564194308757323
VUILD91MA_150_7_8	VUILD91MA	VUILD91	fold_3	epithelial_transitional	PF_ONLY	2.29977760732025	2.6693880741628178	2.8081425332296175	2.8384095475885314	2.4412251132205007	2.4309066831166457	2.7106531086314827	2.6651804387328624	2.534309084888426	2.5779816914460563	2.495951290455768	2.50052088211161	-0.5386319402682815	-0.030522666914216786
VUILD91MA_150_8_3	VUILD91MA	VUILD91	fold_3	epithelial_transitional	PF_ONLY	2.07146425454514	2.8374530100149142	2.788204448984868	3.08319506996396	2.255655099090786	2.3949602167023585	2.6376285460945694	2.7475177766929213	2.561854978688343	2.7179753684237653	2.4214216785192506	2.567206201809961	-1.01173081541882	-0.29450077410613285
