region_id	sample_id	donor_id	fold	target	analysis_stratum	observed	M0_pred	M1_pred	M2_pred	M3_pred	M4_pred	color_pred	coordinate_pred	grayscale_pred	macenko_pred	M3_grayscale_pred	M3_macenko_pred	heldout_base_residual	morphology_predicted_residual
THD0008_150_10_18	THD0008	THD0008	fold_2	epithelial_transitional	POOLED	2.11244452866615	2.2790915630025186	1.9788310761870873	1.9890192811785186	2.3303742756723613	2.312821815384897	2.1183392601059365	2.2791381739855483	2.3284493406033775	2.306434637463711	2.3643022871733974	2.3307154525299034	0.1234252474876314	-0.03115603523268244
THD0008_150_10_19	THD0008	THD0008	fold_2	epithelial_transitional	POOLED	1.59943080770759	2.2790911056995187	1.8868042116816786	1.9195640015911146	1.9221317042920907	1.9181588062706796	2.0603847741607373	2.2791381912752837	2.1185889217736356	1.994457913529562	2.1082044467078376	1.9997909466761348	-0.32013319388352457	-0.0332504252627322
THD0008_150_10_20	THD0008	THD0008	fold_2	epithelial_transitional	POOLED	1.33306765438347	2.2790906483965188	1.7914635219450865	1.875305441770492	2.083372214879782	2.0677583637183714	1.9871968299965141	2.279138208565019	2.2081747097554496	2.302910601992192	2.217649290138911	2.328261566117657	-0.5422377873870219	-0.029891731177128122
THD0008_150_10_21	THD0008	THD0008	fold_2	epithelial_transitional	POOLED	1.85685353296631	2.279090191093519	1.8843350225121431	1.9806631163603263	2.0123403118959438	2.010627620095266	1.9413784558131928	2.279138225854755	2.1102489147737193	2.236431645752149	2.106540547289404	2.24396131963307	-0.12380958339401626	-0.029828091894513454
THD0008_150_10_22	THD0008	THD0008	fold_2	epithelial_transitional	POOLED	1.78707337030331	2.279089733790519	2.023049732087532	2.056257067257204	1.8776117269039259	1.880547100734325	1.7722579934093994	2.2791382431444904	1.9277204566535016	1.9648850958275799	1.9209729949745542	1.9645238885800604	-0.2691836969538939	-0.03027568141752173
THD0008_150_10_23	THD0008	THD0008	fold_2	epithelial_transitional	POOLED	1.61303963963934	2.2790892764875186	2.0877182017799725	2.104571955328251	2.2490989278255618	2.2419659632952227	1.893041491862371	2.279138260434226	2.303040168205039	2.3729209822533734	2.314990733428452	2.390110337398377	-0.4915323156889111	-0.029705931408939578
THD0008_150_10_24	THD0008	THD0008	fold_2	epithelial_transitional	POOLED	1.72319681025637	2.2790888191845187	2.044189806712122	2.135129291892845	1.9499214775726201	1.951752344762561	2.2074300939936315	2.2791382777239613	2.118985515333055	2.123101692336378	2.109301807536062	2.1274727138118954	-0.4119324816364751	-0.031902967697918845
THD0008_150_10_25	THD0008	THD0008	fold_2	epithelial_transitional	POOLED	1.86221694009924	2.2790883618815188	2.0977994142950376	2.1109624669727918	2.225658221400082	2.2228733082865	2.1854119112036003	2.279138295013697	2.355800427024708	2.31500739379268	2.3584266863215166	2.323577209455171	-0.24874552687355167	-0.032422958233980295
THD0008_150_10_26	THD0008	THD0008	fold_2	epithelial_transitional	POOLED	1.98316420055871	2.279087904578519	2.038826809559756	1.9896428658925667	2.067022110235062	2.0644549473090397	2.1721046361414613	2.2791383123034326	2.1436098399656083	2.2438562468073773	2.1474890732479732	2.25205690143293	-0.006478665333856659	-0.02982990679771166
THD0008_150_10_27	THD0008	THD0008	fold_2	epithelial_transitional	POOLED	1.62740029140493	2.279087447275519	1.815994207287852	1.9809031119393676	1.9581116016323659	1.9577385616206069	1.9428066143174347	2.279138329593168	2.0067135589510436	2.2692763381555285	1.9921179128595492	2.2751881768971582	-0.3535028205344377	-0.030222807799314483
THD0008_150_10_28	THD0008	THD0008	fold_2	epithelial_transitional	POOLED	1.83825205778326	2.2790869899725186	2.1579796787618357	2.0695637380890766	2.1334865799698957	2.1460275482963107	1.8905705169334053	2.279138346882904	2.374022437346664	2.341798559941849	2.34726591390311	2.331843687051779	-0.2313116803058166	-0.029714415010741176
THD0008_150_10_29	THD0008	THD0008	fold_2	epithelial_transitional	POOLED	2.29260122868318	2.2790865326695187	1.9204621916561542	1.9745725477648586	1.9025083863764025	1.9095409541067512	1.882061924733406	2.2791383641726393	2.007793627968602	2.039928759527529	2.0035453170505457	2.037227380356871	0.31802868091832126	-0.031127026158476432
THD0008_150_10_30	THD0008	THD0008	fold_2	epithelial_transitional	POOLED	1.61599238460109	2.2790860753665187	2.1379301258250543	2.1138164969348088	1.9607402875898572	1.9719863921176268	2.067961050776305	2.2791383814623747	2.264111625502512	2.1439942852282106	2.2316199656244096	2.1328144340231834	-0.4978241123337188	-0.03229521459257073
THD0008_150_10_31	THD0008	THD0008	fold_2	epithelial_transitional	POOLED	1.7097180965754	2.279085618063519	2.1946817426471608	2.0902835448186163	1.9517451387102351	1.9618224828958801	1.8934273052108885	2.2791383987521106	2.1253016059133203	2.0398004409703105	2.094414865882125	2.031278513202794	-0.38056544824321636	-0.032784696251766346
THD0008_150_10_32	THD0008	THD0008	fold_2	epithelial_transitional	POOLED	2.06052741435578	2.279085160760519	1.8655894241262483	2.027702688439416	2.086327269431976	2.090435422035141	1.9123634047889018	2.279138416041846	2.0850576764368434	2.222713243116941	2.0603128779528674	2.2167694224102013	0.032824725916364095	-0.0295610351825592
THD0008_150_10_33	THD0008	THD0008	fold_2	epithelial_transitional	POOLED	1.77662719059502	2.2790847034575186	2.276823620136926	2.1557516649847264	1.9621816116345228	1.9907620421950973	1.8445037096225425	2.2791384333315814	2.101674897541791	2.291296731548957	2.038220991223895	2.271745576446491	-0.3791244743897064	-0.030012294166452538
THD0008_150_10_34	THD0008	THD0008	fold_2	epithelial_transitional	POOLED	1.71223342965273	2.2790842461545187	2.0026451945347494	2.0502378211797567	2.017744401616478	2.0437495102466	1.8652456718648924	2.279138450621317	2.280123681978003	2.2128588752895433	2.2137343462119405	2.1953042486689998	-0.33800439152702677	-0.03020012576007653
THD0008_150_11_18	THD0008	THD0008	fold_2	epithelial_transitional	POOLED	2.13324934731653	2.2790913967776043	2.2246112259113255	2.1198429086105377	2.049418069151644	2.0616421380992107	1.8862924279697624	2.2791393097723245	2.404161825251939	2.2830950499479337	2.370575279130839	2.27806645183929	0.01340643870599223	-0.03277078070726571
THD0008_150_11_19	THD0008	THD0008	fold_2	epithelial_transitional	POOLED	2.17761888299612	2.2790909394746044	2.031575612219812	2.0665657681473366	1.916364194481905	1.9302474586339562	1.9490127160813757	2.27913932706206	1.9639081873849111	2.027640649381728	1.922957434959806	2.0192491472655183	0.11105311484878344	-0.03307114069580067
THD0008_150_11_20	THD0008	THD0008	fold_2	epithelial_transitional	POOLED	1.5392109571857	2.2790904821716045	2.2234398750946798	2.1183355182791135	2.0681728160315482	2.0741908322538687	2.3279210297492203	2.2791393443517953	2.0527519893124766	2.214321785171915	2.038658240277097	2.2182545066912747	-0.5791245610934135	-0.029838465380076146
THD0008_150_11_21	THD0008	THD0008	fold_2	epithelial_transitional	POOLED	1.33183600860483	2.279090024868604	2.1384972347958895	2.101609574930991	2.0021859450300608	2.0046651679574494	1.994724044356497	2.279139361641531	2.200748606214361	2.163004552625401	2.201364450273133	2.1654036213129366	-0.7697735663261611	-0.02998039435295792
THD0008_150_11_22	THD0008	THD0008	fold_2	epithelial_transitional	POOLED	1.64456610995145	2.279089567565604	2.1512961970366606	2.1643160116293556	2.035315497409771	2.0456756116542882	2.0844824122833523	2.2791393789312666	2.28465068755796	2.2404360669861942	2.2528380690707785	2.237477208172101	-0.5197499016779057	-0.029804510066241012
THD0008_150_11_23	THD0008	THD0008	fold_2	epithelial_transitional	POOLED	1.64019597330969	2.2790891102626043	2.3503477246018627	2.3589569485681854	1.9942893919502516	2.016577145353953	1.8834730259604486	2.279139396221002	2.2376717515984996	2.255555009934582	2.204717260251885	2.243435201342491	-0.7187609752584954	-0.03133711220795515
THD0008_150_11_25	THD0008	THD0008	fold_2	epithelial_transitional	POOLED	2.51769245273995	2.2790881956566045	2.212180883140175	2.299073401047629	2.141644377110641	2.1510369682528796	2.15771223997923	2.2791394308004733	2.1064600425895805	2.2352682588875292	2.0715971059983915	2.2264711673497577	0.218619051692321	-0.032577921874384526
THD0008_150_11_26	THD0008	THD0008	fold_2	epithelial_transitional	POOLED	1.85853282251604	2.279087738353604	2.124582670768452	2.1344884363535592	2.199875228172859	2.2037365793033836	2.0746275186348604	2.2791394480902087	2.1512854659541945	2.375231944556362	2.1387891357629094	2.3776194190408577	-0.2759556138375192	-0.029345172076318635
THD0008_150_11_27	THD0008	THD0008	fold_2	epithelial_transitional	POOLED	2.24908757625585	2.279087281050604	2.2713424625722527	2.169286660215668	2.035798840762493	2.038453718944573	2.1982268024327514	2.279139465379944	2.0165953559776755	2.2832323814442157	2.008318391738217	2.285423589985876	0.07980091604018202	-0.029985519654834772
THD0008_150_11_28	THD0008	THD0008	fold_2	epithelial_transitional	POOLED	2.0556448560231	2.2790868237476043	2.1458049314030787	2.200523112769915	2.2379877870329934	2.2391655859148933	2.2525219046646896	2.27913948266968	2.30107956264996	2.3496997141904963	2.292941104557679	2.3586007941201426	-0.1448782567468152	-0.02999698724827065
THD0008_150_11_29	THD0008	THD0008	fold_2	epithelial_transitional	POOLED	2.29810753625873	2.2790863664446044	2.088425549543697	2.111755208477493	2.1118220744818155	2.1080341042132154	2.064011152890318	2.2791394999594154	2.173431417828407	2.1729471599718093	2.1711522121520743	2.177314263853558	0.18635232778123711	-0.030390751090908653
THD0008_150_11_30	THD0008	THD0008	fold_2	epithelial_transitional	POOLED	1.74551902167505	2.2790859091416045	2.0017928193294776	1.994335596640808	1.8804008831012278	1.8793452902136192	2.1511911695331634	2.279139517249151	2.0363228104660562	2.1238944731259797	2.0340580392685688	2.133745960919221	-0.24881657496575804	-0.03260179146265466
THD0008_150_11_31	THD0008	THD0008	fold_2	epithelial_transitional	POOLED	1.83376169437543	2.279085451838604	1.9006052645104945	1.9896257765354184	1.909325207009329	1.9163773399726494	2.1431436818911678	2.2791395345388867	2.038041346194638	2.1195640255399417	2.011173026194293	2.123558691835369	-0.15586408215998837	-0.03344790918598624
THD0008_150_11_32	THD0008	THD0008	fold_2	epithelial_transitional	POOLED	1.73189430588724	2.279084994535604	2.031929989609842	2.0136225871540954	1.8983505064913042	1.913589561861234	1.8371215711356084	2.279139551828622	2.33442873437652	2.1726088591193373	2.3033198705436653	2.1693393365946996	-0.28172828126685534	-0.03028475077064272
THD0008_150_11_33	THD0008	THD0008	fold_2	epithelial_transitional	POOLED	1.57401433792927	2.2790845372326043	2.0697594521325664	2.038257909231372	2.1003990917933595	2.1198803196652873	1.8272671000684613	2.2791395691183576	2.20485499387503	2.308311766029842	2.1421105075355498	2.294960149358505	-0.46424357130210225	-0.029492134579744842
THD0008_150_11_34	THD0008	THD0008	fold_2	epithelial_transitional	POOLED	1.42068518507507	2.2790840799296044	1.6789451864587899	1.8547432196292224	1.9957537651146278	2.005528113369203	1.9378777791479487	2.2791395864080934	2.200789213213639	2.150788518371932	2.1695131443643616	2.151245323454078	-0.4340580345541525	-0.03075975750773907
THD0008_150_11_35	THD0008	THD0008	fold_2	epithelial_transitional	POOLED	2.69583323995369	2.2790836226266045	1.897367008100236	1.999860155296427	1.7752404273469469	1.800542977206467	1.91343615251477	2.279139603697829	2.132823258602933	2.037049839578007	2.0703362031824373	2.0188236766160434	0.6959730846572632	-0.032332062660439136
THD0008_150_12_17	THD0008	THD0008	fold_2	epithelial_transitional	POOLED	1.88640337258692	2.27909168785569	2.2555000930675075	2.8496896472881215	2.041187698959355	2.1585998354521445	2.1437139729840817	2.2791404282693652	2.4940899519185717	2.3622470482065756	2.2744683192992317	2.215991164633991	-0.9632862747012014	-0.03244810099995269
THD0008_150_12_18	THD0008	THD0008	fold_2	epithelial_transitional	POOLED	1.97770670603556	2.27909123055269	1.896424559705093	2.05012335535046	2.2267228402625174	2.22228609780178	2.247865853336946	2.2791404455591007	2.5817399652622486	2.376787159465254	2.578827311034455	2.3951733927443914	-0.07241664931489988	-0.03140785415238771
THD0008_150_12_19	THD0008	THD0008	fold_2	epithelial_transitional	POOLED	2.19964398870618	2.2790907732496897	1.9668333599668513	2.0299536541373975	2.0077133821875437	2.010900400264939	1.900832052850681	2.279140462848836	1.9879480944137857	2.156278663204432	1.969631506189729	2.1574627856672643	0.16969033456878257	-0.033089457652203384
THD0008_150_12_20	THD0008	THD0008	fold_2	epithelial_transitional	POOLED	1.81853044109896	2.2790903159466898	2.028075483937803	2.050770515454978	1.8636998021562308	1.8730785255347144	1.9391199926480474	2.279140480138572	1.9253293347131293	2.1589771247268703	1.8931348606292357	2.1541630470794146	-0.2322400743560178	-0.030630906596152727
THD0008_150_12_21	THD0008	THD0008	fold_2	epithelial_transitional	POOLED	1.61210354139801	2.27908985864369	2.1500488275098553	2.109635866869257	1.9115482920719713	1.919754842818807	1.91731310484937	2.2791404974283074	2.140165042791268	2.241347885200169	2.10388369679891	2.239950733675773	-0.49753232547124715	-0.030932706670292843
THD0008_150_12_22	THD0008	THD0008	fold_2	epithelial_transitional	POOLED	1.64758818721006	2.27908940134069	2.085963056080883	2.123580293826295	1.9960754044007123	2.002681889085612	1.6144280582760762	2.279140514718043	2.1947874204268976	2.1984280171694968	2.1735167841764738	2.202162507539844	-0.4759921066162349	-0.03028907088103479
THD0008_150_12_26	THD0008	THD0008	fold_2	epithelial_transitional	POOLED	1.82841751446088	2.27908757212869	2.0639648521119285	2.183675713085084	1.9207689392313376	1.9364323602463531	1.8934764289139039	2.279140583876985	2.1235194404957656	2.188367977229502	2.0995147751603356	2.1780984481831616	-0.3552581986242038	-0.030807572400687985
THD0008_150_12_27	THD0008	THD0008	fold_2	epithelial_transitional	POOLED	1.75926576964841	2.27908711482569	2.1843100416113823	2.1951856455923933	2.1001572199318046	2.1121174713194493	2.1273234213305092	2.279140601166721	2.082480690354012	2.371793930433675	2.050627401300893	2.371967600076178	-0.4359198759439833	-0.029591121424551205
THD0008_150_12_29	THD0008	THD0008	fold_2	epithelial_transitional	POOLED	1.41579822066227	2.2790862002196897	2.3529457589446046	2.2703052511358424	2.0993010652964834	2.1072102144484535	2.0889770066071796	2.2791406357461916	2.259438521042924	2.4615637013380507	2.2420482692708394	2.4645091996918427	-0.8545070304735725	-0.030285636331480868
THD0008_150_12_30	THD0008	THD0008	fold_2	epithelial_transitional	POOLED	1.59765416239367	2.2790857429166897	1.9101080830570774	1.986100715347996	1.9722601977517065	1.958493296034485	2.1110716317023694	2.2791406530359275	2.0504175575471564	2.1537263544289895	2.062688749663686	2.170556171714657	-0.38844655295432595	-0.031737741031534594
THD0008_150_12_31	THD0008	THD0008	fold_2	epithelial_transitional	POOLED	1.74985227784464	2.27908528561369	1.93466996099634	1.9758793164728061	1.7696504504846724	1.7899611892628031	1.927626063968234	2.279140670325663	2.1168304758197607	1.9650277080675855	2.0623235992910196	1.9511264798641	-0.2260270386281662	-0.033545798474237803
THD0008_150_12_32	THD0008	THD0008	fold_2	epithelial_transitional	POOLED	1.58834864588144	2.27908482831069	2.111712165129842	2.0504161617527843	1.8947228378346104	1.91921325971185	1.8424709259537304	2.2791406876153983	2.305637073880726	2.2144248680612204	2.2449895813661787	2.2001068158511012	-0.4620675158713443	-0.03084084152664351
THD0008_150_12_33	THD0008	THD0008	fold_2	epithelial_transitional	POOLED	1.91080853418783	2.27908437100769	1.946811219251015	1.9578166755684672	1.773217031976905	1.7978634840443404	1.6870628558742702	2.2791407049051338	1.9755497342917385	1.960397588110215	1.9115023185274833	1.943798515263185	-0.047008141380637136	-0.031126642846365245
THD0008_150_12_34	THD0008	THD0008	fold_2	epithelial_transitional	POOLED	1.78492166065731	2.2790839137046897	1.8947131700925104	1.933605162343985	1.860657671507116	1.8733819991916936	1.927449187886288	2.2791407221948696	2.224518896010639	2.096080470958708	2.18586821724158	2.092674807959577	-0.148683501686675	-0.031457615822756683
THD0008_150_12_35	THD0008	THD0008	fold_2	epithelial_transitional	POOLED	1.77187938753616	2.2790834564016897	2.1876830416162276	2.106023880715279	2.1215802686653964	2.1364863256414353	1.881170579789779	2.279140739484605	2.269024346157179	2.1458017945831322	2.2295694628068965	2.128308456221932	-0.3341444931791189	-0.030165458477537245
THD0008_150_13_18	THD0008	THD0008	fold_2	epithelial_transitional	POOLED	1.73657779755129	2.2790910643277753	1.9199948830241687	2.094382158324652	2.1351596531084733	2.1501019034683906	1.9530496169737035	2.279141581345877	2.2090618858647666	2.2466101937180727	2.1534677358970264	2.2428270739562954	-0.3578043607733621	-0.031152458921947863
THD0008_150_13_20	THD0008	THD0008	fold_2	epithelial_transitional	POOLED	1.84731220984018	2.2790901497217755	1.9854262591487435	2.0402710615850417	1.9328336800618322	1.9367196795932917	1.7935943940342618	2.279141615925348	2.1181240488594275	2.101509479501915	2.1101859429403316	2.1041855696598	-0.19295885174486171	-0.03080186871872945
THD0008_150_13_21	THD0008	THD0008	fold_2	epithelial_transitional	POOLED	1.93099135743655	2.2790896924187756	1.927475427820243	1.9627172546881715	1.758685052324524	1.7684120758532638	1.7885962409858496	2.2791416332150836	1.8140679611120278	2.0078535714738197	1.7884491470834045	2.008410932694453	-0.03172589725162145	-0.031402406686887804
THD0008_150_13_22	THD0008	THD0008	fold_2	epithelial_transitional	POOLED	1.66882239554435	2.279089235115775	1.8903475681929456	1.8906838947812603	2.0003180737910453	1.9939920888369602	1.7330573576362802	2.279141650504819	1.984850962592312	2.0828967047893205	1.9739809791615786	2.0980314611973614	-0.22186149923691034	-0.030497487102722584
THD0008_150_13_23	THD0008	THD0008	fold_2	epithelial_transitional	POOLED	1.43795923760663	2.2790887778127753	1.8601716255395904	2.0003561534104497	1.9134680838001383	1.9057198320036153	1.8887368431183156	2.279141667794555	2.1111304655926366	2.171082180099303	2.1262081566173268	2.188546622199646	-0.5623969158038198	-0.03137474639104524
THD0008_150_13_24	THD0008	THD0008	fold_2	epithelial_transitional	POOLED	1.59257596125565	2.2790883205097754	2.003216436656054	1.9799979154752467	2.135328622814432	2.119340673023326	2.006616065287364	2.2791416850842903	2.0516423195710787	2.203074762573109	2.0796749718525147	2.2334178993256097	-0.3874219542195967	-0.03166669934109878
THD0008_150_13_25	THD0008	THD0008	fold_2	epithelial_transitional	POOLED	2.0634200205106	2.2790878632067755	2.0284324757624046	2.108055358445046	1.9273589707123973	1.9389240140120867	1.8348514538769807	2.2791417023740257	2.1361113451185565	2.073065235048228	2.1133976456539276	2.0672115165394196	-0.04463533793444574	-0.032733399530517855
THD0008_150_13_26	THD0008	THD0008	fold_2	epithelial_transitional	POOLED	1.83734355471444	2.2790874059037756	2.2153994099199585	2.1088562351563644	1.7633670240849924	1.7886667597375838	1.8085816417625151	2.2791417196637616	2.0989633795068134	2.0363714271221522	2.0562448329054233	2.019821771427356	-0.27151268044192434	-0.030837353328204583
THD0008_150_13_27	THD0008	THD0008	fold_2	epithelial_transitional	POOLED	1.84677668125834	2.279086948600775	1.829563580583394	1.9819983023532954	2.000967803422762	2.0011762513651252	2.010577680224351	2.279141736953497	2.171551891596098	2.050353938960655	2.1769103304288486	2.050876226583253	-0.1352216210949555	-0.03002486016855659
THD0008_150_13_28	THD0008	THD0008	fold_2	epithelial_transitional	POOLED	1.9006726059922	2.2790864912977753	2.035394935458986	2.1030605070230357	1.9934280744404118	1.9972925065449014	2.1185884106905206	2.2791417542432324	2.0348107731919933	2.065303406257741	2.0241555660077664	2.0627176169202324	-0.20238790103083582	-0.030263097049541145
THD0008_150_13_30	THD0008	THD0008	fold_2	epithelial_transitional	POOLED	1.72114949845936	2.2790855766917755	1.8987732977580207	1.9830013569427072	1.873011202179346	1.8528783742165407	2.196286424666271	2.2791417888227037	2.032561818791596	2.1317617069555532	2.0827774553549525	2.1615004980659656	-0.26185185848334713	-0.03205484609844041
THD0008_150_13_31	THD0008	THD0008	fold_2	epithelial_transitional	POOLED	1.70765433477252	2.2790851193887756	2.0329651359655623	2.04010038308957	1.8849448142388034	1.8889097191630073	1.916952378773769	2.279141806112439	2.124030368508046	2.228366111709863	2.1066893483170848	2.2385978705263283	-0.33244604831705016	-0.033552188771832074
THD0008_150_13_32	THD0008	THD0008	fold_2	epithelial_transitional	POOLED	2.07951999753746	2.279084662085775	2.0559867880485263	2.0440890356668224	1.9421311012467493	1.9597737693284771	1.8025038855224351	2.2791418234021745	2.2608429023299985	2.1685258556395777	2.228737298419919	2.1552761996984366	0.035430961870637656	-0.030306046755101086
THD0008_150_13_33	THD0008	THD0008	fold_2	epithelial_transitional	POOLED	2.08967133234257	2.2790842047827753	1.9145220047894054	1.9781774024341132	1.8978141761235576	1.918938631842115	1.8721925280346143	2.2791418406919104	2.1567778603503305	2.159079158086416	2.094184235949188	2.1465188909674557	0.11149392990845675	-0.030281017035055022
THD0008_150_13_34	THD0008	THD0008	fold_2	epithelial_transitional	POOLED	1.90382021774326	2.2790837474797754	2.043191805407359	2.00630515865344	1.8453963904598456	1.8698626623174937	1.9284797979738513	2.279141857981646	2.185992603476396	2.213753446585542	2.1366607829469664	2.201937045656693	-0.10248494091018001	-0.03149436421979584
THD0008_150_13_35	THD0008	THD0008	fold_2	epithelial_transitional	POOLED	1.74473674783504	2.2790832901767755	2.0436974901175375	2.061514202108774	1.8103149752474028	1.8299666039241056	1.8875915221763018	2.2791418752713812	2.1438450684969523	1.9660935569270857	2.0978661645043055	1.9493451858273125	-0.31677745427373405	-0.03245528129300648
THD0008_150_14_20	THD0008	THD0008	fold_2	epithelial_transitional	POOLED	2.06934088580107	2.2790899834968608	2.086279546769146	2.2107228826749847	2.364361461061194	2.363441350185548	2.1421073849864984	2.2791427517121243	2.383285364856526	2.345299062715866	2.385452984851855	2.3511029246528703	-0.14138199687391495	-0.029095354986344326
THD0008_150_14_21	THD0008	THD0008	fold_2	epithelial_transitional	POOLED	2.07271131808115	2.279089526193861	2.0028631011207287	1.9698657238968138	1.975032317385561	1.9853436643075426	1.8405770462324875	2.2791427690018597	2.1203557236987796	2.0745014974498566	2.0966040806354735	2.0741864783000685	0.10284559418433603	-0.029950430505528872
THD0008_150_14_23	THD0008	THD0008	fold_2	epithelial_transitional	POOLED	1.61816673074755	2.279088611587861	1.9150148672740024	1.9071464415216646	2.024946337061547	2.0218826642586665	1.9577635442458148	2.279142803581331	2.231705939349884	2.1309239109846407	2.234859975514634	2.141705555922666	-0.28897971077411455	-0.03079073706657856
THD0008_150_14_24	THD0008	THD0008	fold_2	epithelial_transitional	POOLED	1.80809250950798	2.279088154284861	1.808636242126709	1.8759684630037101	1.9524736270767484	1.9385289479381682	2.070139627816281	2.2791428208710665	2.150252596023236	2.005491376523294	2.167544311006931	2.0259996272199805	-0.06787595349573006	-0.03177632351845255
THD0008_150_14_25	THD0008	THD0008	fold_2	epithelial_transitional	POOLED	1.80431911711093	2.2790876969818608	1.879186591998328	1.9343793320297729	1.9777782081990776	1.975761972402852	1.9936902609220548	2.279142838160802	2.156101028427966	2.06770885868071	2.156536157178332	2.0771671886700807	-0.1300602149188428	-0.033063676564164146
THD0008_150_14_26	THD0008	THD0008	fold_2	epithelial_transitional	POOLED	2.01721740608196	2.279087239678861	1.9431997928210447	2.002488045401406	1.8439313420186796	1.8539209545976085	1.9082995331114656	2.2791428554505377	1.9349581023948121	2.086728946835434	1.9120915594595997	2.083312183076262	0.014729360680554304	-0.03099832183730025
THD0008_150_14_29	THD0008	THD0008	fold_2	epithelial_transitional	POOLED	1.88905868698746	2.279085867769861	1.9582799648266915	2.040814649459188	1.6710170540956728	1.6790631940965852	1.944808545774689	2.2791429073197444	1.8521445646531116	1.9241805149163256	1.8217294888660156	1.9179995397895822	-0.15175596247172796	-0.03336877584199481
THD0008_150_14_30	THD0008	THD0008	fold_2	epithelial_transitional	POOLED	1.94327382435023	2.2790854104668608	2.189072612149539	2.141992442606282	1.9905150002444292	1.9894338282614314	2.0799166899702657	2.27914292460948	2.049006671036635	2.1478319263469423	2.0452855574969266	2.144442295456922	-0.19871861825605186	-0.03308435802305912
THD0008_150_14_31	THD0008	THD0008	fold_2	epithelial_transitional	POOLED	1.95836692406142	2.279084953163861	2.1646771028857827	2.1270873073636123	2.0091902403172575	2.004920190026434	2.108146915319837	2.2791429418992153	2.131198098531587	2.2787405482457994	2.149971542560673	2.2872905276589264	-0.1687203833021922	-0.033371644953943264
THD0008_150_14_32	THD0008	THD0008	fold_2	epithelial_transitional	POOLED	2.13715009031657	2.279084495860861	2.16308293796478	2.1873075840964464	2.039176587925048	2.0489976557517857	2.0238921341533547	2.279142959188951	2.1185021947890506	2.296622880697328	2.0914140470574787	2.2928833844908776	-0.05015749377987655	-0.03012691037487795
THD0008_150_14_33	THD0008	THD0008	fold_2	epithelial_transitional	POOLED	1.91192156991088	2.279084038557861	1.9002832675481858	1.943589680510343	1.7978371603390344	1.8128203513655834	1.9221859356465139	2.2791429764786866	2.0091372691225584	1.9877706975078384	1.973458753997724	1.9772167624178145	-0.03166811059946295	-0.031002100678920372
THD0008_150_14_34	THD0008	THD0008	fold_2	epithelial_transitional	POOLED	2.11781014557365	2.279083581254861	2.0594406326387134	2.0652354385436094	1.6986646915177046	1.7257569230413448	1.8213834651862422	2.279142993768422	2.005127189748458	2.016382425104921	1.9419683394686582	1.9920613521725614	0.052574707030040635	-0.03178915977553312
THD0008_150_14_35	THD0008	THD0008	fold_2	epithelial_transitional	POOLED	1.93728757512804	2.2790831239518607	1.8665144752146103	1.9431838355740076	1.7061485798772407	1.718877466448396	1.944711010556272	2.2791430110581574	2.0480026505687277	1.9424475501994578	2.0077604470355523	1.9319653070183773	-0.005896260445967583	-0.033241356953330685
THD0008_150_14_36	THD0008	THD0008	fold_2	epithelial_transitional	POOLED	2.0401240957317	2.279082666648861	2.0623693505576455	1.9703444168441993	1.8462963011197115	1.857270913143922	1.9185303688964175	2.2791430283478933	2.103936609703055	2.1242050119237543	2.0710522184139175	2.1205001988969086	0.0697796788875007	-0.03325784944301448
THD0008_150_15_22	THD0008	THD0008	fold_2	epithelial_transitional	POOLED	2.05376728300434	2.2790889026659467	2.1701492151851656	2.1299829001318242	2.372645239493091	2.3564305591361685	2.2604366308346346	2.279143922078372	2.662565275398702	2.5643346891160586	2.688077484191959	2.57964526429336	-0.07621561712748415	-0.030430022581413984
THD0008_150_15_24	THD0008	THD0008	fold_2	epithelial_transitional	POOLED	2.00180815022548	2.2790879880599464	1.9591765365135632	1.948095286299197	1.8736723061284049	1.8695392859889246	1.994543850457722	2.2791439566578426	1.9424716903116954	1.9277525014514794	1.9452089916128588	1.9320881142401205	0.05371286392628316	-0.03271928133115825
THD0008_150_15_26	THD0008	THD0008	fold_2	epithelial_transitional	POOLED	2.30219843117618	2.2790870734539466	2.0089937623208134	1.9981422568670968	1.7096596512670734	1.721821123984316	1.7830666098856307	2.279143991237314	1.8652162793692257	1.9723144299637667	1.8393660475256568	1.9649869891355436	0.30405617430908305	-0.031744745359452396
THD0008_150_15_27	THD0008	THD0008	fold_2	epithelial_transitional	POOLED	2.03477334580545	2.2790866161509467	1.893659054948976	1.96693649011723	1.6824001494574867	1.6940525417539325	1.8450072027474271	2.2791440085270493	2.0415944044559993	1.9386530778884288	2.0232235104806913	1.9315604731263774	0.06783685568822007	-0.03178058092496953
THD0008_150_15_28	THD0008	THD0008	fold_2	epithelial_transitional	POOLED	2.19123088820013	2.2790861588479467	1.9873677566708399	2.022353651509568	1.9460813363785894	1.9464223151693014	1.9567246087183128	2.2791440258167848	2.060471893145122	2.116189469849106	2.0482500687389216	2.118675013250462	0.16887723669056198	-0.030451245313451128
THD0008_150_15_29	THD0008	THD0008	fold_2	epithelial_transitional	POOLED	1.56624885225489	2.2790857015449464	2.121545228073765	2.083012883316398	1.8700350969281647	1.8699799613733865	2.0229058986013153	2.2791440431065206	1.991331069766296	1.9529129618452303	1.9877835499165735	1.9536331358966674	-0.5167640310615078	-0.03157583460610317
THD0008_150_15_30	THD0008	THD0008	fold_2	epithelial_transitional	POOLED	1.96268248145915	2.2790852442419465	2.1591450303032502	2.1476150854362257	1.8585877934332806	1.866071559904849	2.0481128831326028	2.279144060396256	1.9979346922798198	2.0932544252421144	1.9698189437688518	2.085103528926606	-0.18493260397707578	-0.0336612085758375
THD0008_150_15_31	THD0008	THD0008	fold_2	epithelial_transitional	POOLED	1.88800806539043	2.2790847869389466	2.000583966153127	2.128832607586749	1.9532244280064561	1.969029187463399	1.999995704688587	2.2791440776859915	1.9933086696776459	1.9897625577478815	1.9628852719120848	1.9728127447050068	-0.24082454219631888	-0.03337358752044043
THD0008_150_15_32	THD0008	THD0008	fold_2	epithelial_transitional	POOLED	1.75791128993065	2.2790843296359466	2.3993023579490416	2.227237746701796	1.94438342625278	1.9647644098276689	1.8099753774990828	2.2791440949757273	2.2064814000315023	2.340228947138598	2.1636100167343186	2.3240035122188467	-0.46932645677114615	-0.03044529834127608
THD0008_150_15_33	THD0008	THD0008	fold_2	epithelial_transitional	POOLED	1.69658872345256	2.2790838723329463	1.923640334659522	2.0882873513192224	1.7782987735439018	1.8040095461552101	1.8222974055175412	2.2791441122654628	2.045203997869203	2.035019608082355	1.9849020178109513	2.0108535750061987	-0.3916986278666623	-0.03049741294801825
THD0008_150_15_34	THD0008	THD0008	fold_2	epithelial_transitional	POOLED	2.06793380673135	2.2790834150299464	2.16183272922464	2.069582049474408	2.0518050721886842	2.0649214455548472	1.8914948825192115	2.279144129555198	2.0393154628087364	2.066772958095961	1.9978018819150765	2.0565813695684034	-0.0016482427430579705	-0.02996675522636998
THD0008_150_15_35	THD0008	THD0008	fold_2	epithelial_transitional	POOLED	1.45655959990885	2.2790829577269465	1.9862653698372639	2.004908601134102	2.2117270475606565	2.2159727159400777	1.9598384219457845	2.279144146844934	2.2432546020657065	2.2390456618208407	2.213883452203627	2.231971018290264	-0.5483490012252519	-0.030003813839759225
THD0008_150_15_36	THD0008	THD0008	fold_2	epithelial_transitional	POOLED	1.66468632110288	2.2790825004239466	1.8934865474986011	1.903223925983979	1.6645407045301484	1.6804860056278659	1.872676986845378	2.2791441641346695	1.77616037031158	1.8444490101819384	1.7221124106840617	1.8344553595569129	-0.23853760488109899	-0.03385190722495751
THD0008_150_15_37	THD0008	THD0008	fold_2	epithelial_transitional	POOLED	1.73549782230491	2.2790820431209466	1.9000263381254106	1.8647787919485181	1.8761858481536384	1.8865307022190756	2.0564821056361446	2.279144181424405	2.072553705611022	1.990217711133554	2.0430825073921137	1.9846923430890704	-0.12928096964360813	-0.03337382270091085
THD0008_150_15_5	THD0008	THD0008	fold_2	epithelial_transitional	POOLED	2.41477723875202	2.2790966768169465	2.3940884332859915	2.308005834309584	1.9569486540671686	1.979516493668037	2.0620501859724705	2.2791436281528674	2.4737494903748942	2.2278640141667916	2.4345637860137774	2.2110057344512333	0.10677140444243571	-0.03184866035978339
THD0008_150_15_6	THD0008	THD0008	fold_2	epithelial_transitional	POOLED	1.55580603028952	2.2790962195139466	2.354456734723805	2.253530653365559	1.9478342646542837	1.9782869891216794	1.9403674005123503	2.279143645442603	2.2754532132391314	2.2413069053437775	2.199226806583786	2.219972150375029	-0.697724623076039	-0.03286319832767612
THD0008_150_16_24	THD0008	THD0008	fold_2	epithelial_transitional	POOLED	1.9702271615804	2.279087821835032	1.893484817770879	2.0551222453362494	1.995334396837529	2.0066322224438347	2.096564226031604	2.279145092444619	1.886075128005755	1.9484075345406746	1.8494799417151881	1.9367009145314034	-0.08489508375584953	-0.031515098654286616
THD0008_150_16_25	THD0008	THD0008	fold_2	epithelial_transitional	POOLED	1.93958742997873	2.279087364532032	1.9428155339531998	1.9253231874765029	1.8715448926316147	1.8708077746037706	1.9353436098477863	2.2791451097343547	1.977074650545936	1.978535070419321	1.9725944931258177	1.9864773667682945	0.01426424250222702	-0.03369360472586891
THD0008_150_16_26	THD0008	THD0008	fold_2	epithelial_transitional	POOLED	1.47053913872347	2.2790869072290323	2.04631608024888	2.0879687986499538	1.728068408056553	1.749490337896062	1.4341631646200954	2.27914512702409	2.078430945237806	1.959643133921666	2.0353594592957056	1.9404470139644574	-0.6174296599264837	-0.031536751909939806
THD0008_150_16_27	THD0008	THD0008	fold_2	epithelial_transitional	POOLED	1.9203183407983	2.279086449926032	2.147975592246707	2.138579165255035	1.7845150917785577	1.8010592672738683	1.7367171572033324	2.2791451443138255	1.9626700155053252	2.053624538441353	1.9222962209441108	2.041884300838328	-0.218260824456735	-0.03164113324266797
THD0008_150_16_28	THD0008	THD0008	fold_2	epithelial_transitional	POOLED	1.7112281737578	2.279085992623032	2.12273342488923	2.0812673946612885	1.740405730752873	1.7598899862139712	1.9633869792624021	2.2791451616035614	1.909665539755919	1.9676965419012924	1.872608699832612	1.9522727928069243	-0.3700392209034886	-0.0318768567419186
THD0008_150_16_29	THD0008	THD0008	fold_2	epithelial_transitional	POOLED	1.70959872600461	2.279085535320032	2.0862805599089445	2.1283454718648893	1.8516440215434873	1.8650687080857677	1.793872134863764	2.279145178893297	2.0811737925432556	1.9767192256210158	2.057681705470384	1.9655139958032823	-0.4187467458602794	-0.03159599777507509
THD0008_150_16_3	THD0008	THD0008	fold_2	epithelial_transitional	POOLED	2.33562284424779	2.279097425198032	2.3279182977866855	2.216708168499882	2.0954256833771043	2.099055591272432	2.0387856838745395	2.2791447293601723	2.0977233715870103	2.2251033515864744	2.0981561135788716	2.2263790697704313	0.11891467574790804	-0.030263679250033836
THD0008_150_16_30	THD0008	THD0008	fold_2	epithelial_transitional	POOLED	1.95097874186254	2.279085078017032	2.2168739014142016	2.1807868101553622	1.9342785176585007	1.9523358280254595	1.9368827899767331	2.2791451961830322	1.9581113378452393	2.0250729317656804	1.9103579323256152	2.008220303745984	-0.2298080682928223	-0.0324973290547774
THD0008_150_16_31	THD0008	THD0008	fold_2	epithelial_transitional	POOLED	2.10964091184271	2.2790846207140323	2.032179060183318	2.072171840000567	2.0491063209457203	2.0608948932795332	2.0603684123450843	2.279145213472768	1.845244067520155	1.9608354314960015	1.8121651660837923	1.9515651394254647	0.0374690718421431	-0.032712911693036494
THD0008_150_16_32	THD0008	THD0008	fold_2	epithelial_transitional	POOLED	2.21219384102724	2.279084163411032	2.0121475989899924	2.148815021745314	1.890618128273586	1.91009686680745	1.7948629542814942	2.2791452307625035	2.1317610753079097	2.0907518611885094	2.093616162744921	2.070546711409385	0.06337881928192601	-0.030938748510806288
THD0008_150_16_33	THD0008	THD0008	fold_2	epithelial_transitional	POOLED	1.99644189480647	2.279083706108032	2.196732006625356	2.093137974460194	2.0051284348593614	2.00972304290707	2.1552058307907997	2.279145248052239	2.368944590360697	2.505956201351263	2.3727194701169503	2.5137750287876917	-0.09669607965372395	-0.03078727156104956
THD0008_150_16_34	THD0008	THD0008	fold_2	epithelial_transitional	POOLED	1.75524972964939	2.279083248805032	1.99672687029267	2.088434643483808	1.883660096920816	1.8953843851375711	1.778329030518261	2.2791452653419744	2.2031437605786155	2.1867156487103556	2.178312280604283	2.1784133098855314	-0.33318491383441784	-0.030966843027759997
THD0008_150_16_35	THD0008	THD0008	fold_2	epithelial_transitional	POOLED	1.68709017933726	2.279082791502032	2.2029303639731315	2.1070697755349075	1.7636476676997608	1.7857354213985912	1.797684343061245	2.2791452826317102	2.187111226162183	2.1038753854224974	2.137766872929627	2.0922629636854415	-0.4199795961976476	-0.03194889666227932
THD0008_150_16_36	THD0008	THD0008	fold_2	epithelial_transitional	POOLED	1.76603563573213	2.2790823341990323	1.9688875569675854	1.9947797674442689	1.7801950749995603	1.8034123956411006	1.7146921854279986	2.2791452999214457	2.2926959598172476	2.067902968269511	2.2330870383009778	2.05084827057941	-0.2287441317121388	-0.03352156436437288
THD0008_150_16_37	THD0008	THD0008	fold_2	epithelial_transitional	POOLED	2.43017278110573	2.279081876896032	1.9875215779376798	2.007780326652509	1.8249056106049613	1.8410469716174016	2.0344291375420123	2.279145317211181	2.165828865650023	2.0988671636537717	2.1186222612460526	2.0837806509760557	0.42239245445322116	-0.03383500824839158
THD0008_150_16_4	THD0008	THD0008	fold_2	epithelial_transitional	POOLED	1.99972513515912	2.279096967895032	1.984317975326245	2.082841742801805	1.9457414471229453	1.9528705719060793	1.9981843473149086	2.279144746649908	2.1793921818247552	2.182914555812603	2.166241685179435	2.18031397045834	-0.08311660764268503	-0.030637846658751522
THD0008_150_16_5	THD0008	THD0008	fold_2	epithelial_transitional	POOLED	1.95274269989814	2.279096510592032	2.412748139370657	2.2814028214600297	2.0167325598246286	2.0267414935458326	2.0172689567216007	2.2791447639396436	2.1576921332297943	2.198027344520358	2.1256702346313254	2.1886695699515757	-0.3286601215618896	-0.03123131753128698
THD0008_150_16_6	THD0008	THD0008	fold_2	epithelial_transitional	POOLED	1.55424697879232	2.2790960532890323	2.15472370595734	2.2146113820749944	1.8674435181479012	1.8920202932559027	1.9728593888447192	2.279144781229379	2.1323035235271743	2.0346549747977245	2.0797999109448293	2.0105228734213103	-0.6603644032826743	-0.032550537643159
THD0008_150_16_7	THD0008	THD0008	fold_2	epithelial_transitional	POOLED	2.0967817169161	2.279095595986032	2.3938705039122894	2.3584764266332376	1.881935637166982	1.921416403636138	2.131024078515229	2.2791447985191144	2.2922684342167194	2.184058648091539	2.213095599121856	2.151390054555229	-0.2616947097171378	-0.03337112673230442
THD0008_150_17_26	THD0008	THD0008	fold_2	epithelial_transitional	POOLED	1.8143728048615	2.2790867410041176	2.27787028433475	2.1483095415536813	1.9289580612569845	1.9319185586461658	2.0858313894298703	2.2791462628108663	2.2558061938051193	2.1282507747556814	2.2834567450024217	2.1398826306047067	-0.33393673669218127	-0.03085172008199035
THD0008_150_17_27	THD0008	THD0008	fold_2	epithelial_transitional	POOLED	2.06262683681253	2.2790862837011177	2.476951158369158	2.331886840408783	1.8584385178612643	1.8821689972736315	1.876144915861492	2.279146280100602	1.8926642386736918	2.0305034587395063	1.8425554000954991	2.006524892542962	-0.26926000359625313	-0.030809319114610174
THD0008_150_17_28	THD0008	THD0008	fold_2	epithelial_transitional	POOLED	1.93416327812472	2.2790858263981177	2.021482917314301	2.20776758449373	1.9662850512195196	1.9894105869057017	1.9179867796027499	2.2791462973903376	2.0340359391463054	2.0004784571399883	1.9853408319353198	1.9764016445222121	-0.2736043063690099	-0.03076664360780168
THD0008_150_17_29	THD0008	THD0008	fold_2	epithelial_transitional	POOLED	1.69903560103261	2.279085369095118	2.1724585904431937	2.1297608935756287	1.9731418470216642	1.9757025212448611	2.000763957102586	2.279146314680073	2.1529470984920827	2.1114228667378363	2.144733981769389	2.1076245106299116	-0.4307252925430187	-0.031321914962596016
THD0008_150_17_30	THD0008	THD0008	fold_2	epithelial_transitional	POOLED	1.88260995226935	2.2790849117921175	2.262905987151967	2.238444380458431	1.916767261406196	1.9352780657190414	2.0551317290885467	2.2791463319698084	2.048188755380518	1.874539227067346	2.00095492016498	1.8522009176015057	-0.35583442818908084	-0.03223114502715257
THD0008_150_17_31	THD0008	THD0008	fold_2	epithelial_transitional	POOLED	2.31926196699951	2.2790844544891176	2.0318398419090005	2.1067339451390636	1.8134692523840485	1.82860720786014	1.8607150223812923	2.2791463492595443	1.8144763533974135	1.9734355083030826	1.7788157466847574	1.9639141365131498	0.21252802186044617	-0.03326260792594545
THD0008_150_17_32	THD0008	THD0008	fold_2	epithelial_transitional	POOLED	2.39334820011515	2.2790839971861176	2.232324856186504	2.1719777723816796	2.079642905871507	2.0885794716814012	1.8560727213429753	2.2791463665492797	2.118073095244797	2.205139050221685	2.0780126898384066	2.196439613366998	0.22137042773347027	-0.02996011910032001
THD0008_150_17_34	THD0008	THD0008	fold_2	epithelial_transitional	POOLED	2.02299685866618	2.279083082580118	2.040601554818671	2.065472337754547	2.003245764509954	2.017096712771113	1.9781884844548285	2.279146401128751	2.0371100519239125	2.1540140873864453	2.000701841653025	2.149479981080975	-0.04247547908836724	-0.03028610887425918
THD0008_150_17_35	THD0008	THD0008	fold_2	epithelial_transitional	POOLED	1.82734736340971	2.2790826252771175	2.16207454296784	2.1847154036469187	1.8342641593597346	1.8714442424984914	1.803731308620577	2.2791464184184864	2.045071876420755	2.061087784921412	1.9622900845189604	2.02894200163589	-0.3573680402372088	-0.031861573431921794
THD0008_150_17_36	THD0008	THD0008	fold_2	epithelial_transitional	POOLED	1.91179726090078	2.2790821679741176	2.1546881635775312	2.0778043916892823	1.7411710559632312	1.7630560782308762	1.8579660890613627	2.279146435708222	2.130083346160971	1.990818079349898	2.0821133123974436	1.9711370466246025	-0.16600713078850227	-0.033293723067568316
THD0008_150_17_37	THD0008	THD0008	fold_2	epithelial_transitional	POOLED	1.63072028921512	2.2790817106711176	1.9171912677886576	1.9512621495546592	1.7190213938755603	1.7303414491306162	1.7722525518278562	2.2791464529979577	1.9277724857385532	1.9409205232144657	1.8901014692646663	1.935388958405003	-0.32054186033953913	-0.03403449432401179
THD0008_150_17_4	THD0008	THD0008	fold_2	epithelial_transitional	POOLED	1.98139030722747	2.279096801670118	2.044663734528161	2.05891177816865	1.8963928601515618	1.902971888026164	1.8195841950558214	2.2791458824366844	1.963784102489004	2.024523864714273	1.9271518086881523	2.0216382249059213	-0.07752147094118023	-0.03008972175727415
THD0008_150_17_5	THD0008	THD0008	fold_2	epithelial_transitional	POOLED	1.4025732037056	2.2790963443671175	2.213415017128709	2.152061959871024	2.23833468574354	2.230778592075208	2.0772560837363496	2.27914589972642	2.2709359026540583	2.141173682554175	2.2689242580070417	2.1490421562169644	-0.7494887561654242	-0.02973057626102878
THD0008_150_17_6	THD0008	THD0008	fold_2	epithelial_transitional	POOLED	2.28611420953247	2.2790958870641176	2.039882613990054	2.142126535930887	1.7659800565505364	1.7745354151227162	1.9447259453259345	2.279145917016155	2.1115659167211587	2.025999835105697	2.0928000763047034	2.019375703314476	0.14398767360158304	-0.03315283284547453
THD0008_150_18_24	THD0008	THD0008	fold_2	epithelial_transitional	POOLED	1.64067137987667	2.279087489385203	1.982977443190266	2.053802486053809	1.9674458785871223	1.9659632331751014	1.9081262214593284	2.2791473640181716	2.0011461936742356	2.0055993290552774	2.000918045361225	2.008531320007776	-0.4131311061771388	-0.032504190288235105
THD0008_150_18_29	THD0008	THD0008	fold_2	epithelial_transitional	POOLED	1.7411689450329	2.279085202870203	2.0620740652383813	2.2410723656781895	2.061007542743995	2.0709414209588073	2.1698895617190574	2.279147450466849	2.0619858860529616	2.111790847206699	2.0344610196632678	2.1064159326006493	-0.4999034206452895	-0.030963743603613175
THD0008_150_18_3	THD0008	THD0008	fold_2	epithelial_transitional	POOLED	2.14439388495579	2.279097092748203	2.0935846496577954	2.082630585567665	1.91030268298949	1.917994058823853	1.7747063493675157	2.279147000933725	2.19454801069137	2.129944657537776	2.1638692073384473	2.1270626934879453	0.06176329938812497	-0.03112437722949414
THD0008_150_18_30	THD0008	THD0008	fold_2	epithelial_transitional	POOLED	2.06435002042558	2.279084745567203	2.2468095696557047	2.278126731428493	1.9122083005760313	1.928382745272996	1.9552997392747848	2.279147467756585	2.1154151628527593	2.0719895683930045	2.0776879865417346	2.0607702568214243	-0.21377671100291318	-0.032539395935251084
THD0008_150_18_31	THD0008	THD0008	fold_2	epithelial_transitional	POOLED	1.89871065044632	2.2790842882642033	2.2123682155315656	2.2257549789427085	1.8572533829747435	1.8797234442713	1.928946078440743	2.2791474850463205	2.1630407795912254	2.0184034876727646	2.1215047882202938	1.9975893499088193	-0.3270443284963884	-0.033647541777880076
THD0008_150_18_32	THD0008	THD0008	fold_2	epithelial_transitional	POOLED	2.10476929415247	2.2790838309612034	2.1540921240061572	2.156269380943363	1.9884985695133022	2.0111142228555665	1.9714529779359498	2.279147502336056	2.205720769799122	2.186454027782771	2.166269743928173	2.165419749746709	-0.05150008679089302	-0.030556651212420204
THD0008_150_18_33	THD0008	THD0008	fold_2	epithelial_transitional	POOLED	2.14586912048254	2.279083373658203	2.006847924389354	2.130609397332228	2.0837637599482397	2.089207615277695	2.256719172990081	2.2791475196257918	2.1246110851799083	2.101794216476144	2.099736138545347	2.0982197686009703	0.015259723150311988	-0.030422846398567852
THD0008_150_18_34	THD0008	THD0008	fold_2	epithelial_transitional	POOLED	1.7948471712046	2.279082916355203	2.0369393692564906	2.1160557538154197	1.8902888476224577	1.9101929280479784	1.970419788033863	2.279147536915527	2.0578473429110073	2.1799385505775826	2.018819889593764	2.172451327235284	-0.32120858261081975	-0.030882919921681233
THD0008_150_18_35	THD0008	THD0008	fold_2	epithelial_transitional	POOLED	1.7387951101536	2.279082459052203	2.2885634289062042	2.172866634606245	1.8640408145886647	1.886363372457347	1.6718491895262062	2.2791475542052626	1.883625102402747	1.954405992016734	1.8268184084070276	1.9309277334788746	-0.43407152445264474	-0.03152718644183718
THD0008_150_18_36	THD0008	THD0008	fold_2	epithelial_transitional	POOLED	1.99907708556156	2.2790820017492033	2.0192015647580113	2.118241523472383	1.6611133863576115	1.685660374795268	1.817603982279283	2.279147571494998	1.8418989976730098	1.946259294142291	1.7840149353351744	1.9284578520839288	-0.11916443791082298	-0.03309796263733572
THD0008_150_18_37	THD0008	THD0008	fold_2	epithelial_transitional	POOLED	2.11125363131122	2.2790815444462034	1.9130815472146563	1.989784137207281	1.8588497537558506	1.8751921518752384	2.057887255286821	2.279147588784734	2.020021392320542	2.0371231219084334	1.9678379022929302	2.0290876231467436	0.1214694941039387	-0.033444051997599325
THD0008_150_18_4	THD0008	THD0008	fold_2	epithelial_transitional	POOLED	2.25151273750869	2.279096635445203	2.1016842070321076	2.0651479577930436	1.7901872396175762	1.808597878650822	1.8009021703927797	2.2791470182234606	2.031639564080909	2.109812135349435	1.9781674254117372	2.096751241409122	0.18636477971564647	-0.03175140596116715
THD0008_150_18_5	THD0008	THD0008	fold_2	epithelial_transitional	POOLED	1.99806350342715	2.279096178142203	2.066887224657666	2.0954516739445284	1.6739251766526064	1.6917831764215974	1.8930071352125037	2.279147035513196	2.1577329958873577	2.0470552764053815	2.1167644050558745	2.0330840797292757	-0.09738817051737847	-0.03251948103598451
THD0008_150_18_6	THD0008	THD0008	fold_2	epithelial_transitional	POOLED	2.38551995693228	2.2790957208392033	2.1593090610600147	2.1775438280588295	1.909487987938454	1.9207185904883508	1.9281230084029288	2.2791470528029314	2.221736801767469	2.0113905904481415	2.184302418296693	1.9956161004212438	0.20797612887345052	-0.03292822265997998
THD0008_150_19_24	THD0008	THD0008	fold_2	epithelial_transitional	POOLED	2.10378761566606	2.279087323160289	1.9971348304520085	2.0228875413139424	1.8630634983710221	1.8606091686796034	1.8036729071466056	2.279148499804948	1.9597736208135583	1.879863173815714	1.9485470666170852	1.8809496362306377	0.08090007435211755	-0.03299530452878761
THD0008_150_19_25	THD0008	THD0008	fold_2	epithelial_transitional	POOLED	1.81141864072342	2.279086865857289	2.4124600730363177	2.2954096232803454	1.9033383705439024	1.9185293108053298	1.9387659470223828	2.2791485170946832	2.1869470640772173	2.0884934289233237	2.1588367937535007	2.0864194406467935	-0.4839909825569253	-0.03266637527446105
THD0008_150_19_3	THD0008	THD0008	fold_2	epithelial_transitional	POOLED	2.18199600478797	2.2790969265232888	2.193526806244023	2.1167256021807157	2.1013051678697745	2.1086992756704612	1.868244129302328	2.2791481367205013	2.2035228609603514	2.167107299098023	2.179555082151927	2.1653908438682143	0.06527040260725414	-0.030551040073356166
THD0008_150_19_32	THD0008	THD0008	fold_2	epithelial_transitional	POOLED	1.92872503694583	2.2790836647362887	2.206951916422946	2.3106386264798644	1.9786080024250619	2.006761329619483	2.0015903201461707	2.279148638122832	2.107806438559801	2.2518369703340455	2.0477677709632345	2.2272112536100432	-0.3819135895340344	-0.03019081136289116
THD0008_150_19_33	THD0008	THD0008	fold_2	epithelial_transitional	POOLED	2.27890701619849	2.2790832074332887	2.327065112783205	2.272976770188697	2.0388973047459436	2.0555636719362083	1.9864306533553333	2.279148655412568	2.092350393361618	2.2721196412966687	2.05138664446211	2.266160966572054	0.00593024600979275	-0.03019582392449638
THD0008_150_19_35	THD0008	THD0008	fold_2	epithelial_transitional	POOLED	1.5811993841549	2.279082292827289	1.9196310617242471	2.0826657657965857	2.0473511765795154	2.0561472769776215	1.7944892924676668	2.279148689992039	2.2884753998967122	2.434902434180723	2.256504504622793	2.4365003136353978	-0.5014663816416858	-0.031479770288592904
THD0008_150_19_36	THD0008	THD0008	fold_2	epithelial_transitional	POOLED	1.86489699616022	2.2790818355242886	2.2495993903037275	2.154552608607798	1.8453967545240113	1.8688391284212384	1.7398688825067414	2.2791487072817747	1.891666239647881	2.0173720357296046	1.8261073180584453	1.9983357521624132	-0.2896556124475782	-0.03247750215474022
THD0008_150_19_37	THD0008	THD0008	fold_2	epithelial_transitional	POOLED	1.82942444464992	2.2790813782212886	2.1597468646889233	2.24795969130364	1.8567498082300176	1.8846669723206602	2.014608554013279	2.27914872457151	2.3865462619105693	2.2781171293952833	2.3297795662259877	2.257115220539026	-0.41853524665372	-0.03378202887700064
THD0008_150_19_4	THD0008	THD0008	fold_2	epithelial_transitional	POOLED	2.19461496942058	2.279096469220289	2.045491681861461	2.1302344224778844	1.680082424667344	1.6941184401896452	1.8618337386072725	2.2791481540102367	2.1781397161575065	2.1420814594237907	2.1546152492174566	2.132088280547183	0.06438054694269546	-0.03288455112899265
THD0008_150_19_5	THD0008	THD0008	fold_2	epithelial_transitional	POOLED	2.2978348266351	2.279096011917289	2.5166859986246037	2.340851567686431	1.8836584174525046	1.914575436606637	2.008212349297188	2.279148171299972	2.1206772598805292	2.107014094704158	2.0474641485375753	2.0671208381283726	-0.04301674105133113	-0.03157423218793918
THD0008_150_19_6	THD0008	THD0008	fold_2	epithelial_transitional	POOLED	2.29175483817452	2.279095554614289	2.1421116972394003	2.0392298002846867	1.9427497461110945	1.9365217293080057	2.1332008456293123	2.279148188589708	2.384122733180493	2.133835378397646	2.392048649149084	2.138066619166274	0.2525250378898334	-0.033031065041852395
THD0008_150_20_26	THD0008	THD0008	fold_2	epithelial_transitional	POOLED	2.45642355329486	2.2790862423293743	1.9030866520106815	1.8356068982766809	1.7745048003038644	1.7638562566854241	1.7712908450696045	2.2791496701711953	1.8257861021991753	1.9734574462274461	1.8467159256504444	1.9850866733632633	0.6208166550181793	-0.0310869458636766
THD0008_150_20_27	THD0008	THD0008	fold_2	epithelial_transitional	POOLED	2.13515995298362	2.2790857850263744	2.1450420078333376	2.1176057281184555	1.654586979148861	1.6813995342705268	1.700664633129895	2.2791496874609307	1.8894588352889916	1.8644018030723606	1.8375537066842673	1.8411518585062123	0.017554224865164336	-0.03222866928777039
THD0008_150_20_28	THD0008	THD0008	fold_2	epithelial_transitional	POOLED	2.06481802104183	2.2790853277233745	1.9291036920425773	1.9958164236878764	1.7483766062557824	1.7538791731949177	1.8697458905179645	2.279149704750666	1.82042899117542	1.8403792245569632	1.8210756836840487	1.839253693986724	0.0690015973539535	-0.03210730613999464
THD0008_150_20_29	THD0008	THD0008	fold_2	epithelial_transitional	POOLED	1.30052233307559	2.279084870420374	1.8223228693434068	2.027405306142659	1.8677340141206464	1.8568509841151857	1.8530275087131818	2.279149722040402	1.852910963682064	1.968164338483499	1.8818119366192423	1.9818766983820701	-0.7268829730670692	-0.031421066978880016
THD0008_150_20_35	THD0008	THD0008	fold_2	epithelial_transitional	POOLED	1.76609564550508	2.279082126602374	2.0020372813196774	2.1011163278641964	1.6781419424124562	1.702775916922484	1.7229948203680316	2.279149825778815	1.8800333169124692	1.9963533286730228	1.8297857865107687	1.9809144185184682	-0.3350206823591164	-0.033079793034870957
THD0008_150_20_36	THD0008	THD0008	fold_2	epithelial_transitional	POOLED	1.9021602532644	2.2790816692993743	2.015558484456583	2.1025261776637088	1.722641696468156	1.74425557670893	1.9426537216718087	2.279149843068551	2.0602299318498707	2.0735256661044765	2.010713885549299	2.0669560356651435	-0.20036592439930878	-0.03381898514063468
THD0008_150_20_4	THD0008	THD0008	fold_2	epithelial_transitional	POOLED	2.03280437438149	2.2790963029953746	2.5172383085168777	2.2827869801596936	2.0701015898452795	2.0728333473022857	2.0067281705969306	2.279149289797013	2.48096328302605	2.2727728761662225	2.478630258979144	2.2739782160763604	-0.24998260577820375	-0.030649742654933237
THD0008_150_20_5	THD0008	THD0008	fold_2	epithelial_transitional	POOLED	2.38523137250905	2.2790958456923742	2.1719566173858147	2.1019036741357575	1.9981501288980303	2.0014856111374244	1.9320384427570818	2.279149307086749	2.1929241078096733	2.0834779389972398	2.1872327462944234	2.0793166952206605	0.2833276983732924	-0.030851417394081232
THD0008_150_21_28	THD0008	THD0008	fold_2	epithelial_transitional	POOLED	2.51330909797404	2.2790851614984597	2.1903123311419517	2.083973770918613	1.8858950537686092	1.89936727389544	1.8075968591831186	2.2791508405374428	1.8851321682145818	2.1080018158556713	1.8469610034020203	2.0977418439971895	0.4293353270554272	-0.031211461849360536
THD0008_150_21_29	THD0008	THD0008	fold_2	epithelial_transitional	POOLED	1.91561134345822	2.27908470419546	2.0903469284057015	2.087617176120564	1.799814897566937	1.8145183886889464	1.7178494562854816	2.279150857827178	2.072504143064508	1.966016206547308	2.039181688605332	1.954812713571613	-0.17200583266234415	-0.03232579399318908
THD0008_150_21_30	THD0008	THD0008	fold_2	epithelial_transitional	POOLED	1.86720446000141	2.27908424689246	2.1542283570624843	2.170319802873358	1.8667547392221104	1.8860940074638175	1.9881872272971783	2.2791508751169136	2.1041587120588794	1.9202768785937918	2.07325717040648	1.9049395192236145	-0.3031153428719482	-0.03279102780528095
THD0008_150_21_35	THD0008	THD0008	fold_2	epithelial_transitional	POOLED	2.13403321027632	2.27908196037746	1.9864576223928152	2.037031392396188	2.224141598041919	2.232329427668165	1.7728707191145463	2.2791509615655916	2.218415887112797	2.006830570536314	2.1852426582428826	2.003355409050155	0.09700181788013218	-0.030650000549885682
THD0008_150_21_5	THD0008	THD0008	fold_2	epithelial_transitional	POOLED	1.8789401346707	2.27909567946746	2.11843705070274	2.065572074065141	1.8837014393120346	1.897156107117666	1.8858963900760328	2.279150442873525	2.018803931686514	2.0728729115669333	1.9895783913964904	2.0657424211880056	-0.18663193939444112	-0.03183025443096234
THD0008_150_22_15	THD0008	THD0008	fold_2	epithelial_transitional	POOLED	1.71891090917813	2.2790909402125457	2.2398782518479563	2.0282895819195623	1.9329174979845325	1.9524010291219334	1.9599063181275804	2.2791517515576567	2.1031087830404047	2.0254258305019377	2.043710468995699	2.0142792647616874	-0.30937867274143227	-0.030501649004911566
THD0008_150_22_16	THD0008	THD0008	fold_2	epithelial_transitional	POOLED	1.64826817608646	2.2790904829095453	1.8795422567034017	1.956653397961393	1.766809295192878	1.78002119062711	1.7628805893879864	2.279151768847392	2.209942495166609	2.0014631792606656	2.181531556794695	1.9928096963430915	-0.308385221874933	-0.031804887512810284
THD0008_150_22_31	THD0008	THD0008	fold_2	epithelial_transitional	POOLED	2.07797499927724	2.2790836233645453	1.813835278843246	1.96031886574185	2.0141538375166004	2.0059217435190844	2.1149517234820228	2.2791520281934257	2.0333591647099643	2.0216535066652503	2.0370375008450936	2.0301338898721086	0.11765613353538984	-0.032594895123858623
THD0008_150_22_4	THD0008	THD0008	fold_2	epithelial_transitional	POOLED	1.88101768894631	2.2790959705455456	2.061275598586544	2.0929319521321537	1.7587467245917583	1.7707487335209184	1.6535828161658022	2.2791515613705657	1.904274276958477	1.9932271279226943	1.8729360138936622	1.987214687733616	-0.21191426318584372	-0.03170746515948324
THD0008_150_23_14	THD0008	THD0008	fold_2	epithelial_transitional	POOLED	2.12439601836879	2.279091231290631	1.8884243428415153	1.8400547571841923	1.7103762250280434	1.7206459392508524	1.6189154923103355	2.2791528700546975	2.0904836672112426	1.991854016306561	2.0597653997364405	1.9942282392352175	0.2843412611845977	-0.03192043641213864
THD0008_150_23_18	THD0008	THD0008	fold_2	epithelial_transitional	POOLED	1.25610328269755	2.279089402078631	2.2117979517522786	2.1841262505374237	2.0543902136966663	2.064464861179329	1.9937797254401055	2.2791529392136396	2.078213708036032	2.2562653292919417	2.0519175298491104	2.249468591561617	-0.9280229678398737	-0.03179707295404432
THD0008_150_23_19	THD0008	THD0008	fold_2	epithelial_transitional	POOLED	1.34934149466768	2.279088944775631	1.9005777604846283	1.9274447493128686	1.8639885465111603	1.857078569764813	2.0453199840575578	2.279152956503375	1.972933013850693	2.0114390360326264	1.9889178182341865	2.0215628457928134	-0.5781032546451885	-0.03360269790271411
THD0008_150_24_17	THD0008	THD0008	fold_2	epithelial_transitional	POOLED	1.48918317814962	2.2790896931567164	2.072484872105835	2.077606975319914	1.9503882441683311	1.9688824198024997	1.7229694076215154	2.2791540577106804	2.1277298631745416	2.1143274317667164	2.0894533763091903	2.0988640296370353	-0.5884237971702939	-0.03120479961851717
THD0008_150_24_18	THD0008	THD0008	fold_2	epithelial_transitional	POOLED	1.04633627750894	2.2790892358537165	2.1638599886013914	2.139914983686701	1.958774296433571	1.9685872745676347	1.9583444285111788	2.279154075000416	2.118893097212727	2.1022657837120544	2.101573579712035	2.0953298465782466	-1.093578706177761	-0.03211879639168068
THD0008_150_24_19	THD0008	THD0008	fold_2	epithelial_transitional	POOLED	1.06429999364873	2.2790887785507166	2.0323669377907225	2.028322073818783	2.0447573723122745	2.0393534725887106	2.154486810808406	2.279154092290151	2.541946571215939	2.2692204492306276	2.5806315743745687	2.2856604121067225	-0.9640220801700528	-0.032634143315965904
THD0008_150_24_20	THD0008	THD0008	fold_2	epithelial_transitional	POOLED	1.04955284899937	2.2790883212477167	2.031931235434298	1.9496231636915067	2.10222672036432	2.092413599719048	2.1331559920077154	2.279154109579887	2.374130007067047	2.3616336292634155	2.409320238902858	2.384326873893961	-0.9000703146921367	-0.03046604722477131
THD0008_150_25_13	THD0008	THD0008	fold_2	epithelial_transitional	POOLED	1.41923283513303	2.279091356143802	2.0283499083919536	1.9771859173054827	1.9012831347686001	1.8898518196065526	1.9112079891601845	2.2791551243385144	2.0073185046148048	1.8948562723624558	2.0250067215234524	1.905739788445546	-0.5579530821724528	-0.033701950964427733
THD0008_150_25_17	THD0008	THD0008	fold_2	epithelial_transitional	POOLED	1.02442338591616	2.279089526931802	1.596005973867816	1.8109189272396753	1.7726525145738252	1.7733788717015573	1.8173243911038603	2.2791551934974565	2.071737913887928	1.8700350210466823	2.065426372022948	1.8721695637252158	-0.7864955413235153	-0.032484946525765716
THD0008_150_25_19	THD0008	THD0008	fold_2	epithelial_transitional	POOLED	0.754459705512662	2.2790886123258023	2.2874334524216855	2.174872620467114	2.1206381444035114	2.1295083317828496	2.202845158561881	2.279155228076928	2.385324261911998	2.348148427139854	2.3814870538789883	2.3439575458728497	-1.420412914954452	-0.03193918025070659
THD0008_150_25_20	THD0008	THD0008	fold_2	epithelial_transitional	POOLED	0.932339491007784	2.279088155022802	1.9925813754304835	1.9639600937897057	2.2387888870572326	2.2273911490554843	2.200539184634041	2.2791552453666633	2.3532591225216644	2.3324482812906164	2.3891656781369055	2.3509636076883593	-1.0316206027819217	-0.029857512894694148
THD0008_150_27_15	THD0008	THD0008	fold_2	epithelial_transitional	POOLED	1.73189297355693	2.2790901090879734	2.366345676623009	2.1464287933298065	1.8837461166895777	1.898320806153413	1.904476630426317	2.279157430491538	2.23072463875228	1.987775419365117	2.210590443939705	1.9778971329741204	-0.41453581977287657	-0.03122104473541617
THD0008_150_27_16	THD0008	THD0008	fold_2	epithelial_transitional	POOLED	1.30610020882033	2.2790896517849735	1.7954013444098216	1.8544652390585559	1.6982652889322738	1.694445697367633	1.7979581852581883	2.2791574477812735	2.040425952695773	1.8673762739801494	2.0616787821853957	1.8792931249058697	-0.5483650302382259	-0.03250081621380679
THD0008_150_27_17	THD0008	THD0008	fold_2	epithelial_transitional	POOLED	1.40469428589717	2.279089194481973	1.6871715004462922	1.7227305148033882	1.7885306096583122	1.770661328168929	1.9110105878727874	2.279157465071009	1.8703446708838756	1.921102991631693	1.9036328366491237	1.9450123869609308	-0.3180362289062182	-0.032286754106130064
THD0008_150_27_18	THD0008	THD0008	fold_2	epithelial_transitional	POOLED	1.33537174764291	2.279088737178973	1.8358878852928981	1.8685539736506513	1.8260735663238103	1.8188442050735083	1.9175557442100222	2.279157482360745	2.1697579507976146	2.1413502448328483	2.193834461007859	2.1627172967117545	-0.5331822260077415	-0.03304437716313363
THD0008_150_27_19	THD0008	THD0008	fold_2	epithelial_transitional	POOLED	1.47890268545488	2.2790882798759733	2.207518136961212	2.030587011178587	1.9869777500147885	1.9892138179106056	1.9927812318743263	2.27915749965048	2.322224154341405	2.1733632060035277	2.3233311586230805	2.181154601668882	-0.5516843257237072	-0.03308319530547214
THD0008_150_27_20	THD0008	THD0008	fold_2	epithelial_transitional	POOLED	1.37734282847183	2.2790878225729734	1.9264142341445996	1.9583776890370101	1.8755346598424016	1.8771369192088654	1.9428319497616984	2.2791575169402156	2.2625815660222486	2.2261593995631843	2.2677844622249363	2.2336112157593133	-0.5810348605651801	-0.031288743227355885
THD0008_150_27_21	THD0008	THD0008	fold_2	epithelial_transitional	POOLED	1.30384943034926	2.2790873652699735	1.9751111664000212	2.0068120099694027	2.143276761982577	2.1434207605109132	2.057518935984282	2.2791575342299515	2.3635114306666676	2.2592676881779314	2.3810449857157208	2.2698777187839743	-0.7029625796201426	-0.029721528914406516
THD0008_150_28_13	THD0008	THD0008	fold_2	epithelial_transitional	POOLED	1.69534660731675	2.279090857469059	2.327512857610677	2.3769556297409267	2.277245535476314	2.296007885633159	2.0977118500797958	2.279158531698843	2.6673004367514084	2.5310983885823948	2.6285993272220582	2.526105717006246	-0.6816090224241766	-0.032473976050500036
THD0008_150_28_14	THD0008	THD0008	fold_2	epithelial_transitional	POOLED	1.25895203565665	2.279090400166059	2.14128031118321	2.1426753230208777	1.7852831281110753	1.8110346344766262	1.7779640893845339	2.279158548988579	2.0115375253112666	2.022488767663524	1.9684713648956969	2.0069077645045437	-0.8837232873642278	-0.03164881150906053
THD0008_150_28_15	THD0008	THD0008	fold_2	epithelial_transitional	POOLED	1.9336540383136	2.2790899428630587	2.020043429848869	2.0705221197933685	1.6852654642349034	1.7206527337954391	1.7829159443508764	2.2791585662783143	2.0792352626973005	1.97896618492612	2.0135676772037243	1.9542850882264888	-0.13686808147976848	-0.031912663688703574
THD0008_150_28_16	THD0008	THD0008	fold_2	epithelial_transitional	POOLED	0.938580506708367	2.2790894855600587	1.9821686573252018	1.8852801237327403	1.757728971697412	1.7648381330374572	1.877217757806355	2.2791585835680497	2.11581236209118	1.959421353918135	2.1084212200597827	1.957427508877572	-0.9466996170243733	-0.03217608891596621
THD0008_150_28_19	THD0008	THD0008	fold_2	epithelial_transitional	POOLED	0.9420259833446	2.279088113651059	2.1409371409491977	2.061059308198448	1.9588185052239582	1.9617226308308773	2.0405820477693233	2.2791586354372564	2.287305725713965	2.186454918920262	2.2929900824926026	2.196037082038472	-1.1190333248538478	-0.03318576475353695
THD0008_150_28_20	THD0008	THD0008	fold_2	epithelial_transitional	POOLED	1.74316339032616	2.2790876563480587	1.992374174342043	1.9958820048548895	2.225224132725991	2.214364702680701	2.050321647836307	2.279158652726992	2.4220880459926124	2.3500707961060296	2.438243164346915	2.3690327123993615	-0.25271861452872946	-0.029520724899825417
THD0008_150_28_21	THD0008	THD0008	fold_2	epithelial_transitional	POOLED	2.56437122902411	2.2790871990450587	2.323127866677662	2.117934591019089	2.2786314380563644	2.2560791915594907	2.2185143714685127	2.2791586700167277	2.380088305194146	2.347104387567121	2.4301507862057283	2.3804156360214965	0.44643663800502065	-0.029838762233906364
THD0008_150_28_22	THD0008	THD0008	fold_2	epithelial_transitional	POOLED	2.14614886567166	2.279086741742059	2.2333797651436873	2.22440712705176	2.153040001432908	2.144594423824014	1.8498519624084784	2.279158687306463	2.2047618849919246	2.266170404307205	2.2321872000163845	2.2789722764977953	-0.07825826138010017	-0.030607206452241922
THD0008_150_29_14	THD0008	THD0008	fold_2	epithelial_transitional	POOLED	1.50650727399022	2.2790902339411443	1.8341201291582703	2.09365795446039	1.9782963953253787	2.0019501891370934	1.8918756983170115	2.279159684775355	2.2149943773808514	2.054108244592062	2.1665324117855853	2.0358068390121953	-0.58715068047017	-0.03041942190850354
THD0008_150_29_15	THD0008	THD0008	fold_2	epithelial_transitional	POOLED	1.81245488947861	2.2790897766381444	2.080265657027906	1.9891399347562744	1.9670587669153827	1.9820076293824769	1.8369014341697247	2.2791597020650904	2.2684334232973566	2.0671493119624795	2.2373440084879817	2.057632196437856	-0.17668504527766427	-0.030402697580509137
THD0008_150_29_17	THD0008	THD0008	fold_2	epithelial_transitional	POOLED	1.3853574953862	2.2790888620321446	2.0458432425569852	1.9706987951351929	2.0263306237798098	2.0336804222155958	1.9673394162982065	2.2791597366445617	2.0416097104464073	1.9529033343045699	2.015063298048044	1.9487806112850246	-0.5853412997489928	-0.031218967638017764
THD0008_150_29_19	THD0008	THD0008	fold_2	epithelial_transitional	POOLED	1.52737215956888	2.2790879474261443	1.877268629504647	1.9350678554211949	1.8726904776653424	1.8728430756109833	2.076981120243448	2.2791597712240326	2.171116448541215	2.0211675719541264	2.1712080853510045	2.0277555199851345	-0.4076956958523148	-0.032920800874377314
THD0008_150_29_20	THD0008	THD0008	fold_2	epithelial_transitional	POOLED	1.46231683570949	2.2790874901231444	1.9952408305552325	1.9246756190222591	1.6757119295312068	1.6882809091483837	1.7212882639019251	2.2791597885137684	1.8517186951941664	1.9656531536672075	1.8333049828665589	1.9610947725303731	-0.46235878331276914	-0.031878616865979245
THD0008_150_29_21	THD0008	THD0008	fold_2	epithelial_transitional	POOLED	1.87028372047392	2.2790870328201445	1.9958711349706224	2.08906227166939	1.9241770243560552	1.9333899122877956	1.798815021542123	2.279159805803504	2.133366552521434	2.2193738699461094	2.109514369994689	2.212846947401869	-0.21877855119546985	-0.03062354874627534
THD0008_150_29_22	THD0008	THD0008	fold_2	epithelial_transitional	POOLED	1.89543938076201	2.2790865755171446	2.326111147430711	2.2461135884346617	2.109681004727824	2.10028827936408	2.150041989219894	2.2791598230932393	2.3404929420543903	2.308670588322542	2.36269530084834	2.32349653814583	-0.35067420767265167	-0.030308300109740803
THD0008_150_29_23	THD0008	THD0008	fold_2	epithelial_transitional	POOLED	2.43577828093315	2.279086118214144	2.6107169742784713	2.4734310365068004	2.560900547131841	2.5509631458024495	2.3268002596418995	2.2791598403829747	2.659986226684542	2.6255240423356137	2.6951696616911733	2.6382015264692598	-0.03765275557365033	-0.02981645676198947
THD0008_150_29_24	THD0008	THD0008	fold_2	epithelial_transitional	POOLED	2.43471295630813	2.2790856609111443	2.5890351536049705	2.5846382482734582	2.5379212558982784	2.5420139595195543	2.1823337984779347	2.2791598576727106	2.6861408442765784	2.6770336679836904	2.685380958345465	2.669242940453789	-0.14992529196532844	-0.031179212175260398
THD0008_150_29_25	THD0008	THD0008	fold_2	epithelial_transitional	POOLED	2.45358424669257	2.2790852036081444	2.6269843106676083	2.544327328331919	2.4824132351970696	2.476306576133479	2.1809690798486963	2.279159874962446	2.4934110587718465	2.492334772913663	2.5104146199085036	2.4949814700964716	-0.09074308163934885	-0.030637664669883657
THD0008_150_29_26	THD0008	THD0008	fold_2	epithelial_transitional	POOLED	2.34285637514128	2.2790847463051445	2.5091936311526717	2.4541393142368118	2.469882009490872	2.458077231620404	2.0090169893361116	2.2791598922521814	2.487838166693418	2.428811224110454	2.5210098084142256	2.435134880408679	-0.11128293909553166	-0.029571266842670557
THD0008_150_29_27	THD0008	THD0008	fold_2	epithelial_transitional	POOLED	2.56321960095876	2.2790842890021445	2.595791716251742	2.4934194597627752	2.49625887244255	2.4913352645203726	2.0809224925079572	2.2791599095419173	2.431833060788822	2.578825374150152	2.439123221947593	2.577765590735287	0.06980014119598454	-0.029661058372603386
THD0008_150_29_30	THD0008	THD0008	fold_2	epithelial_transitional	POOLED	1.54604089502133	2.2790829170931444	1.9384513579153766	1.8312351962834672	1.9042040407796832	1.8958450515291192	1.84101466734975	2.279159961411124	2.343931541754958	2.1660702331809656	2.3738755121497404	2.1843885237142837	-0.2851943012621372	-0.03294958747590541
THD0008_150_30_15	THD0008	THD0008	fold_2	epithelial_transitional	POOLED	1.64682632427268	2.27908961041323	1.8733147529848964	2.064056815169101	2.1463657903706697	2.1604046171750944	1.7958013997222606	2.2791608378518666	2.2500872974258788	2.1569048247839846	2.2167580463580525	2.1432228457388254	-0.41723049089642106	-0.029724171784049954
THD0008_150_30_16	THD0008	THD0008	fold_2	epithelial_transitional	POOLED	1.6657896271661	2.2790891531102297	2.050284931875611	1.9424051989014672	1.7053385078908125	1.7197813970140485	1.6569463673430678	2.2791608551416025	1.8611603615884067	1.7623706220293383	1.8201319809497245	1.74787893654042	-0.2766155717353673	-0.03193248191014954
THD0008_150_30_17	THD0008	THD0008	fold_2	epithelial_transitional	POOLED	1.47144485303879	2.27908869580723	2.060323851197117	1.984016016505811	1.800725920357601	1.8124588678476454	1.784587954745858	2.279160872431338	2.204786304174219	1.8977839225161317	2.1844108730185545	1.8887951210847627	-0.5125711634670209	-0.03271026310545626
THD0008_150_30_20	THD0008	THD0008	fold_2	epithelial_transitional	POOLED	1.22106159835679	2.27908732389823	1.8560670963486383	1.9068433125944368	1.9066178536405356	1.9077207725345988	1.9882618608566829	2.2791609243005446	1.960277612447221	2.044605129878548	1.961357140810014	2.0480571016532787	-0.6857817142376468	-0.030494059838601335
THD0008_150_30_21	THD0008	THD0008	fold_2	epithelial_transitional	POOLED	1.76426006737336	2.2790868665952297	2.13460717906445	2.0659144359422736	2.0517010555471233	2.068212412139281	1.9492947761904706	2.27916094159028	2.1895023003942247	2.2044299517960084	2.1574799097016224	2.193645120293032	-0.3016543685689137	-0.03059744328433132
THD0008_150_30_22	THD0008	THD0008	fold_2	epithelial_transitional	POOLED	2.08933472782563	2.27908640929223	2.1187382167651694	2.139713590385594	2.0124607109051906	2.0217434228672113	1.7193140093697736	2.2791609588800155	2.312204557940936	2.2677831029746978	2.2974189444884927	2.2659538109609976	-0.050378862559964155	-0.0307431812231228
THD0008_150_30_23	THD0008	THD0008	fold_2	epithelial_transitional	POOLED	2.3644727052968	2.27908595198923	2.471362341318623	2.4270391271595333	2.4921809103233277	2.487400901260009	2.3372469770820072	2.2791609761697513	2.4837118444182646	2.419533701634555	2.497873567440392	2.4264272936554154	-0.06256642186273309	-0.02996776496040177
THD0008_150_30_24	THD0008	THD0008	fold_2	epithelial_transitional	POOLED	2.59578327293133	2.27908549468623	2.6017643730903703	2.480643576587205	2.5292067066013924	2.51738472452341	2.3730268574181292	2.2791609934594868	2.3981149657843868	2.4926554408297803	2.4273274108842795	2.499271487191499	0.11513969634412513	-0.030181816106923533
THD0008_150_30_25	THD0008	THD0008	fold_2	epithelial_transitional	POOLED	2.53048979495245	2.27908503738323	2.4492579171762716	2.384977554815674	2.4392727770503817	2.4226124732506498	2.2954016840236475	2.279161010749222	2.47321650124567	2.4133045840193246	2.5052910028533795	2.4270345042377905	0.14551224013677588	-0.031147474419179543
THD0008_150_30_26	THD0008	THD0008	fold_2	epithelial_transitional	POOLED	2.37690105369674	2.2790845800802297	2.4576924932739526	2.4526968478112554	2.4663060554012786	2.4520526714799873	2.178569460931821	2.279161028038958	2.4274164111603227	2.413736782033099	2.4546385698115545	2.4265586813042015	-0.07579579411451531	-0.029646189082254873
THD0008_150_30_27	THD0008	THD0008	fold_2	epithelial_transitional	POOLED	2.43685033164937	2.27908412277723	2.5417245609624923	2.4990857791100085	2.5161130711590363	2.508832165914467	2.1091419896526142	2.2791610453286935	2.532819236724035	2.5898462863635983	2.542054614840311	2.5863358203708864	-0.06223544746063858	-0.029695048513906835
THD0008_150_30_28	THD0008	THD0008	fold_2	epithelial_transitional	POOLED	2.58440011680908	2.27908366547423	2.5214709496696046	2.502460272009506	2.4292911120870335	2.427226563084191	2.043757540007209	2.279161062618429	2.49809370302228	2.4357289443134915	2.502334462450474	2.4328080167431696	0.08193984479957406	-0.029860933876389523
THD0008_150_30_29	THD0008	THD0008	fold_2	epithelial_transitional	POOLED	2.08027643737647	2.27908320817123	2.337282316037229	2.3039622055861217	2.3635754706917877	2.3588135171128872	2.175397630637945	2.2791610799081643	2.3064489360489415	2.4130611521993686	2.312832902614946	2.42020309726127	-0.22368576820965158	-0.030025665312196068
THD0008_150_31_16	THD0008	THD0008	fold_2	epithelial_transitional	POOLED	1.69308665453785	2.2790889868853155	1.7680528469620973	1.858344041238195	1.806566538636108	1.8115295063861487	1.706697195499616	2.2791619909283787	1.976154150738778	1.9464111629291	1.951162079271829	1.9448152228729803	-0.16525738670034507	-0.03163681094271438
THD0008_150_31_17	THD0008	THD0008	fold_2	epithelial_transitional	POOLED	1.4469608404268	2.2790885295823156	1.8954845717477786	1.8852612770023716	1.7481275008960702	1.7533768454082712	1.7172880210777648	2.279162008218114	2.1329138198983872	1.9673644317567593	2.1120269307937827	1.9611983898443146	-0.4383004365755716	-0.03260013651461053
THD0008_150_31_18	THD0008	THD0008	fold_2	epithelial_transitional	POOLED	1.33788672669394	2.2790880722793156	2.138919005148298	2.0118676645685363	1.9766540239346337	1.9837018974621623	1.9951256970862996	2.2791620255078495	2.254854279384662	2.159794182844366	2.24700431410313	2.153699178478912	-0.6739809378745962	-0.03284550005094777
THD0008_150_31_19	THD0008	THD0008	fold_2	epithelial_transitional	POOLED	1.28292604594915	2.2790876149763157	1.9069678861070756	1.9437428786384368	1.8580534671562858	1.8638867471742153	1.969655289559837	2.2791620427975854	2.133660441422739	2.1721204719215614	2.1237202153890897	2.1726985662822673	-0.6608168326892867	-0.03351073621231648
THD0008_150_31_20	THD0008	THD0008	fold_2	epithelial_transitional	POOLED	1.7252720038457	2.2790871576733154	2.053513333344987	1.9941030425783905	1.9540846400717036	1.9603085757203473	1.8973336558036897	2.279162060087321	2.2363031378894322	2.25043907839048	2.2453274476391103	2.256552081064733	-0.26883103873269065	-0.0303286315502105
THD0008_150_31_21	THD0008	THD0008	fold_2	epithelial_transitional	POOLED	1.85107033127931	2.2790867003703155	2.10983660120915	2.0669592726467165	1.928419728104806	1.94721668141782	1.9369592083246032	2.2791620773770562	2.1971963369279335	2.116145583402348	2.180410924418505	2.10689170212944	-0.21588894136740655	-0.030255948800405455
THD0008_150_31_22	THD0008	THD0008	fold_2	epithelial_transitional	POOLED	1.30427949830787	2.2790862430673156	1.8705776323875525	1.9500032468189095	1.864848451932373	1.8676903865421164	1.9646295052232507	2.279162094666792	2.144426479237674	1.8816238143573936	2.1449832364019437	1.8848359938665296	-0.6457237485110394	-0.03110645198976318
THD0008_150_31_23	THD0008	THD0008	fold_2	epithelial_transitional	POOLED	1.20970549080185	2.2790857857643156	2.1540995184767024	2.058556220530449	1.9263252204035166	1.9190634114200003	1.858790124394079	2.2791621119565275	2.073459383974781	2.0939895259016477	2.093154937188404	2.1068718244653857	-0.8488507297285988	-0.031548012194882756
THD0008_150_31_24	THD0008	THD0008	fold_2	epithelial_transitional	POOLED	1.14299810046274	2.2790853284613157	2.0783408334033653	2.077141883210199	2.03534169151542	2.0397521393345825	2.0926272101198378	2.279162129246263	2.1793621562720658	2.1377841355369234	2.166675021036255	2.1382648779438505	-0.9341437827474588	-0.03170684901236834
THD0008_150_31_25	THD0008	THD0008	fold_2	epithelial_transitional	POOLED	2.14866691623312	2.2790848711583154	1.9341940533608424	2.0786152774264206	1.9014020357720276	1.9142339031347766	2.0251642338760614	2.2791621465359984	2.230408142515513	2.18778201549849	2.1967985530485308	2.180244992174313	0.0700516388066994	-0.033042269334349186
THD0008_150_31_26	THD0008	THD0008	fold_2	epithelial_transitional	POOLED	2.21870638313727	2.2790844138553155	2.409116483645668	2.296957691957522	2.411807142222226	2.410878801512102	2.2420581120830283	2.279162163825734	2.602949894422406	2.5726138317867684	2.610044020123204	2.585750517019982	-0.07825130882025189	-0.02953644202914777
THD0008_150_31_27	THD0008	THD0008	fold_2	epithelial_transitional	POOLED	2.36313418778533	2.2790839565523155	2.4986945081624627	2.455926443018097	2.3789806222421706	2.377210459670422	2.071771466448217	2.2791621811154696	2.4236920985584187	2.4943096231620117	2.4205530281159753	2.4951395850074256	-0.09279225523276713	-0.0299121098415153
THD0008_150_31_28	THD0008	THD0008	fold_2	epithelial_transitional	POOLED	2.48943074474816	2.2790834992493156	2.5177119342925933	2.4607580590403972	2.4584444224467976	2.4503478924925606	2.069546006012629	2.279162198405205	2.443652580508796	2.481997269105829	2.447830578497454	2.4854106314772535	0.028672685707762824	-0.029510946962321996
THD0008_150_31_29	THD0008	THD0008	fold_2	epithelial_transitional	POOLED	2.79084646481626	2.2790830419463157	2.3569736388656595	2.289893114489144	2.568494815391678	2.550930081266016	2.167398321105192	2.279162215694941	2.315100058106432	2.4760986669660277	2.3303120921780947	2.489999175768281	0.5009533503271157	-0.029876392054351428
THD0008_150_32_16	THD0008	THD0008	fold_2	epithelial_transitional	POOLED	2.06729331810961	2.279088820660401	1.9245601173974476	2.0660013144896054	2.1307821571872734	2.128190534528872	2.043669868660875	2.279163126715155	2.0679260383941225	2.0997758546229557	2.0653326709729227	2.1021021959917583	0.0012920036200045892	-0.030173967618210246
THD0008_150_32_17	THD0008	THD0008	fold_2	epithelial_transitional	POOLED	1.59095601475423	2.2790883633574013	1.8844229797625156	1.8692827432076882	2.051179685827086	2.039542720926992	1.8433992480025128	2.2791631440048903	2.336965684834545	2.166265102534469	2.358230618293831	2.1814217845699364	-0.27832672845345807	-0.03069122539884943
THD0008_150_32_18	THD0008	THD0008	fold_2	epithelial_transitional	POOLED	1.50530054575134	2.279087906054401	1.8753647100994963	1.9121267602157335	1.875992355896579	1.8843183776096475	1.824777369956438	2.279163161294626	2.1743151780909007	2.0889199453123837	2.1544945931174437	2.088848679457513	-0.4068262144643935	-0.03315611676809769
THD0008_150_32_19	THD0008	THD0008	fold_2	epithelial_transitional	POOLED	1.30927782904599	2.279087448751401	1.9784371273504915	1.9030384271856131	2.156124699231049	2.144977737581533	2.0207417884875607	2.2791631785843616	2.2930264399536973	2.2800530184538736	2.3081650403087606	2.2985592995618145	-0.593760598139623	-0.03218713510739637
THD0008_150_32_20	THD0008	THD0008	fold_2	epithelial_transitional	POOLED	1.54837953281541	2.279086991448401	2.0663377914709065	2.055982593301659	1.7546686652305807	1.774155533002963	1.8040077206078728	2.279163195874097	2.075756230616349	1.9961205641844737	2.0537325686132712	1.9835707058530554	-0.5076030604862491	-0.03164924928418299
THD0008_150_32_21	THD0008	THD0008	fold_2	epithelial_transitional	POOLED	1.8529549650655	2.279086534145401	2.096859845058344	2.027717328582217	1.8202264711898635	1.827842670897117	1.8143442324158658	2.2791632131638324	2.0838698667998976	1.967928659841645	2.0694010086783385	1.9648483309657274	-0.17476236351671703	-0.031216742701089394
THD0008_150_32_22	THD0008	THD0008	fold_2	epithelial_transitional	POOLED	1.0059640709362	2.2790860768424013	1.8687963456785208	1.8667310395117362	1.84810681394482	1.8461857751045316	1.8815653583201624	2.2791632304535683	2.0729255392350647	1.9485023075402312	2.0536942114792587	1.951312762831534	-0.8607669685755361	-0.03109938150320074
THD0008_150_32_23	THD0008	THD0008	fold_2	epithelial_transitional	POOLED	1.41749620491287	2.279085619539401	1.737484514910461	1.8342098971987062	1.7270703000442769	1.7341288510646922	1.7519706794560486	2.2791632477433037	2.08797367183712	1.8936883838105114	2.0712526369584583	1.894028834520094	-0.4167136922858361	-0.032550057155946
THD0008_150_32_25	THD0008	THD0008	fold_2	epithelial_transitional	POOLED	1.27891354647834	2.279084704933401	1.9488549972696787	1.9437484228934219	2.056542367420138	2.0635354516993614	2.0097532805026836	2.279163282322775	2.310499047826662	2.2133409369458326	2.2933670216171755	2.214585114786007	-0.6648348764150818	-0.03232708188507195
THD0008_150_32_26	THD0008	THD0008	fold_2	epithelial_transitional	POOLED	1.04810634538516	2.279084247630401	2.0591791266823245	2.114885504919186	1.9649471673352117	1.9833087661814741	1.6940207855236225	2.2791632996125104	1.9458926929328384	1.9478713911473367	1.9025004619229193	1.9291822352482177	-1.0667791595340261	-0.030025031374611745
THD0008_150_32_27	THD0008	THD0008	fold_2	epithelial_transitional	POOLED	2.18756581345468	2.2790837903274013	2.3181617541381097	2.3845023614049925	2.2487926040959825	2.2499264550424414	2.0759086152944444	2.279163316902246	2.3818194140509585	2.4039019832228976	2.378331568741956	2.4074748832886956	-0.19693654795031268	-0.029884900719611283
THD0008_150_32_28	THD0008	THD0008	fold_2	epithelial_transitional	POOLED	2.26615905854999	2.279083333024401	2.335243486079025	2.2700982610374254	2.341138184522416	2.3312211910005427	2.2256277643206084	2.2791633341919812	2.3176735871279184	2.3434154283610686	2.332616242267082	2.3561095286141964	-0.003939202487435622	-0.029753038178160596
THD0008_150_33_17	THD0008	THD0008	fold_2	epithelial_transitional	POOLED	1.65501352493226	2.2790881971324866	1.8760831063743482	2.1705750921372218	2.1244550980416923	2.1566022886249128	2.061514266993955	2.2791642797916665	2.284917828521668	2.089674883914467	2.168136026765154	2.066047841090032	-0.5155615672049618	-0.0313865603543429
THD0008_150_33_18	THD0008	THD0008	fold_2	epithelial_transitional	POOLED	1.55187449663609	2.2790877398294866	1.977263062198808	1.822228194598486	1.8511025015210594	1.8504024238324268	1.739526757439899	2.2791642970814023	2.0278033765466787	1.9838082663756027	2.031406007597496	1.987043877208771	-0.27035369796239594	-0.032894985756047365
THD0008_150_33_19	THD0008	THD0008	fold_2	epithelial_transitional	POOLED	1.45743522343456	2.2790872825264867	1.79481747062137	1.9089984443780517	1.9121146168159613	1.9095485867977753	1.8984569041892336	2.2791643143711378	2.1870083674326484	2.2063347369536093	2.1809853948314757	2.2192318652338128	-0.45156322094349166	-0.0333165903582696
THD0008_150_33_20	THD0008	THD0008	fold_2	epithelial_transitional	POOLED	1.08887622162045	2.279086825223487	2.1655247038296985	2.0461866210955924	2.2492056439101837	2.2519000129173987	1.9994430115617037	2.279164331660873	2.190995891138882	2.2954431866468634	2.174427120197217	2.2972743804212588	-0.9573103994751424	-0.029410208462944037
THD0008_150_33_21	THD0008	THD0008	fold_2	epithelial_transitional	POOLED	1.85348699903004	2.2790863679204865	2.0343736530258365	2.0385814589335003	1.868223186219295	1.8895548622755016	1.7740376624190186	2.279164348950609	2.1056638805631445	1.9274372837545242	2.0650372914462007	1.908467738609488	-0.1850944599034603	-0.030389665609418724
THD0008_150_33_22	THD0008	THD0008	fold_2	epithelial_transitional	POOLED	1.50982236440901	2.2790859106174866	1.9631364831628693	1.945665448717228	1.9019604171574822	1.9159377406557851	1.930207534372797	2.2791643662403445	2.054316578419967	1.9573101044535937	2.0097316436313695	1.949373728747976	-0.43584308430821794	-0.03082572525831369
THD0008_150_33_23	THD0008	THD0008	fold_2	epithelial_transitional	POOLED	1.28443559916326	2.2790854533144866	2.154109666881342	2.0106340569207157	1.9353596081329834	1.9505579306706793	1.6973586401795622	2.27916438353008	2.1022184305367904	2.1040188049978914	2.0530525172082346	2.092379457892744	-0.7261984577574558	-0.03146468676549426
THD0008_150_33_24	THD0008	THD0008	fold_2	epithelial_transitional	POOLED	1.48272846591836	2.2790849960114867	1.8713800120152373	1.8964113383109988	2.096896761810411	2.104160860695629	1.9933247112022812	2.2791644008198153	2.31476871447801	2.2110345809085183	2.293329441968484	2.2148161852763693	-0.4136828723926389	-0.03199840646612322
THD0008_150_3_19	THD0008	THD0008	fold_2	epithelial_transitional	POOLED	1.11458670919872	2.27909226927392	2.1361117757598413	2.161244776975031	1.987279539044903	2.0046684525118086	2.1043248744584955	2.27913024076785	1.965314359931721	2.067399161793875	1.902420939876071	2.0502444549620322	-1.0466580677763109	-0.03314909562221682
THD0008_150_3_20	THD0008	THD0008	fold_2	epithelial_transitional	POOLED	2.29951664008498	2.2790918119709196	2.1290040428799046	2.0916506464776887	2.025218615233968	2.03863963382089	2.0049462089415155	2.2791302580575854	2.0666112467100457	2.179994617676647	2.0201666273524346	2.168664365475247	0.20786599360729108	-0.02990519986614364
THD0008_150_4_14	THD0008	THD0008	fold_2	epithelial_transitional	POOLED	2.15171180997787	2.2790943895640052	1.967073472032295	2.0069565231674655	2.351496329839068	2.344841035231549	2.003520974944615	2.279131290105948	2.4983044396845417	2.2766965903426146	2.5143107961402005	2.2812013120272088	0.14475528681040428	-0.028382721311280643
THD0008_150_4_15	THD0008	THD0008	fold_2	epithelial_transitional	POOLED	1.70482051699169	2.2790939322610053	2.121031735739554	2.058293849487185	1.9288316883981744	1.9419148104448059	1.7671888359803898	2.279131307395684	2.1619610620149454	2.0532088819895025	2.1360101155383115	2.0410491272202806	-0.35347333249549506	-0.03019281790115527
THD0008_150_4_16	THD0008	THD0008	fold_2	epithelial_transitional	POOLED	1.96590672218915	2.2790934749580054	2.0416899165099105	2.1534804693542036	2.0946855620875646	2.107086719421195	2.008279493009405	2.2791313246854195	2.2884405465241056	2.168030661988187	2.2414738630403046	2.1500969885660917	-0.1875737471650536	-0.03015047691924045
THD0008_150_4_17	THD0008	THD0008	fold_2	epithelial_transitional	POOLED	1.43116507457409	2.2790930176550055	2.071538676319849	2.0578755861240166	1.958174802011834	1.9768612686270246	1.8212098400351335	2.279131341975155	2.155612121803887	2.0454167118435773	2.102485597673604	2.027216238299422	-0.6267105115499265	-0.03158540072226642
THD0008_150_5_12	THD0008	THD0008	fold_2	epithelial_transitional	POOLED	2.11762768816846	2.2790951379450908	1.7278435938169356	1.6674156252824444	1.9375783387297691	1.9027294813837277	1.7933404875560695	2.2791323913132535	2.0370461838622593	2.0757244349330133	2.1064655904819074	2.1128559376411626	0.4502120628860158	-0.03189020923218008
THD0008_150_5_13	THD0008	THD0008	fold_2	epithelial_transitional	POOLED	1.6441026295872	2.279094680642091	2.080417673798081	2.0452442174226877	1.7683625636489513	1.778673091587599	1.8094564766619836	2.279132408602989	2.0492133933661343	1.985470718008632	2.025414026169008	1.9782001091629866	-0.4011415878354876	-0.0338042282001235
THD0008_150_5_14	THD0008	THD0008	fold_2	epithelial_transitional	POOLED	1.7240007655213	2.279094223339091	2.0404175983637804	2.050480873031692	1.8588592079518913	1.8692615197351312	1.8193794495471851	2.279132425892725	2.112325159965553	2.076720902252822	2.087779020666605	2.067978454244406	-0.326480107510392	-0.030408063095647437
THD0008_150_5_15	THD0008	THD0008	fold_2	epithelial_transitional	POOLED	2.28612151407478	2.279093766036091	1.9374914289588356	2.020888362398414	2.1031716081037373	2.1005596554978405	1.9041242906983789	2.27913244318246	2.2141389888951886	2.2085627262313823	2.222177936769757	2.209276605891343	0.26523315167636596	-0.029526816461154418
THD0008_150_5_24	THD0008	THD0008	fold_2	epithelial_transitional	POOLED	1.72983305395392	2.279089650309091	2.1360764727117094	2.0718729905832602	1.9996129329924965	2.0061738407231933	1.9466511500223596	2.2791325987900803	2.230119678120034	2.267322384342075	2.215479534536137	2.268211979983444	-0.3420399366293403	-0.032247895307231406
THD0008_150_5_25	THD0008	THD0008	fold_2	epithelial_transitional	POOLED	1.84956602899498	2.279089193006091	2.010126313682031	2.0094797339633566	1.8174666302271527	1.8229047289880476	1.8886597611245437	2.2791326160798158	2.1532193327778852	2.0263916706936906	2.12921834190536	2.019596984642418	-0.15991370496837654	-0.03357181766467538
THD0008_150_6_10	THD0008	THD0008	fold_2	epithelial_transitional	POOLED	1.84055434841207	2.2790958863261763	2.0251775211391205	1.8971372739997232	1.80416698782701	1.8069232956790573	1.718789327721358	2.279133492520559	2.106286029641451	1.902964248177201	2.0935737205306872	1.9029831300444338	-0.0565829255876531	-0.031211041260217592
THD0008_150_6_11	THD0008	THD0008	fold_2	epithelial_transitional	POOLED	1.87384141832975	2.2790954290231764	2.183612288204996	2.1313368911490236	1.9051988256735166	1.9126481608035981	1.8661838726395379	2.2791335098102943	2.089188744254888	2.04052186345882	2.065180837642044	2.030453713018666	-0.25749547281927354	-0.031535771261450664
THD0008_150_6_12	THD0008	THD0008	fold_2	epithelial_transitional	POOLED	2.10856303502579	2.2790949717201765	1.8962485211779854	2.0258934270984175	1.8430354829362785	1.8401714531784956	2.221847598947653	2.2791335271000297	2.036881746226073	2.1520828901000213	2.032468255315193	2.1554660629770925	0.08266960792737255	-0.033050508328448046
THD0008_150_6_13	THD0008	THD0008	fold_2	epithelial_transitional	POOLED	2.00774219537963	2.2790945144171766	2.3114813506902605	2.142478536643627	1.867452128265839	1.8702699816757344	2.005206217478217	2.279133544389765	2.2552936129891057	2.1471885285151755	2.252537791790162	2.152630632558596	-0.1347363412639968	-0.0337597137385107
THD0008_150_6_23	THD0008	THD0008	fold_2	epithelial_transitional	POOLED	1.5537401457333	2.2790899413871766	1.9106043355719722	1.997932629557289	1.9886106885482486	1.9934481936355337	2.0534359536196445	2.2791337172871207	2.191463130274984	2.234356159076092	2.177234098050355	2.23709369360852	-0.444192483823989	-0.031609916888999126
THD0008_150_6_25	THD0008	THD0008	fold_2	epithelial_transitional	POOLED	1.6956175675994	2.2790890267811763	1.6951060129238895	1.8583545364467964	1.9764738330434994	1.9620543254942844	2.073026765298571	2.279133751866592	2.2837575879366234	2.1377072015529084	2.3097223367143718	2.1563475864942103	-0.1627369688473963	-0.03298786128383977
THD0008_150_6_27	THD0008	THD0008	fold_2	epithelial_transitional	POOLED	2.04382622365636	2.2790881121751765	2.0287250938682377	1.9663644755614598	2.14429345100055	2.138214501492796	2.01560260826576	2.2791337864460632	2.243438512795162	2.232719263136004	2.2432424269377504	2.238256223420061	0.07746174809490003	-0.02932450303829178
THD0008_150_6_28	THD0008	THD0008	fold_2	epithelial_transitional	POOLED	2.48921555442891	2.2790876548721766	2.1055419983710904	2.0731118845941703	1.9543085237418958	1.9689085053367907	1.8974808395356604	2.2791338037357987	2.351246701098202	2.13788436306781	2.3119959454608345	2.1239600016717968	0.4161036698347398	-0.03054537385177696
THD0008_150_7_20	THD0008	THD0008	fold_2	epithelial_transitional	POOLED	1.76270777957472	2.279091147071262	1.9562874043948801	1.8648268368325112	1.8881524950703947	1.8844064529906874	2.0511837040568075	2.2791348012046906	2.3021175411636214	2.3299800427285606	2.3092224021441847	2.345765710216745	-0.10211905725779125	-0.031039352539297932
THD0008_150_7_21	THD0008	THD0008	fold_2	epithelial_transitional	POOLED	1.40491419129712	2.279090689768262	1.8368903670014722	1.9472975444525702	1.7447983152711348	1.7599790300266533	1.77498252287616	2.279134818494426	2.1068987949232807	1.9443441277606817	2.0698107276997346	1.9376827708182103	-0.5423833531554503	-0.031802469469331046
THD0008_150_7_23	THD0008	THD0008	fold_2	epithelial_transitional	POOLED	1.81968278480288	2.279089775162262	2.115891562882629	2.0859772793052187	2.055781422297074	2.0635583394314896	2.064034364102702	2.2791348530738973	2.2791341708832418	2.170353883316826	2.2485376335224805	2.160977725119025	-0.26629449450233866	-0.030901816771519108
THD0008_150_7_25	THD0008	THD0008	fold_2	epithelial_transitional	POOLED	1.58229940454118	2.279088860556262	2.115466985716273	2.0257611970238742	1.8895548933545314	1.8955483312103576	2.088836036418363	2.279134887653368	2.4388561715645607	2.2246879527822543	2.424216159938941	2.2315532923414243	-0.44346179248269424	-0.03335053951765641
THD0008_150_7_26	THD0008	THD0008	fold_2	epithelial_transitional	POOLED	1.33840849128544	2.279088403253262	1.951354159557644	1.9057496271144645	2.060378392811072	2.063537677559752	2.0945264482716857	2.2791349049431036	2.31767684192541	2.2027049063967934	2.299695813980522	2.2036654731298637	-0.5673411358290246	-0.029984468866347695
THD0008_150_7_27	THD0008	THD0008	fold_2	epithelial_transitional	POOLED	1.96655897649366	2.279087945950262	1.9010748440921497	1.9283769097757748	1.9114992679192806	1.9175225194522738	1.8278327232811986	2.2791349222328394	2.0731973056661963	2.0595223772108247	2.0450893926161045	2.05461148209094	0.038182066717885155	-0.030455431710890237
THD0008_150_7_28	THD0008	THD0008	fold_2	epithelial_transitional	POOLED	1.84239296110047	2.279087488647262	1.9738900334004679	1.972324378276186	2.0524962232761763	2.0588595891762256	1.820157982770815	2.279134939522575	2.2888525762607173	2.1757206219569327	2.2648482287613896	2.1714283932636143	-0.129931417175716	-0.030014197905495667
THD0008_150_7_29	THD0008	THD0008	fold_2	epithelial_transitional	POOLED	1.72243583957263	2.279087031344262	1.9257109096724356	1.9776906878379341	1.9445678625839768	1.9517276785688007	1.8351230268867327	2.2791349568123103	2.064119464625202	2.0534074076170414	2.040809088456004	2.0465772345595865	-0.2552548482653041	-0.03090224128377182
THD0008_150_7_31	THD0008	THD0008	fold_2	epithelial_transitional	POOLED	2.18465432698818	2.279086116738262	2.0775445766921403	2.0605664367162655	1.9609509329272559	1.970342797287774	1.9761610084084118	2.2791349913917816	2.089129250480773	2.1533531090093647	2.0573199528406803	2.1485571049344223	0.12408789027191469	-0.03350295934862838
THD0008_150_8_19	THD0008	THD0008	fold_2	epithelial_transitional	POOLED	1.99639292654232	2.2790914381493477	2.0203534877089853	1.995286938399	1.9597246619051076	1.9708160830133645	1.98644101679654	2.2791359197017313	2.3299357710833593	2.124599052996941	2.296348308315586	2.1207745846724593	0.0011059881433199692	-0.033679067951275114
THD0008_150_8_20	THD0008	THD0008	fold_2	epithelial_transitional	POOLED	1.65476176539365	2.2790909808463478	2.006592817274632	2.0017259680472783	2.050203510058913	2.0601850588071384	1.9393277703064835	2.2791359369914668	2.3465161593643664	2.229601100878005	2.314570865142415	2.2295853164568364	-0.3469642026536284	-0.03002889788484721
THD0008_150_8_21	THD0008	THD0008	fold_2	epithelial_transitional	POOLED	1.791212443683	2.2790905235433474	1.876314257162503	1.9590122301096389	1.8608845270456935	1.8690352487566957	1.8288037366421015	2.279135954281202	2.2452765457901744	2.127613306627868	2.2321600634208787	2.127606622995302	-0.16779978642663895	-0.03060080806989075
THD0008_150_8_22	THD0008	THD0008	fold_2	epithelial_transitional	POOLED	1.74817933417211	2.2790900662403475	2.188885252656045	2.140169135884755	1.987693635543126	1.996840861221322	1.9613783131223297	2.2791359715709376	2.2894508305563734	2.178787628238815	2.2605268672813694	2.1710385837173334	-0.3919898017126453	-0.030097521914135783
THD0008_150_8_23	THD0008	THD0008	fold_2	epithelial_transitional	POOLED	1.69871263143969	2.2790896089373476	1.9439354995312785	2.0433214323565583	1.976742250935093	1.9765342096658352	1.9071683477796229	2.2791359888606735	1.8784972946258693	2.0171637170157046	1.8510751638025038	2.0107395667033026	-0.3446088009168682	-0.031972301600563954
THD0008_150_8_24	THD0008	THD0008	fold_2	epithelial_transitional	POOLED	1.84006201063579	2.2790891516343477	2.085823439481489	2.0706332792930544	1.8000934099487522	1.8189045003781499	1.937293597214151	2.279136006150409	2.079696446211999	1.9666383190947747	2.0380092137251102	1.9515874207541224	-0.23057126865726452	-0.033196065444620844
THD0008_150_8_25	THD0008	THD0008	fold_2	epithelial_transitional	POOLED	1.55414522295881	2.2790886943313478	1.960983691479451	2.0082293239804034	1.8104929179433664	1.8217999848833872	1.9826491615392745	2.2791360234401443	2.0839843925629675	1.9613030946260392	2.0473790227175033	1.9520248331415408	-0.45408410102159347	-0.03388438002669503
THD0008_150_8_26	THD0008	THD0008	fold_2	epithelial_transitional	POOLED	1.36375267966707	2.2790882370283474	1.9217000435056626	1.9057470504327636	2.040871368710089	2.0409460324586326	1.9429172983651082	2.27913604072988	2.312058808567257	2.33859903521688	2.2995225981758955	2.3498467885296934	-0.5419943707656936	-0.03003358201166405
THD0008_150_8_27	THD0008	THD0008	fold_2	epithelial_transitional	POOLED	1.85245520264749	2.2790877797253475	1.8314815035629237	1.862432645045343	2.113761586000087	2.1041244758972946	2.1209065579566504	2.2791360580196156	2.1747584713763635	2.2178544459997007	2.174121467909307	2.2338574780469176	-0.00997744239785292	-0.02964769687908174
THD0008_150_8_28	THD0008	THD0008	fold_2	epithelial_transitional	POOLED	1.7839647502729	2.2790873224223476	1.9619637672262478	1.9492866737694818	1.8354770805975187	1.840355889696062	1.8541405226879006	2.279136075309351	2.1677326201501264	2.0729527530152723	2.1481338962982073	2.0700056785236223	-0.16532192349658192	-0.03112728587869467
THD0008_150_8_29	THD0008	THD0008	fold_2	epithelial_transitional	POOLED	2.10750813458713	2.2790868651193477	1.8939018389916393	1.919248851284214	1.782479419024272	1.783256751491892	1.8253795563454225	2.279136092599087	2.2198931716436388	1.9564622271500562	2.217360502669566	1.9564935608698748	0.18825928330291597	-0.03228946705314942
THD0008_150_8_31	THD0008	THD0008	fold_2	epithelial_transitional	POOLED	2.10162597832136	2.2790859505133474	2.145031596759929	2.1312418781460356	1.8297149783408857	1.8406582046577253	2.034058303492082	2.2791361271785577	2.2996906360118854	2.115847257291145	2.2718910400785717	2.1058657245952257	-0.029615899824675385	-0.033799778844004286
THD0008_150_8_32	THD0008	THD0008	fold_2	epithelial_transitional	POOLED	2.33932589313784	2.2790854932103475	2.1543005675964175	2.1057315630979843	1.9735575919572264	1.9799921913543415	2.0154962208391844	2.279136144468293	2.3105020275444805	2.403638127033843	2.2955516384949792	2.402854890862516	0.23359433003985552	-0.03063430402955982
THD0008_150_9_19	THD0008	THD0008	fold_2	epithelial_transitional	POOLED	1.86442282651461	2.279091271924433	1.8636936417273824	1.963780432814532	2.0530111193501472	2.044284258389489	2.0819101886474005	2.2791370554885075	2.1516318478664647	2.032851814593409	2.149705951120138	2.039944993708729	-0.09935760629992196	-0.03317727386124278
THD0008_150_9_20	THD0008	THD0008	fold_2	epithelial_transitional	POOLED	1.50511902570361	2.279090814621433	1.934870736663188	1.970474432216963	1.9858490983028867	1.9906219414511857	2.063640700965903	2.279137072778243	2.1386936227753335	2.149489455739916	2.1160223748750173	2.1501473652057763	-0.46535540651335294	-0.030035916264219087
THD0008_150_9_21	THD0008	THD0008	fold_2	epithelial_transitional	POOLED	1.72647727119884	2.279090357318433	2.214185414034031	2.0895241770878354	1.9435843839423015	1.9516120082529378	2.062304762940051	2.2791370900679784	2.1440407073550825	2.196923088423065	2.121079051177149	2.19559480102921	-0.36304690588899535	-0.030389281719548206
THD0008_150_9_22	THD0008	THD0008	fold_2	epithelial_transitional	POOLED	1.57541712562025	2.279089900015433	2.131643234087389	2.1278940517612037	1.9881714725954356	1.9989442933467234	1.9105604712654334	2.2791371073577142	2.125446027566688	2.2110438419172684	2.10057397849123	2.20648048004544	-0.5524769261409537	-0.030011862426458712
THD0008_150_9_23	THD0008	THD0008	fold_2	epithelial_transitional	POOLED	1.44236937895212	2.2790894427124333	1.9973183122548437	2.026775873345669	1.7838590081812886	1.8126832139155031	1.645299373544566	2.2791371246474497	1.9834640475837322	2.008386154838112	1.924284145858576	1.990472355795783	-0.584406494393549	-0.03184767743867286
THD0008_150_9_24	THD0008	THD0008	fold_2	epithelial_transitional	POOLED	1.09953466224867	2.279088985409433	1.8707483008650594	1.990302389834378	1.9624487452971096	1.9831186707472925	2.0073155657342387	2.279137141937185	1.9644823548070725	1.973465452475275	1.905809441041094	1.957693444122193	-0.890767727585708	-0.03121251165667039
THD0008_150_9_25	THD0008	THD0008	fold_2	epithelial_transitional	POOLED	1.78705338978596	2.279088528106433	2.151587144338884	2.0815531039400397	1.887581354888121	1.906204573886906	1.9855110213108773	2.279137159226921	2.1811649109576763	2.1949998452264214	2.12297338981235	2.182803777976441	-0.2944997141540797	-0.03364195757373658
THD0008_150_9_26	THD0008	THD0008	fold_2	epithelial_transitional	POOLED	1.61896276795484	2.279088070803433	1.7970376975159854	1.912458726733223	2.1592689672444703	2.157504862101842	1.911235477294804	2.2791371765166564	2.342989416195664	2.239244481733287	2.332303841335192	2.245427488428839	-0.29349595877838297	-0.029489194939812245
THD0008_150_9_27	THD0008	THD0008	fold_2	epithelial_transitional	POOLED	1.98344664273952	2.279087613500433	1.852277558545642	1.8519223982759185	1.918087420614049	1.9164101944308944	1.950821978606371	2.279137193806392	2.010375094866606	2.023930629096568	1.9997097270844515	2.0285017840307806	0.13152424446360156	-0.03020797452639889
THD0008_150_9_28	THD0008	THD0008	fold_2	epithelial_transitional	POOLED	1.42113353926776	2.2790871561974333	1.877411104439255	1.922963735454108	1.857572927365782	1.8621712369321672	1.9020205645302628	2.279137211096127	2.122137738239256	2.105396047614957	2.1137047065870584	2.1050789805398336	-0.501830196186348	-0.031335341993711095
THD0008_150_9_29	THD0008	THD0008	fold_2	epithelial_transitional	POOLED	2.15718373975327	2.279086698894433	1.9072686200765816	1.9576749246277376	1.817673249257326	1.8189124496268336	1.9240044783130965	2.279137228385863	1.9500976973065658	1.8967448638351114	1.9412165914901733	1.8945983798677477	0.19950881512553242	-0.03169427445983411
THD0008_150_9_30	THD0008	THD0008	fold_2	epithelial_transitional	POOLED	1.54891525979251	2.279086241591433	2.090046964022298	2.0698467547005546	2.119805610445814	2.127078828694435	2.118682866361567	2.2791372456755985	2.307639294665867	2.305253045704582	2.300046906938324	2.304664430482716	-0.5209314949080446	-0.030936206515285055
THD0008_150_9_31	THD0008	THD0008	fold_2	epithelial_transitional	POOLED	1.9068070147711	2.279085784288433	2.0980429876668882	2.1556761870257204	2.0433904076639906	2.059160703994734	2.1181100764404195	2.279137262965334	2.1401014362183157	2.051216955041948	2.1001937899685044	2.0327290758938585	-0.24886917225462035	-0.032162688885627504
THD0008_150_9_32	THD0008	THD0008	fold_2	epithelial_transitional	POOLED	2.30071481686065	2.279085326985433	2.110313440529094	2.0424152045915402	2.0541343337997304	2.067987893590783	2.024345808455714	2.27913728025507	2.347917650355846	2.2567827890419996	2.3155558555834723	2.2449603976514125	0.2582996122691097	-0.030177653477761086
THD0008_150_9_33	THD0008	THD0008	fold_2	epithelial_transitional	POOLED	1.87064351041662	2.2790848696824333	1.9784627485594568	2.0544325101782586	2.063548063637242	2.078450366707251	1.765410585560672	2.279137297544805	2.4063491850250145	2.366143258515118	2.36444323826747	2.3602322753999587	-0.18378899976163865	-0.029598219720304186
TILD175MA_150_0_10	TILD175MA	TILD175	fold_2	epithelial_transitional	POOLED	4.16408107876645	2.279093263100352	2.651216179412119	2.5938610098904844	2.757429821238473	2.7619422154695767	2.5845836441845287	2.2790581963935526	2.827017055222056	2.9008693187632786	2.8123860072348266	2.9025958669336336	1.5702200688759653	-0.028885971410530682
TILD175MA_150_0_5	TILD175MA	TILD175	fold_2	epithelial_transitional	POOLED	3.01454979760656	2.279097254098331	2.129576958321602	2.0125851498295733	2.4093499481809264	2.347439435702667	2.2563575242673304	2.279059815312088	2.495400276917142	2.4883734219537277	2.6412852892242795	2.559963349999181	1.0019646477769868	-0.029771170352164367
TILD175MA_150_0_9	TILD175MA	TILD175	fold_2	epithelial_transitional	POOLED	3.70179659680948	2.279094061299948	2.3478191227801792	2.285064959904272	2.6490463988011155	2.632015055362643	2.414411422356597	2.2790585201772595	2.4557270018752857	2.4326581462206613	2.4858378912001906	2.4451019341500113	1.416731636905208	-0.030186908397300295
TILD175MA_150_10_12	TILD175MA	TILD175	fold_2	epithelial_transitional	POOLED	2.90295026891656	2.2790891812309098	2.4268794357395835	2.496265253052297	2.4490218129697374	2.4382861270536362	2.1337443607852804	2.279068082288459	2.2047337075074402	2.414237249757112	2.209654262662447	2.417085894642625	0.40668501586426276	-0.029522602331762283
TILD175MA_150_10_13	TILD175MA	TILD175	fold_2	epithelial_transitional	POOLED	2.62312143520229	2.279088383031314	2.4997454739725873	2.4692376682945607	2.350321781184573	2.3435660773523166	2.1750811420919938	2.279067758504752	2.6556674113645657	2.588129468671176	2.6713330837870735	2.578717266021311	0.1538837669077293	-0.031956835191712864
TILD175MA_150_10_14	TILD175MA	TILD175	fold_2	epithelial_transitional	POOLED	2.00566141862557	2.2790875848317182	2.4520589493732237	2.4370983351009508	2.2646992973912967	2.2648505524151306	2.2873163442666367	2.279067434721045	2.645007188709254	2.4835204771524104	2.639418737412489	2.465809441732604	-0.4314369164753806	-0.03263715902428308
TILD175MA_150_10_15	TILD175MA	TILD175	fold_2	epithelial_transitional	POOLED	2.72895801911229	2.2790867866321225	2.5481236302303807	2.534288500650399	2.792031738856922	2.782753752315615	2.30682439826743	2.279067110937338	2.9435195324792875	2.8475313319775237	2.977023933283326	2.856166605050935	0.19466951846189096	-0.02989281489127079
TILD175MA_150_10_16	TILD175MA	TILD175	fold_2	epithelial_transitional	POOLED	2.96562936839557	2.2790859884325267	2.649769032248883	2.5286081322993854	2.5301902718580664	2.534518686500398	2.4355496304741724	2.2790667871536305	2.74084104374139	2.7444123172371815	2.7523541377864023	2.7449326536041783	0.4370212360961845	-0.029366738698540243
TILD175MA_150_10_17	TILD175MA	TILD175	fold_2	epithelial_transitional	POOLED	3.06451766381448	2.279085190232931	2.3518813937398764	2.3627782725523776	2.549391660725571	2.5366167702416558	2.1916148681857544	2.2790664633699236	2.624426476509673	2.621157483819175	2.6337841521823053	2.6337232890208906	0.7017393912621026	-0.028614364304624804
TILD175MA_150_10_18	TILD175MA	TILD175	fold_2	epithelial_transitional	POOLED	3.11083890473922	2.2790843920333352	2.3154437765445346	2.373299247238627	2.538775682747145	2.5390306294223532	2.1599726345838044	2.2790661395862166	2.846771576270971	2.518616766731967	2.8532178129715318	2.5105340754414343	0.737539657500593	-0.029466883089372304
TILD175MA_150_10_2	TILD175MA	TILD175	fold_2	epithelial_transitional	POOLED	3.06981368263635	2.2790971632268677	2.5696522780480677	2.5458891152184577	2.491191685384325	2.483078251970641	2.3885334401288247	2.2790713201255297	2.366356558529348	2.5705183596498045	2.361193065356508	2.561790432517597	0.5239245674178923	-0.031145525221117992
TILD175MA_150_10_3	TILD175MA	TILD175	fold_2	epithelial_transitional	POOLED	3.04939342942372	2.279096365027272	2.80937187738478	2.6381954817856803	2.5635786872279454	2.5679370365968897	2.223038129023187	2.2790709963418223	2.7817847074892166	2.582127494654972	2.7901318014928336	2.5757911731786773	0.41119794763803963	-0.030890867540013054
TILD175MA_150_11_10	TILD175MA	TILD175	fold_2	epithelial_transitional	POOLED	3.12958075170852	2.2790905290830765	2.393222399927835	2.471966959574763	2.376465767199614	2.3772943130405135	2.2743225223823917	2.279069783202105	2.302498503126092	2.3811341706161806	2.29330860175363	2.382686390446449	0.6576137921337573	-0.029183505342255212
TILD175MA_150_11_11	TILD175MA	TILD175	fold_2	epithelial_transitional	POOLED	2.92574390197194	2.2790897308834808	2.632208196898763	2.5935402088746518	2.547746289343034	2.544880277569504	2.3053497261976283	2.2790694594183982	2.3035832736698665	2.5986268279529536	2.2948373853099624	2.6025358941729095	0.33220369309728826	-0.029409074822487623
TILD175MA_150_11_12	TILD175MA	TILD175	fold_2	epithelial_transitional	POOLED	3.05484513331183	2.279088932683885	2.595898266727758	2.539967148570525	2.5729653442340314	2.5670997190019493	2.361076308833731	2.279069135634691	2.494940323072562	2.725674663092574	2.485931158499781	2.7244356474580145	0.5148779847413048	-0.029771789154195868
TILD175MA_150_11_14	TILD175MA	TILD175	fold_2	epithelial_transitional	POOLED	2.96742270256317	2.2790873362846935	2.5080744848533296	2.518515820576711	2.445459249393922	2.441631189403253	2.099778153509667	2.279068488067277	2.693798914817502	2.563812597178216	2.717176422258945	2.5628235881779893	0.448906881986459	-0.032110873600196516
TILD175MA_150_11_15	TILD175MA	TILD175	fold_2	epithelial_transitional	POOLED	3.05607844501504	2.2790865380850978	2.5931843882393646	2.5272151689069204	2.5641645984008847	2.557922829282466	2.29529107507417	2.27906816428357	2.539417934729976	2.5659796827502497	2.5531013416983273	2.568887490667707	0.5288632761081193	-0.03055938920130613
TILD175MA_150_11_16	TILD175MA	TILD175	fold_2	epithelial_transitional	POOLED	3.77307127995228	2.279085739885502	2.239953255229319	2.2736293350957686	2.6443403023855536	2.62368255800348	2.0447935432170152	2.279067840499863	2.5591966772164527	2.672862460779758	2.609036716514043	2.6941832326823443	1.4994419448565113	-0.02896154839935157
TILD175MA_150_11_17	TILD175MA	TILD175	fold_2	epithelial_transitional	POOLED	3.57546797130846	2.279084941685906	2.073606820231093	2.1578577154649925	2.45570677376201	2.428854514015951	2.1910294788370823	2.2790675167161556	2.408265348555314	2.5744102641237174	2.466143507879174	2.610899153170813	1.4176102558434676	-0.02886944101098197
TILD175MA_150_11_2	TILD175MA	TILD175	fold_2	epithelial_transitional	POOLED	3.09855374693075	2.2790969146798425	2.5352967890044553	2.532118993518049	2.5707406295211945	2.5584283338049745	2.2957399969180603	2.2790723734717617	2.322639683998281	2.592978698321923	2.32375402799864	2.5979578841428435	0.5664347534127012	-0.030980973310568413
TILD175MA_150_11_3	TILD175MA	TILD175	fold_2	epithelial_transitional	POOLED	3.40646541959961	2.279096116480247	2.842122158072578	2.6738722937592003	2.322721536745215	2.3436060268685486	2.5190378257835073	2.2790720496880548	2.4284950704768224	2.3820010588527065	2.417535191715451	2.363623753609261	0.7325931258404097	-0.0312976056722135
TILD175MA_150_12_1	TILD175MA	TILD175	fold_2	epithelial_transitional	POOLED	2.81950482157191	2.279097464332413	2.6545177115722334	2.6133366010180357	2.718192038317245	2.7151872838752276	2.081438152728523	2.2790737506017007	2.7615593973890293	2.6709638277920016	2.7555174232832025	2.657309505681014	0.20616822055387418	-0.03019948364650374
TILD175MA_150_12_10	TILD175MA	TILD175	fold_2	epithelial_transitional	POOLED	3.03690476407936	2.2790902805360513	2.456930881280664	2.4426076014872358	2.5305427466736194	2.5170140883290713	2.192277537009829	2.279070836548337	2.526039291968209	2.6262741254567015	2.5476206272537962	2.638597211110963	0.5942971625921243	-0.028926100618039
TILD175MA_150_12_11	TILD175MA	TILD175	fold_2	epithelial_transitional	POOLED	2.3422541751998	2.2790894823364556	2.5223750908114195	2.469731400770559	2.5280342191617082	2.5089995542592924	2.1150394229973095	2.2790705127646302	2.577239729726341	2.687995812809033	2.614415615919603	2.6987001196719143	-0.1274772255707588	-0.02933078213311859
TILD175MA_150_12_13	TILD175MA	TILD175	fold_2	epithelial_transitional	POOLED	3.16272766210972	2.279087885937264	2.5047916854381636	2.495403509283843	2.2037598504179203	2.199734083519977	2.0510571215557256	2.279069865197216	2.0882263031334083	2.523590946248778	2.0884134043099074	2.5248407459808164	0.6673241528258766	-0.03265704620586253
TILD175MA_150_12_14	TILD175MA	TILD175	fold_2	epithelial_transitional	POOLED	3.07250386141628	2.2790870877376683	2.6840216511650197	2.5664605110530365	2.206288545210333	2.2193839975107568	2.392246274884136	2.279069541413509	2.5187134706552166	2.4861951046099247	2.510152060198226	2.4794999819866086	0.5060433503632433	-0.03309076392257886
TILD175MA_150_12_17	TILD175MA	TILD175	fold_2	epithelial_transitional	POOLED	3.38805039430701	2.279084693138881	2.124114403691302	2.210951910390349	2.3918028607892046	2.379418178589928	1.911298381242882	2.2790685700623876	2.5033124501245876	2.3152701714285437	2.521279706416788	2.326555416823288	1.177098483916661	-0.030305468570864313
TILD175MA_150_12_2	TILD175MA	TILD175	fold_2	epithelial_transitional	POOLED	2.79748773874617	2.2790966661328174	2.5735756724817147	2.475671212356858	2.5734083366628346	2.5600621400355177	2.556320466523659	2.2790734268179937	2.690323890881918	2.511396078896366	2.7103213951475484	2.5206985551903984	0.3218165263893118	-0.03075623339474936
TILD175MA_150_12_3	TILD175MA	TILD175	fold_2	epithelial_transitional	POOLED	2.89392942258533	2.2790958679332216	2.5842175049896574	2.519122915497607	2.4978965937042097	2.4952083118602038	2.3891116737524425	2.279073103034287	2.5797371222410677	2.485151608565352	2.5991600611410015	2.4942487207113553	0.3748065070877229	-0.031232573218340602
TILD175MA_150_13_1	TILD175MA	TILD175	fold_2	epithelial_transitional	POOLED	3.1861605235447	2.279097215785388	2.769660645101889	2.2169391337527364	2.801533510041835	2.7629720834379987	2.3582072330521324	2.2790748039479327	2.8068532403021313	2.6208406417900405	2.88076431187719	2.6575195325752317	0.9692213897919637	-0.029765585153568093
TILD175MA_150_13_10	TILD175MA	TILD175	fold_2	epithelial_transitional	POOLED	2.61632031688037	2.279090031989026	2.4983964850572735	2.4050978441394157	2.4578341850006336	2.4453453071024134	1.6456341414845004	2.279071889894569	2.56965497758382	2.5251455204664595	2.5834298009570875	2.5249122056479294	0.21122247274095418	-0.030163457932675844
TILD175MA_150_13_11	TILD175MA	TILD175	fold_2	epithelial_transitional	POOLED	2.97068393625618	2.2790892337894304	2.4536807189013907	2.4593579075255247	2.560485999426146	2.551743640788248	2.0692315157817314	2.2790715661108623	2.477111016261714	2.7046325421118187	2.4890125503842278	2.713980472848511	0.5113260287306551	-0.028946313954607842
TILD175MA_150_13_12	TILD175MA	TILD175	fold_2	epithelial_transitional	POOLED	2.89076960141869	2.2790884355898346	2.489917188945577	2.430958864428475	2.7290332892368285	2.711520547977505	2.091324557165881	2.2790712423271553	3.0018267061573956	2.8662233480344605	3.0558040849765433	2.876927492955174	0.45981073699021513	-0.02899498692052764
TILD175MA_150_13_13	TILD175MA	TILD175	fold_2	epithelial_transitional	POOLED	2.92878873395163	2.279087637390239	2.441199265052912	2.3910651898280393	2.3990315354616745	2.385600692429007	1.9655900165532652	2.279070918543448	2.6658338910159323	2.625916815217901	2.6998933277430854	2.643639072072329	0.5377235441235908	-0.0318093016613489
TILD175MA_150_13_16	TILD175MA	TILD175	fold_2	epithelial_transitional	POOLED	2.93108159218075	2.2790852427914516	2.284608293190651	2.3094075441060196	2.4933721458897202	2.4800773474187356	1.875595549982519	2.279069947192327	2.5733182051299774	2.326845755365673	2.61199481508873	2.3374792033621623	0.6216740480747305	-0.02972842512270029
TILD175MA_150_14_10	TILD175MA	TILD175	fold_2	epithelial_transitional	POOLED	2.69682565802758	2.279089783442001	2.580291784899109	2.385178403049274	2.505566996231052	2.484545231523957	2.0489290068976524	2.2790729432408012	2.316385887328348	2.5513436421176197	2.354654139046872	2.5730458812646546	0.3116472549783058	-0.02935447869953485
TILD175MA_150_14_12	TILD175MA	TILD175	fold_2	epithelial_transitional	POOLED	3.08024410081677	2.2790881870428095	2.546196035860394	2.457549842971121	2.4688902849899796	2.4583114014983725	2.407692928182829	2.2790722956733873	2.6194505838868847	2.532921949027753	2.655400834319101	2.541130260518774	0.6226942578456489	-0.02973942353688749
TILD175MA_150_14_13	TILD175MA	TILD175	fold_2	epithelial_transitional	POOLED	2.96310129373132	2.2790873888432137	2.2364237531645	2.2163241445884805	2.345641669398276	2.3185054607833706	2.146095068609494	2.27907197188968	2.502441051977463	2.288244743333301	2.556347131959179	2.3121760666675435	0.7467771491428397	-0.031878503730832106
TILD175MA_150_16_10	TILD175MA	TILD175	fold_2	epithelial_transitional	POOLED	2.99150614749107	2.279089286347951	2.3600556702366613	2.2012337881933712	2.668788175357043	2.63095413685852	2.4178450146775137	2.2790750499332653	2.6107127622339115	2.437662452088472	2.704724758840367	2.481373354506428	0.7902723592976986	-0.028945646648298122
TILD175MA_150_16_4	TILD175MA	TILD175	fold_2	epithelial_transitional	POOLED	3.25072099900928	2.2790940755455256	2.7721622331017737	2.5714721202699806	2.49599359531988	2.5161089562477303	2.092325321498271	2.279076992635508	2.8705877613558064	2.561615067099223	2.8496822380346405	2.550479167310258	0.6792488787392994	-0.0296666407587591
TILD175MA_150_16_5	TILD175MA	TILD175	fold_2	epithelial_transitional	POOLED	3.20201398175626	2.27909327734593	2.1983820061819928	2.316930962517639	2.3790272146736466	2.375422495919963	1.795198062590485	2.2790766688518005	2.5028508195427013	2.445470588585342	2.5292333154554134	2.456820125697589	0.8850830192386208	-0.02989273677647261
TILD175MA_150_16_6	TILD175MA	TILD175	fold_2	epithelial_transitional	POOLED	3.80892023789733	2.279092479146334	2.4308199018042163	2.4042576149990356	2.634729334895244	2.630811290997355	2.1533777296756638	2.2790763450680935	2.629921304637322	2.583188057507127	2.6498385913038263	2.5862871165821097	1.4046626228982944	-0.030694171311599676
TILD175MA_150_17_10	TILD175MA	TILD175	fold_2	epithelial_transitional	POOLED	3.18903413068783	2.279089037800926	2.560945765561681	2.460997035273774	2.259206577843397	2.263367518116433	2.3097563208754854	2.2790761032794973	2.2745216057786957	2.420991193312868	2.2673100599412725	2.419024219013215	0.7280370954140558	-0.03013859978800157
TILD175MA_150_17_11	TILD175MA	TILD175	fold_2	epithelial_transitional	POOLED	2.93152871270538	2.27908823960133	2.530801983407214	2.435557792173916	2.447463474346939	2.4406866698845673	2.3433461056265803	2.2790757794957903	2.3482132426554476	2.3269341421335605	2.3629712652728228	2.3245238939099893	0.4959709205314642	-0.029852142491114883
TILD175MA_150_17_4	TILD175MA	TILD175	fold_2	epithelial_transitional	POOLED	3.64180427680806	2.2790938269985004	2.2084922264561113	2.273324309597417	2.434724877694743	2.4299923078029897	1.544776680951264	2.27907804598174	2.5383206645157834	2.510626385407192	2.5636976937243565	2.521627902483828	1.368479967210643	-0.030442228615278722
TILD175MA_150_17_5	TILD175MA	TILD175	fold_2	epithelial_transitional	POOLED	3.13841218141419	2.2790930287989046	2.1908948678870477	2.1910077081369956	2.5631335952506675	2.549308419605778	1.5363167618659934	2.2790777221980325	2.6480260901988024	2.5400430316247555	2.7077421729138997	2.561468170230617	0.9474044732771945	-0.02916413903295342
TILD175MA_150_17_6	TILD175MA	TILD175	fold_2	epithelial_transitional	POOLED	3.32465964640184	2.279092230599309	2.163793570065812	2.1861918548825554	2.6319089248449705	2.6100876231337162	2.075104160940631	2.2790773984143256	2.7089596526681263	2.6561341644655734	2.759118334397964	2.685675882409989	1.1384677915192847	-0.029076041377535722
TILD175MA_150_17_8	TILD175MA	TILD175	fold_2	epithelial_transitional	POOLED	2.43882347940906	2.2790906342001174	2.4092352303242475	2.2439821400324296	2.1748093891839884	2.175164280900785	2.322493087205064	2.2790767508469116	2.3163743930690104	2.172023178568222	2.309083539823419	2.1793771480076396	0.19484133937663062	-0.03309600108216005
TILD175MA_150_17_9	TILD175MA	TILD175	fold_2	epithelial_transitional	POOLED	3.37526731036705	2.2790898360005216	2.406383699949709	2.352448474011106	2.437852283367143	2.437322561111838	2.5153107095870753	2.2790764270632047	2.44094824992507	2.456183660301688	2.455262196455916	2.4659972683138154	1.022818836355944	-0.031049493048684713
TILD175MA_150_18_10	TILD175MA	TILD175	fold_2	epithelial_transitional	POOLED	2.91550749143736	2.2790887892539007	2.4056752632270584	2.3824940665035195	2.2939120543220315	2.27731053682855	2.2660658829579408	2.2790771566257293	2.237021146038134	2.21549440105043	2.267652763232917	2.2308641860072607	0.5330134249338405	-0.02953245744062344
TILD175MA_150_18_11	TILD175MA	TILD175	fold_2	epithelial_transitional	POOLED	3.02444231696986	2.279087991054305	2.376429606538132	2.334610589912762	2.1479104736478214	2.1353591971664923	2.0777116145284	2.2790768328420223	2.1506955501051124	2.1012483653090595	2.1737102950067655	2.1058045599213115	0.6898317270570984	-0.030231093669782824
TILD175MA_150_18_4	TILD175MA	TILD175	fold_2	epithelial_transitional	POOLED	3.28519957708717	2.279093578451475	2.0462668191956266	2.21729833719416	2.4014670866463206	2.3837208655632627	1.9905325418483941	2.279079099327972	2.4796919274113254	2.41479638439269	2.537519425618449	2.442168757337888	1.06790123989301	-0.02973364774250268
TILD175MA_150_18_5	TILD175MA	TILD175	fold_2	epithelial_transitional	POOLED	3.18185693880551	2.2790927802518794	2.2073522126651017	2.230702225200929	2.3585786895995455	2.3476193965949883	1.7617488056925097	2.279078775544265	2.538772293344181	2.5327161017141058	2.5868421887429065	2.556082895696158	0.951154713604581	-0.03051251627104086
TILD175MA_150_18_6	TILD175MA	TILD175	fold_2	epithelial_transitional	POOLED	3.5985261977154	2.2790919820522837	2.1843141084409234	2.2551462497315424	2.3474475564797523	2.3402721130349806	1.8911313356655008	2.2790784517605576	2.301823307597096	2.3757925228572643	2.327886569599845	2.386881192234736	1.3433799479838577	-0.029853153072073004
TILD175MA_150_18_7	TILD175MA	TILD175	fold_2	epithelial_transitional	POOLED	3.66106099978954	2.279091183852688	2.6503590454239867	2.4510286062122626	2.721031938929297	2.7277945881580647	2.3857367913943723	2.2790781279768506	2.900580305798088	2.664533424398217	2.8875463759901776	2.6581155400496113	1.2100323935772774	-0.029914118740695494
TILD175MA_150_18_8	TILD175MA	TILD175	fold_2	epithelial_transitional	POOLED	2.99963664006773	2.279090385653092	2.2229600293903253	2.276830441260264	2.3159379161420484	2.3134620533820414	2.314710902614228	2.2790778041931437	2.515244146316118	2.4826935667273147	2.5334462950207546	2.49272453946809	0.7228061988074663	-0.03240883987850008
TILD175MA_150_18_9	TILD175MA	TILD175	fold_2	epithelial_transitional	POOLED	3.31004867403542	2.2790895874534964	2.403116664522721	2.3722704276765234	2.924193766277703	2.901331628102077	2.480249323467377	2.2790774804094367	2.8779045399115493	2.740839566503603	2.9010236015993853	2.7624093273367682	0.9377782463588966	-0.02818094009114032
TILD175MA_150_19_10	TILD175MA	TILD175	fold_2	epithelial_transitional	POOLED	3.01354089996672	2.2790885407068755	2.432209699543902	2.4410578436697157	2.4979678678407433	2.486036963264457	2.3000992742674264	2.2790782099719613	2.4107006464765073	2.412857497830296	2.427287979161739	2.4139836287341936	0.5724830562970045	-0.029832954327247484
TILD175MA_150_19_11	TILD175MA	TILD175	fold_2	epithelial_transitional	POOLED	2.74734632842084	2.2790877425072797	2.5145454088386723	2.4774831009090987	2.412304557717467	2.4041707668560424	2.335564514720999	2.2790778861882544	2.2458373991747287	2.516889550793693	2.2430347684242515	2.5210389349513775	0.2698632275117414	-0.02991845637950199
TILD175MA_150_19_12	TILD175MA	TILD175	fold_2	epithelial_transitional	POOLED	2.65431336495753	2.279086944307684	2.5107545742292112	2.4080790134210566	2.0242715838252945	2.0152518621907256	2.1353349142496985	2.2790775624045474	2.0563429687963413	2.295082038341539	2.069388220989726	2.302632771648793	0.24623435153647355	-0.032639930507832815
TILD175MA_150_19_13	TILD175MA	TILD175	fold_2	epithelial_transitional	POOLED	2.88212050446878	2.2790861461080882	2.379904405634776	2.3329339331870864	2.391642706491246	2.3787189455965367	2.215884650766838	2.2790772386208404	2.3920330437283237	2.22433062177222	2.4103285860059596	2.232851861750125	0.5491865712816937	-0.03131152686806605
TILD175MA_150_19_4	TILD175MA	TILD175	fold_2	epithelial_transitional	POOLED	3.67314186397756	2.27909332990445	2.6001799047390572	2.523830533983876	2.7666839740941653	2.7732411484566115	2.586297927336918	2.279080152674204	2.6908062585536245	2.543390883390376	2.6695530417874833	2.531665860665706	1.149311329993684	-0.029201127361054673
TILD175MA_150_19_5	TILD175MA	TILD175	fold_2	epithelial_transitional	POOLED	3.53968133593272	2.2790925317048543	2.2750852662198957	2.250358003161239	2.3786386909275112	2.3579556572695615	1.4499439999647783	2.279079828890497	2.4880258883449864	2.4948207146122177	2.545986956281105	2.516835647370647	1.289323332771481	-0.030186323659957767
TILD175MA_150_19_6	TILD175MA	TILD175	fold_2	epithelial_transitional	POOLED	3.97691780863092	2.2790917335052585	2.5368466710828717	2.5089405920557875	2.6954108590906003	2.717774673044083	2.2621802394452715	2.2790795051067896	2.6229093691591223	2.647888336988573	2.574105495312513	2.6257942817923072	1.4679772165751324	-0.029376947430145763
TILD175MA_150_19_8	TILD175MA	TILD175	fold_2	epithelial_transitional	POOLED	3.16607490639628	2.279090137106067	2.2241602542316903	2.2812624750064328	2.288554851192362	2.2854747390768453	2.026221601341387	2.2790788575393757	2.3530555832123006	2.1711548203697584	2.337237117942361	2.17104565195315	0.8848124313898471	-0.031829183727932635
TILD175MA_150_19_9	TILD175MA	TILD175	fold_2	epithelial_transitional	POOLED	3.33517783394111	2.2790893389064713	2.5456282292958887	2.4433738310904816	2.460355681344433	2.4641643085327107	2.214118897071648	2.2790785337556687	2.4749898590432147	2.6353850614612635	2.481326571581434	2.640711631806029	0.8918040028506282	-0.030804115743057497
TILD175MA_150_1_11	TILD175MA	TILD175	fold_2	epithelial_transitional	POOLED	3.4419936917901	2.2790922163537313	2.214390568803533	2.3621736731916863	2.6975092047716096	2.6782107622256484	2.415071019311432	2.2790589259560776	2.6568861872075504	2.7844235922072373	2.6839665869552327	2.8073437309946527	1.0798200185984137	-0.028942820088610745
TILD175MA_150_1_12	TILD175MA	TILD175	fold_2	epithelial_transitional	POOLED	3.22556419220196	2.2790914181541355	2.4806611252578366	2.393288989793244	2.814615118078875	2.794132312360638	2.1849006166364418	2.2790586021723707	2.7709642786170905	2.673799883071619	2.803692019166636	2.689647866918611	0.8322752024087161	-0.02939248765878945
TILD175MA_150_1_13	TILD175MA	TILD175	fold_2	epithelial_transitional	POOLED	3.2542188246642	2.2790906199545398	2.3822964997840144	2.4067648290339707	2.67418782048344	2.659870075177115	2.3125277882280826	2.2790582783886637	2.494225180351818	2.5407302599588864	2.5166868996639447	2.545865932658864	0.8474539956302292	-0.030197400925556797
TILD175MA_150_1_14	TILD175MA	TILD175	fold_2	epithelial_transitional	POOLED	3.59108612661493	2.279089821754944	2.3220824595618117	2.348393560516609	2.283503421069638	2.2928172927189543	2.259396196431907	2.2790579546049563	2.206704254241	2.3973677064385535	2.1820967683085075	2.3932211391907194	1.242692566098321	-0.03211709168847845
TILD175MA_150_1_7	TILD175MA	TILD175	fold_2	epithelial_transitional	POOLED	2.54172128006932	2.2790954091521147	2.3101329527887264	2.287142560939942	2.632136826170354	2.59858066541901	2.5102469080897656	2.279060221090906	2.649954770626868	2.544322823680128	2.7216408969793564	2.580088523758677	0.25457871912937824	-0.02986853827164324
TILD175MA_150_1_8	TILD175MA	TILD175	fold_2	epithelial_transitional	POOLED	3.51887499168085	2.279094610952519	2.3985057379476262	2.307846122079546	2.4726534744035322	2.462487862164167	2.3800160480280383	2.279059897307199	2.490173540961031	2.6529531983036962	2.5093574076770397	2.6690982291085428	1.211028869601304	-0.03143498548085942
TILD175MA_150_20_10	TILD175MA	TILD175	fold_2	epithelial_transitional	POOLED	3.10581048605505	2.2790882921598508	2.534878015892009	2.472919091394686	2.4061476038812795	2.4033332043118825	2.2396599422894377	2.2790792633181938	2.193949533770377	2.305594872205943	2.1932793464113995	2.3041428309718635	0.6328913946603638	-0.029328309175909586
TILD175MA_150_20_11	TILD175MA	TILD175	fold_2	epithelial_transitional	POOLED	2.84748041404422	2.279087493960255	2.6156177853953495	2.529398994858318	2.300447914164184	2.3014291292459377	2.4026562010345347	2.2790789395344864	2.047071738791995	2.1705226761169754	2.0105496785304187	2.153868581794837	0.3180814191859018	-0.03025685424881972
TILD175MA_150_20_12	TILD175MA	TILD175	fold_2	epithelial_transitional	POOLED	2.7641982120375	2.279086695760659	2.5381692447890516	2.47428007369252	2.276098543263167	2.2718323230426356	2.406877814462283	2.2790786157507794	2.186728149383681	2.3609247398893647	2.1788285359900343	2.358472057101123	0.28991813834498004	-0.03106375565951111
TILD175MA_150_20_13	TILD175MA	TILD175	fold_2	epithelial_transitional	POOLED	3.47271116123631	2.279085897561063	2.318373194718223	2.2887466470537507	2.3729817890915443	2.358839721112642	2.0632373873584235	2.2790782919670725	2.445941734559726	2.2816748121446166	2.4734042125825066	2.2952642820940117	1.1839645141825592	-0.03144511272396058
TILD175MA_150_20_4	TILD175MA	TILD175	fold_2	epithelial_transitional	POOLED	3.32343335720859	2.2790930813574253	2.3408609860924026	2.3572638363008025	2.56057236551788	2.5634117737729674	2.2501622400340944	2.279081206020436	3.0007588402949077	2.535679609750241	3.0030841249470956	2.5359969142718444	0.9661695209077874	-0.0300496050204393
TILD175MA_150_20_5	TILD175MA	TILD175	fold_2	epithelial_transitional	POOLED	3.68565443987201	2.2790922831578295	2.254389104342326	2.3298884962811317	2.737970867859678	2.7236003868922887	2.5658926560915893	2.279080882236729	2.725799375522612	2.694297818583694	2.750912345612516	2.708724889837547	1.3557659435908782	-0.028914971890844802
TILD175MA_150_20_8	TILD175MA	TILD175	fold_2	epithelial_transitional	POOLED	3.33293155361344	2.2790898885590423	2.1977746178671222	2.2407424704483785	2.229692741650966	2.225107768876031	2.340215161497641	2.2790799108856077	2.244427075890557	2.2233927090843357	2.2530774508454465	2.231336325459666	1.0921890831650614	-0.032626563396329016
TILD175MA_150_20_9	TILD175MA	TILD175	fold_2	epithelial_transitional	POOLED	3.50312003310015	2.2790890903594465	2.387807856349721	2.3767263779407015	2.569890388915097	2.562661108631989	2.356968816678764	2.2790795871019007	2.4327481668525053	2.525749313968803	2.4442238935433562	2.5352880169050285	1.1263936551594487	-0.029854443662516904
TILD175MA_150_21_10	TILD175MA	TILD175	fold_2	epithelial_transitional	POOLED	2.94214375397365	2.2790880436128256	2.3588912949269574	2.3228385033683163	2.500556731063497	2.4748606968440994	2.300062477210438	2.279080316664426	2.388427634446888	2.476249663687513	2.4342607145696675	2.497710755975477	0.6193052506053336	-0.028635710293757582
TILD175MA_150_21_11	TILD175MA	TILD175	fold_2	epithelial_transitional	POOLED	3.06782766891314	2.27908724541323	2.2474818971121797	2.275259128117827	2.3371982896168197	2.3155721433349328	2.2443507876800015	2.2790799928807184	2.3034024946072438	2.2566713198199886	2.3317363091705827	2.276163785343385	0.7925685407953127	-0.02963407915281372
TILD175MA_150_21_12	TILD175MA	TILD175	fold_2	epithelial_transitional	POOLED	3.38016769777735	2.279086447213634	2.3034599756169905	2.382338972339199	2.551200145651885	2.5367514783634686	2.4401474280756723	2.2790796690970114	2.3381171574069297	2.4778200800991463	2.361215843679476	2.4867964007125947	0.997828725438151	-0.029583204398341025
TILD175MA_150_21_13	TILD175MA	TILD175	fold_2	epithelial_transitional	POOLED	3.27695451068951	2.2790856490140383	2.4369800492399314	2.347596970058366	2.621914115665203	2.610559954633966	2.297247593747514	2.2790793453133045	2.68765481862917	2.6731289337090955	2.7101952210302307	2.684409925311481	0.9293575406311443	-0.030396735751232515
TILD175MA_150_21_5	TILD175MA	TILD175	fold_2	epithelial_transitional	POOLED	3.40839554960148	2.2790920346108043	2.1837494160375375	2.211484910252362	2.763394114542806	2.737321178804549	2.6424456268812766	2.279081935582961	2.9646896743776785	2.3595875475101376	3.0312170256381217	2.3842146674939984	1.196910639349118	-0.029308619624845007
TILD175MA_150_21_6	TILD175MA	TILD175	fold_2	epithelial_transitional	POOLED	3.12863034964308	2.2790912364112086	2.3753861519607335	2.374148878269068	2.893643631789317	2.8749455310898138	2.7305866793999565	2.2790816117992536	2.8974634983855942	2.548256703496974	2.9484586381789724	2.565160572207798	0.754481471374012	-0.029178834258041537
TILD175MA_150_21_7	TILD175MA	TILD175	fold_2	epithelial_transitional	POOLED	2.99862421469035	2.279090438211613	2.264703648076786	2.311236809101005	2.765616523199105	2.737706349044513	2.5214781053582427	2.2790812880155467	2.662552235900135	2.484908529330158	2.7115697172968836	2.506579582735516	0.687387405589345	-0.028985979389485435
TILD175MA_150_21_8	TILD175MA	TILD175	fold_2	epithelial_transitional	POOLED	3.24593582934894	2.279089640012017	2.395031710442348	2.31330321308804	2.491632712614091	2.476419874753264	2.1533558956059737	2.2790809642318397	2.543118242463328	2.6311334865366294	2.5764569165719378	2.6535654108610784	0.9326326162609	-0.032015085224488316
TILD175MA_150_21_9	TILD175MA	TILD175	fold_2	epithelial_transitional	POOLED	3.27231325337251	2.2790888418124213	2.248713759477713	2.3372258135857407	2.3329436934760546	2.3178971676945537	2.2549048059468375	2.2790806404481327	2.396171725770065	2.540270178551033	2.442305769354517	2.5600515559892143	0.9350874397867694	-0.031760756502741544
TILD175MA_150_22_10	TILD175MA	TILD175	fold_2	epithelial_transitional	POOLED	3.20683815408148	2.2790877950658004	2.402101721491341	2.4232990969316033	2.4095629984427824	2.4134500890472728	2.3622589428887606	2.279081370010658	2.221988998949592	2.3972451765222873	2.2062180447321476	2.4010416587235164	0.7835390571498766	-0.02948351007872351
TILD175MA_150_22_11	TILD175MA	TILD175	fold_2	epithelial_transitional	POOLED	3.6387988890853	2.2790869968662046	2.3963430922048863	2.4316744495485922	2.4514657954100887	2.4424244240613735	2.4820955848759594	2.2790810462269504	2.584044041150015	2.625074994045339	2.6025243987303046	2.6388749451991873	1.2071244395367078	-0.029618975299952097
TILD175MA_150_22_12	TILD175MA	TILD175	fold_2	epithelial_transitional	POOLED	3.51367656100568	2.279086198666609	2.7149540052954704	2.5779935061292187	2.640478043647984	2.643831388763137	2.5389979773796805	2.2790807224432434	2.8091274741051606	2.7870112574724715	2.8114152286896856	2.78168792053428	0.9356830548764612	-0.030004020863346453
TILD175MA_150_22_6	TILD175MA	TILD175	fold_2	epithelial_transitional	POOLED	2.58494569194976	2.2790909878641834	2.2799507910742194	2.289083569152611	2.9165284269096357	2.883890766583569	2.2676059788451095	2.279082665145486	3.347278245039797	2.743910100616888	3.422261834149108	2.7686281984467502	0.29586212279714896	-0.02972607897733999
TILD175MA_150_22_7	TILD175MA	TILD175	fold_2	epithelial_transitional	POOLED	2.92416433511804	2.2790901896645877	2.585597974820783	2.4187283376013577	2.966661829858885	2.947549452455153	2.5309142295341327	2.2790823413617787	3.155977568848377	2.7813368988644607	3.189952687360997	2.7922880654575293	0.5054359975166824	-0.028971148869145164
TILD175MA_150_22_8	TILD175MA	TILD175	fold_2	epithelial_transitional	POOLED	3.37846066906955	2.279089391464992	2.3350361689247086	2.3872244907457887	2.584723627584566	2.572416914254028	2.7267118958315733	2.2790820175780717	2.539389530546937	2.620167202072023	2.552284983522648	2.634804000959602	0.9912361783237613	-0.03036933936932972
TILD175MA_150_22_9	TILD175MA	TILD175	fold_2	epithelial_transitional	POOLED	3.32670168440567	2.279088593265396	2.7176516441487393	2.4880249988585454	2.640927004509476	2.6452701170821387	2.4656175503339752	2.2790816937943648	2.7997047085469813	2.730074961727845	2.8082731876202094	2.7353072845849984	0.8386766855471244	-0.030724480672256006
TILD175MA_150_23_8	TILD175MA	TILD175	fold_2	epithelial_transitional	POOLED	3.85353102264178	2.2790891429179667	2.4313343949294337	2.3307970935654527	2.7011991247306035	2.688544653860058	2.619337373754083	2.2790830709243037	2.75185144479225	2.4474389675716823	2.7691774884771787	2.456431248906919	1.522733929076327	-0.029926991311146053
TILD175MA_150_23_9	TILD175MA	TILD175	fold_2	epithelial_transitional	POOLED	3.47938031959711	2.279088344718371	2.1218912919527293	2.292810108959656	2.779237827751895	2.7533436759300765	2.4549811718262498	2.2790827471405968	2.6213327182549278	2.701859120622092	2.6633359743653737	2.716763595316997	1.1865702106374538	-0.030069375866577243
TILD175MA_150_2_10	TILD175MA	TILD175	fold_2	epithelial_transitional	POOLED	2.71412647823222	2.2790927660063023	2.505322411527917	2.3919562549864484	2.690841479936414	2.687078582620326	2.1961334252409053	2.2790603030860166	2.814215556305584	2.673252916831451	2.837044596606721	2.681192083724584	0.3221702232457715	-0.028951742587471387
TILD175MA_150_2_12	TILD175MA	TILD175	fold_2	epithelial_transitional	POOLED	2.84743731848678	2.279091169607111	2.15328620772895	2.265416046801976	2.471349774779641	2.4524342558034378	2.3527745889120046	2.2790596555186027	2.44566075295997	2.529971889149151	2.499276840408172	2.556429016282864	0.5820212716848037	-0.029986330119773693
TILD175MA_150_2_6	TILD175MA	TILD175	fold_2	epithelial_transitional	POOLED	2.82106440731132	2.2790959588046853	2.7433155098122306	2.5598434776414143	2.431699343552353	2.4356862912352453	2.4213123424867216	2.279061598220845	2.628783361666769	2.422366948308932	2.6290183460202137	2.414985364188192	0.26122092966990573	-0.029935380772137494
TILD175MA_150_2_9	TILD175MA	TILD175	fold_2	epithelial_transitional	POOLED	3.58155722232307	2.279093564205898	2.3552921553170734	2.3252843448384106	2.9335274136938807	2.9086480876164864	2.499447620190896	2.279060626869724	3.1123357271497456	2.813437666207858	3.1642027087076463	2.839554595571318	1.2562728774846592	-0.029334687869107305
TILD175MA_150_3_6	TILD175MA	TILD175	fold_2	epithelial_transitional	POOLED	3.16706219851716	2.27909571025766	2.475161885499466	2.508688311443345	2.7929949888769654	2.794237678935562	2.328970022726676	2.279062651567077	2.7754153427847683	2.9007671054381086	2.7709374698194438	2.9045519902732657	0.658373887073815	-0.02894757343648693
TILD175MA_150_3_7	TILD175MA	TILD175	fold_2	epithelial_transitional	POOLED	3.25928193594003	2.2790949120580644	2.4366351447200847	2.4316385758638868	2.4541659776538705	2.438779023684174	2.3259860607137166	2.27906232778337	2.285855237808639	2.4276448102426373	2.310234242673801	2.437691402448254	0.8276433600761433	-0.0306722852018534
TILD175MA_150_3_8	TILD175MA	TILD175	fold_2	epithelial_transitional	POOLED	3.21710633944914	2.2790941138584686	2.552615845566736	2.4913845981344545	2.572075079188667	2.567718361735349	2.4910041389948945	2.279062003999663	2.59738133116553	2.545573941512993	2.606594030184686	2.550157362632109	0.7257217413146857	-0.03093418475846241
TILD175MA_150_3_9	TILD175MA	TILD175	fold_2	epithelial_transitional	POOLED	3.61864793280169	2.279093315658873	2.43612802086514	2.4073406357313694	2.8181210254034985	2.8036309677243465	2.440858154560991	2.279061680215956	2.880485021711685	2.77039641820693	2.9051744649898392	2.7751816750942644	1.2113072970703205	-0.029623055116902483
TILD175MA_150_4_6	TILD175MA	TILD175	fold_2	epithelial_transitional	POOLED	3.32071099098212	2.279095461710635	2.407893546893475	2.351922358041469	2.539195818140151	2.524329436154078	2.208728181393878	2.279063704913309	2.5403131584348757	2.629656188838958	2.568241228664348	2.6456787257381493	0.968788632940651	-0.029739198299899478
TILD175MA_150_4_7	TILD175MA	TILD175	fold_2	epithelial_transitional	POOLED	3.70984499010353	2.279094663511039	2.341219897824375	2.351310521912863	2.6701326592334107	2.6408514695368956	2.326986070126929	2.279063381129602	2.613594045225308	2.480319940363691	2.661008485334221	2.506597982210264	1.3585344681906673	-0.02975464493925798
TILD175MA_150_4_9	TILD175MA	TILD175	fold_2	epithelial_transitional	POOLED	3.31498351776749	2.2790930671118477	2.560626259399953	2.4428693163353534	2.5712578781889097	2.553567356401203	2.4963825978167997	2.279062733562188	2.435599070068202	2.5433578644513455	2.4586356221026997	2.560280894246852	0.8721142014321366	-0.030488135796999542
TILD175MA_150_5_15	TILD175MA	TILD175	fold_2	epithelial_transitional	POOLED	2.77514321390419	2.279088029367248	2.496464139130613	2.388503205225009	2.439520029185839	2.4275715720224653	2.199975504981817	2.2790618442061774	2.355073801544507	2.557554396478838	2.3741438733563913	2.566734700440345	0.3866400086791808	-0.031151867705955644
TILD175MA_150_5_16	TILD175MA	TILD175	fold_2	epithelial_transitional	POOLED	3.28382596706139	2.279087231167652	2.274113862263084	2.274171006496425	2.4888389369819293	2.466620481773843	2.058614991220957	2.2790615204224705	2.542299327429019	2.5499969811128413	2.6016470028865317	2.57593412661465	1.0096549605649647	-0.02938117553792358
TILD175MA_150_5_17	TILD175MA	TILD175	fold_2	epithelial_transitional	POOLED	3.89046906746369	2.2790864329680565	2.0566416567834405	2.1677328640301465	2.460944106918463	2.428452932465913	1.952197284856754	2.2790611966387635	2.438262453223958	2.4900929564817313	2.502422384859055	2.5185016298137057	1.7227362034335436	-0.02995150962441493
TILD175MA_150_5_6	TILD175MA	TILD175	fold_2	epithelial_transitional	POOLED	3.78355682313598	2.2790952131636097	2.0199387215384843	2.130041829524716	2.6110623163181375	2.5679455853341806	2.192685364700881	2.279064758259541	2.5657023598647823	2.5606931355655607	2.653136041588586	2.60360307784155	1.6535149936112643	-0.029287035946370846
TILD175MA_150_5_7	TILD175MA	TILD175	fold_2	epithelial_transitional	POOLED	3.25138306655223	2.279094414964014	2.4304709727920875	2.3647739180770864	2.4123883669559643	2.401992715364753	2.3247887656638624	2.279064434475834	2.336123742070846	2.3742763129894984	2.3453543959299883	2.3819627817465916	0.8866091484751437	-0.029864292537882576
TILD175MA_150_5_8	TILD175MA	TILD175	fold_2	epithelial_transitional	POOLED	3.04045800110893	2.2790936167644182	2.48674866804509	2.432919549862212	2.471124021853415	2.4605549123833677	2.3262472708561086	2.279064110692127	2.507708682052578	2.518889815762752	2.518064539377907	2.529342144258833	0.6075384512467181	-0.0320495196544562
TILD175MA_150_5_9	TILD175MA	TILD175	fold_2	epithelial_transitional	POOLED	3.43986761973607	2.2790928185648225	2.4508656085573124	2.377332965989874	2.824831467986462	2.7920516714777106	2.5106434131292574	2.27906378690842	2.7082328821548485	2.75406019163934	2.7656926178532886	2.7850245438364127	1.0625346537461962	-0.029155459732850452
TILD175MA_150_6_15	TILD175MA	TILD175	fold_2	epithelial_transitional	POOLED	2.57572440082091	2.279087780820223	2.550746671405687	2.469894666598697	2.517125451909008	2.509597880124987	2.227685496150079	2.2790628975524094	2.3910904087055904	2.552073412893714	2.404354437572218	2.5579115405374595	0.10582973422221276	-0.030872081506329606
TILD175MA_150_6_16	TILD175MA	TILD175	fold_2	epithelial_transitional	POOLED	3.00394211677913	2.279086982620627	2.6025199974917608	2.4889153091076177	2.4995133709866835	2.489076997150585	2.357018296565872	2.2790625737687025	2.418816788245965	2.7421607139429542	2.4311033579606045	2.7444514154027613	0.5150268076715121	-0.029102264148453863
TILD175MA_150_6_17	TILD175MA	TILD175	fold_2	epithelial_transitional	POOLED	3.17683660862335	2.2790861844210313	2.2094669181545012	2.41758691468599	2.451234583805224	2.4346600402011	2.4664720665413453	2.2790622499849955	2.3525629249916276	2.668301690998727	2.3767100206556595	2.6799250190737407	0.7592496939373601	-0.02930783616898057
TILD175MA_150_6_3	TILD175MA	TILD175	fold_2	epithelial_transitional	POOLED	2.62080668073519	2.2790973592153723	2.6045183975506565	2.5790164502495077	2.4811728890981337	2.4749723538544703	2.2541338931201693	2.2790667829568942	2.4995872230180054	2.437795264727813	2.5116289046097733	2.44101975025463	0.04179023048568231	-0.031144039451142535
TILD175MA_150_6_6	TILD175MA	TILD175	fold_2	epithelial_transitional	POOLED	3.78587102247691	2.279094964616585	2.415394592742316	2.281575656582818	2.7662990196334576	2.7329268878662893	2.382953789106543	2.279065811605773	2.8330097658202265	2.785760730901682	2.906163643290568	2.8221673923904382	1.5042953658940919	-0.029189318054328072
TILD175MA_150_6_7	TILD175MA	TILD175	fold_2	epithelial_transitional	POOLED	3.67359419025934	2.2790941664169893	2.4796668440796825	2.408446001897707	2.426357654365201	2.415755529791284	2.343664839999632	2.279065487822066	2.408808966087824	2.4749893542424	2.4244516634717237	2.485215686222047	1.265148188361633	-0.030885369484165346
TILD175MA_150_6_8	TILD175MA	TILD175	fold_2	epithelial_transitional	POOLED	3.75303516566679	2.2790933682173935	2.5209580464497856	2.3752247816548993	2.624711531638938	2.6008748499242005	2.5231335405225863	2.279065164038359	2.7031989413482913	2.7025569663775237	2.757432699536337	2.7333480323426143	1.377810384011891	-0.031142712683867365
TILD175MA_150_7_13	TILD175MA	TILD175	fold_2	epithelial_transitional	POOLED	2.67396471296413	2.2790891286723896	2.47646787803596	2.4290817391773434	2.2614610846761742	2.2453445669972107	2.272684756943832	2.279064598466056	2.1152783248066283	2.338425230216874	2.1495472879345163	2.353656490340642	0.2448829737867868	-0.03137789007924536
TILD175MA_150_7_14	TILD175MA	TILD175	fold_2	epithelial_transitional	POOLED	2.57042709789267	2.279088330472794	2.3469770959498018	2.303725272143046	2.1842166310125024	2.1618677774360404	2.198466270711037	2.279064274682349	2.3673431264131684	2.504107905846917	2.4242895352291978	2.536563039075806	0.2667018257496241	-0.033145096590528646
TILD175MA_150_7_15	TILD175MA	TILD175	fold_2	epithelial_transitional	POOLED	3.1049574751269	2.279087532273198	2.127278645735521	2.2003635452823906	2.485209140437634	2.451529159550428	2.2980317627280216	2.279063950898642	2.4971353073876603	2.5238382945374123	2.559245074422298	2.553438290367049	0.9045939298445091	-0.030498547404136468
TILD175MA_150_7_16	TILD175MA	TILD175	fold_2	epithelial_transitional	POOLED	2.8914466860387	2.2790867340736023	2.458196018900596	2.4204243145439888	2.4421160045347747	2.4253201176054295	2.3324933442474545	2.2790636271149345	2.486934819435329	2.594037046645181	2.4992376244757875	2.5964745325057828	0.47102237149471105	-0.030154682261747192
TILD175MA_150_7_17	TILD175MA	TILD175	fold_2	epithelial_transitional	POOLED	2.66034257053153	2.2790859358740065	2.492385982595828	2.534105280201983	2.4853349652014427	2.4778304090131384	2.2133720606636165	2.2790633033312275	2.4079058760707226	2.590091806535839	2.416021008094114	2.578196923573838	0.12623729032954722	-0.030539641774689184
TILD175MA_150_7_2	TILD175MA	TILD175	fold_2	epithelial_transitional	POOLED	3.08683489874951	2.279097908867943	2.6202772223961768	2.441480239972444	2.632251861275946	2.6093019910495365	2.499080791136031	2.279068160086833	2.8604821857027005	2.7892044759848647	2.9068359628836378	2.8060254281851993	0.645354658777066	-0.030834873075518677
TILD175MA_150_7_3	TILD175MA	TILD175	fold_2	epithelial_transitional	POOLED	2.92117765343442	2.279097110668347	2.587117302403944	2.5462581150112786	2.773282740949118	2.759763526360577	2.3487626015938368	2.2790678363031263	2.950140158698238	2.9042103101843235	2.974130477266641	2.920697362995122	0.3749195384231414	-0.028992951876447143
TILD175MA_150_8_13	TILD175MA	TILD175	fold_2	epithelial_transitional	POOLED	2.77629188422046	2.2790888801253644	2.509316415310395	2.3831407167723304	2.208106140870128	2.193874781982894	2.290700355597798	2.279065651812288	2.083466538284534	2.205377534857546	2.103727668027426	2.2170028967468802	0.3931511674481296	-0.03125762117751188
TILD175MA_150_8_14	TILD175MA	TILD175	fold_2	epithelial_transitional	POOLED	2.63031459435233	2.2790880819257686	2.280224983154611	2.29805314327136	2.1634425743324797	2.1419984794628446	2.216999159185474	2.279065328028581	2.0241975686826246	2.41073233426175	2.062473747273203	2.4322880747366	0.3322614510809698	-0.03301655754658201
TILD175MA_150_8_15	TILD175MA	TILD175	fold_2	epithelial_transitional	POOLED	2.83741099387154	2.279087283726173	2.14744124608069	2.2017427120202964	2.3934062049698537	2.3678572615205664	2.2500322297022635	2.279065004244874	2.4699824682568043	2.387295056736137	2.5191099264484773	2.4105491167097077	0.6356682818512436	-0.030442519927680968
TILD175MA_150_8_16	TILD175MA	TILD175	fold_2	epithelial_transitional	POOLED	2.8842045742269	2.279086485526577	2.460938012572626	2.414642344408425	2.492345188591947	2.476811061928034	2.4012273822102617	2.2790646804611665	2.5378415216820187	2.5956034319938652	2.5668251966536038	2.603934503914563	0.46956222981847473	-0.029745770580020918
TILD175MA_150_8_17	TILD175MA	TILD175	fold_2	epithelial_transitional	POOLED	2.37088166351509	2.2790856873269814	2.4756539903998953	2.44255480733801	2.39017263161627	2.379309851114073	2.037510334150375	2.2790643566774595	2.1632730864341587	2.407377749827021	2.1678452538669015	2.40086664125683	-0.0716731438229199	-0.030241436091403326
TILD175MA_150_8_18	TILD175MA	TILD175	fold_2	epithelial_transitional	POOLED	1.98847395508957	2.2790848891273856	2.4693236464501704	2.5884160325768955	2.396412338922742	2.401310068891405	2.1781362740625676	2.2790640328937526	2.3659976090410493	2.516417074389976	2.3510410067044036	2.4917987074131247	-0.5999420774873254	-0.03076617504086358
TILD175MA_150_8_3	TILD175MA	TILD175	fold_2	epithelial_transitional	POOLED	3.12439604833736	2.279096862121322	2.616814842559822	2.565453074331995	2.5057985827609612	2.4952947058752932	2.255093505316595	2.2790688896493583	2.554650156778758	2.557894661573032	2.5797325072745116	2.5663504588021384	0.5589429740053649	-0.030397995474305082
TILD175MA_150_9_12	TILD175MA	TILD175	fold_2	epithelial_transitional	POOLED	2.60818917513828	2.279089429777935	2.5264968974385047	2.4391106905343434	2.57572639937024	2.5629250528558423	2.2022269552222804	2.279067028942227	2.5759231354446626	2.6308739002200454	2.6098682787510774	2.6444640621406865	0.16907848460393682	-0.02957006492443234
TILD175MA_150_9_13	TILD175MA	TILD175	fold_2	epithelial_transitional	POOLED	2.6724277748041	2.279088631578339	2.512333993749096	2.4816758346734855	2.288704459078563	2.2808977081923008	2.2148778610456064	2.27906670515852	2.134772686232515	2.43904073939295	2.1487063573097434	2.4387075240226044	0.19075194013061436	-0.03125306215397596
TILD175MA_150_9_14	TILD175MA	TILD175	fold_2	epithelial_transitional	POOLED	2.72273126452649	2.2790878333787434	2.509024954444632	2.4510763964354485	2.1551893779498883	2.1471198808619083	2.128580988493424	2.279066381374813	2.1335240964227777	2.3242881468225467	2.1472989287738193	2.3261080899892086	0.27165486809104156	-0.03309434280112092
TILD175MA_150_9_15	TILD175MA	TILD175	fold_2	epithelial_transitional	POOLED	2.86057192159132	2.2790870351791477	2.5708327400035333	2.481047590744708	2.646027675323503	2.6371062677012884	2.3794954759637523	2.279066057591106	2.7623576587940524	2.557459393884055	2.7871678208578192	2.5559158324850992	0.37952433084661186	-0.03065842515931427
TILD175MA_150_9_16	TILD175MA	TILD175	fold_2	epithelial_transitional	POOLED	2.45917371397328	2.279086236979552	2.4774582787199	2.4763159728255997	2.618845880593841	2.611155990711299	2.0985868265212115	2.2790657338073985	2.8243803737488347	2.7811766587883753	2.840692107040869	2.7776688347821623	-0.01714225885231979	-0.029197623427353867
TILD175MA_150_9_17	TILD175MA	TILD175	fold_2	epithelial_transitional	POOLED	2.82161238056179	2.279085438779956	2.458187449035991	2.441991781206603	2.408269754503834	2.3965307921857213	2.348454418400021	2.2790654100236916	2.4780714135791455	2.6115290147216745	2.4920911121335663	2.6170361998555522	0.3796205993551869	-0.029992782205341007
TILD175MA_150_9_18	TILD175MA	TILD175	fold_2	epithelial_transitional	POOLED	2.86640114763534	2.2790846405803604	2.5240491666753746	2.450404216515946	2.5244023454409397	2.509685671742527	2.275727773347797	2.2790650862399846	2.6010001816829025	2.5230547525769778	2.624521971318483	2.519223574001646	0.4159969311193943	-0.030327557487054825
TILD175MA_150_9_3	TILD175MA	TILD175	fold_2	epithelial_transitional	POOLED	2.9495633007954	2.2790966135742967	2.636071116525396	2.5599208339608035	2.580471199752428	2.571426501851848	2.1443127959144963	2.2790699429955903	2.601440170358012	2.5661919846923382	2.623869308785161	2.568730064244063	0.3896424668345966	-0.030814960963693624
VUILD104MA1_150_10_19	VUILD104MA1	VUILD104	fold_2	epithelial_transitional	POOLED	1.58194315229851	2.2790861669779243	2.478853966505042	2.588325565088128	2.207948430988756	2.256521310654208	2.2540740361732765	2.279067438124219	1.8895569334421018	2.1291370417586766	1.773271026870603	2.077514470312476	-1.0063824127896182	-0.029301286164140766
VUILD104MA1_150_10_20	VUILD104MA1	VUILD104	fold_2	epithelial_transitional	POOLED	2.328385145245	2.279085527199917	2.122550307715619	2.2410699682301107	2.261178372073226	2.273690953835245	2.4926950347706534	2.2790672728442845	1.8603301339900968	2.182655867750351	1.806176623383191	2.1726145891400703	0.08731517701488922	-0.029468105901512612
VUILD104MA1_150_10_24	VUILD104MA1	VUILD104	fold_2	epithelial_transitional	POOLED	2.21546911097925	2.279082968087886	2.040881287160433	2.3162556082945818	2.9198545418040367	2.911659548353203	2.703922414818285	2.2790666117245464	2.9581574433499447	2.6944703215197205	2.9813317257995133	2.707224185986607	-0.10078649731533185	-0.027335408515045678
VUILD104MA1_150_11_11	VUILD104MA1	VUILD104	fold_2	epithelial_transitional	POOLED	2.41251664964311	2.2790909875047904	2.5033450315761727	2.4424400790084437	2.0551262080223918	2.092076634314267	2.277045918280543	2.279069764489048	2.05350638713138	2.261100361403432	1.9793950853697404	2.22847272562855	-0.029923429365333654	-0.029647986368947228
VUILD104MA1_150_11_12	VUILD104MA1	VUILD104	fold_2	epithelial_transitional	POOLED	2.03348851845762	2.279090347726783	2.2131561786212406	2.3162905079571647	2.0839370117685023	2.1045743909106225	2.37434843962606	2.2790695992091132	2.131368089518674	2.1090882570862095	2.087025867397302	2.088775975756353	-0.2828019894995446	-0.029508841282412403
VUILD104MA1_150_11_13	VUILD104MA1	VUILD104	fold_2	epithelial_transitional	POOLED	2.36366996055234	2.279089707948775	2.3617937586673423	2.3552848204980883	2.3967619737254693	2.4110748513876197	2.462798637075586	2.2790694339291786	2.3039047683872442	2.4805151831796386	2.2795921669442953	2.4769270734578916	0.008385140054251838	-0.02920753210199792
VUILD104MA1_150_11_14	VUILD104MA1	VUILD104	fold_2	epithelial_transitional	POOLED	1.98558825202052	2.2790890681707676	2.2956348606979846	2.3563397986616783	2.380793821839601	2.392575448375549	2.47811222526687	2.279069268649244	2.478659966261156	2.308479080009271	2.4558670082889784	2.2992726048609455	-0.3707515466411584	-0.029649788241387826
VUILD104MA1_150_11_15	VUILD104MA1	VUILD104	fold_2	epithelial_transitional	POOLED	1.96917505291322	2.27908842839276	2.539163177334333	2.6286754724528167	2.1871548540028245	2.2300989670838316	2.3235723678828366	2.2790691033693093	2.030582383922264	2.168387971426772	1.9131715401696927	2.122358704284474	-0.6595004195395968	-0.03194795347810066
VUILD104MA1_150_11_17	VUILD104MA1	VUILD104	fold_2	epithelial_transitional	POOLED	2.30712775967244	2.279087148836745	2.3404049726723075	2.433913942230744	2.3234811847508374	2.33340431751208	2.274950242731627	2.27906877280944	2.47386796752232	2.355674126973533	2.455537560774323	2.3501070386435674	-0.1267861825583041	-0.029416547469665832
VUILD104MA1_150_11_18	VUILD104MA1	VUILD104	fold_2	epithelial_transitional	POOLED	2.28946211726193	2.279086509058737	2.1950428947865657	2.3042258880425175	2.316760821545505	2.3297229825129286	2.334536360671319	2.2790686075295055	2.502285328035308	2.2385422856781947	2.496138876258971	2.2307492881889486	-0.01476377078058766	-0.02884448973657533
VUILD104MA1_150_11_19	VUILD104MA1	VUILD104	fold_2	epithelial_transitional	POOLED	2.13066505143472	2.2790858692807294	2.1548259815483313	2.143831911986841	2.4658918438329223	2.4613937882886425	2.4494285285458406	2.279068442249571	2.1613905238111664	2.3340792329909457	2.1566137624042705	2.3434282169213	-0.013166860552121129	-0.02845908999936502
VUILD104MA1_150_11_20	VUILD104MA1	VUILD104	fold_2	epithelial_transitional	POOLED	2.57930304456872	2.279085229502722	2.030181119655764	2.1272153794409623	2.121887213131264	2.128007372760006	2.2741745171849628	2.279068276969636	1.9785696458474689	2.1648077759225015	1.9468614582068828	2.1598600044221405	0.4520876651277579	-0.03029349288285816
VUILD104MA1_150_11_21	VUILD104MA1	VUILD104	fold_2	epithelial_transitional	POOLED	1.7083723089106	2.279084589724714	2.3208898741898842	2.272278896423934	2.328727006261287	2.3225680704601466	2.4953911586514113	2.2790681116897016	2.4325434354633355	2.4394490924177803	2.4529606643731454	2.4511341204988035	-0.5639065875133342	-0.030755956711625787
VUILD104MA1_150_11_23	VUILD104MA1	VUILD104	fold_2	epithelial_transitional	POOLED	2.29507680384763	2.279083310168699	2.252842820228114	2.313773109111828	2.5583845635851445	2.563258383384508	2.5119708128847758	2.2790677811298328	2.682712117248967	2.7200741532461095	2.666391748597418	2.7193745470632145	-0.018696305264197743	-0.02773530359186081
VUILD104MA1_150_12_23	VUILD104MA1	VUILD104	fold_2	epithelial_transitional	POOLED	2.00521025528517	2.279083012471504	2.0283770152862224	2.0889399542639078	2.394517830907838	2.383919165394418	2.4506120411524774	2.2790687852551845	2.5301599188132418	2.4029145326894756	2.539416655071527	2.4154207357540756	-0.08372969897873794	-0.028131547875006595
VUILD104MA1_150_13_23	VUILD104MA1	VUILD104	fold_2	epithelial_transitional	POOLED	1.86226934382171	2.279082714774309	1.8973559363607422	2.0485136656638305	2.0749288045023575	2.0728713892820716	2.3390684215059685	2.2790697893805363	2.0432670649638727	2.2401264310251663	2.0416562158459564	2.2525343424347732	-0.18624432184212059	-0.028871947385005155
VUILD104MA1_150_13_24	VUILD104MA1	VUILD104	fold_2	epithelial_transitional	POOLED	1.71558287542502	2.2790820749963014	2.178267933129831	2.1347330934596496	2.0144883085724006	2.0246583402796916	2.1980224831249586	2.2790696241006017	2.0562430801853857	2.046336580936942	2.037804042625004	2.0457406088903567	-0.4191502180346296	-0.02902358480244941
VUILD104MA1_150_14_22	VUILD104MA1	VUILD104	fold_2	epithelial_transitional	POOLED	2.88848149677107	2.2790830568551215	2.382617137035469	2.354306510818932	2.5411855656329205	2.5545689416748	2.2868041899415705	2.2790709587858227	2.5041362352999377	2.3868484546193587	2.464400971611945	2.3697981628708162	0.5341749859521383	-0.028471405626811035
VUILD104MA1_150_14_23	VUILD104MA1	VUILD104	fold_2	epithelial_transitional	POOLED	2.156096339346	2.279082417077114	2.1678814671993316	2.109173381272507	2.278176915845434	2.2722406237093917	2.3730176675015624	2.279070793505888	2.3110083867963076	2.3193501865200834	2.3169933950544155	2.327733868405919	0.04692295807349289	-0.028463501351565793
VUILD104MA1_150_14_24	VUILD104MA1	VUILD104	fold_2	epithelial_transitional	POOLED	2.5861791556474	2.2790817772991065	1.9142631243058206	1.8888302623592828	2.230363497177561	2.208073421367909	2.144764332547988	2.2790706282259534	2.164083301387926	2.1773890603436477	2.2294004597652126	2.2044660367410875	0.6973488932881171	-0.028671132469708913
VUILD104MA1_150_15_10	VUILD104MA1	VUILD104	fold_2	epithelial_transitional	POOLED	2.69875339726537	2.2790904364940183	2.1048539908780945	2.2224166446120797	2.2034686089929956	2.1948364991698655	2.335971545451398	2.2790739462703895	2.3250688008956324	2.2435302749542414	2.350196712747127	2.2443505159598462	0.47633675265329023	-0.03041613614159807
VUILD104MA1_150_15_20	VUILD104MA1	VUILD104	fold_2	epithelial_transitional	POOLED	2.99504650282125	2.279084038713942	2.2284786504314757	2.2812173978156323	2.3773879825264275	2.3909182199917365	2.2398394422446444	2.2790722934710432	2.448295137887186	2.217997755727683	2.4365489118422783	2.204446223111659	0.7138291050056176	-0.02896892416827921
VUILD104MA1_150_15_21	VUILD104MA1	VUILD104	fold_2	epithelial_transitional	POOLED	2.04365900546041	2.2790833989359345	2.265253634721449	2.27708642153225	2.22887102542444	2.238191477637659	2.420952766263702	2.279072128191109	2.37091778791671	2.308939799295242	2.342181398523457	2.299087966970919	-0.23342741607184037	-0.030404702509645616
VUILD104MA1_150_15_23	VUILD104MA1	VUILD104	fold_2	epithelial_transitional	POOLED	2.61405305011491	2.279082119379919	2.1094191325316975	2.18531775584488	2.2092260508298245	2.210442947325102	2.314543364990671	2.27907179763124	2.1818579738601462	2.1863408023692528	2.1780636887825535	2.1841107329825	0.4287352942700302	-0.028694216975764013
VUILD104MA1_150_15_24	VUILD104MA1	VUILD104	fold_2	epithelial_transitional	POOLED	2.37446246474916	2.2790814796019117	2.1847907655242214	2.040056727545753	2.3034181891672922	2.283248412539248	2.300130080381574	2.279071632351305	2.4818207275278383	2.485621870526603	2.5300735449844804	2.509476482040991	0.33440573720340705	-0.030079838566042575
VUILD104MA1_150_16_16	VUILD104MA1	VUILD104	fold_2	epithelial_transitional	POOLED	2.58394146001688	2.2790863001287778	2.1602769419400145	2.127049316769702	2.376577492274157	2.376351445549566	2.3369029603864244	2.2790739587161335	2.4041465671832816	2.4491182016198123	2.411314727691203	2.4532205116307804	0.456892143247178	-0.028809299805830812
VUILD104MA1_150_16_17	VUILD104MA1	VUILD104	fold_2	epithelial_transitional	POOLED	1.53147133864667	2.27908566035077	2.2752551546576636	2.21709586590633	2.1512855293648285	2.1684661999706147	2.1684273628216513	2.279073793436199	2.452926621353721	2.34965423882804	2.4212851218249996	2.328203847472884	-0.6856245272596597	-0.028924410428185717
VUILD104MA1_150_5_11	VUILD104MA1	VUILD104	fold_2	epithelial_transitional	POOLED	1.91556158160539	2.2790927736879603	2.6795905233970623	2.5847343021225417	2.7334761906101006	2.748020585195965	2.5958863815856175	2.2790637397369373	2.7894436543834726	2.6672125984770343	2.7613583619150184	2.6610295817072815	-0.6691727205171518	-0.02854637972625935
VUILD104MA1_150_6_11	VUILD104MA1	VUILD104	fold_2	epithelial_transitional	POOLED	1.85789364319803	2.2790924759907654	2.298865079862221	2.3997043170478896	2.266883156990566	2.2738060576116976	2.5235052614430225	2.279064743862289	2.4036345285715908	2.4393825716309823	2.3903701176742826	2.440007662344835	-0.5418106738498596	-0.029131726006627695
VUILD104MA1_150_7_11	VUILD104MA1	VUILD104	fold_2	epithelial_transitional	POOLED	1.91307664972853	2.2790921782935705	2.4143333930955726	2.4319800318277163	2.0992421151762293	2.108794739170038	2.465769513362909	2.279065747987641	2.1876717599614084	2.293029228933995	2.181281039591317	2.299003133656215	-0.5189033820991862	-0.029684462201485226
VUILD104MA1_150_7_9	VUILD104MA1	VUILD104	fold_2	epithelial_transitional	POOLED	1.73730613119108	2.279093457849586	2.7340966548325363	2.7197443577569023	2.4526851820024596	2.4942215751261143	2.466646077568844	2.27906607854751	2.4987707581634346	2.3734857965961895	2.4218611904894183	2.332325542827594	-0.9824382265658222	-0.030816791963447887
VUILD104MA1_150_8_12	VUILD104MA1	VUILD104	fold_2	epithelial_transitional	POOLED	2.52062398440335	2.2790912408183677	2.163495488521485	2.2644588080464683	2.4534344046816985	2.4287653372472957	2.4736637273777093	2.279066586833058	2.566276186881285	2.3283754532987047	2.62857535138113	2.3545481525209437	0.25616517635688174	-0.029138808515817058
VUILD104MA1_150_8_7	VUILD104MA1	VUILD104	fold_2	epithelial_transitional	POOLED	2.36111924577038	2.279094439708406	2.6438607310294993	2.52934919406411	2.730781686397994	2.7386053937713024	2.54999137327714	2.2790674132327307	2.774647226026948	2.6515529846423087	2.759187459828394	2.6456018625188085	-0.16822994829372995	-0.029631037725897754
VUILD104MA1_150_8_8	VUILD104MA1	VUILD104	fold_2	epithelial_transitional	POOLED	2.76072515441634	2.2790937999303984	2.4577348253680737	2.505185297377748	2.553029766657489	2.566018626040127	2.643603395565512	2.279067247952796	2.5001458130189658	2.571805693095913	2.456265721874556	2.5567435058101315	0.25553985703859183	-0.03010172419563995
VUILD104MA1_150_8_9	VUILD104MA1	VUILD104	fold_2	epithelial_transitional	POOLED	2.63205230763497	2.2790931601523905	2.394270540781631	2.508909901117984	2.6431786719959067	2.656006081413811	2.652273054611649	2.279067082672862	2.661336138492518	2.5673643615316193	2.6248904468547787	2.550966177538027	0.12314240651698594	-0.030592212303892783
VUILD104MA1_150_9_8	VUILD104MA1	VUILD104	fold_2	epithelial_transitional	POOLED	2.01439080206106	2.2790935022332035	2.0038414336642636	2.2292749456253134	2.410576236664307	2.4000426964997263	2.5881614326794007	2.2790682520781482	2.4316393328047283	2.486867923402513	2.450445275318253	2.4993012158310077	-0.21488414356425345	-0.029931591356159165
VUILD104MA2_150_10_11	VUILD104MA2	VUILD104	fold_2	epithelial_transitional	POOLED	1.9560292203955	2.2790907859754057	2.4544094755257806	2.338381803941164	2.5470885543961845	2.548657909073178	2.473905055556715	2.279075168105149	2.76014503761318	2.6161008225130438	2.748341561644471	2.619525669131474	-0.3823525835456638	-0.030534771382183412
VUILD104MA2_150_10_14	VUILD104MA2	VUILD104	fold_2	epithelial_transitional	POOLED	2.30056323667102	2.2790885784213906	2.5918803748029307	2.5631023680805516	2.6266981170850947	2.6252964355991155	2.521027297984216	2.2790743838958334	2.7430559094390237	2.5459697636420837	2.762466036538986	2.5438306158119	-0.26253913140953156	-0.02923793581572494
VUILD104MA2_150_10_15	VUILD104MA2	VUILD104	fold_2	epithelial_transitional	POOLED	1.87720289521764	2.279087842570052	2.4935778326559257	2.5058325856004497	2.4835842159545694	2.475657583798082	2.5681798410366956	2.279074122492728	2.4761051022732627	2.5255523220233496	2.464837408239615	2.525148808562719	-0.6286296903828097	-0.0302450125488107
VUILD104MA2_150_10_16	VUILD104MA2	VUILD104	fold_2	epithelial_transitional	POOLED	2.07237776543079	2.2790871067187135	2.4334936403763407	2.432666999261732	2.428814945251024	2.4133231499096706	2.6861481998578727	2.2790738610896226	2.6345549406160647	2.4379864958991395	2.6567539352012073	2.4456723746955875	-0.3602892338309416	-0.030784251693775046
VUILD104MA2_150_10_17	VUILD104MA2	VUILD104	fold_2	epithelial_transitional	POOLED	1.84823412845271	2.279086370867375	2.5075724751303623	2.409764384226842	2.3789990673152475	2.356854241744693	2.4669757470100815	2.2790735996865172	2.3155945641841544	2.3542877642672213	2.3387695551556957	2.367212105590128	-0.561530255774132	-0.030837860407678438
VUILD104MA2_150_10_18	VUILD104MA2	VUILD104	fold_2	epithelial_transitional	POOLED	1.58575612439777	2.2790856350160364	2.010745322580813	2.179893291147954	2.355524590831056	2.3232901251171185	2.561737918669112	2.279073338283412	2.1554009518000425	2.294570318529233	2.199966860219513	2.3253086110222365	-0.594137166750184	-0.02912932723302192
VUILD104MA2_150_10_21	VUILD104MA2	VUILD104	fold_2	epithelial_transitional	POOLED	2.71809624636034	2.2790834274620213	2.550911934004872	2.493180341557749	2.5212539271796417	2.5364067700843087	2.48637616340805	2.2790725540740957	2.6876605733406844	2.540102900297202	2.640207325294843	2.512237341067818	0.22491590480259127	-0.03037732361349189
VUILD104MA2_150_10_22	VUILD104MA2	VUILD104	fold_2	epithelial_transitional	POOLED	2.33639021378254	2.2790826916106828	2.337738775050062	2.2853961701163334	2.6676554398716674	2.642938676740232	2.633946521011722	2.2790722926709903	2.7152509710655695	2.748416957002341	2.744100725902482	2.768993193754943	0.05099404366620641	-0.030072319596865064
VUILD104MA2_150_10_23	VUILD104MA2	VUILD104	fold_2	epithelial_transitional	POOLED	1.9603980093131	2.2790819557593442	2.313759401746179	2.263811628582763	2.4801188166612866	2.45225246298989	2.583797850394928	2.279072031267885	2.2618474948531158	2.363937344665915	2.2951225077177337	2.385419832329844	-0.30341361926966326	-0.029538097465902143
VUILD104MA2_150_10_7	VUILD104MA2	VUILD104	fold_2	epithelial_transitional	POOLED	1.70071025778878	2.2790937293807594	2.4572737441656134	2.465657915268815	2.5493138391738417	2.560797801739759	2.324963452190961	2.2790762137175706	2.5184397136629233	2.4103389961331168	2.482999822914786	2.3992196909467265	-0.7649476574800351	-0.028704004105199462
VUILD104MA2_150_11_11	VUILD104MA2	VUILD104	fold_2	epithelial_transitional	POOLED	2.86787513438841	2.2790905459559943	2.243433146571795	2.3476928055938884	2.407702564981006	2.4153895087577983	2.317859458964203	2.2790762299912632	2.5137093668566286	2.425160246669958	2.4981199606700915	2.4175795733913286	0.5201823287945215	-0.030093185979504104
VUILD104MA2_150_11_14	VUILD104MA2	VUILD104	fold_2	epithelial_transitional	POOLED	2.66752428156898	2.2790883384019787	2.515791533481442	2.500843331328955	2.417266397924192	2.419337296823967	2.3584936617614605	2.279075445781947	2.302032402477695	2.4134194240251268	2.3014472526106173	2.4098473316462696	0.16668095024002483	-0.030025233998550727
VUILD104MA2_150_11_15	VUILD104MA2	VUILD104	fold_2	epithelial_transitional	POOLED	1.95797815831142	2.27908760255064	2.697598274154445	2.6445917268280166	2.4150305786468365	2.428428840309511	2.498304661487075	2.2790751843788417	2.5646606017126587	2.4802102724478345	2.5378212583372095	2.4655060989952866	-0.6866135685165966	-0.030656050309727637
VUILD104MA2_150_11_16	VUILD104MA2	VUILD104	fold_2	epithelial_transitional	POOLED	2.23418078477837	2.279086866699302	2.567174163803941	2.5357526446690706	2.6724997086742697	2.666417498146301	2.6216574792873284	2.2790749229757363	2.810172213367318	2.4783855665226557	2.819226373489782	2.4770495687240057	-0.30157185989070046	-0.03004351816484907
VUILD104MA2_150_11_17	VUILD104MA2	VUILD104	fold_2	epithelial_transitional	POOLED	2.34825083353631	2.2790861308479635	2.4508902859803223	2.4148333540283726	2.8159345109941687	2.795581159776262	2.507861399505382	2.279074661572631	2.813631968157576	2.672240003109266	2.829025014675053	2.681603190282644	-0.0665825204920627	-0.029146366046344286
VUILD104MA2_150_11_18	VUILD104MA2	VUILD104	fold_2	epithelial_transitional	POOLED	2.03008166564692	2.279085394996625	2.4448899884111817	2.2695263524283664	2.4578778959852583	2.4317844985840495	2.5517462444081973	2.2790744001695256	2.36519403711586	2.47512541682454	2.4238922072483926	2.51177651991045	-0.2394446867814466	-0.028947660544247036
VUILD104MA2_150_11_22	VUILD104MA2	VUILD104	fold_2	epithelial_transitional	POOLED	3.03069046394125	2.2790824515912713	2.544011452009811	2.4951556808144226	2.5574257790092867	2.5641278493042328	2.5511449142498295	2.279073354557104	2.3668230107093353	2.441778965973838	2.3407091014314227	2.433892789933549	0.5355347831268276	-0.031018250462033523
VUILD104MA2_150_11_24	VUILD104MA2	VUILD104	fold_2	epithelial_transitional	POOLED	1.66726293867656	2.2790809798885943	2.4431040550714074	2.4132990050814707	2.4725930790548913	2.470619754658397	2.524193513720402	2.2790728317508937	2.267521838258211	2.63165970359765	2.2479413486915547	2.624512985958171	-0.7460360664049106	-0.02944771244627869
VUILD104MA2_150_11_4	VUILD104MA2	VUILD104	fold_2	epithelial_transitional	POOLED	2.30769398187074	2.279095696915363	2.974175332656171	2.655206465499802	2.505131070464133	2.5142247827725828	2.5275046615939116	2.2790780598130005	2.578554824692215	2.5101793360675084	2.5493636666557182	2.5034375852805386	-0.3475124836290622	-0.03085071270125407
VUILD104MA2_150_12_14	VUILD104MA2	VUILD104	fold_2	epithelial_transitional	POOLED	2.38514185324378	2.279088098382567	2.496811975669588	2.47988235602847	2.4283054378882136	2.4322460858064883	2.5020474581048364	2.279076507668061	2.407483517738574	2.4297654977077676	2.3922781519223495	2.4284266053752503	-0.09474050278469015	-0.029848171050562637
VUILD104MA2_150_12_16	VUILD104MA2	VUILD104	fold_2	epithelial_transitional	POOLED	2.03426873317051	2.27908662667989	2.5614839978495643	2.511910537771773	2.594591193639928	2.5851019556114654	2.5978369486375525	2.27907598486185	2.773674592688359	2.3778643715200656	2.778010904868895	2.376847633316854	-0.47764180460126315	-0.03036787810773364
VUILD104MA2_150_12_17	VUILD104MA2	VUILD104	fold_2	epithelial_transitional	POOLED	2.7157676990845	2.2790858908285516	2.1583387836290036	2.225642244100725	2.7020977470016376	2.667517372831839	2.3270407629833354	2.2790757234587447	2.5163035506446403	2.32007980073157	2.5664243032313276	2.339432279814972	0.490125454983775	-0.0293489240874683
VUILD104MA2_150_12_23	VUILD104MA2	VUILD104	fold_2	epithelial_transitional	POOLED	2.26859565340297	2.279081475720521	2.215710020101175	2.277099471590312	2.324665809572888	2.30715287392619	2.514971544486838	2.279074155040113	2.478304847929102	2.3284099681367887	2.5223519454478254	2.3492769395602253	-0.008503818187342027	-0.030413773343359724
VUILD104MA2_150_12_24	VUILD104MA2	VUILD104	fold_2	epithelial_transitional	POOLED	1.97482557397176	2.279080739869183	2.2122604313740815	2.2338947215600222	2.3897338904598615	2.3779531635533018	2.3946523792650853	2.2790738936370074	2.2423768564610294	2.5288983187776086	2.2545354502379227	2.5350059101702	-0.25906914758826227	-0.029631052092265586
VUILD104MA2_150_12_4	VUILD104MA2	VUILD104	fold_2	epithelial_transitional	POOLED	2.80370324538158	2.2790954568959516	2.4518906592623475	2.4759810943013023	2.744806737106844	2.7368030810409856	2.3567981854895677	2.279079121699114	2.9949816632824797	2.840085244924965	3.0106135309862454	2.8397413037576094	0.3277221510802777	-0.030832156420033577
VUILD104MA2_150_12_5	VUILD104MA2	VUILD104	fold_2	epithelial_transitional	POOLED	2.823193988776	2.279094721044613	2.444675519233336	2.397551775663704	2.687206579818183	2.6813896864478357	2.33411248353607	2.279078860296009	2.7206500058492065	2.745895815324193	2.734977576401529	2.748709056828636	0.4256422131122961	-0.029546787930594155
VUILD104MA2_150_13_12	VUILD104MA2	VUILD104	fold_2	epithelial_transitional	POOLED	2.22215042996268	2.2790893300658324	2.4597195092977286	2.440066126136767	2.442135021905294	2.4406040052739226	2.5599159693687006	2.2790780923603853	2.5075521085711276	2.415165676973341	2.5149241462959036	2.4186820640583244	-0.2179156961740869	-0.029262605963525118
VUILD104MA2_150_13_13	VUILD104MA2	VUILD104	fold_2	epithelial_transitional	POOLED	2.19016372349307	2.279088594214494	2.7984704396852877	2.6069285930483512	2.574132576872001	2.579890274534988	2.4379480124191253	2.27907783095728	2.5561469202459315	2.619198417549856	2.539787549460181	2.618173504153372	-0.41676486955528125	-0.029073831070813162
VUILD104MA2_150_13_15	VUILD104MA2	VUILD104	fold_2	epithelial_transitional	POOLED	2.4167565678	2.2790871225118168	2.574695049569172	2.461416236888228	2.483264098247154	2.4855860246271755	2.4111465571620756	2.279077308151069	2.7630588470858326	2.514905055738036	2.745489469363573	2.5173988973994437	-0.04465966908822816	-0.030591707039978298
VUILD104MA2_150_13_16	VUILD104MA2	VUILD104	fold_2	epithelial_transitional	POOLED	2.17989272224985	2.2790863866604787	2.5155998203826373	2.489921817853342	2.377097044207126	2.3785960766990395	2.4538496198937234	2.2790770467479637	2.567529568411779	2.492510798516877	2.550852108187163	2.4819187605635635	-0.31002909560349234	-0.031457312822271655
VUILD104MA2_150_13_17	VUILD104MA2	VUILD104	fold_2	epithelial_transitional	POOLED	2.42161362404373	2.27908565080914	2.6521920192344837	2.543218229899787	2.49113841608095	2.503965511607581	2.659104679085802	2.2790767853448584	2.6988921113101147	2.45648862869247	2.6660063974794137	2.4375401929086022	-0.12160460585605737	-0.030034872538124705
VUILD104MA2_150_13_18	VUILD104MA2	VUILD104	fold_2	epithelial_transitional	POOLED	1.14616748209933	2.2790849149578016	2.330072420574708	2.2362974054072127	2.3838718036476907	2.3724876390796554	2.316517990037562	2.2790765239417534	2.1350725736987073	2.4215978506082187	2.1599641925057806	2.4357493857531214	-1.0901299233078827	-0.02923945430759585
VUILD104MA2_150_13_23	VUILD104MA2	VUILD104	fold_2	epithelial_transitional	POOLED	2.31501026641502	2.2790812357011094	2.109700827198341	2.141014779702383	2.5588605947877676	2.531648870247442	2.483097008726147	2.2790752169262265	2.500031151560721	2.440788800784589	2.5574191238265174	2.470789090498408	0.17399548671263698	-0.0292287127924463
VUILD104MA2_150_13_5	VUILD104MA2	VUILD104	fold_2	epithelial_transitional	POOLED	2.74602651687346	2.2790944810252016	2.3837996843836238	2.465475837633899	2.668793861742052	2.6735903185391843	2.4241672427246317	2.279079922182123	2.769272045488014	2.7014325258568084	2.751451299845738	2.6864047148459425	0.2805506792395609	-0.028977291114045938
VUILD104MA2_150_13_6	VUILD104MA2	VUILD104	fold_2	epithelial_transitional	POOLED	2.41322305261816	2.279093745173863	2.5182116188124435	2.489297317248649	2.471393729154495	2.478080357664348	2.2950275309242625	2.2790796607790176	2.468480102922391	2.516937154574222	2.4325689044340253	2.513559828004842	-0.07607426463048927	-0.029716896690320408
VUILD104MA2_150_14_11	VUILD104MA2	VUILD104	fold_2	epithelial_transitional	POOLED	1.76781366783453	2.279089825897759	2.355938365312104	2.249199404352321	2.552092469331985	2.5220632744489984	2.428137837352089	2.2790794156496044	2.4064768831506544	2.6066366713015103	2.4647390419844415	2.6411473902481473	-0.48138573651779093	-0.02970898065182835
VUILD104MA2_150_14_12	VUILD104MA2	VUILD104	fold_2	epithelial_transitional	POOLED	1.82904916481248	2.2790890900464205	2.359912375753584	2.339504604089987	2.5527261287517238	2.532766881756424	2.5226431457359424	2.279079154246499	2.387193144120617	2.5534226989905826	2.42842648459093	2.574191680072227	-0.5104554392775071	-0.029601266534384156
VUILD104MA2_150_14_13	VUILD104MA2	VUILD104	fold_2	epithelial_transitional	POOLED	1.77159657847978	2.2790883541950824	2.60993122846782	2.5206871569074387	2.605823637637076	2.5996446166259166	2.4271959616991765	2.2790788928433936	2.6646132455021423	2.6277542907593827	2.6730410854762674	2.6331777293164422	-0.7490905784276587	-0.028803348943569985
VUILD104MA2_150_14_16	VUILD104MA2	VUILD104	fold_2	epithelial_transitional	POOLED	1.98027343520597	2.279086146641067	2.2194406780931737	2.171946977665367	2.6285692137386656	2.601313139724049	2.597451550229366	2.279078108634078	2.3815425608823233	2.4229916998184655	2.4023571837968096	2.43456629061451	-0.19167354245939694	-0.029867235929317136
VUILD104MA2_150_14_17	VUILD104MA2	VUILD104	fold_2	epithelial_transitional	POOLED	2.18008095668454	2.2790854107897283	2.492654167347782	2.417702533058024	2.7867199066911654	2.772054501637703	2.495792293434857	2.2790778472309725	2.441007773731673	2.504993558954986	2.4569023569571464	2.5070106001121717	-0.23762157637348436	-0.02855619145990326
VUILD104MA2_150_14_18	VUILD104MA2	VUILD104	fold_2	epithelial_transitional	POOLED	1.89671407945026	2.2790846749383897	2.2772065765498786	2.339189426950417	2.4369256462717557	2.4270450689120247	2.3366346150770565	2.279077585827867	2.1246401475191075	2.2733250561472365	2.1221825859788686	2.2746519154068316	-0.44247534750015705	-0.02887264714672546
VUILD104MA2_150_14_19	VUILD104MA2	VUILD104	fold_2	epithelial_transitional	POOLED	2.02412817908415	2.2790839390870516	2.5568157043067403	2.4558770077626506	2.4413383105049395	2.451045647151556	2.4255885003432933	2.2790773244247617	2.6090203363833817	2.4374147529920194	2.590019289508021	2.443834769271875	-0.43174882867850073	-0.02918389257955889
VUILD104MA2_150_14_20	VUILD104MA2	VUILD104	fold_2	epithelial_transitional	POOLED	1.9398309817068	2.279083203235713	2.345934790918668	2.2598812387385916	2.5479381993597	2.5238769035690107	2.388399513391655	2.2790770630216564	2.1535416534601275	2.4249055280214553	2.2119472956790016	2.4489013482141306	-0.3200502570317916	-0.029663399730153407
VUILD104MA2_150_14_22	VUILD104MA2	VUILD104	fold_2	epithelial_transitional	POOLED	2.23034514072666	2.279081731533036	2.152824429037574	2.0794082047420748	2.361405023726773	2.3249419366796746	2.4051592069848065	2.2790765402154456	2.256769152240464	2.2360553063285997	2.3249213685169146	2.2793050506976313	0.15093693598458513	-0.03083005523417191
VUILD104MA2_150_14_23	VUILD104MA2	VUILD104	fold_2	epithelial_transitional	POOLED	2.05309729662499	2.2790809956816975	1.9491835452356323	1.9827687889632544	2.5500906802372967	2.5045315572208855	2.3275217875935583	2.27907627881234	2.429004672041735	2.2941168652340362	2.522392113535663	2.3451196894011956	0.0703285076617357	-0.02915596666713289
VUILD104MA2_150_14_5	VUILD104MA2	VUILD104	fold_2	epithelial_transitional	POOLED	3.14320948161393	2.2790942410057897	3.0563464095908066	2.7937478975585726	2.9841632203974284	3.0159250595890534	2.390023484593168	2.2790809840682367	3.1472747319186594	2.7537531875668426	3.073747298930884	2.6976831872619993	0.34946158405535765	-0.02783662412735314
VUILD104MA2_150_14_6	VUILD104MA2	VUILD104	fold_2	epithelial_transitional	POOLED	2.23920676559878	2.279093505154451	2.508800954025853	2.501040620710286	2.297126665290791	2.3189560041917336	2.211242934906814	2.2790807226651313	2.657141362787299	2.4683745064002234	2.626053070779086	2.4482008132449513	-0.2618338551115058	-0.029960951334279323
VUILD104MA2_150_15_13	VUILD104MA2	VUILD104	fold_2	epithelial_transitional	POOLED	1.73341762509802	2.2790881141756705	2.6112786827403607	2.506752393548684	2.526375109217649	2.5202640883028007	2.408425616365636	2.2790799547295078	2.4161963079427493	2.4592517470842883	2.4251399316048223	2.4602298727933105	-0.773334768450664	-0.02946826476621838
VUILD104MA2_150_15_14	VUILD104MA2	VUILD104	fold_2	epithelial_transitional	POOLED	1.9724442386359	2.279087378324332	2.643770092269081	2.494793783346009	2.5717990126591204	2.5745944584227374	2.328094283062291	2.2790796933264024	2.7784651161740213	2.5021194349902687	2.7654355463895355	2.488192304043042	-0.522349544710109	-0.029635519948902095
VUILD104MA2_150_15_15	VUILD104MA2	VUILD104	fold_2	epithelial_transitional	POOLED	2.69106163251765	2.2790866424729934	2.5360190890348586	2.39209547371636	2.934607957961057	2.9204414253292077	2.496089547127783	2.279079431923297	3.0862922379945523	2.7086311612926037	3.0943906552546148	2.713528672183804	0.29896615880128996	-0.028851980793622122
VUILD104MA2_150_15_17	VUILD104MA2	VUILD104	fold_2	epithelial_transitional	POOLED	2.12309300464695	2.279085170770317	2.2829648593716834	2.262631624514685	2.460164590720005	2.4490316552748626	2.412331035647513	2.279078909117086	2.448063013052568	2.383202992887074	2.4629791808994503	2.384816792600583	-0.1395386198677353	-0.029704682864309172
VUILD104MA2_150_15_18	VUILD104MA2	VUILD104	fold_2	epithelial_transitional	POOLED	1.99751118129465	2.2790844349189783	2.3915073808416176	2.353060967723422	2.4709235833048147	2.4598929113137937	2.4625000668368777	2.279078647713981	2.4234519674249007	2.411023772404079	2.434851119813638	2.422703572982883	-0.355549786428772	-0.02880219852087848
VUILD104MA2_150_15_19	VUILD104MA2	VUILD104	fold_2	epithelial_transitional	POOLED	2.32283296453552	2.2790836990676397	2.430996034889598	2.426676211806286	2.586508503035674	2.577845895174973	2.4385307043060074	2.2790783863108754	2.4492334994233476	2.459112314151146	2.4544177559603155	2.4631585779462704	-0.10384324727076599	-0.028824031105313223
VUILD104MA2_150_15_20	VUILD104MA2	VUILD104	fold_2	epithelial_transitional	POOLED	2.26918779496123	2.279082963216301	2.516758181553033	2.413031530516275	2.5274157008289424	2.5171681182236965	2.5417687404233327	2.27907812490777	2.5201772872885515	2.420469196790496	2.5320585021472897	2.424973303204058	-0.14384373555504526	-0.029674126222624633
VUILD104MA2_150_15_6	VUILD104MA2	VUILD104	fold_2	epithelial_transitional	POOLED	2.40271874065716	2.2790932651350397	2.747917978140844	2.6397155892172424	2.5190229133801005	2.5412148218899135	2.4232877048830166	2.279081784551245	2.649182395617012	2.605633888991669	2.5984302401851496	2.5829948258951627	-0.23699684856008219	-0.029126601977682572
VUILD104MA2_150_15_7	VUILD104MA2	VUILD104	fold_2	epithelial_transitional	POOLED	2.05697688094873	2.279092529283701	2.451051239948907	2.467095518675823	2.4647925247699645	2.4802509670150963	2.1607547687210813	2.2790815231481396	2.417819448753277	2.5152665272606027	2.394812334667227	2.5079633315393113	-0.4101186377270931	-0.02986093861427584
VUILD104MA2_150_16_14	VUILD104MA2	VUILD104	fold_2	epithelial_transitional	POOLED	1.87039324557335	2.2790871383049205	2.513514279511428	2.4808750939741335	2.4935747200116234	2.493295060208641	2.3821384875814062	2.279080755212516	2.5127703008169338	2.34768402578552	2.5069655990217177	2.3438525464363518	-0.6104818484007835	-0.029665757440284206
VUILD104MA2_150_16_16	VUILD104MA2	VUILD104	fold_2	epithelial_transitional	POOLED	2.09914643693281	2.2790856666022434	2.20053040363558	2.2304576213784455	2.550446020476938	2.5223138561053973	2.488249927476241	2.2790802324063053	2.7391738121644162	2.493804245714817	2.784335070599914	2.5178509696694165	-0.1313111844456354	-0.03075850957122994
VUILD104MA2_150_16_17	VUILD104MA2	VUILD104	fold_2	epithelial_transitional	POOLED	1.81505804592549	2.279084930750905	2.417882674569996	2.3805768779334056	2.729814683713763	2.714668430593462	2.445483777995616	2.2790799710032	2.712754008995219	2.8189994904985993	2.7274122480467575	2.830604955524268	-0.5655188320079156	-0.029339222976660872
VUILD104MA2_150_16_18	VUILD104MA2	VUILD104	fold_2	epithelial_transitional	POOLED	1.66035903476172	2.279084194899567	2.467443114568612	2.398012922901727	2.4828604684151463	2.471342068409352	2.455818225084751	2.2790797096000945	2.5871981188362496	2.4625845546155793	2.6107809930024883	2.4763312367290027	-0.737653888140007	-0.028960694511288743
VUILD104MA2_150_16_19	VUILD104MA2	VUILD104	fold_2	epithelial_transitional	POOLED	2.00577038543624	2.2790834590482283	2.415264224404444	2.373884274218146	2.486006434581199	2.480352954646641	2.3060028119740736	2.279079448196989	2.2787685901285855	2.3937770750030736	2.294539919792157	2.400538646187842	-0.368113888781906	-0.029452503523391762
VUILD104MA2_150_16_2	VUILD104MA2	VUILD104	fold_2	epithelial_transitional	POOLED	2.24954773582597	2.279095968520982	2.7626382354804746	2.5662465866666984	2.61495346138756	2.6221205568638313	2.4739445916361715	2.2790838920497802	2.7397721602646197	2.6040804195363063	2.722870432172574	2.5986177190185344	-0.31669885084072824	-0.029717349285111917
VUILD104MA2_150_16_20	VUILD104MA2	VUILD104	fold_2	epithelial_transitional	POOLED	1.89334151878648	2.2790827231968898	2.377184136730945	2.3666059866248617	2.488393931605291	2.4678374927436204	2.6166511400985875	2.2790791867938838	2.2665855116762734	2.418420251121883	2.2953810129702683	2.4364251141954916	-0.4732644678383817	-0.02925177642634002
VUILD104MA2_150_16_21	VUILD104MA2	VUILD104	fold_2	epithelial_transitional	POOLED	1.54869726756459	2.2790819873455512	2.0684563298363434	2.089030665687913	2.2859279615873205	2.2440785635115317	2.597846115266135	2.2790789253907784	1.9774845878867766	2.2535356366474213	2.0563206502542113	2.29909061986554	-0.5403333981233229	-0.030879796511240225
VUILD104MA2_150_16_3	VUILD104MA2	VUILD104	fold_2	epithelial_transitional	POOLED	2.16584253989213	2.2790952326696434	2.525551469223645	2.600348904955681	2.4989245469725048	2.5101454364346645	2.4285200207696405	2.279083630646675	2.6329894457066634	2.409093739726086	2.593410885883271	2.393521215097088	-0.4345063650635508	-0.030570782726794
VUILD104MA2_150_16_4	VUILD104MA2	VUILD104	fold_2	epithelial_transitional	POOLED	2.49200620780922	2.279094496818305	2.3846506977014306	2.428339371751528	2.52301265882623	2.5112615204813316	2.4771096941592856	2.2790833692435695	2.7004567644381585	2.3845752260268496	2.731841753681847	2.3968109277235374	0.06366683605769197	-0.030766960484243273
VUILD104MA2_150_16_5	VUILD104MA2	VUILD104	fold_2	epithelial_transitional	POOLED	2.02562114150597	2.2790937609669664	2.511617269669381	2.418566809771236	2.4085911475104225	2.407022936605884	2.571033702737977	2.279083107840464	2.403929224926974	2.2341698667455376	2.387900275026785	2.22727194420223	-0.3929456682652659	-0.030021365602687065
VUILD104MA2_150_17_1	VUILD104MA2	VUILD104	fold_2	epithelial_transitional	POOLED	2.53709522108207	2.2790964643529086	2.393895565141058	2.348912794242954	2.169515093711709	2.174827657228828	2.0093634089686274	2.2790852153389993	2.2542154785514623	2.473681207015001	2.234238713624181	2.478336126545874	0.1881824268391159	-0.031176220797361057
VUILD104MA2_150_17_17	VUILD104MA2	VUILD104	fold_2	epithelial_transitional	POOLED	1.49422126212704	2.2790846907314934	2.4735205488603658	2.389296111778489	2.435745660483554	2.437529527452245	2.2596819593041095	2.2790810328893136	2.601019621719574	2.4231471002166582	2.602667816505045	2.4193973888253435	-0.8950748496514489	-0.02989667353378945
VUILD104MA2_150_17_18	VUILD104MA2	VUILD104	fold_2	epithelial_transitional	POOLED	1.93515604340929	2.279083954880155	2.32681151257319	2.3945555741799085	2.297406592205663	2.291623927475319	2.19653540442015	2.2790807714862082	2.0575068571121373	2.3109483960860424	2.0523179720287814	2.3170653524290175	-0.45939953077061846	-0.029291736969417947
VUILD104MA2_150_17_19	VUILD104MA2	VUILD104	fold_2	epithelial_transitional	POOLED	1.41147262120813	2.2790832190288164	2.4151254582484034	2.3873648678927277	2.2212358124042373	2.2258194311686608	2.1994529912973295	2.2790805100831033	2.3564175242764005	2.215797429995764	2.3527034123810235	2.210732593941218	-0.9758922466845976	-0.030141687441900218
VUILD104MA2_150_17_2	VUILD104MA2	VUILD104	fold_2	epithelial_transitional	POOLED	2.35517551145074	2.27909572850157	2.5024259478484736	2.4510073886486468	2.224864027106249	2.2287377754574824	2.298370800986453	2.279084953935894	2.2018648628097135	2.3758338501489984	2.1852102679381855	2.375019532004554	-0.09583187719790676	-0.030717607683147036
VUILD104MA2_150_17_20	VUILD104MA2	VUILD104	fold_2	epithelial_transitional	POOLED	1.87256217743606	2.279082483177478	2.392802807390714	2.413867313562981	2.332263169486525	2.327013031702535	2.5399845561194314	2.279080248679998	1.9698412755816432	2.339352843306225	1.9690186291075031	2.3473792047846644	-0.5413051361269212	-0.029547616353211594
VUILD104MA2_150_17_3	VUILD104MA2	VUILD104	fold_2	epithelial_transitional	POOLED	2.23383195409466	2.2790949926502315	2.6365171484997463	2.534418541188749	2.4394160322883924	2.443684227768313	2.5134451432361042	2.2790846925327886	2.478289604136986	2.4117347240053046	2.4624966395284447	2.40642897997603	-0.3005865870940889	-0.030485959020492608
VUILD104MA2_150_17_4	VUILD104MA2	VUILD104	fold_2	epithelial_transitional	POOLED	2.41991133045404	2.2790942567988934	2.526048510425039	2.448099425402957	2.528822278420472	2.518886205338483	2.5388407915169884	2.2790844311296836	2.802756645758967	2.445878785054505	2.836598947589764	2.4542843539009653	-0.02818809494891683	-0.03115581705504298
VUILD104MA2_150_17_5	VUILD104MA2	VUILD104	fold_2	epithelial_transitional	POOLED	2.73677582662316	2.279093520947555	2.307001070433737	2.3224954198795573	2.431049440169964	2.4258590198532217	2.3455402699059404	2.2790841697265782	2.3629914916808428	2.5845410093887793	2.322771952007539	2.582801575042653	0.41428040674360256	-0.030627456884062598
VUILD104MA2_150_18_5	VUILD104MA2	VUILD104	fold_2	epithelial_transitional	POOLED	2.64618057755264	2.279093280928143	2.4189736837691034	2.3704505398174693	2.5352934488036576	2.5229789394674773	2.565929457087461	2.279085231612692	2.4351966686705224	2.5328773394234356	2.4472142808811497	2.5425593999802425	0.2757300377351708	-0.02995648296238782
VUILD104MA2_150_18_6	VUILD104MA2	VUILD104	fold_2	epithelial_transitional	POOLED	2.20632830912227	2.2790925450768045	2.3051304410343847	2.303588506546376	2.3422553456200887	2.3419229510109054	2.4915480165027764	2.2790849702095866	2.2039872600013575	2.500513925217807	2.18789292244329	2.506076292480231	-0.09726019742410585	-0.030179275972563112
VUILD104MA2_150_19_4	VUILD104MA2	VUILD104	fold_2	epithelial_transitional	POOLED	2.1363227021477	2.27909377676007	2.2269469839331335	2.302286564369926	2.529370799328662	2.5073374228081042	2.1830951641862693	2.279086554901911	2.663004801174981	2.4359613473217014	2.704571207402689	2.456947352913049	-0.16596386222222614	-0.03118460298063567
VUILD104MA2_150_19_5	VUILD104MA2	VUILD104	fold_2	epithelial_transitional	POOLED	2.01539575683535	2.2790930409087315	2.5433383643787972	2.4908744383246453	2.354993322868194	2.3647285976807493	2.2668775093692632	2.2790862934988056	2.4382666090171647	2.393044345681365	2.4141704080017363	2.388786861980205	-0.47547868148929506	-0.030161530966662808
VUILD104MA2_150_19_6	VUILD104MA2	VUILD104	fold_2	epithelial_transitional	POOLED	1.85638659952607	2.279092305057393	2.2287641836144445	2.26385216906975	2.050712655618275	2.0534374734004506	2.2118318993431902	2.2790860320957003	1.9215365618031237	2.2192600858084908	1.922235459382318	2.2206305279233547	-0.4074655695436802	-0.030743417628000893
VUILD104MA2_150_20_5	VUILD104MA2	VUILD104	fold_2	epithelial_transitional	POOLED	1.80728180286139	2.2790928008893196	2.7359132460073763	2.6045496978566196	2.459971355793972	2.4997244692859244	2.185806905456373	2.2790873553849194	2.547052702829904	2.4976484194494035	2.470784847811837	2.447807803446586	-0.7972678949952297	-0.02991817599388665
VUILD104MA2_150_21_15	VUILD104MA2	VUILD104	fold_2	epithelial_transitional	POOLED	1.88468603019844	2.279085202356524	2.3953089281508517	2.338541241232116	2.3788683888354294	2.3746319745719013	2.5602868280251534	2.2790858032399797	2.625211707594462	2.568966044729683	2.645058577244096	2.580568896315892	-0.45385521103367577	-0.030939070863021608
VUILD104MA2_150_21_16	VUILD104MA2	VUILD104	fold_2	epithelial_transitional	POOLED	2.17026370158111	2.2790844665051853	2.832794200854764	2.7143281060474345	2.346311096949939	2.3937971290805176	2.520399760343907	2.2790855418368743	2.7414976694979387	2.4688173699585083	2.658580220181569	2.4238694287207685	-0.5440644044663245	-0.03216471322167633
VUILD104MA2_150_3_7	VUILD104MA2	VUILD104	fold_2	epithelial_transitional	POOLED	1.68925993344419	2.2790954095166414	2.5212614972950353	2.5638170771746154	2.4324028877574873	2.4706173010748986	1.969934779198739	2.279068780514774	2.477828727803278	2.4730836053722096	2.4007919235208055	2.4408971530417594	-0.8745571437304254	-0.029214076354017945
VUILD104MA2_150_4_5	VUILD104MA2	VUILD104	fold_2	epithelial_transitional	POOLED	2.07913168367745	2.2790966411999065	1.6587089665901622	1.7972693185806083	2.416791525544763	2.363800681324519	2.018412292412339	2.2790703652070987	2.181744013868515	2.481839042706531	2.3370790469626535	2.5503715583249846	0.2818623650968417	-0.030815907837896565
VUILD104MA2_150_4_6	VUILD104MA2	VUILD104	fold_2	epithelial_transitional	POOLED	1.75606045283412	2.279095905348568	2.2099071391587555	2.2418916289587303	2.422104695301167	2.4107757659049844	2.330776743370545	2.2790701038039933	2.2319807019417492	2.4631741990469185	2.2473572943632067	2.4812467565534377	-0.48583117612461035	-0.028836952216705028
VUILD104MA2_150_4_7	VUILD104MA2	VUILD104	fold_2	epithelial_transitional	POOLED	1.36657285448551	2.2790951694972295	2.69292155436114	2.664918046193257	2.3405046834053627	2.365937652922682	2.578017424493516	2.279069842400888	2.2811150567432184	2.398629746044175	2.2275935621216445	2.3800990695823563	-1.2983451917077469	-0.02939220162744192
VUILD104MA2_150_4_8	VUILD104MA2	VUILD104	fold_2	epithelial_transitional	POOLED	1.65858103438936	2.279094433645891	2.4990946290219864	2.515369967250114	2.3731402527800483	2.384805834799442	2.3770956368207825	2.2790695809977826	2.2572203633242323	2.401607679345745	2.227422682475573	2.3934024880933427	-0.8567889328607539	-0.029415119382018518
VUILD104MA2_150_5_3	VUILD104MA2	VUILD104	fold_2	epithelial_transitional	POOLED	1.63886363210308	2.2790978728831717	2.6908329266616535	2.696828234024836	2.275761359832262	2.3121491879359435	2.2359606088703803	2.279071949899423	2.352265127674256	2.472349372159581	2.2533108944968627	2.4404611387720916	-1.057964601921756	-0.03139667741726678
VUILD104MA2_150_5_6	VUILD104MA2	VUILD104	fold_2	epithelial_transitional	POOLED	1.84321461488808	2.2790956653291565	2.500315812093826	2.4415855696856292	2.359166004199037	2.3630050257684228	2.307481660950964	2.279071165690107	2.542776899303469	2.47567919259217	2.5434013066010093	2.4842130118647603	-0.5983709547975493	-0.02978789863156504
VUILD104MA2_150_6_12	VUILD104MA2	VUILD104	fold_2	epithelial_transitional	POOLED	1.70393643209148	2.279091010201714	2.5186780682808054	2.43408922001534	2.311212933895198	2.3125287183308876	2.385758582983555	2.279070659157589	1.9956189525233907	2.3367591186601953	1.9827531790852602	2.3422428047961605	-0.7301527879238598	-0.029190669691069756
VUILD104MA2_150_6_13	VUILD104MA2	VUILD104	fold_2	epithelial_transitional	POOLED	2.50582427059591	2.2790902743503754	2.453894186671602	2.4210147257154153	2.4741388141752196	2.478176290115033	2.3934080109079092	2.2790703977544835	2.5858296469157946	2.611295565103203	2.5865543451842274	2.6193651700271916	0.08480954488049486	-0.02887951259194933
VUILD104MA2_150_6_14	VUILD104MA2	VUILD104	fold_2	epithelial_transitional	POOLED	2.05101591484799	2.279089538499037	2.431193379468505	2.41811192552382	2.338198439130342	2.334125839168677	2.49085860200077	2.279070136351378	2.251820285607801	2.4965593911492783	2.239480264390875	2.5041833620726934	-0.3670960106758301	-0.030048307623667378
VUILD104MA2_150_6_19	VUILD104MA2	VUILD104	fold_2	epithelial_transitional	POOLED	1.91791534936556	2.2790858592423446	2.5591104139707648	2.5317202404073056	2.616076932984958	2.6258193550429976	2.466859501374998	2.279068829335851	2.3783023709844264	2.5929952901564746	2.337603366678599	2.581977106243228	-0.6138048910417455	-0.02887414730968302
VUILD104MA2_150_6_3	VUILD104MA2	VUILD104	fold_2	epithelial_transitional	POOLED	2.09657668384341	2.2790976328637598	2.8733193934319132	2.66679887562071	2.2060294908680813	2.242525985524108	2.2906056646074933	2.279073011785537	2.395388764134724	2.325039063833763	2.310499093062767	2.293135067611825	-0.5702221917773	-0.031175531688702473
VUILD104MA2_150_6_4	VUILD104MA2	VUILD104	fold_2	epithelial_transitional	POOLED	1.9878110420567	2.2790968970124217	2.6742342921310867	2.61491396559792	2.1647777132938986	2.1950981717902005	2.328654677669603	2.2790727503824315	2.2411610908664397	2.3523477856881234	2.1633561264646755	2.3279761586734704	-0.62710292354122	-0.031410112762656005
VUILD104MA2_150_6_5	VUILD104MA2	VUILD104	fold_2	epithelial_transitional	POOLED	1.86209080495105	2.279096161161083	2.4598200307815405	2.390410169283059	2.3624097155645494	2.3603479613765854	2.435040649493044	2.279072488979326	2.348589658284589	2.2764238544535673	2.3361206557293825	2.2787699780139836	-0.5283193643320088	-0.030242653575219495
VUILD104MA2_150_7_11	VUILD104MA2	VUILD104	fold_2	epithelial_transitional	POOLED	1.7488025944215	2.2790915060336405	2.3206438853669775	2.354361404981333	2.4752457462941555	2.4707305065950935	2.337607447067516	2.279071982446808	2.340941864315002	2.439969106450217	2.3456215627543058	2.4491974347727568	-0.6055588105598328	-0.03019558471706157
VUILD104MA2_150_7_12	VUILD104MA2	VUILD104	fold_2	epithelial_transitional	POOLED	1.6815656761756	2.2790907701823024	2.3442512595729923	2.417500993834211	2.2652031116556777	2.269451540394167	2.4784112074707796	2.2790717210437026	2.3084141060651815	2.4661016894449155	2.2937520633425907	2.4705109040447693	-0.735935317658611	-0.029820703325782915
VUILD104MA2_150_7_14	VUILD104MA2	VUILD104	fold_2	epithelial_transitional	POOLED	1.93753638121383	2.2790892984796254	2.5957444371900253	2.4561801139321853	2.5593695934938987	2.549905375847028	2.571728726477239	2.279071198237492	2.3919094920834834	2.5865450522592783	2.4060131443334343	2.5996459413852837	-0.5186437327183553	-0.029221023818487974
VUILD104MA2_150_8_12	VUILD104MA2	VUILD104	fold_2	epithelial_transitional	POOLED	2.37442173662748	2.2790905301628905	2.6295932832520497	2.4642979998878327	2.4775309886746832	2.480927230693611	2.317916107767926	2.2790727829298163	2.5452701709820564	2.548002136207895	2.549816304047744	2.5441659790528477	-0.08987626326035292	-0.029372476703169857
VUILD104MA2_150_8_13	VUILD104MA2	VUILD104	fold_2	epithelial_transitional	POOLED	2.01370377926969	2.279089794311552	2.531588631559126	2.469834532433567	2.6644240488812505	2.662764649106997	2.4767125952542908	2.279072521526711	2.4577242133025994	2.657994155630479	2.4378527184427625	2.6612345532817843	-0.45613075316387697	-0.0281790415097437
VUILD104MA2_150_8_14	VUILD104MA2	VUILD104	fold_2	epithelial_transitional	POOLED	2.26900149981845	2.279089058460214	2.4443836134330095	2.4980358014772017	2.3760579412768337	2.3710555557367132	2.6430619170314262	2.2790722601236055	2.525693770083696	2.4203876273573677	2.5288743656124235	2.4267888619430606	-0.22903430165875172	-0.02985090141187279
VUILD104MA2_150_8_15	VUILD104MA2	VUILD104	fold_2	epithelial_transitional	POOLED	2.01554762817171	2.2790883226088754	2.4762627503528805	2.4454146842116415	2.40842242420449	2.397416577133052	2.559062299529223	2.2790719987205	2.3082935312407638	2.406212315418774	2.3309683012970437	2.4179547947763105	-0.4298670560399316	-0.030047144836283138
VUILD104MA2_150_8_16	VUILD104MA2	VUILD104	fold_2	epithelial_transitional	POOLED	1.96622214992836	2.279087586757537	2.28419060301961	2.242326838230602	2.555053614024757	2.5228725459854866	2.592328872036176	2.2790717373173948	2.2014689228542643	2.3751440088544493	2.235498238839763	2.4028027228432927	-0.276104688302242	-0.030765249988004464
VUILD104MA2_150_9_11	VUILD104MA2	VUILD104	fold_2	epithelial_transitional	POOLED	2.3002760619025	2.2790910259948176	2.252530288075447	2.3910313759953428	2.2968247185308965	2.308585086318693	2.2816540976921713	2.2790741062190354	2.351954459218472	2.4887788227959207	2.320674428579042	2.4850568587536888	-0.09075531409284299	-0.030239300048612527
VUILD104MA2_150_9_12	VUILD104MA2	VUILD104	fold_2	epithelial_transitional	POOLED	1.93407822671179	2.279090290143479	1.9990034561242596	2.11900461134026	2.401701707389311	2.3778320347825743	2.504166382235663	2.27907384481593	2.4688831219846543	2.279505959216541	2.52560337566092	2.304922403179759	-0.1849263846284701	-0.029557705725397645
VUILD104MA2_150_9_13	VUILD104MA2	VUILD104	fold_2	epithelial_transitional	POOLED	2.23106781983793	2.2790895542921406	2.461524324425522	2.3743065819809126	2.4012770495738978	2.4022882400710412	2.883776498376141	2.2790735834128246	2.485740453095711	2.363050651953501	2.497322143212727	2.3706612396078928	-0.1432387621429827	-0.029481910720662405
VUILD104MA2_150_9_14	VUILD104MA2	VUILD104	fold_2	epithelial_transitional	POOLED	1.85253842562792	2.279088818440802	2.5355673277406914	2.472450268655664	2.452287697932156	2.4443956800858806	2.4285489873603554	2.2790733220097192	2.3549931514245475	2.5304243032388056	2.362845711292401	2.53797155485115	-0.6199118430277442	-0.02989980057662451
VUILD104MA2_150_9_15	VUILD104MA2	VUILD104	fold_2	epithelial_transitional	POOLED	2.36073125375606	2.2790880825894635	2.551114972008256	2.4896809184160853	2.59228363997069	2.5851997378751546	2.5969039904946816	2.279073060606614	2.651474181722227	2.75849433736727	2.6596204701020776	2.7647222118827623	-0.12894966466002522	-0.029553789443851435
VUILD104MA2_150_9_16	VUILD104MA2	VUILD104	fold_2	epithelial_transitional	POOLED	1.95347358627018	2.279087346738125	2.4256687095490754	2.397313956912788	2.3748068981587167	2.3611447839681987	2.5237484293763823	2.2790727992035085	2.5477603540769125	2.3661630294792526	2.573982910543889	2.3748846139665933	-0.4438403706426082	-0.03125149678154476
VUILD104MA2_150_9_21	VUILD104MA2	VUILD104	fold_2	epithelial_transitional	POOLED	2.27895409836698	2.2790836674814328	2.297084175445539	2.4424685370659573	2.566313886567686	2.583885393427668	2.5483406759751825	2.279071492187982	2.953686666273664	2.850728048639717	2.8958224619210653	2.831072488909107	-0.1635144386989773	-0.030449569454848946
VUILD104MA2_150_9_23	VUILD104MA2	VUILD104	fold_2	epithelial_transitional	POOLED	1.7081372840088	2.279082195778756	2.2351856098025733	2.1111233728950802	2.4095005848627236	2.395975029437	2.455515947229581	2.2790709693817712	2.746183738957577	2.6540144529969867	2.7650567714267344	2.6730593071958864	-0.4029860888862802	-0.030560747093228074
VUILD107MA_150_10_17	VUILD107MA	VUILD107	fold_2	epithelial_transitional	POOLED	1.53026076970809	2.2790883356490594	2.0796883706336606	2.241045438324023	2.318812900664377	2.300996354662476	1.8306995713600118	2.2790911934021945	2.2611504075341755	2.272959825948326	2.2790422246156194	2.2936629299151994	-0.7107846686159329	-0.03012723718348488
VUILD107MA_150_10_18	VUILD107MA	VUILD107	fold_2	epithelial_transitional	POOLED	2.85512085125523	2.2790876960872977	2.3608355393435225	2.332074330765153	2.623143109733352	2.6089977292772164	2.496296030783655	2.2790910283386174	2.649341150082001	2.4327677945437185	2.673008316915326	2.444888745860892	0.5230465204900772	-0.02970996154854071
VUILD107MA_150_10_19	VUILD107MA	VUILD107	fold_2	epithelial_transitional	POOLED	2.6045868089152	2.2790870565255354	2.47781419382129	2.3921947362637392	2.537188034645103	2.5084187980098336	2.3494158143509014	2.279090863275041	2.4900059820910574	2.3183621783484494	2.538319632846487	2.3379649354727414	0.21239207265146076	-0.031374901279404704
VUILD107MA_150_10_20	VUILD107MA	VUILD107	fold_2	epithelial_transitional	POOLED	2.85619906195091	2.2790864169637732	2.509354309612735	2.5205712739369597	2.646825682645447	2.641507607133868	2.33777962837892	2.279090698211464	2.645690794838646	2.4023536219380737	2.6536766375931515	2.392395812695967	0.3356277880139502	-0.029755608181023848
VUILD107MA_150_10_21	VUILD107MA	VUILD107	fold_2	epithelial_transitional	POOLED	3.00421718300711	2.2790857774020115	2.60610035195017	2.53013251587279	2.8767454218057185	2.8692941498077884	2.498622969965112	2.2790905331478872	2.941227638200897	2.781545845898666	2.9744867157154267	2.7849216384158897	0.4740846671343202	-0.028064059538479444
VUILD107MA_150_10_22	VUILD107MA	VUILD107	fold_2	epithelial_transitional	POOLED	2.54124848156585	2.2790851378402492	2.4149243491889325	2.4068054898915894	2.738153939177549	2.715439986572502	2.480195270513735	2.27909036808431	2.782631938711655	2.5360705688593916	2.8460541119043796	2.5582449520294244	0.13444299167426044	-0.029068348430852074
VUILD107MA_150_10_23	VUILD107MA	VUILD107	fold_2	epithelial_transitional	POOLED	2.39789149004913	2.279084498278487	2.4590465632733904	2.4089169119296523	2.8289142990807896	2.815599635112585	2.3796133182704775	2.279090203020733	2.641152807094983	2.5651664378396566	2.650945421595586	2.562696882194377	-0.011025421880522135	-0.02934345413670148
VUILD107MA_150_11_17	VUILD107MA	VUILD107	fold_2	epithelial_transitional	POOLED	1.81500419883431	2.2790881222690857	2.5398302596741633	2.5041660919358057	2.5182309986444493	2.507198009559453	2.2627634647249955	2.2790922819660713	2.4680732802018523	2.483839414768969	2.4741335253833503	2.487984565292112	-0.6891618931014958	-0.029850546223485742
VUILD107MA_150_11_18	VUILD107MA	VUILD107	fold_2	epithelial_transitional	POOLED	2.54029777261175	2.2790874827073235	2.4874373102803187	2.4495994723496155	2.6487192328284794	2.6262537842207005	2.3690042553965673	2.2790921169024942	2.4497816798403718	2.4379352616626835	2.4899348009979216	2.4491252735396065	0.09069830026213443	-0.030213249380554467
VUILD107MA_150_11_19	VUILD107MA	VUILD107	fold_2	epithelial_transitional	POOLED	2.87483619618348	2.2790868431455618	2.3634841131060007	2.4319215974218586	2.6689282142818884	2.648041504114739	2.3830690512145374	2.2790919518389177	2.673489717179184	2.6668611600926297	2.7179409600498285	2.680267022389917	0.4429145987616212	-0.03056858640277452
VUILD107MA_150_11_20	VUILD107MA	VUILD107	fold_2	epithelial_transitional	POOLED	3.05604921665005	2.2790862035837995	2.496279317699366	2.410125858766962	2.7573110895394084	2.738799763713472	2.5280439253253353	2.2790917867753406	2.8685282096287317	2.6712885366459607	2.90041261294852	2.689908140443803	0.6459233578830883	-0.0289880348733496
VUILD107MA_150_11_21	VUILD107MA	VUILD107	fold_2	epithelial_transitional	POOLED	2.97021987491174	2.2790855640220373	2.3729736500171836	2.377783334179037	2.893520128960604	2.876229526722834	2.531854961437541	2.279091621711764	2.8989934200838325	2.792603129353156	2.9360531720315226	2.809797771868906	0.5924365407327032	-0.02874953043640024
VUILD107MA_150_11_22	VUILD107MA	VUILD107	fold_2	epithelial_transitional	POOLED	2.85342466099687	2.2790849244602756	2.2138909748012434	2.336024795126646	2.7953327526778815	2.78505652472929	2.437976824980805	2.279091456648187	2.516163930730588	2.6358110377995905	2.5349371551897635	2.6383482853411455	0.5173998658702241	-0.0290494011742608
VUILD107MA_150_12_17	VUILD107MA	VUILD107	fold_2	epithelial_transitional	POOLED	2.00692081304012	2.279087908889112	2.286631925140174	2.3058434262513576	2.5993869660910955	2.5628508406911434	2.5638898507034495	2.279093370529948	2.425387166408648	2.1232018070651257	2.4857236497109856	2.1439535325063073	-0.2989226132112375	-0.02926954458292018
VUILD107MA_150_12_18	VUILD107MA	VUILD107	fold_2	epithelial_transitional	POOLED	2.68025379836987	2.27908726932735	2.503154574642043	2.5040851853178157	2.7124947285606416	2.690857127462217	2.5009047019773263	2.279093205466371	2.6125536218102132	2.548548412496919	2.6639489091233024	2.5624011769969854	0.17616861305205456	-0.029749273267753968
VUILD107MA_150_12_19	VUILD107MA	VUILD107	fold_2	epithelial_transitional	POOLED	2.22581635159907	2.2790866297655876	2.5508573990329015	2.420872948138868	2.576197514916009	2.555907847596859	2.508715633412114	2.2790930404027945	2.4816797068921344	2.4727254340510583	2.531712763868948	2.4884981169641227	-0.19505659653979812	-0.03079074777593662
VUILD107MA_150_12_20	VUILD107MA	VUILD107	fold_2	epithelial_transitional	POOLED	2.81149386784915	2.279085990203826	2.2463062652411976	2.355781430070617	2.758261408517565	2.7414445394767633	2.5227241318083817	2.2790928753392174	2.673536821532319	2.579784570177264	2.7081574758116913	2.5878141347796544	0.4557124377785331	-0.02935350447515255
VUILD107MA_150_12_21	VUILD107MA	VUILD107	fold_2	epithelial_transitional	POOLED	2.83390214120095	2.2790853506420636	2.378739496874885	2.4426119697694064	2.537068958714295	2.5300513244364846	2.432695128461773	2.2790927102756404	2.3887780501681486	2.390863847892477	2.395914674450033	2.3901598475289134	0.39129017143154377	-0.029851921630013798
VUILD107MA_150_12_22	VUILD107MA	VUILD107	fold_2	epithelial_transitional	POOLED	2.48606745707847	2.279084711080302	2.5870030428702573	2.478532630691038	2.6002129865150163	2.597441508496972	2.371047977780587	2.279092545212064	2.4743311285922993	2.31879177413046	2.471105802704281	2.315620883150755	0.00753482638743197	-0.02946397430132826
VUILD107MA_150_12_9	VUILD107MA	VUILD107	fold_2	epithelial_transitional	POOLED	3.52791372950737	2.2790930253832085	2.8527479582235	2.7843498069503885	2.6490547230048347	2.6758956725603156	2.5995104523502985	2.2790946910385625	2.5524413282112475	2.5392951753704343	2.511841871626782	2.5108240015371637	0.7435639225569814	-0.029237308826539122
VUILD107MA_150_13_10	VUILD107MA	VUILD107	fold_2	epithelial_transitional	POOLED	3.13797651930537	2.2790921724414726	2.5575348884421425	2.7235621932834744	2.766969237354975	2.7810414951323206	2.602531978236148	2.2790956145388623	2.8335017304577526	2.4569367502982957	2.7972169748178866	2.430367204786073	0.41441432602189554	-0.029325676381945075
VUILD107MA_150_13_16	VUILD107MA	VUILD107	fold_2	epithelial_transitional	POOLED	2.94407170199822	2.2790883350709	2.57461935014497	2.4822033014139993	2.6547679770896147	2.643227612923257	2.62633101326595	2.2790946241574015	2.4456334971400056	2.3109042942476865	2.4515745267072115	2.3032475235213403	0.46186840058422085	-0.028986460046674288
VUILD107MA_150_13_17	VUILD107MA	VUILD107	fold_2	epithelial_transitional	POOLED	1.86184545714062	2.279087695509138	2.3696122293296598	2.4387343444659453	2.50387972686515	2.4950566599711745	2.437869362264326	2.279094459093825	2.187596098236461	2.2566432926690796	2.1805053413427578	2.254225168577372	-0.5768888873253253	-0.029868465307357917
VUILD107MA_150_13_18	VUILD107MA	VUILD107	fold_2	epithelial_transitional	POOLED	2.22782600440297	2.279087055947376	2.4242581693456917	2.3558702605337545	2.36388160283139	2.353604257678838	2.378550079694193	2.279094294030248	2.2558172896443565	2.1270133563770917	2.268602305952975	2.1304721631089976	-0.12804425613078463	-0.03065846723236329
VUILD107MA_150_13_19	VUILD107MA	VUILD107	fold_2	epithelial_transitional	POOLED	2.66210597483019	2.279086416385614	2.2624778191559605	2.3378447289788196	2.328637067404762	2.3150760376718207	2.4607667614566457	2.279094128966671	2.3481513023412686	2.325521030596027	2.3684954022581834	2.3396095897335667	0.3242612458513703	-0.032463688070232456
VUILD107MA_150_13_21	VUILD107MA	VUILD107	fold_2	epithelial_transitional	POOLED	2.08823946435061	2.27908513726209	2.510655370890445	2.5087401006143635	2.6955371338424867	2.6922245054904823	2.424986061258171	2.2790937988395172	2.541569232271183	2.3445326954225494	2.5265024480473692	2.3371755684593807	-0.42050063626375334	-0.029441456227802986
VUILD107MA_150_13_22	VUILD107MA	VUILD107	fold_2	epithelial_transitional	POOLED	2.18341858830198	2.2790844977003277	2.2841227470468866	2.431656075955631	2.651315123885821	2.644169057112265	2.329573272002096	2.2790936337759407	2.5210544417261147	2.3134682282120838	2.5179243976430787	2.3139946853003357	-0.24823748765365083	-0.02936786113402346
VUILD107MA_150_13_23	VUILD107MA	VUILD107	fold_2	epithelial_transitional	POOLED	2.92531934324859	2.279083858138566	2.4957874500835437	2.55411238938576	2.8021243285172632	2.8164602034698905	2.4772746408297364	2.2790934687123636	2.6875396833193674	2.6203195770102186	2.640626440404741	2.6000147472424064	0.37120695386283	-0.029389031062461102
VUILD107MA_150_14_17	VUILD107MA	VUILD107	fold_2	epithelial_transitional	POOLED	2.44770052141059	2.2790874821291642	2.2620514038377357	2.2603981790696572	2.456089981348335	2.4377825050592854	2.4129579847285174	2.2790955476577013	2.2686653497352354	2.06702416735965	2.2844707916996803	2.072802099572123	0.1873023423409328	-0.03017753082833104
VUILD107MA_150_14_18	VUILD107MA	VUILD107	fold_2	epithelial_transitional	POOLED	2.55704383812792	2.279086842567402	2.2064269585134233	2.250747513144034	2.4116892716980014	2.3961561901138433	2.330756392694555	2.2790953825941247	2.1830424857732664	2.140248151154844	2.202112477476777	2.1508267330642603	0.30629632498388615	-0.03046777749328798
VUILD107MA_150_14_20	VUILD107MA	VUILD107	fold_2	epithelial_transitional	POOLED	2.43196382848312	2.279085563443878	2.594701629927442	2.5581161611687526	2.657848870379488	2.6694926981889275	2.5701385180412406	2.279095052466971	2.72266806733242	2.3999979992815756	2.7053407237840803	2.3779796444851145	-0.12615233268563264	-0.02967331207812621
VUILD107MA_150_14_21	VUILD107MA	VUILD107	fold_2	epithelial_transitional	POOLED	1.77535619866939	2.2790849238821163	2.4071429746872344	2.533093190983921	2.615459260461901	2.640033763232772	2.313413064842977	2.279094887403394	2.6976796776597345	2.2405686300739514	2.6475795818557653	2.211795734801087	-0.7577369923145312	-0.029305980632896817
VUILD107MA_150_14_6	VUILD107MA	VUILD107	fold_2	epithelial_transitional	POOLED	3.04939606820963	2.279094517308547	2.4628702114974015	2.5764630853223496	2.679329527372324	2.6958295026464616	2.5723646254257786	2.279097363357047	2.342326018197947	2.3793813580473113	2.315308833854359	2.355632780120235	0.4729329828872806	-0.029676709751559952
VUILD107MA_150_15_15	VUILD107MA	VUILD107	fold_2	epithelial_transitional	POOLED	3.75968679665671	2.2790885478727145	2.451088596198638	2.578122397064011	2.574122832241585	2.5833484016521373	2.543091165982357	2.2790969663487317	2.5776630883292184	2.437818692452231	2.5691096563015403	2.4247074325974842	1.1815643995926988	-0.03007046024381492
VUILD107MA_150_15_16	VUILD107MA	VUILD107	fold_2	epithelial_transitional	POOLED	2.32668891386159	2.2790879083109523	2.528838087321093	2.477376323905803	2.394931042917054	2.4108922557425934	2.5486986723567884	2.279096801285155	2.1757075856332038	2.2343928591650286	2.1203285163980192	2.2153603821499197	-0.15068741004421327	-0.030438998989261272
VUILD107MA_150_15_17	VUILD107MA	VUILD107	fold_2	epithelial_transitional	POOLED	2.19718064374522	2.2790872687491905	2.1076968086691603	2.2744030972631153	2.2250770094437335	2.236191985148754	2.290245691458749	2.279096636221578	2.0836975382557283	2.069991865687431	2.0858266686940117	2.0576362216576416	-0.07722245351789514	-0.030691918470585333
VUILD107MA_150_15_19	VUILD107MA	VUILD107	fold_2	epithelial_transitional	POOLED	2.82357852156757	2.2790859896256666	2.4659191705503924	2.4099038553122742	2.4589979766534014	2.4714191302930906	2.3446952629605553	2.2790963060944245	2.638941216323186	2.4520664900059903	2.6354150592914998	2.441310252266857	0.4136746662552957	-0.032353105448180194
VUILD107MA_150_15_20	VUILD107MA	VUILD107	fold_2	epithelial_transitional	POOLED	2.56565183508973	2.2790853500639043	2.7121036040490005	2.7391183200347324	2.727288717578424	2.76368878614992	2.586504566361934	2.279096141030848	2.9964207423037488	2.633806905386434	2.9305864424058203	2.596090266229081	-0.17346648494500227	-0.029400947968645272
VUILD107MA_150_15_4	VUILD107MA	VUILD107	fold_2	epithelial_transitional	POOLED	3.74655238708774	2.279095583052097	2.8318687435176	2.812658820983752	2.8029293798778703	2.8410622808887926	2.507866768176808	2.2790987820480773	2.7933687623557852	2.559623661281857	2.7125159156508896	2.5149115289583333	0.933893566103988	-0.029015348488535927
VUILD107MA_150_15_5	VUILD107MA	VUILD107	fold_2	epithelial_transitional	POOLED	3.07039030847274	2.279094943490335	2.476746593071403	2.6939300814657194	2.5818205863589134	2.621330390182565	2.4929213415264115	2.2790986169845002	2.5667241543285333	2.4063973377306245	2.5002204844327056	2.3642033705978975	0.37646022700702053	-0.029647264476066013
VUILD107MA_150_15_8	VUILD107MA	VUILD107	fold_2	epithelial_transitional	POOLED	2.38319208201599	2.2790930248050487	2.64559271532308	2.706017224396203	2.394768544131943	2.4352428685317706	2.568721106551369	2.2790981217937696	2.51494418935222	2.271197987371139	2.443861025776148	2.224066068035699	-0.32282514238021287	-0.02986893224939533
VUILD107MA_150_15_9	VUILD107MA	VUILD107	fold_2	epithelial_transitional	POOLED	3.23447171250856	2.279092385243287	2.7510407707367586	2.636470648208546	2.638609853151632	2.6574929320820195	2.6128990700005255	2.279097956730193	2.453511962441006	2.4218545939741167	2.4194885948419427	2.399621685794223	0.5980010643000138	-0.030122955595486327
VUILD107MA_150_16_10	VUILD107MA	VUILD107	fold_2	epithelial_transitional	POOLED	3.72253393334718	2.279091532301551	2.725190011443982	2.4705008107167257	2.613367704246591	2.607191750968362	2.6137971652248013	2.279098880230493	2.500258007429858	2.3053341396160043	2.5041291731410626	2.3004718939389344	1.2520331226304542	-0.030309899389437768
VUILD107MA_150_16_11	VUILD107MA	VUILD107	fold_2	epithelial_transitional	POOLED	3.14941603477202	2.279090892739789	2.1819481920203243	2.3521434041404676	2.602845063021733	2.5772815071446615	2.5829711232427854	2.279098715166916	2.308090629852716	2.3885602556665186	2.3436073472417145	2.4062644425718545	0.7972726306315523	-0.029666358611406454
VUILD107MA_150_16_19	VUILD107MA	VUILD107	fold_2	epithelial_transitional	POOLED	3.69875668381662	2.2790857762456924	2.523629975641187	2.6225005868333824	2.236768167668317	2.2874700859806882	2.591800098212144	2.2790973946583013	2.4940957392091905	2.4506404607406442	2.4180129484139306	2.4047664727644764	1.0762560969832378	-0.032800155370039316
VUILD107MA_150_16_20	VUILD107MA	VUILD107	fold_2	epithelial_transitional	POOLED	2.79469579027808	2.2790851366839306	2.748621468058115	2.783200047000952	2.7025468827501777	2.737539898368201	2.603156669262657	2.2790972295947247	2.852644886136569	2.5510250484522596	2.7704569749060624	2.509156627757651	0.011495743277127879	-0.029452450183284223
VUILD107MA_150_16_8	VUILD107MA	VUILD107	fold_2	epithelial_transitional	POOLED	3.1601412766795	2.279092811425075	2.377235452381089	2.467548577006014	2.554059523659151	2.5528128750681542	2.5478799581216798	2.2790992103576464	2.5958911086884755	2.3335028390485393	2.5816895690913366	2.3224279319064323	0.6925926996734861	-0.029228736019874624
VUILD107MA_150_17_15	VUILD107MA	VUILD107	fold_2	epithelial_transitional	POOLED	2.75238373930051	2.279088121112767	2.3737648524700465	2.580955870260141	2.322287637570628	2.3479591847561934	2.369123030968179	2.2790991434764853	2.2628435824168034	2.221146455174144	2.2149742399842998	2.196842616104736	0.171427869040369	-0.02969261800800577
VUILD107MA_150_17_16	VUILD107MA	VUILD107	fold_2	epithelial_transitional	POOLED	2.66413381931341	2.279087481551005	2.7561824956910574	2.6754461273845953	2.3590404212903398	2.4143697760888694	2.3573063435074375	2.2790989784129088	2.277646540195669	2.0820086007677667	2.1720376505442682	2.0143523119206272	-0.011312308071185218	-0.029817931870422427
VUILD107MA_150_17_19	VUILD107MA	VUILD107	fold_2	epithelial_transitional	POOLED	3.14693126839743	2.2790855628657187	2.511028763380829	2.663389238427873	2.269921732220477	2.3218057360691633	2.5496641764005754	2.279098483222178	2.4847397100670743	2.5384495151046806	2.4075333630072673	2.496944124009406	0.483542029969557	-0.03248675797206866
VUILD107MA_150_17_20	VUILD107MA	VUILD107	fold_2	epithelial_transitional	POOLED	2.98471667643248	2.2790849233039565	2.461730594267273	2.449153136786173	2.5942444862172462	2.610721376799149	2.311923501283177	2.279098318158601	2.8212807651176153	2.2775578532891183	2.8058288537020575	2.252211827471366	0.535563539646307	-0.029905728921547612
VUILD107MA_150_17_22	VUILD107MA	VUILD107	fold_2	epithelial_transitional	POOLED	3.33714174604523	2.2790836441804325	2.6533975241001415	2.5225324438298533	2.4995204397170565	2.5292646655381676	2.360169767711639	2.2790979880314475	2.4248810612352587	2.2590275695968876	2.3639550055245544	2.2237808059345636	0.8146093022153766	-0.030133616758031907
VUILD107MA_150_17_8	VUILD107MA	VUILD107	fold_2	epithelial_transitional	POOLED	2.90085884914914	2.2790925980451013	2.39761761406211	2.416099785601987	2.476562144419186	2.477909435536282	2.5393908211450595	2.279100298921523	2.56598392553928	2.2994650710263826	2.565247994013168	2.296892546147485	0.4847590635471528	-0.029587017240308128
VUILD107MA_150_18_10	VUILD107MA	VUILD107	fold_2	epithelial_transitional	POOLED	3.00986410758718	2.279091105541603	2.7024040027940135	2.6512447190871438	2.587492697846253	2.609732272208697	2.5043056957214516	2.2791010573582464	2.5521612135399163	2.347246843409606	2.495913757827396	2.3158319774445606	0.35861938850003616	-0.029539904840130794
VUILD107MA_150_18_12	VUILD107MA	VUILD107	fold_2	epithelial_transitional	POOLED	2.37873034361518	2.2790898264180792	2.312401391178603	2.3723400826244445	2.459527457080008	2.44899759465793	2.575580543473688	2.279100727231093	2.171500467448627	2.3167021614392644	2.206838648425239	2.320394067700765	0.006390260990735364	-0.030503728201386745
VUILD107MA_150_18_15	VUILD107MA	VUILD107	fold_2	epithelial_transitional	POOLED	2.49667806118488	2.279087907732793	2.350835024621591	2.37702254690236	2.6107555766219663	2.6026684822017123	2.4541558437226776	2.279100232040362	2.429173861970114	2.2795727222881035	2.4416056192569875	2.2889588629787707	0.11965551428251997	-0.028958794759020877
VUILD107MA_150_18_16	VUILD107MA	VUILD107	fold_2	epithelial_transitional	POOLED	2.78468989454515	2.2790872681710312	2.545457144929477	2.6196503740568753	2.506778607923528	2.533546892013504	2.3925731196354727	2.2791000669767856	2.662119627587236	2.3277940547078004	2.6199180170593106	2.2958825304934543	0.16503952048827486	-0.029356242436518905
VUILD107MA_150_19_10	VUILD107MA	VUILD107	fold_2	epithelial_transitional	POOLED	3.1965374755623	2.2790908921616295	2.533500868713499	2.493548358322166	2.4766638547325406	2.49357497907452	2.4161816068713438	2.2791021459221232	2.507513602434454	2.196302484660902	2.488398430437895	2.172034908936063	0.7029891172401341	-0.03037375542592271
VUILD107MA_150_19_11	VUILD107MA	VUILD107	fold_2	epithelial_transitional	POOLED	2.94163146669629	2.2790902525998677	2.2555781258424457	2.444747616785973	2.5642336942179944	2.56541385303027	2.6018625498904018	2.279101980858546	2.3496630922603314	2.3558851156490768	2.3456316272087783	2.352615218528023	0.4968838499103172	-0.029378498674219804
VUILD107MA_150_19_12	VUILD107MA	VUILD107	fold_2	epithelial_transitional	POOLED	2.30835339325426	2.2790896130381055	2.501111540755163	2.381305518506251	2.358018735869853	2.355592713411895	2.5110971886309676	2.2791018157949696	2.185002356777618	2.3528130696361913	2.1915783100616792	2.358919385520405	-0.0729521252519909	-0.030662908318862585
VUILD107MA_150_19_13	VUILD107MA	VUILD107	fold_2	epithelial_transitional	POOLED	1.91974452520819	2.2790889734763433	1.9511276006601768	2.2010907059035025	2.3711570424131603	2.3403330376292026	2.510310440889269	2.2791016507313926	2.285150107928495	2.222420031531524	2.362235253440964	2.254086085090671	-0.2813461806953126	-0.030617831949808612
VUILD107MA_150_19_16	VUILD107MA	VUILD107	fold_2	epithelial_transitional	POOLED	2.17461940958193	2.279087054791057	2.463428189712234	2.5116847919610037	2.6182381228804843	2.6110543422851387	2.5129607145468364	2.2791011555406624	2.405143690274311	2.542966311536376	2.414613592499355	2.5417230245015503	-0.3370653823790737	-0.029374941336634295
VUILD107MA_150_19_8	VUILD107MA	VUILD107	fold_2	epithelial_transitional	POOLED	3.29620788868476	2.2790921712851535	2.5110749276540556	2.5718000585726384	2.5937575011844176	2.6089963151641653	2.6245893021881344	2.279102476049277	2.6043877220718366	2.447630432564833	2.584152210902724	2.432993959974922	0.7244078301121215	-0.029740684754466236
VUILD107MA_150_19_9	VUILD107MA	VUILD107	fold_2	epithelial_transitional	POOLED	3.05147881600767	2.2790915317233917	2.325738854414103	2.446360914027489	2.415825855947824	2.419618579659007	2.4344160868528855	2.2791023109857	2.44750167209811	2.2101407295374638	2.4222311956377074	2.2004226594392198	0.6051179019801807	-0.029802120670207648
VUILD107MA_150_20_11	VUILD107MA	VUILD107	fold_2	epithelial_transitional	POOLED	2.77378207926429	2.2790900392198936	2.4775381328051713	2.500330486971891	2.531635433012523	2.5471492485571883	2.5199693455024224	2.279103069422423	2.368669769038526	2.322454233716451	2.3233257869391477	2.302730327652624	0.2734515922923988	-0.02996307436175742
VUILD107MA_150_20_13	VUILD107MA	VUILD107	fold_2	epithelial_transitional	POOLED	2.07167865143437	2.2790887600963696	2.4136049810140663	2.3987651960920244	2.438274160504932	2.4269356235313486	2.484124344660784	2.2791027392952694	2.271603824163267	2.3974795418941763	2.294822774551254	2.4068350560595806	-0.3270865446576545	-0.031127588334187356
VUILD107MA_150_20_14	VUILD107MA	VUILD107	fold_2	epithelial_transitional	POOLED	1.98326124953048	2.2790881205346074	2.383837270642019	2.4652483544842663	2.457851268082819	2.460637255438419	2.4407971436684064	2.279102574231693	2.326458483080933	2.3598278093170704	2.3331598160410882	2.3554008833319093	-0.48198710495378627	-0.02959625404227872
VUILD107MA_150_20_16	VUILD107MA	VUILD107	fold_2	epithelial_transitional	POOLED	2.46493326621862	2.2790868414110834	2.4188668240065985	2.409275106709673	2.5340952466477344	2.5249704938093456	2.493743524480098	2.2791022441045388	2.468874764857847	2.4300467621405812	2.483758002929644	2.4339018039557816	0.0556581595089467	-0.0293079801810137
VUILD107MA_150_21_12	VUILD107MA	VUILD107	fold_2	epithelial_transitional	POOLED	2.28395765252357	2.2790891862781577	2.3573584645631547	2.5309271486187543	2.3846878144115866	2.4056493094739353	2.5177022742402415	2.2791039929227233	2.331215650745936	2.2800450089482234	2.2920801906725123	2.2536381873054645	-0.24696949609518448	-0.030182415133018312
VUILD107MA_150_21_15	VUILD107MA	VUILD107	fold_2	epithelial_transitional	POOLED	2.57906769679694	2.2790872675928715	2.2083549715422737	2.3592821645925297	2.5845002085563498	2.5724314354517213	2.506169819770582	2.2791034977319926	2.569481281459728	2.5481474356910483	2.591469097772167	2.5615000986428513	0.21978553220441022	-0.029334504165700048
VUILD107MA_150_22_13	VUILD107MA	VUILD107	fold_2	epithelial_transitional	POOLED	3.0389758906195	2.279088333336422	2.567209114072845	2.6917770007877566	2.534664454342655	2.5583467424817656	2.667012541876321	2.279104916423023	2.697214544298559	2.5676323226499718	2.652849407749413	2.5407425530507615	0.3471988898317435	-0.03096813571576159
VUILD107MA_150_4_19	VUILD107MA	VUILD107	fold_2	epithelial_transitional	POOLED	1.94224892479145	2.2790883368053785	2.4650189378868523	2.443486041402023	2.164102207287034	2.1654929331400696	2.50056438278689	2.27908433189178	1.993103427290686	2.150553593092798	1.9842015541966522	2.1509396399545935	-0.5012371166105731	-0.03259984322935492
VUILD107MA_150_5_17	VUILD107MA	VUILD107	fold_2	epithelial_transitional	POOLED	2.85700194059013	2.2790894025489283	2.407851971510511	2.3075792605859795	2.5828294171265718	2.557879314836284	2.538186597139682	2.2790857505828104	2.431909122498867	2.532711752685433	2.4741616858762137	2.5614739715750074	0.5494226800041506	-0.029490762852647397
VUILD107MA_150_5_18	VUILD107MA	VUILD107	fold_2	epithelial_transitional	POOLED	2.51391688483722	2.2790887629871666	2.7356646983426876	2.5984967042348734	2.5743167534741267	2.5791029531919105	2.5708870435895985	2.279085585519234	2.467035107577496	2.5088407491467644	2.443667991529221	2.492804368360927	-0.08457981939765347	-0.03020112302883943
VUILD107MA_150_5_19	VUILD107MA	VUILD107	fold_2	epithelial_transitional	POOLED	1.76979283678053	2.2790881234254043	2.148686699643766	2.287366313715386	2.1074611642588383	2.0921772612079357	2.3696453690271815	2.2790854204556568	1.935897082432103	2.018786411627825	1.9744100950510768	2.0319030531878406	-0.5175734769348561	-0.03259392788444074
VUILD107MA_150_5_20	VUILD107MA	VUILD107	fold_2	epithelial_transitional	POOLED	2.98701159490762	2.2790874838636426	2.2931923974018273	2.3278980717669095	2.724483447817167	2.707254991515968	2.305503883892928	2.27908525539208	2.6800068865341453	2.408768022721943	2.708367804906871	2.4194882143820213	0.6591135231407104	-0.02929288234909382
VUILD107MA_150_5_21	VUILD107MA	VUILD107	fold_2	epithelial_transitional	POOLED	3.31611187381371	2.2790868443018804	2.495733739849304	2.591934983519368	2.7360748349587114	2.743635753396269	2.5202386843634117	2.279085090328503	2.681855305839951	2.542618829282521	2.6582481534453954	2.526613461096807	0.7241768902943422	-0.029461392324945237
VUILD107MA_150_6_18	VUILD107MA	VUILD107	fold_2	epithelial_transitional	POOLED	1.89269931822549	2.279088549607193	2.595296707998878	2.509606681571342	2.4559647575785513	2.450890756354121	2.6303945825283677	2.2790866740831106	2.3021620404531156	2.1653876254124866	2.3117872624154567	2.1625249227400785	-0.6169073633458517	-0.030417806795647536
VUILD107MA_150_6_19	VUILD107MA	VUILD107	fold_2	epithelial_transitional	POOLED	2.60929045528738	2.2790879100454307	2.4656301221918513	2.3707314382743774	2.5398902930941185	2.5069972997459686	2.5632101449173255	2.2790865090195336	2.391460107679656	2.4796593812950247	2.4574113102332737	2.504987614714222	0.23855901701300253	-0.03054903363705361
VUILD107MA_150_6_20	VUILD107MA	VUILD107	fold_2	epithelial_transitional	POOLED	2.8231481181131	2.2790872704836684	2.4303479470971565	2.4556012697796725	2.6437483565938487	2.641826555463812	2.496640892099378	2.279086343955957	2.6059314369669098	2.4739260928058564	2.590203892193717	2.4682671976692676	0.36754684833342743	-0.02970032115391057
VUILD107MA_150_6_21	VUILD107MA	VUILD107	fold_2	epithelial_transitional	POOLED	2.89049553505667	2.2790866309219067	2.2372028664257186	2.342427891591775	2.8557741850165845	2.8234131367177753	2.5894562168350572	2.27908617889238	2.805602734903446	2.722986688023636	2.8756412212840656	2.753894644659833	0.5480676434648952	-0.028734162267592848
VUILD107MA_150_6_22	VUILD107MA	VUILD107	fold_2	epithelial_transitional	POOLED	2.8871896368009	2.2790859913601444	2.5629778942851824	2.5367595997816212	2.650020801717627	2.6529302630826583	2.423810412941911	2.279086013828803	2.6837586645906404	2.405418579289066	2.697074215827666	2.414724154767799	0.35043003701927855	-0.029348111508156964
VUILD107MA_150_7_19	VUILD107MA	VUILD107	fold_2	epithelial_transitional	POOLED	1.77932417550661	2.279087696665457	1.869848703924844	2.0401071637512045	2.376615600308778	2.3131174934014807	2.4094508135230965	2.2790875975834104	2.218298509597988	2.3013015316755165	2.3434916173477824	2.366422245177429	-0.26078298824459445	-0.03118839754470594
VUILD107MA_150_7_20	VUILD107MA	VUILD107	fold_2	epithelial_transitional	POOLED	2.80724167602245	2.2790870571036947	2.383267812603704	2.3362718082380156	2.426776969995848	2.423426128206274	2.3683322229889616	2.2790874325198334	2.4963060933485055	2.2856607875748645	2.5003506003435096	2.2857279434470295	0.4709698677844343	-0.029848911415090645
VUILD107MA_150_7_21	VUILD107MA	VUILD107	fold_2	epithelial_transitional	POOLED	3.20122093233159	2.2790864175419325	2.3494704901416923	2.3570521824994746	2.45434255478638	2.4396574990913145	2.369501392780556	2.279087267456257	2.272752889397782	2.2247933964958966	2.3048775131048354	2.2361772446636556	0.8441687498321153	-0.0300171731278552
VUILD107MA_150_8_19	VUILD107MA	VUILD107	fold_2	epithelial_transitional	POOLED	1.6170629546261	2.279087483285483	2.313969013433756	2.289565529971088	2.1232914830681504	2.1150483026955142	2.1914390248953493	2.279088686147287	1.9762989840323193	2.233107494862415	1.9744842013023476	2.2476525335088677	-0.672502575344988	-0.0323377502279825
VUILD107MA_150_8_20	VUILD107MA	VUILD107	fold_2	epithelial_transitional	POOLED	2.3947397959517	2.279086843723721	2.3589272261426943	2.3592546643611736	2.5825407175843003	2.5788017257130313	2.401830321202766	2.27908852108371	2.6649266856368254	2.456032506881825	2.6804754665849955	2.4599403943507037	0.035485131590526464	-0.02986741729100772
VUILD107MA_150_8_21	VUILD107MA	VUILD107	fold_2	epithelial_transitional	POOLED	2.52005463095068	2.279086204161959	2.2355966031640917	2.285568031996773	2.718012628614709	2.702811441629516	2.5106510635706303	2.2790883560201336	2.4889236015243976	2.4625808765872876	2.5155368431546163	2.479236974437796	0.23448659895390733	-0.029551860469275985
VUILD107MA_150_8_22	VUILD107MA	VUILD107	fold_2	epithelial_transitional	POOLED	2.58475320855065	2.279085564600197	1.8870962572675338	2.049430149213586	2.3723450983623797	2.3234119817206795	2.231924778500697	2.2790881909565566	2.3626507834914334	2.066065617781509	2.4709548866602296	2.108631718062135	0.5353230593370641	-0.02983987185084035
VUILD107MA_150_8_23	VUILD107MA	VUILD107	fold_2	epithelial_transitional	POOLED	2.66527758676022	2.279084925038435	2.510462305941594	2.3040715218665353	2.587629033054056	2.5718088401476633	2.5142380524474053	2.27908802589298	2.6063700279706397	2.3632657544500186	2.641247787546447	2.383492063054561	0.3612060648936848	-0.029347538253882543
VUILD107MA_150_9_21	VUILD107MA	VUILD107	fold_2	epithelial_transitional	POOLED	2.74730533358948	2.279085990781985	2.43343320955116	2.4149234065849705	2.6663785799202975	2.6610793403525097	2.4845086194096755	2.2790894445840104	2.667741831495681	2.3615302211352343	2.687498159379717	2.3622301300190403	0.3323819270045094	-0.029433129627881846
VUILD107MA_150_9_22	VUILD107MA	VUILD107	fold_2	epithelial_transitional	POOLED	2.33763653497327	2.279085351220223	2.2904414287130037	2.271283857349714	2.538568626632138	2.505439486770489	2.4723040939892	2.2790892795204334	2.385949606274968	2.2595209146307247	2.4552831342125225	2.285603216939176	0.06635267762355612	-0.029641577166843028
VUILD107MA_150_9_23	VUILD107MA	VUILD107	fold_2	epithelial_transitional	POOLED	2.44126249527883	2.279084711658461	2.4859785011503197	2.6187520404961573	2.531072821010196	2.5348051611505533	2.3874054960548867	2.279089114456857	2.4308032349394075	2.3010151255459395	2.422106282974486	2.288890788669759	-0.1774895452173273	-0.030404351670417835
