region_id	sample_id	donor_id	fold	target	analysis_stratum	observed	M0_pred	M1_pred	M2_pred	M3_pred	M4_pred	color_pred	coordinate_pred	grayscale_pred	macenko_pred	M3_grayscale_pred	M3_macenko_pred	heldout_base_residual	morphology_predicted_residual
VUHD095_150_10_10	VUHD095	VUHD095	fold_1	epithelial_transitional	POOLED	2.34664861763501	2.381582920200344	1.7181084805877094	2.002520442961999	2.322327627559215	2.3013427340027324	2.2500487444214157	2.381601431860145	1.8049163926777512	1.9587804092450218	1.8119326597659766	1.9983342247887443	0.3441281746730107	0.205408951336968
VUHD095_150_10_11	VUHD095	VUHD095	fold_1	epithelial_transitional	POOLED	1.52767681117226	2.381581349948401	2.163100524729023	2.101242564001803	2.1581619128964453	2.0814668750276546	2.0628752364819682	2.381598783011721	2.387418372296914	2.0390108376861584	2.429068317794811	2.0937910170830314	-0.573565752829543	-0.03533974618941645
VUHD095_150_10_4	VUHD095	VUHD095	fold_1	epithelial_transitional	POOLED	2.04834157650516	2.381592341711999	1.815162556766873	1.7742775479890422	1.942332567447719	1.9214051904059553	1.7395444388944572	2.3816173249506893	1.9905046455679916	1.8232590386161756	2.071687285013986	1.904442999713489	0.27406402851611755	-0.3866158442989428
VUHD095_150_10_8	VUHD095	VUHD095	fold_1	epithelial_transitional	POOLED	2.39467523526409	2.3815860607042287	2.16938348750892	1.9503701076671642	2.1235865693309552	2.0930927955747434	2.386957067486614	2.381606729556993	2.003914338616712	2.2514644544415408	2.0269390598382726	2.3073709367570623	0.44430512759692564	0.0029262952611550947
VUHD095_150_10_9	VUHD095	VUHD095	fold_1	epithelial_transitional	POOLED	2.09651261367114	2.3815844904522865	2.060323878694086	1.980872483384891	1.7551898131078723	1.7332926120781125	2.0464294045758913	2.381604080708569	1.871662878430035	1.9230726253364443	1.8677033990677572	1.930355857596822	0.11564013028624887	-0.2667687876673685
VUHD095_150_11_10	VUHD095	VUHD095	fold_1	epithelial_transitional	POOLED	1.26800501442422	2.3815833682113112	2.120231624376718	1.9084461463951383	2.066990012266388	2.0621941015846246	2.2090699425820834	2.381602399199942	1.8141817059415557	1.952064705067622	1.8372452251588858	2.0188803183522706	-0.6404411319709182	-0.017827811184103474
VUHD095_150_11_4	VUHD095	VUHD095	fold_1	epithelial_transitional	POOLED	1.96893251576625	2.3815927897229665	2.0242302936290497	1.899927263430057	1.9164669245596424	1.8912563817985273	2.0136064719313276	2.3816182922904865	2.0311809706161306	1.9485820441235409	2.088770814224245	2.049880928208513	0.06900525233619303	-0.2865834446310968
VUHD095_150_11_5	VUHD095	VUHD095	fold_1	epithelial_transitional	POOLED	1.75802018881759	2.381591219471024	1.8191423204362205	1.7540421406640294	1.9362700874392966	1.9028823784158004	2.109347996206979	2.3816156434420623	1.8619871967064798	2.055567276891191	1.903217610229547	2.121812918925306	0.0039780481535605094	-0.08049802057150861
VUHD095_150_11_6	VUHD095	VUHD095	fold_1	epithelial_transitional	POOLED	1.78368188401382	2.3815896492190816	1.773901274589833	1.7881515350436072	1.8678004043153753	1.9018555929375345	1.9095626846101503	2.3816129945936386	1.716163632134088	1.8041704407830674	1.7265551382131932	1.808309724351358	-0.004469651029787247	-0.1954155520431076
VUHD095_150_11_7	VUHD095	VUHD095	fold_1	epithelial_transitional	POOLED	2.10104342796316	2.381588078967139	1.9739291488833934	1.8312015626739733	2.3265873297002027	2.331182759048304	2.2558756604118484	2.3816103457452145	2.1837200513263464	2.31167391701347	2.2160452314054844	2.4013532860969704	0.2698418652891865	0.20494644333508072
VUHD095_150_11_8	VUHD095	VUHD095	fold_1	epithelial_transitional	POOLED	2.05020596935453	2.381586508715196	1.9832043729689302	1.9696724864354105	2.022084941948331	2.0315243385554154	2.2628564816073005	2.3816076968967903	2.061663010863568	2.1473105510759	2.078989916496057	2.1975327822683477	0.08053348291911955	-0.08390808988078037
VUHD095_150_11_9	VUHD095	VUHD095	fold_1	epithelial_transitional	POOLED	1.90692239235367	2.3815849384632535	1.9328235853213052	1.8841705513630147	2.1074523710416164	2.059080716187292	2.2336436930368735	2.381605048048366	2.0069858447221747	2.055703370007252	2.0465042705979135	2.140407086293655	0.022751840990655303	-0.05550835344799266
VUHD095_150_12_10	VUHD095	VUHD095	fold_1	epithelial_transitional	POOLED	1.65493408200298	2.3815838162222787	1.8433807949458316	1.893663699858417	1.8753901126831196	1.9009918389214424	2.2074952142513027	2.381603366539739	1.7383731830304794	1.8082820522633523	1.7436107108133787	1.852370972798048	-0.238729617855437	-0.16071682730122097
VUHD095_150_12_11	VUHD095	VUHD095	fold_1	epithelial_transitional	POOLED	1.1907969787555	2.381582245970336	1.8057750752738357	1.9573483862911687	1.8405562280080967	1.8883689036869165	2.227115104438482	2.381600717691315	2.218362309956148	2.1547707726695804	2.2362855984066883	2.1712650516193692	-0.7665514075356687	-0.21596548505121851
VUHD095_150_12_5	VUHD095	VUHD095	fold_1	epithelial_transitional	POOLED	1.82363511806705	2.3815916674819912	1.8676480171558794	1.9357233853018772	1.5290702534700968	1.5486530893881234	2.033963749053752	2.3816166107818595	1.6060050582952916	1.6121138652795275	1.6314598038828634	1.633207206818079	-0.11208826723482712	-0.4006997052517679
VUHD095_150_12_6	VUHD095	VUHD095	fold_1	epithelial_transitional	POOLED	1.91288255745101	2.381590097230049	1.9738831115699145	1.8030765331353107	1.9540289789016865	1.945802708410484	1.9100741126341272	2.3816139619334353	1.7274080099198819	1.9660545909075693	1.761659309759703	2.0109157448152772	0.1098060243156993	-0.15393057327496157
VUHD095_150_12_7	VUHD095	VUHD095	fold_1	epithelial_transitional	POOLED	1.57114735126266	2.3815885269781063	1.9215909733896785	1.9372599178527279	1.9904731108277183	1.9633159564094989	2.2777249423088506	2.381611313085011	1.9431406213220916	1.9416027284473647	1.9710589292378113	1.9983946117450722	-0.36611256659006797	-0.08095787296891256
VUHD095_150_12_8	VUHD095	VUHD095	fold_1	epithelial_transitional	POOLED	1.67366475182942	2.3815869567261636	1.8908158428622632	1.8223493602187344	1.991188582904028	1.9493757435104482	2.092234909045569	2.3816086642365875	2.0232320692977432	1.9695628890536525	2.0640479043001516	2.060503047632518	-0.1486846083893143	-0.16748595516562179
VUHD095_150_12_9	VUHD095	VUHD095	fold_1	epithelial_transitional	POOLED	1.68610216739285	2.381585386474221	1.949474385205003	1.9343015021644647	2.1642485606546535	2.159223750389109	2.137093234483001	2.3816060153881633	1.9960640359956567	1.9797517958789395	2.023122335355332	2.0279816893223668	-0.2481993347716147	-0.014056291768109694
VUHD095_150_13_10	VUHD095	VUHD095	fold_1	epithelial_transitional	POOLED	1.68506951409673	2.3815842642332457	2.016673791771326	1.9827510593359639	1.796238819350603	1.7881700505092675	2.302265088658799	2.3816043338795363	1.5973110534808435	1.5688343456788516	1.612958391839998	1.5943191111786286	-0.29768154523923385	-0.2994709926496594
VUHD095_150_13_5	VUHD095	VUHD095	fold_1	epithelial_transitional	POOLED	1.44886974518327	2.3815921154929587	2.131084893970735	1.82652200853282	1.7664813438690756	1.6939104092759243	2.184436433159333	2.3816175781216566	1.7869417374597008	1.7204595409563075	1.8802995061647936	1.860525178425001	-0.37765226334955004	-0.4437101320105244
VUHD095_150_13_6	VUHD095	VUHD095	fold_1	epithelial_transitional	POOLED	1.96246747963568	2.381590545241016	1.8310635401250654	2.0066528337147247	1.712480419177603	1.764337958586803	1.8751255095305592	2.3816149292732325	1.672472530643802	1.9405822620128617	1.6664726849527913	1.9446784010568505	-0.04418535407904467	-0.27846569013667993
VUHD095_150_13_7	VUHD095	VUHD095	fold_1	epithelial_transitional	POOLED	1.72003301253316	2.3815889749890737	2.137563494170378	1.9157614041937123	2.1577585406286692	2.1145534826264982	2.1888736316891193	2.3816122804248083	1.9534859560408915	2.0714433526779734	1.9897346677530963	2.1531952066688858	-0.19572839166055234	0.13327978166328872
VUHD095_150_13_8	VUHD095	VUHD095	fold_1	epithelial_transitional	POOLED	1.98353678754455	2.381587404737131	1.839150751230697	1.8065630652083913	1.6832918562896273	1.665932069703516	2.0744187584065163	2.381609631576384	1.7017129501441974	1.6176957855926934	1.7337176250395352	1.6781140862332107	0.1769737223361587	-0.34949706246466794
VUHD095_150_13_9	VUHD095	VUHD095	fold_1	epithelial_transitional	POOLED	1.68521717916415	2.3815858344851883	2.04650746392106	1.924286470658937	1.8749367287874281	1.8613312200202103	2.1115277352144517	2.3816069827279605	1.6892265081909326	1.8530932287117594	1.7125509377578858	1.911286336989848	-0.23906929149478717	-0.1689949304821296
VUHD095_150_14_7	VUHD095	VUHD095	fold_1	epithelial_transitional	POOLED	2.04870491481577	2.3815894230000407	1.923746674712247	1.9237416083615881	2.3434462210623836	2.300272740080965	2.0543924439216203	2.3816132477646055	2.121783586789223	1.9602402201327365	2.168746547105404	2.0400799733475403	0.12496330645418197	0.11642651044755525
VUHD095_150_14_8	VUHD095	VUHD095	fold_1	epithelial_transitional	POOLED	1.38465879649582	2.3815878527480985	1.8168894177052402	1.8036091889026413	1.8402812125989088	1.8320144886250787	1.7854462093763863	2.3816105989161813	1.598533411068252	1.667403664339929	1.639024760443145	1.7329445738190976	-0.4189503924068214	-0.1863757828582976
VUHD095_150_14_9	VUHD095	VUHD095	fold_1	epithelial_transitional	POOLED	1.57808437884035	2.381586282496156	1.8869788282898492	1.8314957252624264	1.7981913786926915	1.7621962266860542	2.055565742438738	2.381607950067757	1.6041500004170748	1.6915271441036532	1.632647223149378	1.7514556586835333	-0.2534113464220764	-0.2084746483549736
VUHD095_150_15_10	VUHD095	VUHD095	fold_1	epithelial_transitional	POOLED	1.26329915901989	2.3815851602551805	1.705216131223396	1.8078372495989306	1.9462446742418555	1.9279107253839198	2.063705025421581	2.38160626855913	1.7636548584235818	1.7479784268005816	1.795222578906557	1.8039697173288374	-0.5445380905790405	-0.14682393440066713
VUHD095_150_15_9	VUHD095	VUHD095	fold_1	epithelial_transitional	POOLED	1.26609049690534	2.381586730507123	1.848259405680441	1.915358319860898	1.636622057339729	1.651176371331289	1.949097042089894	2.3816089174075543	1.6101689992145225	1.4561819554086466	1.6341174745667935	1.500140105252898	-0.6492678229555582	-0.3989835917930216
VUHD095_150_2_10	VUHD095	VUHD095	fold_1	epithelial_transitional	POOLED	1.53674730304393	2.3815793361126048	1.632106878008813	1.565673202781453	2.170069922142084	2.1398456894238764	2.079577142873676	2.3815936931417685	2.001831920842889	1.9112781670044758	2.037192034658874	1.9950713221626923	-0.02892589973752302	0.028356944804977358
VUHD095_150_2_11	VUHD095	VUHD095	fold_1	epithelial_transitional	POOLED	1.66632270056922	2.3815777658606625	1.660972073784724	1.7554345303433063	1.8105589208538455	1.8030554643158827	1.860572117814379	2.3815910442933443	1.8661094955899484	1.8443289460480088	1.8957559139819686	1.8945297290459078	-0.08911182977408627	-0.15374668707336273
VUHD095_150_2_12	VUHD095	VUHD095	fold_1	epithelial_transitional	POOLED	2.11108706370907	2.38157619560872	1.7907095396504762	1.6745983058259528	2.0769883050595404	2.02708837244575	1.9471225813188195	2.3815883954449206	1.8989982443070879	1.8117174085675734	1.9613851051531357	1.9151211756863065	0.43648875788311714	0.10152008735269734
VUHD095_150_3_10	VUHD095	VUHD095	fold_1	epithelial_transitional	POOLED	2.24189377134808	2.381579784123572	1.8839322265115008	1.8715828691969065	1.7962427106322334	1.8214641616808753	1.991362080317511	2.3815946604815657	1.6750981022966909	1.769834757670933	1.673731267906052	1.788365959621025	0.3703109021511737	-0.20875299978606163
VUHD095_150_3_8	VUHD095	VUHD095	fold_1	epithelial_transitional	POOLED	1.85735146978889	2.3815829246274576	1.680180121949602	1.7405862094049311	1.4192895911520509	1.409356036588359	1.7375688104344182	2.381599958178414	1.5346863113947533	1.3926291507420658	1.5767491761432388	1.4815587478181342	0.11676526038395885	-0.5896278311004287
VUHD095_150_4_13	VUHD095	VUHD095	fold_1	epithelial_transitional	POOLED	2.05677944900811	2.381575521378712	1.8110230019545974	1.8704465744445133	1.654958005314247	1.6969155834283582	2.104673550918989	2.3815876812760903	1.7744829707524736	1.7519358851815898	1.7974543556805753	1.7615405582664934	0.1863328745635966	-0.3467499008035821
VUHD095_150_4_6	VUHD095	VUHD095	fold_1	epithelial_transitional	POOLED	2.05384034055912	2.38158651314231	1.9300763960062488	1.632791049152058	1.6800203659183233	1.6691039146527418	1.7614241052467283	2.381606223215059	1.7210435448843182	1.9376718317001753	1.7678691202737207	2.0296060771303335	0.42104929140706204	-0.3147595260136102
VUHD095_150_5_11	VUHD095	VUHD095	fold_1	epithelial_transitional	POOLED	2.24698076996579	2.3815791098935644	1.9222405063935288	1.5973336971159964	2.1049532097011734	2.0456142022230916	2.0861002136403966	2.381593946312736	2.299227254711809	1.999432190160662	2.3629958476299535	2.089807557158749	0.6496470728497936	0.05955399335271639
VUHD095_150_5_6	VUHD095	VUHD095	fold_1	epithelial_transitional	POOLED	1.82642912174912	2.3815869611532774	1.7920109584868664	1.8484957306168035	1.5411461188979585	1.5818492402850637	1.4907429230289375	2.381607190554856	1.7364926400092928	1.5126888724461076	1.7538697203364064	1.5120491594492318	-0.022066608867683524	-0.445509513933367
VUHD095_150_5_8	VUHD095	VUHD095	fold_1	epithelial_transitional	POOLED	2.89214096432902	2.381583820649392	1.8125659352632173	1.9354504929393115	1.9196320723165083	1.9164780234995409	2.2729965191628874	2.381601892858008	1.892318681497688	1.9412456561816407	1.8948466140322744	1.9510687949978633	0.9566904713897086	-0.18404512849430876
VUHD095_150_5_9	VUHD095	VUHD095	fold_1	epithelial_transitional	POOLED	2.37259679468027	2.3815822503974498	1.8235903598084287	1.7876959695734629	2.024434552035137	2.043119373123652	2.1214843858305183	2.3815992440095837	1.6561725982010365	1.7926915217555006	1.6597883611109345	1.8103276957384522	0.5849008251068073	-0.10590356971136743
VUHD095_150_6_6	VUHD095	VUHD095	fold_1	epithelial_transitional	POOLED	1.47834820450102	2.381587409164245	1.8434895619187524	1.7768015330880043	1.8261412562006194	1.8485228834875458	1.7731220419387612	2.3816081578946533	1.9351629666761152	1.6574737945036582	1.9542672088181978	1.6899029226670823	-0.29845332858698437	-0.12285355974374321
VUHD095_150_7_6	VUHD095	VUHD095	fold_1	epithelial_transitional	POOLED	2.1441062047889	2.381587857175212	1.7723874850254167	1.7655075448014266	1.5997854665738596	1.610156595339249	2.026581228531149	2.3816091252344505	1.7710636812850078	1.5453448746763179	1.8076379445007578	1.5849107028873977	0.37859865998747333	-0.35467364624819375
VUHD095_150_7_7	VUHD095	VUHD095	fold_1	epithelial_transitional	POOLED	2.01532674391095	2.3815862869232696	2.0658835035498244	1.923539098976991	1.9178482726967445	1.8951493904312435	1.7571389745550579	2.3816064763860263	1.6041738747806253	1.5488123409512489	1.6359349942235846	1.5940217499183134	0.09178764493395919	-0.1662536843971796
VUHD095_150_7_8	VUHD095	VUHD095	fold_1	epithelial_transitional	POOLED	2.60036132251069	2.381584716671327	1.778899490295788	1.9522400743184423	1.882591711724767	1.8735703944319608	2.348294836345193	2.381603827537602	1.7269239511135945	1.66063905313643	1.749539335282781	1.6678417665280132	0.6481212481922478	-0.18878880193021566
VUHD095_150_8_10	VUHD095	VUHD095	fold_1	epithelial_transitional	POOLED	1.7970438299379	2.381582024178409	2.101192392644686	2.208517716681155	1.8378113880273141	1.8566201143116952	2.1009521041690835	2.381599497180551	1.7885710513368405	1.5835426916337623	1.7783526221184123	1.5458470719683295	-0.411473886743255	-0.3165130591532242
VUHD095_150_8_11	VUHD095	VUHD095	fold_1	epithelial_transitional	POOLED	2.09466563228311	2.3815804539264667	2.287625838613382	2.2188073755314432	2.163739084372706	2.1355768415281773	2.2121855199025857	2.381596848332127	2.4324844979259512	2.434112007688099	2.47428544732206	2.4780165380231125	-0.12414174324833338	-0.16510182853588506
VUHD095_150_8_12	VUHD095	VUHD095	fold_1	epithelial_transitional	POOLED	2.31626215441939	2.381578883674524	2.4775590404621273	2.4305027617550805	2.0166840428693047	2.023271519854531	2.2767143779659516	2.3815941994837027	2.1902108859483516	2.282193692273385	2.1918230726241683	2.2753325559747615	-0.1142406073356903	-0.24707672605287026
VUHD095_150_8_6	VUHD095	VUHD095	fold_1	epithelial_transitional	POOLED	1.95135711285515	2.3815883051861793	1.8312392100684662	1.9165310229463448	2.0192559609094856	2.0245992707736447	2.0588844717056807	2.381610092574247	1.9486077100394885	2.1142697164919917	1.990409041280395	2.1680805094469005	0.03482608990880509	-0.0816129509230222
VUHD095_150_8_7	VUHD095	VUHD095	fold_1	epithelial_transitional	POOLED	1.71600961363068	2.381586734934237	1.9996246398238058	1.8794123277890742	1.801338892726041	1.7697687734197354	1.926621628726338	2.381607443725823	1.7298533582429498	1.9692408457353503	1.7502436836766275	2.017582934163633	-0.16340271415839425	-0.2403968789654886
VUHD095_150_9_10	VUHD095	VUHD095	fold_1	epithelial_transitional	POOLED	2.18165378151868	2.3815824721893764	2.3895884729259063	2.1780611883309895	2.2485588110689254	2.2088672245392176	2.2865913575307424	2.381600464520348	2.2525574752530844	2.090065286799853	2.283723904151462	2.1308217753450522	0.0035925931876903405	-0.18335497117318086
VUHD095_150_9_11	VUHD095	VUHD095	fold_1	epithelial_transitional	POOLED	2.12451801724293	2.3815809019374337	2.6060975767036503	2.487990338482872	2.52362789342488	2.505863249954696	2.509660796198973	2.381597815671924	2.5444715523320913	2.7611037778478584	2.5823787866009473	2.7856504824971164	-0.363472321239942	-0.016260033869877857
VUHD095_150_9_12	VUHD095	VUHD095	fold_1	epithelial_transitional	POOLED	2.38082179893337	2.3815793316854914	2.525081842343777	2.5069432608450826	2.3948451927232814	2.3775759222046653	2.2803204768127703	2.3815951668235	2.3410935460524938	2.7945213251113232	2.3526741889942784	2.79033808693594	-0.12612146191171236	-0.033711046120586056
VUHD095_150_9_6	VUHD095	VUHD095	fold_1	epithelial_transitional	POOLED	1.8282497407238	2.3815887531971467	1.8189986805343101	1.6674825221339227	1.975369085512144	1.9479861529335813	2.0756175895397955	2.3816110599140443	1.9674600628995496	2.1341316935392247	2.018402560850216	2.217358775507278	0.16076721858987741	-0.1755837253801906
VUHD095_150_9_7	VUHD095	VUHD095	fold_1	epithelial_transitional	POOLED	1.67915735398685	2.381587182945204	1.7981440798070891	1.8041566291170694	1.9186970041624811	1.9194582413059353	2.122618388039926	2.38160841106562	1.7973390883425076	1.9259199339363406	1.8334791774202719	1.9644616436747904	-0.12499927513021936	-0.257955191016913
VUHD095_150_9_8	VUHD095	VUHD095	fold_1	epithelial_transitional	POOLED	1.56437946236009	2.3815856126932617	1.8218963910527846	1.886609139945187	2.2354762617426567	2.20539431544087	2.185690731414886	2.381605762217196	1.9470035174428566	2.0305442989550393	1.9738450658658966	2.068387965805731	-0.322229677585097	0.1906465268692432
VUHD095_150_9_9	VUHD095	VUHD095	fold_1	epithelial_transitional	POOLED	2.24586324943876	2.381584042441319	1.9921951203521466	2.062694720231763	1.6897063781605248	1.7204555025694874	2.126381946260892	2.3816031133687723	1.7072058429956607	1.8473394144857436	1.6911395476207185	1.8138276448078194	0.18316852920699667	-0.34169007771898924
VUHD116A_150_10_1	VUHD116A	VUHD116	fold_1	epithelial_transitional	POOLED	1.70995475185648	2.3815976372679466	1.8003961513744484	1.807258416222476	2.065855052188841	2.0594874854782024	2.4582741989022767	2.3816190697110575	1.9942106815248906	2.047867436337701	2.0444414144590137	2.1527016823622938	-0.09730366436599613	-0.1533254650928407
VUHD116A_150_10_14	VUHD116A	VUHD116	fold_1	epithelial_transitional	POOLED	2.47328077151235	2.381582292260395	2.6747337197912415	2.5567735222959938	2.303429213894847	2.3020787665479827	2.80906272499644	2.381589701526544	2.2856318147323114	2.215933095882437	2.2963794521104437	2.2229224449722302	-0.08349275078364382	-0.15607246279244488
VUHD116A_150_10_15	VUHD116A	VUHD116	fold_1	epithelial_transitional	POOLED	2.47354305640138	2.3815811118751986	2.327118082729377	2.2753979903135693	2.479084153894226	2.4436133908485944	2.8100813671182068	2.3815874424354275	2.36108634224988	2.490302848187876	2.3968276584446584	2.5587010696368924	0.19814506608781057	0.041692115778643866
VUHD116A_150_10_17	VUHD116A	VUHD116	fold_1	epithelial_transitional	POOLED	1.90312879086316	2.381578751104806	1.8097834444449543	1.8598236511596746	2.057285726929439	2.0056201557505866	2.5566717431948076	2.3815829242531947	1.9795416092354565	2.093817746859014	2.005262236261197	2.1673367995877477	0.043305139703485374	-0.12922858985255253
VUHD116A_150_11_13	VUHD116A	VUHD116	fold_1	epithelial_transitional	POOLED	2.68101146858228	2.3815839206565586	2.919782006826723	2.808188305551915	2.788222618752982	2.8125385556240796	2.7690645816291357	2.3815929279574575	2.618371100707827	2.7316913989359177	2.5925321193394297	2.716457032253027	-0.1271768369696349	0.11539152949088957
VUHD116A_150_11_14	VUHD116A	VUHD116	fold_1	epithelial_transitional	POOLED	2.61766736713597	2.3815827402713623	2.6369053248646326	2.670577153721185	2.561087821060532	2.536314320624441	2.8016673837106554	2.381590668866341	2.6657511286197604	2.416172864681451	2.676066095890587	2.446398810402383	-0.052909786585214835	-0.034030391984712305
VUHD116A_150_11_15	VUHD116A	VUHD116	fold_1	epithelial_transitional	POOLED	2.33354555248274	2.381581559886166	2.4526868488947096	2.4151470685069847	2.4635660767320045	2.39065322666119	2.7990573341741043	2.3815884097752247	2.5037354793101834	2.420506488170134	2.5525990061324606	2.4909709265585533	-0.0816015160242447	-0.041560022752904976
VUHD116A_150_12_14	VUHD116A	VUHD116	fold_1	epithelial_transitional	POOLED	2.56410390223763	2.3815831882823297	2.537522242450533	2.3586250509560394	2.550139461736644	2.492456950502641	2.827220821909196	2.3815916362061382	2.634861116581294	2.4125005673244004	2.68952186225597	2.5129688312753666	0.20547885128159082	-0.024908222483482914
VUHD116A_150_12_15	VUHD116A	VUHD116	fold_1	epithelial_transitional	POOLED	1.95162419461763	2.3815820078971335	2.308645049730189	2.203691551895967	2.5402417465667266	2.4528552988503227	2.801673891259796	2.381589377115022	2.6319559454725305	2.564368116451478	2.684377181767338	2.6818996795141383	-0.2520673572783372	-0.004156518042838684
VUHD116A_150_13_13	VUHD116A	VUHD116	fold_1	epithelial_transitional	POOLED	1.72055844024671	2.3815848166784934	2.0980974225933204	1.8856400866116716	2.1479656191205896	2.112536090767817	2.542880261138118	2.381594862637052	2.198852413323552	2.1320427813492033	2.2442657821902348	2.2220722943320244	-0.1650816463649616	-0.06166454261137774
VUHD116A_150_13_6	VUHD116A	VUHD116	fold_1	epithelial_transitional	POOLED	2.00275345515465	2.381593079374867	2.096950024344923	2.004225424926713	2.3443431485119297	2.3532821628986107	2.4835728665295247	2.3816106762748666	2.243931067110596	2.419169865104343	2.2671578772154244	2.4873275933078327	-0.0014719697720626534	0.03346289737455775
VUHD116A_150_14_10	VUHD116A	VUHD116	fold_1	epithelial_transitional	POOLED	1.57767641890557	2.3815888058450496	1.9272971656951141	1.8990724332455844	2.412570387704447	2.4120346921988376	2.465163145365153	2.381602607250198	2.2598920907111544	2.418542590058095	2.284124288778674	2.471955834200042	-0.3213960143400143	0.1400103947570932
VUHD116A_150_14_13	VUHD116A	VUHD116	fold_1	epithelial_transitional	POOLED	1.4223187116758	2.381585264689461	1.8049074265906535	1.8413843878763632	2.1845645230916477	2.180837478106568	2.433100570643428	2.3815958299768485	2.229199504754964	2.2813574730294026	2.2717351681226066	2.381604399488807	-0.4190656762005631	-0.021265561876162464
VUHD116A_150_14_14	VUHD116A	VUHD116	fold_1	epithelial_transitional	POOLED	2.07799625756258	2.3815840843042646	1.7803152993074112	1.705540592801971	1.9168225166114277	1.8940471100104268	2.5635045990866465	2.381593570885732	2.108704554869184	2.0482660371585135	2.1532061719678572	2.1495968672983423	0.372455664760609	-0.25832180286011497
VUHD116A_150_14_15	VUHD116A	VUHD116	fold_1	epithelial_transitional	POOLED	1.34162325142431	2.3815829039190684	1.7626633605143538	1.672435292055292	2.1780712076363242	2.1753519664010867	2.4610792360867833	2.3815913117946157	2.0324476765453587	2.2057168869121337	2.0809583551057407	2.309807101269809	-0.330812040630982	0.07182328077788752
VUHD116A_150_14_17	VUHD116A	VUHD116	fold_1	epithelial_transitional	POOLED	1.87120117590937	2.381580543148676	1.8368709050640057	1.8678288622182757	1.9845733358076554	1.9462720484594225	2.396075452694903	2.381586793612383	2.0655908944662347	1.985710355909367	2.0935893964620598	2.0337384814416235	0.003372313691094364	-0.2112062943282244
VUHD116A_150_14_6	VUHD116A	VUHD116	fold_1	epithelial_transitional	POOLED	2.03594352216003	2.3815935273858346	1.708379347731778	1.7540099751034048	1.906207255355141	1.847232092512739	2.481837943858468	2.3816116436146637	2.033538253314345	2.1384324173027647	2.0835587736842527	2.229273944117473	0.2819335470566251	-0.28811743550710156
VUHD116A_150_14_9	VUHD116A	VUHD116	fold_1	epithelial_transitional	POOLED	1.60920675255727	2.381589986230246	2.0918019238239918	2.039409115543759	2.3957787577101417	2.3772579348298333	2.5129324533543476	2.3816048663413145	2.2575905251417576	2.352382873251684	2.280413485686137	2.400936088335467	-0.43020236298648906	0.11084308309977176
VUHD116A_150_15_13	VUHD116A	VUHD116	fold_1	epithelial_transitional	POOLED	1.34095594335654	2.381585712700428	1.9327404853545456	2.067962031419814	2.4054248805517484	2.399163940944443	2.4737626624171707	2.3815967973166456	2.2612419808052406	2.3881890618584967	2.2663022489698736	2.3998507240015954	-0.727006088063274	0.1262664194341555
VUHD116A_150_15_14	VUHD116A	VUHD116	fold_1	epithelial_transitional	POOLED	1.68203769531049	2.3815845323152316	1.8828877382716849	1.7683646176104926	2.120723896311823	2.0853179167312996	2.534866047592997	2.3815945382255292	2.05061953549756	2.168888614615908	2.083836582901681	2.2421796775245464	-0.0863269223000025	-0.03287872537852304
VUHD116A_150_15_7	VUHD116A	VUHD116	fold_1	epithelial_transitional	POOLED	2.48646929731338	2.381592795011606	1.9484926644491092	1.845443997570341	2.1197060709183346	2.088101843229383	2.506795571404748	2.381610351863344	1.9969871247396394	2.1723311946592148	2.045313624920575	2.2782748876249412	0.6410252997430392	-0.13936971798204134
VUHD116A_150_15_8	VUHD116A	VUHD116	fold_1	epithelial_transitional	POOLED	1.98354792701984	2.3815916146264096	1.7919386376010333	1.8859046317556585	2.120325676768514	2.136512183501742	2.443343514320545	2.3816080927722276	2.0459838612009524	2.210718708499794	2.0689262237256254	2.250022348674302	0.09764329526418147	-0.13721214692133132
VUHD116A_150_15_9	VUHD116A	VUHD116	fold_1	epithelial_transitional	POOLED	1.96634801661479	2.3815904342412133	1.8533562420544034	1.8691570891780285	2.1090222840662065	2.1313544129868798	2.5037395299064986	2.3816058336811112	2.105555850330974	1.9561067901559404	2.1144028279978255	1.9674212536186104	0.0971909274367615	-0.09808830692642126
VUHD116A_150_16_11	VUHD116A	VUHD116	fold_1	epithelial_transitional	POOLED	1.75425545480025	2.381588521481788	1.9876575484769314	1.7838592943584408	2.2302388115776393	2.23604055842055	2.301150229342246	2.3816022828386756	2.24988884425552	2.3881829776006933	2.283410072968897	2.464794702480036	-0.029603839558190792	-0.033083567735056954
VUHD116A_150_3_10	VUHD116A	VUHD116	fold_1	epithelial_transitional	POOLED	1.28724516880619	2.3815838777244087	1.6021792975306919	1.6927345660076525	2.4713313732432463	2.379366803202727	2.5160597163336837	2.3815919665124303	2.3975833410644696	2.2151836120803794	2.475101439882011	2.344983751118444	-0.4054893972014624	0.21417454799149008
VUHD116A_150_3_11	VUHD116A	VUHD116	fold_1	epithelial_transitional	POOLED	1.73206682175595	2.3815826973392125	2.010164453506765	1.8448922158345455	1.9413805645340099	1.8697685633847914	2.4333390117181715	2.381589707421314	1.9130635997173124	2.1959535141147315	1.9655034400399949	2.3088977703475537	-0.11282539407859549	-0.25957239780618296
VUHD116A_150_3_12	VUHD116A	VUHD116	fold_1	epithelial_transitional	POOLED	1.69390087413441	2.381581516954016	1.7582875532705247	1.770510500203385	1.8779125837573576	1.8131793754267604	2.480788645599925	2.3815874483301975	2.02874975792293	1.8320509861107712	2.0847401019387823	1.9050291445654903	-0.07660962606897503	-0.29250888675404585
VUHD116A_150_4_10	VUHD116A	VUHD116	fold_1	epithelial_transitional	POOLED	1.9707677217667	2.381584325735376	1.5834185398557632	1.7807905468963154	2.2431252021483132	2.1762764947358417	2.570360850514423	2.3815929338522275	1.9863848187398134	1.8959530054771643	2.031953765321838	2.007514894057317	0.18997717487038446	0.01023123376985855
VUHD116A_150_4_2	VUHD116A	VUHD116	fold_1	epithelial_transitional	POOLED	2.11752764185291	2.381593768816946	2.3388051881677514	2.504242709909241	2.3423739417763274	2.3965562680661296	2.6099235110091943	2.3816110065811587	2.744096597915294	2.841988106195665	2.7164208052437795	2.7789902041854804	-0.38671506805633094	-0.07662115137133982
VUHD116A_150_4_3	VUHD116A	VUHD116	fold_1	epithelial_transitional	POOLED	1.61452113044148	2.38159258843175	2.002613405475925	1.9578200538657091	2.086666149519072	2.0393784655391394	2.4882789455846606	2.3816087474900423	2.159972877739524	2.15639505160471	2.1773495016690023	2.196178832242529	-0.3432989234242292	-0.15196007199421344
VUHD116A_150_4_5	VUHD116A	VUHD116	fold_1	epithelial_transitional	POOLED	1.1702145921758	2.3815902276613574	2.0200424342288037	2.036476838836114	2.112457990900391	2.10669689654901	2.535482335947845	2.3816042293078095	2.3057844733204425	2.4908343244167	2.3375934056029926	2.5590648974766657	-0.8662622466603138	-0.2816405964652936
VUHD116A_150_4_7	VUHD116A	VUHD116	fold_1	epithelial_transitional	POOLED	1.81689046150682	2.381587866890965	1.760885432789911	1.8677491811809586	2.314688308020699	2.3196511130393938	2.5341197151997488	2.3815997111255767	2.2205687950129693	2.1177969037188555	2.2351952882195922	2.178260262219214	-0.050858719674138575	-0.013732500806132511
VUHD116A_150_5_14	VUHD116A	VUHD116	fold_1	epithelial_transitional	POOLED	1.96418975997654	2.381580052205558	2.0582158613152712	2.0232686315339086	2.1563419238363295	2.156544217408918	2.5428710456576855	2.381584864827559	2.251231157017496	2.3286672915319184	2.262010635379219	2.3356295754050147	-0.05907887155736846	-0.05594683064398969
VUHD116A_150_5_16	VUHD116A	VUHD116	fold_1	epithelial_transitional	POOLED	2.04266005356465	2.3815776914351656	1.8210474316617535	1.8349995739231928	2.3684150222030715	2.3026465437058676	2.4961548390062114	2.381580346645326	2.2400716436925863	2.256955432871151	2.2940846477617027	2.350252284444143	0.2076604796414574	0.108458160528627
VUHD116A_150_5_2	VUHD116A	VUHD116	fold_1	epithelial_transitional	POOLED	2.63161053904743	2.3815942168279136	2.535684551471651	2.2931169262739575	2.655616645290583	2.6279941128992035	2.6331283747706293	2.381611973920956	2.7699026518775467	2.6877462021144827	2.8205035867303847	2.7810274370382175	0.33849361277347256	0.08422639774022106
VUHD116A_150_5_3	VUHD116A	VUHD116	fold_1	epithelial_transitional	POOLED	1.95445519401991	2.3815930364427174	2.5322897711207193	2.3611831678161352	2.4493312613948195	2.458994955917225	2.6771258445594963	2.3816097148298394	2.574723625679229	2.7123546135517693	2.5884787764217037	2.7567791457294852	-0.4067279737962253	-0.015902523553195387
VUHD116A_150_5_7	VUHD116A	VUHD116	fold_1	epithelial_transitional	POOLED	2.01359483470406	2.381588314901932	1.8767010956035417	1.8204294629537552	2.182822230297664	2.1597617103841658	2.5837810212508567	2.381600678465374	2.0044667224444526	2.105842173105418	2.029881379042539	2.1708927096060378	0.1931653717503048	-0.10705545797290995
VUHD116A_150_5_8	VUHD116A	VUHD116	fold_1	epithelial_transitional	POOLED	1.67182332000426	2.3815871345167356	1.8031609011378142	1.9277810900776842	2.2936886331685176	2.257642627362113	2.5314788118857834	2.3815984193742574	2.405169921432366	2.2394919691144315	2.4598067417294094	2.32558358564811	-0.25595777007342413	-0.032557453746236996
VUHD116A_150_6_10	VUHD116A	VUHD116	fold_1	epithelial_transitional	POOLED	2.32331040458792	2.3815852217573106	1.870009087366883	1.7389345032176364	1.8951037374344413	1.855128725785114	2.4928111892007734	2.3815948685318213	2.14966191770343	1.9587285397313055	2.187921387013512	2.0341013283919946	0.5843759013702834	-0.3077960567427971
VUHD116A_150_6_11	VUHD116A	VUHD116	fold_1	epithelial_transitional	POOLED	1.81042414208233	2.3815840413721143	1.6057754506832813	1.616521490498334	2.0035725810441045	1.8895065363774974	2.4749521311684366	2.381592609440705	2.1667368000528073	1.87962877245545	2.2581232691453152	2.033063010727063	0.1939026515839959	-0.2921403943887179
VUHD116A_150_6_12	VUHD116A	VUHD116	fold_1	epithelial_transitional	POOLED	1.54179215433531	2.381582860986918	1.7920762406213444	1.7259831331738151	2.177569937177796	2.105739629884335	2.5131960346558606	2.3815903503495885	2.1217188610921873	2.182475365028621	2.195829065741597	2.297666589204045	-0.18419097883850521	-0.09231139872305821
VUHD116A_150_6_4	VUHD116A	VUHD116	fold_1	epithelial_transitional	POOLED	2.33529346011236	2.381592304068488	1.890721651009828	1.8536386641723002	2.3071257665373595	2.2952480988043837	2.468361707960431	2.38160842307852	2.172236233712675	2.51506924648324	2.2048319925834465	2.5866303916189453	0.48165479594005967	0.03839182618616763
VUHD116A_150_7_15	VUHD116A	VUHD116	fold_1	epithelial_transitional	POOLED	2.01375722198915	2.3815797678422967	1.9675935497418737	1.9884543702751458	2.4695394517861793	2.4416746208221105	2.5135581904341633	2.3815845404160365	2.355912177669687	2.4916035611314755	2.374161329173568	2.542175481349694	0.02530285171400437	0.25688638865891134
VUHD116A_150_7_18	VUHD116A	VUHD116	fold_1	epithelial_transitional	POOLED	1.82190041897254	2.381576226686708	1.7619485988918893	1.5209044481352922	2.0371125456925854	1.9227221750961825	2.4981709863935517	2.3815777631426873	2.0082538320542294	2.2298283485482333	2.0706639443207395	2.3559879926554923	0.30099597083724783	-0.18788272999144393
VUHD116A_150_8_14	VUHD116A	VUHD116	fold_1	epithelial_transitional	POOLED	1.49819489295355	2.3815813962384604	1.9347118740791251	1.7788302450140088	2.2003531145658908	2.1747663933047	2.6091640703121404	2.38158776684695	2.239445722861168	2.4138981652986673	2.280888215760188	2.5003166588946546	-0.28063535206045875	-0.04427042935978019
VUHD116A_150_8_15	VUHD116A	VUHD116	fold_1	epithelial_transitional	POOLED	1.93888464255092	2.381580215853264	1.8101981432045198	1.9846095138304276	2.214399764197764	2.206125614638561	2.4585857086656002	2.3815855077558337	2.444897735653134	2.249917541816835	2.4447254258674507	2.267117767458058	-0.04572487127950753	-0.0019591588015260442
VUHD116A_150_9_14	VUHD116A	VUHD116	fold_1	epithelial_transitional	POOLED	1.84942991329805	2.381581844249428	1.8777699763361877	1.9793709368769825	2.271931309658999	2.2804437594439055	2.605570268636511	2.381588734186747	2.0625556227223134	2.1419078230969455	2.074769582430306	2.1759257629299973	-0.12994102357893245	0.032489291286843705
VUHD116A_150_9_19	VUHD116A	VUHD116	fold_1	epithelial_transitional	POOLED	1.46708994978994	2.381575942323446	1.8654207530500384	1.4767823582619668	2.147641822280308	2.0137906623046224	2.4203084953873706	2.381577438731165	1.9982498901098205	2.0475376906997806	2.0680110724529155	2.204304044048274	-0.009692408472026903	-0.05934260674839278
VUHD116B_150_10_11	VUHD116B	VUHD116	fold_1	epithelial_transitional	POOLED	1.4569215207165	2.3815805928500873	1.8929579665628107	1.6972900718099573	2.1012637526081703	2.0163215863484267	2.6353436193072866	2.3815988827508923	2.20969256731141	1.9577449852984488	2.28538376088435	2.0953992801733365	-0.24036855109345723	-0.1825551063287237
VUHD116B_150_10_12	VUHD116B	VUHD116	fold_1	epithelial_transitional	POOLED	1.3931696397539	2.381579024358094	1.6401566903959743	1.73206294553334	1.7850704189431046	1.7415379812273584	2.775488050266605	2.3815962356619234	1.9691952304412903	1.5389181732702375	2.019785308148002	1.5729158327366193	-0.3388933057794401	-0.4249004711540547
VUHD116B_150_10_13	VUHD116B	VUHD116	fold_1	epithelial_transitional	POOLED	1.38324814383448	2.381577455866101	1.8511127870793587	1.8077534044301513	1.938985887283669	1.8915009381232237	2.7509533361510345	2.3815935885729544	2.1230619945345817	1.8433852310555894	2.1579897555796865	1.912879503132403	-0.4245052605956714	-0.36634560256317444
VUHD116B_150_10_14	VUHD116B	VUHD116	fold_1	epithelial_transitional	POOLED	1.72814620466877	2.3815758873741077	2.1884290811711	2.018457988885645	2.268647589052344	2.226819955257637	2.93108216886209	2.381590941483986	2.3673493273638426	2.1154640480848728	2.3928057670062213	2.1541031448461947	-0.2903117842168752	-0.014764736184864758
VUHD116B_150_10_4	VUHD116B	VUHD116	fold_1	epithelial_transitional	POOLED	2.18020296698767	2.38159157229404	1.7878609621927408	1.7692885563744125	1.9145796338867336	1.8778911548275734	2.580447202296923	2.3816174123736737	2.1931038499180913	1.8022586760029655	2.242962161266321	1.8787197980797101	0.4109144106132574	-0.2930295863180375
VUHD116B_150_10_9	VUHD116B	VUHD116	fold_1	epithelial_transitional	POOLED	1.29493640940829	2.381583729834074	1.5875022744204776	1.539837818557845	1.9905982251220966	1.908090481426433	2.5412837382260327	2.3816041769288296	2.215528545085695	1.8115315597757706	2.279493322850838	1.9206943401165104	-0.24490140914955494	-0.277779525593306
VUHD116B_150_11_11	VUHD116B	VUHD116	fold_1	epithelial_transitional	POOLED	1.09263324588904	2.38158096682889	1.5539199001667336	1.6322720640677018	2.2643788218509227	2.169682066386935	2.7220501016676466	2.3815997760685135	2.252494471732113	1.7992166787118582	2.330565563309473	1.907945826786155	-0.5396388181786618	-0.09747408581035771
VUHD116B_150_11_12	VUHD116B	VUHD116	fold_1	epithelial_transitional	POOLED	1.38795701191945	2.3815793983368967	1.9755901762012316	1.7511349231818396	2.232161198052758	2.1691567617138876	2.815936523741816	2.3815971289795446	2.0074493637505277	1.7519477456276955	2.077109405793235	1.8538679737382542	-0.36317791126238963	-0.07246919042004635
VUHD116B_150_11_13	VUHD116B	VUHD116	fold_1	epithelial_transitional	POOLED	1.71982924852565	2.3815778298449035	1.7423037971079842	1.8674410181679366	2.108111445008002	2.0726704537434237	2.740149814635728	2.3815944818905757	1.944877721239025	1.8851588947697033	1.9703473123894506	1.9300115164768787	-0.14761176964228673	-0.2471933502175063
VUHD116B_150_11_14	VUHD116B	VUHD116	fold_1	epithelial_transitional	POOLED	1.55688700339696	2.3815762613529103	1.7894940229337943	1.9068545705942	2.2137581356887774	2.1675722649421276	2.8583559366747266	2.3815918348016067	2.242928973280733	1.828978151720184	2.2813849914889928	1.862419350914235	-0.34996756719724	-0.037849278518895024
VUHD116B_150_11_15	VUHD116B	VUHD116	fold_1	epithelial_transitional	POOLED	1.69153625946162	2.3815746928609167	2.344213528909264	2.1839548953011225	2.2152442018570695	2.2191069406258173	2.876273631729987	2.3815891877126383	2.395890934248195	2.193699292888644	2.386244990660571	2.171994413625432	-0.4924186358395026	0.0031410536286204504
VUHD116B_150_11_4	VUHD116B	VUHD116	fold_1	epithelial_transitional	POOLED	2.02323839826035	2.3815919462728425	2.010271134743896	1.9035639345116673	2.241147400846537	2.194528430571869	2.5367163554836862	2.381618305691295	2.3338107243350157	2.3020088020902274	2.403785333267401	2.4208130449332668	0.11967446374868285	-0.14838625337959452
VUHD116B_150_11_7	VUHD116B	VUHD116	fold_1	epithelial_transitional	POOLED	1.22022125242761	2.381587240796863	1.9203214321180586	1.837721751926519	2.008090686367514	1.9363639275778333	2.681406857595481	2.3816103644243882	2.17247493543346	1.782558313074907	2.2257812513071698	1.8772724941493286	-0.6175004994989091	-0.3173056717575484
VUHD116B_150_11_9	VUHD116B	VUHD116	fold_1	epithelial_transitional	POOLED	1.58718575191189	2.381584103812876	1.42743472200904	1.5216784386196869	2.080989871245085	2.0076939297408773	2.5653418930212704	2.381605070246451	2.0905390026115183	2.175310982371548	2.159034042571508	2.3062069674826824	0.06550731329220305	-0.2200659168031528
VUHD116B_150_12_11	VUHD116B	VUHD116	fold_1	epithelial_transitional	POOLED	0.992827611412766	2.3815813408076925	1.8373509825684722	1.784420975756352	2.1267817124027206	2.036088653850929	2.663997330118756	2.3816006693861342	2.1218878925086333	1.6976337958479761	2.186082954578603	1.7983477093385023	-0.7915933643435861	-0.24837482264346014
VUHD116B_150_12_12	VUHD116B	VUHD116	fold_1	epithelial_transitional	POOLED	1.36857621120844	2.3815797723156993	1.827625819631518	1.8741697323362252	2.0275424236399573	1.9742992395276286	2.7574848845418427	2.3815980222971658	2.262579259340148	1.8660581808465804	2.308686358414208	1.9317640933725513	-0.5055935211277851	-0.22795144261730857
VUHD116B_150_12_14	VUHD116B	VUHD116	fold_1	epithelial_transitional	POOLED	1.96032749417727	2.3815766353317125	2.119010756855576	2.203677704361259	2.419361718553987	2.4229810204867284	2.7169541662778753	2.381592728119228	2.4770414871523054	2.051906013473499	2.4662066105013714	2.0160069939297807	-0.24335021018398906	0.07188606078589804
VUHD116B_150_12_6	VUHD116B	VUHD116	fold_1	epithelial_transitional	POOLED	1.41654302791056	2.381589183267659	1.8339001205360184	1.8596131724575378	1.9366780671393	1.8961079212316525	2.562221243992222	2.3816139048309783	2.017823641253938	1.7291095112687276	2.0727402154596235	1.7947101320199255	-0.4430701445469778	-0.32396797073114164
VUHD116B_150_12_7	VUHD116B	VUHD116	fold_1	epithelial_transitional	POOLED	1.35638223994138	2.381587614775665	1.9120107743626795	1.9062588631016693	1.8663493815015375	1.8321288057336034	2.671890553339829	2.3816112577420094	2.1510114759932164	1.6360157663815058	2.198082928051724	1.7050938889979104	-0.5498766231602892	-0.40906639458825067
VUHD116B_150_12_9	VUHD116B	VUHD116	fold_1	epithelial_transitional	POOLED	1.2030349456291	2.381584477791679	1.8752014320926735	1.7712321754737057	2.1769724511894655	2.1808795815928548	2.5080415404057947	2.381605963564072	2.1106169004152098	1.970420415260457	2.1466257120927033	2.0319288073955226	-0.5681972298446056	-0.15451632942308477
VUHD116B_150_13_10	VUHD116B	VUHD116	fold_1	epithelial_transitional	POOLED	1.17601118258423	2.3815832832784882	1.777176067510117	1.769814039631782	1.8738848286084944	1.855480423609627	2.6245278866917494	2.3816042097927244	2.0789438194090026	1.665311450426314	2.130139288016568	1.718176634075843	-0.593802857047552	-0.35520048341328725
VUHD116B_150_13_11	VUHD116B	VUHD116	fold_1	epithelial_transitional	POOLED	1.21616340132608	2.381581714786495	1.7087428777737217	1.7307131569798746	1.8831024679098212	1.8354222131199425	2.6895929763489574	2.3816015627037554	2.0809979167615658	1.7366818127951036	2.1542193678473494	1.8436272873891997	-0.5145497556537946	-0.3589683605208451
VUHD116B_150_13_12	VUHD116B	VUHD116	fold_1	epithelial_transitional	POOLED	1.36104453023127	2.3815801462945014	1.9500026534321169	1.8224261697378368	1.9709113725721121	1.885484000588033	2.776955129815554	2.381598915614787	2.1863027249669296	1.729052366266212	2.2436759334852843	1.8137847404931133	-0.46138163950656685	-0.40005943009464795
VUHD116B_150_13_8	VUHD116B	VUHD116	fold_1	epithelial_transitional	POOLED	1.67283198761782	2.3815864202624746	1.9457652822029219	1.8054037126190012	1.7649978754986422	1.7351976437099697	2.654663000635269	2.3816095039706617	2.1987411429148747	1.5731412633843376	2.258789284506051	1.6494583719211995	-0.1325717250011813	-0.3369103198453185
VUHD116B_150_13_9	VUHD116B	VUHD116	fold_1	epithelial_transitional	POOLED	1.82189500272233	2.3815848517704814	1.82063696822149	1.9007304499488846	1.8795996807594757	1.8522336159764086	2.556562251338809	2.3816068568816933	2.0698128594720617	1.8905283515698872	2.1067850697716795	1.947196773925674	-0.07883544722655467	-0.2914439048260433
VUHD116B_150_14_10	VUHD116B	VUHD116	fold_1	epithelial_transitional	POOLED	1.40600092582184	2.3815836572572904	1.7547875662883707	1.7800816546294946	1.8779225461010056	1.854862349170916	2.5610667441024244	2.3816051031103456	1.9554984086341216	1.6312528211877888	2.0019807566813443	1.6890716260323275	-0.37408072880765464	-0.3977991616741605
VUHD116B_150_14_11	VUHD116B	VUHD116	fold_1	epithelial_transitional	POOLED	1.21017562505247	2.381582088765297	1.7706008235855941	1.6935808770744576	1.962816946870355	1.8863046979160853	2.660231766611706	2.3816024560213767	2.1223765675103494	1.6591545724541426	2.1953679942752875	1.763259657831115	-0.4834052520219876	-0.32525630860702875
VUHD116B_150_14_12	VUHD116B	VUHD116	fold_1	epithelial_transitional	POOLED	1.52501529351726	2.381580520273304	1.678194787989744	1.7727799524805312	2.0626819466494455	1.9950322061617145	2.6697589807416118	2.3815998089324077	2.145210657624239	2.0533751368598536	2.2010193767850077	2.152222613723839	-0.24776465896327116	-0.30505357103288533
VUHD116B_150_14_13	VUHD116B	VUHD116	fold_1	epithelial_transitional	POOLED	1.42535286328471	2.381578951781311	2.1140213362978733	2.0538879228377325	1.9176112470518336	1.8812262409741392	2.8279054110552506	2.3815971618434393	2.0777844780271058	1.9258770122587556	2.1089328171323096	1.9444642705442654	-0.6285350595530226	-0.49912923048378377
VUHD116B_150_14_6	VUHD116B	VUHD116	fold_1	epithelial_transitional	POOLED	1.72952313738724	2.3815899312252635	1.6807419118314084	1.6619217878450319	1.7703398849913712	1.6857148826186645	2.5252479001280146	2.3816156914662208	1.8983978466609415	1.8100662831006447	1.9709084438002655	1.9321439101785742	0.06760134954220809	-0.5133454544050694
VUHD116B_150_14_9	VUHD116B	VUHD116	fold_1	epithelial_transitional	POOLED	1.4631326236588	2.381585225749284	1.9075082586118757	1.7425853299586034	2.0299458061930005	1.9794112865646123	2.5163878443763092	2.3816077501993145	2.2034601288313884	1.8483925801127112	2.2595036933451804	1.9259579425125224	-0.27945270629980334	-0.23506282883940677
VUHD116B_150_15_10	VUHD116B	VUHD116	fold_1	epithelial_transitional	POOLED	1.34667317621272	2.381584031236093	1.9173321821834266	1.9121961944184798	2.024514138550344	1.9772410207308333	2.6376532382990976	2.3816059964279668	2.122259686783198	1.8382599389501073	2.1694261629213276	1.8915920384900633	-0.5655230182057598	-0.24168709629225346
VUHD116B_150_15_11	VUHD116B	VUHD116	fold_1	epithelial_transitional	POOLED	1.21072956349773	2.3815824627441	1.782711036055629	1.7489834022874682	1.9340306951264532	1.8698210775430555	2.6562270699101087	2.381603349338998	2.126978317623188	1.6298497755673462	2.1949172702674318	1.7492010039298278	-0.5382538387897382	-0.36596970198564494
VUHD116B_150_15_13	VUHD116B	VUHD116	fold_1	epithelial_transitional	POOLED	1.43695529806117	2.3815793257601134	1.999547895354633	2.066786842287015	2.2715690610608616	2.238231242206755	2.715910421353921	2.3815980551610605	2.1475127420159854	2.1847749402500036	2.18424459966028	2.2450167458053425	-0.6298315442258449	-0.1281194283258427
VUHD116B_150_15_9	VUHD116B	VUHD116	fold_1	epithelial_transitional	POOLED	1.8636343017071	2.381585599728086	2.0231855290918275	1.946090564839112	2.037829930490852	1.9702188506209106	2.602459725206107	2.3816086435169352	2.3705259626261967	1.880384430858787	2.4334247801912596	2.006113312923883	-0.08245626313201204	-0.37562913198825276
VUHD116B_150_16_10	VUHD116B	VUHD116	fold_1	epithelial_transitional	POOLED	1.55533672844364	2.3815844052148956	2.2795921871990004	2.1535634987732397	2.1819290437184353	2.1595628356537637	2.74201857212014	2.381606889745588	2.2513397857394097	2.209217750664294	2.276072153305915	2.2624176090412442	-0.5982267703295998	-0.18622490883834433
VUHD116B_150_16_11	VUHD116B	VUHD116	fold_1	epithelial_transitional	POOLED	1.3811887657515	2.3815828367229024	2.090671160583796	2.070937907766035	2.0295099710531135	2.019377075544376	2.73061648421118	2.381604242656619	2.3770304505481854	1.736328032186188	2.4111489583152252	1.7867906148155082	-0.689749142014535	-0.25298787438770626
VUHD116B_150_16_12	VUHD116B	VUHD116	fold_1	epithelial_transitional	POOLED	1.8172194302005	2.381581268230909	2.1460179030250504	2.001113534866313	2.1925445774726064	2.14469679086114	2.6537228111661673	2.38160159556765	2.199329150422821	2.0241814654999875	2.2462850649928012	2.102933429063836	-0.18389410466581313	-0.1735382728296255
VUHD116B_150_16_13	VUHD116B	VUHD116	fold_1	epithelial_transitional	POOLED	1.06391777108291	2.381579699738916	1.9992452874006095	2.0288756839408495	2.2455736960292434	2.222458952348557	2.835406123248574	2.3815989484786813	2.14510277722428	1.8364689264479637	2.1777809651569333	1.8697025937535436	-0.9649579128579395	-0.12762280600557424
VUHD116B_150_16_4	VUHD116B	VUHD116	fold_1	epithelial_transitional	POOLED	1.3595213344436	2.381593816166855	1.7513476499563447	1.7046177509121816	2.0478190776869862	1.9874210876847658	2.470619330349389	2.3816227722794006	1.9864864429688414	1.607430227477578	2.0585637480981687	1.7169238281392487	-0.3450964164685817	-0.36822834021463724
VUHD116B_150_16_5	VUHD116B	VUHD116	fold_1	epithelial_transitional	POOLED	1.57724610129042	2.381592247674862	1.983562544763745	1.9483143902438531	2.0465593364217893	1.9856069856588554	2.4122189827812335	2.3816201251904316	2.2074458841994975	1.7628195724879767	2.271288638857329	1.8865933945086235	-0.37106828895343313	-0.3152198166536205
VUHD116B_150_16_6	VUHD116B	VUHD116	fold_1	epithelial_transitional	POOLED	1.54683799198288	2.3815906791828687	1.956082441281047	2.0528072587120434	2.0316020969878843	2.0270231416964473	2.524896515446229	2.3816174781014627	2.2146100563911593	1.775428255501486	2.2414512913357845	1.8077818732548419	-0.5059692667291633	-0.42405936093167096
VUHD116B_150_17_12	VUHD116B	VUHD116	fold_1	epithelial_transitional	POOLED	1.11035931633301	2.3815816422097114	2.101764851609847	2.1310867746176876	2.146420544455611	2.1154631419857988	2.8164704669225253	2.3816024888852714	2.181976803137386	2.204338557330219	2.2260317552124307	2.2471618647405207	-1.0207274582846775	-0.24553660195269952
VUHD116B_150_17_8	VUHD116B	VUHD116	fold_1	epithelial_transitional	POOLED	1.78033632492046	2.3815879161776845	1.8193687356602188	1.8287399807452498	2.14510967375694	2.092717614224213	2.39109100252647	2.3816130772411466	2.261949216535705	2.1359685392287115	2.3074161521939476	2.2257874254315992	-0.04840365582478978	-0.1468072149723102
VUHD116B_150_18_15	VUHD116B	VUHD116	fold_1	epithelial_transitional	POOLED	1.77040276865364	2.3815773107125344	1.857421872849518	1.7729907763669388	1.9449140830886784	1.9577655527898252	2.436825325774815	2.3815954409359863	2.2867940320620086	1.9331381682009618	2.327670146338734	1.9805523406663117	-0.002588007713298701	-0.2236349932209842
VUHD116B_150_18_16	VUHD116B	VUHD116	fold_1	epithelial_transitional	POOLED	1.60017606871836	2.3815757422205412	1.5573791618370632	1.7562921829934186	2.042189811076763	2.0731723010459637	2.4678545680072097	2.3815927938470174	2.2527372385724207	1.8851214145634643	2.2860310049479162	1.929595028571497	-0.15611611427505867	-0.10738693354151051
VUHD116B_150_18_6	VUHD116B	VUHD116	fold_1	epithelial_transitional	POOLED	1.07697584209139	2.3815914271404734	2.0149626322290732	2.044453084420325	2.267904615934751	2.2401121586659163	2.621262675440504	2.381619264736705	2.3428077886050866	2.3825595151005743	2.3692511885041756	2.4442039007443386	-0.9674772423289348	-0.1878039806773285
VUHD116B_150_19_7	VUHD116B	VUHD116	fold_1	epithelial_transitional	POOLED	1.50824530090936	2.381590232627283	2.096422432256916	1.9438039597147607	2.1313961618622086	2.094197011682894	2.495133619468227	2.3816175109653575	2.1279007300910155	2.186958057103981	2.1648118714051305	2.250540606879377	-0.4355586588054008	-0.20840751723581105
VUHD116B_150_20_12	VUHD116B	VUHD116	fold_1	epithelial_transitional	POOLED	1.55080641938577	2.381582764146119	2.133454895312602	2.044381672485734	2.162545917520743	2.1310058368996354	2.56508215570759	2.3816051688381346	2.271707366735935	1.8327833610735071	2.3249667833764094	1.9174123657804987	-0.4935752530999642	-0.2405968427405666
VUHD116B_150_20_6	VUHD116B	VUHD116	fold_1	epithelial_transitional	POOLED	1.2019801831849	2.3815921750980786	1.8685677307158661	1.861383736386755	1.9771132294256362	1.959977614249261	2.4477908777113813	2.3816210513719476	1.8894097007026793	1.9828883299913855	1.9237530860842693	2.0694127510848905	-0.659403553201855	-0.2774511957962136
VUHD116B_150_20_7	VUHD116B	VUHD116	fold_1	epithelial_transitional	POOLED	1.62805833939672	2.381590606606085	1.742999972635396	1.7722224251601044	1.7139894802989657	1.6834510935624825	2.4099656908766987	2.3816184042829787	1.8853608004180575	1.9017248667411522	1.923767347328503	1.9982251326448288	-0.14416408576338435	-0.48851211406781925
VUHD116B_150_2_10	VUHD116B	VUHD116	fold_1	epithelial_transitional	POOLED	1.68771686602073	2.381579169511661	1.7084096963494524	1.6566030075237115	2.135182553266549	2.13345584126358	2.4115901358445457	2.381594383298892	2.2629091123620544	1.9846333785815247	2.3166073338066653	2.0460661707962555	0.03111385849701853	0.06978455071612677
VUHD116B_150_2_6	VUHD116B	VUHD116	fold_1	epithelial_transitional	POOLED	1.90157704689269	2.3815854434796337	1.7936479383004424	1.8921376223522381	2.1778131460554784	2.1679910104085334	2.5275190495289213	2.381604971654767	2.256794358206785	2.41147960683832	2.2837278993304375	2.465640916665268	0.00943942454045188	-0.06421463388116329
VUHD116B_150_2_7	VUHD116B	VUHD116	fold_1	epithelial_transitional	POOLED	1.50692375772709	2.3815838749876406	1.875030117514361	1.8410610016379518	1.9904353809595037	1.9676211317554442	2.4501578657225624	2.3816023245657982	2.3371236121128973	1.7995331244999822	2.3752066534384615	1.8308519634471105	-0.33413724391086186	-0.34093036104969643
VUHD116B_150_2_8	VUHD116B	VUHD116	fold_1	epithelial_transitional	POOLED	1.49610046543428	2.3815823064956474	1.6988148154694933	1.6785012169106024	2.0100240240543434	1.9800756949203977	2.50679797598813	2.3815996774768293	2.00053005725481	1.821205630762849	2.029374904068493	1.8504082524675756	-0.1824007514763224	-0.11890059234929504
VUHD116B_150_2_9	VUHD116B	VUHD116	fold_1	epithelial_transitional	POOLED	2.28808047637772	2.381580738003654	1.7891452136081454	1.6297155276722854	2.386848233398317	2.342250745455649	2.5156314843630847	2.3815970303878604	2.2253740572116456	2.0484422243669336	2.274814863326642	2.11332577779388	0.6583649487054344	0.23394744182408891
VUHD116B_150_3_10	VUHD116B	VUHD116	fold_1	epithelial_transitional	POOLED	1.49186027464281	2.381579543490463	1.7805884084027113	1.7738893379091534	2.3230161438261976	2.2930125366910157	2.5890685995040115	2.381595276616513	2.255468314479088	2.136851555874725	2.2969571282972576	2.182707084560882	-0.28202906326634336	0.15399089002865776
VUHD116B_150_3_11	VUHD116B	VUHD116	fold_1	epithelial_transitional	POOLED	1.57787355794255	2.38157797499847	1.6935379147936533	1.6891349282368684	2.281809488712124	2.2535734565210896	2.561133792811492	2.3815926295275442	2.144864124378288	2.0674849644320656	2.183657239532398	2.1078160547398492	-0.11126137029431837	0.19478347135609161
VUHD116B_150_3_12	VUHD116B	VUHD116	fold_1	epithelial_transitional	POOLED	1.47179700672662	2.381576406506477	1.5460821943485492	1.6414483143479435	2.1558644417811603	2.095502565286137	2.603041641741715	2.3815899824385753	2.0078415054255006	1.8563127685189336	2.0407646368619377	1.8974005517855623	-0.16965130762132352	0.08231791024708976
VUHD116B_150_3_13	VUHD116B	VUHD116	fold_1	epithelial_transitional	POOLED	2.46973185654534	2.3815748380144837	2.1151030960449306	2.0284783849468817	2.2507445969028033	2.231119853702489	2.631553295734875	2.3815873353496064	2.1539064018121015	1.9819385925804502	2.1716525145133985	1.9947412382900054	0.4412534715984582	-0.02737061120719627
VUHD116B_150_3_4	VUHD116B	VUHD116	fold_1	epithelial_transitional	POOLED	2.36350752579317	2.3815889544424227	2.4732897318343423	2.2750377260976085	2.5018702583380006	2.523674491104473	2.5837190824318066	2.3816111591503257	2.4396090579692076	2.5368125017711	2.441212201381788	2.5482563926753974	0.08846979969556168	0.15801354002837062
VUHD116B_150_3_5	VUHD116B	VUHD116	fold_1	epithelial_transitional	POOLED	2.54889382554441	2.3815873859504295	2.0471822318807416	2.0959680242971137	2.656166072370435	2.631506904012655	2.590891791306257	2.381608512061357	2.6812369062199575	2.564695403272265	2.717273062635897	2.628246328393757	0.4529258012472961	0.1880858536057187
VUHD116B_150_3_6	VUHD116B	VUHD116	fold_1	epithelial_transitional	POOLED	2.54576396896679	2.3815858174584363	2.599989681753207	2.291329260820922	2.566222925535242	2.552423900072403	2.6889634593277583	2.381605864972388	2.797071519162653	2.706373421878458	2.823369594108434	2.7790880304917667	0.254434708145868	0.04988483320017998
VUHD116B_150_3_7	VUHD116B	VUHD116	fold_1	epithelial_transitional	POOLED	1.53119738865914	2.381584248966443	2.076892994283938	1.991295719272117	2.2792376521694258	2.2338365947931895	2.3891002090376956	2.3816032178834194	2.2934719861346227	2.335812059205421	2.3193015656436518	2.406978631247459	-0.4600983306129771	-0.10447903468134534
VUHD116B_150_3_8	VUHD116B	VUHD116	fold_1	epithelial_transitional	POOLED	1.04068873451662	2.38158268047445	1.8334461380405962	1.7974003971214976	2.3708240983236473	2.3471343425251123	2.6089751844414435	2.3816005707944505	2.2592750942870636	1.893362956674288	2.303201289187801	1.9450515186247055	-0.7567116626048775	0.12177678656508323
VUHD116B_150_3_9	VUHD116B	VUHD116	fold_1	epithelial_transitional	POOLED	1.64028688136058	2.3815811119824564	1.8081647025478786	1.7811636152181427	2.4570345287965494	2.3999158694210525	2.735064083104267	2.3815979237054816	2.2446750645116786	2.1883921748948505	2.298137088314161	2.2618014761921215	-0.14087673385756272	0.2560987553298008
VUHD116B_150_4_10	VUHD116B	VUHD116	fold_1	epithelial_transitional	POOLED	2.02933037100243	2.381579917469266	2.427291519728502	2.1874525335448114	2.484371007483743	2.4822664127153202	2.8426926206894283	2.381596169934134	2.4438625616814487	2.2019166154728538	2.470034603631726	2.2799818680890698	-0.15812216254238143	0.16703273619701142
VUHD116B_150_4_11	VUHD116B	VUHD116	fold_1	epithelial_transitional	POOLED	1.64208420843587	2.3815783489772726	1.915479151968571	1.8761687429536118	2.2996428803726183	2.2721142438781583	2.6737254306818317	2.3815935228451655	2.3266084248763446	2.2089197682653663	2.360097540331666	2.2675335693407335	-0.2340845345177418	0.10467581435257761
VUHD116B_150_4_12	VUHD116B	VUHD116	fold_1	epithelial_transitional	POOLED	2.08374349932508	2.3815767804852794	1.697664024825271	1.7008897923708926	2.1791857855983	2.142779443042249	2.539838959590178	2.3815908757561965	2.170894375175794	2.0340215609210643	2.2013936744952933	2.077420827214472	0.3828537069541875	0.07380620299270159
VUHD116B_150_4_13	VUHD116B	VUHD116	fold_1	epithelial_transitional	POOLED	1.82191200947979	2.3815752119932863	2.1440701485524682	2.0843042385338766	2.30264558183334	2.280479524384464	2.750440591889428	2.3815882286672276	2.3446000138808287	2.0485205375075073	2.3527178435081	2.0406679990821557	-0.26239222905408655	0.023975958868307896
VUHD116B_150_4_8	VUHD116B	VUHD116	fold_1	epithelial_transitional	POOLED	1.80586308051565	2.381583054453252	1.6159725117744648	1.6378292373282701	2.331529553070443	2.2815108364444607	2.7168196169728858	2.3816014641120717	2.3071313330594565	2.055123761453215	2.3547555438033334	2.127772177132518	0.1680338431873798	0.04396557150941432
VUHD116B_150_4_9	VUHD116B	VUHD116	fold_1	epithelial_transitional	POOLED	1.58530743785599	2.381581485961259	1.926022977755575	1.9147599952220067	2.2880712976772886	2.276993662575187	2.814886223542299	2.381598817023103	2.348019416130356	2.1161131830203788	2.407402267834463	2.178570747562978	-0.32945255736601675	0.0557038446273438
VUHD116B_150_5_10	VUHD116B	VUHD116	fold_1	epithelial_transitional	POOLED	1.52243349354319	2.3815802914480684	1.9142876946644067	1.9688217362308111	2.3411052515355792	2.3039641247047324	2.732805699501832	2.381597063251755	2.28789959731501	2.3577274456071375	2.315401396284169	2.409105762379753	-0.4463882426876211	0.11950536951401283
VUHD116B_150_5_11	VUHD116B	VUHD116	fold_1	epithelial_transitional	POOLED	1.36945264176478	2.381578722956075	1.7806746756741627	1.7407663489436382	2.426324632495129	2.3738920380387447	2.66762362262549	2.3815944161627867	2.1458400116920813	2.1949624680234225	2.1889178323744694	2.25581981969091	-0.37131370717885814	0.10179652511650168
VUHD116B_150_5_12	VUHD116B	VUHD116	fold_1	epithelial_transitional	POOLED	1.73077971334909	2.3815771544640816	1.7396364223624246	1.7579465375219723	2.2787051053583727	2.2293650706389725	2.6963706933416027	2.3815917690738178	2.040165791041248	1.9841922021172798	2.0764901446570136	2.0334062766176135	-0.027166824172882187	0.003706482458768137
VUHD116B_150_5_13	VUHD116B	VUHD116	fold_1	epithelial_transitional	POOLED	1.77652829023344	2.3815755859720884	2.070327144911168	1.9784946460917507	2.2363448875313883	2.199318848099301	2.7486060085423203	2.381589121984849	2.301801320436311	2.1773681163770315	2.3223813853605884	2.1881750958790085	-0.2019663558583107	-0.061866634258462276
VUHD116B_150_5_14	VUHD116B	VUHD116	fold_1	epithelial_transitional	POOLED	1.9240245088277	2.3815740174800952	2.2118666834197245	2.0341855914518026	2.3493728883496887	2.307281761320669	2.847367502887519	2.38158647489588	2.176622512785311	2.012142997806039	2.1996386885653814	2.0515683283262733	-0.11016108262410262	0.13790598626701386
VUHD116B_150_5_15	VUHD116B	VUHD116	fold_1	epithelial_transitional	POOLED	1.7260811014153	2.381572448988102	1.84624128378874	1.824075850856731	2.3846935729850944	2.338451234798967	2.6602654846682796	2.3815838278069115	2.358444640930279	2.135696179391309	2.386835982039515	2.163420336161691	-0.09799474944143105	0.18628531653870498
VUHD116B_150_5_7	VUHD116B	VUHD116	fold_1	epithelial_transitional	POOLED	1.66975810552453	2.381584996924048	1.6628248362005968	1.7268582019997507	1.8856111101146955	1.876643782323304	2.3733555541507445	2.3816050045186614	2.2286669193689406	1.7059650165409643	2.2689340717058855	1.7514978447579086	-0.05710009647522063	-0.3169317281038908
VUHD116B_150_5_8	VUHD116B	VUHD116	fold_1	epithelial_transitional	POOLED	1.652549621067	2.3815834284320547	1.6470643973968646	1.6747726810817802	2.1107062217237815	2.0342691919458358	2.6930474018309885	2.381602357429693	2.3255010562768295	2.188634887712656	2.3968158646072757	2.317367243581911	-0.022223060014780138	-0.10859826944507125
VUHD116B_150_5_9	VUHD116B	VUHD116	fold_1	epithelial_transitional	POOLED	1.52898243683944	2.3815818599400616	1.8958637645753074	1.843285372342486	2.0564529807435656	2.016371514216444	2.7729215238117515	2.381599710340724	2.283898083708006	2.0908160315422255	2.3287861626402733	2.1737262923629292	-0.314302935503046	-0.14376279172700143
VUHD116B_150_6_10	VUHD116B	VUHD116	fold_1	epithelial_transitional	POOLED	1.49764694154991	2.381580665426871	2.017841223619153	1.8345532303201277	2.368426626865333	2.320247099433607	2.675287886101216	2.3815979565693763	2.204097057166495	2.028585279568927	2.2442856473243538	2.1106315312554806	-0.33690628877021767	0.035307886105456994
VUHD116B_150_6_11	VUHD116B	VUHD116	fold_1	epithelial_transitional	POOLED	1.50089170956543	2.3815790969348773	1.7360523542995114	1.7673359963544484	2.2243616465638785	2.1614100356203267	2.750786295086649	2.3815953094804074	2.2642187052333207	1.902503652212781	2.3134318327748105	1.997625901506612	-0.26644428678901844	0.010762413759650964
VUHD116B_150_6_12	VUHD116B	VUHD116	fold_1	epithelial_transitional	POOLED	1.38881523194518	2.381577528442884	1.7189003608796192	1.6619642001657953	2.221862134095907	2.1343960569020997	2.7421811042502204	2.381592662391439	2.1726918865714424	2.0352824635280253	2.2302128410239095	2.128456043716155	-0.2731489682206152	-0.025742380224477036
VUHD116B_150_6_13	VUHD116B	VUHD116	fold_1	epithelial_transitional	POOLED	1.4257826664739	2.381575959950891	1.6946555752853056	1.70893296032166	2.3252601378212	2.244119447643432	2.81561665751839	2.38159001530247	2.212311719275415	2.030375104230038	2.256095337714479	2.1054128529095193	-0.28315029384776014	-0.033341833827024346
VUHD116B_150_6_14	VUHD116B	VUHD116	fold_1	epithelial_transitional	POOLED	1.75697909207564	2.381574391458898	1.7080198728773919	1.7451094794825739	2.313093119426848	2.22495988560759	2.753799799624049	2.381587368213501	2.2967081926664608	2.23901625535566	2.3306249224537665	2.3034294382869227	0.011869612593066181	0.0975308977468048
VUHD116B_150_6_15	VUHD116B	VUHD116	fold_1	epithelial_transitional	POOLED	1.89410709880756	2.3815728229669046	1.9578187030731495	1.815030526656846	2.4085415534838623	2.3407530132166467	2.7926535074149315	2.3815847211245327	2.2716106488256953	2.061698506759134	2.3045214764434823	2.115691255127316	0.07907657215071384	0.13977709036272956
VUHD116B_150_6_16	VUHD116B	VUHD116	fold_1	epithelial_transitional	POOLED	1.89284213008889	2.3815712544749115	1.7327912711007105	1.7370762906469996	2.3571660947408968	2.2889122009214904	2.6176942469697124	2.3815820740355638	2.26763983733381	2.1244107432074766	2.3181734171806005	2.1726936813819138	0.15576583944189037	0.23542473322304255
VUHD116B_150_6_4	VUHD116B	VUHD116	fold_1	epithelial_transitional	POOLED	1.58027897230271	2.38159007637883	2.0363215061911175	1.8174275960416264	2.445662527094121	2.38708998097057	2.500281013369388	2.381613839103189	2.154849655781709	2.161427795053088	2.191875667093	2.260183757576198	-0.23714862373891643	0.04425954408023804
VUHD116B_150_6_7	VUHD116B	VUHD116	fold_1	epithelial_transitional	POOLED	2.0110368478373	2.3815853709028505	2.185017217923837	2.0694766879188737	2.3693948323761513	2.3578357180648553	2.6602188420536015	2.3816058978362826	2.355647704645138	2.3653231584421825	2.3912984652937745	2.4220525738731498	-0.058439840081573546	-0.04628486552400878
VUHD116B_150_6_8	VUHD116B	VUHD116	fold_1	epithelial_transitional	POOLED	1.59644588772355	2.3815838024108573	1.7894624592471158	1.7582685589861784	2.1842924731396085	2.1438385964188864	2.700758235605184	2.381603250747314	2.3057612108387446	2.1845394001790317	2.354571501529773	2.2772318320736997	-0.1618226712626285	-0.02292795914199649
VUHD116B_150_6_9	VUHD116B	VUHD116	fold_1	epithelial_transitional	POOLED	1.64654928647483	2.381582233918864	1.8772266565971845	1.9002978751189454	2.2799720836334054	2.2474011419498443	2.7830919607864733	2.3816006036583452	2.1557721605506144	1.850217237665472	2.202154968842907	1.930186091489296	-0.25374858864411554	0.03695097511651969
VUHD116B_150_7_1	VUHD116B	VUHD116	fold_1	epithelial_transitional	POOLED	1.62685557642767	2.3815951558336126	2.033163295618581	2.542276092709338	2.108662862268086	2.1868003769601003	2.490323370228009	2.3816226736877164	2.3037474542599368	2.0377918064314193	2.255961318566046	1.9489885214949423	-0.9154205162816682	-0.23905036578156955
VUHD116B_150_7_10	VUHD116B	VUHD116	fold_1	epithelial_transitional	POOLED	1.29210089382422	2.381581039405673	1.702947302846027	1.4960439319856955	2.4427888095860006	2.340917369109068	2.4642815871923593	2.3815988498869975	2.2048500547085492	1.8155292422835319	2.2998067516584033	1.9592072542433632	-0.20394303816147552	0.09795263764987051
VUHD116B_150_7_11	VUHD116B	VUHD116	fold_1	epithelial_transitional	POOLED	1.32230181662386	2.38157947091368	1.8414660561875813	1.701678628650307	1.9994107837693216	1.9363294084684146	2.628819993743572	2.3815962027980286	2.1279118709411575	1.6102676941316394	2.1891569732063347	1.677463015067681	-0.3793768120264469	-0.1445410956836293
VUHD116B_150_7_12	VUHD116B	VUHD116	fold_1	epithelial_transitional	POOLED	1.40497357546254	2.3815779024216868	1.693100286421579	1.686258459018972	2.004325781673905	1.897716856826684	2.7471784575400995	2.38159355570906	2.143622868682453	1.8628609806570546	2.1972709921656364	1.9585753196851896	-0.2812848835564319	-0.1968565649887122
VUHD116B_150_7_13	VUHD116B	VUHD116	fold_1	epithelial_transitional	POOLED	1.50810293026115	2.3815763339296936	1.8201707956796493	1.6873428538821325	2.3200540783030004	2.224062337289422	2.784875042754262	2.3815909086200913	2.105421757088815	1.8894046507716467	2.162484282219441	1.9711807621466892	-0.1792399236209825	0.0401044259603382
VUHD116B_150_7_14	VUHD116B	VUHD116	fold_1	epithelial_transitional	POOLED	1.60917716697521	2.3815747654377004	1.681705130757888	1.6658512797388654	2.3503396950344855	2.2675959808768855	2.722152064015631	2.3815882615311224	2.261713188401735	2.2863038833333205	2.3211576330073913	2.386040026798571	-0.056674112763655415	0.20429656582951752
VUHD116B_150_7_15	VUHD116B	VUHD116	fold_1	epithelial_transitional	POOLED	1.82741974720054	2.381573196945707	1.6526984805586737	1.7103132675212827	2.4564492240361546	2.3814563882634188	2.6263459710881336	2.3815856144421534	2.468932636432875	2.3513982331891286	2.5091855957734994	2.4111355275407504	0.11710647967925736	0.23664405663639063
VUHD116B_150_7_16	VUHD116B	VUHD116	fold_1	epithelial_transitional	POOLED	1.5875578217418	2.3815716284537136	2.1780110788822347	2.0266717893390966	2.46943233607249	2.4598178357752754	2.738747753215495	2.381582967353185	2.3092954616397776	2.2572151381727044	2.3246831466209956	2.2673184696759154	-0.4391139675972966	0.2410677215625133
VUHD116B_150_7_4	VUHD116B	VUHD116	fold_1	epithelial_transitional	POOLED	1.72207028750961	2.3815904503576326	2.0559966225857207	1.9624099678286493	2.277800044021137	2.254585797987979	2.4671829804879497	2.38161473242081	2.388786450377451	2.1932085385670232	2.4296923021384482	2.2661535410898597	-0.24033968031903918	0.04022895829382125
VUHD116B_150_7_5	VUHD116B	VUHD116	fold_1	epithelial_transitional	POOLED	1.69869207706635	2.3815888818656394	1.933615799787531	1.909284777174465	2.3192225581142893	2.269324664903777	2.5758077786380333	2.3816120853318417	2.162601237113677	2.1772762138812167	2.199729564167143	2.2325262716648573	-0.21059270010811493	0.046599504482940445
VUHD116B_150_7_6	VUHD116B	VUHD116	fold_1	epithelial_transitional	POOLED	1.34614270344049	2.3815873133736463	2.1965714032236936	2.0247840335935816	2.1813618759047064	2.1334982034915697	2.5556381465181848	2.3816094382428727	2.337868323727369	2.1861600812339845	2.36974463950695	2.2091031042006324	-0.6786413301530916	-0.2600110096185442
VUHD116B_150_7_9	VUHD116B	VUHD116	fold_1	epithelial_transitional	POOLED	1.2424757136407	2.3815826078976663	1.814680182730594	1.7716868887217787	2.071116615398247	2.0658850226310337	2.546406406986782	2.3816014969759665	2.153201677935142	1.7614832169363512	2.185862050991012	1.7894480474372978	-0.5292111750810786	-0.07784682122117034
VUHD116B_150_8_11	VUHD116B	VUHD116	fold_1	epithelial_transitional	POOLED	1.11074768763217	2.3815798448924825	1.6908836429033625	1.4066885232700086	1.9675611544293183	1.8718589678857562	2.604374646878343	2.38159709611565	2.064157281066387	1.5652121770943235	2.1582848271497346	1.7004785240493328	-0.2959408356378386	-0.2413082888008897
VUHD116B_150_8_12	VUHD116B	VUHD116	fold_1	epithelial_transitional	POOLED	1.16408544187527	2.3815782764004894	1.9032495999442118	1.7544278420274246	2.08639223508892	2.0117991998877613	2.792999699493905	2.381594449026681	2.2721428408740096	1.877300408795933	2.334874242075063	1.9774906881349024	-0.5903424001521547	-0.19702738897699276
VUHD116B_150_8_13	VUHD116B	VUHD116	fold_1	epithelial_transitional	POOLED	1.5293419021872	2.381576707908496	1.7182649712684457	1.7290690218075269	2.161121395476882	2.0591567751768407	2.7703890906376745	2.3815918019377125	2.073714750679292	1.854656771389992	2.1375129307812237	1.949068382770509	-0.19972711962032696	-0.21005733571662435
VUHD116B_150_8_14	VUHD116B	VUHD116	fold_1	epithelial_transitional	POOLED	1.90397086913951	2.3815751394165026	1.865274105281046	1.7643969519146978	2.4265889639642535	2.351279091522472	2.7629650234913616	2.3815891548487436	2.2596204169744	2.0029508122344764	2.302914056282496	2.047232318686273	0.13957391722481227	0.20911434431267598
VUHD116B_150_8_15	VUHD116B	VUHD116	fold_1	epithelial_transitional	POOLED	1.7675643208984	2.3815735709245094	1.9500570223291562	1.9161636245395863	2.57906670048159	2.528542607729135	2.6193830707243735	2.3815865077597747	2.405851735020311	2.3317513515861084	2.440075893225508	2.378786586478629	-0.14859930364118634	0.300976120681011
VUHD116B_150_8_16	VUHD116B	VUHD116	fold_1	epithelial_transitional	POOLED	1.74066602338656	2.381572002432516	2.1331125250276077	2.131821449903583	2.498063299583676	2.4938129030361282	2.6618356386719673	2.381583860670806	2.372698171250554	2.4190685796839033	2.3725654164676095	2.414735377725322	-0.39115542651702273	0.27604131619940797
VUHD116B_150_8_6	VUHD116B	VUHD116	fold_1	epithelial_transitional	POOLED	1.16758165678173	2.381587687352449	2.016122569587227	2.02948758586514	1.9746926494832224	1.91799077121897	2.6277450915103464	2.381610331560494	2.1280783264835064	1.6221227744681253	2.1708061856818994	1.7000485297682548	-0.8619059290834099	-0.36646572522232973
VUHD116B_150_8_8	VUHD116B	VUHD116	fold_1	epithelial_transitional	POOLED	1.58673018174577	2.381584550368462	1.8667899668278871	1.9495806457980134	2.1846768993354804	2.1850988690065942	2.5246768514123885	2.381605037382556	2.2695499523129103	2.1508919829988318	2.273279902186693	2.1671121286479433	-0.3628504640522434	-0.0021087814907817335
VUHD116B_150_8_9	VUHD116B	VUHD116	fold_1	epithelial_transitional	POOLED	1.40462822241736	2.381582981876469	1.9331882619064147	1.4980299857805592	2.2300141681356718	2.1494041608140857	2.5028311389872013	2.3816023902935877	2.039633723426411	2.138294766264387	2.0987066780685337	2.259424576584551	-0.09340176336319916	-0.11271273669723042
VUHD116B_150_9_1	VUHD116B	VUHD116	fold_1	epithelial_transitional	POOLED	1.75481062501971	2.3815959037912173	1.938100868140499	1.7032843124771686	2.0245154890338695	1.9472258094581214	2.5316403141563955	2.381624460322959	2.3878788733262435	2.215558719537139	2.445638411157297	2.319427431481807	0.051526312542541364	-0.23943218729195162
VUHD116B_150_9_11	VUHD116B	VUHD116	fold_1	epithelial_transitional	POOLED	1.63687126326201	2.381580218871285	1.6744690350433087	1.9653705224490512	2.434877374277378	2.4990591142468	2.612223267609906	2.381597989433271	2.204759260769366	2.1950001144949107	2.211459501733949	2.2237510648364593	-0.32849925918704126	0.11009167588650585
VUHD116B_150_9_12	VUHD116B	VUHD116	fold_1	epithelial_transitional	POOLED	1.36003656554568	2.3815786503792915	1.8638252856388018	1.7649833963497188	2.088246399500548	2.034703312134037	2.7880782638055535	2.381595342344302	2.1084695252455425	1.7740701903068712	2.1525804054852102	1.8503280673014189	-0.4049468308040387	-0.17818200545114646
VUHD116B_150_9_13	VUHD116B	VUHD116	fold_1	epithelial_transitional	POOLED	1.58711864933262	2.3815770818872983	1.8841105155848261	1.8487151551508103	2.0130986929117123	1.962351391858783	2.724749492132517	2.3815926952553337	2.064588146953173	1.7864277497829901	2.1038921096873113	1.83134850551917	-0.2615965058181904	-0.30389645648915364
VUHD116B_150_9_15	VUHD116B	VUHD116	fold_1	epithelial_transitional	POOLED	1.90850880181373	2.381573944903312	2.076405869946067	2.0162911198196913	2.5273708989109744	2.5084664029500825	2.809870991239474	2.381587401077396	2.4854508645831386	2.2555380021894824	2.4994992532933664	2.274314304159544	-0.10778231800596139	0.3437849046909849
VUHD116B_150_9_3	VUHD116B	VUHD116	fold_1	epithelial_transitional	POOLED	1.70421472094805	2.381592766807231	1.7542991222056086	1.7521330550339034	2.0755168236686474	2.027044327504335	2.539208357638051	2.3816191661450214	2.0824089101401633	2.080111930167947	2.136740515625641	2.1675973684214087	-0.04791833408585333	-0.21768160146719887
VUHD116B_150_9_4	VUHD116B	VUHD116	fold_1	epithelial_transitional	POOLED	1.23475930577557	2.381591198315238	1.833563639731869	1.7941929761885438	2.2236968977720784	2.191778223797368	2.5669506242321436	2.3816165190560525	2.0355452524769184	2.059371828279512	2.082858720795118	2.174302458425684	-0.5594336704129739	-0.14686258207869066
VUHD116B_150_9_5	VUHD116B	VUHD116	fold_1	epithelial_transitional	POOLED	1.52938790638526	2.381589629823244	1.9653967661231198	1.7983594351992351	2.013546579102368	1.9288491670003582	2.6724707978854103	2.3816138719670836	2.0628998591990997	1.5261663658295315	2.1445986455972155	1.6435597327600044	-0.2689715288139751	-0.23801343984010945
VUHD116B_150_9_6	VUHD116B	VUHD116	fold_1	epithelial_transitional	POOLED	1.15622793955598	2.381588061331251	1.9181553646166896	1.87936372256739	2.1521348326621554	2.103769964929315	2.4992542276288163	2.3816112248781147	2.215280115407433	2.016127174103546	2.2582354322538603	2.0781440379701746	-0.72313578301141	-0.13006190943996648
VUHD116B_150_9_8	VUHD116B	VUHD116	fold_1	epithelial_transitional	POOLED	1.44762174519819	2.3815849243472647	1.9000363900741775	1.7728230826676732	2.3508751605859826	2.33352014236542	2.547591484157115	2.3816059307001773	2.429808214160879	2.416651266429173	2.486834233257604	2.5183115396531117	-0.3252013374694831	-0.10131429716289422
VUILD110LA_150_10_10	VUILD110LA	VUILD110	fold_1	epithelial_transitional	POOLED	2.45981415608004	2.3815899584194886	2.3343530030452717	2.19521555609504	2.1792503329189015	2.2030246986685205	1.926749881520429	2.3815857632407345	2.3322540453314384	2.1843073729190845	2.320224018941768	2.1709676236286963	0.26459859998500024	-0.10204309979243975
VUILD110LA_150_10_23	VUILD110LA	VUILD110	fold_1	epithelial_transitional	POOLED	2.54731208339063	2.3815811560543483	2.509422766796903	2.519833258110025	2.324115775934502	2.2854575766715497	2.089452262356232	2.3815629358620614	2.3065023836211465	2.351747966017339	2.3043601797452724	2.329189686729449	0.02747882528060508	-0.233602072001623
VUILD110LA_150_10_25	VUILD110LA	VUILD110	fold_1	epithelial_transitional	POOLED	3.1649638735184	2.3815798018443264	2.725807086049477	2.504386437363382	2.240966693721657	2.254672926922323	2.2784240690690005	2.38155942395765	2.1787943353222463	1.8068745143385478	2.1469916583149318	1.7609317521943677	0.6605774361550178	-0.2577902257991177
VUILD110LA_150_10_33	VUILD110LA	VUILD110	fold_1	epithelial_transitional	POOLED	1.07657088037196	2.38157438500424	2.2344366759803305	2.222660710966167	1.8940211706818815	1.8970487324434409	2.2663537208965114	2.381545376340005	1.8194982682653176	1.897439426094858	1.8298185375643437	1.9260749384713318	-1.146089830594207	-0.4188631900199094
VUILD110LA_150_10_35	VUILD110LA	VUILD110	fold_1	epithelial_transitional	POOLED	1.04628134696161	2.3815730307942187	2.17713499490005	2.005128017151321	2.001506565816355	1.960751546616355	1.9184646897722242	2.3815418644355937	1.8444617690073901	2.1078740830585017	1.874841612889363	2.1900294572731447	-0.9588466701897109	-0.3537016640008528
VUILD110LA_150_11_22	VUILD110LA	VUILD110	fold_1	epithelial_transitional	POOLED	2.56015462988753	2.38158205832998	2.5051006489277055	2.4409419403228734	2.5193638974163193	2.465377011439166	2.253938095326557	2.3815654363437844	2.447635828754101	2.4779199762895554	2.4739442171502746	2.529900251348243	0.11921268956465658	-0.10535547181969182
VUILD110LA_150_11_25	VUILD110LA	VUILD110	fold_1	epithelial_transitional	POOLED	2.44171586620611	2.381580027014947	2.4105100625877434	2.3686718051413242	2.017781903981505	2.0182544742975845	2.1863790812241586	2.3815601684871677	2.0239200699843822	1.840382127397119	2.021034314542955	1.8495819698367353	0.07304406106478556	-0.29855184251747285
VUILD110LA_150_11_33	VUILD110LA	VUILD110	fold_1	epithelial_transitional	POOLED	1.46244080655369	2.381574610174861	2.229711337091429	2.140775660518131	2.2239211074974947	2.198928969041508	2.1960830495299097	2.3815461208695226	2.120772507171993	2.1120314907227797	2.1516080117361045	2.194268971216982	-0.6783348539644409	-0.27091307226013267
VUILD110LA_150_12_10	VUILD110LA	VUILD110	fold_1	epithelial_transitional	POOLED	2.79218344613698	2.3815904087607302	1.7760736416116258	1.8439430850188125	1.8911896513815147	1.842083528192533	1.8796930545407542	2.3815872522997696	1.8030598292390545	1.6450490095654857	1.8372735635442274	1.672078725405449	0.9482403611181673	-0.2917278214831228
VUILD110LA_150_12_11	VUILD110LA	VUILD110	fold_1	epithelial_transitional	POOLED	3.05608890585651	2.3815897316557195	2.230674674577104	2.108862938150751	2.2731343919072886	2.2284132576528033	2.161011654058897	2.3815854963475642	2.307464413328255	2.135816668874367	2.351117586850651	2.2064737233761127	0.9472259677057591	-0.26599674704990467
VUILD110LA_150_12_12	VUILD110LA	VUILD110	fold_1	epithelial_transitional	POOLED	2.32959029639945	2.3815890545507084	2.222684537884227	2.164968670261484	2.5219870224726804	2.51031723576311	2.1021064060942773	2.381583740395359	2.2071887299444164	1.9334155564475513	2.2445746827336475	1.9914713715420866	0.16462162613796583	0.10939291243191454
VUILD110LA_150_12_22	VUILD110LA	VUILD110	fold_1	epithelial_transitional	POOLED	2.40786232409685	2.3815822835006006	2.45368647121048	2.259691635585999	1.8331980528516298	1.8324139040775587	2.0580327016244313	2.3815661808733024	1.772336530471145	1.8217710463306864	1.7719764754239167	1.8208448519189675	0.1481706885108509	-0.4086231374704402
VUILD110LA_150_12_23	VUILD110LA	VUILD110	fold_1	epithelial_transitional	POOLED	3.05802793715259	2.38158160639559	2.4222731722649256	2.3757947000795454	2.1228102082823392	2.1002231681836165	2.2615574412213992	2.3815644249210965	2.1437517910542674	1.9972218900497865	2.154013376265856	2.0322490371153137	0.6822332370730444	-0.35073870766590065
VUILD110LA_150_12_24	VUILD110LA	VUILD110	fold_1	epithelial_transitional	POOLED	2.43988114672174	2.3815809292905787	2.303311958167033	2.2034724738645632	2.0403330436746425	2.0386876153781053	2.2609643531032866	2.381562668968891	1.8496819790137968	1.7965816198818252	1.856941079234354	1.8435322238348237	0.2364086728571766	-0.3695948442971282
VUILD110LA_150_12_32	VUILD110LA	VUILD110	fold_1	epithelial_transitional	POOLED	1.10409104859153	2.3815755124504925	2.0101550276751023	1.9833347960007894	1.9263873453231526	1.8968677399477367	2.0357721001831814	2.381548621351246	1.9048987301856495	1.9629277226746094	1.9333041298345996	2.074483024742397	-0.8792437474092594	-0.5659342970673635
VUILD110LA_150_12_8	VUILD110LA	VUILD110	fold_1	epithelial_transitional	POOLED	2.73708687589689	2.3815917629707517	1.8923862309662962	1.947100554024877	1.8659646611518093	1.8474756891498074	1.8002726796193183	2.381590764204181	1.8474353755368194	2.028044052430387	1.8766100202487017	2.0800316367720697	0.7899863218720129	-0.3465762363318806
VUILD110LA_150_13_10	VUILD110LA	VUILD110	fold_1	epithelial_transitional	POOLED	3.29505812169116	2.381590633931351	1.9094854565301287	1.86185213042524	2.1083271380853477	2.0807907395784206	1.8676532677573237	2.3815879968292877	2.068686528135254	1.9375548598991612	2.1032575565863603	1.9739674696966252	1.4332059912659199	-0.09463309808378917
VUILD110LA_150_13_12	VUILD110LA	VUILD110	fold_1	epithelial_transitional	POOLED	2.61256867638207	2.381589279721329	2.038589111823252	1.9876471792464325	2.261754472625885	2.2430667227531447	2.198132017179978	2.3815844849248764	2.1023931993001765	1.7029703848358348	2.137464624757912	1.7538755914860762	0.6249214971356374	-0.10313007118916867
VUILD110LA_150_13_13	VUILD110LA	VUILD110	fold_1	epithelial_transitional	POOLED	1.81515811953599	2.3815886026163184	2.0741969465380947	2.0527857638678935	1.7901355722878827	1.7469751414950792	2.1402143374608666	2.3815827289726705	2.044293456947801	1.745953616282868	2.0950084621701146	1.838529955330614	-0.23762764433190342	-0.43129598263297586
VUILD110LA_150_13_17	VUILD110LA	VUILD110	fold_1	epithelial_transitional	POOLED	1.94954667677568	2.3815858941962755	1.9811477537676172	1.895795819662705	1.9012395524333423	1.853443789697886	2.2058086062807085	2.381575705163848	1.9479667512467256	1.9358485098927538	1.9862427644570662	2.006492850209126	0.053750857112975	-0.3880994477493034
VUILD110LA_150_13_22	VUILD110LA	VUILD110	fold_1	epithelial_transitional	POOLED	1.46398400810552	2.3815825086712215	1.979761786972737	2.091953294110852	2.0922942633803467	2.09674487474016	2.1304289903762705	2.38156692540282	1.9699627058688716	2.1344367804276256	1.9656338098404815	2.1250911931920538	-0.6279692860053319	-0.10901789070939343
VUILD110LA_150_13_7	VUILD110LA	VUILD110	fold_1	epithelial_transitional	POOLED	2.47673739647762	2.3815926652463832	1.505478940080681	1.580763404979975	1.3985379565419866	1.3280102457137173	1.7032537607259053	2.3815932646859044	1.455153524921702	1.3909472318630198	1.5126587648062702	1.4488536108353212	0.895973991497645	-0.655368488768063
VUILD110LA_150_14_13	VUILD110LA	VUILD110	fold_1	epithelial_transitional	POOLED	2.90217965166821	2.3815888277869393	1.9734185060463314	1.9213635664252569	2.02781562439066	2.0095035104420123	2.1726661616921636	2.3815834735021886	2.006856178115042	1.937260711461849	2.043751220470212	2.0041737149032017	0.980816085242953	-0.2079156416860309
VUILD110LA_150_14_16	VUILD110LA	VUILD110	fold_1	epithelial_transitional	POOLED	2.4073710412836	2.381586796471907	1.9033814340625221	1.8863037750602818	1.9275185264632375	1.8836667520113444	2.030810607423559	2.3815782056455714	1.906531043775023	1.6677688100940586	1.9442073741152166	1.7125119013809487	0.5210672662233182	-0.37998344157639385
VUILD110LA_150_14_19	VUILD110LA	VUILD110	fold_1	epithelial_transitional	POOLED	2.26598297895652	2.3815847651568745	2.0536897720773646	2.0134680244725343	1.7133385093589855	1.6902341715520168	2.1361192088004213	2.3815729377889547	1.606594246379629	1.528827368375124	1.6346104234328993	1.588510074496568	0.25251495448398575	-0.5255771945097191
VUILD110LA_150_14_26	VUILD110LA	VUILD110	fold_1	epithelial_transitional	POOLED	1.4556825588737	2.381580025421799	2.1612553229886924	2.0924009579768437	2.3201572755093145	2.292420773088649	2.3233236240940056	2.381560646123515	2.2958587710300504	2.015826952713003	2.338976212577034	2.1030525350068303	-0.6367183991031438	-0.18728642753831723
VUILD110LA_150_14_36	VUILD110LA	VUILD110	fold_1	epithelial_transitional	POOLED	1.20871875455221	2.3815732543716908	2.0330464712090737	1.989117462271171	1.9274552204740476	1.9032652641579813	2.10647887202245	2.381543086601459	1.8227460830686621	1.7544285549601812	1.8581395150276319	1.8472350125692238	-0.7803987077189609	-0.5118791990062879
VUILD110LA_150_15_15	VUILD110LA	VUILD110	fold_1	epithelial_transitional	POOLED	2.51818704255444	2.3815876987475386	2.0540747522013505	1.8934660648770172	1.9135339363973884	1.863004243869665	2.1029848119073717	2.381580706127295	1.9889125453985321	1.8143555363448105	2.037793032874405	1.8920383466610362	0.624720977677423	-0.36107522940509157
VUILD110LA_150_15_17	VUILD110LA	VUILD110	fold_1	epithelial_transitional	POOLED	2.1017917899486	2.3815863445375167	1.8921144091745747	1.7290831736255243	2.028452290768451	1.9669480975774427	2.005908764691083	2.3815771942228836	1.8571817507491617	1.8261685438288366	1.9013975587667042	1.9061171882284242	0.3727086163230755	-0.14221625447757028
VUILD110LA_150_15_19	VUILD110LA	VUILD110	fold_1	epithelial_transitional	POOLED	3.78980004769385	2.3815849903274953	2.4980749736577006	2.1371816428237427	2.0551281133543173	2.026530850084913	2.1395233084138914	2.3815736823184723	1.8382043129686618	2.0671350845659577	1.865637339086824	2.1414262294608144	1.6526184048701071	-0.21532118646425033
VUILD110LA_150_15_22	VUILD110LA	VUILD110	fold_1	epithelial_transitional	POOLED	2.22547394012931	2.381582959012463	2.187741085300531	2.0556821836178174	1.5446638162386321	1.5249382223522299	2.069558819398228	2.3815684144618556	1.8840717577146098	1.5563945871715203	1.9107002731424236	1.5855899007038363	0.1697917565114926	-0.658305682030701
VUILD110LA_150_15_26	VUILD110LA	VUILD110	fold_1	epithelial_transitional	POOLED	1.65704874250474	2.3815802505924197	2.2360763963954104	2.121330337394467	2.2127093721262145	2.1853646120045793	2.0355104751040427	2.381561390653033	2.387258501254809	2.298090558281018	2.422524293017702	2.3694332693500217	-0.464281594889727	-0.22795426590586165
VUILD110LA_150_15_29	VUILD110LA	VUILD110	fold_1	epithelial_transitional	POOLED	1.76313364468431	2.381578219277387	2.0333482650566532	1.9099407563450315	1.624621598137939	1.6041579448477314	2.3823929854875194	2.381556122796416	1.9445446157963968	1.7376958862423377	1.9870114122177716	1.9789328168473044	-0.14680711166072147	-0.7270451230338549
VUILD110LA_150_15_30	VUILD110LA	VUILD110	fold_1	epithelial_transitional	POOLED	1.95097809656083	2.3815775421723764	2.088090793298441	2.05022287588232	1.8961464622249486	1.860113260127786	1.9895356203364933	2.3815543668442105	1.9335647359010455	1.6485725370259692	1.970381106219446	1.7608206027976863	-0.09924477932149012	-0.4675684992241944
VUILD110LA_150_15_31	VUILD110LA	VUILD110	fold_1	epithelial_transitional	POOLED	2.15878617578103	2.3815768650673657	2.434322122390925	2.3501442721309656	1.8360193003505298	1.8844744418631758	2.5019246480113444	2.3815526108920047	1.790135966475383	1.8127392465048158	1.7554323921579877	1.7687768088136722	-0.19135809634993572	-0.4301976968733399
VUILD110LA_150_16_24	VUILD110LA	VUILD110	fold_1	epithelial_transitional	POOLED	1.38306358024041	2.381581829973062	2.209501574763937	2.212588605349604	1.9940825102229667	2.0194027828245154	2.498070058115151	2.381565647086962	1.9803088364078494	1.8511296389445946	1.9902306464474382	1.8668095395692994	-0.8295250251091939	-0.25349294362078684
VUILD110LA_150_16_28	VUILD110LA	VUILD110	fold_1	epithelial_transitional	POOLED	2.04227262836903	2.381579121553019	2.1847385249830293	1.9716461279204862	2.0826524769993044	2.0212409736533985	2.0820105110327995	2.3815586232781394	2.03124499927771	2.008322868638623	2.083944799931723	2.1673398880470174	0.07062650044854357	-0.3320104404311336
VUILD110LA_150_16_30	VUILD110LA	VUILD110	fold_1	epithelial_transitional	POOLED	1.49798503276038	2.381577767342997	2.1946021712865598	2.0673290794191663	2.126386680767049	2.0653866946166524	2.035314378531746	2.381555111373728	2.098082504303638	2.0885832024289974	2.1230236680385	2.1905733395005282	-0.5693440466587862	-0.3166836967469311
VUILD110LA_150_16_34	VUILD110LA	VUILD110	fold_1	epithelial_transitional	POOLED	3.27263502314435	2.3815750589229543	2.846578670169371	2.5070206534474377	2.2286072901539677	2.254627383786946	2.3930754844445303	2.3815480875649055	2.181937219754285	2.357940307143798	2.157384033505423	2.347545505105313	0.7656143696969124	-0.23400736118225093
VUILD110LA_150_16_35	VUILD110LA	VUILD110	fold_1	epithelial_transitional	POOLED	1.12306115363167	2.381574381817943	2.1602231278986936	2.16824823599326	1.6596984629869886	1.6658496936234068	2.4154376769850705	2.3815463316127	1.814574033667722	2.2070186582482383	1.8118096950195504	2.2530832921317194	-1.0451870823615903	-0.5593357197418743
VUILD110LA_150_17_15	VUILD110LA	VUILD110	fold_1	epithelial_transitional	POOLED	3.08346242170348	2.3815881490887802	1.6210020385390254	1.5345873039136482	2.2416852015580226	2.166521432280206	2.0501485103251667	2.3815821951863305	1.971739904705315	1.8792168638666347	2.0471766841510957	1.9830012424122039	1.548875117789832	0.01959428544243178
VUILD110LA_150_17_21	VUILD110LA	VUILD110	fold_1	epithelial_transitional	POOLED	3.17206924707649	2.3815840864587154	1.888514655712975	1.863920307770939	1.6806250991267895	1.64488699855439	1.87536860750938	2.3815716594730967	2.049545439937436	1.75148125414227	2.1033953723801844	1.7990299235957954	1.308148939305551	-0.6521679022043001
VUILD110LA_150_17_23	VUILD110LA	VUILD110	fold_1	epithelial_transitional	POOLED	1.95392813541465	2.3815827322486935	2.169631989283785	2.2019603209796457	2.2633635539884494	2.226534959418884	2.247069913059912	2.3815681475686854	2.1019239231120426	2.085256309685293	2.1252392569723835	2.1012051379533454	-0.24803218556499562	-0.17797603926505057
VUILD110LA_150_17_25	VUILD110LA	VUILD110	fold_1	epithelial_transitional	POOLED	1.48191258173859	2.381581378038672	2.1811223513770046	2.2124187050980395	2.0368828847175022	2.0080162492783913	2.276536888999006	2.381564635664274	1.9831981140543673	1.8786149398996959	2.0197936480750815	1.932385184535899	-0.7305061233594494	-0.3659323154823
VUILD110LA_150_17_30	VUILD110LA	VUILD110	fold_1	epithelial_transitional	POOLED	1.9154175351261	2.381577992513618	2.42415001049319	2.322974077049017	2.179696367825643	2.1521624537035984	2.264324617064983	2.381555855903246	2.011691144406807	1.9552493666927104	2.0198621354290895	1.9708715128946814	-0.4075565419229168	-0.28818446307737217
VUILD110LA_150_17_35	VUILD110LA	VUILD110	fold_1	epithelial_transitional	POOLED	1.21179333451768	2.381574606988564	2.4714875632241644	2.2541930839806423	1.8970646299148728	1.9075221379905751	2.3711387300199247	2.3815470761422177	1.8845515558587822	2.066828428466395	1.868965577069487	2.0820165285594663	-1.0423997494629624	-0.45336772698064287
VUILD110LA_150_17_37	VUILD110LA	VUILD110	fold_1	epithelial_transitional	POOLED	2.03058711959348	2.3815732527785425	2.2529862593669225	2.1675165999638644	1.8727112810673239	1.8825409839667056	2.188870914954443	2.3815435642378064	1.8421392716430558	1.876123270820286	1.8469152177020747	1.8894583681142705	-0.13692948037038422	-0.4509520125540588
VUILD110LA_150_17_38	VUILD110LA	VUILD110	fold_1	epithelial_transitional	POOLED	1.32881867144844	2.3815725756735318	2.1994529731816983	2.181280027740392	1.941894199087562	1.9266862641731428	2.310915993248125	2.381541808285601	1.9895146344478762	1.9822804412640733	2.0014204693673388	2.015368304452214	-0.8524613562919519	-0.3982749067174072
VUILD110LA_150_18_10	VUILD110LA	VUILD110	fold_1	epithelial_transitional	POOLED	3.12716533549855	2.381591759784455	1.8520318283070842	1.6109721545284554	1.8541673032255221	1.7266603010535932	2.0801917784774524	2.381591719476876	1.8780074097354165	1.4453916534361848	1.9727596608133846	1.5830618818515139	1.5161931809700946	-0.4088246387040684
VUILD110LA_150_18_15	VUILD110LA	VUILD110	fold_1	epithelial_transitional	POOLED	2.24252052651869	2.381588374259401	1.6206520019388446	1.6254178255623295	1.620516299709356	1.5640234145149552	1.810581218800352	2.381582939715848	1.7872491338142136	1.7448710302985964	1.8319482364128534	1.8072657295538952	0.6171027009563603	-0.4095640168589699
VUILD110LA_150_18_16	VUILD110LA	VUILD110	fold_1	epithelial_transitional	POOLED	2.37645496502323	2.3815876971543903	1.5625795205912176	1.4523047002806817	2.0129767864017305	1.918143099783056	1.8542315474458844	2.3815811837636427	1.8657126125489958	1.3349003582235583	1.964652025049768	1.4630902223549094	0.9241502647425484	-0.22023890188259862
VUILD110LA_150_18_20	VUILD110LA	VUILD110	fold_1	epithelial_transitional	POOLED	2.4452594896593	2.381584988734347	1.907271141657302	1.9208517698601257	1.6761966177771614	1.646650659186741	2.05623764852209	2.38157415995482	2.11087166190637	1.8087203189551526	2.139479998142722	1.8439115274713718	0.5244077197991741	-0.6590213440439531
VUILD110LA_150_18_21	VUILD110LA	VUILD110	fold_1	epithelial_transitional	POOLED	2.7755341657576	2.3815843116293363	1.923906529006524	1.8313074913867242	1.758260750230476	1.7288935445782267	1.993577477232266	2.3815724040026143	1.611018498044446	1.5047595413684702	1.6490009503932406	1.5519574280813178	0.9442266743708758	-0.5504948968139939
VUILD110LA_150_18_22	VUILD110LA	VUILD110	fold_1	epithelial_transitional	POOLED	2.39315819523551	2.381583634524325	2.1894180516262503	2.186986623300681	1.8692667948867001	1.8419833651812176	2.1545541156588763	2.381570648050409	2.033545110497062	2.0806408384945456	2.073654808185939	2.1501864624926266	0.20617157193482916	-0.5589515684539433
VUILD110LA_150_18_25	VUILD110LA	VUILD110	fold_1	epithelial_transitional	POOLED	1.71308990112802	2.381581603209293	2.4463988594121697	2.300950548101204	2.3508821837025353	2.34255917925123	2.4141251281459577	2.3815653801937917	2.162323921437022	2.1559700600361076	2.185773458312442	2.1843340330329006	-0.5878606469731837	-0.10818748895847018
VUILD110LA_150_18_38	VUILD110LA	VUILD110	fold_1	epithelial_transitional	POOLED	1.31394895899569	2.3815728008441526	2.1642735086976606	2.133542405086895	1.7914312333255413	1.7636191251752926	2.267201431722012	2.3815425528151186	1.8953029148153735	2.069659805746114	1.9205945215896214	2.1143257224206153	-0.8195934460912049	-0.4761103511297571
VUILD110LA_150_19_16	VUILD110LA	VUILD110	fold_1	epithelial_transitional	POOLED	2.44488096417445	2.3815879223250107	1.6657238962193084	1.5103805568330155	1.8806739678000208	1.7860050309386848	1.9448282909400811	2.3815819282931603	1.7070746219645105	1.5721971027457942	1.7940946323420557	1.698904022153119	0.9345004073414345	-0.2222075571235472
VUILD110LA_150_19_24	VUILD110LA	VUILD110	fold_1	epithelial_transitional	POOLED	2.22773125443419	2.3815825054849245	2.2980832615183946	2.0749744593439865	2.16388157622528	2.1597828662390577	2.341492445804211	2.381567880675515	1.7877680259328492	1.8333885659814302	1.8051192766285042	1.8790699904140875	0.15275679509020357	-0.271997814632678
VUILD110LA_150_19_32	VUILD110LA	VUILD110	fold_1	epithelial_transitional	POOLED	1.37182397417213	2.381577088644838	2.2786623734247864	2.1811450558719887	2.0005209146233134	1.9513454960195997	2.489194203600063	2.38155383305787	2.158861459641246	2.07961440401584	2.188194457794296	2.1619364988352676	-0.8093210816998586	-0.39281227240106503
VUILD110LA_150_19_33	VUILD110LA	VUILD110	fold_1	epithelial_transitional	POOLED	1.52087197043636	2.3815764115398275	2.106044547904866	2.0983335539625316	1.894415624109229	1.869643363884483	2.2770235772259295	2.3815520771056646	1.8990471642367108	2.0871127491701533	1.9148131027481392	2.145019009650985	-0.5774615835261716	-0.5300413952820205
VUILD110LA_150_19_37	VUILD110LA	VUILD110	fold_1	epithelial_transitional	POOLED	3.21720265227155	2.381573703119784	2.275232207122147	2.2915856592679096	2.234581340514173	2.2103992760863	2.333869061562394	2.381545053296842	2.2752490626233204	2.1594285384570435	2.2803897288192223	2.1743299353182293	0.9256169930036404	-0.21335368104777047
VUILD110LA_150_19_39	VUILD110LA	VUILD110	fold_1	epithelial_transitional	POOLED	3.28378282752283	2.3815723489097627	2.394661276474214	2.358183007415816	2.314768565421257	2.299004893415699	2.1566719010954776	2.381541541392431	2.154106547169414	2.52128476297299	2.1492025632137084	2.5354233453061155	0.9255998201070139	-0.25857308919288674
VUILD110LA_150_20_17	VUILD110LA	VUILD110	fold_1	epithelial_transitional	POOLED	2.16157911118752	2.381587470390621	1.6600070557978919	1.5634480810591498	1.676262230393141	1.5990399724561208	1.9033690698771633	2.3815809168704725	1.821164936518956	1.4820630261253591	1.898364475769004	1.5761592985864779	0.5981310301283704	-0.5522190269734368
VUILD110LA_150_20_18	VUILD110LA	VUILD110	fold_1	epithelial_transitional	POOLED	1.79618395119298	2.38158679328561	1.9201544050963388	1.6632753646942324	1.7192596039929453	1.6445734390621678	1.8220310345971367	2.3815791609182666	1.4986367273137686	1.355176248659628	1.5574306245472451	1.4328609371418863	0.1329085864987476	-0.5805529563884272
VUILD110LA_150_20_24	VUILD110LA	VUILD110	fold_1	epithelial_transitional	POOLED	2.50566016609896	2.3815827306555453	1.9515875637440152	2.0478918136871287	1.5368854555919431	1.552598853436138	2.149813381431698	2.3815686252050328	1.474025022494953	1.314883828534073	1.4976690619999156	1.3259179584798149	0.45776835241183145	-0.6723473369473585
VUILD110LA_150_20_25	VUILD110LA	VUILD110	fold_1	epithelial_transitional	POOLED	2.67980125723981	2.3815820535505345	2.1220971377360467	1.946945671031707	1.5061775109809485	1.434239719996097	2.484454744918417	2.3815668692528273	1.791091048268922	1.466355380011988	1.8599688740324347	1.5626188526085851	0.7328555862081032	-0.9580929352235302
VUILD110LA_150_20_27	VUILD110LA	VUILD110	fold_1	epithelial_transitional	POOLED	1.93253839054586	2.381580699340513	2.1652978710422985	2.117371517055192	1.6290159070371861	1.6206433647805463	2.531386216241178	2.381563357348416	2.1256825021730315	1.8015719095546674	2.153574976076555	1.8479132954121524	-0.18483312650933192	-0.6867001699130014
VUILD110LA_150_20_28	VUILD110LA	VUILD110	fold_1	epithelial_transitional	POOLED	1.75682840867192	2.381580022235502	2.1570713045087437	2.1853081398243224	1.8178783052469631	1.8180533663862972	2.261232895803147	2.3815616013962106	1.9820436785053364	1.9672230701463835	1.987403812182179	1.9820228542403562	-0.42847973115240245	-0.396456858941077
VUILD110LA_150_20_29	VUILD110LA	VUILD110	fold_1	epithelial_transitional	POOLED	1.03149405295254	2.381579345130491	2.3032059483558207	2.141392352679727	2.358657799012524	2.290891398622545	2.306195835474532	2.381559845444005	2.266875381200384	2.2959491193719583	2.312984855177082	2.3732702327570334	-1.109898299727187	-0.14667962014611394
VUILD110LA_150_20_36	VUILD110LA	VUILD110	fold_1	epithelial_transitional	POOLED	1.49200256816826	2.3815746053954157	2.0522433695017104	2.126592101677661	1.8218728927315277	1.8147779703774507	2.3536800811569636	2.3815475537785655	1.5756653754599217	1.84856065935161	1.5778733154225977	1.8681954487104224	-0.634589533509401	-0.46589394413358676
VUILD110LA_150_20_4	VUILD110LA	VUILD110	fold_1	epithelial_transitional	POOLED	2.66978994559915	2.381596272755761	1.7831701043034403	1.470462982029508	2.1263369215346537	2.003404737681962	1.7437309802619914	2.3816037442491456	1.8959898036993224	1.7267061069596723	1.985896944795611	1.866812714227693	1.1993269635696417	-0.0012402088921027819
VUILD110LA_150_20_9	VUILD110LA	VUILD110	fold_1	epithelial_transitional	POOLED	2.47226081096665	2.3815928872307075	1.6906946508522418	1.6629761408602166	1.9726629389955201	1.9193721431548543	1.794617470021673	2.3815949644881176	2.0860491627590876	1.9552701069695866	2.149272354545707	2.0429743767149025	0.8092846701064336	-0.1651870208557221
VUILD110LA_150_21_16	VUILD110LA	VUILD110	fold_1	epithelial_transitional	POOLED	2.0796152813081	2.3815883726662523	1.6094326026504309	1.5673580931476458	1.787869525329529	1.7062387839029431	1.9539951994787796	2.381583417352196	2.0022780787344514	1.7584806476267358	2.0695700752571415	1.8629432903044936	0.5122571881604541	-0.3516795089688981
VUILD110LA_150_21_19	VUILD110LA	VUILD110	fold_1	epithelial_transitional	POOLED	2.159729170486	2.38158634135122	1.6604432569301548	1.4701008775256228	1.6093958132171906	1.521860329428458	1.8338834839806792	2.3815781494955788	1.3043602886781624	1.3533498246614424	1.3993033237446166	1.4780483717107298	0.6896282929603772	-0.5519457625494512
VUILD110LA_150_21_22	VUILD110LA	VUILD110	fold_1	epithelial_transitional	POOLED	3.35740354916484	2.3815843100361875	2.42583075175955	1.9691084394569702	2.396978098337408	2.3273342664640353	1.96103921722514	2.381572881638962	2.0522365165452356	2.1735418731671894	2.108764295083987	2.275707708310521	1.3882951097078697	-0.1552262513706822
VUILD110LA_150_21_23	VUILD110LA	VUILD110	fold_1	epithelial_transitional	POOLED	1.85021274735559	2.381583632931177	1.878333618272279	1.9826391741597589	1.473729509026485	1.4905815743172983	1.9167527607533286	2.381571125686756	1.5463009850824165	1.5459299247561915	1.5666439659134432	1.5298330022656939	-0.13242642680416883	-0.6757180348484396
VUILD110LA_150_21_25	VUILD110LA	VUILD110	fold_1	epithelial_transitional	POOLED	2.46864479951799	2.3815822787211554	2.0608554845546503	2.0931357421647077	2.0339010018118446	2.0279856535442935	2.173016689367362	2.381567613782345	2.0224297643787796	1.7820840102280813	2.039843648716133	1.7944379388161846	0.3755090573532822	-0.29789764196284946
VUILD110LA_150_21_28	VUILD110LA	VUILD110	fold_1	epithelial_transitional	POOLED	1.58319997753112	2.3815802474061227	2.265730095170993	2.134795600102376	2.1253838127551568	2.0847169883041103	2.3348844354607463	2.3815623459257282	1.9873379537300977	2.0640931905175544	2.0253889750654563	2.123922561969684	-0.5515956225712557	-0.34123508965094523
VUILD110LA_150_21_33	VUILD110LA	VUILD110	fold_1	epithelial_transitional	POOLED	1.98863321161074	2.3815768618810687	2.752574721160911	2.492364452274187	1.9113294600804367	1.9447368806569014	2.364492254739841	2.3815535661647003	2.2481845427474623	2.0843424721811035	2.226629305356794	2.069084448315014	-0.5037312406634469	-0.5407182401508456
VUILD110LA_150_21_34	VUILD110LA	VUILD110	fold_1	epithelial_transitional	POOLED	2.54424480823704	2.381576184776058	2.0522278005996357	2.0298643352925465	1.9190878757098142	1.8990350119819408	2.131917902232459	2.3815518102124944	2.047732168366566	1.994729527728585	2.1029012296109357	2.1307509287369055	0.5143804729444934	-0.45223589962124755
VUILD110LA_150_21_35	VUILD110LA	VUILD110	fold_1	epithelial_transitional	POOLED	2.42827455454834	2.381575507671047	2.431599720698973	2.285562200079847	1.9999812497233636	1.9813751755788234	2.621214137090662	2.381550054260289	2.075423936786626	1.991025317699558	2.106360047043531	2.106691676744477	0.14271235446849317	-0.3711383974524608
VUILD110LA_150_21_9	VUILD110LA	VUILD110	fold_1	epithelial_transitional	POOLED	2.73122298265091	2.3815931124013283	1.9335409893444337	1.7832961009509953	1.7878433443596111	1.7624106043549703	1.7644324240741112	2.381595709017635	2.066986857766017	1.6651412486153843	2.1126951058878944	1.7143101327229422	0.9479268816999145	-0.3697374256612585
VUILD110LA_150_22_10	VUILD110LA	VUILD110	fold_1	epithelial_transitional	POOLED	2.65963376524789	2.381592660466938	1.6042571899026448	1.588215598304773	1.6693733793887602	1.5969814917626786	1.7986918546315795	2.3815946975949474	1.6161351505454105	1.4753532090166903	1.6820119290415823	1.5747210514456156	1.0714181669431169	-0.37521885692155
VUILD110LA_150_22_11	VUILD110LA	VUILD110	fold_1	epithelial_transitional	POOLED	2.03252421086756	2.3815919833619272	1.8383681702477495	1.7839639596105372	1.4223785700549076	1.3951370424603815	1.7649988478335943	2.3815929416427415	1.714889228989382	1.3981148115850786	1.7472467465409838	1.444378974379911	0.24856025125702264	-0.5624794175418937
VUILD110LA_150_22_13	VUILD110LA	VUILD110	fold_1	epithelial_transitional	POOLED	2.75106375419751	2.381590629151906	1.588865044905564	1.595319812390383	1.7320431754866763	1.6443114337495097	2.023302534373254	2.38158942973833	1.8003221347380025	1.5978364643622462	1.8545629419480887	1.695687336219553	1.1557439418071271	-0.3758638128349333
VUILD110LA_150_22_16	VUILD110LA	VUILD110	fold_1	epithelial_transitional	POOLED	2.72469881313332	2.381588597836873	1.6819564943824379	1.4258020277498922	1.7017363973029394	1.6015395044159253	1.8011261116199881	2.3815841618817135	1.767307472839065	1.7273779438003927	1.8565212384878746	1.8527375081034596	1.2988967853834277	-0.3186497345651389
VUILD110LA_150_22_21	VUILD110LA	VUILD110	fold_1	epithelial_transitional	POOLED	1.55221807198718	2.381585212311819	1.7285645967705259	1.4108664737360916	1.8386539997647302	1.7311009435411997	2.010254782254261	2.3815753821206855	1.866523119103326	1.8005926456287558	1.96415508640727	1.9231287471759788	0.14135159825108845	-0.4489906264562798
VUILD110LA_150_22_23	VUILD110LA	VUILD110	fold_1	epithelial_transitional	POOLED	2.13641728850775	2.3815838581017976	2.02968708089821	1.7470805993790244	1.6236332081978897	1.5848806222657459	2.2390427248638605	2.3815718702162743	1.4510048112195157	1.4075043449751807	1.4949915509419571	1.4836763652426619	0.38933668912872554	-0.6812751862147052
VUILD110LA_150_22_24	VUILD110LA	VUILD110	fold_1	epithelial_transitional	POOLED	3.69640306361136	2.381583180996787	2.242377216663872	2.1486528614139013	1.8569144555549668	1.9134485275890145	2.434369892647487	2.3815701142640684	1.789656846536391	1.9954242518758578	1.7746698282002469	1.993563490422249	1.5477502021974585	-0.5327623455843372
VUILD110LA_150_22_26	VUILD110LA	VUILD110	fold_1	epithelial_transitional	POOLED	2.09256901347187	2.3815818267867654	2.2467032126434705	2.187741242163932	1.6109979519029305	1.6233253128707166	2.5008771075162826	2.381566602359657	2.0291011365849037	1.7710845558441375	2.0416075160843254	1.802221303674997	-0.09517222869206199	-0.6891952700005202
VUILD110LA_150_22_32	VUILD110LA	VUILD110	fold_1	epithelial_transitional	POOLED	1.51750485204501	2.3815777641567006	2.332084873357373	2.2687500482317096	1.7481273558825525	1.7297577860688684	2.528368399166433	2.3815560666464233	1.7580189390432974	2.0168917094849674	1.7534662734296385	2.049507687934778	-0.7512451961866995	-0.6471133814139972
VUILD110LA_150_22_35	VUILD110LA	VUILD110	fold_1	epithelial_transitional	POOLED	1.4445711365154	2.381575732841668	2.330816758918671	2.1787847881854687	2.0191888253097208	1.9887917822484686	2.33611270841453	2.3815507987898066	1.9395202707836825	1.8215579595187583	1.9626732038354986	1.9077303499244196	-0.7342136516700688	-0.42372797418607344
VUILD110LA_150_22_6	VUILD110LA	VUILD110	fold_1	epithelial_transitional	POOLED	3.08476723339472	2.3815953688869813	1.644504909735005	1.6903853890105398	1.979788838497144	1.9133998863473953	1.7935679406862375	2.38160172140377	1.9818062186704426	1.987355868990495	2.055591371366307	2.069113990613201	1.39438184438418	-0.19412766140880547
VUILD110LA_150_23_11	VUILD110LA	VUILD110	fold_1	epithelial_transitional	POOLED	2.64091300860134	2.381592208532548	1.9843986407071577	1.9377493583806953	2.0601412630724742	2.031819069508397	2.027386530000746	2.3815936861722595	1.9356655760666823	1.7136665661360548	1.9670747545163199	1.739216169664814	0.7031636502206446	-0.13551188002789258
VUILD110LA_150_23_12	VUILD110LA	VUILD110	fold_1	epithelial_transitional	POOLED	2.26922257178002	2.3815915314275373	2.1202502597338087	1.9578175400113338	1.8998679923721231	1.8789398603172032	1.9507033567567946	2.3815919302200537	1.5618676879259572	1.4275727009822574	1.599572614261867	1.462454696324486	0.31140503176868606	-0.42236604203365613
VUILD110LA_150_23_13	VUILD110LA	VUILD110	fold_1	epithelial_transitional	POOLED	2.89701788871237	2.3815908543225266	1.527245044935151	1.3471625732201988	1.39482287288864	1.3144381293043186	1.991684781946924	2.3815901742678482	1.5048439573661634	1.3227187821039568	1.5988573081392987	1.458523330892924	1.549855315492171	-0.6358320036005743
VUILD110LA_150_23_17	VUILD110LA	VUILD110	fold_1	epithelial_transitional	POOLED	1.91246372869421	2.3815881459024832	1.6910791273275918	1.3993171727655633	1.7953355085796017	1.695514112661055	1.7848662494270213	2.3815831504590257	1.5641608967924667	1.4921661238407908	1.6580444021239735	1.6272184568208141	0.5131465559286468	-0.3842192435772662
VUILD110LA_150_23_20	VUILD110LA	VUILD110	fold_1	epithelial_transitional	POOLED	2.95237337060116	2.381586114587451	1.8536377248957532	1.6315958661489907	1.3778297456871367	1.3458177109048295	1.9019601173758978	2.3815778826024085	1.6616346319587583	1.1284990527667271	1.7337009191663633	1.2268600283784237	1.3207775044521695	-0.7955037996991894
VUILD110LA_150_23_23	VUILD110LA	VUILD110	fold_1	epithelial_transitional	POOLED	2.75864921322218	2.3815840832724184	1.9877100777029226	1.9762273528360836	1.8811923933297918	1.8171431629212675	2.2013919810962883	2.381572614745792	1.7573094721176643	1.9373236800160718	1.8196812839826733	2.007104524558712	0.7824218603860964	-0.4792304823248412
VUILD110LA_150_23_26	VUILD110LA	VUILD110	fold_1	epithelial_transitional	POOLED	2.15466418588052	2.3815820519573863	2.0924834319552175	2.0810701737920954	1.6199644106333786	1.617308123346619	2.3106470527045695	2.381567346889175	1.9812887614236616	1.697609256888139	2.001667743878782	1.723249342703054	0.07359401208842486	-0.6014736311741317
VUILD110LA_150_23_6	VUILD110LA	VUILD110	fold_1	epithelial_transitional	POOLED	2.45158639291815	2.381595594057602	1.628848481668941	1.4033203502114562	1.9451145338600355	1.8167700658395536	1.9050591511131203	2.3816024659332875	1.7074556948475785	1.5102915193901632	1.8051341217214718	1.670924646469283	1.0482660427066937	-0.2626735468937979
VUILD110LA_150_24_10	VUILD110LA	VUILD110	fold_1	epithelial_transitional	POOLED	2.70902484630699	2.3815931108081796	2.212592959034368	2.02184506110937	1.974262317410607	1.921246993504612	1.5637909697868162	2.3815961866539825	1.8500642764212696	1.8011270561968455	1.878478440919247	1.8392637172947737	0.6871797851976202	-0.3813196542828639
VUILD110LA_150_24_11	VUILD110LA	VUILD110	fold_1	epithelial_transitional	POOLED	2.37259374862814	2.381592433703169	2.723409784725446	2.4494101534258297	1.9821164052981348	1.9885704570754852	2.0610227354828483	2.381594430701777	1.9378278399678606	2.0986826467037965	1.9532460070811601	2.159545658119818	-0.07681640479768959	-0.5179477694823739
VUILD110LA_150_24_12	VUILD110LA	VUILD110	fold_1	epithelial_transitional	POOLED	2.23971272670159	2.381591756598158	2.1356268199687256	1.9471491763568403	1.7996702068700139	1.7335372861881033	2.0485411150407806	2.3815926747495717	1.7920057189530794	1.7095831360181355	1.8570894486811473	1.8260275133043962	0.2925635503447497	-0.49407510400623833
VUILD110LA_150_24_15	VUILD110LA	VUILD110	fold_1	epithelial_transitional	POOLED	2.78438736810421	2.3815897252831255	1.638535462211166	1.5951732292054446	1.6007965498479027	1.536190074633355	1.9794159443324775	2.3815874068929546	1.6453154923311248	1.2840828155797948	1.7226620706882545	1.383387503304636	1.1892141388987654	-0.48698098785330857
VUILD110LA_150_24_16	VUILD110LA	VUILD110	fold_1	epithelial_transitional	POOLED	1.86532358489394	2.381589048178115	1.9237402672432464	1.648375345140772	1.2827617513608942	1.2673381346511772	1.8573667960635665	2.381585650940749	1.4168581881047366	1.2301609674421112	1.4675526827115934	1.30493040251929	0.2169482397531679	-0.793894698937721
VUILD110LA_150_24_17	VUILD110LA	VUILD110	fold_1	epithelial_transitional	POOLED	1.46778308149397	2.381588371073104	1.7175555506625524	1.5437340112740032	1.5955289417344884	1.5535399840057549	1.9077706572145792	2.3815838949885433	1.3217309934696362	1.3196435799920894	1.3721756493533617	1.4136394463252304	-0.07595092978003315	-0.5469674480925418
VUILD110LA_150_24_18	VUILD110LA	VUILD110	fold_1	epithelial_transitional	POOLED	2.52474867148972	2.3815876939680933	1.7286013130008038	1.5109355580453128	1.7771390536681673	1.7316533544926813	2.1987652966262647	2.381582139036338	1.7362427781707768	1.7954314442156454	1.8091507997012515	1.9136594905062565	1.0138131134444073	-0.24263798100186398
VUILD110LA_150_24_25	VUILD110LA	VUILD110	fold_1	epithelial_transitional	POOLED	1.96684006819393	2.381582954233018	2.3104746953909707	2.212085261035083	1.592642466505489	1.636051983295601	2.3870836373431503	2.381569847370898	1.5727829687838875	1.6980691003466175	1.5727488778071574	1.7282472412723178	-0.24524519284115298	-0.8414263818202791
VUILD110LA_150_24_31	VUILD110LA	VUILD110	fold_1	epithelial_transitional	POOLED	1.85755049467758	2.381578891602953	2.535441370789188	2.3968741193375145	1.991842981401453	1.994632138462101	2.546421261933085	2.3815593116576643	1.875879199454776	2.0427473351756786	1.8798189292969947	2.062966641159177	-0.5393236246599344	-0.4309715606198697
VUILD110LA_150_24_34	VUILD110LA	VUILD110	fold_1	epithelial_transitional	POOLED	0.914458900694436	2.3815768602879204	2.376925181743228	2.2817607317882294	2.1526857711020098	2.123106244179869	2.371991557593366	2.3815540438010476	2.1883562475335734	2.23734278192121	2.207066309047843	2.277768266183845	-1.3673018310937932	-0.27292643721748244
VUILD110LA_150_25_10	VUILD110LA	VUILD110	fold_1	epithelial_transitional	POOLED	2.47578970256587	2.3815933359788004	2.262643649632198	2.1819410656398373	1.6617167468624978	1.6351557765227063	1.8290592095698317	2.3815969311835006	1.7350614738790378	1.76219230038918	1.7425923341530773	1.8142129942935912	0.2938486369260329	-0.6780026878116457
VUILD110LA_150_25_11	VUILD110LA	VUILD110	fold_1	epithelial_transitional	POOLED	2.87808042775646	2.3815926588737897	2.6070454823887985	2.4658986975840715	1.8671082969218045	1.8904616832854424	1.9762588243864485	2.3815951752312947	2.1076210964261763	2.1028490276593903	2.1181400127401115	2.1240919643597143	0.41218173017238824	-0.7297970005233133
VUILD110LA_150_25_12	VUILD110LA	VUILD110	fold_1	epithelial_transitional	POOLED	2.14105414391147	2.381591981768779	1.976332743529098	1.8753232322721642	1.897231424153892	1.8272246536032994	1.8855510845970915	2.3815934192790893	1.43440043704417	1.5980727609368874	1.4758267151349653	1.6611596043200483	0.2657309116393056	-0.485373388933732
VUILD110LA_150_25_14	VUILD110LA	VUILD110	fold_1	epithelial_transitional	POOLED	2.35713326171822	2.3815906275587575	1.7686683217104453	1.5742189387765704	2.0948603924989593	2.002831478797682	1.8519210972053464	2.381589907374678	1.7921109701873141	1.7897172628090714	1.88334719452859	1.9202719601971534	0.7829143229416498	-0.07574346056912748
VUILD110LA_150_25_15	VUILD110LA	VUILD110	fold_1	epithelial_transitional	POOLED	2.0643715136377	2.3815899504537463	1.9609446012672438	1.7192798182270081	1.771473606493591	1.7163858110541366	1.888932073925503	2.381588151422472	1.8398543242008647	1.729428971778109	1.9279051895527448	1.8340300750780807	0.34509169541069173	-0.3274834272529745
VUILD110LA_150_25_17	VUILD110LA	VUILD110	fold_1	epithelial_transitional	POOLED	2.56509405170152	2.381588596243725	1.693471504078167	1.6565900635745203	1.9055020972882981	1.8560730670023902	1.927243272472014	2.381584639518061	2.0131115394821966	1.8142918490454998	2.1017526179049577	1.90500815982378	0.9085039881269998	-0.316712923355648
VUILD110LA_150_25_24	VUILD110LA	VUILD110	fold_1	epithelial_transitional	POOLED	1.90367211079164	2.3815838565086493	1.9133433278718277	1.9934688774886133	1.8776050368601045	1.85132334649274	2.259285920989351	2.3815723478526216	1.8113363693971385	1.7694200107117353	1.8744769396157923	1.872182326795771	-0.08979676669697345	-0.514613948472098
VUILD110LA_150_25_30	VUILD110LA	VUILD110	fold_1	epithelial_transitional	POOLED	1.84478235244831	2.3815797938785845	2.4514663841390965	2.306955558717127	2.080138769138008	2.1042176705817943	2.3561284011737484	2.381561812139388	2.090176179833437	1.8700676818830129	2.0765209399965845	1.8682645756721834	-0.4621732062688171	-0.26096401338399516
VUILD110LA_150_25_35	VUILD110LA	VUILD110	fold_1	epithelial_transitional	POOLED	1.13400896041463	2.3815764083535305	2.487739492861912	2.3159364667377655	1.8417627956101434	1.8509683495314941	2.2280252421004327	2.38155303237836	1.8531171176672883	1.9243227531667881	1.840776218562577	1.9283480377500324	-1.1819275063231356	-0.4611538842638838
VUILD110LA_150_25_7	VUILD110LA	VUILD110	fold_1	epithelial_transitional	POOLED	2.82445901630829	2.381595367293833	1.615238605847205	1.4627311459049825	1.6948353835439622	1.6005289411632266	1.8482020488634336	2.3816021990401173	1.4468948644668007	1.454409093325681	1.529116248923759	1.5919201263405571	1.3617278704033073	-0.42043718280003434
VUILD110LA_150_25_9	VUILD110LA	VUILD110	fold_1	epithelial_transitional	POOLED	2.05515912168107	2.381594013083811	1.7227915507935154	1.6405930519548753	1.490920815099233	1.4225311431754206	1.8927678999171944	2.381598687135706	1.6655148952158565	1.5224943910374782	1.7292461830516173	1.6075054582664383	0.4145660697261946	-0.531112658325179
VUILD110LA_150_26_10	VUILD110LA	VUILD110	fold_1	epithelial_transitional	POOLED	3.1464440540574	2.3815935611494212	2.418270493005518	2.170948229982683	1.9340383635832668	1.8866332209303023	1.788806628810423	2.381597675713018	1.9805343727946854	1.9314673914741873	2.0003364475059877	1.9769325169951477	0.9754958240747169	-0.6847413575875271
VUILD110LA_150_26_11	VUILD110LA	VUILD110	fold_1	epithelial_transitional	POOLED	3.17964959674094	2.3815928840444105	2.300714036698653	2.2486059745633686	1.8352804093369528	1.8213216022094865	1.8005027335465145	2.3815959197608128	1.6325457809451036	1.7187930168364076	1.6488074867236997	1.7669407393084167	0.9310436221775715	-0.6827783620278736
VUILD110LA_150_26_12	VUILD110LA	VUILD110	fold_1	epithelial_transitional	POOLED	2.66598886657057	2.3815922069393998	1.732311796542299	1.8694534658515536	1.7205464914673145	1.661597089255117	1.9346353509985506	2.381594163808607	1.4871503334638738	1.416223924511848	1.5282758759825903	1.4628004899451446	0.7965354007190164	-0.5548575376206041
VUILD110LA_150_26_13	VUILD110LA	VUILD110	fold_1	epithelial_transitional	POOLED	3.10306251259514	2.381591529834389	2.297886954849668	1.9101408244576268	1.9692547570012864	1.9129246238704198	2.2771582922549864	2.3815924078564015	1.8712658724813318	1.759193823642926	1.9312499771683238	1.8320555625953183	1.1929216881375133	-0.4263392387001547
VUILD110LA_150_26_15	VUILD110LA	VUILD110	fold_1	epithelial_transitional	POOLED	2.55938123122815	2.381590175624367	2.0281947322145566	1.7061183410246041	1.9065195559423411	1.8509590017052768	1.8915316170144265	2.38158889595199	1.9672488911964705	1.7063351741448063	2.0595936383232503	1.8342231925735746	0.853262890203546	-0.4023059091146338
VUILD110LA_150_26_21	VUILD110LA	VUILD110	fold_1	epithelial_transitional	POOLED	1.86378764720785	2.3815861129943023	1.9724149480848083	1.840314314059293	1.8112209058717177	1.7674666928120795	2.0501902496029065	2.3815783602387564	1.8427113526691672	1.7195391018809776	1.893606546283797	1.791375411531897	0.02347333314855704	-0.4968014121492537
VUILD110LA_150_26_23	VUILD110LA	VUILD110	fold_1	epithelial_transitional	POOLED	3.19740763071693	2.381584758784281	2.62384657609964	2.4520781547233956	2.4607106263813847	2.468003997687955	2.4051450856018883	2.381574848334345	2.108476804090043	2.6571294317183174	2.1059764305628317	2.6586927110747154	0.7453294759935343	-0.018426028771592863
VUILD110LA_150_26_24	VUILD110LA	VUILD110	fold_1	epithelial_transitional	POOLED	2.59111683916332	2.38158408167927	2.2724325201932407	2.2575624533044953	2.108494352344992	2.0963945387171634	2.44244121332512	2.381573092382139	1.852510313805595	1.9286293594215957	1.8723355656113463	1.9734179786536323	0.3335543858588248	-0.3642710321275988
VUILD110LA_150_26_25	VUILD110LA	VUILD110	fold_1	epithelial_transitional	POOLED	2.13339018932871	2.3815834045742594	2.392157352777871	2.314068937745127	2.1079342833062107	2.106999676793695	2.5990172881590605	2.381571336429934	2.0693838527673947	2.2705673194835003	2.0735989910776187	2.2903930036443185	-0.18067874841641718	-0.3049818901097139
VUILD110LA_150_26_26	VUILD110LA	VUILD110	fold_1	epithelial_transitional	POOLED	2.31437067550659	2.3815827274692483	2.5929535338981475	2.567042344335593	2.3539522848139014	2.3760485147859582	2.762732312889939	2.3815695804777284	2.368189379497343	2.16572953970223	2.3426369658527735	2.132729680436703	-0.25267166882900316	0.03477687898587702
VUILD110LA_150_26_27	VUILD110LA	VUILD110	fold_1	epithelial_transitional	POOLED	2.45604547238873	2.3815820503642375	2.816956736096828	2.770722629685248	2.8540597325175967	2.9149200033394416	2.5827889447939083	2.3815678245255225	2.5020984853191077	2.639840245910232	2.458652326125592	2.5840906082588355	-0.31467715729651813	0.31217629832094607
VUILD110LA_150_26_30	VUILD110LA	VUILD110	fold_1	epithelial_transitional	POOLED	1.46856914576806	2.3815800190492054	2.184324875644546	2.194523484673592	2.0716297513388757	2.049507138263621	2.3931043228878157	2.381562556668906	1.9140159208015792	1.8647466186461572	1.9381409881280116	1.9027396789347213	-0.7259543389055321	-0.29293336618367805
VUILD110LA_150_26_32	VUILD110LA	VUILD110	fold_1	epithelial_transitional	POOLED	2.61077075195709	2.3815786648391835	2.2407561912480736	2.215476433718655	2.129183056571257	2.1068790336125307	2.297241966314847	2.3815590447644945	2.304409301109257	2.0704773124104805	2.330429288193963	2.16315819645257	0.39529431823843497	-0.3310686850295723
VUILD110LA_150_26_38	VUILD110LA	VUILD110	fold_1	epithelial_transitional	POOLED	3.11520183703133	2.3815746022091187	2.2340703533211426	2.114866173572999	2.1301628599672875	2.084482111002669	2.3778444682405655	2.3815485090512607	1.8353362744459942	2.001000011052322	1.8393204229577567	2.0128170104874012	1.0003356634583307	-0.3903451200034754
VUILD110LA_150_26_7	VUILD110LA	VUILD110	fold_1	epithelial_transitional	POOLED	2.68072539166653	2.381595592464454	1.8117177048465292	1.5798253619038678	1.6493155991730268	1.5834081807959968	1.9339889870156373	2.3816029435696353	1.4579843302462736	1.333795282079285	1.5303432800284653	1.4431820682283003	1.1009000297626623	-0.49619620666496955
VUILD110LA_150_26_8	VUILD110LA	VUILD110	fold_1	epithelial_transitional	POOLED	2.16097690123269	2.381594915359443	1.736533635938644	1.5146965128013763	1.5143522856689382	1.4329845832983497	1.7328547583990097	2.3816011876174294	1.5131966390254132	1.4665027288502948	1.5935159142325717	1.601683549918987	0.6462803884313137	-0.5746645766976239
VUILD110LA_150_26_9	VUILD110LA	VUILD110	fold_1	epithelial_transitional	POOLED	2.63991305236109	2.381594238254432	1.7547310370634899	1.7269201531305036	1.606193912960379	1.5789640055931762	1.6545910343158432	2.381599431665224	1.6786542026483375	1.4237123154385984	1.7238630389473955	1.48041430617182	0.9129928992305865	-0.5140383351567214
VUILD110LA_150_27_10	VUILD110LA	VUILD110	fold_1	epithelial_transitional	POOLED	2.87963063943684	2.381593786320042	2.0509705608705007	2.0108015115040563	1.8859597538257913	1.836816782604067	1.692859959499823	2.3815984202425358	1.7377875931588251	1.6797241844388648	1.7779689891304549	1.7423567937799267	0.8688291279327838	-0.4655413518718894
VUILD110LA_150_27_11	VUILD110LA	VUILD110	fold_1	epithelial_transitional	POOLED	3.09129561575628	2.3815931092150313	2.394230829099154	2.097583137852035	1.8880571726704836	1.8548827185614456	1.902728695682796	2.3815966642903303	1.974132911570178	1.9221421296241061	2.0020576872908915	1.984139519583981	0.993712477904245	-0.5590443031278708
VUILD110LA_150_27_15	VUILD110LA	VUILD110	fold_1	epithelial_transitional	POOLED	2.36342693875595	2.381590400794988	1.9510469221508056	1.6802559039496878	2.0588122467360033	1.9669969988410525	1.9669729391215887	2.381589640481508	2.002945009422761	1.638360463107084	2.1097560739512513	1.7595781579246126	0.6831710348062621	-0.24935518410121982
VUILD110LA_150_27_22	VUILD110LA	VUILD110	fold_1	epithelial_transitional	POOLED	2.53389296649136	2.3815856610599124	2.3926074488122997	2.3587756227082313	2.1954782113498426	2.2244035663421124	2.5308056268488457	2.3815773488160685	2.4893371062091654	2.3707422363566395	2.499791892975189	2.39342149741422	0.17511734378312882	-0.2425583863088485
VUILD110LA_150_27_23	VUILD110LA	VUILD110	fold_1	epithelial_transitional	POOLED	2.25555380587702	2.3815849839549017	2.616071075063899	2.6098993108641872	1.8213241722815419	1.8959459546014488	2.59832754680777	2.3815755928638627	1.9167169029554962	2.1227690896065194	1.887159799033085	2.0716322299354637	-0.3543455049871671	-0.5175728350743083
VUILD110LA_150_27_24	VUILD110LA	VUILD110	fold_1	epithelial_transitional	POOLED	2.79737442555199	2.381584306849891	2.7005863481168064	2.51616339375171	2.343949665959702	2.3988859186314553	2.6962101646605166	2.3815738369116572	2.23422060995456	2.5902113072191906	2.2100091222399407	2.5622332793754907	0.28121103180028006	-0.09142382260135447
VUILD110LA_150_27_26	VUILD110LA	VUILD110	fold_1	epithelial_transitional	POOLED	2.26651970216916	2.381582952639869	2.6480803568962683	2.59111810326908	2.4634072439039523	2.4849544130583823	2.680549009336064	2.381570325007246	2.344714108294778	2.4673354008372295	2.31763508269909	2.442854220240781	-0.32459840109992033	0.012730501549182842
VUILD110LA_150_27_29	VUILD110LA	VUILD110	fold_1	epithelial_transitional	POOLED	1.3215133466065	2.381580921324837	2.319238376276767	2.3016003659987314	1.7034422549979127	1.6951784425193706	2.5269856083729763	2.381565057150629	1.8756131767973518	1.8818475286119156	1.8756541057989755	1.9150240746061598	-0.9800870193922313	-0.5991530920833957
VUILD110LA_150_27_6	VUILD110LA	VUILD110	fold_1	epithelial_transitional	POOLED	2.67394388271275	2.3815964947400854	1.5520013472358445	1.4505654848055092	1.3641602119347869	1.2748969182039258	1.635349907490334	2.3816054440513583	1.3620325471639843	1.188417099410118	1.441142736819636	1.304355349826995	1.2233783979072408	-0.7885585001969556
VUILD110LA_150_27_7	VUILD110LA	VUILD110	fold_1	epithelial_transitional	POOLED	2.44550177767188	2.3815958176350747	1.5653957088679107	1.423032358673045	1.503351929451536	1.398668896072592	1.8856743759769206	2.381603688099153	1.603256820544362	1.5249459839802115	1.68446467215998	1.6600342181652321	1.022469418998835	-0.7070661487945894
VUILD110LA_150_27_8	VUILD110LA	VUILD110	fold_1	epithelial_transitional	POOLED	2.64669819447584	2.3815951405300635	1.5042325860585835	1.4298563563348723	1.6286430412890693	1.537232260406916	1.747452351427914	2.381601932146947	1.378575636178912	1.4698334014353194	1.457694515759798	1.5947973031900433	1.2168418381409678	-0.5648756078596162
VUILD110LA_150_28_10	VUILD110LA	VUILD110	fold_1	epithelial_transitional	POOLED	2.57695528041472	2.381594011490663	2.1921506442166345	1.8804812617941382	1.877967585845533	1.7992996345547851	1.7013809921899992	2.381599164772054	1.8263650694640963	1.7679723594871255	1.899335999730764	1.9017739559383373	0.696474018620582	-0.4125117623994347
VUILD110LA_150_28_12	VUILD110LA	VUILD110	fold_1	epithelial_transitional	POOLED	2.44680612703605	2.3815926572806414	2.1116839263616467	1.9379265871042577	2.3701851536860903	2.273204283035781	2.1417141572491203	2.3815956528676425	2.2639650347820055	2.028244628323738	2.3419694463796277	2.1590921511408547	0.5088795399317925	-0.2663626072111782
VUILD110LA_150_28_14	VUILD110LA	VUILD110	fold_1	epithelial_transitional	POOLED	2.65825255122871	2.3815913030706195	1.8429960821851488	1.8064342641233593	1.8532764640313215	1.7853894749574932	1.7764435351056944	2.3815921409632312	1.8578159836518537	1.9095213362697034	1.9441491224854763	2.02035272126894	0.8518182871053506	-0.4803668483538379
VUILD110LA_150_28_16	VUILD110LA	VUILD110	fold_1	epithelial_transitional	POOLED	2.04640475993174	2.381589948860598	1.8777618639337093	1.8340507729745084	2.014905159620633	1.9787694974020629	2.0436530249922313	2.38158862905882	1.86453088683191	1.8780177240396325	1.939862391240636	1.9679923853269	0.21235398695723173	-0.3404951147654906
VUILD110LA_150_28_20	VUILD110LA	VUILD110	fold_1	epithelial_transitional	POOLED	2.55236850943155	2.3815872404405547	2.250389422384919	2.179448217127508	2.800230432898139	2.7505065076729034	2.493458242948343	2.3815816052499974	2.574974216543626	2.6511978246961307	2.6195112277499004	2.7266992509280006	0.372920292304042	0.09511206154991686
VUILD110LA_150_28_22	VUILD110LA	VUILD110	fold_1	epithelial_transitional	POOLED	2.84033657502427	2.3815858862305332	2.523776922912118	2.528772795306946	2.13852807937253	2.1925065518144846	2.606355482064209	2.381578093345586	2.5703259827442073	2.5920725192531853	2.5581031666295986	2.6140674647303412	0.3115637797173241	-0.2895603185349632
VUILD110LA_150_28_23	VUILD110LA	VUILD110	fold_1	epithelial_transitional	POOLED	2.42583949666421	2.3815852091255225	2.613397199699531	2.573729834699492	2.7499450000591263	2.7462252354779917	2.6669481680650646	2.3815763373933807	2.769473938512523	2.894359594600218	2.7740374883958974	2.90956125019319	-0.14789033803528184	0.13355710127263545
VUILD110LA_150_28_24	VUILD110LA	VUILD110	fold_1	epithelial_transitional	POOLED	2.42376015048573	2.381584532020512	2.587599449725783	2.5964162411634955	2.846601972664227	2.862293327922806	2.6976598317851215	2.381574581441175	2.2183258095743383	2.6641791537317174	2.206117113129361	2.661658529338651	-0.17265609067776566	0.2679661462418659
VUILD110LA_150_28_26	VUILD110LA	VUILD110	fold_1	epithelial_transitional	POOLED	2.16540141562147	2.38158317781049	2.5602789723757833	2.5132765874792393	2.6822374488190213	2.668766118025377	2.642897108844462	2.3815710695367636	2.434812357773722	2.612559528732974	2.4090234162347564	2.6005697607847473	-0.3478751718577695	0.16217271938819142
VUILD110LA_150_28_27	VUILD110LA	VUILD110	fold_1	epithelial_transitional	POOLED	2.36320232893283	2.381582500705479	2.799653891941728	2.773941744794324	2.574947155202826	2.62670137117274	2.6238867069166205	2.381569313584558	2.409295072542056	2.2138431235599483	2.3585772131288762	2.1523381793860605	-0.4107394158614941	0.07004060982594401
VUILD110LA_150_28_30	VUILD110LA	VUILD110	fold_1	epithelial_transitional	POOLED	2.283893765612	2.381580469390447	2.8175486737800615	2.5879022366889797	3.2062789938799803	3.222772354441742	2.714807166621987	2.381564045727941	2.4921966990817075	2.667726624458952	2.4650007813990022	2.664499895721045	-0.3040084710769797	0.4835130255814435
VUILD110LA_150_28_32	VUILD110LA	VUILD110	fold_1	epithelial_transitional	POOLED	1.57707852062892	2.381579115180425	2.0705610143774966	2.0805772462212317	2.254930573582456	2.1858090970633484	2.2711347489325946	2.3815605338235297	2.015084207223024	1.9012953869912215	2.0596654912414523	2.030776602893451	-0.5034987255923118	-0.31471639782215943
VUILD110LA_150_28_35	VUILD110LA	VUILD110	fold_1	epithelial_transitional	POOLED	1.70797542132112	2.381577083865393	2.2200496469480253	2.1793233056528836	1.8240966249189108	1.7694946186873632	2.452577747163354	2.381555265966913	1.732685099729287	1.6804895515700278	1.7579647890236476	1.718660880417286	-0.47134788433176356	-0.65969621106314
VUILD110LA_150_28_37	VUILD110LA	VUILD110	fold_1	epithelial_transitional	POOLED	1.78004777990241	2.381575729655371	2.1562984263571	1.9901350062957057	1.729540387943646	1.690499808387162	2.342131468353052	2.3815517540625017	1.8305697761783688	1.8607040866262756	1.8572367493146236	1.886696933492677	-0.2100872263932958	-0.5608236150003817
VUILD110LA_150_28_8	VUILD110LA	VUILD110	fold_1	epithelial_transitional	POOLED	1.70660682658392	2.3815953657006843	1.7931896015037982	1.5485730778148528	1.4671842692118595	1.3683961867618588	1.7825956563804526	2.381602676676465	1.6171868158095295	1.5583514179986158	1.7137612775088646	1.7251717592089917	0.15803374876906728	-0.7955019922497524
VUILD110LA_150_29_12	VUILD110LA	VUILD110	fold_1	epithelial_transitional	POOLED	2.84902254654375	2.381592882451262	2.447959108243537	2.2950519372627753	1.854536038822567	1.8250556979042325	2.1531012384927806	2.38159639739716	1.7742144069850436	1.8825337590093896	1.7956797031560252	1.92431971597434	0.5539706092809746	-0.6773197281831864
VUILD110LA_150_29_14	VUILD110LA	VUILD110	fold_1	epithelial_transitional	POOLED	2.64463896220936	2.3815915282412403	2.2901142525509903	1.9962235959330932	2.2338614755714215	2.1617963989032436	2.112553165362387	2.381592885492749	2.1895242685015535	2.1484743666352113	2.2420385963276077	2.2589160565647557	0.6484153662762666	-0.31334581148801727
VUILD110LA_150_29_15	VUILD110LA	VUILD110	fold_1	epithelial_transitional	POOLED	3.20291573867482	2.3815908511362296	1.944353740139036	1.9550839250973366	2.617551970000826	2.5369171867505464	2.3086670336698214	2.3815911295405434	2.234183534677339	2.1570851669183138	2.3102960126535317	2.263127885686734	1.2478318135774833	0.11421780191356432
VUILD110LA_150_29_16	VUILD110LA	VUILD110	fold_1	epithelial_transitional	POOLED	2.45044912578101	2.381590174031219	1.8205762391619618	1.7783159531421857	1.9438376207743202	1.8891895300953596	1.8739596538048633	2.3815893735883376	1.9010326318216693	1.6792749668821072	1.959052987927981	1.7675658786821336	0.6721331726388242	-0.3551430516273022
VUILD110LA_150_29_18	VUILD110LA	VUILD110	fold_1	epithelial_transitional	POOLED	2.71746177343649	2.3815888198211974	2.4959833119257553	2.4072686442771083	2.6322868098725873	2.622769011330148	2.246040923018426	2.3815858616839263	2.6490044693781503	2.2999449905686533	2.692678177393224	2.359419608886617	0.3101931291593818	-0.10221012270565108
VUILD110LA_150_29_21	VUILD110LA	VUILD110	fold_1	epithelial_transitional	POOLED	2.93361224161379	2.381586788506165	2.424460920166131	2.3820228459294377	2.250848883413935	2.257924940333457	2.5069716609612955	2.3815805938273096	2.414529413034288	2.4333345469289593	2.4259422267671056	2.4537133747760382	0.5515893956843523	-0.2122511999930082
VUILD110LA_150_29_22	VUILD110LA	VUILD110	fold_1	epithelial_transitional	POOLED	2.72600863969184	2.381586111401154	2.738032732154326	2.5819520267630565	2.6095568599363546	2.6081396600406395	2.627798352316351	2.3815788378751037	2.834029785202891	2.897896248063043	2.8365005533314447	2.938457483342587	0.1440566129287837	0.003772738867186874
VUILD110LA_150_29_25	VUILD110LA	VUILD110	fold_1	epithelial_transitional	POOLED	1.57760170072594	2.3815840800861214	2.263683304275533	2.259081058267372	2.5385270188101146	2.5060145756597345	2.677374428931838	2.381573570018487	2.498971020857995	2.329169846639735	2.541287852766586	2.38573835035128	-0.681479357541432	-0.02748360105279902
VUILD110LA_150_29_30	VUILD110LA	VUILD110	fold_1	epithelial_transitional	POOLED	2.04544859253379	2.381580694561068	2.659307250366715	2.531879505539357	2.359531169630131	2.4032270855427313	2.651549970172585	2.381564790257459	2.0716129715805223	2.2887163254690734	2.038459634184038	2.250551027937554	-0.48643091300556707	-0.06653849508334811
VUILD110LA_150_29_35	VUILD110LA	VUILD110	fold_1	epithelial_transitional	POOLED	1.20981380935141	2.3815773090360137	2.3298594829663117	2.327954234715825	1.9144860602098945	1.9276412760229293	2.250527860273998	2.3815560104964306	1.9845284413727657	2.062135200578595	1.9733190757752035	2.0634898007223565	-1.1181404253644152	-0.5239119907910784
VUILD110LA_150_30_10	VUILD110LA	VUILD110	fold_1	epithelial_transitional	POOLED	3.66538048489179	2.3815944618319045	2.1348125423226034	2.140436783945031	2.12578094302362	2.1097615366123934	2.193058832148522	2.381600653831089	2.1244557626133203	2.09660046883821	2.1486244850826135	2.156930787979119	1.5249437009467592	-0.2878664516364221
VUILD110LA_150_30_13	VUILD110LA	VUILD110	fold_1	epithelial_transitional	POOLED	3.11926727046404	2.381592430516872	2.331927145777126	2.2538465269187995	2.660136820645413	2.636315188756989	2.2243675169153523	2.3815953859744723	2.3196937248462928	2.358819929144291	2.341314897794387	2.3930155064300376	0.8654207435452403	0.06302649107506406
VUILD110LA_150_30_14	VUILD110LA	VUILD110	fold_1	epithelial_transitional	POOLED	2.38358619584991	2.381591753411861	1.8196971543198703	2.073748831378746	1.668651221749918	1.6620783779676436	2.0109211809446057	2.381593630022267	1.6849062939002037	1.9548220611804348	1.6986418249811996	1.984949359764039	0.30983736447116383	-0.5698333284855998
VUILD110LA_150_30_15	VUILD110LA	VUILD110	fold_1	epithelial_transitional	POOLED	2.71731382665543	2.3815910763068504	2.3534949538043985	2.052227653049446	2.2253481871746748	2.1741476229705854	2.302992844965461	2.381591874070061	1.9759382729524837	2.0102003435660776	2.0325506350089944	2.109890695652644	0.6650861736059843	-0.3365314261923799
VUILD110LA_150_30_16	VUILD110LA	VUILD110	fold_1	epithelial_transitional	POOLED	2.19954314729792	2.3815903992018397	2.201672994312101	2.241508623765715	2.2131380455001133	2.1821510802505233	2.2323780965620914	2.3815901181178556	2.144861025885111	2.15505819332245	2.184200832513681	2.2203180286427107	-0.04196547646779525	-0.2976558137181964
VUILD110LA_150_30_18	VUILD110LA	VUILD110	fold_1	epithelial_transitional	POOLED	3.02636553861037	2.3815890449918182	2.510437774233784	2.435446337363739	2.5691448043438285	2.5724622712661356	2.2538222525236904	2.3815866062134443	2.514629807970592	2.4711518042097786	2.528026973656687	2.506814568101139	0.5909192012466309	0.009912812909482612
VUILD110LA_150_30_19	VUILD110LA	VUILD110	fold_1	epithelial_transitional	POOLED	3.10646016270746	2.381588367886807	2.7173005779744734	2.5878782107183813	2.166350658773206	2.1603791268255037	2.5450925726006344	2.3815848502612385	2.519453889760768	2.4993237624956866	2.525285170974696	2.537749072193999	0.5185819519890789	-0.4076180166931286
VUILD110LA_150_30_22	VUILD110LA	VUILD110	fold_1	epithelial_transitional	POOLED	2.36754355244545	2.381586336571775	2.4036837864541414	2.5332246456355882	2.516522791842086	2.516540606398101	2.661932568637223	2.3815795824046218	2.903380718631893	2.9644256196318253	2.9099557479749074	3.001358922865845	-0.16568109319013846	-0.06177667094475328
VUILD110LA_150_30_24	VUILD110LA	VUILD110	fold_1	epithelial_transitional	POOLED	2.57665664264557	2.3815849823617534	2.456151816317229	2.3920795343823187	2.3256482312574507	2.3143935531504662	2.8056602268862076	2.3815760705002105	2.34357596308349	2.332098853622036	2.3685770339786667	2.3656360240538166	0.18457710826325124	-0.19346636036069306
VUILD110LA_150_30_25	VUILD110LA	VUILD110	fold_1	epithelial_transitional	POOLED	1.94801769027452	2.3815843052567423	2.1613129533881104	2.2536081071144745	2.0039304379253715	1.989869705168152	2.542829967510256	2.3815743145480046	2.0739534116217353	2.3512815085811645	2.0881316613897942	2.406230113799766	-0.30559041683995436	-0.41224347545757334
VUILD110LA_150_30_28	VUILD110LA	VUILD110	fold_1	epithelial_transitional	POOLED	2.25878702739635	2.38158227394171	2.757112197491033	2.730148420471009	2.958758821173811	2.9499958364855026	2.7217887621521446	2.381569046691388	2.6349166784785916	2.731865054843879	2.613888605873542	2.727601866800294	-0.47136139307465896	0.29348836753414853
VUILD110LA_150_30_9	VUILD110LA	VUILD110	fold_1	epithelial_transitional	POOLED	2.95628710078374	2.381595138936915	2.333144951532193	2.042597894338979	2.007837702114008	1.9418535037498135	2.174135628292511	2.381602409783295	2.0224800354866215	2.0122916557622648	2.070672154206497	2.102863110474928	0.913689206444761	-0.43464365331734445
VUILD110LA_150_31_11	VUILD110LA	VUILD110	fold_1	epithelial_transitional	POOLED	2.8745173792939	2.3815940098975146	2.280550330482899	2.2290844494945534	1.7604919228841704	1.7372879402487678	1.7463954129080843	2.381599642408401	1.9274779355947598	1.6530997771691307	1.9455145447613293	1.6996017407672892	0.6454329297993464	-0.6695599618623843
VUILD110LA_150_31_12	VUILD110LA	VUILD110	fold_1	epithelial_transitional	POOLED	2.60880206056501	2.381593332792504	2.4285219207411766	2.307587666009425	1.9360988890466502	1.861012508626805	2.052229937637887	2.3815978864561957	2.122466310699833	1.8927291323394506	2.1671772319714546	1.974639289216287	0.30121439455558496	-0.5804511644540225
VUILD110LA_150_31_13	VUILD110LA	VUILD110	fold_1	epithelial_transitional	POOLED	2.90446471835964	2.3815926556874927	2.5876777595041216	2.4209153700825623	2.0638639069431406	2.044373289454506	2.327002777522626	2.38159613050399	2.45410955824334	2.2855256933816563	2.485776436217195	2.360065508158526	0.48354934827707785	-0.4677365578663802
VUILD110LA_150_31_14	VUILD110LA	VUILD110	fold_1	epithelial_transitional	POOLED	2.46384062656906	2.381591978582482	2.480572879232882	2.3131708701590235	1.8568399150182853	1.819310653054653	2.1927542522095322	2.3815943745517845	1.8373247178013075	2.212663804404515	1.8531166542823176	2.292992136914443	0.15066975641003655	-0.6400726056719825
VUILD110LA_150_31_15	VUILD110LA	VUILD110	fold_1	epithelial_transitional	POOLED	2.73745484441323	2.3815913014774712	2.39703041228766	2.3554610708079675	1.9577570297826563	1.9341272548191637	2.1015660578360396	2.3815926185995786	2.1674240589073404	2.0707169217817745	2.1941070518240626	2.1119604377757755	0.38199377360526254	-0.5153600684226417
VUILD110LA_150_31_16	VUILD110LA	VUILD110	fold_1	epithelial_transitional	POOLED	3.22217828719073	2.3815906243724605	2.6641266309268685	2.3766580672850615	2.351344623878927	2.28994626779927	2.3763053204794335	2.381590862647373	2.169154296549195	2.2954502105072936	2.2083108395183033	2.375817472177622	0.8455202199056684	-0.40442481854498125
VUILD110LA_150_31_19	VUILD110LA	VUILD110	fold_1	epithelial_transitional	POOLED	3.0020441215065	2.381588593057428	2.6599384087328026	2.428211271766	2.149771992365495	2.144962438476574	2.472678627926782	2.3815855947907565	2.4963391957524053	2.5569614856027285	2.5159464716338795	2.5877480658078267	0.5738328497405001	-0.2427088021237608
VUILD110LA_150_31_22	VUILD110LA	VUILD110	fold_1	epithelial_transitional	POOLED	2.83833049807129	2.3815865617423957	2.624401959617826	2.544625945701413	2.3870749285022392	2.396916239049783	2.731560461875682	2.3815803269341393	2.6295245772592972	2.837200385204269	2.6291732704126627	2.872598606240311	0.2937045523698769	-0.09432335229648568
VUILD110LA_150_31_24	VUILD110LA	VUILD110	fold_1	epithelial_transitional	POOLED	2.29057731052772	2.3815852075323742	2.135701382715883	2.319411501051176	2.702255550938634	2.6900023534676993	2.6556874456313175	2.381576815029728	2.3473464851718666	2.613204630130913	2.377131085795848	2.69127001843086	-0.02883419052345637	0.10922647365009633
VUILD110LA_150_31_25	VUILD110LA	VUILD110	fold_1	epithelial_transitional	POOLED	1.66422990474769	2.381584530427363	2.5498787736524378	2.4022980030075605	2.4281778925122546	2.4460674955535113	2.4543142344489826	2.3815750590775226	2.2958528179223783	2.299904067379234	2.3059083610205477	2.2940228926491293	-0.7380680982598704	-0.08672199812559564
VUILD110LA_150_31_27	VUILD110LA	VUILD110	fold_1	epithelial_transitional	POOLED	2.85348676409846	2.3815831762173416	2.8100315842014876	2.732225444372751	2.7736162329877527	2.822626786298978	2.5275552871055	2.3815715471731114	2.3374082095547832	2.67365010209858	2.281992804024715	2.6013017728126955	0.12126131972570864	0.26515912003906494
VUILD110LA_150_31_28	VUILD110LA	VUILD110	fold_1	epithelial_transitional	POOLED	2.09161788085481	2.381582499112331	2.4683511536713802	2.5245727806977527	2.3911574101642863	2.3943415790565807	2.625379830610515	2.3815697912209055	2.192467339141949	2.030135900332472	2.1877801224403317	2.0392146234264446	-0.4329548998429429	-0.09975472702749205
VUILD110LA_150_31_8	VUILD110LA	VUILD110	fold_1	epithelial_transitional	POOLED	2.60654715575932	2.3815960412125468	1.9718392513113059	1.8953942049205839	1.490579416051201	1.4332056752759041	1.5861612222608128	2.3816049102650183	1.7482418356296652	1.6038245481751376	1.7986739830262573	1.6722454675709701	0.7111529508387362	-0.6974251002667505
VUILD110LA_150_32_12	VUILD110LA	VUILD110	fold_1	epithelial_transitional	POOLED	2.58359409548748	2.3815935579631247	2.2460640205924216	2.096533459273041	2.589267532149387	2.4713649212435214	1.821711380794578	2.3815986309857133	2.4253668471774734	2.0949133618096605	2.504308751000828	2.2330611224601284	0.48706063621443896	-0.1390873627011715
VUILD110LA_150_32_13	VUILD110LA	VUILD110	fold_1	epithelial_transitional	POOLED	2.80119200559788	2.3815928808581135	2.391120930761318	2.2648490412759053	2.2943688230960015	2.228169142019877	2.067426247997683	2.381596875033508	2.2429380213661805	2.1245956724493604	2.2970591850506623	2.231260339717029	0.5363429643219746	-0.2625560824014795
VUILD110LA_150_32_14	VUILD110LA	VUILD110	fold_1	epithelial_transitional	POOLED	2.87923965611043	2.3815922037531028	2.4430271673488257	2.2279519277841184	2.2654549932953123	2.2169774231506456	2.0198078096025593	2.381595119081302	2.341767495784107	2.3845947972047945	2.3931822562301943	2.476707485433393	0.6512877283263117	-0.36719645969049997
VUILD110LA_150_32_15	VUILD110LA	VUILD110	fold_1	epithelial_transitional	POOLED	1.85119735967262	2.381591526648092	2.150266300262143	2.2444331991092756	1.8251638085416184	1.811739555409622	2.390082009463015	2.3815933631290966	2.1079979873003905	2.1381963015204764	2.144033133449919	2.205831720356007	-0.39323583943665574	-0.4963809644636483
VUILD110LA_150_32_16	VUILD110LA	VUILD110	fold_1	epithelial_transitional	POOLED	2.93659077210512	2.3815908495430813	2.519351561447922	2.3356464436127276	1.6622802434889015	1.6305003986004192	2.3453591291869644	2.381591607176891	2.0829460819965	2.06208096160185	2.1169230809622923	2.136829300076497	0.6009443284923925	-0.8898516230875338
VUILD110LA_150_32_18	VUILD110LA	VUILD110	fold_1	epithelial_transitional	POOLED	2.32567283994309	2.3815894953330594	2.445686705122881	2.2664522122113846	1.8204799200307091	1.806460458162685	2.431486097690441	2.3815880952724795	1.8030394977998032	1.8123683782871567	1.8361491725311392	1.8637466429316412	0.059220627731705555	-0.6227072011191693
VUILD110LA_150_32_19	VUILD110LA	VUILD110	fold_1	epithelial_transitional	POOLED	2.74358917472897	2.3815888182280487	2.5255967996261246	2.4405022056091035	2.1241352758589187	2.139927725762426	2.4773442784494226	2.381586339320274	1.8381171069059425	2.0279459332715404	1.8406132291087307	2.0120343071237548	0.30308696911986654	-0.28462257708788996
VUILD110LA_150_32_22	VUILD110LA	VUILD110	fold_1	epithelial_transitional	POOLED	2.47401941867351	2.3815867869130165	2.610515447014899	2.6337065276636125	2.501162959995062	2.52158970716222	2.7604041798454597	2.381581071463657	2.3211658488754954	2.5644699890252074	2.2909395807915978	2.5585884649834845	-0.15968710899010263	0.056006558362700166
VUILD110LA_150_32_23	VUILD110LA	VUILD110	fold_1	epithelial_transitional	POOLED	2.07284843221306	2.381586109808006	2.751642462379642	2.679217662002827	2.769332089732388	2.751396807253451	2.669958951560198	2.3815793155114515	2.6683384118487536	2.7254257340836148	2.666604520185979	2.7164331205486767	-0.6063692297897672	0.08361331863263792
VUILD110LA_150_32_24	VUILD110LA	VUILD110	fold_1	epithelial_transitional	POOLED	2.526321294619	2.3815854327029946	2.3000454819721554	2.264995964062303	2.400483910868129	2.3715333495158752	2.7653805316689426	2.3815775595592457	2.174224773022919	2.3780998607652375	2.1968825917085524	2.43224620157414	0.26132533055669693	0.011291908399657788
VUILD110LA_150_32_25	VUILD110LA	VUILD110	fold_1	epithelial_transitional	POOLED	2.33659538080189	2.381584755597984	2.1682126770859633	2.27363875421859	2.3751619115723783	2.3545241674126736	2.642412782690085	2.3815758036070402	2.338129567257759	2.3880027630743643	2.3685068682313632	2.4642680122624667	0.06295662658330015	-0.16198163820703837
VUILD110LA_150_32_26	VUILD110LA	VUILD110	fold_1	epithelial_transitional	POOLED	2.27385902298202	2.381584078492973	2.4434159250171184	2.468422907260298	2.1704941363690224	2.1873391867468763	2.517989354814855	2.381574047654835	2.1140699277934294	2.141463292365053	2.1130729488123747	2.1620635483718904	-0.19456388427827775	-0.2998746716236612
VUILD110LA_150_33_10	VUILD110LA	VUILD110	fold_1	epithelial_transitional	POOLED	3.24971574164299	2.381595137343767	2.298456846500842	1.995204559480099	1.8835625550369566	1.850090024313368	2.0264228620839315	2.3816028874196427	2.0587507762490125	1.8177543734418955	2.107404170608198	1.8718679006872065	1.254511182162891	-0.4077510795694987
VUILD110LA_150_33_12	VUILD110LA	VUILD110	fold_1	epithelial_transitional	POOLED	2.99788132932454	2.381593783133745	2.1149835617710098	1.911450474508546	1.9522849798439728	1.8844555395427598	2.217156112829198	2.3815993755152314	1.8105998599671806	1.8777800348277502	1.877253485902371	1.9803433630165195	1.086430854815994	-0.41771061645764435
VUILD110LA_150_33_13	VUILD110LA	VUILD110	fold_1	epithelial_transitional	POOLED	2.98614094726978	2.3815931060287343	2.1081714316414275	2.049705453144811	1.9048191491725777	1.8753856896856973	2.0489347900676638	2.3815976195630255	1.887405103537524	2.094806037204851	1.9371902518881852	2.204468740459855	0.9364354941249693	-0.4754335375395794
VUILD110LA_150_33_14	VUILD110LA	VUILD110	fold_1	epithelial_transitional	POOLED	2.44080468514133	2.3815924289237236	2.1413451429268764	2.1350713341886154	1.5304410950444458	1.52150720114664	2.0574162674635286	2.38159586361082	1.7808134097076662	1.9087396386462185	1.8175805821290325	1.9645185025145073	0.3057333509527145	-0.8291624838266048
VUILD110LA_150_33_15	VUILD110LA	VUILD110	fold_1	epithelial_transitional	POOLED	2.61960651740141	2.381591751818713	2.5658802847939057	2.332792816610529	1.9747484258256516	1.9385720847512014	2.456280601501229	2.3815941076586142	1.905391607707888	2.196835538128034	1.9435037829104729	2.2611917009716613	0.28681370079088087	-0.5086803465840919
VUILD110LA_150_33_16	VUILD110LA	VUILD110	fold_1	epithelial_transitional	POOLED	2.72784928940202	2.381591074713702	2.3811753774037863	2.332006557271118	1.9572337917611795	1.9313168138635426	2.5141729901943046	2.381592351706409	2.0137589120023307	2.191365318226067	2.050472378875557	2.270175879170486	0.39584273213090215	-0.5212923501544394
VUILD110LA_150_33_17	VUILD110LA	VUILD110	fold_1	epithelial_transitional	POOLED	2.50807974634942	2.3815903976086914	2.233948819900329	2.1021933228579117	2.0030615060984998	1.9451998801410073	2.198551395916383	2.381590595754203	2.1346778692746966	2.1702125902145912	2.19352779944557	2.2819030511559593	0.4058864234915083	-0.4206573207635937
VUILD110LA_150_33_19	VUILD110LA	VUILD110	fold_1	epithelial_transitional	POOLED	2.65700187882673	2.3815890433986695	2.600250375589137	2.445540311270181	2.479665106495481	2.4411916444116586	2.504583681192314	2.3815870838497917	2.5226127321622434	2.4592112201757956	2.5517887913635713	2.497100661337374	0.21146156755654877	-0.11272491909204478
VUILD110LA_150_33_20	VUILD110LA	VUILD110	fold_1	epithelial_transitional	POOLED	2.56234480973637	2.3815883662936588	2.6065697842205617	2.535911513230989	2.0246183458316658	2.030331615683589	2.5161234769886707	2.3815853278975863	2.2844424240545087	2.1351809676284077	2.272404219196647	2.100784523824711	0.026433296505381065	-0.32172977696918237
VUILD110LA_150_33_22	VUILD110LA	VUILD110	fold_1	epithelial_transitional	POOLED	2.68079788095243	2.3815870120836373	2.480327567269073	2.5547356256681173	1.9668583009528238	1.9927413886429302	2.5998900832982494	2.381581815993175	2.100379045510586	2.1374959116677923	2.1038132121380047	2.1431956421710305	0.12606225528431292	-0.4373162637683786
VUILD110LA_150_33_23	VUILD110LA	VUILD110	fold_1	epithelial_transitional	POOLED	2.5035612057192	2.3815863349786266	2.593144276370045	2.6179752056315606	2.4239476669910185	2.4532689231851323	2.6810877452234716	2.381580060040969	2.26523777944215	2.4070330736534844	2.248081835971052	2.3488543430968347	-0.11441399991236079	0.056212192596133116
VUILD110LA_150_33_24	VUILD110LA	VUILD110	fold_1	epithelial_transitional	POOLED	2.34384289242204	2.3815856578736154	2.486697221585633	2.4605014308291455	2.3567797606882297	2.3523160632455724	2.6626633276041494	2.3815783040887637	2.3919198341910626	2.4779406826631742	2.3958026820722567	2.5266911292614886	-0.11665853840710572	-0.2147094075242086
VUILD110LA_150_33_25	VUILD110LA	VUILD110	fold_1	epithelial_transitional	POOLED	2.44010532740239	2.3815849807686047	2.3752519167453654	2.3690461671541243	2.1318349149021314	2.150655536321344	2.8846007141069405	2.381576548136558	2.212397445597394	2.4597065076542752	2.220687544818219	2.4957408945077817	0.07105916024826575	-0.2910490643326236
VUILD110LA_150_33_26	VUILD110LA	VUILD110	fold_1	epithelial_transitional	POOLED	2.37892552803827	2.381584303663594	2.540381665028778	2.5671752739394766	2.0849375786725792	2.142327204799739	2.723651155685478	2.3815747921843524	2.0458202591873844	2.4154837277566075	2.032665309673384	2.4115095804466917	-0.18824974590120647	-0.3854808087076561
VUILD110LA_150_33_30	VUILD110LA	VUILD110	fold_1	epithelial_transitional	POOLED	1.22494503625545	2.3815815952435506	2.1371269162692434	2.161282139676536	1.5072158756581238	1.5329455303253081	2.5402171161259406	2.38156776837553	1.8160386840533467	1.9851549101893469	1.8224159728249425	2.0152916652654858	-0.9363371034210861	-0.8229269821141881
VUILD110LA_150_33_31	VUILD110LA	VUILD110	fold_1	epithelial_transitional	POOLED	1.18162588532051	2.38158091813854	2.0298435610947596	2.013392914075204	1.8340960516076135	1.764915308250792	2.4562857237000086	2.381566012423324	1.7293401194862223	2.102619878093978	1.7795431212183515	2.2007190253820736	-0.8317670287546941	-0.515747980365031
VUILD110LA_150_34_12	VUILD110LA	VUILD110	fold_1	epithelial_transitional	POOLED	2.56588690020894	2.381594008304366	1.65064012800655	1.7637102247840306	1.5940346647785921	1.5383161338375246	1.7612724836465725	2.381600120044749	1.5750176073807423	1.6872963374832033	1.6320200197491703	1.7510527170097019	0.8021766754249096	-0.6034615309629041
VUILD110LA_150_34_13	VUILD110LA	VUILD110	fold_1	epithelial_transitional	POOLED	2.92491221976249	2.381593331199355	2.2872588705605077	1.9233494270372793	2.2003696754319173	2.11451808981825	2.0488145330546463	2.381598364092543	1.8968504574189944	2.079128257367301	1.9609168008661155	2.1993251091025927	1.0015627927252106	-0.35170486774515464
VUILD110LA_150_34_15	VUILD110LA	VUILD110	fold_1	epithelial_transitional	POOLED	2.51835585974003	2.3815919769893337	2.434240789867436	2.289067608489121	2.214318055792218	2.1540501441255264	2.400171253673211	2.381594852188132	2.4761339007114547	2.5042541940141203	2.534479393237574	2.6042839682508987	0.2292882512509089	-0.42519444258672695
VUILD110LA_150_34_16	VUILD110LA	VUILD110	fold_1	epithelial_transitional	POOLED	2.60565059740408	2.381591299884323	2.4758193637238857	2.35053520951659	2.185458818826418	2.1562834354833553	2.418076847605188	2.3815930962359264	2.441328053537498	2.5092134955641003	2.493339770285027	2.6123014465955317	0.25511538788748966	-0.3618458907487271
VUILD110LA_150_34_17	VUILD110LA	VUILD110	fold_1	epithelial_transitional	POOLED	2.58453007391611	2.381590622779312	2.3105431303839685	2.4022189529820253	1.7590758785437695	1.7561184077824812	2.478984538096589	2.3815913402837205	2.0957765623949256	2.2568310556428863	2.1263196941681226	2.305028662700817	0.18231112093408486	-0.7251024116115405
VUILD110LA_150_34_18	VUILD110LA	VUILD110	fold_1	epithelial_transitional	POOLED	2.15499413588686	2.381589945674301	2.618846969099879	2.4062456816733673	1.9730065790132016	1.952342461568574	2.491876630044003	2.381589584331515	2.1680519615117824	2.172277407640427	2.1816455296077635	2.2310343688315832	-0.25125154578650744	-0.5197347245224317
VUILD110LA_150_34_19	VUILD110LA	VUILD110	fold_1	epithelial_transitional	POOLED	2.46708149685541	2.3815892685692903	2.4400141505050374	2.5016789375848005	2.244345805781553	2.256668902377075	2.595591833923915	2.3815878283793097	2.206822383132744	2.4051370068306173	2.200483103214257	2.4154721739862675	-0.03459744072939053	-0.1442858465604445
VUILD110LA_150_34_20	VUILD110LA	VUILD110	fold_1	epithelial_transitional	POOLED	2.74120970951926	2.3815885914642796	2.612301934493916	2.549551746158686	2.0183198991713933	2.0446023022525237	2.5926014779266056	2.381586072427104	2.3083519013107394	2.202219391333038	2.2868025055689642	2.175967507254951	0.19165796336057372	-0.35462771340105925
VUILD110LA_150_34_22	VUILD110LA	VUILD110	fold_1	epithelial_transitional	POOLED	2.5707502605473	2.381587237254258	2.723296286672436	2.613421156631695	2.04252093126611	2.0525684682406755	2.585200351412939	2.3815825605226926	2.3532532988259236	2.1424108735175147	2.3336098622001873	2.1314824862820965	-0.042670896084394894	-0.4530621221211219
VUILD110LA_150_34_23	VUILD110LA	VUILD110	fold_1	epithelial_transitional	POOLED	2.37252143258596	2.3815865601492474	2.6495578640483486	2.609026519500086	2.1123424076423123	2.1120828405295224	2.4433750618331502	2.381580804570487	2.0885034313907127	1.9143406440684771	2.083248089025631	1.9120064714075835	-0.2365050869141263	-0.44842498341020565
VUILD110LA_150_34_24	VUILD110LA	VUILD110	fold_1	epithelial_transitional	POOLED	2.39271831891362	2.3815858830442362	2.4364060860833736	2.478345873998632	1.8721630688372617	1.8642793517044058	2.4250272554960457	2.3815790486182813	1.7207468449783654	2.1204930180335304	1.7240470882245118	2.153618980378818	-0.0856275550850123	-0.7018342663541431
VUILD110LA_150_34_25	VUILD110LA	VUILD110	fold_1	epithelial_transitional	POOLED	2.237097051459	2.3815852059392255	2.4633819193474973	2.4632936509222896	2.2500690726336017	2.2085028741465487	2.445407230649204	2.381577292666076	2.1176241140458005	2.07953991492478	2.105586354276807	2.0924267583757286	-0.22619659946328952	-0.30726714836457447
VUILD110LA_150_34_26	VUILD110LA	VUILD110	fold_1	epithelial_transitional	POOLED	2.99379231661574	2.381584528834215	2.570433546280943	2.47365496565983	2.377673798331319	2.3667131346395314	2.67846716038737	2.38157553671387	2.3911531479743666	2.533504176662983	2.3881262902082727	2.552215679569757	0.5201373509559097	-0.029836536377763
VUILD110LA_150_35_14	VUILD110LA	VUILD110	fold_1	epithelial_transitional	POOLED	2.73071188515572	2.381592879264965	2.218471545455657	2.1516625999758316	2.210986171783605	2.1358387332618167	1.5992077788098835	2.3815973526698553	2.297910682397763	1.980137902660191	2.3300330346786127	2.048799320408477	0.5790492851798885	-0.3937637284712193
VUILD110LA_150_35_15	VUILD110LA	VUILD110	fold_1	epithelial_transitional	POOLED	2.62289689171553	2.3815922021599545	2.40048597505536	2.3460874771204194	2.0117448503865907	1.9558906119894839	1.9573816849897687	2.38159559671765	2.2145519405168184	2.291210286695766	2.248234274943513	2.351223973909925	0.27680941459511077	-0.5494167793375585
VUILD110LA_150_35_16	VUILD110LA	VUILD110	fold_1	epithelial_transitional	POOLED	2.48085770930854	2.3815915250549438	2.5049715158268206	2.4205681071423624	1.6286553879072256	1.6271926635692413	2.0770316977485503	2.381593840765444	2.0162050805733305	2.041736565346659	2.0435979834728086	2.0891837465006176	0.06028960216617785	-0.8097188569524202
VUILD110LA_150_35_17	VUILD110LA	VUILD110	fold_1	epithelial_transitional	POOLED	2.46973896211655	2.381590847949933	2.7608951372036414	2.5140387153823784	1.944352491678893	1.9108364257719916	2.0545845326942977	2.3815920848132386	2.2395814008931625	2.134747782710281	2.269906177625511	2.182234148830222	-0.04429975326582847	-0.65245793990323
VUILD110LA_150_35_18	VUILD110LA	VUILD110	fold_1	epithelial_transitional	POOLED	2.57882057011742	2.381590170844922	2.7513030636200084	2.6922847218186146	2.203617215847794	2.227865163363245	2.510486974360157	2.3815903288610327	2.33379179962277	2.528943189157597	2.3175990470856127	2.5422737311300025	-0.11346415170119473	-0.36363272518531203
VUILD110LA_150_35_19	VUILD110LA	VUILD110	fold_1	epithelial_transitional	POOLED	2.42884838784742	2.381589493739911	2.4474820288311507	2.5364710853006054	2.0098454816133655	2.026258806113675	2.4585790341828724	2.3815885729088273	2.153468107185529	2.2857186118387363	2.1527314184464905	2.289209614124272	-0.10762269745318553	-0.43071020116121117
VUILD110LA_150_35_20	VUILD110LA	VUILD110	fold_1	epithelial_transitional	POOLED	2.68438582732848	2.3815888166349004	2.5852154002806547	2.6100407667529284	2.5642460505550244	2.5461035813293695	2.4716467431068883	2.3815868169566214	2.5378735571964004	2.684685221840902	2.5301579241054517	2.6767488426219277	0.07434506057555179	0.016317200407972472
VUILD110LA_150_35_22	VUILD110LA	VUILD110	fold_1	epithelial_transitional	POOLED	3.05425406585482	2.381587462424879	2.6910724424655355	2.8182891624275634	2.047022052968783	2.109226705005472	2.5179517588989198	2.38158330505221	2.2200785482749548	2.0977058059871796	2.2018681589958247	2.041077942523801	0.23596490342725662	-0.6285588027654704
VUILD110LA_150_35_23	VUILD110LA	VUILD110	fold_1	epithelial_transitional	POOLED	2.15821794687599	2.381586785319868	2.486318347609502	2.4159038309492282	2.0230442590035285	2.0094426536298773	2.1777908404254323	2.3815815491000047	1.9929215425549904	2.2988252898127564	2.0175605302087596	2.3500867512402857	-0.2576858840732381	-0.5256440501223231
VUILD110LA_150_35_26	VUILD110LA	VUILD110	fold_1	epithelial_transitional	POOLED	1.17579168237279	2.3815847540048356	2.6935827517983992	2.7176845785050068	1.617605391208418	1.6847659881686914	2.388314630248977	2.381576281243388	1.8948942888511302	2.1770191665153744	1.8512635852232044	2.110234885046376	-1.5418928961322167	-0.7559844918004482
VUILD110LA_150_35_28	VUILD110LA	VUILD110	fold_1	epithelial_transitional	POOLED	0.765809655243786	2.381583399794814	2.1311081484926513	2.1888761955728806	1.7445852259899515	1.747602855305178	2.206143064043076	2.3815727693389768	1.788497910617451	1.5143636452321916	1.8028616590859832	1.5464293966662814	-1.4230665403290947	-0.7056943064600173
VUILD110LA_150_36_17	VUILD110LA	VUILD110	fold_1	epithelial_transitional	POOLED	2.40675075180017	2.3815910731205534	2.4711244149994154	2.3542128900041654	2.253816311991469	2.2178519407167085	2.400012294213102	2.381592829342756	2.5044033293520056	2.162802827797779	2.531714118347654	2.2281759552177163	0.05253786179600439	-0.31701193643337816
VUILD110LA_150_36_18	VUILD110LA	VUILD110	fold_1	epithelial_transitional	POOLED	2.35589325756709	2.3815903960155427	2.4706648080236775	2.4946756156274223	2.1995425845174674	2.1905802583161837	2.333575342998459	2.3815910733905508	2.3804276980542367	2.4095411002566243	2.381845243631788	2.4339783523431664	-0.13878235806033246	-0.3600556641426339
VUILD110LA_150_36_19	VUILD110LA	VUILD110	fold_1	epithelial_transitional	POOLED	2.13343153227416	2.381589718910532	2.6739178610013203	2.5399807915084844	2.0591845308194223	2.048535767262878	2.367585270962415	2.381589317438345	2.2478351091277373	2.523983300553326	2.256597740313573	2.568541942495728	-0.4065492592343243	-0.4459128696465398
VUILD110LA_150_36_22	VUILD110LA	VUILD110	fold_1	epithelial_transitional	POOLED	1.7897755907355	2.3815876875954998	2.71818199115189	2.535399718515964	1.6692557977487155	1.6761718074051446	2.0952076542041267	2.381584049581728	1.5863584025732906	1.796874772856564	1.570817774129777	1.8032761136218154	-0.745624127780464	-0.8116463695549303
VUILD110LA_150_36_23	VUILD110LA	VUILD110	fold_1	epithelial_transitional	POOLED	1.67559520500494	2.3815870104904886	2.217538841476906	2.2395033754886757	1.8681041886622698	1.8004199781027985	2.2283055477761473	2.3815822936295223	1.932904008957199	1.8832750700979457	1.9774358208615936	1.9706027859555202	-0.5639081704837356	-0.6559463778456532
VUILD110LA_150_36_24	VUILD110LA	VUILD110	fold_1	epithelial_transitional	POOLED	1.64921455869091	2.381586333385478	2.485835835478174	2.3308137207286386	1.5891744679146318	1.5677704656566567	2.283033068237172	2.381580537677317	1.8466375106365884	1.7973233995813747	1.8830597473248984	1.8393604376762926	-0.6815991620377286	-0.8913887819471321
VUILD110LA_150_36_25	VUILD110LA	VUILD110	fold_1	epithelial_transitional	POOLED	2.36274787114685	2.381585656280467	2.5020931857545774	2.6026005635728446	1.8708875059911914	1.9219512992864138	2.208999477106949	2.381578781725111	1.981509582468298	1.9488985307134445	1.9611327717701197	1.8975465130845937	-0.23985269242599472	-0.5501883853267158
VUILD110LA_150_37_17	VUILD110LA	VUILD110	fold_1	epithelial_transitional	POOLED	1.93467761221226	2.381591298291174	2.3026278014097064	2.1723017493926093	1.8090094503378413	1.7604759448378335	2.135075245818466	2.381593573872274	1.7104508568422445	1.7167444641290326	1.7501560198497756	1.7473232982236109	-0.23762413718034936	-0.5192514076691409
VUILD110LA_150_37_18	VUILD110LA	VUILD110	fold_1	epithelial_transitional	POOLED	2.07975302386416	2.3815906211861635	2.4679759211850936	2.410958788773143	2.1623140362125475	2.158266243283238	2.0436327630332887	2.3815918179200684	1.9978165863622876	2.043352152013256	2.0143143299255533	2.0808005055671392	-0.331205764908983	-0.21651681019534946
VUILD110LA_150_37_19	VUILD110LA	VUILD110	fold_1	epithelial_transitional	POOLED	2.13401586845907	2.3815899440811528	2.663343183111775	2.6395644526890623	1.741833216849137	1.7513208321442602	2.235274733923852	2.381590061967863	1.71491397167628	1.8513864937856437	1.6816864095141273	1.7985931737597785	-0.505548584229992	-0.6757992929221074
VUILD110LA_150_37_20	VUILD110LA	VUILD110	fold_1	epithelial_transitional	POOLED	2.41963809132399	2.381589266976142	2.6053968145813013	2.5668666027782265	1.5989162021766319	1.632142965210393	1.9529874522913264	2.381588306015657	1.7700570380450276	2.1112922596693884	1.7499382625710185	2.077688720156344	-0.14722851145423643	-0.9194065602340386
VUILD110LA_150_37_22	VUILD110LA	VUILD110	fold_1	epithelial_transitional	POOLED	1.3760629689993	2.3815879127661206	2.4505501959287237	2.3715232658767684	1.935910526350035	1.9384904902993718	1.858956303227098	2.381584794111246	2.0479336833887043	2.0008694244104532	2.052561641945435	2.0160931100671617	-0.9954602968774684	-0.5038884481859163
VUILD110LA_150_37_23	VUILD110LA	VUILD110	fold_1	epithelial_transitional	POOLED	1.63805055408325	2.3815872356611094	2.106507886202914	1.7519966014186377	1.5666263905143716	1.4720172405206042	1.8192447643108487	2.3815830381590404	1.4002113019885167	1.4146051210128046	1.480678101688898	1.552163409137485	-0.11394604733538771	-0.8336610791137015
VUILD110LA_150_3_17	VUILD110LA	VUILD110	fold_1	epithelial_transitional	POOLED	1.22183708141773	2.3815836424900674	2.2466605054078785	2.2680809059589992	2.2421981198372647	2.1404032735935843	1.8341106696676388	2.3815682598686707	2.095685946610685	2.2562423571231687	2.1603623251335375	2.3422101297207236	-1.0462438245412693	-0.22602679399373984
VUILD110LA_150_3_18	VUILD110LA	VUILD110	fold_1	epithelial_transitional	POOLED	2.34625693555037	2.3815829653850566	2.5149360163594485	2.3470948976478727	2.1217493389854494	2.0883750554784273	2.003882383494648	2.3815665039164653	1.9048485364784173	2.1627082057023186	1.8895350428253148	2.14336472510495	-0.0008379620975027535	-0.36775230803224557
VUILD110LA_150_3_20	VUILD110LA	VUILD110	fold_1	epithelial_transitional	POOLED	2.46296018942657	2.381581611175035	2.371053444339742	2.2364032535540606	2.032552208164255	2.042081428896142	1.5695025919451595	2.381562992012054	2.2751629707841987	2.349197681933172	2.2512212560736944	2.3320965307720054	0.22655693587250925	-0.332180336874388
VUILD110LA_150_3_22	VUILD110LA	VUILD110	fold_1	epithelial_transitional	POOLED	2.29485357281729	2.3815802569650133	2.5628922337848317	2.547775259099361	2.374454897846489	2.4151894645685767	1.6347754861008015	2.3815594801076427	2.6038273430008023	2.5538289982626896	2.597269368386224	2.520443591737604	-0.25292168628207135	-0.12045077886402553
VUILD110LA_150_3_23	VUILD110LA	VUILD110	fold_1	epithelial_transitional	POOLED	1.75585636636533	2.3815795798600026	2.7458739037920643	2.655252662880333	2.172487688969867	2.2330473651318954	2.091553542006904	2.381557724155437	2.0646163974162097	2.2244276916208867	2.0053520327737475	2.1207675281214287	-0.8993962965150029	-0.20730662096757316
VUILD110LA_150_3_24	VUILD110LA	VUILD110	fold_1	epithelial_transitional	POOLED	2.43395779749564	2.381578902754992	2.3504402884733295	2.5451552879818964	2.1650582810779966	2.210488390108307	1.8880229041108927	2.3815559682032315	2.2268523342613395	2.280561872168265	2.1948152583038465	2.2149321488811076	-0.11119749048625627	-0.24374863370781272
VUILD110LA_150_3_25	VUILD110LA	VUILD110	fold_1	epithelial_transitional	POOLED	2.33046962131944	2.381578225649981	2.41946573982739	2.4545907020262345	2.489759975947722	2.4823589984742522	2.1456595769853966	2.3815542122510256	2.3681413545382957	2.5077778947130223	2.3644332417955556	2.4663237916475724	-0.12412108070679473	0.014230236857735902
VUILD110LA_150_3_26	VUILD110LA	VUILD110	fold_1	epithelial_transitional	POOLED	3.13897890716021	2.38157754854497	2.65132143087442	2.6180318516579573	2.1808075332461954	2.195709810242495	1.910915878902209	2.38155245629882	2.2545257784154735	2.1957130435447416	2.227522886788234	2.1568210745147667	0.5209470555022526	-0.22181765125531908
VUILD110LA_150_4_18	VUILD110LA	VUILD110	fold_1	epithelial_transitional	POOLED	1.75839845981357	2.3815831905556775	2.422100824183004	2.498446558547793	2.5498102302691255	2.5340906517032065	1.648908889873539	2.381567248445983	2.428884641522292	2.5483981324184777	2.415061252575108	2.5427557174365525	-0.7400480987342228	-3.7560986338761385e-05
VUILD110LA_150_4_21	VUILD110LA	VUILD110	fold_1	epithelial_transitional	POOLED	2.7058854509547	2.381581159240645	2.383753607180231	2.4609878011455844	2.2996371021039366	2.297622419092528	2.2793805067372674	2.381561980589366	2.303171296040979	2.443355590440618	2.3225620937617424	2.48259695941219	0.24489764980911577	-0.15289729950998984
VUILD110LA_150_4_27	VUILD110LA	VUILD110	fold_1	epithelial_transitional	POOLED	2.61323853531905	2.38157709661058	2.7898509681967263	2.7512110341234646	2.14845862620205	2.2151027841875206	2.0570008010820575	2.3815514448761324	2.2714215108690894	2.362016397324887	2.2196893083763944	2.2992225497530487	-0.13797249880441464	-0.2904722073002072
VUILD110LA_150_5_14	VUILD110LA	VUILD110	fold_1	epithelial_transitional	POOLED	2.14616929824532	2.381586124146341	2.444336368674412	2.452430872267826	2.271148776444603	2.312858382759448	2.3598083284369995	2.381575016784323	2.200515357432972	2.5153935362882587	2.181930421413319	2.4524417156441123	-0.3062615740225061	-0.024528765828751867
VUILD110LA_150_5_16	VUILD110LA	VUILD110	fold_1	epithelial_transitional	POOLED	2.49159062751639	2.3815847699363197	2.485153397455744	2.460370091882871	2.0425307920750218	2.052797467473974	2.151097664663702	2.3815715048799118	2.192489561640806	2.129238089472307	2.1868131059950233	2.1182007756083587	0.03122053563351912	-0.33045047901912744
VUILD110LA_150_5_17	VUILD110LA	VUILD110	fold_1	epithelial_transitional	POOLED	2.52573576922161	2.381584092831309	2.523512082417604	2.6586967484144655	2.3796281531053367	2.418660556273138	2.3673937934954496	2.3815697489277063	2.390848988527005	2.7427234600522663	2.3629476644203127	2.723158751702494	-0.13296097919285543	-0.10991102808221598
VUILD110LA_150_5_18	VUILD110LA	VUILD110	fold_1	epithelial_transitional	POOLED	1.71112673003256	2.3815834157262983	2.7569376958215153	2.652926594719041	2.093431661515723	2.119077718470942	2.439563701810185	2.3815679929755005	2.1482445530717027	2.1594302109283903	2.1112414198299727	2.1179840455593433	-0.9417998646864809	-0.2988209909475358
VUILD110LA_150_5_19	VUILD110LA	VUILD110	fold_1	epithelial_transitional	POOLED	2.18054854868805	2.3815827386212876	2.5278739469487075	2.5598662221967508	2.048326366955027	2.03651761557918	2.267944875810426	2.381566237023295	2.0303974566110883	2.0732968276627357	2.0241424091327453	2.0854062577776027	-0.3793176735087007	-0.33913693370740305
VUILD110LA_150_5_20	VUILD110LA	VUILD110	fold_1	epithelial_transitional	POOLED	2.72332587578575	2.3815820615162764	2.5841037753347114	2.5229456599754525	2.0370957183538634	2.013863632219123	2.443903167598928	2.381564481071089	2.286234401866145	2.298120617277398	2.282197710762392	2.3145169331622952	0.20038021581029763	-0.38646020328087083
VUILD110LA_150_5_21	VUILD110LA	VUILD110	fold_1	epithelial_transitional	POOLED	3.05089459681593	2.3815813844112657	2.5085703592217063	2.522397403922815	2.645577770244776	2.5971230031408825	2.5750663755614207	2.381562725118884	2.3546451136745628	2.5112906900976046	2.3719551450279073	2.525320456626043	0.528497192893115	0.06308899061331462
VUILD110LA_150_5_24	VUILD110LA	VUILD110	fold_1	epithelial_transitional	POOLED	2.48911676900381	2.3815793530962335	2.5954172032696308	2.6552304409716005	2.2829022816458893	2.352875430047281	2.28961883772084	2.3815574572622666	2.159103275859154	2.3186309313700417	2.115048066207585	2.237169477955029	-0.16611367196779048	-0.18592852268882426
VUILD110LA_150_5_25	VUILD110LA	VUILD110	fold_1	epithelial_transitional	POOLED	2.87232995023452	2.3815786759912227	2.483721366893762	2.6602613719391974	2.176886714130245	2.2190883308227947	2.373781173013875	2.3815557013100612	2.413008437313487	2.406664532414077	2.390494151902242	2.342734991580276	0.21206857829532266	-0.19595103392300664
VUILD110LA_150_5_26	VUILD110LA	VUILD110	fold_1	epithelial_transitional	POOLED	2.82042377184474	2.3815779988862116	2.4858437955335675	2.5893689387154484	2.373126583623764	2.353499955486104	2.4346005477058634	2.3815539453578554	2.4158966306109027	2.3347812433807253	2.4166380016223434	2.336115942421587	0.23105483312929165	-0.14647085789616388
VUILD110LA_150_5_27	VUILD110LA	VUILD110	fold_1	epithelial_transitional	POOLED	2.70689660290171	2.381577321781201	2.6328367661467196	2.5850920417113255	1.8648389687031037	1.8470819043024946	2.4518510477098028	2.38155218940565	2.4061768188368413	2.144919433933281	2.3911007300179876	2.1184163468481	0.12180456119038441	-0.5307864142491289
VUILD110LA_150_6_15	VUILD110LA	VUILD110	fold_1	epithelial_transitional	POOLED	2.55035424066968	2.3815856722119513	2.583752762031463	2.558492077550254	1.8483873396376584	1.8638198916435476	2.1808486453051557	2.381574005361635	2.0546988145879803	2.04384248626484	2.043126180636337	2.0326256179670223	-0.00813783688057379	-0.4218612017361506
VUILD110LA_150_6_16	VUILD110LA	VUILD110	fold_1	epithelial_transitional	POOLED	2.87135246888526	2.3815849951069405	2.7305224484724877	2.659887077228352	2.240229434816485	2.241669665501899	2.3038207830549076	2.38157224940943	2.076816806976016	2.136605984087433	2.0463499370747584	2.107518122132885	0.2114653916569078	-0.18152915765078084
VUILD110LA_150_6_17	VUILD110LA	VUILD110	fold_1	epithelial_transitional	POOLED	2.56507507632789	2.38158431800193	2.5314749450524694	2.566753991247544	2.3489020448102984	2.344419346340653	2.4844186178875485	2.381570493457224	2.2477352918508506	2.273087625450205	2.243512109916723	2.2734345171070283	-0.0016789149196538844	-0.17246819940682526
VUILD110LA_150_6_18	VUILD110LA	VUILD110	fold_1	epithelial_transitional	POOLED	2.49208908381551	2.381583640896919	2.6118214155610797	2.6326893953550865	2.420603983422296	2.3919620550819194	2.591553386155649	2.3815687375050185	2.147207522695965	2.4695094630006107	2.138400175827652	2.460117274292992	-0.14060031153957642	-0.11113354948934537
VUILD110LA_150_6_20	VUILD110LA	VUILD110	fold_1	epithelial_transitional	POOLED	2.6423779140648	2.381582286686897	2.539502950064752	2.650146459975724	2.245886639584965	2.2143431730491128	2.6005470859691835	2.3815652256006072	2.1915250301428744	2.0503383719922295	2.180607215009872	2.010386808706651	-0.0077685459109240185	-0.24239046762744623
VUILD110LA_150_6_21	VUILD110LA	VUILD110	fold_1	epithelial_transitional	POOLED	2.82280531359081	2.3815816095818865	2.6818269746740424	2.6952277175971817	2.1380051089160235	2.1451998189307453	2.4995559307195303	2.3815634696484014	2.3027337695290298	2.2073206925393327	2.2792394945607013	2.174837492558799	0.12757759599362828	-0.32033876637338005
VUILD110LA_150_6_22	VUILD110LA	VUILD110	fold_1	epithelial_transitional	POOLED	2.33562372641607	2.3815809324768757	2.5781237031974036	2.594407041154813	1.5151430071204488	1.4977412057470414	2.4834138044429865	2.381561713696196	1.9251281121763413	1.9466353140784223	1.9223207094054457	1.9595225287215743	-0.25878331473874283	-0.8516457159184923
VUILD110LA_150_6_23	VUILD110LA	VUILD110	fold_1	epithelial_transitional	POOLED	2.68396417914276	2.381580255371865	2.4173698547326636	2.535750580514063	2.1300284169558017	2.179892439328604	2.3846908788642867	2.38155995774399	2.2234975086215685	2.1569700554243196	2.1915814865911774	2.1110594640279157	0.14821359862869699	-0.28853392379610904
VUILD110LA_150_6_27	VUILD110LA	VUILD110	fold_1	epithelial_transitional	POOLED	2.76022065305698	2.3815775469518217	2.662495543812034	2.5852269332639946	2.0593284399391005	2.0736940079700092	2.436870465655821	2.3815529339351675	2.180370083106717	2.31387007475271	2.1659878421047103	2.3064309336740747	0.1749937197929854	-0.25326517522063363
VUILD110LA_150_6_30	VUILD110LA	VUILD110	fold_1	epithelial_transitional	POOLED	1.63206439788992	2.3815755156367895	1.8911269546047995	2.022120313102556	1.4575427029908186	1.4850918537671702	2.1150175152897392	2.381547666078551	1.763900688143151	1.3103188259628813	1.7681598964271994	1.2811476487796472	-0.39005591521263594	-0.7272682107440168
VUILD110LA_150_7_15	VUILD110LA	VUILD110	fold_1	epithelial_transitional	POOLED	2.25146885176717	2.381585897382572	2.733850902649577	2.759582435499064	2.23218275905568	2.281142125043127	2.4014418746883748	2.381574749891153	2.3342930218162916	2.540916835284214	2.2987820027638404	2.496717773751338	-0.5081135837318937	-0.17078010986719985
VUILD110LA_150_7_16	VUILD110LA	VUILD110	fold_1	epithelial_transitional	POOLED	2.5600843492328	2.3815852202775614	2.703668017373789	2.7184206226726557	2.4457844082675444	2.45990767702522	2.289791494510547	2.3815729939389474	2.32366516744922	2.5672653747802836	2.3006772361120973	2.535035975334152	-0.1583362734398559	-0.11508330841787079
VUILD110LA_150_7_18	VUILD110LA	VUILD110	fold_1	epithelial_transitional	POOLED	2.07282894655159	2.38158386606754	2.6402162672781944	2.696141742197514	2.443646188205079	2.432020985426976	2.521982701561089	2.381569482034536	2.333153688444102	2.386721700008752	2.31101490917416	2.345848398825298	-0.6233127956459241	-0.14213093168306593
VUILD110LA_150_7_19	VUILD110LA	VUILD110	fold_1	epithelial_transitional	POOLED	2.62954679182802	2.381583188962529	2.846641725675485	2.868492754411602	2.291768212747433	2.3575641931101607	2.5656811755060147	2.3815677260823302	2.2148401645620845	2.451655081835164	2.1484121373193865	2.3617104656006886	-0.23894596258358192	-0.22316315530186456
VUILD110LA_150_7_20	VUILD110LA	VUILD110	fold_1	epithelial_transitional	POOLED	2.55264222935458	2.381582511857518	2.8564788119419946	2.8942137174816667	2.626110976222277	2.72276244585642	2.473399920420177	2.381565970130125	2.5135115066897553	2.601163357439807	2.434464760545133	2.498251506936471	-0.3415714881270868	0.0675317461668064
VUILD110LA_150_7_21	VUILD110LA	VUILD110	fold_1	epithelial_transitional	POOLED	2.37043829728749	2.3815818347525073	2.9492057035627575	2.850136751022542	2.3151831686894275	2.3883814945586277	2.4629233943930813	2.3815642141779194	2.357050833643467	2.5853599497266857	2.293160580046107	2.506439020575419	-0.47969845373505215	-0.22946890292821923
VUILD110LA_150_7_22	VUILD110LA	VUILD110	fold_1	epithelial_transitional	POOLED	1.94500175025529	2.3815811576474966	2.4684069257451204	2.4807143565635674	1.908333429999705	1.8953027716496549	2.072074471127555	2.3815624582257136	2.4036118778424673	2.320338125712704	2.398073690051429	2.3346054371597167	-0.5357126063082773	-0.5589536409661698
VUILD110LA_150_8_16	VUILD110LA	VUILD110	fold_1	epithelial_transitional	POOLED	2.18095739892055	2.381585445448182	2.793842614408905	2.8746464904518363	2.154705775658782	2.2089983376575875	2.1535666908244866	2.381573738468465	2.2047925831821864	2.314697320152466	2.1602306740989246	2.2532580296382485	-0.6936890915312861	-0.2744516873011691
VUILD110LA_150_8_17	VUILD110LA	VUILD110	fold_1	epithelial_transitional	POOLED	1.96495372100319	2.3815847683431715	2.5410391911557686	2.5063094353775015	1.9140081232886108	1.8717297584029402	2.0610063860153565	2.3815719825162596	1.8803385364386531	2.0181971525884363	1.8853609054295768	2.025388118316702	-0.5413557143743115	-0.5362097154981955
VUILD110LA_150_8_18	VUILD110LA	VUILD110	fold_1	epithelial_transitional	POOLED	1.71548356835011	2.3815840912381607	2.513540121315433	2.619217425616648	2.0339129498350315	2.046288733164878	2.310856681155778	2.3815702265640537	2.138536518826018	2.1996789099936693	2.117616555219622	2.163220516939233	-0.9037338572665381	-0.36502532323132664
VUILD110LA_150_8_26	VUILD110LA	VUILD110	fold_1	epithelial_transitional	POOLED	2.04815775068503	2.381578674398074	2.2893991539763126	2.104791850687526	2.073398282906952	2.023476031935519	2.109731417180803	2.3815561789464086	2.271850856255018	2.0873483472490824	2.3172725550053386	2.1613740075030967	-0.05663410000249591	-0.3702808463111898
VUILD110LA_150_8_34	VUILD110LA	VUILD110	fold_1	epithelial_transitional	POOLED	1.88989758650929	2.3815732575579878	2.128796854552346	2.0381341897918164	2.292499757900492	2.238619628446054	1.9028308489422783	2.381542131328764	2.204388389820309	2.140465395736763	2.247558143453124	2.2408086357146577	-0.1482366032825264	-0.16607112364043497
VUILD110LA_150_9_10	VUILD110LA	VUILD110	fold_1	epithelial_transitional	POOLED	2.98067374377415	2.381589733248868	2.048362345465419	2.1251636786539856	2.3210883370210653	2.2716689438102016	2.192556673810485	2.3815850187112164	2.3166929410672013	2.210503706272462	2.359961777885473	2.2613004053236048	0.8555100651201646	-0.15823852773350577
VUILD110LA_150_9_11	VUILD110LA	VUILD110	fold_1	epithelial_transitional	POOLED	2.77780931144874	2.381589056143857	2.233861116823326	2.166728564483795	2.2990746947821057	2.264512944297008	1.9973776541921824	2.381583262759011	2.340882507684781	1.9643251877196435	2.3799539521091373	1.984168341885721	0.6110807469649453	-0.07061968638697458
VUILD110LA_150_9_18	VUILD110LA	VUILD110	fold_1	epithelial_transitional	POOLED	2.18062955672562	2.3815843164087815	2.4656612613233246	2.362403121629765	1.9843831967643522	1.9611745851801428	2.4248807901386114	2.3815709710935717	2.023362813041441	2.103606131247729	2.038392652360411	2.115683459785396	-0.18177356490414498	-0.45869510485247345
VUILD110LA_150_9_24	VUILD110LA	VUILD110	fold_1	epithelial_transitional	POOLED	2.61678424262384	2.3815802537787167	2.4380530831820715	2.3078504030118983	2.4154132710619214	2.379947970774984	2.399427707557417	2.381560435380338	2.2357044849663184	2.052678707009149	2.2561094605798706	2.0676462284308723	0.3089338396119419	-0.035229544462958694
VUILD110LA_150_9_25	VUILD110LA	VUILD110	fold_1	epithelial_transitional	POOLED	2.41259352938926	2.3815795766737056	2.1823249704706877	2.263482560142886	2.602446533068065	2.5807269603694496	2.2842200613051333	2.381558679428132	2.364397365509102	2.2131491283788787	2.3786389702706923	2.217844306563542	0.14911096924637413	0.09499167644852255
VUILD110LA_150_9_29	VUILD110LA	VUILD110	fold_1	epithelial_transitional	POOLED	1.31213824717691	2.3815768682536627	2.2092367524989256	2.2359687869147717	2.013942500579933	1.9860970394001374	2.054994195636453	2.3815516556193095	2.103980526749548	1.9142986716968209	2.1208878118396495	1.947685930262252	-0.9238305397378617	-0.4269920537161678
VUILD110LA_150_9_34	VUILD110LA	VUILD110	fold_1	epithelial_transitional	POOLED	1.39720588923414	2.3815734827286086	2.1490111354367287	2.0944793908068484	1.7665196703010435	1.7337278070661348	2.2634661841545696	2.3815428758582815	1.8634213987728874	2.1564510989544807	1.8911746874964217	2.204363339989234	-0.6972735015727085	-0.5338264392393406
VUILD110LA_150_9_35	VUILD110LA	VUILD110	fold_1	epithelial_transitional	POOLED	1.37079775552473	2.381572805623598	2.039055582788883	1.9630296936662706	1.6713574778806373	1.6228414587508904	2.0397677954895785	2.381541119906076	1.9348264507292	1.8982855423896932	1.9630805758085546	1.963501640565578	-0.5922319381415406	-0.6343673073506993
VUILD110LA_150_9_8	VUILD110LA	VUILD110	fold_1	epithelial_transitional	POOLED	3.74776182452088	2.3815910874588893	2.5502813160958198	2.540675472866897	2.19378034244553	2.2107585204062707	1.9371590715722644	2.3815885306156277	2.321471047473989	2.3492033115299846	2.2958827854299235	2.317275582647506	1.2070863516539831	-0.15284580621232088
VUILD110LA_150_9_9	VUILD110LA	VUILD110	fold_1	epithelial_transitional	POOLED	2.7244300100081	2.3815904103538785	2.1702547475768386	2.0821790571844705	2.020430222376949	1.9465875005421043	2.0329104747867257	2.3815867746634223	2.0192499117735165	1.912906778710101	2.0503777784935493	1.9827750110372282	0.6422509528236295	-0.2506177268735272
VUILD78LA_150_10_10	VUILD78LA	VUILD78	fold_1	epithelial_transitional	POOLED	3.48952615105951	2.3815856778385958	2.5963326404512004	2.4718293893926604	2.4963442874540256	2.485091134469572	2.3176253417460484	2.381599165206889	2.648412263971554	2.608860354081676	2.6253809869970657	2.618092827776869	1.0176967616668495	0.19042687555928178
VUILD78LA_150_10_11	VUILD78LA	VUILD78	fold_1	epithelial_transitional	POOLED	3.93598758729835	2.381584497382279	1.996238321543235	2.135096976782978	2.0555377149619805	1.9949161540497098	2.285066417825255	2.3815969060446722	2.3075055439621828	1.9216930913322428	2.3513107607882717	1.9832459695220794	1.800890610515372	-0.24995173820830155
VUILD78LA_150_10_13	VUILD78LA	VUILD78	fold_1	epithelial_transitional	POOLED	3.36413307188008	2.3815821364696457	2.5260510295940963	2.386673232055375	2.1245393776262973	2.1178937983174557	2.215725457887282	2.3815923877202385	2.149591413713328	2.1726401908863258	2.1580524674454735	2.1872477940518684	0.977459839824705	-0.2605428467557181
VUILD78LA_150_10_4	VUILD78LA	VUILD78	fold_1	epithelial_transitional	POOLED	3.59935887220576	2.381592760576496	2.436648185058326	2.2298097818045197	2.7263064291077863	2.645521961719501	2.7305488123881827	2.38161272018019	2.9036333774977727	2.792131645355327	2.952746821046289	2.8686361666018083	1.3695490904012404	0.25577118635205204
VUILD78LA_150_10_5	VUILD78LA	VUILD78	fold_1	epithelial_transitional	POOLED	3.19756501125838	2.3815915801201792	2.3122259712237	2.4252795605932684	2.9946550361005126	2.962218140824777	2.866057379179533	2.3816104610179734	2.9030691956201387	3.0670983598610704	2.9141338352203263	3.0757226779368696	0.7722854506651116	0.45830986051694467
VUILD78LA_150_10_6	VUILD78LA	VUILD78	fold_1	epithelial_transitional	POOLED	2.62535843054756	2.3815903996638625	2.827502914776606	2.6350873364149883	2.499394420615647	2.543213705685271	2.2257359945282142	2.3816082018557565	2.7468369890397266	2.739028116098478	2.701493390180279	2.674989787885758	-0.00972890586742814	0.1309656778159985
VUILD78LA_150_10_8	VUILD78LA	VUILD78	fold_1	epithelial_transitional	POOLED	3.33350662352393	2.381588038751229	2.0287628498634684	2.12418216528258	2.1959832706763702	2.1533976956959453	2.163724381952636	2.381603683531323	1.9962948788301087	1.9033931292991166	2.0178981770334254	1.9588022851932727	1.2093244582413503	-0.13681575641125818
VUILD78LA_150_10_9	VUILD78LA	VUILD78	fold_1	epithelial_transitional	POOLED	3.31895021824617	2.3815868582949125	2.6374752561605135	2.5325716254290116	2.6228537121733937	2.635686558232988	2.39251221815092	2.381601424369106	2.517460891285557	2.693525311840309	2.491187422181911	2.718914939245116	0.7863785928171585	0.07291216801148023
VUILD78LA_150_11_11	VUILD78LA	VUILD78	fold_1	epithelial_transitional	POOLED	4.03500246352208	2.381584818229835	2.242429234215308	2.222863668157318	2.18705313530376	2.1635274563569378	2.1600479870266636	2.3815977462382154	2.168850488340369	2.1159125815272466	2.2082646952483422	2.1661700773912553	1.8121387953647616	-0.20654251124647702
VUILD78LA_150_11_9	VUILD78LA	VUILD78	fold_1	epithelial_transitional	POOLED	3.29984965582786	2.3815871791424685	2.285982204650138	2.35700059451557	2.5966812254123885	2.58013566026954	2.4250375054830093	2.381602264562649	2.4424680956836573	2.4790299784261802	2.453555950766501	2.5059800416937383	0.9428490613122902	0.05725604469075569
VUILD78LA_150_12_10	VUILD78LA	VUILD78	fold_1	epithelial_transitional	POOLED	3.82496310393832	2.381586319533708	2.3993273847176373	2.478962907161864	2.6743125318106618	2.6509955471955715	2.430083925171112	2.381600845593976	2.6632193756614195	2.592406008276334	2.6810177952765057	2.6259936311914545	1.346000196776456	0.06349711572695163
VUILD78LA_150_12_12	VUILD78LA	VUILD78	fold_1	epithelial_transitional	POOLED	3.90167041004885	2.3815839586210745	2.3877971880298037	2.360203521226451	2.233713651842038	2.2311594773038164	2.5134060136535004	2.381596327269542	2.2923867136851794	2.227599277798628	2.2971869409941665	2.233337312652162	1.541466888822399	-0.14698905742462923
VUILD78LA_150_12_13	VUILD78LA	VUILD78	fold_1	epithelial_transitional	POOLED	4.08497290716441	2.381582778164758	2.3568456849228747	2.4435708730648664	2.5119755752452226	2.5005730964470376	2.6531397902325784	2.3815940681073253	2.591492456387846	2.283991138597928	2.5914789483356033	2.313156393851592	1.6414020340995434	-0.027202288412218563
VUILD78LA_150_12_16	VUILD78LA	VUILD78	fold_1	epithelial_transitional	POOLED	2.16033858673768	2.3815792367958077	2.551329531374674	2.462309268430188	2.3385084939677405	2.3218227530950974	2.399657418897285	2.3815872906206748	2.2905821478081583	2.013367127590272	2.288544774150974	2.032529686797186	-0.30197068169250807	0.007106713604335546
VUILD78LA_150_12_17	VUILD78LA	VUILD78	fold_1	epithelial_transitional	POOLED	1.87771281764442	2.381578056339491	2.179879987377437	2.462792203321608	2.495662662748846	2.5067958042417358	2.0780383611269633	2.381585031458458	2.5353167858830017	2.2769972963084175	2.5014057924186544	2.257012299811172	-0.5850793856771879	0.04928002089587578
VUILD78LA_150_12_4	VUILD78LA	VUILD78	fold_1	epithelial_transitional	POOLED	3.21378894155023	2.3815934022716077	2.7068758440494496	2.526284241418595	3.0035607425810413	3.014966983065583	2.651348127534174	2.381614400567277	2.5948070528335934	2.726311276582777	2.5838370238173165	2.7465637802797156	0.687504700131635	0.43375760653730266
VUILD78LA_150_12_5	VUILD78LA	VUILD78	fold_1	epithelial_transitional	POOLED	1.86798903782514	2.381592221815291	2.7126347927739523	2.673987832005233	2.5576212886511356	2.613545565009797	2.7324008632167165	2.38161214140506	2.688587855527495	2.1929144586046814	2.6315846872524653	2.1537440749688868	-0.805998794180093	0.01346755233906388
VUILD78LA_150_13_11	VUILD78LA	VUILD78	fold_1	epithelial_transitional	POOLED	4.03228635892086	2.381585459924947	2.7120171257093433	2.6410028732961384	2.3079572211627	2.364593202714662	2.2843850255099714	2.381599426625302	2.308306910593935	2.2583607455313084	2.2668056769867393	2.1920746047593402	1.3912834856247218	0.025524956612105833
VUILD78LA_150_13_12	VUILD78LA	VUILD78	fold_1	epithelial_transitional	POOLED	3.6747485629938	2.38158427946863	2.497669851057632	2.540540224801721	2.205293597795795	2.2388644752047746	2.662289786314329	2.3815971674630854	2.3560471345307445	2.3123362078511596	2.3304210404091013	2.303744338833373	1.1342083381920793	-0.1527179976172127
VUILD78LA_150_13_13	VUILD78LA	VUILD78	fold_1	epithelial_transitional	POOLED	3.24914341522711	2.3815830990123135	2.3229601333817413	2.498969112269719	2.350789917385126	2.3335393604346293	2.2956256849729613	2.3815949083008685	2.4695628085234866	1.9352599558416916	2.4694108611662995	1.9386627560503937	0.7501743029573911	-0.15714246324734202
VUILD78LA_150_13_15	VUILD78LA	VUILD78	fold_1	epithelial_transitional	POOLED	2.32063512029669	2.3815807380996805	2.580807548842264	2.608475821971782	2.4586145499189818	2.4942717498324845	2.151815867572646	2.3815903899764352	2.197307173357875	1.999063442402987	2.1687191661366976	1.972694375236929	-0.2878407016750919	-0.10917016791330131
VUILD78LA_150_13_16	VUILD78LA	VUILD78	fold_1	epithelial_transitional	POOLED	2.57701867214257	2.381579557643364	2.6236879740190417	2.633688691993956	2.3509329742137144	2.350056919935286	2.5978695207750913	2.3815881308142184	2.556069434979552	2.521702636644247	2.539909740753055	2.510333267904645	-0.05667001985138631	-0.08446526192197774
VUILD78LA_150_13_17	VUILD78LA	VUILD78	fold_1	epithelial_transitional	POOLED	2.20566532603425	2.381578377187047	2.374580678899733	2.308196849216039	2.647884836163031	2.623822957370834	2.400747362403086	2.3815858716520015	2.2144382984507	2.111390602050472	2.2142857762329227	2.151147249263691	-0.10253152318178893	0.2641443744501708
VUILD78LA_150_13_4	VUILD78LA	VUILD78	fold_1	epithelial_transitional	POOLED	3.00073519907343	2.3815937231191637	2.5673656353227665	2.547110230320801	3.0316455851493043	3.042674240214463	2.679456735202832	2.38161524076082	3.0422297424013465	3.290926592841964	3.0216352163522315	3.273589330909579	0.4536249687526288	0.6643007983006751
VUILD78LA_150_13_5	VUILD78LA	VUILD78	fold_1	epithelial_transitional	POOLED	2.67679020564814	2.381592542662847	2.4662549228742594	2.6196414315343084	2.6464482014253825	2.654651922117533	2.6976129787422836	2.3816129815986034	2.7142136577112885	2.5433279604659655	2.6735151999407476	2.515805121936581	0.05714877411383146	0.20983065299275735
VUILD78LA_150_13_6	VUILD78LA	VUILD78	fold_1	epithelial_transitional	POOLED	2.2048807334686	2.3815913622065303	2.861394353105922	2.9274441050036453	2.7143010021034066	2.7869441962340025	2.6557178208795564	2.3816107224363865	2.6793318600396905	2.614220685787137	2.612128761906121	2.5389419597626137	-0.7225633715350455	0.11174669653444105
VUILD78LA_150_14_15	VUILD78LA	VUILD78	fold_1	epithelial_transitional	POOLED	2.5176819372648	2.381581058947236	2.4483638761021553	2.509819679458655	2.449151164271578	2.4699162311433374	2.473438411576079	2.3815912301699784	2.346806627876905	2.0708024880194755	2.3368300017662196	2.0602632525454068	0.007862257806145134	0.0038864194591654976
VUILD78LA_150_14_16	VUILD78LA	VUILD78	fold_1	epithelial_transitional	POOLED	2.48631716078271	2.3815798784909195	2.616298483617566	2.5196036201758023	2.271791881434851	2.2327678530679265	2.103047015425198	2.3815889710077616	2.135639096208605	2.0500780943645003	2.152909979637884	2.0903426906017866	-0.03328645939309238	-0.24734081238902111
VUILD78LA_150_14_3	VUILD78LA	VUILD78	fold_1	epithelial_transitional	POOLED	2.70550145266165	2.381595224423036	2.614974963567421	2.5849874966466735	2.5723722796903554	2.611678976606124	2.3226456708463563	2.3816183401165807	2.9679203561940293	2.766620073654761	2.956488472750618	2.7499650010647394	0.12051395601497639	0.2979530270757201
VUILD78LA_150_14_5	VUILD78LA	VUILD78	fold_1	epithelial_transitional	POOLED	2.15826900712647	2.3815928635104027	2.6545544744609013	2.66149408463412	2.810634483256562	2.8574833205037695	2.4089567822453466	2.381613821792147	2.76987530778033	2.6515077640673272	2.7166498237124097	2.5816528562619285	-0.5032250775076501	0.422845124261655
VUILD78LA_150_15_13	VUILD78LA	VUILD78	fold_1	epithelial_transitional	POOLED	3.35746767135694	2.3815837407074256	2.7207436306131134	2.2130222342312336	2.555213898541363	2.4986511295817575	2.32500332234595	2.3815965886879558	2.077102868545447	1.675722816437392	2.1590136986017985	1.8393178937554333	1.1444454371257065	-0.19377985047986784
VUILD78LA_150_15_15	VUILD78LA	VUILD78	fold_1	epithelial_transitional	POOLED	2.87936493877166	2.3815813797947922	2.44014963804178	2.512254765377363	2.613821081919071	2.608468945939242	2.5838343038569893	2.381592070363522	2.4047955739077875	2.1990557272600024	2.402213853437028	2.2180051041719526	0.3671101733942974	0.0388820474255795
VUILD78LA_150_15_16	VUILD78LA	VUILD78	fold_1	epithelial_transitional	POOLED	2.69996750546312	2.3815801993384755	2.558670600838987	2.648112383324172	2.77973003414478	2.799981142942991	2.4017990763227437	2.381589811201305	2.7973692973355075	2.5356989407874804	2.7709833040147522	2.519887707970531	0.05185512213894761	0.22442619877738476
VUILD78LA_150_15_17	VUILD78LA	VUILD78	fold_1	epithelial_transitional	POOLED	3.1476785028965	2.381579018882159	2.520232098153093	2.370233308697286	2.865938154567529	2.8219270099512386	2.457539179630421	2.3815875520390883	2.6786791410519144	2.5449589888237805	2.705052522001556	2.6316115078749602	0.7774451941992138	0.27332787623812416
VUILD78LA_150_15_18	VUILD78LA	VUILD78	fold_1	epithelial_transitional	POOLED	0.845407485987316	2.381577838425842	2.3560858243710987	2.5035471584064437	2.0375932528564418	2.0262055577372524	2.3872723951635746	2.3815852928768715	2.0480641742293137	1.9940564331129083	2.0319710196747764	2.007844613753629	-1.6581396724191277	-0.33717249732558374
VUILD78LA_150_15_3	VUILD78LA	VUILD78	fold_1	epithelial_transitional	POOLED	2.74182034227466	2.381595545270592	2.6828030902899975	2.530237419967484	2.7628549877635495	2.7905179309455646	2.515054891410795	2.381619180310124	2.7137362190153347	2.670438217638848	2.693930649925213	2.659181218685371	0.2115829223071759	0.338338190914622
VUILD78LA_150_15_5	VUILD78LA	VUILD78	fold_1	epithelial_transitional	POOLED	2.30582781719202	2.3815931843579587	2.3858501772844187	2.444642049687159	2.538636494449712	2.5596334965460223	2.2607568120541117	2.38161466198569	2.6284167845339383	2.718935965328873	2.6176212504290457	2.721511447965625	-0.1388142324951387	0.06980863206625365
VUILD78LA_150_16_15	VUILD78LA	VUILD78	fold_1	epithelial_transitional	POOLED	3.02164098961885	2.381581700642348	2.738391725051921	2.9177786786584066	1.9826516173414226	2.0858622547153125	2.781404600205126	2.3815929105570652	2.42849196235906	2.3231987870069597	2.3603259725319083	2.2332383894474774	0.10386231096044352	-0.5783818915918387
VUILD78LA_150_16_17	VUILD78LA	VUILD78	fold_1	epithelial_transitional	POOLED	1.64820971355647	2.381579339729715	2.2951897071248375	2.5212188555113113	1.9888924026918553	1.9905582983056451	1.996527577193655	2.3815883922326315	2.2659986576127933	2.0600376393629465	2.243221785765348	2.0777219913689695	-0.8730091419548414	-0.38888047333710823
VUILD78LA_150_16_18	VUILD78LA	VUILD78	fold_1	epithelial_transitional	POOLED	1.07303357606636	2.381578159273398	2.429422978198582	2.4565316294921407	2.0098081084102426	2.025912441187862	1.9852417724852967	2.3815861330704147	2.2495609710133007	1.6829810266841234	2.2260895561952165	1.6680356756973058	-1.3834980534257806	-0.2692951350912799
VUILD78LA_150_16_4	VUILD78LA	VUILD78	fold_1	epithelial_transitional	POOLED	3.28011437088849	2.3815946856618315	2.5871379407422594	2.4418004336710664	2.3193073530917254	2.3110394199718516	2.2811155692009484	2.3816177613414506	2.714621218597074	2.357777948226466	2.7272678893761113	2.4170249278978497	0.8383139372174235	-0.0863025931801663
VUILD78LA_150_16_5	VUILD78LA	VUILD78	fold_1	epithelial_transitional	POOLED	2.5087781366349	2.381593505205515	2.3439537443776017	2.4547918794484294	3.064208739296289	3.054771475048446	2.6662939923546745	2.381615502179234	2.667577617285074	2.8435704971133897	2.661619516057231	2.8946179838764	0.05398625718647043	0.44674489828226854
VUILD78LA_150_17_4	VUILD78LA	VUILD78	fold_1	epithelial_transitional	POOLED	2.59980432435724	2.381595006509387	2.463814795192792	2.5894436114005255	2.0393616979948113	2.0712542409326247	2.1920959185327353	2.381618601534994	2.4532388427069316	2.249929723702702	2.4212422835557756	2.2129452998996415	0.01036071295671448	-0.3087979960316675
VUILD78LA_150_17_5	VUILD78LA	VUILD78	fold_1	epithelial_transitional	POOLED	3.16227548705614	2.3815938260530705	2.507183002680549	2.43008222862347	2.773402335051163	2.729673843529714	2.589952113184546	2.381616342372777	2.681659661284896	2.7838911561086186	2.676205865734906	2.8206818926730297	0.73219325843267	0.33808173061629104
VUILD78LA_150_18_11	VUILD78LA	VUILD78	fold_1	epithelial_transitional	POOLED	2.69566848279162	2.3815870641627264	2.469357022907437	2.5783119282926323	2.2867117313219465	2.342967549726505	2.357459688740475	2.3816036275930195	2.5996504740147492	2.555392643859679	2.5998471975060133	2.5479702572594074	0.11735655449898763	-0.21464493874754972
VUILD78LA_150_18_14	VUILD78LA	VUILD78	fold_1	epithelial_transitional	POOLED	3.0013117701189	2.3815835227937767	2.5606056069988563	2.6627430446900573	2.729278507635012	2.7357777680023294	2.4459271620333936	2.381596850106369	2.386912506444235	2.4318480017165793	2.362044619572605	2.4055000693773327	0.33856872542884275	0.27762867579893014
VUILD78LA_150_18_15	VUILD78LA	VUILD78	fold_1	epithelial_transitional	POOLED	2.11875661218309	2.38158234233746	2.6480660381500707	2.642434975130261	2.4446742958861853	2.448150487290978	2.3028540755103935	2.381594590944152	2.2051290294508346	2.1534657429670636	2.172171700437493	2.140323322759818	-0.5236783629471713	-0.2062626927506324
VUILD78LA_150_18_4	VUILD78LA	VUILD78	fold_1	epithelial_transitional	POOLED	2.99250039069299	2.3815953273569432	2.569803546962884	2.501031616517469	2.5430411240246156	2.5165574306535365	2.458459880430312	2.3816194417285375	2.968484979074259	2.6550950348142948	2.9869316918635596	2.692405101555888	0.49146877417552126	0.1418306879447084
VUILD78LA_150_18_5	VUILD78LA	VUILD78	fold_1	epithelial_transitional	POOLED	2.63155146522878	2.3815941469006265	2.560265665663345	2.629348351851845	3.2434756607040383	3.253665286436551	2.7437558346404898	2.3816171825663206	2.9631246329064482	3.0218294831351424	2.952872027220719	3.0423302443718363	0.0022031133769351285	0.6713013293856095
VUILD78LA_150_18_6	VUILD78LA	VUILD78	fold_1	epithelial_transitional	POOLED	2.08534286516611	2.38159296644431	2.63892881992145	2.683551300236343	2.603026531008355	2.6615445518527547	2.5802411152864706	2.3816149234041037	2.761324712273155	2.1251663168920816	2.713680721426389	2.075294255492839	-0.5982084350702328	0.016153367659825092
VUILD78LA_150_19_10	VUILD78LA	VUILD78	fold_1	epithelial_transitional	POOLED	2.03938634157977	2.381588565466599	2.4521898205208434	2.5730946026525428	2.4803551977449234	2.5231371492018506	2.457500424617522	2.38160672694878	2.7531587821676515	2.4709879357476847	2.7436233204197906	2.4736614361394236	-0.5337082610727726	0.05259244718881693
VUILD78LA_150_19_15	VUILD78LA	VUILD78	fold_1	epithelial_transitional	POOLED	2.06301785590631	2.3815826631850157	2.4062914258148345	2.457116590384809	2.661231974801573	2.6148603676523328	2.380072056456499	2.3815954311376957	2.3170789480191365	2.360902393055669	2.32920328665402	2.413724099061213	-0.39409873447849897	0.12201880744808521
VUILD78LA_150_19_16	VUILD78LA	VUILD78	fold_1	epithelial_transitional	POOLED	1.58297797938334	2.381581482728699	2.3879010890707595	2.311631026672252	2.0674295501577693	2.0206207235524833	2.385244082634542	2.381593171975479	2.6146741179940016	2.4954372705438974	2.650823901880353	2.5902579552780236	-0.7286530472889121	-0.26010577887698016
VUILD78LA_150_19_4	VUILD78LA	VUILD78	fold_1	epithelial_transitional	POOLED	3.3339598734584	2.381595648204499	2.5474652747903166	2.5559367638310238	2.9084415451317773	2.9090086907305803	2.6725448058021355	2.381620281922081	3.111733704769274	2.8783681314235707	3.11174133981056	2.8902871059068893	0.7780231096273762	0.4200159877805244
VUILD78LA_150_19_5	VUILD78LA	VUILD78	fold_1	epithelial_transitional	POOLED	1.87930504946801	2.3815944677481826	2.7910991063360253	2.7466751296600744	2.4540582875219434	2.496766742724754	2.6009280218823703	2.3816180227598642	2.7420557075386696	2.295516024204473	2.7405120999800303	2.301437436132379	-0.8673700801920645	-0.09756776257254986
VUILD78LA_150_20_10	VUILD78LA	VUILD78	fold_1	epithelial_transitional	POOLED	2.79320853986855	2.381588886314155	2.8215247830611165	2.7855738225827897	2.5586030669098103	2.616845361404839	2.181381847592335	2.381607567142323	2.9048846495663474	2.541603555409424	2.875326264286784	2.490742893871422	0.007634717285760484	0.014605604605281325
VUILD78LA_150_20_13	VUILD78LA	VUILD78	fold_1	epithelial_transitional	POOLED	2.96450777942062	2.381585344945205	2.5568097499872904	2.448001393552355	2.2420669095686967	2.1807208270805103	2.2127426080201866	2.3816007896556726	2.046506421912323	1.9577317198377024	2.059695561678783	1.9890993232136118	0.516506385868265	-0.27595646682443775
VUILD78LA_150_20_15	VUILD78LA	VUILD78	fold_1	epithelial_transitional	POOLED	2.96479503718915	2.3815829840325717	2.4919214486917207	2.250689747882799	2.7907913052474944	2.715536882553644	2.5197812667822097	2.381596271331239	2.5114567348046486	2.5813630449644434	2.5439230239497883	2.6902657445373954	0.7141052893063509	0.26357645115448924
VUILD78LA_150_20_17	VUILD78LA	VUILD78	fold_1	epithelial_transitional	POOLED	2.09376855242405	2.3815806231199383	2.4701987286598315	2.3586419430652272	1.9459970050657558	1.9222152564455972	2.0058611236727697	2.3815917530068056	2.1080679528966506	1.531329466119205	2.1129221849680295	1.5670962954357912	-0.2648733906411773	-0.42206205872571884
VUILD78LA_150_20_18	VUILD78LA	VUILD78	fold_1	epithelial_transitional	POOLED	2.36371465979354	2.3815794426636216	2.5950268246491377	2.4367816828056	2.180212707609991	2.1343545880606327	1.8393004089764347	2.3815894938445887	2.3649038372764557	1.966750356305533	2.3901978154779657	2.015696299835347	-0.0730670230120598	-0.15992569260152864
VUILD78LA_150_21_10	VUILD78LA	VUILD78	fold_1	epithelial_transitional	POOLED	2.59041697239358	2.381589207161711	2.3782695130376728	2.448051195721334	2.881190520806662	2.7845893261471195	2.518246122191727	2.3816084073358668	2.718725770413866	2.404592160737005	2.757901392986364	2.494721959253647	0.14236577667224637	0.2503791482549491
VUILD78LA_150_21_5	VUILD78LA	VUILD78	fold_1	epithelial_transitional	POOLED	1.58157099887287	2.3815951094432943	3.056419788845818	2.8857821853891563	2.4351384722629215	2.489441823926951	2.6119833779517805	2.381619703146951	2.6938053220580973	2.402482430874884	2.6388064668045494	2.350659494956314	-1.3042111865162864	-0.06146820495372628
VUILD78LA_150_22_10	VUILD78LA	VUILD78	fold_1	epithelial_transitional	POOLED	2.77343054039488	2.381589528009267	2.5841902614574344	2.5014237721539145	2.6944073517650873	2.6411164140963437	2.4685435069611854	2.38160924752941	2.4969587176639156	2.5247218288060713	2.5132157488838227	2.5762309969960593	0.27200676824096526	0.14218768206013144
VUILD78LA_150_22_11	VUILD78LA	VUILD78	fold_1	epithelial_transitional	POOLED	2.41398678073291	2.3815883475529502	2.4254776503759516	2.4542341152405838	2.3812129951909458	2.325329744803807	2.043567779286259	2.381606988367193	2.4774749916860954	2.3252416619046974	2.5089151134522623	2.39582553562704	-0.040247334507673926	-0.04194178815086604
VUILD78LA_150_22_12	VUILD78LA	VUILD78	fold_1	epithelial_transitional	POOLED	2.21775726622766	2.3815871670966335	2.417014891963352	2.3409331753318154	2.7326364268262715	2.6809522454960204	2.5679340103354207	2.3816047292049762	2.7109255480077548	2.23007308479833	2.7355340538908646	2.2960609277847968	-0.12317590910415532	0.17567865298518723
VUILD78LA_150_22_13	VUILD78LA	VUILD78	fold_1	epithelial_transitional	POOLED	2.30035782564226	2.381585986640317	2.3073040099657427	2.2957996684519624	2.356473701470451	2.2978269696365348	2.323810950577461	2.38160247004276	2.6566806410388146	1.9788891131780524	2.7032122693399643	2.036161451804844	0.004558157190297507	-0.22330525916910557
VUILD78LA_150_22_17	VUILD78LA	VUILD78	fold_1	epithelial_transitional	POOLED	1.92268368578357	2.38158126481505	2.5308210804831437	2.4237984390216325	2.2560128103300925	2.2299404075212617	2.1347960928840277	2.3815934333938924	2.492225222955626	2.372708621693769	2.5009404055914954	2.4139593497096246	-0.5011147532380624	-0.12256358200580919
VUILD78LA_150_23_10	VUILD78LA	VUILD78	fold_1	epithelial_transitional	POOLED	3.10898594766667	2.3815898488568226	2.451471277035838	2.55880038572553	2.6001292012835977	2.572097134319909	2.700064687596852	2.3816100877229536	2.851014829611592	2.5307223627297404	2.8673376299677424	2.5781427189059243	0.5501855619411402	0.20579308951988481
VUILD78LA_150_23_12	VUILD78LA	VUILD78	fold_1	epithelial_transitional	POOLED	1.84917857044534	2.3815874879441896	2.564941273794688	2.553485506933297	2.4449917365140648	2.4088637892369547	2.719543159864667	2.38160556939852	2.7509743628986114	2.3792058643344767	2.775504772428158	2.4472988912874416	-0.7043069364879568	-0.00972261456731373
VUILD78LA_150_23_14	VUILD78LA	VUILD78	fold_1	epithelial_transitional	POOLED	2.72762205687334	2.3815851270315562	2.5493304984419165	2.406508541573815	2.5378623867833223	2.503403239414453	2.747128975507395	2.381601051074086	2.7414224322249403	2.4299612312654952	2.7566445498230854	2.465082463105142	0.3211135152995248	0.16147708848477363
VUILD78LA_150_23_15	VUILD78LA	VUILD78	fold_1	epithelial_transitional	POOLED	2.30974921962363	2.3815839465752395	2.1592472288807247	2.272356273684152	2.618608027923761	2.5451901652919835	2.7981182631592416	2.3815987919118693	2.858503601486426	2.607456780540917	2.8944578746943517	2.7147117733988617	0.03739294593947795	0.09096227931328439
VUILD78LA_150_23_16	VUILD78LA	VUILD78	fold_1	epithelial_transitional	POOLED	2.50576313687064	2.381582766118923	2.3136087828052254	2.3014989005964237	2.330564907636345	2.2627315314733125	2.6295913186828965	2.3815965327496524	2.584563864685472	2.0767295444492024	2.6111290977311774	2.124605903637152	0.20426423627421642	0.08770102354513915
VUILD78LA_150_23_17	VUILD78LA	VUILD78	fold_1	epithelial_transitional	POOLED	2.61318832643811	2.381581585662606	2.3729627513406406	2.3707529846066553	2.0165187450097384	1.9765110539719162	2.6081362439917135	2.3815942735874356	2.247434363980589	1.8790115517597	2.265994016505165	1.9046512853237918	0.24243534183145465	-0.2464083170763295
VUILD78LA_150_23_9	VUILD78LA	VUILD78	fold_1	epithelial_transitional	POOLED	3.52872599824137	2.3815910293131393	2.607439182748479	2.630733894974245	2.7626773721472375	2.7485100414596344	2.781514862401754	2.3816123468851704	2.887351722337466	2.861117161654455	2.8902805815799906	2.8712869458202595	0.897992103267125	0.24916912122114518
VUILD78LA_150_24_10	VUILD78LA	VUILD78	fold_1	epithelial_transitional	POOLED	2.45844256239851	2.3815901697043786	2.5133986634516017	2.5719167570469152	2.7138991049840886	2.688451803765626	2.595706357676436	2.381610927916497	2.7289464926783533	2.5192434904924155	2.746109481171663	2.568379691230608	-0.11347419464840547	0.22691047143411805
VUILD78LA_150_24_11	VUILD78LA	VUILD78	fold_1	epithelial_transitional	POOLED	2.1464574143896	2.381588989248062	2.582465885809619	2.592230538815874	2.339273749972054	2.2917743291863437	2.5350448919439605	2.3816086687542803	2.265517464893741	2.227713053904988	2.2730277392651717	2.261139683813578	-0.44577312442627415	-0.0925964674552897
VUILD78LA_150_24_12	VUILD78LA	VUILD78	fold_1	epithelial_transitional	POOLED	2.58253748261106	2.3815878087917453	2.352653143588463	2.441001564686072	2.370315094951166	2.331193544170066	2.4632148320050624	2.3816064095920635	2.330913963366726	2.148973219081844	2.3439966852061698	2.172656137122678	0.14153591792498776	-0.03977141688252426
VUILD78LA_150_24_13	VUILD78LA	VUILD78	fold_1	epithelial_transitional	POOLED	2.53562064157955	2.3815866283354286	2.5261501603388603	2.4105866260418924	2.3101600951350956	2.2796063685131696	2.1698050906224595	2.3816041504298466	2.604046764855253	2.4715094994675115	2.6389539615433675	2.5399309225463624	0.1250340155376577	-0.2081701397305007
VUILD78LA_150_24_15	VUILD78LA	VUILD78	fold_1	epithelial_transitional	POOLED	2.65282379963789	2.3815842674227956	2.4888896561685874	2.4675332115464337	2.349689530172557	2.3567089829537897	2.657473321462579	2.381599632105413	2.519122724568936	1.6973887681914595	2.5246856856925146	1.723910439810572	0.18529058809145615	-0.19922418457109595
VUILD78LA_150_24_16	VUILD78LA	VUILD78	fold_1	epithelial_transitional	POOLED	2.35854853156407	2.381583086966479	2.538217773022376	2.5393805747972436	2.119936851854876	2.1285420668228388	2.482030187603916	2.381597372943196	2.4000733987124385	2.5102971855039606	2.402423299349293	2.5309247509654424	-0.1808320432331736	-0.15007777195945743
VUILD78LA_150_24_17	VUILD78LA	VUILD78	fold_1	epithelial_transitional	POOLED	2.79587340222723	2.381581906510162	2.477962150938641	2.4722290659414545	2.4166243608290356	2.4095930528484586	2.634771195789855	2.381595113780979	2.510940991063425	2.42760480685058	2.485733717275983	2.4424473084000566	0.3236443362857755	0.008560927244403943
VUILD78LA_150_24_9	VUILD78LA	VUILD78	fold_1	epithelial_transitional	POOLED	2.93520800903208	2.3815913501606953	2.6133020783400815	2.6763793145221713	2.3652787197279186	2.348820601752191	2.6734136187841364	2.381613187078714	2.590800241182541	2.1919435465364057	2.585684181710415	2.2245549912394424	0.25882869450990853	-0.23747849909428068
VUILD78LA_150_25_11	VUILD78LA	VUILD78	fold_1	epithelial_transitional	POOLED	3.17913001442055	2.381589310095618	2.72457169524375	2.6331332365891797	2.5511182722794006	2.5301899560823453	2.659640758429048	2.3816095089478235	2.384805019683548	2.197854760056945	2.392421778086598	2.222848357127222	0.5459967778313701	0.07945848884801195
VUILD78LA_150_25_12	VUILD78LA	VUILD78	fold_1	epithelial_transitional	POOLED	2.87542880644678	2.3815881296393013	2.4119441519052844	2.4119547658892184	2.629813019434589	2.597804858311892	2.63090940516426	2.3816072497856067	2.6050043980983486	2.6323379174978068	2.6205115290002476	2.6749302987692443	0.4634740405575615	0.28795846381889556
VUILD78LA_150_25_13	VUILD78LA	VUILD78	fold_1	epithelial_transitional	POOLED	2.95732899379459	2.3815869491829846	2.4321934873073765	2.5010407153218694	2.6077759986707676	2.575641119144787	2.5016315522829533	2.38160499062339	2.7086650697245958	2.664132890863759	2.7348389867368033	2.7336263340885765	0.4562882784727207	0.09460581990664974
VUILD78LA_150_25_9	VUILD78LA	VUILD78	fold_1	epithelial_transitional	POOLED	2.47553835892225	2.3815916710082514	2.6508606738553335	2.801392967847863	2.647542490278085	2.650651701851648	2.7287468115980342	2.3816140272722572	2.5320308058132146	2.697895774781662	2.507674932162483	2.687929598449573	-0.32585460892561313	0.05185840354330743
VUILD78LA_150_26_10	VUILD78LA	VUILD78	fold_1	epithelial_transitional	POOLED	1.63226427598228	2.3815908113994904	2.547966579407453	2.6043894338888767	2.507159416926193	2.4828947223616664	2.508786967419208	2.381612608303584	2.3596611507088485	2.199547812146032	2.368905825881174	2.243256586541714	-0.9721251579065966	0.037339950595709555
VUILD78LA_150_26_11	VUILD78LA	VUILD78	fold_1	epithelial_transitional	POOLED	2.57516561258271	2.3815896309431737	2.319870349553221	2.4526952405045597	2.3995778260280094	2.354021082572922	2.4427469307685223	2.381610349141367	2.348517274860572	2.070471672404362	2.36810924947118	2.1009508904082725	0.12247037207815037	-0.029464939952966084
VUILD78LA_150_26_12	VUILD78LA	VUILD78	fold_1	epithelial_transitional	POOLED	2.6843886122372	2.3815884504868574	2.3364049165344323	2.400241210520664	2.4804179569406872	2.412984178385007	2.4793318168330725	2.3816080899791503	2.7094986778643237	2.40655227473206	2.7383379132627956	2.472701966821999	0.28414740171653596	0.08480530092536963
VUILD78LA_150_26_13	VUILD78LA	VUILD78	fold_1	epithelial_transitional	POOLED	3.0217279336634	2.3815872700305407	2.623503689586688	2.474460468767738	3.030391870733755	2.9601869923796054	2.479091809146679	2.3816058308169334	2.81632100908843	2.975891863716433	2.8530636933527447	3.0586651184310325	0.5472674648956621	0.3672019719878338
VUILD78LA_150_26_14	VUILD78LA	VUILD78	fold_1	epithelial_transitional	POOLED	3.23701310781176	2.381586089574224	2.182495435207715	2.2050351331583755	2.54099866721287	2.4399193461767315	2.4512441727101604	2.3816035716547166	2.363766046722457	2.2258808552675218	2.4296285337961545	2.3301981918793246	1.0319779746533846	0.06502744696631425
VUILD78LA_150_27_10	VUILD78LA	VUILD78	fold_1	epithelial_transitional	POOLED	1.35518530221447	2.3815911322470464	2.7072177934428865	2.7154229728728496	2.3657237694105366	2.381748539045127	2.3984149449014582	2.381613448497127	2.3972463341250307	2.2734387579998723	2.3677259558130324	2.22790684400772	-1.3602376706583796	-0.013013176664765808
VUILD78LA_150_27_12	VUILD78LA	VUILD78	fold_1	epithelial_transitional	POOLED	2.36988562578287	2.381588771334413	2.539773258993178	2.5466153642825184	2.322982940563604	2.316264660636334	2.4480602533155658	2.3816089301726935	2.2462567948972074	2.1942193142676825	2.23288804365055	2.174546100036998	-0.17672973849964846	0.007017674648692634
VUILD78LA_150_3_11	VUILD78LA	VUILD78	fold_1	epithelial_transitional	POOLED	1.7701197918545	2.381582251449388	2.5790942112976456	2.4349920291992437	2.2732894152736667	2.284300050332685	2.598847912205212	2.381591024689868	2.380253849583007	2.1394063567604618	2.3810061924195614	2.1702939461067157	-0.6648722373447438	-0.056990109633343854
VUILD78LA_150_4_10	VUILD78LA	VUILD78	fold_1	epithelial_transitional	POOLED	2.98360049775084	2.38158375275326	2.5477754919094027	2.5325963051409905	2.400814737698255	2.4240471412064815	2.3484676249519914	2.381594124045628	2.4701301998364906	2.1309837923813735	2.446723606391834	2.099910806676621	0.4510041926098496	0.020495953643197194
VUILD78LA_150_4_11	VUILD78LA	VUILD78	fold_1	epithelial_transitional	POOLED	2.72352961803262	2.381582572296944	2.38439845400281	2.428433015236897	2.2380070767408298	2.2286086091012867	2.3592747225067416	2.3815918648834113	2.267010891114783	2.2626464885999242	2.244780227291183	2.247676982304505	0.2950966027957227	-0.07904605771800974
VUILD78LA_150_4_12	VUILD78LA	VUILD78	fold_1	epithelial_transitional	POOLED	2.33782097939469	2.3815813918406272	2.692849146824416	2.5508645615630945	2.2831417388256696	2.2709694287072826	2.2211277906512756	2.3815896057211945	2.546705649983335	2.2682486865312304	2.5377916453010414	2.253113062252434	-0.21304358216840447	-0.15524068585132947
VUILD78LA_150_4_13	VUILD78LA	VUILD78	fold_1	epithelial_transitional	POOLED	2.65723807036739	2.3815802113843105	2.510281442445142	2.699736990989335	2.2278573359965828	2.262149033468881	2.01501572778034	2.3815873465589776	2.2524120907888157	2.40923338640103	2.1836932797417887	2.2952734226118165	-0.04249892062194505	-0.1642487479164308
VUILD78LA_150_5_10	VUILD78LA	VUILD78	fold_1	epithelial_transitional	POOLED	3.108058366961	2.3815840736008163	2.451418585780187	2.503258186220709	2.693412863212907	2.6929722740887008	2.075319602708724	2.381594964239172	2.383186349657348	2.57305207860883	2.34855605525069	2.551554804408112	0.6048001807402912	0.18990601614849664
VUILD78LA_150_5_11	VUILD78LA	VUILD78	fold_1	epithelial_transitional	POOLED	2.59128771106374	2.3815828931444996	2.321406782969827	2.3953383205065597	2.2690289250120763	2.242200184744437	1.9013885066637957	2.381592705076955	2.2553203381324725	2.110790722372784	2.228411528492834	2.130300759536283	0.19594939055718008	-0.032367765718935355
VUILD78LA_150_5_12	VUILD78LA	VUILD78	fold_1	epithelial_transitional	POOLED	2.94181788764719	2.381581712688183	2.5773230936420175	2.577904980842993	2.3292302271586047	2.346490948647664	1.9548988570705557	2.381590445914738	2.4056459767724894	2.5344705689245113	2.367755596424618	2.4968405720609055	0.3639129068041971	-0.05342849736420869
VUILD78LA_150_6_10	VUILD78LA	VUILD78	fold_1	epithelial_transitional	POOLED	2.66997786050609	2.3815843944483723	2.3758679094623525	2.4042861716127986	2.3754137409333844	2.365852776812646	2.372386047805826	2.381595804432715	2.3925878637499856	2.109426306380346	2.3797572527658035	2.1239447119189063	0.26569168889329164	-0.05315602833855675
VUILD78LA_150_6_11	VUILD78LA	VUILD78	fold_1	epithelial_transitional	POOLED	2.67698224786093	2.3815832139920556	2.4705185325600056	2.370573818085492	2.3662440603805224	2.3215496596686394	2.315541415243056	2.3815935452704986	2.409514366882977	2.2550608583085014	2.414689541979847	2.273696780334136	0.30640842977543814	-0.049388840776260684
VUILD78LA_150_6_14	VUILD78LA	VUILD78	fold_1	epithelial_transitional	POOLED	2.14409028510799	2.3815796726231055	2.417133002094406	2.5782182760878873	2.381501606512379	2.45726576109856	2.566284395534943	2.381586767783848	2.3577785038628853	2.5441815659172713	2.2975765670651453	2.496343097166675	-0.4341279909798974	-0.03565362921756041
VUILD78LA_150_6_6	VUILD78LA	VUILD78	fold_1	epithelial_transitional	POOLED	3.81225846928232	2.3815891162736387	2.6541634929005955	2.6620288335253037	3.2679155175039925	3.2781645095354497	2.863586394362638	2.3816048410815824	2.7400564536437177	2.7500551204285175	2.7069498646767154	2.725809337724275	1.1502296357570163	0.726165732296889
VUILD78LA_150_6_7	VUILD78LA	VUILD78	fold_1	epithelial_transitional	POOLED	2.99684185060701	2.381587935817322	2.387943795959954	2.4944031628885797	3.0500410503962834	3.042930084335307	2.6294862638809136	2.3816025819193656	3.066525649946964	2.993918634754997	3.062439899255526	2.974109129765231	0.5024386877184304	0.6592468758142901
VUILD78LA_150_6_8	VUILD78LA	VUILD78	fold_1	epithelial_transitional	POOLED	2.84896033745048	2.3815867553610057	2.5106651720285607	2.4763414542043325	2.744952929600024	2.754087102763839	2.704105463915343	2.3816003227571487	2.51032557482728	2.496117405766202	2.5109800185995708	2.4866914706061247	0.37261888324614745	0.1499041170948375
VUILD78LA_150_6_9	VUILD78LA	VUILD78	fold_1	epithelial_transitional	POOLED	3.50362139907873	2.381585574904689	2.433608929935157	2.502232916205075	2.4069349041494195	2.410452898732935	2.1302431992004967	2.381598063594932	2.262389179439166	2.067662435785843	2.222175106157618	2.0505276462634647	1.0013884828736548	-0.07910100084624311
VUILD78LA_150_7_10	VUILD78LA	VUILD78	fold_1	epithelial_transitional	POOLED	3.23388473427451	2.381584715295928	2.410754175299532	2.3612876876373763	2.454060498555201	2.396174840531455	2.502886900567945	2.3815966446262586	2.7535754123704415	2.391228162703678	2.7835663968459574	2.436264129286864	0.8725970466371336	0.012775490572412554
VUILD78LA_150_7_13	VUILD78LA	VUILD78	fold_1	epithelial_transitional	POOLED	3.30452199787456	2.3815811739269783	2.3394656863415917	2.388605732939618	2.2886231836353113	2.263272229799387	2.5736669534156684	2.381589867139608	2.4113864225179342	2.4741084396867015	2.4212131084369286	2.51422340255826	0.9159162649349422	-0.15693882771838547
VUILD78LA_150_7_14	VUILD78LA	VUILD78	fold_1	epithelial_transitional	POOLED	3.12208980644178	2.3815799934706616	2.5254642600998456	2.510550644072138	2.5898344376621676	2.5972826006193905	2.7166460439927627	2.381587607977391	2.845067098233891	2.4477910961681038	2.8244075810762608	2.4458009780718384	0.6115391623696418	0.21994275565012592
VUILD78LA_150_7_15	VUILD78LA	VUILD78	fold_1	epithelial_transitional	POOLED	2.65802507500513	2.381578813014345	2.51735219502586	2.513771094930895	2.6787632720696224	2.7009214733379894	2.641857623623513	2.3815853488151744	2.757073658518232	2.484221308163086	2.7333303012315215	2.487327058072847	0.14425398007423507	0.2389277865817123
VUILD78LA_150_7_6	VUILD78LA	VUILD78	fold_1	epithelial_transitional	POOLED	3.07674638068941	2.3815894371211948	2.321642440358639	2.376660080288259	2.907327717828081	2.8737100054936775	2.673555163357992	2.381605681275126	3.0482286314265483	2.8668547633154002	3.0561109783459512	2.9171573933546893	0.7000863004011513	0.4670270340398055
VUILD78LA_150_7_7	VUILD78LA	VUILD78	fold_1	epithelial_transitional	POOLED	3.42163736636907	2.381588256664878	2.3963878671876238	2.3921085164222644	3.0862763866060297	3.0816231071503326	2.7890001307929433	2.381603422112909	2.906492831333498	3.0464183650766032	2.907212368146367	3.0571755408762997	1.0295288499468054	0.6917337025247972
VUILD78LA_150_7_8	VUILD78LA	VUILD78	fold_1	epithelial_transitional	POOLED	3.01657411553726	2.3815870762085614	2.411286164724518	2.4401679467552815	2.993158117675488	3.013000277549474	2.7286183824459256	2.3816011629506924	2.7098826565431797	2.647338557129547	2.6952487396746028	2.6229702410879643	0.5764061687819786	0.5103229913265112
VUILD78LA_150_7_9	VUILD78LA	VUILD78	fold_1	epithelial_transitional	POOLED	3.42678401379744	2.3815858957522447	2.3148646661482783	2.386378220228655	2.0180298427710017	2.033724759250572	2.162230955728281	2.3815989037884755	2.126104318597097	1.9760293924515815	2.099649470152524	1.9433505979124306	1.0404057935687852	-0.28046161934217984
VUILD78LA_150_8_10	VUILD78LA	VUILD78	fold_1	epithelial_transitional	POOLED	3.39888797973291	2.381585036143484	2.3074149075354837	2.3624709466282496	2.5387948794638535	2.5331421188901584	2.3781635072488814	2.3815974848198023	2.3222978751371044	2.610874916534317	2.3152438158294992	2.6428126742677884	1.0364170331046605	0.1850074795255212
VUILD78LA_150_8_11	VUILD78LA	VUILD78	fold_1	epithelial_transitional	POOLED	3.07552408704685	2.3815838556871674	2.3449323617825906	2.3226512315954078	2.1466604213816756	2.1203870281169577	2.2382300685695538	2.3815952256575854	2.3193516216049153	1.9643692343849752	2.3376674514267037	1.9774503143458597	0.7528728554514421	-0.14181890861096033
VUILD78LA_150_8_13	VUILD78LA	VUILD78	fold_1	epithelial_transitional	POOLED	3.24244821824875	2.381581494774534	2.191099755825	2.300930029047288	2.337034512037311	2.3150194252315828	2.16256960026799	2.3815907073331517	2.39584879742446	2.1910860628869706	2.406228867196447	2.2025291602944272	0.9415181892014624	-0.07190959194547587
VUILD78LA_150_8_14	VUILD78LA	VUILD78	fold_1	epithelial_transitional	POOLED	2.55760011460018	2.3815803143182173	2.4687074444811348	2.426662940489805	2.694851183050472	2.664334925720822	2.4637063155551036	2.381588448170935	2.5679453056553063	2.2058709496081907	2.5703483057306884	2.2035420063744153	0.13093717411037487	0.2374480864984657
VUILD78LA_150_8_15	VUILD78LA	VUILD78	fold_1	epithelial_transitional	POOLED	2.51824765823139	2.3815791338619006	2.4703784734771728	2.477921837362609	2.784019358870829	2.7916789650382245	2.425611830253521	2.381586189008718	2.6570392340418376	2.3415048550461077	2.633167190852608	2.3126514738653308	0.040325820868781115	0.3895714887900552
VUILD78LA_150_8_16	VUILD78LA	VUILD78	fold_1	epithelial_transitional	POOLED	2.71457371016461	2.381577953405584	2.2747081957485022	2.452481181157696	2.1494229767388724	2.1760259562243682	2.0751674784870175	2.381583929846501	2.260610712882347	2.1265137556866702	2.2358052036679785	2.0915025751755407	0.2620925290069138	-0.057096079787210326
VUILD78LA_150_8_5	VUILD78LA	VUILD78	fold_1	epithelial_transitional	POOLED	3.27627660944812	2.3815909384250675	2.355105141917263	2.363970546250997	2.8858193365862403	2.903706136054314	2.524654734430513	2.381608780630886	3.0393547643711107	2.5002030677605833	3.0085598239251534	2.4651454973116627	0.9123060631971232	0.45266124616438086
VUILD78LA_150_8_6	VUILD78LA	VUILD78	fold_1	epithelial_transitional	POOLED	3.44519340240076	2.381589757968751	2.446554351212613	2.433164537959955	2.8435230571302843	2.8618395271096313	2.599470558537855	2.3816065214686692	2.7019602843585866	2.3652829229094197	2.666231508527446	2.338273356493303	1.012028864440805	0.5541248971054306
VUILD78LA_150_8_7	VUILD78LA	VUILD78	fold_1	epithelial_transitional	POOLED	3.29898484979063	2.381588577512434	2.3300463673325424	2.3258762082618505	2.863488717074197	2.8539354105653088	2.7728394354641868	2.381604262306453	2.723038805707396	2.711423990361814	2.736345339548182	2.7479823350243264	0.9731086415287793	0.5521533970452804
VUILD78LA_150_8_8	VUILD78LA	VUILD78	fold_1	epithelial_transitional	POOLED	3.29999134588455	2.3815873970561174	2.4108021401719504	2.3989655038831565	2.279929906174167	2.2957383780099194	2.548865257958331	2.381602003144236	2.528879291387966	2.207538718227747	2.5158448933325857	2.1915375129681203	0.9010258420013932	0.05517656987615783
VUILD78LA_150_8_9	VUILD78LA	VUILD78	fold_1	epithelial_transitional	POOLED	3.20757388488483	2.3815862165998007	2.3085680625465907	2.3421775334880235	2.166874929443776	2.208039410468539	2.355191525056856	2.381599743982019	2.4508834087385	2.303174850490615	2.4240453956960595	2.2752676035273014	0.8653963513968064	-0.24566096021481063
VUILD78LA_150_9_10	VUILD78LA	VUILD78	fold_1	epithelial_transitional	POOLED	3.47127064351475	2.38158535699104	2.521389804283261	2.541204349513808	2.6134276928678046	2.6367780882547853	2.1876780421630717	2.3815983250133455	2.532802897559457	2.5054186804939835	2.495731315542274	2.465395644676444	0.9300662940009419	0.16782321708803802
VUILD78LA_150_9_11	VUILD78LA	VUILD78	fold_1	epithelial_transitional	POOLED	3.54480991255435	2.3815841765347234	2.516495637050223	2.459458287148424	2.2742868625832013	2.278050346704219	2.169917377216842	2.3815960658511286	2.3027238513772286	2.544279743018281	2.280661459077568	2.5495226379382516	1.0853516254059263	-0.055960117363975194
VUILD78LA_150_9_12	VUILD78LA	VUILD78	fold_1	epithelial_transitional	POOLED	3.61187090845964	2.3815829960784067	2.435720498149128	2.404314405945296	2.4007084012125004	2.3969616076425453	1.652959473570771	2.3815938066889117	2.7234039575675792	2.1642605722025925	2.711457596536662	2.1416038001563367	1.2075565025143442	0.023266874318693294
VUILD78LA_150_9_13	VUILD78LA	VUILD78	fold_1	epithelial_transitional	POOLED	3.6739859216109	2.38158181562209	2.432792972330697	2.438520498127299	2.0680633666193535	2.0991817404943816	2.142991676630312	2.381591547526695	2.0961352829859647	1.9188298000803645	2.07733499480329	1.8750078940714783	1.235465423483601	-0.24451083323941133
VUILD78LA_150_9_14	VUILD78LA	VUILD78	fold_1	epithelial_transitional	POOLED	2.98178062615015	2.3815806351657733	2.492099452990725	2.454458059980078	2.4480965997760906	2.43583581296147	2.1638312243378346	2.381589288364478	2.466371178753455	2.3739090484765857	2.4519565250184634	2.3853718526506573	0.527322566170072	0.069464096745671
VUILD78LA_150_9_15	VUILD78LA	VUILD78	fold_1	epithelial_transitional	POOLED	2.49839568098754	2.3815794547094566	2.528678304473895	2.540070361126006	2.63681620928793	2.654334971496149	2.2227220122810833	2.381587029202261	2.4910137019553975	2.293934166604308	2.4715655867102337	2.280637492999779	-0.04167468013846598	0.22956845768534395
VUILD78LA_150_9_5	VUILD78LA	VUILD78	fold_1	epithelial_transitional	POOLED	3.18788884281993	2.381591259272623	2.329578950175115	2.2693801087325487	2.798301199119847	2.792809692050143	2.3961557600063763	2.3816096208244297	2.855864476714295	2.542638257837902	2.851706651913932	2.549477362339782	0.9185087340873812	0.4595413410924978
VUILD78LA_150_9_6	VUILD78LA	VUILD78	fold_1	epithelial_transitional	POOLED	2.88765164408622	2.3815900788163065	2.393398005683145	2.422622573981102	2.8565883322574117	2.8555070227177204	2.410231023748922	2.381607361662213	2.8052547831346315	2.670253162884898	2.7813614225622842	2.646064561037303	0.46502907010511807	0.5602180183009123
VUILD78LA_150_9_7	VUILD78LA	VUILD78	fold_1	epithelial_transitional	POOLED	3.64540931219151	2.3815888983599898	2.201405585584367	2.264530893167966	3.0383813899119256	2.9970076606959855	2.705549909848304	2.381605102499996	2.826187185187359	2.698700714948377	2.8357745188900823	2.7658553362579354	1.380878419023544	0.6862318344128999
VUILD78LA_150_9_8	VUILD78LA	VUILD78	fold_1	epithelial_transitional	POOLED	3.31779116581627	2.381587717903673	2.323651016748241	2.2610613580034857	2.2568614351150935	2.216331475638173	2.329702854021182	2.381602843337779	2.4764121453686956	2.179052042597098	2.4873765502166556	2.1997934917167536	1.0567298078127845	-0.16138723899912863
VUILD78LA_150_9_9	VUILD78LA	VUILD78	fold_1	epithelial_transitional	POOLED	3.78960381022977	2.381586537447357	2.401953988708727	2.4510597188997885	2.081414641692911	2.124892667220661	2.159827372361186	2.3816005841755623	2.2023168485541325	2.3163675028297224	2.164480207898928	2.271609276830192	1.3385440913299815	-0.28975620277779146
VUILD78MA_150_10_12	VUILD78MA	VUILD78	fold_1	epithelial_transitional	POOLED	2.43017905512488	2.3815838727692378	2.6269655607765983	2.552540743297213	2.7813631592288384	2.7206917141130456	2.7575972883122324	2.3815943241935407	2.5111050395546446	2.6770136802914073	2.5418920024763683	2.7336631769657433	-0.12236168817233306	0.2170739811023034
VUILD78MA_150_10_13	VUILD78MA	VUILD78	fold_1	epithelial_transitional	POOLED	2.14948404260917	2.381582692241792	2.5025720627368164	2.4848774721195377	2.939016614290686	2.837624769336598	2.7845175245310267	2.381592064960215	2.626679775153267	2.8551574463220506	2.6790086295181395	2.93254801681802	-0.33539342951036755	0.46562656866765256
VUILD78MA_150_10_14	VUILD78MA	VUILD78	fold_1	epithelial_transitional	POOLED	2.1482842616973	2.3815815117143466	2.3559213988317262	2.362837580030261	2.716852784006388	2.6154465785234917	2.8170942557849377	2.3815898057268887	2.457378642479048	2.6687509030211696	2.497016228501908	2.733164099008604	-0.21455331833296087	0.29609755119118564
VUILD78MA_150_10_15	VUILD78MA	VUILD78	fold_1	epithelial_transitional	POOLED	2.50922392909668	2.381580331186901	2.608364823450017	2.593142426973788	2.766044631699955	2.757890099286264	2.8584690545835976	2.381587546493563	2.4306335728087407	2.780445956912214	2.432683361766111	2.8012952377941294	-0.08391849787710814	0.28895807531236894
VUILD78MA_150_10_3	VUILD78MA	VUILD78	fold_1	epithelial_transitional	POOLED	1.78345379225462	2.3815944975162484	2.395267233798495	2.3874319611860955	1.9380733986163323	1.8289199722554454	2.1116352414519093	2.3816146572934733	2.3105648709868625	1.6354717611285605	2.3514169240566685	1.6714106552496821	-0.6039781689314754	-0.5004871082018358
VUILD78MA_150_10_4	VUILD78MA	VUILD78	fold_1	epithelial_transitional	POOLED	2.23526082435411	2.381593316988803	2.7030035749474033	2.5693690059863648	2.7323519189381944	2.6705578955061777	2.5443454874545655	2.381612398060147	2.8067285468471157	2.515577637237016	2.8277788188495645	2.5186237928768502	-0.33410818163225464	0.25240921453789533
VUILD78MA_150_10_5	VUILD78MA	VUILD78	fold_1	epithelial_transitional	POOLED	1.89549731865177	2.3815921364613573	2.4495072432348706	2.5543727804914655	2.278581318879218	2.24193190512755	2.577296291596669	2.3816101388268214	2.5099913663963784	2.403487972503862	2.5268072629589424	2.410040163687547	-0.6588754618396955	0.016213243223920017
VUILD78MA_150_10_6	VUILD78MA	VUILD78	fold_1	epithelial_transitional	POOLED	1.2942496235824	2.3815909559339117	2.6028090685388543	2.519359761093676	2.4260549935439832	2.3666617736976305	2.574957059918518	2.3816078795934956	2.6614363924576696	2.499199505358182	2.6842888939464493	2.5224024369908054	-1.2251101375112763	0.09918110660549447
VUILD78MA_150_10_7	VUILD78MA	VUILD78	fold_1	epithelial_transitional	POOLED	1.36826497975893	2.381589775406466	2.4168012214584893	2.5318758000541757	2.4450810392478957	2.3912835322375225	2.581333598565259	2.38160562036017	2.429472881585637	2.253937351705611	2.4315410929861856	2.2435932035909794	-1.1636108202952458	0.05386291811559712
VUILD78MA_150_10_8	VUILD78MA	VUILD78	fold_1	epithelial_transitional	POOLED	1.7235254313915	2.3815885948790205	2.5900765937938406	2.550710377804641	2.44892427221892	2.387785061921872	2.6890010472734307	2.381603361126844	2.3824868218574813	2.5385947914092077	2.393154393338379	2.555890935051679	-0.8271849464131409	0.07176805316177153
VUILD78MA_150_10_9	VUILD78MA	VUILD78	fold_1	epithelial_transitional	POOLED	2.10708621700111	2.381587414351575	2.8314547551444966	2.7495161873126417	2.887668287903749	2.9131381085565295	2.689571140670709	2.381601101893518	2.5461423955979794	2.9009489144928544	2.529836568734661	2.859595681535734	-0.6424299703115315	0.38321863022990055
VUILD78MA_150_11_10	VUILD78MA	VUILD78	fold_1	epithelial_transitional	POOLED	2.46342968956682	2.381586607693817	2.7357807274767647	2.699739981802238	2.9924467370865044	2.9489527513808307	2.7374165717216155	2.3815997358687135	2.7346170826504386	2.803639116143475	2.7183936400924313	2.816159302705608	-0.23631029223541766	0.4425261870743599
VUILD78MA_150_11_11	VUILD78MA	VUILD78	fold_1	epithelial_transitional	POOLED	2.58763556051231	2.3815854271663714	2.619191594242453	2.5950799468171724	2.8907972945351084	2.84162658523059	2.7431810120110653	2.381597476635388	2.8077177773293966	2.971815100705728	2.7998037318172653	2.9878462630866838	-0.007444386304862327	0.36770431749757804
VUILD78MA_150_11_12	VUILD78MA	VUILD78	fold_1	epithelial_transitional	POOLED	2.70350446462834	2.381584246638926	2.3565877988844823	2.5075663050601413	2.917613377085791	2.90894918142968	2.7533999269479055	2.381595217402062	2.49094035831219	2.921285433681523	2.4838274441790174	2.9233963550198494	0.1959381595681986	0.46476818414108473
VUILD78MA_150_11_13	VUILD78MA	VUILD78	fold_1	epithelial_transitional	POOLED	2.5169629394235	2.3815830661114803	2.4191106045304767	2.4196346097736776	2.5530715490416975	2.498314125433837	2.7530913557482584	2.3815929581687363	2.38068151493607	2.474039034774116	2.4097333054240893	2.509760967503954	0.09732832964982219	0.18512103229820154
VUILD78MA_150_11_14	VUILD78MA	VUILD78	fold_1	epithelial_transitional	POOLED	2.91159899080304	2.3815818855840347	2.532129464163967	2.399044593202511	2.5693927687275555	2.507525777818702	2.6199471360729722	2.3815906989354105	2.3135839977084967	2.5033329538570697	2.3382964494735123	2.56588770434432	0.5125543976005291	0.09244031220824929
VUILD78MA_150_11_15	VUILD78MA	VUILD78	fold_1	epithelial_transitional	POOLED	2.80967828874723	2.381580705056589	2.2002804958165747	2.2181251186161517	2.646519398126641	2.5377571851993874	2.758366433692428	2.3815884397020843	2.5619308590077567	2.57562072856212	2.6238396055353377	2.6591884636158585	0.5915531701310783	0.19789013576752307
VUILD78MA_150_11_3	VUILD78MA	VUILD78	fold_1	epithelial_transitional	POOLED	2.42168505963533	2.3815948713859365	2.582166192211266	2.5644195494539344	1.6667341170821262	1.6614815400748844	2.0745495814535095	2.3816155505019947	2.0398441755187626	1.6407020359082827	2.031092506684772	1.6010687685789329	-0.14273448981860426	-0.6317049884707197
VUILD78MA_150_11_4	VUILD78MA	VUILD78	fold_1	epithelial_transitional	POOLED	1.99606112275676	2.381593690858491	2.592795802597447	2.6444653924839416	2.1685334687734863	2.1472468808717204	2.3863127444586434	2.381613291268669	2.5417515679126312	2.08994725544632	2.549373728626011	2.060448606996916	-0.6484042697271817	-0.23058835261025232
VUILD78MA_150_11_5	VUILD78MA	VUILD78	fold_1	epithelial_transitional	POOLED	1.71903254026275	2.3815925103310454	2.58469382836738	2.6005414582641966	2.344388399194491	2.27847095466214	2.6165380994130647	2.3816110320353427	2.4546100465531873	2.510332982993223	2.4804144410112827	2.523793175193387	-0.8815089180014466	-0.12792968169775457
VUILD78MA_150_11_6	VUILD78MA	VUILD78	fold_1	epithelial_transitional	POOLED	1.7405032813811	2.3815913298035998	2.6931268617271162	2.6976742040460704	2.805529244088545	2.764287154688901	2.5482069139170633	2.381608772802017	2.6097788499475967	2.7029166610004554	2.6147732016763476	2.6897998100248968	-0.9571709226649703	0.17737853577502694
VUILD78MA_150_11_7	VUILD78MA	VUILD78	fold_1	epithelial_transitional	POOLED	1.68677883704998	2.381590149276154	2.724713813828095	2.650928075015451	2.4554182142490095	2.398287400001017	2.659723436677143	2.3816065135686912	2.367970657203098	2.4257096581988984	2.38683749673157	2.4460760530773173	-0.964149237965471	-0.06084898365954011
VUILD78MA_150_11_8	VUILD78MA	VUILD78	fold_1	epithelial_transitional	POOLED	1.49942349654101	2.3815889687487086	2.5055557344501183	2.573621199104821	2.6371256664260003	2.5645631165658496	2.6860111530417345	2.3816042543353655	2.5191247826373218	2.551584874060825	2.538330053326314	2.57918194212602	-1.0741977025638108	0.2044714897336576
VUILD78MA_150_11_9	VUILD78MA	VUILD78	fold_1	epithelial_transitional	POOLED	2.33567329521752	2.3815877882212626	2.703958049343697	2.7116194366771587	3.0286282759811876	2.994496624592804	2.745606480877657	2.3816019951020397	2.743322020860432	2.8865984022516287	2.7262973148859606	2.8615611429090193	-0.37594614145963856	0.5143527600977549
VUILD78MA_150_12_10	VUILD78MA	VUILD78	fold_1	epithelial_transitional	POOLED	1.95666868402742	2.381586981563505	2.5908713779811245	2.5507467847862446	2.7321064331835405	2.623015682387822	2.6990977501934843	2.381600629077235	2.5806020610501887	2.6448664820885215	2.6196776887068003	2.7008921358181883	-0.5940781007588247	0.2115535306602543
VUILD78MA_150_12_11	VUILD78MA	VUILD78	fold_1	epithelial_transitional	POOLED	2.11639528798995	2.3815858010360595	2.4586404013562397	2.475018027105752	2.2895539860460334	2.2101414042789513	2.6795660551133533	2.381598369843909	2.2922054462615034	2.462847520229874	2.3343780188406957	2.5164879311305812	-0.3586227391158019	-0.08894435255846408
VUILD78MA_150_12_12	VUILD78MA	VUILD78	fold_1	epithelial_transitional	POOLED	1.94007082294442	2.381584620508614	2.5837049883002496	2.427832037307623	2.3251792716554394	2.249578226737329	2.7153942990362845	2.3815961106105834	2.375645644418437	2.399986181162681	2.416646905096653	2.475095316918939	-0.4877612143632033	-0.11687595241992668
VUILD78MA_150_12_13	VUILD78MA	VUILD78	fold_1	epithelial_transitional	POOLED	1.61129875151841	2.3815834399811684	2.4241951272650453	2.3768136287366577	2.6775509913426148	2.617463091202395	2.6753932468588606	2.3815938513772577	2.499805028556456	2.5815923529932334	2.534098232345051	2.62489410276725	-0.7655148772182476	0.2442004277907958
VUILD78MA_150_12_14	VUILD78MA	VUILD78	fold_1	epithelial_transitional	POOLED	1.79537866473183	2.381582259453723	2.0634212606975524	2.1544015625341695	2.6551983416997613	2.576150765330185	2.6255455188055152	2.381591592143932	2.4860095079526396	2.684504501649185	2.5278838128273136	2.739869474859462	-0.35902289780233954	0.1215530854461197
VUILD78MA_150_12_3	VUILD78MA	VUILD78	fold_1	epithelial_transitional	POOLED	1.77167850630274	2.3815952452556246	2.6203099934028495	2.682866526281178	2.372246455135825	2.2971549146809203	1.838410807228026	2.381616443710516	2.4064627357027186	1.9026695974447807	2.422508865708848	1.890747640493134	-0.9111880199784379	-0.20006008253697394
VUILD78MA_150_12_4	VUILD78MA	VUILD78	fold_1	epithelial_transitional	POOLED	2.07320640660287	2.381594064728179	2.797667387155037	2.7225065710912983	2.652376574900713	2.6016502860793658	2.3943997844436553	2.3816141844771903	2.745477418671841	2.2486981532030383	2.754056863926123	2.2533410256318946	-0.6493001644884284	0.12075078254935823
VUILD78MA_150_12_5	VUILD78MA	VUILD78	fold_1	epithelial_transitional	POOLED	1.69143723326057	2.3815928842007335	2.585659417615879	2.7031850609227743	2.490013344982432	2.453187482754594	2.5231754465342466	2.3816119252438646	2.6207950630892203	2.4798221483658276	2.6394730589162396	2.454903339101961	-1.0117478276622043	-0.011624933183673062
VUILD78MA_150_12_6	VUILD78MA	VUILD78	fold_1	epithelial_transitional	POOLED	1.97074648931698	2.381591703673288	2.728480826172986	2.7390936643401917	2.4429660916169444	2.3955575903435053	2.612605441936106	2.3816096660105384	2.4881070269443804	2.3984719734301403	2.4874410417193857	2.3954581278880718	-0.7683471750232118	-0.12068800685903469
VUILD78MA_150_12_7	VUILD78MA	VUILD78	fold_1	epithelial_transitional	POOLED	1.64583215081514	2.3815905231458423	2.668912980480206	2.686010894934117	2.431266696881716	2.370699225655725	2.523789516617635	2.3816074067772126	2.2907256433471272	2.249127131850683	2.30314559173756	2.2330074520074246	-1.0401787441189771	-0.18389790635931083
VUILD78MA_150_12_8	VUILD78MA	VUILD78	fold_1	epithelial_transitional	POOLED	1.13727227029933	2.3815893426183963	2.3681059320212405	2.497948398679058	2.6707942995592617	2.6043542456395326	2.5765810610877353	2.381605147543887	2.509893746677954	2.6080459168333054	2.535908101716796	2.623623668798146	-1.3606761283797277	0.1388944420312783
VUILD78MA_150_12_9	VUILD78MA	VUILD78	fold_1	epithelial_transitional	POOLED	1.81343031508892	2.3815881620909507	2.6120552093694114	2.6129843422875134	2.742932950957047	2.6810204018254113	2.6828090196113763	2.381602888310561	2.5428391734511466	2.9835928528024747	2.55465552456518	3.004884397467527	-0.7995540271985935	0.2676791777037768
VUILD78MA_150_13_10	VUILD78MA	VUILD78	fold_1	epithelial_transitional	POOLED	1.62017791251313	2.381587355433193	2.447361753120802	2.5063152412564786	2.707675026708697	2.5957072495118334	2.7095847713681094	2.3816015222857567	2.3113999272385906	2.341798340469274	2.354308026284177	2.407962830282359	-0.8861373287433487	0.2597358167914189
VUILD78MA_150_13_11	VUILD78MA	VUILD78	fold_1	epithelial_transitional	POOLED	2.42206089251147	2.3815861749057476	2.219795320749111	2.2973087186018497	2.6030703647931213	2.489290502149064	2.5931360150333087	2.3815992630524305	2.3833742410597236	2.3893888653190065	2.442832836529525	2.4704443302259107	0.12475217390962046	0.13516224334188554
VUILD78MA_150_13_13	VUILD78MA	VUILD78	fold_1	epithelial_transitional	POOLED	2.24621472950593	2.3815838138508565	2.2705166768089	2.2215968607473577	2.273850967088896	2.1924129022359553	2.631105828514201	2.381594744585779	2.336878491580906	2.0724083937691895	2.385999346176452	2.120128845428161	0.024617868758572303	-0.14903781743364747
VUILD78MA_150_13_14	VUILD78MA	VUILD78	fold_1	epithelial_transitional	POOLED	2.33124438511536	2.381582633323411	2.3620936271020465	2.2334243304725083	2.4865771465990703	2.394934993561994	2.5490188476869147	2.3815924853524533	2.4599143136388544	2.8216338999621087	2.5363805502466983	2.922037635069737	0.0978200546428516	-0.17464116651633502
VUILD78MA_150_13_15	VUILD78MA	VUILD78	fold_1	epithelial_transitional	POOLED	1.3666934261325	2.3815814527959653	2.218586923617058	2.1539303946426873	2.7443384289475254	2.612457589252481	2.6026633573244546	2.3815902261191275	2.3288469537862753	2.3915709818410145	2.4002059771881044	2.4721674730793426	-0.7872369685101872	0.2827141772088996
VUILD78MA_150_13_16	VUILD78MA	VUILD78	fold_1	epithelial_transitional	POOLED	1.25787537893059	2.3815802722685193	2.418688756185547	2.3446463145880263	2.567932884916947	2.5120194858657756	2.3961927852599483	2.3815879668858013	2.670980596969038	2.6826917391625438	2.7015884026440866	2.69827564403428	-1.0867709356574362	0.05709130570150157
VUILD78MA_150_13_17	VUILD78MA	VUILD78	fold_1	epithelial_transitional	POOLED	1.75039657982005	2.3815790917410737	2.4791588065565273	2.5067848229365777	2.698627723857346	2.6712291056004065	2.571356411725984	2.3815857076524756	2.6004344394538377	2.9774798796191937	2.6113401194486547	2.9803698006280825	-0.7563882431165276	0.24773599610812677
VUILD78MA_150_13_19	VUILD78MA	VUILD78	fold_1	epithelial_transitional	POOLED	1.75105195784018	2.3815767306861826	1.8755444009320366	2.1207079157924777	2.5829252254992734	2.510811868426046	2.470476719290656	2.381581189185824	2.571617015597319	3.054598071720531	2.6292108713644944	3.1336955840390197	-0.3696559579522978	0.033864399209539396
VUILD78MA_150_13_3	VUILD78MA	VUILD78	fold_1	epithelial_transitional	POOLED	1.92607665816691	2.3815956191253127	2.7084820008145187	2.6738376238291623	2.525746528576255	2.4670830207006054	1.9247462134980757	2.3816173369190374	2.7489301501867818	1.9424788395465913	2.766633088115244	1.905143838069725	-0.7477609656622524	-0.08341004398240118
VUILD78MA_150_13_4	VUILD78MA	VUILD78	fold_1	epithelial_transitional	POOLED	1.80376491936237	2.381594438597867	2.6931678729384902	2.7229284735418737	2.2924620389321566	2.248797187057459	2.4987618822455353	2.3816150776857117	2.542215350041433	2.156191125544594	2.572101214406273	2.162150377640671	-0.9191635541795038	-0.27313798295055247
VUILD78MA_150_13_5	VUILD78MA	VUILD78	fold_1	epithelial_transitional	POOLED	1.64103911560045	2.3815932580704215	2.6263852459991064	2.6621588224670987	2.5268506513662032	2.438260815893571	2.6331620631602917	2.381612818452386	2.781444643720083	2.6128086634522223	2.818357353357406	2.6510254839220275	-1.0211197068666487	0.04945119493336662
VUILD78MA_150_13_6	VUILD78MA	VUILD78	fold_1	epithelial_transitional	POOLED	2.09798700089952	2.381592077542976	2.717031060966037	2.7086068421180167	2.8435648493670556	2.77115270644035	2.5897159005730552	2.3816105592190597	2.523520619906417	2.4864590749709987	2.539674087274857	2.5050843451501863	-0.6106198412184969	0.13827936777168226
VUILD78MA_150_13_7	VUILD78MA	VUILD78	fold_1	epithelial_transitional	POOLED	1.631006601147	2.38159089701553	2.7325911993073797	2.74216388527742	2.6671948938352372	2.6067280287014905	2.659196120779863	2.381608299985734	2.459824405695965	2.416324586694129	2.466873999232432	2.430381434341749	-1.11115728413042	0.05558648151678377
VUILD78MA_150_13_8	VUILD78MA	VUILD78	fold_1	epithelial_transitional	POOLED	1.30158141832638	2.3815897164880844	2.5293697454014934	2.593262226844193	2.572646556708455	2.5074000936804044	2.643470450626269	2.3816060407524082	2.536915652951333	2.6600696269138213	2.5482228089190997	2.658609067471148	-1.2916808085178129	0.08801023891948116
VUILD78MA_150_14_10	VUILD78MA	VUILD78	fold_1	epithelial_transitional	POOLED	2.36806030944152	2.3815877293028813	2.799129772815632	2.652192692442998	3.084366932340207	3.060168440267894	2.6116002742884836	2.381602415494278	2.6547715444484967	2.914850907082659	2.655371462476212	2.9337187311544533	-0.28413238300147814	0.5173906345619632
VUILD78MA_150_14_11	VUILD78MA	VUILD78	fold_1	epithelial_transitional	POOLED	1.91243997183232	2.3815865487754357	2.539233569823834	2.4993841132289325	2.7056584350199673	2.615253973434271	2.539716753383801	2.3816001562609523	2.3622072650707864	2.5999156289014795	2.396213132008697	2.6535482414557006	-0.5869441413966126	0.25244311577456474
VUILD78MA_150_14_13	VUILD78MA	VUILD78	fold_1	epithelial_transitional	POOLED	1.98773802181727	2.3815841877205446	2.104106140766592	2.0814402120148134	3.219182756184668	3.0543909869365464	2.6383460723503496	2.3815956377943004	2.5330601938329913	2.8709256068054394	2.6181273860234238	2.9989876535222058	-0.09370219019754344	0.5752570274370995
VUILD78MA_150_14_15	VUILD78MA	VUILD78	fold_1	epithelial_transitional	POOLED	1.18353959061096	2.381581826665653	2.0682973666510684	2.1124116486290783	2.5395528300531276	2.4370858452707522	2.71995162881737	2.381591119327649	2.4232290616943994	2.4760611269909205	2.499693046747937	2.577557545153266	-0.9288720580181182	0.003935673817133089
VUILD78MA_150_14_16	VUILD78MA	VUILD78	fold_1	epithelial_transitional	POOLED	2.00143045601634	2.3815806461382074	2.16819414635636	2.309415073897384	2.8240435153557137	2.739841112636936	2.69410512965982	2.381588860094323	2.5935160229762992	2.498393513355706	2.6226520366949213	2.561679450236184	-0.30798461788104436	0.33266923512305635
VUILD78MA_150_14_17	VUILD78MA	VUILD78	fold_1	epithelial_transitional	POOLED	2.4093010367738	2.381579465610762	2.7043409436020904	2.564716650808716	3.311720677196536	3.2612305589409565	2.803036335532059	2.381586600860997	2.783154605019888	2.9967323652494287	2.8058034029777996	3.0362088746968823	-0.15541561403491588	0.627595661612338
VUILD78MA_150_14_19	VUILD78MA	VUILD78	fold_1	epithelial_transitional	POOLED	2.63756687884932	2.3815771045558707	2.0345389853331857	2.190647769383315	2.0206112874137907	1.9584850570340933	2.4619403143901284	2.3815820823943454	2.2173596580748494	2.4061036445883452	2.2677048769113433	2.5264038146515144	0.446919109466005	-0.4171815132974268
VUILD78MA_150_14_20	VUILD78MA	VUILD78	fold_1	epithelial_transitional	POOLED	1.36281129455307	2.381575924028425	2.5847406365176018	2.443404474100782	2.0374467653211417	2.0232514593709316	2.5036153271774686	2.3815798231610197	2.4354812917321853	2.466173063985618	2.432950319341109	2.466865114366058	-1.080593179547712	-0.4482563961642671
VUILD78MA_150_14_3	VUILD78MA	VUILD78	fold_1	epithelial_transitional	POOLED	2.04723757477732	2.381595992995001	2.459208996170004	2.4349625587240618	2.467066368497516	2.288055375744066	1.8377346089798876	2.381618230127559	2.3858175819609637	2.087253663903988	2.5429458582856004	2.223418245429394	-0.3877249839467418	-0.05500768189317706
VUILD78MA_150_14_4	VUILD78MA	VUILD78	fold_1	epithelial_transitional	POOLED	1.90754342560088	2.3815948124675552	2.4372411404573566	2.5039286564806047	2.1548551105026643	2.0585663913698147	2.5870906406568066	2.381615970894233	2.5184097580219946	2.3372806317814727	2.565520709250893	2.388494804853863	-0.5963852308797246	-0.3445689470301383
VUILD78MA_150_14_5	VUILD78MA	VUILD78	fold_1	epithelial_transitional	POOLED	2.183370479775	2.3815936319401096	2.644965354871334	2.6125166938066156	2.2594914030389344	2.1648973057977834	2.5835589328620956	2.3816137116609073	2.6501639313373704	2.4130592636907098	2.693090186003449	2.4669716924744423	-0.42914621403161535	-0.30213351214080725
VUILD78MA_150_14_6	VUILD78MA	VUILD78	fold_1	epithelial_transitional	POOLED	2.10445040079256	2.3815924514126636	2.5640827465872102	2.724170207336718	2.6900303384570448	2.6599915305301653	2.6305932869862025	2.3816114524275815	2.8178580701820644	2.595873175086919	2.834242058944482	2.60510726900503	-0.619719806544158	0.2057922911713089
VUILD78MA_150_14_8	VUILD78MA	VUILD78	fold_1	epithelial_transitional	POOLED	1.38407346563868	2.3815900903577725	2.45328349439981	2.4823761602267114	2.2105188286848527	2.127997607405096	2.6139474862006438	2.3816069339609296	2.49616806218146	2.1640628022142545	2.527695751221426	2.201514609379188	-1.0983026945880314	-0.2745086656761416
VUILD78MA_150_15_10	VUILD78MA	VUILD78	fold_1	epithelial_transitional	POOLED	1.71954607697479	2.3815881031725694	2.3892142563916567	2.47600012046693	2.11133603025041	2.041079709015866	2.646791296937408	2.3816033087027995	2.472567580243975	2.3495655617069033	2.4966159495149993	2.3854599684026723	-0.7564540434921403	-0.3935500170095039
VUILD78MA_150_15_11	VUILD78MA	VUILD78	fold_1	epithelial_transitional	POOLED	1.98953408369735	2.381586922645124	2.7082909373528397	2.662814389418782	2.464434934436293	2.420826905346041	2.63128715701299	2.3816010494694737	2.6632600000264857	2.427626082160698	2.6640092195233263	2.4462895689040938	-0.673280305721432	0.09275841115118261
VUILD78MA_150_15_12	VUILD78MA	VUILD78	fold_1	epithelial_transitional	POOLED	2.02401056315897	2.3815857421176783	2.6063725032043985	2.539578408455721	2.6540981243915156	2.6034569840736945	2.733837686259959	2.3815987902361475	2.5277212656756607	2.8326618822697496	2.5485497024084647	2.8716698262404616	-0.5155678452967507	0.26580093958499196
VUILD78MA_150_15_13	VUILD78MA	VUILD78	fold_1	epithelial_transitional	POOLED	2.48033070362608	2.3815845615902327	2.455346974002595	2.493837694556707	2.95921408893414	2.913554496795019	2.682688149668672	2.3815965310028218	2.7218500008337863	2.892286286268435	2.754069078925232	2.939678562916316	-0.013506990930626905	0.4689777918802819
VUILD78MA_150_15_16	VUILD78MA	VUILD78	fold_1	epithelial_transitional	POOLED	1.99351318960836	2.3815810200078955	2.621631159198709	2.4905894370647603	2.5983165916141076	2.5647226210629657	2.6605581221185113	2.3815897533028445	2.4330797891090317	2.568945051850085	2.4301067632694493	2.5963201172095625	-0.49707624745640033	0.09401445263456616
VUILD78MA_150_15_18	VUILD78MA	VUILD78	fold_1	epithelial_transitional	POOLED	1.67408368315823	2.3815786589530044	2.10199081360959	2.235583198987128	2.4546800710195558	2.3584862774030673	2.631229641150738	2.3815852348361926	2.462789305226184	2.499839856705042	2.5233566770692004	2.610865159960891	-0.5614995158288982	-0.09297404872314888
VUILD78MA_150_15_19	VUILD78MA	VUILD78	fold_1	epithelial_transitional	POOLED	1.69471736180831	2.381577478425559	2.4534047352826294	2.4099973962161783	2.57163584944569	2.551867466415302	2.75372954948889	2.381582975602867	2.473327531012193	2.325889045361829	2.479084052958628	2.3467934362010596	-0.7152800344078682	0.059938865655624694
VUILD78MA_150_15_20	VUILD78MA	VUILD78	fold_1	epithelial_transitional	POOLED	1.38231077563722	2.381576297898113	2.361617070158552	2.433223750811298	2.673123428917643	2.6289882850155535	2.6211834580931272	2.381580716369541	2.7393136118493135	2.5332848480182752	2.7457775711608114	2.558225185699733	-1.050912975174078	0.18318999430408237
VUILD78MA_150_15_3	VUILD78MA	VUILD78	fold_1	epithelial_transitional	POOLED	1.39429554042297	2.381596366864689	2.598231037181768	2.64384334122727	2.2480936195695116	2.205843881007587	1.954426608292016	2.38161912333608	2.1160040977472505	1.9363349116613104	2.1240598729359843	1.9529046896400781	-1.2495478008043	-0.20841541248688553
VUILD78MA_150_15_4	VUILD78MA	VUILD78	fold_1	epithelial_transitional	POOLED	1.8368211676322	2.3815951863372433	2.566313845141284	2.645051401530597	2.459028652339528	2.4067208859038294	2.558747633175183	2.3816168641027544	2.6748599289810047	2.492383590463396	2.6867654402205523	2.494019997031081	-0.8082302338983969	-0.1205565830138076
VUILD78MA_150_15_5	VUILD78MA	VUILD78	fold_1	epithelial_transitional	POOLED	2.0297941693475	2.3815940058097973	2.6509983565758937	2.6734429367614343	2.716654985480085	2.6183977107670415	2.580988800957876	2.3816146048694287	2.528405045715534	2.584283283180852	2.565956289517547	2.64503815750626	-0.6436487674139344	0.049968060621976694
VUILD78MA_150_15_6	VUILD78MA	VUILD78	fold_1	epithelial_transitional	POOLED	1.45278637075359	2.3815928252823517	2.6660093126989826	2.659679902807156	2.5054546565275957	2.430073450823172	2.608212476190508	2.381612345636103	2.4950612600976623	2.1578660765289652	2.511145268069597	2.183081275784651	-1.2068935320535659	-0.07488476452010578
VUILD78MA_150_15_7	VUILD78MA	VUILD78	fold_1	epithelial_transitional	POOLED	1.21527351496527	2.381591644754906	2.629842871818005	2.6540685817565897	2.128183366496996	2.0795508433245753	2.5615729340728146	2.381610086402777	2.508717897785652	2.3755652895015498	2.537340002704851	2.429007990850483	-1.4387950667913196	-0.36699133639068393
VUILD78MA_150_15_8	VUILD78MA	VUILD78	fold_1	epithelial_transitional	POOLED	1.40197104119286	2.3815904642274606	2.5212603420509514	2.550166509025591	2.2006535064721993	2.1548482290667996	2.6169833012837502	2.381607827169451	2.0636778775599907	2.176495599736379	2.075522092262858	2.195604330800243	-1.1481954678327309	-0.39057319211940283
VUILD78MA_150_16_10	VUILD78MA	VUILD78	fold_1	epithelial_transitional	POOLED	1.65383360479303	2.3815884770422575	2.4110685858954244	2.4469238129011543	2.2901305654397226	2.2125196953021504	2.5731268200573423	2.381604201911321	2.5248481369848195	2.3097387061878605	2.563336615884167	2.3386368234490917	-0.7930902081081244	-0.29948824451849215
VUILD78MA_150_16_11	VUILD78MA	VUILD78	fold_1	epithelial_transitional	POOLED	2.02743033584993	2.381587296514812	2.643116442007064	2.6340416225251597	2.8042962001086424	2.7373724720012196	2.5980504420338657	2.381601942677995	2.787259030594696	2.7240272385898554	2.8096184684627454	2.759876254821851	-0.6066112866752298	0.3115193739492404
VUILD78MA_150_16_12	VUILD78MA	VUILD78	fold_1	epithelial_transitional	POOLED	1.77812343822145	2.3815861159873664	2.6163375086441896	2.683579830285085	2.5205574328624407	2.4699839218547592	2.654434640522713	2.3815996834446693	2.388953783928219	2.580213416800761	2.409342958695746	2.5910422557165256	-0.9054563920636352	0.13541608872270003
VUILD78MA_150_16_13	VUILD78MA	VUILD78	fold_1	epithelial_transitional	POOLED	2.02125050860648	2.3815849354599203	2.7297141698756118	2.611371409131727	2.7734364233574067	2.713339337794718	2.752965126418432	2.381597424211343	2.5164643156880673	2.701197617762609	2.552083326961524	2.7594447677794594	-0.590120900525247	0.35329038548299174
VUILD78MA_150_16_14	VUILD78MA	VUILD78	fold_1	epithelial_transitional	POOLED	1.93653360769117	2.3815837549324748	2.6231756353197144	2.4857834099728247	2.2474751726825053	2.208663312162433	2.735428908829716	2.3815951649780174	2.2733689661038072	2.5602844754790937	2.28917611461367	2.5813508803939826	-0.5492498022816548	-0.08944070095291551
VUILD78MA_150_16_17	VUILD78MA	VUILD78	fold_1	epithelial_transitional	POOLED	2.07297084669827	2.381580213350138	2.404900549608349	2.450932811083059	2.6723871371203534	2.619930648384811	2.475762423286091	2.38158838727804	2.367981765254746	2.52771497785585	2.386839983777461	2.5531220750538286	-0.3779619643847889	0.16466035165981133
VUILD78MA_150_16_18	VUILD78MA	VUILD78	fold_1	epithelial_transitional	POOLED	1.78109551758665	2.3815790328226925	2.6171274969409684	2.600951773316809	3.0173743089779306	2.9894643672868537	2.708077546403051	2.381586128044714	2.6262097270154365	2.5273926765095758	2.6242837526333385	2.5329802443716276	-0.819856255730159	0.4720274416408142
VUILD78MA_150_16_19	VUILD78MA	VUILD78	fold_1	epithelial_transitional	POOLED	1.77578700448285	2.381577852295247	2.5633163402200987	2.6026884889007493	3.0380299199874976	2.998327543310993	2.6571819945782105	2.381583868811388	2.9469829212856755	2.8356823963179787	2.9547739328880542	2.8368657508910196	-0.8269014844178992	0.4193899929596746
VUILD78MA_150_16_20	VUILD78MA	VUILD78	fold_1	epithelial_transitional	POOLED	1.4685229947892	2.3815766717678013	2.577571696975017	2.5193025550885033	2.434828408382188	2.3872414176133354	2.5717780428371406	2.3815816095780624	2.517074127875384	2.793193521574503	2.512989489300408	2.810461317820976	-1.0507795602993033	0.011638346076824754
VUILD78MA_150_16_21	VUILD78MA	VUILD78	fold_1	epithelial_transitional	POOLED	1.56345048402481	2.3815754912403557	2.4106554579041006	2.368433039562342	2.6292033838220097	2.5975572812487964	2.4937371569438818	2.3815793503447367	2.4980395776138233	2.625197420029419	2.506677881196616	2.6219391055207355	-0.8049825555375318	0.1752579187056817
VUILD78MA_150_16_3	VUILD78MA	VUILD78	fold_1	epithelial_transitional	POOLED	1.9167667942351	2.381596740734377	2.708106485192706	2.560283573268422	2.481736801036111	2.421108818141224	1.7302983676474426	2.3816200165446015	2.4887620571037123	2.055760629371005	2.519687817903995	2.077727697966332	-0.643516779033322	-0.2048432599325343
VUILD78MA_150_16_4	VUILD78MA	VUILD78	fold_1	epithelial_transitional	POOLED	1.95709980738678	2.381595560206931	2.735547286759301	2.7458178806929725	2.2946320949879992	2.248505163237235	2.5752595974336523	2.381617757311276	2.4217846991196255	2.4711905140785375	2.426848246250805	2.4823493017409635	-0.7887180733061925	-0.2510225582371698
VUILD78MA_150_16_5	VUILD78MA	VUILD78	fold_1	epithelial_transitional	POOLED	1.90315371364639	2.3815943796794854	2.8449234399324173	2.7972716401625024	2.673636192165675	2.6255132126400933	2.588254639593092	2.38161549807795	2.9976010170633924	2.6053914550160533	3.0213799273346518	2.6507180079291746	-0.8941179265161123	0.03964414286647681
VUILD78MA_150_16_6	VUILD78MA	VUILD78	fold_1	epithelial_transitional	POOLED	1.40194611234635	2.38159319915204	2.588124697822975	2.6218464333619886	2.586212659037167	2.5016334484064555	2.5827397893890987	2.3816132388446243	2.680072989044751	2.4696565823900403	2.727614588236018	2.5234694497132937	-1.2199003210156387	-0.06562345999786054
VUILD78MA_150_16_7	VUILD78MA	VUILD78	fold_1	epithelial_transitional	POOLED	1.46436061240325	2.3815920186245942	2.6205169503442964	2.638931388745235	2.0882455249768452	2.0185103492484067	2.5788684599261313	2.3816109796112985	2.347011272185443	2.27102864584891	2.3700844823711993	2.2835068570406807	-1.174570776341985	-0.44931011849237573
VUILD78MA_150_16_8	VUILD78MA	VUILD78	fold_1	epithelial_transitional	POOLED	1.89132877570469	2.3815908380971487	2.6849021596559037	2.6165230348217934	2.3672205123505226	2.301091545765187	2.6003007186577487	2.3816087203779723	2.6593339786912593	2.2988316747595565	2.705499987076806	2.3316115808355367	-0.7251942591171034	-0.2394520341815286
VUILD78MA_150_16_9	VUILD78MA	VUILD78	fold_1	epithelial_transitional	POOLED	2.12358668794894	2.381589657569703	2.198934596745335	2.322126949716625	2.4516575573688333	2.354273612326134	2.6860241379194596	2.3816064611446466	2.066531069593825	2.2050201271270513	2.1051663228919426	2.2742406190056585	-0.1985402617676848	-0.1919719338737719
VUILD78MA_150_17_10	VUILD78MA	VUILD78	fold_1	epithelial_transitional	POOLED	1.95069440715702	2.3815888509119456	2.5708364413275655	2.5507311246704973	2.4102135291840403	2.365720800537483	2.6571840224867644	2.381605095119842	2.4978905573249666	2.3711989587996727	2.5240398216402866	2.4051587953153306	-0.6000367175134773	-0.06398461741799384
VUILD78MA_150_17_11	VUILD78MA	VUILD78	fold_1	epithelial_transitional	POOLED	2.07930030616599	2.3815876703845	2.4815788172404347	2.5320225359036255	2.329620172035798	2.2360105635716305	2.609145288727766	2.3816028358865164	2.5506765631769013	2.3635145297433144	2.5937637342405364	2.418611386211755	-0.45272222973763565	-0.17381829029923287
VUILD78MA_150_17_12	VUILD78MA	VUILD78	fold_1	epithelial_transitional	POOLED	2.57463345993431	2.381586489857054	2.710951864552767	2.6434251117853735	2.6625231599016135	2.5944520924702683	2.702703045479297	2.3816005766531907	2.532080576008852	2.6197024780534472	2.559574707830176	2.658341705555768	-0.0687916518510634	0.10081513979480895
VUILD78MA_150_17_14	VUILD78MA	VUILD78	fold_1	epithelial_transitional	POOLED	1.73132626724916	2.381584128802163	2.3670999458241444	2.465468654092757	2.4670970778226975	2.40626970547407	2.6164977431076304	2.3815960581865387	2.576594849343087	2.747983778110892	2.593666144459937	2.8009302283118607	-0.7341423868435968	-9.562550029960232e-07
VUILD78MA_150_17_15	VUILD78MA	VUILD78	fold_1	epithelial_transitional	POOLED	1.86699956419607	2.3815829482747173	2.4422013193289525	2.45012119547946	2.454645404699876	2.3786524064636296	2.6873600494180594	2.381593798953213	2.550943467158289	2.45192958122447	2.563837774701163	2.4755584241664095	-0.58312163128339	-0.04296689714769811
VUILD78MA_150_17_17	VUILD78MA	VUILD78	fold_1	epithelial_transitional	POOLED	2.27886019772126	2.381580587219826	2.8668133101876343	2.7131903745572616	3.088441748180838	3.133642071581977	2.566457694715576	2.3815892804865615	2.777762315602799	2.9490559362395565	2.752453339947246	2.9134183232391084	-0.4343301768360015	0.49617121692260646
VUILD78MA_150_17_18	VUILD78MA	VUILD78	fold_1	epithelial_transitional	POOLED	1.43885054976871	2.3815794066923806	2.7478007323095373	2.7778936565290806	2.5957336395668333	2.600828093041043	2.6511957721511674	2.3815870212532357	2.6155256430438145	2.849981890091849	2.598829620063623	2.819755419915645	-1.3390431067603705	0.14063206686290344
VUILD78MA_150_17_19	VUILD78MA	VUILD78	fold_1	epithelial_transitional	POOLED	1.54099589417818	2.381578226164935	2.58866272446976	2.5859592622761927	2.740105863530216	2.698161624156134	2.4044513734040716	2.3815847620199095	2.715834482390787	2.758462496482763	2.717021593443348	2.745300069925647	-1.0449633680980126	0.20019734855260143
VUILD78MA_150_17_20	VUILD78MA	VUILD78	fold_1	epithelial_transitional	POOLED	1.42110317591405	2.3815770456374894	2.4464078011529913	2.484759074737308	2.941450406527599	2.8745036910195574	2.5955584431895824	2.381582502786584	2.7082912993112753	3.049101609404299	2.72604648692581	3.077931161851667	-1.0636558988232578	0.33555721665986155
VUILD78MA_150_17_4	VUILD78MA	VUILD78	fold_1	epithelial_transitional	POOLED	2.48382439813821	2.381595934076619	2.7589615955382234	2.766890111344873	2.6182569958623656	2.564959478134473	2.6127668974007956	2.381618650519797	2.7119022476551837	2.6064920146622748	2.72852593182857	2.6320722744350786	-0.28306571320666274	0.07083442831409385
VUILD78MA_150_17_5	VUILD78MA	VUILD78	fold_1	epithelial_transitional	POOLED	1.75063112864882	2.3815947535491735	2.7353053190412226	2.6918429284573038	2.431398889486675	2.408750569076609	2.5096302428206756	2.3816163912864714	2.6028375373571206	2.647662525245103	2.6153410332870983	2.648110670449184	-0.9412117998084837	-0.004442389850858592
VUILD78MA_150_17_6	VUILD78MA	VUILD78	fold_1	epithelial_transitional	POOLED	1.66665586641631	2.381593573021728	2.470528376521028	2.583547705686942	2.4685244890804237	2.3887270377739744	2.443494489050617	2.3816141320531456	2.5534951752178143	2.556805780599993	2.5858227744387974	2.588203412416117	-0.916891839270632	-0.10661769405837337
VUILD78MA_150_17_7	VUILD78MA	VUILD78	fold_1	epithelial_transitional	POOLED	1.55283703665399	2.3815923924942823	2.668999246165735	2.717204974795808	2.6708990013565597	2.6698900977768885	2.4730877622132557	2.38161187281982	2.515291134676736	2.4237813974845746	2.5300069896610626	2.4006869944922173	-1.1643679381418177	0.16144980514571636
VUILD78MA_150_17_8	VUILD78MA	VUILD78	fold_1	epithelial_transitional	POOLED	1.40927713559857	2.3815912119668368	2.6853876795948057	2.687503608420038	2.620742809223617	2.5690449076060924	2.6289198554546047	2.381609613586494	2.4839169616454244	2.591370227744045	2.5115604481254423	2.613041484288053	-1.2782264728214678	0.0517403827768557
VUILD78MA_150_17_9	VUILD78MA	VUILD78	fold_1	epithelial_transitional	POOLED	1.62379995863292	2.381590031439391	2.5287404537698577	2.516710146903156	2.3491934840510584	2.2804867637961257	2.626190030961714	2.381607354353168	2.219546872284286	2.253808639165114	2.2480942234197605	2.284236847680717	-0.8929101882702362	-0.21933385205188033
VUILD78MA_150_18_10	VUILD78MA	VUILD78	fold_1	epithelial_transitional	POOLED	1.79894948235135	2.3815892247816337	2.4701699108781052	2.5764419073373954	2.594070161862538	2.571240049451402	2.5325658431403917	2.3816059883283636	2.509109219094614	2.391656615076195	2.5112458803847684	2.364403903817097	-0.7774924249860453	0.0976589465757797
VUILD78MA_150_18_11	VUILD78MA	VUILD78	fold_1	epithelial_transitional	POOLED	1.64391548240519	2.3815880442541877	2.6186319025440294	2.6141741369008296	2.146543323029523	2.1153541174296073	2.5333667286579256	2.381603729095038	2.474771508067239	2.262570568403697	2.4966110392227634	2.2673722295848977	-0.9702586544956395	-0.22163501807442193
VUILD78MA_150_18_12	VUILD78MA	VUILD78	fold_1	epithelial_transitional	POOLED	1.70260053030916	2.381586863726742	2.6574526810221877	2.6629148879007865	2.3646760159192497	2.3291291660360325	2.5367472714839026	2.381601469861712	2.518791488351165	2.4144079208070814	2.536434284429434	2.4321293039705107	-0.9603143575916264	-0.0814790473435722
VUILD78MA_150_18_13	VUILD78MA	VUILD78	fold_1	epithelial_transitional	POOLED	1.88333869827101	2.3815856831992965	2.687814996966108	2.6438691354148913	2.8573538114262873	2.7931984110502386	2.62946131892724	2.3815992106283863	2.6838778205741765	2.679582367250687	2.7070807237485233	2.7324411742071377	-0.7605304371438812	0.24428614486097397
VUILD78MA_150_18_14	VUILD78MA	VUILD78	fold_1	epithelial_transitional	POOLED	2.13052070781402	2.381584502671851	2.595009769147088	2.575837420925402	2.5714892454275056	2.5227522293056315	2.6161439587988546	2.3815969513950606	2.2601633051910106	2.594781330386074	2.2665048365565834	2.626742899055115	-0.445316713111382	-0.06615477624171481
VUILD78MA_150_18_15	VUILD78MA	VUILD78	fold_1	epithelial_transitional	POOLED	1.62012416402159	2.3815833221444054	2.4267769620393573	2.4334267563571204	2.386590477267141	2.299400711008026	2.5707290047847056	2.3815946921617344	2.724523158773139	2.440833204467358	2.7438150621307367	2.487345696025692	-0.8133025923355304	-0.03185709975599638
VUILD78MA_150_18_16	VUILD78MA	VUILD78	fold_1	epithelial_transitional	POOLED	1.85903366017035	2.38158214161696	2.5654273467672235	2.485477164797653	2.2555291211254183	2.2307632237486867	2.4686312864127973	2.3815924329284086	2.492071763875125	2.4356411101033735	2.4910522132855144	2.4192634519757923	-0.6264435046273027	-0.05447299415235166
VUILD78MA_150_18_17	VUILD78MA	VUILD78	fold_1	epithelial_transitional	POOLED	1.93782291949916	2.3815809610895142	2.2844799581013295	2.5871552218901908	2.5822788208171734	2.602422443522974	2.529333149729129	2.381590173695083	2.7559731431088137	2.737359033163141	2.752428523303215	2.695011218803458	-0.6493323023910307	-0.0006317674378342551
VUILD78MA_150_18_18	VUILD78MA	VUILD78	fold_1	epithelial_transitional	POOLED	1.9156882538747	2.3815797805620686	2.6541949488110097	2.5498797080454656	2.8086011996851505	2.7779788403695536	2.669524230260638	2.381587914461757	2.4891489451929685	2.931608991511656	2.486588684668746	2.9690123499862793	-0.6341914541707656	0.30041350855515825
VUILD78MA_150_18_19	VUILD78MA	VUILD78	fold_1	epithelial_transitional	POOLED	1.67232744214666	2.381578600034623	2.544131260346636	2.5690286376827975	2.4954279588423476	2.485861893807751	2.636167204744295	2.381585655228431	2.45522549117869	2.7873063173764687	2.4713504658902092	2.8005503259823152	-0.8967011955361375	0.07578721231601088
VUILD78MA_150_18_20	VUILD78MA	VUILD78	fold_1	epithelial_transitional	POOLED	1.80528097455744	2.381577419507177	2.233921832171733	2.1893263993862266	2.262663539429389	2.1918990038554895	2.3864955343636005	2.381583395995105	2.433715105082821	2.2643646935130417	2.4590099147458573	2.2940869965708863	-0.38404542482878656	-0.18127408306840648
VUILD78MA_150_18_4	VUILD78MA	VUILD78	fold_1	epithelial_transitional	POOLED	2.15810793323606	2.381596307946307	2.7618165199895923	2.7204768798481496	2.4695642469827193	2.418429902703711	2.2823511037739084	2.381619543728319	2.5299945811081606	2.379836163654836	2.5291707286433898	2.3606738251910224	-0.5623689466120894	-0.0006081853798459245
VUILD78MA_150_18_7	VUILD78MA	VUILD78	fold_1	epithelial_transitional	POOLED	1.88798318111683	2.3815927663639704	2.759841920403461	2.7619223423272112	2.8317959490332303	2.8087116862386665	2.4417382390105686	2.3816127660283413	2.6598297752636486	2.750117644448034	2.6723089385388423	2.741222955746524	-0.8739391612103813	0.2586372780820162
VUILD78MA_150_18_8	VUILD78MA	VUILD78	fold_1	epithelial_transitional	POOLED	1.33942852345757	2.381591585836525	2.620669884130419	2.687372818937189	2.605983347376253	2.5148943035124813	2.519472465576137	2.3816105067950155	2.4457503436372336	2.1912251213349196	2.4705381781709064	2.194908926746993	-1.347944295479619	-0.08661343720066061
VUILD78MA_150_18_9	VUILD78MA	VUILD78	fold_1	epithelial_transitional	POOLED	1.6284298063023	2.3815904053090793	2.6562269053736505	2.6677453424074202	2.658098917263785	2.644605003360788	2.52482731649529	2.3816082475616898	2.471534307780852	2.594042919605269	2.457864868648715	2.5951590778500613	-1.0393155361051203	0.08580803085394
VUILD78MA_150_19_10	VUILD78MA	VUILD78	fold_1	epithelial_transitional	POOLED	1.96936051391114	2.3815895986513214	2.676697651375843	2.6417085629681347	2.825714157183408	2.7696400101595637	2.5642352996722466	2.381606881536885	2.8724889435909216	2.6181789468323617	2.8783599656755694	2.6269843839661884	-0.6723480490569946	0.22380961813591152
VUILD78MA_150_19_11	VUILD78MA	VUILD78	fold_1	epithelial_transitional	POOLED	2.54927856339912	2.381588418123876	2.6380055734734826	2.6407764501132056	2.8331055147045414	2.770188845709552	2.5647101840269686	2.381604622303559	2.842036629508225	2.5028727330482394	2.8647093117651314	2.5360138828310035	-0.09149788671408565	0.27271663139319036
VUILD78MA_150_19_12	VUILD78MA	VUILD78	fold_1	epithelial_transitional	POOLED	1.85892206496988	2.38158723759643	2.527425302513781	2.582585397220348	2.765107215351381	2.689761520059483	2.528617558855429	2.3816023630702334	2.5411820183108755	2.604683337812544	2.586914194079479	2.658939822513278	-0.723663332250468	0.17273857948182067
VUILD78MA_150_19_13	VUILD78MA	VUILD78	fold_1	epithelial_transitional	POOLED	1.53332163935554	2.3815860570689846	2.5367017045697904	2.5482107140201125	2.877495933835426	2.8436851460559622	2.4250646840464802	2.3816001038369077	2.794945726112207	2.710933900572748	2.8185351103241287	2.7443856741841217	-1.0148890746645725	0.2530553470590245
VUILD78MA_150_19_14	VUILD78MA	VUILD78	fold_1	epithelial_transitional	POOLED	2.29762211215725	2.381584876541539	2.423967825827568	2.455165951268931	2.3218966936116976	2.211524320960248	2.5057663888747785	2.381597844603582	2.4643838569505445	2.811925439447067	2.5087132535607783	2.9067570574132073	-0.15754383911168057	-0.22101568385408563
VUILD78MA_150_19_15	VUILD78MA	VUILD78	fold_1	epithelial_transitional	POOLED	2.42172126384309	2.3815836960140935	2.612947977968905	2.6414021507009524	2.6719263810116107	2.6504232925320728	2.5131059312014847	2.3815955853702557	2.373200201124188	2.463894435366733	2.3750985768315758	2.462441378207729	-0.21968088685786258	0.09884068515212163
VUILD78MA_150_19_16	VUILD78MA	VUILD78	fold_1	epithelial_transitional	POOLED	1.81103008450094	2.381582515486648	2.4729022389789233	2.519534306890525	2.415037436589872	2.3874187862202714	2.5380942334476333	2.38159332613693	2.3640353997380763	2.3373306830676093	2.3761367397635094	2.350764991076891	-0.7085042223895852	-0.0691600853827137
VUILD78MA_150_19_17	VUILD78MA	VUILD78	fold_1	epithelial_transitional	POOLED	2.07591462856114	2.3815813349592023	2.4270809549446732	2.3902610399307536	2.364656681980132	2.319029642452058	2.5872486897833435	2.3815910669036042	2.6059602159574426	2.521509050838649	2.6429313681270394	2.5752076066297773	-0.3143464113696135	-0.08458358115969707
VUILD78MA_150_19_20	VUILD78MA	VUILD78	fold_1	epithelial_transitional	POOLED	1.3178665902309	2.381577793376865	2.3442239441560377	2.4460538162256493	2.3051542469809996	2.2977703617696936	2.1015832729236448	2.3815842892036265	2.6451451305552265	2.36109643306789	2.6823112377957665	2.3564949756963927	-1.1281872259947494	-0.15851587294184197
VUILD78MA_150_19_3	VUILD78MA	VUILD78	fold_1	epithelial_transitional	POOLED	2.01500578413201	2.381597862343441	2.7401182790441503	2.566546424593312	2.4686630022406093	2.397826173369759	1.071540553489892	2.381622696170166	2.3514951673721796	2.0910767280945985	2.3587583520710496	2.1105080416672473	-0.5515406404613019	-0.1771729601465423
VUILD78MA_150_19_4	VUILD78MA	VUILD78	fold_1	epithelial_transitional	POOLED	2.03468919328042	2.3815966818159953	2.676356118348734	2.797545139647129	2.7789291350416936	2.779690989849308	2.5624444542119913	2.3816204369368403	2.767822644996922	2.7623377634990183	2.7541559353205765	2.743431027152067	-0.7628559463667091	0.22953280561084569
VUILD78MA_150_19_5	VUILD78MA	VUILD78	fold_1	epithelial_transitional	POOLED	2.1109268129488	2.3815955012885497	2.971802437395663	2.740826341730915	2.4183892966999267	2.407240986581478	2.01098590365915	2.381618177703514	2.5275342743164524	2.5470148217158446	2.5206794025291988	2.5258729866267493	-0.629899528782115	-0.03995744197724863
VUILD78MA_150_19_6	VUILD78MA	VUILD78	fold_1	epithelial_transitional	POOLED	1.52299359124266	2.381594320761104	2.1232018227629426	2.4852537476919987	2.6070258582086163	2.526966825630507	2.396925057813743	2.3816159184701884	2.6084076021030658	2.292559714464188	2.6566828372656675	2.3294460998430147	-0.9622601564493387	0.018968919516610394
VUILD78MA_150_19_7	VUILD78MA	VUILD78	fold_1	epithelial_transitional	POOLED	1.91525581045019	2.3815931402336585	2.7766921536271107	2.7058839458788064	3.0288600124035807	2.9721533749966453	2.512627090379125	2.3816136592368626	2.6005424043700014	2.7306128889026566	2.6127193160762667	2.763155363503097	-0.7906281354286164	0.42291905261452784
VUILD78MA_150_19_8	VUILD78MA	VUILD78	fold_1	epithelial_transitional	POOLED	1.7318339591039	2.381591959706213	2.7031943045578664	2.746028179567815	2.653576848724155	2.6012414393623935	2.340523132907576	2.381611400003537	2.506868313341696	2.45029100799033	2.523932546035031	2.4831953272179264	-1.0141942204639152	0.037965384209121066
VUILD78MA_150_19_9	VUILD78MA	VUILD78	fold_1	epithelial_transitional	POOLED	1.62971408294385	2.3815907791787674	2.7489605916517497	2.759864456537534	2.875883493422007	2.866732817746599	2.50696298501745	2.381609140770211	2.5327096130048594	2.440520386556428	2.545016701165922	2.4228357622638685	-1.130150373593684	0.23700391064898055
VUILD78MA_150_20_10	VUILD78MA	VUILD78	fold_1	epithelial_transitional	POOLED	1.7876401999548	2.3815899725210095	2.599417271633576	2.6652907794005096	2.949299356174442	2.9006777730230384	2.4562602019183526	2.3816077747454067	2.6041687358310517	2.619732410150456	2.6010363400904315	2.6095519515180827	-0.8776505794457097	0.3977159897121201
VUILD78MA_150_20_11	VUILD78MA	VUILD78	fold_1	epithelial_transitional	POOLED	2.02688268301057	2.381588791993564	2.5341292070581107	2.5842324117693933	2.8323608728701486	2.7561082948065345	2.618656879057522	2.3816055155120806	2.7779497947877005	2.585334504825954	2.8069603135755794	2.625169897613384	-0.5573497287588234	0.17951138050115203
VUILD78MA_150_20_12	VUILD78MA	VUILD78	fold_1	epithelial_transitional	POOLED	1.93245882331765	2.3815876114661183	2.565646515862759	2.525005837821441	2.8717902999915643	2.7967822927209878	2.4521277141234266	2.381603256278755	2.549880618871899	2.8436971715821233	2.588081967961063	2.9111526968759507	-0.5925470145037908	0.32778708790893807
VUILD78MA_150_20_13	VUILD78MA	VUILD78	fold_1	epithelial_transitional	POOLED	1.7523944074125	2.3815864309386727	2.6110519349230517	2.6209608648413654	2.6470397642133414	2.624318918410802	2.4939950930292527	2.381600997045429	2.6647369093764173	2.6455627457182382	2.6656301103348214	2.6503162597521146	-0.8685664574288654	0.04626763585405476
VUILD78MA_150_20_14	VUILD78MA	VUILD78	fold_1	epithelial_transitional	POOLED	2.00858472127721	2.381585250411227	2.658026279107359	2.681297427208368	2.8152321209514515	2.813123200713084	2.540811515182658	2.3815987378121033	2.697923928912981	2.6268572818365374	2.6865555642318757	2.610747663404418	-0.6727127059311582	0.1997226265256791
VUILD78MA_150_20_15	VUILD78MA	VUILD78	fold_1	epithelial_transitional	POOLED	2.93993412158664	2.3815840698837816	2.7582822816978445	2.7157606004985917	2.6751355444250158	2.6491614183367673	2.6668963083351493	2.3815964785787775	2.7456196101544217	2.691461579145396	2.720640754227708	2.6839902332659507	0.22417352108804822	0.08325939891079219
VUILD78MA_150_20_17	VUILD78MA	VUILD78	fold_1	epithelial_transitional	POOLED	1.90759340076023	2.3815817088288904	2.379485354786478	2.4634425108870572	2.449580748069486	2.3510208248702944	2.5086855881968035	2.3815919601121256	2.5276869250079885	2.4257669134740563	2.5698400743656045	2.5041144516259433	-0.5558491101268273	-0.14038867833407292
VUILD78MA_150_20_4	VUILD78MA	VUILD78	fold_1	epithelial_transitional	POOLED	2.33057639633105	2.3815970556856834	2.8074456184557666	2.854078638719011	2.704541538327242	2.674413038149918	2.4775457421683638	2.3816213301453617	2.8030134086209966	2.573714145680112	2.7956400362037375	2.5442091997010605	-0.523502242387961	-0.009862737410089821
VUILD78MA_150_20_5	VUILD78MA	VUILD78	fold_1	epithelial_transitional	POOLED	2.09470933170125	2.381595875158238	2.6996422380497243	2.714245030157224	2.9576770750236987	2.886699562006622	2.482242740587338	2.381619070912036	2.7162637155565834	2.4338312441084806	2.725001110935586	2.438353755322514	-0.6195356984559739	0.3584301419078199
VUILD78MA_150_20_6	VUILD78MA	VUILD78	fold_1	epithelial_transitional	POOLED	1.53757394672632	2.381594694630792	2.5460627771679634	2.5696146385702323	2.6237978269211957	2.558830503946655	2.490269087205509	2.3816168116787098	2.475777870180666	2.682836537426205	2.5172965443781123	2.72498363841032	-1.0320406918439122	0.1466160920649333
VUILD78MA_150_20_7	VUILD78MA	VUILD78	fold_1	epithelial_transitional	POOLED	1.89008085212382	2.3815935141033466	2.8934931532270007	2.818677122643755	2.9685338607084866	2.935345028876818	2.591049956502554	2.381614552445384	2.9037733396343315	2.9049353054602	2.9126770133113364	2.91173197673814	-0.9285962705199349	0.39714000030306995
VUILD78MA_150_20_8	VUILD78MA	VUILD78	fold_1	epithelial_transitional	POOLED	1.68990271167177	2.381592333575901	2.731790081114022	2.768200962770235	2.6877599669321457	2.64003775760993	2.5063101120694897	2.3816122932120583	2.5104081542423184	2.6020149134632073	2.5165597746213524	2.6185208044491772	-1.0782982510984649	0.08564273331138209
VUILD78MA_150_20_9	VUILD78MA	VUILD78	fold_1	epithelial_transitional	POOLED	2.04187993415579	2.381591153048455	2.664503265757434	2.7081840559827093	2.711100279800763	2.6969161508621022	2.501308546087349	2.3816100339787325	2.4858323444958126	2.444491462947776	2.5035499614675047	2.422850447136282	-0.6663041218269194	0.16996940200916325
VUILD78MA_150_21_10	VUILD78MA	VUILD78	fold_1	epithelial_transitional	POOLED	1.72095393099814	2.3815903463906976	2.7854631550622138	2.7145312859345294	2.887477304181243	2.8661925509209594	2.3083332680111597	2.381608667953928	2.637974308513091	2.6476910048616356	2.6270026259820787	2.626103580721212	-0.9935773549363893	0.34254419444286904
VUILD78MA_150_21_11	VUILD78MA	VUILD78	fold_1	epithelial_transitional	POOLED	1.72401228063845	2.381589165863252	2.6077251671466395	2.605797234074193	2.8300961397476283	2.748324390844494	2.4836439786209166	2.3816064087206024	2.409596202729634	2.2105148377270467	2.4168981440428725	2.200674958156384	-0.8817849534357429	0.30804449698868547
VUILD78MA_150_21_12	VUILD78MA	VUILD78	fold_1	epithelial_transitional	POOLED	2.1563600648606	2.3815879853358064	2.2182838204717417	2.3553042557047035	2.7834774174718504	2.666967545846357	2.515125133673849	2.381604149487276	2.60840439099554	2.52381883594965	2.674121258434271	2.6148234789689893	-0.19894419084410364	0.2584428579730542
VUILD78MA_150_21_13	VUILD78MA	VUILD78	fold_1	epithelial_transitional	POOLED	1.90166493512654	2.381586804808361	2.4999448702179166	2.4601917687599526	2.605378051803006	2.5698603340960173	2.3680239463422983	2.3816018902539504	2.533906832160367	2.5309603320174423	2.566385367256195	2.5640733400714923	-0.5585268336334126	0.15232691199534532
VUILD78MA_150_21_14	VUILD78MA	VUILD78	fold_1	epithelial_transitional	POOLED	2.47734958976714	2.3815856242809152	2.5389805595294757	2.6422510172384706	2.5768721928398683	2.572996543356908	2.4256562309267538	2.3815996310206247	2.559350113349598	2.636639511171442	2.5681229044251013	2.641952305684491	-0.16490142747133074	-0.02150094404402976
VUILD78MA_150_21_15	VUILD78MA	VUILD78	fold_1	epithelial_transitional	POOLED	2.32199147348845	2.3815844437534697	2.695403029076376	2.7128501340285585	2.616958666066519	2.6122454675184974	2.666208446380523	2.381597371787299	2.4732840982341804	2.914012416744125	2.4571305403779413	2.9093006196291595	-0.39085866054010854	0.07129768472632161
VUILD78MA_150_21_17	VUILD78MA	VUILD78	fold_1	epithelial_transitional	POOLED	2.08753784178726	2.381582082698578	2.6226708946263013	2.573217087408738	2.832101213533769	2.7966113477321413	2.340882091591016	2.381592853320647	2.6788486502646274	2.7198843681146476	2.6872206891844383	2.746351295348365	-0.485679245621478	0.2908558219742189
VUILD78MA_150_21_18	VUILD78MA	VUILD78	fold_1	epithelial_transitional	POOLED	2.29044969513553	2.3815809021711325	2.6110878006046163	2.5340435369708993	2.6042567623107957	2.5653271846930616	2.5120838481371353	2.381590594087321	2.3479491650423796	2.6131994704523787	2.3720898768029888	2.6478163422949446	-0.24359384183536914	0.0367658190954103
VUILD78MA_150_21_3	VUILD78MA	VUILD78	fold_1	epithelial_transitional	POOLED	2.41998603649876	2.381598610082817	2.2852170470781963	2.5252514757317464	2.1606055774568724	2.0633459817005746	2.322183380050247	2.381624482587209	2.4143868244692626	2.311808539532972	2.45216339456795	2.332497222548531	-0.10526543923298615	-0.26181712908122795
VUILD78MA_150_21_4	VUILD78MA	VUILD78	fold_1	epithelial_transitional	POOLED	2.22218484341862	2.3815974295553715	2.6996037787709968	2.723964691397601	2.5738928517973685	2.535557984441247	2.3541065316339322	2.381622223353883	2.7235959258174702	2.6227863667270093	2.73274960523232	2.633507572867098	-0.5017798479789808	-0.09071332120078829
VUILD78MA_150_21_5	VUILD78MA	VUILD78	fold_1	epithelial_transitional	POOLED	1.7321010115852	2.381596249027926	2.7611772978771416	2.7579709303399094	2.8184617946550308	2.763574975456504	2.398322953442113	2.3816199641205573	2.500026888238493	2.3616429318167973	2.5106779323317343	2.35984675795664	-1.0258699187547093	0.21001274462385908
VUILD78MA_150_21_6	VUILD78MA	VUILD78	fold_1	epithelial_transitional	POOLED	1.37678409918753	2.3815950685004803	2.5930804085756614	2.6401769260466166	3.0114308979507003	2.948507109383046	2.475539753701146	2.3816177048872316	2.7613029121120647	2.858584259902635	2.7997821197641573	2.8998869574974675	-1.2633928268590866	0.3503495320835214
VUILD78MA_150_21_7	VUILD78MA	VUILD78	fold_1	epithelial_transitional	POOLED	1.52223675036724	2.3815938879730347	2.4868463505313327	2.6361286686361622	2.7266373403959334	2.6538121963223547	2.4990474941398446	2.3816154456539054	2.71164134104614	2.9149112589864723	2.7671643030069024	2.9693897803866727	-1.1138919182689222	0.13319910923740674
VUILD78MA_150_21_8	VUILD78MA	VUILD78	fold_1	epithelial_transitional	POOLED	2.46885272271611	2.3815927074455887	2.561856413409626	2.5667702213989267	3.056260009996542	2.9603781772766684	2.4165131158332094	2.3816131864205796	2.7185269467942796	2.7645237486414014	2.772393331627149	2.80642757347214	-0.09791749868281663	0.4714712483175885
VUILD78MA_150_21_9	VUILD78MA	VUILD78	fold_1	epithelial_transitional	POOLED	1.86177790383333	2.381591526918143	2.544912367713123	2.6444496033815184	2.758658709465939	2.7164378397499864	2.142434303208206	2.381610927187254	2.727172069671532	2.575857276615642	2.7434003551717767	2.5673848703691546	-0.7826716995481884	0.2297567434261669
VUILD78MA_150_22_10	VUILD78MA	VUILD78	fold_1	epithelial_transitional	POOLED	2.08058904704414	2.3815907202603857	2.6012898315344533	2.6884823088828456	2.818617500456884	2.763632230301076	2.4603577596710506	2.3816095611624495	2.5850403012369796	2.6202575162959016	2.5947284832753237	2.6087193737083556	-0.6078932618387056	0.20672138722741693
VUILD78MA_150_22_11	VUILD78MA	VUILD78	fold_1	epithelial_transitional	POOLED	1.68409179284791	2.38158953973294	2.6754772275774434	2.65300756371234	2.7200625639313456	2.6675677682757724	2.349837204029635	2.3816073019291237	2.563990576016034	2.5033305173908915	2.579567004721829	2.5201625410976183	-0.96891577086443	0.24102320692766885
VUILD78MA_150_22_12	VUILD78MA	VUILD78	fold_1	epithelial_transitional	POOLED	2.60230077586474	2.3815883592054945	2.3988104515747932	2.4207629061820723	2.6478329622577736	2.565212434865169	2.468836222471304	2.3816050426957975	2.3683809514455887	2.386989778790114	2.4038938660111637	2.444640149345118	0.18153786968266772	0.13658042396074568
VUILD78MA_150_22_13	VUILD78MA	VUILD78	fold_1	epithelial_transitional	POOLED	2.54424874199331	2.381587178678049	2.3687014776533224	2.4805723079605104	2.7374156035773156	2.6953332549864846	2.340306511845093	2.381602783462472	2.555424232297018	2.611114812753568	2.5794973947077637	2.626991114886651	0.06367643403279954	0.21221980552883904
VUILD78MA_150_22_15	VUILD78MA	VUILD78	fold_1	epithelial_transitional	POOLED	2.22752653144308	2.3815848176231578	2.528349700669274	2.6046042408435945	2.467169412518356	2.4251871492786576	2.5723266737816792	2.3815982649958203	2.4252262848226644	2.6356452438874767	2.426946101496589	2.6521138299182936	-0.37707770940051466	-0.08144514381715713
VUILD78MA_150_22_16	VUILD78MA	VUILD78	fold_1	epithelial_transitional	POOLED	1.84911762152141	2.3815836370957117	2.5888875387258636	2.5160178161346014	2.7812577286561146	2.725511817265527	2.3735549096441604	2.3815960057624945	2.399252432472662	2.4422550605859352	2.4127915751986313	2.460177512397789	-0.6669001946131914	0.25197278769259385
VUILD78MA_150_22_17	VUILD78MA	VUILD78	fold_1	epithelial_transitional	POOLED	2.43520335540477	2.381582456568266	2.5090497108349052	2.5714515596300043	2.517148462799417	2.48001376575802	2.372313721314184	2.3815937465291683	2.4327895090965215	2.492719581108744	2.470414825205649	2.5224372229982612	-0.1362482042252342	0.003928297607161296
VUILD78MA_150_22_18	VUILD78MA	VUILD78	fold_1	epithelial_transitional	POOLED	1.8258428456127	2.3815812760408206	2.3789371658753944	2.316762671955348	2.3020511859966297	2.2257802805958886	2.3748379377382025	2.3815914872958426	2.30472639836437	2.0568278423557804	2.3545739436911437	2.1140984721963934	-0.49091982634264797	-0.14926510746491692
VUILD78MA_150_22_19	VUILD78MA	VUILD78	fold_1	epithelial_transitional	POOLED	2.36497615013292	2.381580095513375	2.322322652901742	2.3090797612341145	1.8776697937810696	1.8036290107156099	2.3550602214332312	2.381589228062517	2.2499251983992052	1.9173685078335079	2.3298528436540478	2.0323239323096423	0.05589638889880533	-0.371302765861596
VUILD78MA_150_22_3	VUILD78MA	VUILD78	fold_1	epithelial_transitional	POOLED	2.46073009336614	2.381598983952505	2.787263976707765	1.873658223223652	2.9018398085447923	2.7057431069896047	2.371311751928707	2.38162537579573	2.6862477868728862	2.423479658359729	2.874097889724789	2.741952057465912	0.587071870142488	0.24112351383324584
VUILD78MA_150_22_4	VUILD78MA	VUILD78	fold_1	epithelial_transitional	POOLED	2.31258722944527	2.3815978034250596	2.7771192603041612	2.7300267249090884	2.875498038079631	2.8261333783816065	2.4270779684395056	2.3816231165624044	2.8109016972546264	2.8076408074350123	2.8133835629925663	2.825093357316852	-0.4174394954638183	0.17488173562540027
VUILD78MA_150_22_5	VUILD78MA	VUILD78	fold_1	epithelial_transitional	POOLED	1.74099732321959	2.381596622897614	2.767895929868392	2.830844904605919	2.8678616682234996	2.833600284108555	2.434292061153563	2.3816208573290787	2.605025158155657	2.506087718180845	2.593606251439613	2.4689801986434974	-1.0898475813863289	0.314071226465589
VUILD78MA_150_22_6	VUILD78MA	VUILD78	fold_1	epithelial_transitional	POOLED	2.24500040229793	2.3815954423701684	2.7732394525809845	2.7777612623599435	2.6661938758573314	2.633908357389735	2.556183612984027	2.381618598095753	2.5886603748916697	2.5711193418948337	2.5954581998939905	2.575503618714274	-0.5327608600620133	0.1744226211834231
VUILD78MA_150_22_7	VUILD78MA	VUILD78	fold_1	epithelial_transitional	POOLED	2.2355217821382	2.3815942618427224	2.7404198185734305	2.737157675954865	2.993253968237892	2.9520923948106623	2.413057745048774	2.3816163388624267	2.808649126494643	2.8360251106423933	2.827143142563634	2.8627723210311133	-0.501635893816665	0.3920636446399822
VUILD78MA_150_22_8	VUILD78MA	VUILD78	fold_1	epithelial_transitional	POOLED	2.70375926742491	2.381593081315277	2.686602264089877	2.7337097589220045	2.8699144640884753	2.8649927136856115	2.477319605374014	2.381614079629101	2.6483287444622907	2.642640170201269	2.6534399081112086	2.6183268008769596	-0.0299504914970945	0.2800807718082517
VUILD78MA_150_22_9	VUILD78MA	VUILD78	fold_1	epithelial_transitional	POOLED	2.36430081222326	2.3815919007878312	2.6956801896376854	2.7095675751521835	2.65679204436422	2.635821789350213	2.6393663622054064	2.3816118203957752	2.557216423990746	2.3436386508234115	2.548961237831276	2.3303843099917088	-0.34526676292892367	0.049465768145664925
VUILD78MA_150_23_10	VUILD78MA	VUILD78	fold_1	epithelial_transitional	POOLED	2.15340540218478	2.3815910941300737	2.799124251304537	2.789835648331947	3.027764991122882	2.9647039459412383	2.602363977323216	2.381610454370971	2.61495403616891	2.684464559529962	2.610443361119988	2.686839662851379	-0.6364302461471669	0.48431114006410536
VUILD78MA_150_23_11	VUILD78MA	VUILD78	fold_1	epithelial_transitional	POOLED	2.24958886994465	2.381589913602628	2.810371519029283	2.852250923546818	2.8815026946152815	2.8764848069377895	2.4729893177327282	2.381608195137645	2.6109045335653143	2.5078012423905984	2.5841470097714994	2.455279710227168	-0.6026620536021681	0.3213167483411953
VUILD78MA_150_23_12	VUILD78MA	VUILD78	fold_1	epithelial_transitional	POOLED	2.18556140676365	2.3815887330751826	2.5464844099668373	2.6386950592017095	2.7870354673191455	2.7503021270632617	2.628412983312135	2.3816059359043193	2.668337911105054	2.7135830232119282	2.684245703231521	2.7234412249115505	-0.45313365243805936	0.26060276049799247
VUILD78MA_150_23_13	VUILD78MA	VUILD78	fold_1	epithelial_transitional	POOLED	1.98557996092015	2.381587552547737	2.6955344121455322	2.6677660503810983	2.712430037219297	2.694041966813069	2.54857920523428	2.381603676670993	2.6838737256933722	2.734784477920297	2.6779531399368226	2.736437727927387	-0.6821860894609482	0.17762561107024538
VUILD78MA_150_23_14	VUILD78MA	VUILD78	fold_1	epithelial_transitional	POOLED	2.12139142447589	2.3815863720202914	2.5670044794491917	2.6880190445009697	2.7061701117183246	2.6680128007826793	2.397533744588603	2.3816014174376674	2.6963874706161963	2.7408683501671534	2.7136904430141784	2.768754824193971	-0.5666276200250797	0.12952280114683098
VUILD78MA_150_23_15	VUILD78MA	VUILD78	fold_1	epithelial_transitional	POOLED	1.82464046856328	2.3815851914928454	2.6759526285096946	2.539000505188853	2.224313911855229	2.1765928764314277	2.4004770522813166	2.3815991582043416	2.365857266440372	2.411563443542973	2.397298323907375	2.443798649117026	-0.7143600366255731	-0.2746751068503469
VUILD78MA_150_23_4	VUILD78MA	VUILD78	fold_1	epithelial_transitional	POOLED	1.90874283949947	2.3815981772947477	2.7004650011462292	2.136811002301892	2.5048912038253506	2.3375392659820147	2.3075723210001415	2.381624009770926	2.3743569303946455	2.138519341212068	2.5244816681217923	2.339907493286473	-0.2280681628024217	0.06513697370762012
VUILD78MA_150_23_5	VUILD78MA	VUILD78	fold_1	epithelial_transitional	POOLED	2.03297754395084	2.381596996767302	2.7207254565217847	2.753053920553823	2.7260753645584144	2.6856394886388983	2.3269666551606694	2.3816217505376	2.6930419196011015	2.418122041691968	2.6993833249838515	2.3845005979956513	-0.7200763766029827	0.27084098875854007
VUILD78MA_150_23_6	VUILD78MA	VUILD78	fold_1	epithelial_transitional	POOLED	2.13351705251221	2.381595816239856	2.7567162570508272	2.7864431005155152	2.7823276552651417	2.7514728538697697	2.535073906668495	2.3816194913042743	2.7172448132887785	2.729698811341688	2.714651208024891	2.7210696618094037	-0.6529260480033052	0.21544428201951607
VUILD78MA_150_23_7	VUILD78MA	VUILD78	fold_1	epithelial_transitional	POOLED	2.43354326848897	2.3815946357124105	2.6825635047708913	2.714575101239561	2.620239883781261	2.596965293966715	2.525824780321729	2.3816172320709486	3.0498735813251154	2.505632284965745	3.0674578263442815	2.4934242843938437	-0.2810318327505912	-0.012776974765186263
VUILD78MA_150_23_8	VUILD78MA	VUILD78	fold_1	epithelial_transitional	POOLED	2.38472470251841	2.381593455184965	2.5835783158290626	2.6191389815924886	2.838180918387503	2.786604237945605	2.6032830737515256	2.3816149728376224	2.704196916119499	2.4822578370862636	2.7339194937053763	2.489841016204307	-0.23441427907407864	0.29631653251561807
VUILD78MA_150_23_9	VUILD78MA	VUILD78	fold_1	epithelial_transitional	POOLED	2.52820676641571	2.3815922746575193	2.6518165836101706	2.6601279040686316	2.583053023411243	2.542109012528798	2.6490936620980228	2.3816127136042966	2.466135438040751	2.5004113735310307	2.4658062389937463	2.510918164499548	-0.13192113765292168	0.05629773884407619
VUILD78MA_150_3_11	VUILD78MA	VUILD78	fold_1	epithelial_transitional	POOLED	2.69640821188603	2.381582436208867	2.536200687784444	2.4852115737332925	2.536776280691056	2.498190034384695	2.6250116178653164	2.3815903309672164	2.3709723400098435	2.537494272631732	2.3649574480837523	2.5550803285034758	0.21119663815273748	0.0996774251984226
VUILD78MA_150_4_10	VUILD78MA	VUILD78	fold_1	epithelial_transitional	POOLED	2.40562314768952	2.381583990606001	2.5526079322004493	2.6215909695990587	2.861177454522393	2.834132621079325	2.6883453602312826	2.3815934834090635	2.8100576088527145	2.713300951591242	2.808648380132536	2.683924884219053	-0.21596782190953867	0.42953270998880994
VUILD78MA_150_4_11	VUILD78MA	VUILD78	fold_1	epithelial_transitional	POOLED	2.38342502529391	2.381582810078555	2.537386233639749	2.4461748070364617	2.231943785114711	2.15361407456704	2.6964418728614787	2.3815912241757378	2.511959453686652	2.5623046857011373	2.554993041222729	2.633819058952718	-0.06274978174255175	-0.0887682389317061
VUILD78MA_150_4_12	VUILD78MA	VUILD78	fold_1	epithelial_transitional	POOLED	2.14600214306348	2.3815816295511096	2.152251978156994	2.323230618624664	2.151515690184093	2.095344152070063	2.5251920396222665	2.381588964942412	2.3061962629962593	2.236008625763047	2.3284115038212985	2.2529246964603353	-0.17722847556118415	-0.17052745819999254
VUILD78MA_150_4_13	VUILD78MA	VUILD78	fold_1	epithelial_transitional	POOLED	1.61060782987418	2.381580449023664	2.2200202698977693	2.3544329100612087	2.156092277289906	2.1322821933143232	2.6161377478423615	2.3815867057090863	2.0996256251674588	2.143959525784297	2.0967954937387425	2.1448867952260464	-0.7438250801870288	-0.18478135910169247
VUILD78MA_150_4_9	VUILD78MA	VUILD78	fold_1	epithelial_transitional	POOLED	2.8523849483027	2.3815851711334464	2.7447149667262454	2.487755450827924	3.2481257162449007	3.178924033192641	2.6485092127866334	2.3815957426423897	2.7474650663177522	2.938659492934919	2.772572583090392	2.978532561845118	0.36462949747477635	0.6870931614374541
VUILD78MA_150_5_10	VUILD78MA	VUILD78	fold_1	epithelial_transitional	POOLED	2.28262748313298	2.381584364475689	2.5269549925754724	2.5319648041775777	2.85901733189326	2.7907935813496243	2.6914453601602797	2.3815943766175853	2.725000163437466	2.9239012748043214	2.7379940582344493	2.9710016513254103	-0.24933732104459772	0.4079805662743549
VUILD78MA_150_5_11	VUILD78MA	VUILD78	fold_1	epithelial_transitional	POOLED	2.52609550090202	2.3815831839482433	2.559661548458526	2.4635676044337558	2.6086123713774745	2.512879219780754	2.680342157289182	2.381592117384259	2.679566743302048	2.649921730705817	2.7094825016671322	2.731033462984695	0.06252789646826429	0.2480386894804256
VUILD78MA_150_5_14	VUILD78MA	VUILD78	fold_1	epithelial_transitional	POOLED	1.65537316147808	2.3815796423659066	2.0515842524706196	2.2767620268921647	2.3278350031449264	2.295005790161196	2.757065601483702	2.381585339684282	2.320551383582319	2.370781844364155	2.341823781112872	2.3814590016491803	-0.6213888654140847	-0.06286120502501215
VUILD78MA_150_5_15	VUILD78MA	VUILD78	fold_1	epithelial_transitional	POOLED	1.79164362572769	2.3815784618384606	2.4847683038953843	2.325117670021785	2.200870548512607	2.195634473513929	2.6179699736489184	2.381583080450956	2.29941964365592	2.4379643558901427	2.2947577517707285	2.4479487369547144	-0.5334740442940948	-0.23318698442713368
VUILD78MA_150_5_6	VUILD78MA	VUILD78	fold_1	epithelial_transitional	POOLED	3.04170956352741	2.381589086585471	2.6215983998857793	2.526979043798708	2.767934331511023	2.761111958913475	2.5913025083033028	2.3816034135508883	2.7411235854083364	2.9639513549536276	2.7316197861405103	2.9853817261711764	0.514730519728702	0.2825897787439032
VUILD78MA_150_5_7	VUILD78MA	VUILD78	fold_1	epithelial_transitional	POOLED	3.06417627081561	2.3815879060580256	2.61256194827293	2.5553847969213606	2.5632790222850983	2.534281524180042	2.6926706746303055	2.3816011543175626	2.642720867028511	2.594971196655431	2.6703120740396633	2.606141425805709	0.5087914738942496	0.16245556316379586
VUILD78MA_150_5_8	VUILD78MA	VUILD78	fold_1	epithelial_transitional	POOLED	2.83633236510758	2.38158672553058	2.5653251515021696	2.598067008995404	2.552634988329206	2.55120301756923	2.770380993465485	2.381598895084237	2.469554365412178	2.5914897309353577	2.476361708450023	2.588596259151898	0.23826535611217592	0.0794372998423129
VUILD78MA_150_5_9	VUILD78MA	VUILD78	fold_1	epithelial_transitional	POOLED	3.25727523235604	2.3815855450031345	2.699526119823939	2.676725041190513	2.992147893380836	2.9861214624431507	2.7354217214751877	2.381596635850911	2.6006903555566185	3.006125568650501	2.580646526779083	2.9868486059199073	0.5805501911655271	0.40875987271690284
VUILD78MA_150_6_12	VUILD78MA	VUILD78	fold_1	epithelial_transitional	POOLED	1.54699658025894	2.381582377290486	2.3274995233740547	2.310178759108741	2.6177649670907193	2.520357373156414	2.6984376072978735	2.3815907513594547	2.446079588385147	2.5173062843456737	2.502881069645005	2.58449237495721	-0.7631821788498008	0.1884034014309359
VUILD78MA_150_6_15	VUILD78MA	VUILD78	fold_1	epithelial_transitional	POOLED	1.88856925888977	2.3815788357081487	2.413558472325718	2.4384133354823514	2.3734119223308476	2.2852045772909766	2.7645218655725996	2.3815839736594775	2.49415823861547	2.65529779718708	2.504317109668285	2.708900164519024	-0.5498440765925814	-0.07043396214379938
VUILD78MA_150_6_5	VUILD78MA	VUILD78	fold_1	epithelial_transitional	POOLED	2.8525164124286	2.381590640982605	2.6354797737215456	2.5716107755394195	2.248150959952177	2.269158764040776	2.516782977807561	2.381606565992736	2.715255384098947	2.2959978352526407	2.707102318758446	2.2605739523464368	0.2809056368891807	-0.12456482134187119
VUILD78MA_150_6_6	VUILD78MA	VUILD78	fold_1	epithelial_transitional	POOLED	3.25261463725123	2.3815894604551593	2.6826444141852557	2.620238629763018	2.973948759680965	2.9308280104522506	2.6369881907310075	2.3816043067594097	2.9069756321844946	3.146551009282076	2.927750083003223	3.18961378523061	0.6323760074882121	0.4431313988736
VUILD78MA_150_6_7	VUILD78MA	VUILD78	fold_1	epithelial_transitional	POOLED	3.02931006376652	2.3815882799277137	2.4839411344024502	2.523538837779192	2.1586892295146867	2.1280926459607827	2.7190819526123664	2.381602047526084	2.237200177832818	2.2517860180702467	2.2498150954642426	2.251012831588852	0.5057712259873277	-0.21586366621395264
VUILD78MA_150_7_10	VUILD78MA	VUILD78	fold_1	epithelial_transitional	POOLED	2.12526093343595	2.381585112215065	2.166948020031297	2.2466740494432056	2.1763867534702817	2.0890324816819694	2.7617533402979153	2.381596163034628	2.2833840220122354	1.783470347750976	2.3208037041412233	1.839655486990765	-0.1214131160072558	0.013473046969279983
VUILD78MA_150_7_11	VUILD78MA	VUILD78	fold_1	epithelial_transitional	POOLED	2.48314356818474	2.3815839316876195	2.287210264059619	2.1868910591004513	2.8454705246073337	2.6869855673462264	2.803528502782664	2.3815939038013023	3.064210722971354	2.8812038000712596	3.152284279078394	3.001864952705649	0.29625250908428846	0.3995505783249126
VUILD78MA_150_7_12	VUILD78MA	VUILD78	fold_1	epithelial_transitional	POOLED	2.1361450354784	2.381582751160174	2.628490249619226	2.5780605024323564	2.5817289310384526	2.562546040158723	2.822763043223148	2.381591644567976	2.7145754158656117	2.303321065855865	2.725706767105744	2.321013850509423	-0.4419154669539562	0.1681848648961167
VUILD78MA_150_7_13	VUILD78MA	VUILD78	fold_1	epithelial_transitional	POOLED	1.37762016328717	2.381581570632728	2.4118083858793002	2.3838441308914677	2.478783166631336	2.435993808047229	2.6881800613512556	2.3815893853346504	2.4861258743014636	2.6664559296980843	2.4933843747030053	2.6860152024848216	-1.0062239676042977	0.03886584257867739
VUILD78MA_150_7_14	VUILD78MA	VUILD78	fold_1	epithelial_transitional	POOLED	1.44559491404635	2.3815803901052823	2.277163116331936	2.336968328972895	2.40042119203944	2.3311207909656786	2.7427004017953536	2.3815871261013246	2.325851947776652	2.4903882629765843	2.3496155929406184	2.5379030309810298	-0.8913734149265449	-0.033956738907115834
VUILD78MA_150_7_4	VUILD78MA	VUILD78	fold_1	epithelial_transitional	POOLED	2.26718234286892	2.3815921953797385	2.2287158114466488	2.351752976833042	2.6816523527447926	2.5636368632344397	2.55456262076468	2.381609718434583	2.731320437345023	2.678711510127796	2.799036687674039	2.7663004501186843	-0.0845706339641219	0.1929747417923577
VUILD78MA_150_7_5	VUILD78MA	VUILD78	fold_1	epithelial_transitional	POOLED	2.27283264012483	2.381591014852293	2.4612792374064645	2.4448844794755455	2.4296642203435375	2.357374713778254	2.4866215900406172	2.3816074592012573	2.320894598411911	2.45719549118515	2.346315050478013	2.486311482715265	-0.17205183935071533	0.1392150329506627
VUILD78MA_150_7_6	VUILD78MA	VUILD78	fold_1	epithelial_transitional	POOLED	2.73790491801847	2.3815898343248474	2.7128786516905303	2.681781961877923	2.9213361307611287	2.904506791546087	2.659544964618557	2.3816051999679315	2.806280991810581	3.040868291009379	2.819127763741238	3.083750264872054	0.056122956140546965	0.4760472346204533
VUILD78MA_150_7_7	VUILD78MA	VUILD78	fold_1	epithelial_transitional	POOLED	2.24636303345585	2.381588653797402	2.491389670561573	2.4439544917597784	2.683136764089811	2.6252880173915774	2.6397288018234537	2.3816029407346053	2.3721190317617555	2.4914331026561003	2.3937126333627874	2.540423478037769	-0.1975914583039282	0.2201256730861013
VUILD78MA_150_7_8	VUILD78MA	VUILD78	fold_1	epithelial_transitional	POOLED	1.97110815186035	2.3815874732699562	2.456688788014613	2.37765347473544	2.6478585950086995	2.587713807588159	2.72388350612312	2.3816006815012796	2.3288511563430245	2.3388851105855197	2.360222064626952	2.3671811303188153	-0.40654532287508993	0.1678642084137236
VUILD78MA_150_8_10	VUILD78MA	VUILD78	fold_1	epithelial_transitional	POOLED	2.312165594409	2.381585486084753	2.487033135132808	2.3732497595885413	2.9138575710371875	2.801595175644621	2.7710793872616106	2.3815970562431494	2.540909730904599	2.5791387386804243	2.593363879583353	2.6832679552197067	-0.061084165179541294	0.42202148973629106
VUILD78MA_150_8_11	VUILD78MA	VUILD78	fold_1	epithelial_transitional	POOLED	2.68863264350385	2.3815843055573076	2.346445299349482	2.348520982087844	2.8267342974318543	2.719290125561301	2.7605961491150173	2.3815947970098237	2.5996907250350727	2.617620035328916	2.657592332560544	2.711651630234892	0.3401116614160058	0.3789814664938561
VUILD78MA_150_8_12	VUILD78MA	VUILD78	fold_1	epithelial_transitional	POOLED	2.19799281829632	2.3815831250298616	2.5014598417970477	2.5140478299149525	2.7802596214339337	2.7415200735265026	2.7093150538849846	2.381592537776498	2.8617812443173563	2.952197321632512	2.881361775770946	2.9717086731384343	-0.31605501161863225	0.3364078617579056
VUILD78MA_150_8_13	VUILD78MA	VUILD78	fold_1	epithelial_transitional	POOLED	1.71123371111901	2.381581944502416	2.502758975404783	2.5352988025124468	2.4419792849797783	2.4234586058575722	2.714903229618539	2.3815902785431717	2.5054969320120373	2.608375034604661	2.507295787528542	2.6028862983930416	-0.8240650913934369	0.07301851776727439
VUILD78MA_150_8_14	VUILD78MA	VUILD78	fold_1	epithelial_transitional	POOLED	1.42135686366226	2.3815807639749704	2.347423296510477	2.3614458058021808	2.765591270171229	2.691330980988815	2.7408682687313366	2.381588019309846	2.7460790806777333	2.6437460199289893	2.784309555021639	2.6780008352422695	-0.9400889421399208	0.21539272473704943
VUILD78MA_150_8_15	VUILD78MA	VUILD78	fold_1	epithelial_transitional	POOLED	1.8400903758162	2.381579583447525	2.377361326019866	2.2982347888734216	2.732470372610111	2.5928247063226557	2.7913632116579876	2.3815857600765202	2.7246589179575142	2.9326886782271737	2.789656441777341	3.0344177902869127	-0.45814441305722164	0.21597525626726957
VUILD78MA_150_8_4	VUILD78MA	VUILD78	fold_1	epithelial_transitional	POOLED	2.10061428010946	2.3815925692494266	2.4077332408618566	2.3135247290172454	2.3095580761625394	2.200798942922349	2.568461415311126	2.3816106116431044	2.607527068311053	2.257125874467084	2.679492675778442	2.332607276140548	-0.21291044890778554	-0.0776911009551497
VUILD78MA_150_8_5	VUILD78MA	VUILD78	fold_1	epithelial_transitional	POOLED	2.22366598869176	2.381591388721981	2.62869987535432	2.584224259591709	2.3215994316185133	2.2775713924671206	2.5123797919190527	2.3816083524097786	2.869282739871448	2.4282685436415767	2.8884476967904167	2.4418745469633425	-0.36055827089994885	-0.04081318042640555
VUILD78MA_150_8_6	VUILD78MA	VUILD78	fold_1	epithelial_transitional	POOLED	2.35192614502015	2.3815902081945355	2.653432978307323	2.5884223763431087	2.6176875538800486	2.60150267036487	2.624373638654097	2.381606093176453	2.9106500119592313	2.6994125917233243	2.929211882697835	2.7218181154541075	-0.23649623132295883	0.11848184409989754
VUILD78MA_150_8_7	VUILD78MA	VUILD78	fold_1	epithelial_transitional	POOLED	1.88810443619385	2.38158902766709	2.293397064473737	2.383929890919596	2.1379428795590085	2.0812916504084766	2.6530275954008515	2.381603833943127	2.4681455570253235	2.0164071963941312	2.502655212963565	2.0395733640863365	-0.49582545472574613	-0.19376636432642372
VUILD78MA_150_8_8	VUILD78MA	VUILD78	fold_1	epithelial_transitional	POOLED	1.939768759705	2.3815878471396443	2.4627127185723574	2.394558876010421	2.405963576272573	2.3069101783332706	2.7190928184156142	2.381601574709801	2.4947100666170563	2.262992085491486	2.550169917145407	2.3501345390974246	-0.4547901163054211	-0.0687746036372361
VUILD78MA_150_8_9	VUILD78MA	VUILD78	fold_1	epithelial_transitional	POOLED	1.94757061836993	2.3815866666121988	2.4128626315828634	2.363064924229004	2.387009586728352	2.3079951349021757	2.721580009517509	2.381599315476475	2.4187381068761624	2.2117758069394426	2.4631906777487593	2.260116096750165	-0.4154943058590741	-0.029050619189916478
VUILD78MA_150_9_10	VUILD78MA	VUILD78	fold_1	epithelial_transitional	POOLED	3.05224474807403	2.3815858599544413	2.609577290104801	2.527728441988222	3.3895012171779713	3.3128588958282075	2.764236238011515	2.381597949451671	2.7860630960502473	3.0705895658006748	2.809917088917679	3.112483451285559	0.5245163060858076	0.7192091479803105
VUILD78MA_150_9_13	VUILD78MA	VUILD78	fold_1	epithelial_transitional	POOLED	1.53023170618138	2.381582318372104	2.468672438000774	2.4380120282920794	2.9280864624883565	2.8579393648899716	2.7400395499221886	2.381591171751693	2.5704161090843582	2.971791172865812	2.5911094864459097	3.019120805351661	-0.9077803221106995	0.45418672633733176
VUILD78MA_150_9_14	VUILD78MA	VUILD78	fold_1	epithelial_transitional	POOLED	2.05114764159684	2.3815811378446585	2.226402985770068	2.4172380888963363	2.9870510744973933	2.925761678223335	2.7521045556614196	2.3815889125183674	2.768366246416059	3.0296564002414663	2.787267647277533	3.046718999892777	-0.36609044729949636	0.46567123825648227
VUILD78MA_150_9_15	VUILD78MA	VUILD78	fold_1	epithelial_transitional	POOLED	1.74040912310476	2.381579957317213	2.66109965281277	2.644279400020297	2.748507936098844	2.726142556377626	2.7131066812403244	2.3815866532850416	2.8156131858592603	2.9573041883677176	2.80076166008784	2.934312722420077	-0.9038702769155369	0.3242527909426115
VUILD78MA_150_9_4	VUILD78MA	VUILD78	fold_1	epithelial_transitional	POOLED	2.19047337934764	2.3815929431191147	2.3884831434173464	2.3668551997318272	2.288505479331059	2.1982530565349405	2.52474379042606	2.3816115048516258	2.389245944930304	2.184235633539668	2.426580036903732	2.21772512486767	-0.17638182038418737	-0.09831491638708442
VUILD78MA_150_9_5	VUILD78MA	VUILD78	fold_1	epithelial_transitional	POOLED	1.95699751711474	2.381591762591669	2.482507241253631	2.4022562572116537	2.275321559222129	2.171644623961672	2.5509275111636107	2.3816092456183	2.7107573542761916	2.341646285868316	2.758314336522258	2.377460138137244	-0.4452587400969137	-0.04894737296008416
VUILD78MA_150_9_6	VUILD78MA	VUILD78	fold_1	epithelial_transitional	POOLED	1.82424222620755	2.3815905820642236	2.2839904217743707	2.415203729706474	2.5645274288935402	2.4933025919213114	2.603040992074339	2.3816069863849743	2.6741454286884307	2.219629749888045	2.692098328791262	2.231068236558319	-0.590961503498924	0.16192335130585975
VUILD78MA_150_9_7	VUILD78MA	VUILD78	fold_1	epithelial_transitional	POOLED	2.37406576245071	2.381589401536778	2.423101345771567	2.417713297055946	2.6704926122432004	2.600562384414351	2.6502374094492556	2.3816047271516485	2.7287768977194977	2.284644271160135	2.764208010941378	2.3213428864101413	-0.04364753460523607	0.1488501062529761
VUILD78MA_150_9_8	VUILD78MA	VUILD78	fold_1	epithelial_transitional	POOLED	1.56266554301499	2.3815882210093324	2.469281996201418	2.427995559019026	2.579643864110961	2.491418040515652	2.7277258160979523	2.3816024679183223	2.2862789160954278	2.4569907156783644	2.3285002221068636	2.534187600954363	-0.8653300160040358	0.15823020377288557
