region_id	sample_id	donor_id	fold	target	analysis_stratum	observed	M0_pred	M1_pred	M2_pred	M3_pred	M4_pred	color_pred	coordinate_pred	grayscale_pred	macenko_pred	M3_grayscale_pred	M3_macenko_pred	heldout_base_residual	morphology_predicted_residual
THD0011_150_10_17	THD0011	THD0011	fold_4	epithelial_transitional	POOLED	1.86332952306361	2.327707695057818	2.0964382344252153	2.066570795193617	2.665433127128749	2.6502212050905327	1.950653388471526	2.3150433384250726	2.3839139686017883	2.285332765388684	2.402216805448057	2.2334552255820954	-0.2032412721300072	0.4277979578639915
THD0011_150_10_18	THD0011	THD0011	fold_4	epithelial_transitional	POOLED	2.21566096289906	2.3277072391088853	1.7923923951594625	1.8409046790494186	2.3204003689931705	2.306406557422098	2.062893718116608	2.314765428787556	1.99213641069808	2.0885075913817195	1.992383101406086	2.1313673638501287	0.3747562838496412	0.2724464327975897
THD0011_150_10_19	THD0011	THD0011	fold_4	epithelial_transitional	POOLED	1.78135132188741	2.327706783159952	2.1193371640822916	1.9842798145695373	2.2034966468769253	2.1932020891889126	1.9259763991357008	2.314487519150039	2.1352134649086447	2.1133333289663723	2.1359328934836825	2.119052894172539	-0.20292849268212731	0.1181966895475889
THD0011_150_10_4	THD0011	THD0011	fold_4	epithelial_transitional	POOLED	2.24395059338071	2.327713622393949	2.080957673829825	2.005895868450058	2.229525506531325	2.2246353484095085	2.119408350120951	2.318656163712791	2.328626578188216	2.3469561493742277	2.3520218660884287	2.3774536582361128	0.23805472493065194	0.06210090719892254
THD0011_150_10_6	THD0011	THD0011	fold_4	epithelial_transitional	POOLED	1.30880145388831	2.3277127104960824	2.1560272844241117	2.039648808223382	2.484302641523626	2.4684274430759396	1.9435981426237632	2.3181003444377577	2.460972881562255	2.4119455255499394	2.477080288921556	2.4368856322278916	-0.7308473543350722	0.20065949459311114
THD0011_150_11_12	THD0011	THD0011	fold_4	epithelial_transitional	POOLED	1.30991688946316	2.32771016475873	1.8257043434534914	1.9531167650633003	2.074410971289285	2.0929693971514336	1.9072530902268496	2.3172395814895475	2.1221642191682375	2.141706571418315	2.1050262266327944	2.1142024383983444	-0.6431998756001402	-0.008942107545938036
THD0011_150_11_13	THD0011	THD0011	fold_4	epithelial_transitional	POOLED	1.56228185586577	2.327709708809797	1.9177379613384413	1.8913344313483553	2.3599332905343604	2.3484631716851	1.9186413707365708	2.3169616718520305	2.032662384929424	2.201899624157987	2.0484621298878354	2.2155431802320376	-0.32905257548258526	0.16191580612114656
THD0011_150_11_18	THD0011	THD0011	fold_4	epithelial_transitional	POOLED	1.75297378000602	2.327707429065131	1.9740008322270701	1.8696532958704855	2.2588469561273192	2.2703578433336604	1.8043303142618803	2.3155721236644466	1.9341584521674284	1.990328094841635	1.9285775716595357	1.9922560508677352	-0.11667951586446534	0.19846714045618177
THD0011_150_11_5	THD0011	THD0011	fold_4	epithelial_transitional	POOLED	1.67022430904773	2.327713356401262	1.9556024692326581	1.9378246377618473	2.4454246900591596	2.415554287227358	1.9738896666111438	2.319184948952165	2.267159934009255	2.3209363218438424	2.311623248576984	2.280982199904203	-0.2676003287141173	0.14642277581882643
THD0011_150_11_6	THD0011	THD0011	fold_4	epithelial_transitional	POOLED	1.2549757718346	2.3277129004523287	1.9941906239921896	1.98728841605449	2.380295228492132	2.3696253416350763	2.008237200244615	2.3189070393146483	2.3655108251070645	2.3226317239354826	2.3782448510884064	2.361013617705712	-0.73231264421989	0.18062112049282122
THD0011_150_12_13	THD0011	THD0011	fold_4	epithelial_transitional	POOLED	1.15412804522435	2.327709898766043	1.8869594548006983	1.9006248283720018	2.298930022312421	2.297844645758037	2.017803701649345	2.317768366728921	2.224070995604801	2.3606905973111774	2.2299136227815235	2.4131821738139814	-0.7464967831476517	0.09604884070060891
THD0011_150_12_15	THD0011	THD0011	fold_4	epithelial_transitional	POOLED	1.42743190845377	2.327708986868177	2.0227962087870455	1.8395336655582568	2.131959825986792	2.1125352723817477	2.0361443917388486	2.3172125474538876	2.0785418361470622	2.307445912351197	2.1081680437064994	2.3113852602586022	-0.4121017571044867	-0.06192294685754192
THD0011_150_12_19	THD0011	THD0011	fold_4	epithelial_transitional	POOLED	1.83658261402931	2.327707163072444	1.936512720724131	1.8141240158935326	2.388961032472847	2.3682114476348257	2.0058636809048127	2.3161009089038203	2.006799150471831	2.2915297548705014	2.0408648608033335	2.4059397017833657	0.02245859813577744	0.24813764674876446
THD0011_150_12_2	THD0011	THD0011	fold_4	epithelial_transitional	POOLED	1.52536275711978	2.327714914204307	2.051000548935884	2.0605440602911744	2.206459940766277	2.200165470001437	2.002148550295033	2.320825372741606	2.459491801479418	2.399603056011405	2.5094328766186775	2.3807923421222807	-0.5351813031713943	-0.06930726041672854
THD0011_150_12_6	THD0011	THD0011	fold_4	epithelial_transitional	POOLED	1.90967202052	2.327713090408575	1.9288248257707694	1.9251244462181076	2.6793425893495506	2.641333876939087	2.1926985921692204	2.319713734191539	2.4209115585981644	2.4598611476341596	2.461123434245843	2.520086107769525	-0.015452425698107675	0.3080428114309897
THD0011_150_12_7	THD0011	THD0011	fold_4	epithelial_transitional	POOLED	1.87355646487608	2.3277126344596417	2.001947876359869	1.9744861094192085	2.6067841840084727	2.574229331143986	2.0443375284630303	2.319435824554022	2.613261980582214	2.5571330821125935	2.6949630434790315	2.6374192997724477	-0.10092964454312847	0.27420918467288
THD0011_150_13_12	THD0011	THD0011	fold_4	epithelial_transitional	POOLED	1.61885142322071	2.327710544671222	2.8040751657959277	2.4206289518038133	2.183345990577231	2.215569073772471	2.276195741829053	2.3188529712433286	2.1883525051129262	2.095805388741303	2.1643941959903406	1.9333025749156987	-0.8017775285831032	-0.010100938365845337
THD0011_150_13_13	THD0011	THD0011	fold_4	epithelial_transitional	POOLED	1.54229884103487	2.3277100887222892	1.9997871119510864	1.968335983353605	2.045003268041674	2.044069374789876	1.970939467302871	2.318575061605812	1.9685875137195135	2.1029847615617445	1.98240084054398	2.046493766723428	-0.426037142318735	-0.04738302834663453
THD0011_150_13_16	THD0011	THD0011	fold_4	epithelial_transitional	POOLED	1.64539542620762	2.32770872087549	1.7756266707473376	1.459100962567839	2.159907834380598	2.101091924235474	2.091665088248438	2.3177413326932617	2.1801429212859142	2.416860102309429	2.284622890636329	2.5271975985275112	0.18629446363978097	0.02876122507412396
THD0011_150_13_19	THD0011	THD0011	fold_4	epithelial_transitional	POOLED	2.39670673917611	2.3277073530286905	1.694743975459506	1.7451585386892878	2.306683958678899	2.281448284671439	1.8346547517901652	2.3169076037807113	2.2075917575235926	2.38347939758143	2.2652041716223925	2.4103747957511006	0.6515482004868223	0.1596947542731629
THD0011_150_13_2	THD0011	THD0011	fold_4	epithelial_transitional	POOLED	1.6739142150739	2.3277151041605535	2.107479883149526	2.090681266578776	2.3371265626327125	2.346933635556316	1.9949358686774001	2.3216320676184967	2.298037910291065	2.360126685253621	2.2992728785904446	2.3976306265528353	-0.41676705150487603	0.11516925480141628
THD0011_150_13_5	THD0011	THD0011	fold_4	epithelial_transitional	POOLED	1.92553726108515	2.327713736313754	2.107823874593292	2.0451498354688913	2.2747167394008025	2.2664446144323733	2.110786143203239	2.3207983387059463	2.209563320157301	2.313218157347282	2.2066951552319347	2.3350290189538265	-0.11961257438374129	0.12044256969420489
THD0011_150_13_6	THD0011	THD0011	fold_4	epithelial_transitional	POOLED	1.66085143417332	2.327713280364821	1.9573548412861008	1.9323000113517073	2.262392727487434	2.2614961329169265	2.059036156382639	2.3205204290684294	2.3076227050111746	2.112798959057141	2.323379608168997	2.0551758194515792	-0.2714485771783872	0.13863919805454994
THD0011_150_14_11	THD0011	THD0011	fold_4	epithelial_transitional	POOLED	1.79702658396392	2.3277111905764016	2.183270574837318	2.0523110107127076	2.2683395062092044	2.279404235180678	2.161134944128055	2.319937575757736	2.085185130704976	2.254213673364822	2.0619572803978863	2.262537284242887	-0.2552844267487877	0.1835888876471545
THD0011_150_14_12	THD0011	THD0011	fold_4	epithelial_transitional	POOLED	1.5946856191317	2.3277107346274684	1.7290857737741074	1.8599009975032783	2.503279112182975	2.48726304014818	2.2709748791315945	2.3196596661202196	2.064228650948619	2.2012288185290916	2.0854577547112223	2.1489921072578313	-0.26521537837157827	0.40824320123953034
THD0011_150_14_17	THD0011	THD0011	fold_4	epithelial_transitional	POOLED	1.64642267651101	2.327708454882803	1.994943824292424	1.5739826816617244	2.1998678468373756	2.15585238058834	2.139735679042596	2.3182701179326353	2.109182566659817	2.2364676329859963	2.1626113726102085	2.3197553156798567	0.07243999484928554	0.07045106608267694
THD0011_150_14_18	THD0011	THD0011	fold_4	epithelial_transitional	POOLED	1.84629971961354	2.3277079989338696	1.6999025125104246	1.7020008842137873	2.392833088935371	2.3621237807027318	2.149975009033393	2.3179922082951188	2.0424964324598145	2.049588951097687	2.0733183370048756	2.0255222427884068	0.14429883539975275	0.2882535554663678
THD0011_150_14_19	THD0011	THD0011	fold_4	epithelial_transitional	POOLED	1.98189779018303	2.3277075429849368	1.9274289358022025	1.8138573603199404	2.4131794540389504	2.3828839213947286	2.1621907274826944	2.317714298657602	2.068970836567898	2.302458538866838	2.0963003069023256	2.419489835260813	0.16804042986308954	0.26708559517719854
THD0011_150_14_2	THD0011	THD0011	fold_4	epithelial_transitional	POOLED	2.04589780351212	2.3277152941168	2.1056376614270973	1.978425573663071	2.1709345179238295	2.1400349325372074	1.740805595548255	2.3224387624953873	2.1736856489123055	2.2757157824749235	2.21475730798881	2.3579372417210416	0.0674722298490491	-0.04363839753895604
THD0011_150_14_9	THD0011	THD0011	fold_4	epithelial_transitional	POOLED	1.20776847433442	2.3277121024742677	2.5496672733519596	1.9715555885592932	2.286452837654905	2.277747559721328	2.265945371474425	2.32049339503277	2.113457889516754	2.1797067541196173	2.136565943415067	2.2717068593650755	-0.7637871142248733	0.1540219435199924
THD0011_150_15_11	THD0011	THD0011	fold_4	epithelial_transitional	POOLED	2.05385105479312	2.3277113805326475	1.799878080047866	1.9234738171736794	2.2349001457781	2.2199021960289977	2.1606033421617528	2.3207442706346266	2.1679010555506615	2.305646720819359	2.175113165513845	2.4027700982824998	0.13037723761944076	0.1405777305968125
THD0011_150_15_12	THD0011	THD0011	fold_4	epithelial_transitional	POOLED	1.90094332558133	2.3277109245837146	1.9262011526508078	1.910160636324378	2.4927867157772794	2.4786811602246157	2.2884922220582338	2.32046636099711	2.2808560527967554	2.3817814348381736	2.2956518549261635	2.3871167380457905	-0.00921731074304799	0.3405913430951063
THD0011_150_15_17	THD0011	THD0011	fold_4	epithelial_transitional	POOLED	1.97200312366748	2.3277086448390487	1.8724568315221424	1.77850084567973	2.222459329938408	2.1975666858021654	1.972402557522221	2.319076812809526	1.9143332180591806	2.2465579705248677	1.9163208607822808	2.1705783153959937	0.19350227798775	0.12135776175385174
THD0011_150_16_10	THD0011	THD0011	fold_4	epithelial_transitional	POOLED	1.89578381368581	2.327712026437827	2.130531851397932	2.158418576491532	2.0382499614660743	2.0708876562307394	2.26892464134673	2.321828875149034	1.9991506978968039	2.1862644488280742	1.965664730514887	2.119356252449126	-0.26263476280572196	0.001335793387806354
THD0011_150_16_11	THD0011	THD0011	fold_4	epithelial_transitional	POOLED	1.84645196931845	2.3277115704888938	2.5197455146267607	2.366567589779729	2.4025940352424078	2.4179919660090206	2.4570903467044163	2.3215509655115176	2.2607890728142204	2.652596119688312	2.2370058261678794	2.8033575404959734	-0.5201156204612789	0.20908703096173403
THD0011_150_16_13	THD0011	THD0011	fold_4	epithelial_transitional	POOLED	1.8539888092882	2.3277106585910277	1.8199873209931652	1.9934078472397456	2.354473334238427	2.371808235368557	2.2295959662702707	2.3209951462364837	2.3361195640302497	2.332752972517523	2.3185232846874686	2.42819075773677	-0.13941903795154564	0.3011047091573654
THD0011_150_16_14	THD0011	THD0011	fold_4	epithelial_transitional	POOLED	1.98476246979598	2.3277102026420944	2.1133353676500537	1.981216254293686	2.5916184372781523	2.6035874017339395	2.4008566573893697	2.3207172365989672	2.4340336739038593	2.5306090405533195	2.439561983610934	2.4858710684953174	0.003546215502294059	0.35822826605661384
THD0011_150_16_15	THD0011	THD0011	fold_4	epithelial_transitional	POOLED	2.16247350335598	2.327709746693161	2.077261974925724	1.9554829922666417	2.2991147026743652	2.3028919741918643	2.426567198341018	2.3204393269614503	2.2874558012843127	2.388123483950162	2.291022038672387	2.3797539226482254	0.2069905110893382	0.1754085769854423
THD0011_150_16_7	THD0011	THD0011	fold_4	epithelial_transitional	POOLED	1.32474205374424	2.3277133942846264	1.8916059252576767	1.792589506046022	2.213777100623198	2.18925797073343	1.9375926247914639	2.3226626040615845	1.9741435602788946	2.0191670202220644	2.007769261374287	2.0442562640926045	-0.46784745230178193	0.031054326460971192
THD0011_150_16_9	THD0011	THD0011	fold_4	epithelial_transitional	POOLED	1.97388182469215	2.32771248238676	1.6967175166723085	1.7357800035203177	2.051262739606412	2.0186096596611636	2.2003894584143655	2.322106784786551	1.9429218611289014	1.8531467992351849	2.0001159366122696	1.8530943283739754	0.2381018211718322	-0.06109225347355969
THD0011_150_17_10	THD0011	THD0011	fold_4	epithelial_transitional	POOLED	2.00403813592452	2.327712216394073	2.707725258344553	2.582050165992019	2.2124748836996853	2.2735766546846206	2.3336057285048457	2.3226355700259247	2.2241398582349925	2.415252942630137	2.1639697671689175	2.322591890964991	-0.5780120300674989	0.03685418646770348
THD0011_150_17_12	THD0011	THD0011	fold_4	epithelial_transitional	POOLED	1.75969095179375	2.327711304496207	2.5549192995117234	2.500290440628034	2.751675083340642	2.774096585256546	2.4241146109825396	2.3220797507508912	2.6062300551490316	2.7389180964062176	2.576325609089807	2.8401505214537863	-0.7405994888342842	0.4690646712365628
THD0011_150_17_16	THD0011	THD0011	fold_4	epithelial_transitional	POOLED	2.39744687745078	2.327709480700474	2.1046664503068233	1.9496172497264261	2.575480704501282	2.5655085894667264	2.4848574146142752	2.320968112200824	2.366685674142065	2.514529783723823	2.38309413251841	2.530329373893808	0.44782962772435386	0.3943919812636699
THD0011_150_17_17	THD0011	THD0011	fold_4	epithelial_transitional	POOLED	1.87093202425744	2.3277090247515413	1.887429252109345	1.842954040111817	2.4204562283543245	2.393633753124128	2.252497941266914	2.3206902025633074	2.391575160811633	2.5332388904491787	2.4095081575858606	2.6149747802841663	0.027977984145623136	0.33327356377020056
THD0011_150_17_3	THD0011	THD0011	fold_4	epithelial_transitional	POOLED	1.75131247945706	2.327715408036605	2.2038109842191544	2.1381651650335662	1.9301265472977895	1.9304690165755722	1.9724216292029364	2.3245809374885424	1.9634267999930457	1.9572439102508237	1.9702597121447727	1.9125453499472451	-0.3868526855765062	-0.22282386341815605
THD0011_150_17_7	THD0011	THD0011	fold_4	epithelial_transitional	POOLED	1.4488932856006	2.3277135842408723	2.1647557267916744	2.0924873472241154	2.328678121392084	2.319366229427013	2.1485869763295553	2.323469298938475	2.4269832876115744	2.282383897325002	2.452257968857687	2.3829065245331384	-0.6435940616235154	0.10388309032307351
THD0011_150_17_8	THD0011	THD0011	fold_4	epithelial_transitional	POOLED	2.06826854841534	2.3277131282919394	1.9615822252618285	1.9353444059571057	2.2458324248743726	2.2413385923546727	2.0498302086111897	2.3231913893009586	1.9833422394485312	2.0088131717306275	1.9768882147317153	2.0533182490239703	0.13292414245823436	0.08978062823952268
THD0011_150_17_9	THD0011	THD0011	fold_4	epithelial_transitional	POOLED	1.62498438817138	2.327712672343006	2.088323530978143	2.071454886232384	2.2055506181747337	2.22385354010354	2.1694194988716893	2.3229134796634416	2.1203623130412343	2.1474157126654223	2.0845439463766	2.1951833741414233	-0.44647049806100414	0.13461877182196066
THD0011_150_18_16	THD0011	THD0011	fold_4	epithelial_transitional	POOLED	1.8740267533137	2.3277096706567204	1.6860087262996588	1.7741453422186575	2.2134086078741957	2.1984989583363124	2.344596943382922	2.321774807077715	2.3591680012061	2.440073589308268	2.3964071586189055	2.481607089757245	0.09988141109504256	0.19867579708331215
THD0011_150_18_17	THD0011	THD0011	fold_4	epithelial_transitional	POOLED	2.06349175107017	2.327709214707787	2.0002062589201506	1.8489738885486733	2.5818072860471375	2.558287130798216	2.2163659451315887	2.321496897440198	2.267520817432081	2.385043776646531	2.2834316281724134	2.502765482092647	0.21451786252149674	0.4582902203130008
THD0011_150_18_9	THD0011	THD0011	fold_4	epithelial_transitional	POOLED	1.40897702977698	2.3277128622992524	2.162050264390151	2.2738041360701704	2.2059595552780222	2.237434174930981	2.124703053355948	2.323720174540332	1.975256104032214	2.3292837882453385	1.9257569662936884	2.2907139259149347	-0.8648271062931905	0.011169805040725296
THD0011_150_19_11	THD0011	THD0011	fold_4	epithelial_transitional	POOLED	2.61530778099309	2.327712140357632	2.2917610339040237	2.243151882006554	2.692053357715682	2.7164178200548235	2.24937629513394	2.3239710501421893	2.7526646860980346	2.762589407796335	2.7401772078087	2.8368790192778164	0.37215589898653567	0.492989728477198
THD0011_150_19_14	THD0011	THD0011	fold_4	epithelial_transitional	POOLED	2.03292034992283	2.327710772510833	1.91302127722847	1.892187086723017	2.6161955758826294	2.612748913574016	2.2986785917003774	2.323137321229639	2.3233644231645236	2.435544215189567	2.3316828411993824	2.5462553207045167	0.14073326319981305	0.4381538988155617
THD0011_150_19_16	THD0011	THD0011	fold_4	epithelial_transitional	POOLED	2.4721364023688	2.3277098606129667	1.8119693988175292	1.747502090045517	2.3245508408779383	2.2931437264114676	2.4670949167128953	2.3225815019546054	2.209910895968224	2.3982127776924456	2.2539921438179658	2.475300624536589	0.724634312323283	0.24708593831712483
THD0011_150_19_4	THD0011	THD0011	fold_4	epithelial_transitional	POOLED	1.39505537315783	2.327715332000164	2.4672230899351955	2.304370883792776	2.1950119372656864	2.2234813029287026	2.1619368317947614	2.325916417604807	2.004708151744861	2.331321010311243	1.998314294813754	2.3104416386414375	-0.909315510634946	0.028838643837499768
THD0011_150_19_7	THD0011	THD0011	fold_4	epithelial_transitional	POOLED	1.26670926077001	2.3277139641533644	1.8057644717577874	1.9094284206036987	1.9807657112951906	1.9742814979187266	2.0357724217789546	2.3250826886922566	1.6135700638364352	1.7181014356473376	1.6011139031493151	1.6833366114758506	-0.6427191598336888	-0.004199415105864018
THD0011_150_19_9	THD0011	THD0011	fold_4	epithelial_transitional	POOLED	2.02162806856063	2.3277130522554983	2.3264606131590915	2.2292407852822977	2.503365530228901	2.5113248751148705	2.1498863757066253	2.324526869417223	2.200324774786928	2.242284318875407	2.190138766481356	2.209717150269168	-0.20761271672166792	0.2685262498891689
THD0011_150_1_11	THD0011	THD0011	fold_4	epithelial_transitional	POOLED	2.14175764755343	2.3277087211452017	2.047347632141386	2.175573064160949	2.3712412024722105	2.3976681424589277	2.049367848743496	2.309450542358158	2.1419695608044234	2.319236587906165	2.0968427924535638	2.373221553796417	-0.033815416607518856	0.317058607317667
THD0011_150_1_12	THD0011	THD0011	fold_4	epithelial_transitional	POOLED	2.10583390031798	2.327708265196269	2.5669078683321414	2.5408899728468084	2.347321046218033	2.395994917378512	2.0322351330129242	2.309172632720641	2.338217337101404	2.542417249014792	2.2957167608414224	2.5805840188960403	-0.4350560725288286	0.1518936221622808
THD0011_150_20_13	THD0011	THD0011	fold_4	epithelial_transitional	POOLED	2.48347459809171	2.327711418416012	2.0522093032733175	1.994879814930044	2.446034886892805	2.465354575178426	2.1107845402504677	2.3242219257440464	2.179016260414441	2.390780637552848	2.152964875845955	2.4852517746535776	0.48859478316166616	0.3815344587232046
THD0011_150_20_14	THD0011	THD0011	fold_4	epithelial_transitional	POOLED	2.57629492659009	2.327710962467079	1.781549587056947	1.8384797319127262	2.458262845503753	2.453867559439679	2.2758128522264935	2.3239440161065295	2.339383728971695	2.4681337004926425	2.362474298984525	2.4927143286626396	0.7378151946773637	0.30512616395610237
THD0011_150_20_15	THD0011	THD0011	fold_4	epithelial_transitional	POOLED	2.39878973108925	2.327710506518146	2.140512516189636	1.9982097327185362	2.230936786894994	2.2566367902289275	2.341208030325067	2.323666106469013	2.191659966874076	2.3714585425058146	2.1580602392967987	2.4035700600828043	0.4005799983707137	0.21711688314425315
THD0011_150_20_5	THD0011	THD0011	fold_4	epithelial_transitional	POOLED	2.0528457530008	2.327715066007477	1.9730149995496202	2.1017098632931885	1.9086514933445728	1.933972603993161	1.1432855455965352	2.3264452028441807	2.015913927271163	1.9430094122541308	2.0073121904025286	1.7546869329630819	-0.048864110292388574	-0.08523343973164581
THD0011_150_20_7	THD0011	THD0011	fold_4	epithelial_transitional	POOLED	2.08649972961956	2.3277141541096107	2.2255034914672867	2.103059619969016	2.4519686991102967	2.4504544149366687	2.1624895619848665	2.325889383569147	2.26526077510996	2.168162284243947	2.2569616170195097	2.1874534472128504	-0.01655989034945593	0.26266511620763894
THD0011_150_20_8	THD0011	THD0011	fold_4	epithelial_transitional	POOLED	1.87456795963328	2.3277136981606774	2.0917594463217974	2.143229759323335	2.5640358984402725	2.5701023071381086	2.2207255417718987	2.3256114739316303	2.1661833637393926	2.3002432559213144	2.148959082813707	2.256407667767004	-0.2686617996900551	0.3559750371450231
THD0011_150_21_11	THD0011	THD0011	fold_4	epithelial_transitional	POOLED	3.32571821584796	2.3277125202701243	2.363184041241496	2.4002740691646256	3.246498780487002	3.2680913594590226	2.277615795437024	2.325584439895971	2.9213054168146897	3.4137660394008265	2.878529381039833	3.6103946975418	0.9254441466833345	0.7674866720637773
THD0011_150_21_6	THD0011	THD0011	fold_4	epithelial_transitional	POOLED	1.54618739060412	2.32771480001479	1.8540379671352532	2.0086239960643257	2.190443513060807	2.199098212509038	1.9234935843997756	2.3269739880835547	2.1925875781196735	2.0729943539181184	2.2114551446255417	2.0921541687788707	-0.4624366054602058	0.11168625698559952
THD0011_150_21_7	THD0011	THD0011	fold_4	epithelial_transitional	POOLED	1.5573023440313	2.327714344065857	2.0258571091356066	2.0287688977921623	2.3107644233604385	2.3133713012020403	2.0904570408829075	2.3266960784460378	2.0906665121448	1.990201325357755	2.094518008127501	1.9941448413417375	-0.4714665537608622	0.21746529708613144
THD0011_150_22_10	THD0011	THD0011	fold_4	epithelial_transitional	POOLED	2.39499962253927	2.3277131661753034	2.1165165720045036	2.083589315372995	2.516592507927265	2.516273167635791	2.3181004322526046	2.326669044410378	2.2965135895622857	2.527034067643821	2.2841723504006937	2.539366725661323	0.3114103071662746	0.335768750036361
THD0011_150_22_8	THD0011	THD0011	fold_4	epithelial_transitional	POOLED	2.14704205385714	2.32771407807317	2.1591163745531676	2.2215802117859926	2.4643393153497546	2.482859117365409	2.070979837557754	2.327224863685412	2.0117756027270555	2.2746547360345266	1.984072597338425	2.2845892794160854	-0.07453815792885266	0.24807729654445967
THD0011_150_22_9	THD0011	THD0011	fold_4	epithelial_transitional	POOLED	2.70271921363543	2.3277136221242367	2.3596152519749283	2.365215208091243	3.007382825437078	3.0120163994125564	2.2071272867086527	2.326946954047895	2.7291339289029204	2.910147979978537	2.7096341239667376	2.9179386659723887	0.3375040055441869	0.47009389573446964
THD0011_150_2_10	THD0011	THD0011	fold_4	epithelial_transitional	POOLED	1.88359863099904	2.3277093670503812	2.0400353525807775	2.01603250260494	2.364705628701466	2.359129481107458	2.0292326795104865	2.310535146872565	2.3880921611546353	2.4645544466336085	2.3858047265035873	2.5541864661833786	-0.13243387160589992	0.14899669009419142
THD0011_150_2_12	THD0011	THD0011	fold_4	epithelial_transitional	POOLED	1.65432899242408	2.3277084551525147	2.522266879626245	2.325642936708315	2.4501697832115474	2.432910242689364	2.0397097351470235	2.3099793275975316	2.2907406137405206	2.3277123219733866	2.3105943131695303	2.3206468315291757	-0.6713139442842351	0.21989888691229711
THD0011_150_2_14	THD0011	THD0011	fold_4	epithelial_transitional	POOLED	2.06957160584692	2.3277075432546486	2.247786641608512	2.2276816050869552	2.241207849591197	2.260453045754024	1.931213277714604	2.309423508322498	2.1831399626826546	2.1195029544379014	2.174995535024737	2.061759736180831	-0.15810999924003521	0.03877174042868014
THD0011_150_2_7	THD0011	THD0011	fold_4	epithelial_transitional	POOLED	1.86412873107424	2.3277107348971806	2.3196827620931244	2.274510202475544	2.4901105775912153	2.478712663949634	1.980810704482967	2.3113688757851154	2.579338938403161	2.6414079336089746	2.588476864036747	2.7139463740106704	-0.4103814714013041	0.16445299094827082
THD0011_150_2_8	THD0011	THD0011	fold_4	epithelial_transitional	POOLED	1.97248624968349	2.3277102789482473	1.971544296825079	2.022568855941084	2.3450661512567033	2.3225153068509914	1.9325939974054247	2.311090966147599	2.3676280117258304	2.4411271919280217	2.4106101301031777	2.5115047964127433	-0.050082606257593865	0.08398968876356709
THD0011_150_2_9	THD0011	THD0011	fold_4	epithelial_transitional	POOLED	2.41145371344185	2.327709822999314	2.006988594439556	1.9102875964890684	2.3543393635087773	2.337737490017366	2.169335728133088	2.310813056510082	2.3445766950598825	2.3533793196733463	2.386189025382593	2.4142047945285827	0.5011661169527815	0.08386900078990671
THD0011_150_3_14	THD0011	THD0011	fold_4	epithelial_transitional	POOLED	2.28899752609673	2.327707733210895	2.082182795360014	2.0572375818243254	2.393603044299496	2.3842119358852387	2.004334421014353	2.3102302031993887	2.430189894758588	2.209149755538753	2.442737509866413	2.234255426806415	0.23175994427240454	0.18447207192941156
THD0011_150_3_16	THD0011	THD0011	fold_4	epithelial_transitional	POOLED	1.7171484157456	2.3277068213130288	1.8878293706446914	1.7696890544114872	1.8830040198713587	1.8869143337293335	1.9529142685789047	2.309674383924355	1.8928167344163103	2.0487964335043074	1.8700076619877435	2.1090039906686435	-0.052540638665887096	-0.0677340544103118
THD0011_150_3_6	THD0011	THD0011	fold_4	epithelial_transitional	POOLED	1.86798521345579	2.3277113808023597	2.2744344815401285	2.2961098170717755	2.730951814339612	2.735289493790441	2.0304561541411275	2.312453480299523	2.5963407890651204	2.6321927680878536	2.59375959936715	2.7063914526308688	-0.4281246036159856	0.42005573037863186
THD0011_150_3_7	THD0011	THD0011	fold_4	epithelial_transitional	POOLED	1.67345992305269	2.3277109248534265	2.3127905908565785	2.2479159028396385	2.638868907460122	2.6483393436121307	1.9678911104900056	2.3121755706620064	2.52516851108783	2.598548615888938	2.5232273476152933	2.67817419733095	-0.5744559797869484	0.2877778712240383
THD0011_150_3_9	THD0011	THD0011	fold_4	epithelial_transitional	POOLED	2.07656464952594	2.3277100129555603	1.9499085443823105	2.0142354171820536	2.2038558190378374	2.213840053508808	2.0243000404516414	2.3116197513869725	2.141800548443816	2.3765615884911173	2.120857625936341	2.4264965033481416	0.06232923234388643	0.057187378267909816
THD0011_150_4_10	THD0011	THD0011	fold_4	epithelial_transitional	POOLED	1.56731934823653	2.3277097469628734	2.1475999937087273	2.111644332773232	2.2356692347395186	2.2345082491650126	2.1964350277123246	2.3121485366263466	2.181534511777216	2.3876511179278745	2.181895448941115	2.334499641564145	-0.5443249845367022	0.049296203039772044
THD0011_150_4_11	THD0011	THD0011	fold_4	epithelial_transitional	POOLED	1.36915245387349	2.32770929101394	2.0118641183393366	2.028193784902464	2.3525887919330115	2.3432456305673175	2.0609840428414583	2.3118706269888296	2.4071024168187405	2.24450363336256	2.441282472850956	2.1795127370389844	-0.6590413310289738	0.11152155706079167
THD0011_150_4_13	THD0011	THD0011	fold_4	epithelial_transitional	POOLED	1.17926357308555	2.327708379116074	2.2234323840394783	2.1340179734432514	2.5193836316702165	2.522179608389193	1.8510247615062325	2.311314807713796	2.4666618062665373	2.4328278080288097	2.471963758299946	2.375972381949203	-0.9547544003577013	0.2141658432797501
THD0011_150_4_17	THD0011	THD0011	fold_4	epithelial_transitional	POOLED	1.4105390930018	2.3277065553203413	2.1292901433736917	2.0347992242052633	1.9490501124950028	1.9710811606663696	1.8720142176872263	2.310203169163729	2.0490445828811312	2.208176271186321	2.0253309188968074	2.2729735714036847	-0.6242601312034632	-0.09207538423560747
THD0011_150_4_4	THD0011	THD0011	fold_4	epithelial_transitional	POOLED	2.62037882716967	2.327712482656472	2.6198896608153257	2.397827422469408	2.6296139586585334	2.655799746225814	2.3082445416654642	2.3138159944514474	2.2868931617324453	2.9405570870626474	2.2412082631667296	3.0917730093592417	0.22255140470026236	0.3404154936574332
THD0011_150_4_5	THD0011	THD0011	fold_4	epithelial_transitional	POOLED	2.24294012209264	2.327712026707539	2.4023188549470977	2.3770364625744067	2.807857735529764	2.8067973251398355	2.130265305054645	2.3135380848139304	2.564043327254519	2.920215320744007	2.553657455808207	3.0470392232786963	-0.13409634048176677	0.439604938368814
THD0011_150_4_6	THD0011	THD0011	fold_4	epithelial_transitional	POOLED	2.09113332834224	2.327711570758606	1.9943187140404388	2.034348862183268	2.851350314693071	2.821513677574714	2.0547947910268403	2.313260175176414	2.6344616067680535	2.5055673188333443	2.6690039178381215	2.626979924516747	0.05678446615897226	0.49688322743613705
THD0011_150_4_7	THD0011	THD0011	fold_4	epithelial_transitional	POOLED	2.35350455097795	2.3277111148096727	1.9623629758733736	2.0122568954575994	2.810398909981136	2.7904788220601313	2.0088018816534703	2.312982265538897	2.6643698607122164	2.5206482178499856	2.6843400333301357	2.6319565570493753	0.3412476555203505	0.42743241277078936
THD0011_150_4_8	THD0011	THD0011	fold_4	epithelial_transitional	POOLED	1.73893178321539	2.3277106588607395	2.1346994698226363	2.0904285259146467	2.5226813255413165	2.5079544708498913	2.1568152513441112	2.31270435590138	2.577489701715855	2.389637442331573	2.6043672698504947	2.420866397014133	-0.35149674269925657	0.22798396755489722
THD0011_150_4_9	THD0011	THD0011	fold_4	epithelial_transitional	POOLED	1.51276574567147	2.3277102029118066	2.4175299542379296	2.2332929132619204	2.238033112480188	2.2415880627749027	2.2483849879962277	2.3124264462638635	2.099205340949282	2.3061703873564463	2.1014259661181764	2.2694098744382756	-0.7205271675904503	-0.03817621624512624
THD0011_150_5_10	THD0011	THD0011	fold_4	epithelial_transitional	POOLED	1.84779481901218	2.3277099369191196	2.024705485217775	2.058320115216609	2.2562021894803843	2.2554283427811606	2.2999751180952708	2.312955231503237	2.1521115145639316	2.317558632290311	2.1315249703353953	2.2326033765404967	-0.21052529620442884	0.05230686668123969
THD0011_150_5_11	THD0011	THD0011	fold_4	epithelial_transitional	POOLED	1.80470462038289	2.3277094809701864	2.0270220727760817	2.025899168435985	2.3631314262144136	2.3722040345125555	2.161257719889098	2.31267732186572	2.216782326115486	2.4647339726127386	2.2059962542804796	2.494825339407934	-0.22119454805309502	0.14656208470821566
THD0011_150_5_14	THD0011	THD0011	fold_4	epithelial_transitional	POOLED	1.87687488134622	2.327708113123387	1.9329305063602047	2.0255847993853062	2.4261739537502534	2.421125195512416	2.085273621451869	2.3118435929531698	2.2156205519352827	2.202968025167838	2.226833081473662	2.259234763207787	-0.1487099180390863	0.20796657644688646
THD0011_150_5_15	THD0011	THD0011	fold_4	epithelial_transitional	POOLED	1.7009669358832	2.3277076571744537	2.0424186678619773	1.9498716241456542	2.1647001748791572	2.1473742661813215	2.120003211775062	2.3115656833156533	1.9613728020865828	2.0430128077069645	1.9642348341690274	2.0360320709501725	-0.24890468826245415	7.86472958377608e-05
THD0011_150_5_16	THD0011	THD0011	fold_4	epithelial_transitional	POOLED	2.01277124446263	2.327707201225521	1.9102864393457055	1.8501823167652056	2.552199331592697	2.538755593988974	2.1684308915416732	2.3112877736781363	2.255699720330114	2.3172268342843276	2.2617484704630395	2.37679168760578	0.1625889276974244	0.38890288039607696
THD0011_150_5_6	THD0011	THD0011	fold_4	epithelial_transitional	POOLED	2.16769541524494	2.327711760714852	1.8329538341741638	1.9049834741877762	2.739850931504586	2.6876379097264445	1.997523821398033	2.3140668700533045	2.6076599314266047	2.56754847001924	2.6564888579640398	2.713959181342787	0.26271194105716367	0.41385004080053556
THD0011_150_5_7	THD0011	THD0011	fold_4	epithelial_transitional	POOLED	1.77981197242711	2.327711304765919	2.0889180229638686	2.0279384150001767	2.513660749168186	2.510137677155888	2.1655370359867083	2.3137889604157875	2.391839358534908	2.2777570279884514	2.399271549024043	2.3562983383707747	-0.2481264425730667	0.28341720091361733
THD0011_150_5_8	THD0011	THD0011	fold_4	epithelial_transitional	POOLED	1.96433702359227	2.3277108488169858	1.9341145306084768	1.9540047399640494	2.420265951732149	2.41776821317014	1.9868736181704039	2.3135110507782706	2.2726497817758835	2.1848826074941874	2.280665481099967	2.236678466012032	0.010332283628220473	0.22238581716294567
THD0011_150_5_9	THD0011	THD0011	fold_4	epithelial_transitional	POOLED	1.59127335101969	2.3277103928680525	2.110073908214045	2.111761416960668	2.4810875991597867	2.4506560760875087	2.4120921428709643	2.313233141140754	2.398593585279369	2.3492432971522463	2.4153510927689217	2.233484335324415	-0.5204880659409783	0.1171201230609287
THD0011_150_6_10	THD0011	THD0011	fold_4	epithelial_transitional	POOLED	1.35412903809538	2.3277101268753655	2.3126820229341702	2.251654041398803	2.41879914606349	2.435578309901066	2.2397828286363826	2.3137619263801277	2.3654698207178204	2.729085904942091	2.3563227245835066	2.703316756796738	-0.8975250033034228	0.14358178475168618
THD0011_150_6_15	THD0011	THD0011	fold_4	epithelial_transitional	POOLED	2.23532687956319	2.3277078471307	1.9389606998949822	2.050542414351439	2.523152638661473	2.5103768763181944	2.2035376164212552	2.312372378192544	2.1569480241351493	2.1572567538011613	2.1416142716399014	2.195085326435161	0.18478446521175096	0.2438500152250266
THD0011_150_6_16	THD0011	THD0011	fold_4	epithelial_transitional	POOLED	1.64201760920651	2.3277073911817667	2.145254070373503	2.0699522899791267	2.0811842985279307	2.096452797629573	2.279336184776263	2.312094468555027	2.1694975660605302	2.0009216595749373	2.183442270714189	1.9177271787439771	-0.42793468077261676	0.06014002177979465
THD0011_150_6_18	THD0011	THD0011	fold_4	epithelial_transitional	POOLED	1.80659887172389	2.3277064792839006	1.7674166016954094	1.8125751210944876	2.321158839512513	2.3101050261031215	1.9070502583827202	2.3115386492799934	2.212774428499368	2.0002358617245513	2.2204670280641383	2.0146774013110513	-0.005976249370597486	0.2566125117904691
THD0011_150_6_7	THD0011	THD0011	fold_4	epithelial_transitional	POOLED	1.86507785884256	2.327711494722165	2.243049344366913	2.1389368717654715	2.4864501394696297	2.4877361559299653	1.989061802410398	2.314595655292678	2.1492316780800573	2.367358833243577	2.1232583430354857	2.4231475070113175	-0.2738590129229115	0.22435270191128187
THD0011_150_6_8	THD0011	THD0011	fold_4	epithelial_transitional	POOLED	2.14261346859991	2.327711038773232	1.7807576537418601	1.9302963733836673	2.2644157317939673	2.2544655865852934	1.9454537974014625	2.3143177456551616	2.002247449219068	2.19961255556631	1.990696643217925	2.2533969366933473	0.21231709521624254	0.14033106918599156
THD0011_150_6_9	THD0011	THD0011	fold_4	epithelial_transitional	POOLED	1.08384552626347	2.3277105828242988	2.369399133418059	2.2347162750656517	2.228283963116529	2.23364958590009	2.187261205376605	2.3140398360176446	2.2094925978717646	2.1119943283230773	2.208720786736291	1.994275651460948	-1.1508707488021817	-0.10925579068882306
THD0011_150_7_13	THD0011	THD0011	fold_4	epithelial_transitional	POOLED	1.58246026204776	2.3277089489848124	2.072808605044604	2.0090632031760953	2.253935695403007	2.263787344073289	1.9139250479108159	2.313734892344468	2.3663124508403772	2.260082743923057	2.387509295041997	2.2629559291239993	-0.4266029411283354	0.11124137472993195
THD0011_150_7_14	THD0011	THD0011	fold_4	epithelial_transitional	POOLED	1.92755775874585	2.327708493035879	2.0265370258183784	2.0518161373385464	2.4121317809055127	2.4319491543734677	1.907121428004533	2.3134569827069513	2.214150362328485	2.2301606322629297	2.207929813292137	2.221794657036103	-0.1242583785926965	0.2057096616766393
THD0011_150_7_16	THD0011	THD0011	fold_4	epithelial_transitional	POOLED	2.07585590883139	2.327707581138013	2.137635778914746	2.128381084905154	2.4900664691315377	2.4936392506765	2.0453012443644467	2.3129011634319174	2.4575490712687476	2.387071132983097	2.436044226923574	2.3402786108761497	-0.05252517607376417	0.24089910604540102
THD0011_150_7_17	THD0011	THD0011	fold_4	epithelial_transitional	POOLED	2.30953020408832	2.3277071251890797	2.0508669565823126	2.0716502066301064	2.683805523928778	2.6921737123949114	1.9435879955525193	2.312623253794401	2.416682685640836	2.5419492041533656	2.4191110591522786	2.5534724322824593	0.23787999745821375	0.40101266550911613
THD0011_150_7_3	THD0011	THD0011	fold_4	epithelial_transitional	POOLED	2.07718827496417	2.3277135084741434	2.154371636715466	1.9857517358106629	2.352367912620581	2.3388311703956375	2.150398675644416	2.316513988719636	2.1396406202739118	2.4160108281365136	2.118575284424798	2.602496686268241	0.09143653915350725	0.04643082741968134
THD0011_150_7_5	THD0011	THD0011	fold_4	epithelial_transitional	POOLED	2.20339899190067	2.3277125965762773	1.8449268634782732	1.6728926132858613	2.631003468658944	2.55321891825312	2.054627449856014	2.3159581694446025	2.4804718917970088	2.644458211168172	2.5621441751073672	2.831778672545543	0.5305063786148088	0.3753862534140546
THD0011_150_8_13	THD0011	THD0011	fold_4	epithelial_transitional	POOLED	1.78289696819316	2.3277091389410587	2.000600591748041	1.842587257310346	2.1429843305642686	2.133011358515388	1.8388159014052303	2.314541587221359	1.9047195157216297	1.9586873530308995	1.9327682757948217	2.0405453155565785	-0.05969028911718599	0.02765715464799029
THD0011_150_8_14	THD0011	THD0011	fold_4	epithelial_transitional	POOLED	2.38149276511972	2.3277086829921254	1.5965781769196357	1.7365071273021173	2.5137156877331592	2.4755880926711678	2.115438513364589	2.314263677583842	2.2563945128713603	2.19260019219389	2.320112205910466	2.238042175812629	0.6449856378176029	0.24482922311205382
THD0011_150_8_16	THD0011	THD0011	fold_4	epithelial_transitional	POOLED	1.58704863457381	2.3277077710942593	2.306689858522031	2.0944495750723995	2.3783058061186	2.3816781904307045	2.1807685913466437	2.3137078583088084	2.3807967630342888	2.428497904514365	2.405230423347464	2.4939608365229855	-0.5074009404985895	0.1287648957123765
THD0011_150_8_3	THD0011	THD0011	fold_4	epithelial_transitional	POOLED	2.27460797765401	2.3277136984303897	2.1723004763976252	2.1771612586102944	2.3776806382792515	2.386595245413415	2.078449752651504	2.3173206835965265	2.2177137208907594	2.3981666793234786	2.198512884089836	2.408356287224621	0.09744671904371538	0.10839042412596972
THD0011_150_9_14	THD0011	THD0011	fold_4	epithelial_transitional	POOLED	2.02397666773362	2.3277088729483717	2.2849684848146015	2.0340932708364474	2.158621079055902	2.1832489040446466	2.1061529567086765	2.3150703724607324	1.8685330259293456	2.041921843757589	1.84353937697475	2.0372591119351116	-0.010116603102827249	0.10808151776296471
THD0011_150_9_15	THD0011	THD0011	fold_4	epithelial_transitional	POOLED	1.28058303138249	2.3277084169994384	2.2249013659413612	2.013822174678072	1.9145958959484952	1.9184297583692451	1.9887890896605183	2.314792462823216	2.1430225204757996	2.089312074615685	2.156940437715501	2.076317983209284	-0.7332391432955818	-0.16167697441849924
THD0011_150_9_17	THD0011	THD0011	fold_4	epithelial_transitional	POOLED	1.92502513478931	2.3277075051015723	1.9273337690876553	1.8716118872504524	2.513294245699614	2.4897181339579015	2.208547734202304	2.314236643548182	2.426935926113562	2.3768879523379476	2.4780220783559344	2.359101274260479	0.05341324753885757	0.31704195360930976
THD0011_150_9_19	THD0011	THD0011	fold_4	epithelial_transitional	POOLED	1.84341836372486	2.3277065932037058	2.1262773065936575	1.962016077887536	2.3322954470232604	2.293925119795157	2.097912051568459	2.3136808242731486	2.054136745081569	2.0643682343931626	2.112644002560148	2.130943915102259	-0.11859771416267595	0.16770301406755672
THD0011_150_9_4	THD0011	THD0011	fold_4	epithelial_transitional	POOLED	2.23699538259115	2.3277134324377027	1.9062277034291726	2.0171465976421614	2.8093387303530433	2.781355156161614	2.164599484289915	2.3178494688359006	2.419894720360946	2.8849828906071795	2.4406380306024182	2.948549081949883	0.21984878494898874	0.41249776782875525
THD0011_150_9_8	THD0011	THD0011	fold_4	epithelial_transitional	POOLED	1.07691659881656	2.32771160864197	1.8683056992298417	1.810905378985999	2.113879572549917	2.098887171588373	2.0135934161302553	2.3167378302858332	2.1329303829278246	2.269428604354846	2.1621365406223743	2.3475257959056166	-0.7339887801694389	-0.022123909975244712
VUILD102LA_150_10_12	VUILD102LA	VUILD102	fold_4	epithelial_transitional	POOLED	2.69182345884667	2.3277111088565574	2.121997644251636	2.292452702713509	2.330644584224751	2.342686239996953	2.5180354246703383	2.322618567140796	2.231170472637742	2.431741824275357	2.202814511346699	2.5060329727810817	0.39937075613316075	-0.0023350961911551013
VUILD102LA_150_10_16	VUILD102LA	VUILD102	fold_4	epithelial_transitional	POOLED	2.0214569354106	2.327709647548371	2.3633347435221794	2.396375499790672	2.4114212634039105	2.4194928725252822	2.556718924474034	2.3219106980381707	2.4597659997144046	2.581366468406765	2.435218732397897	2.5808696070022474	-0.3749185643800721	0.1527110455046531
VUILD102LA_150_10_19	VUILD102LA	VUILD102	fold_4	epithelial_transitional	POOLED	2.33885737708685	2.3277085515672313	2.647735425038159	2.7477699208354673	2.4410708448362954	2.4959448450115356	2.73278079203363	2.321379796211202	2.345829558499393	2.7799044497663568	2.2928458516860193	2.8815868334884875	-0.4089125437486172	-0.021742556766210862
VUILD102LA_150_11_15	VUILD102LA	VUILD102	fold_4	epithelial_transitional	POOLED	2.5767943330228	2.3277102029536154	2.8333583750132205	2.666447599427955	2.521055555791831	2.562159313440998	2.5627834587618787	2.3228943606238217	2.648538394105864	2.783512498144866	2.5986893132343187	2.7480944280376227	-0.08965326640515503	0.18270172286954223
VUILD102LA_150_11_16	VUILD102LA	VUILD102	fold_4	epithelial_transitional	POOLED	1.89066927015548	2.3277098376265686	2.565224142553546	2.6014959055823645	2.5251025890338763	2.5452320309223304	2.5612062432217577	2.3227173933481655	2.540912159841417	2.485983920817252	2.5158808589416606	2.366517927019482	-0.7108266354268846	0.13755397678975081
VUILD102LA_150_11_17	VUILD102LA	VUILD102	fold_4	epithelial_transitional	POOLED	1.71812820315461	2.327709472299522	2.439598922145914	2.4186687797291744	2.2030308968590515	2.2348391187938232	2.457254066570504	2.3225404260725093	2.2940601634605993	2.4570538102609834	2.2559857764683726	2.365765908135607	-0.7005405765745645	0.01134049537407246
VUILD102LA_150_11_19	VUILD102LA	VUILD102	fold_4	epithelial_transitional	POOLED	2.20871977519571	2.327708741645429	3.0176794109463008	2.817797648588946	2.739356104800146	2.7706566923268117	2.7387568488189538	2.322186491521197	2.7966854256558875	2.8086411827203586	2.7860518886153454	2.7190817056811656	-0.609077873393236	0.17585875518358762
VUILD102LA_150_11_24	VUILD102LA	VUILD102	fold_4	epithelial_transitional	POOLED	1.7639216578212	2.327706915010196	2.5418261911388718	2.5692887724302693	2.421922238020154	2.462319185867296	2.664842620289109	2.3213016551429155	2.4420439851106694	2.729394620094066	2.404099567882311	2.8649877840559945	-0.8053671146090693	0.027284056987290806
VUILD102LA_150_12_18	VUILD102LA	VUILD102	fold_4	epithelial_transitional	POOLED	1.68797777907383	2.3277092970506734	2.3700290408638347	2.245040473156169	2.5525807469208956	2.521404363873222	2.5853118136379654	2.323170154106848	2.576284246643303	2.5287902104505653	2.6252984451489003	2.4796752585010715	-0.5570626940823389	0.0905886269715696
VUILD102LA_150_12_19	VUILD102LA	VUILD102	fold_4	epithelial_transitional	POOLED	2.06537747065486	2.3277089317236266	2.281308327998088	2.423879324316043	2.622144289501665	2.6036601843727962	2.715013959905635	2.3229931868311917	2.5941713873934837	2.8400010435427516	2.6179379291918243	2.837416170349718	-0.3585018536611826	0.10194446008722229
VUILD102LA_150_12_8	VUILD102LA	VUILD102	fold_4	epithelial_transitional	POOLED	2.59886668913497	2.327712950321139	2.51085178511449	2.4321318393950873	2.4487314226828856	2.4904544747514428	2.505123843780793	2.3249398268634103	2.4964971098257496	2.595016767205318	2.4422251942396422	2.6474376726461966	0.16673484973988284	0.15317767861484644
VUILD102LA_150_13_12	VUILD102LA	VUILD102	fold_4	epithelial_transitional	POOLED	2.97780003422488	2.3277116790911507	2.5727467286725596	2.508643245259139	2.5597976466021723	2.589950004044071	2.5929133463262133	2.3250386530707803	2.527132813613315	2.637860175550736	2.5206192965303935	2.7387625313120747	0.4691567889657411	0.19056917142638327
VUILD102LA_150_13_18	VUILD102LA	VUILD102	fold_4	epithelial_transitional	POOLED	1.8509650371356	2.327709487128871	1.9231139864976992	2.2084217277465172	2.6160440239966674	2.5926131011117373	2.602894420754253	2.3239768494168427	2.6323731409969557	2.60716235077617	2.6754172632219344	2.5655533020888357	-0.35745669061091734	0.1896908940431934
VUILD102LA_150_13_23	VUILD102LA	VUILD102	fold_4	epithelial_transitional	POOLED	1.91824514715089	2.327707660493638	2.3570041271383695	2.36309895816316	2.5186283802491	2.5179534859671593	2.651358826459009	2.3230920130385617	2.377866642313027	2.547928623885769	2.3840636500263233	2.5615069142592106	-0.44485381101226995	0.13797989886509793
VUILD102LA_150_13_24	VUILD102LA	VUILD102	fold_4	epithelial_transitional	POOLED	2.04861665204824	2.3277072951665914	2.6664252495791394	2.541769569293889	2.339422000817181	2.3715870009831783	2.73201354456665	2.322915045762905	2.315803074965432	2.5973637559249054	2.299207541725082	2.676619163819305	-0.493152917245649	-0.017218479754868087
VUILD102LA_150_14_18	VUILD102LA	VUILD102	fold_4	epithelial_transitional	POOLED	2.44498539915967	2.3277096772070687	2.46795238324741	2.252716559813401	2.3242651853393346	2.3199212629164165	2.638961487791518	2.3247835447268375	2.2515184775959853	2.656068942508968	2.2749213942009665	2.7026722790292315	0.19226883934626926	-0.038121089056026264
VUILD102LA_150_14_23	VUILD102LA	VUILD102	fold_4	epithelial_transitional	POOLED	2.71718180091416	2.327707850571836	2.2189207631899186	2.2832606083976508	2.8703275398200763	2.841103682967828	2.6746117747997302	2.3238987083485565	2.7219407355622356	3.2848460378842654	2.766842625450576	3.4957769968137953	0.4339211925165092	0.2998036480853421
VUILD102LA_150_14_24	VUILD102LA	VUILD102	fold_4	epithelial_transitional	POOLED	2.22210457732958	2.3277074852447894	2.1574210129553086	2.3590312078473468	2.497067810498387	2.4761100583979463	2.7045532396789365	2.3237217410729	2.400622113322139	2.7321229440325854	2.4471647771211438	2.764837105696093	-0.13692663051776677	0.015016804285602404
VUILD102LA_150_15_17	VUILD102LA	VUILD102	fold_4	epithelial_transitional	POOLED	3.21232275646027	2.327710232612313	2.1504867609849856	2.1259707603545874	2.3894188889473438	2.3811325354062434	2.4819384395558983	2.3257672073124884	2.348324381369272	2.3550238631077356	2.3527120139489925	2.399118297448893	1.0863519961056824	0.16643904547486044
VUILD102LA_150_16_18	VUILD102LA	VUILD102	fold_4	epithelial_transitional	POOLED	2.33437160941523	2.3277100573634644	2.2934001397079853	2.141443571126857	2.568531233102763	2.549376724212164	2.5116270639240295	2.326396935346827	2.636713668860597	2.6118793700196505	2.6740683566233763	2.6781120970967027	0.19292803828837268	0.20542605186000099
VUILD102LA_150_17_14	VUILD102LA	VUILD102	fold_4	epithelial_transitional	POOLED	2.51481961403357	2.3277117087498485	2.5130544105861725	2.3385644603802827	2.6701043575667063	2.670564200751046	2.5069762245823846	2.327911499759447	2.5853184915612317	2.899235972354277	2.5864692880427627	2.965175626441912	0.17625515365328726	0.33220587495150317
VUILD102LA_150_17_24	VUILD102LA	VUILD102	fold_4	epithelial_transitional	POOLED	3.42276065644976	2.3277080554793823	2.628836114992333	2.6261513478452763	2.953478643179032	2.956561743340207	2.7024998400837585	2.3261418270028846	2.8167547025137694	3.21967793182241	2.809990955779265	3.385859334593632	0.7966093086044839	0.2783885125204997
VUILD102LA_150_18_15	VUILD102LA	VUILD102	fold_4	epithelial_transitional	POOLED	2.73642539363659	2.3277115335009992	2.223182418919998	2.2988429935215238	2.5036527122732792	2.5169025660284663	2.493092412036093	2.3285412277937856	2.4403201748221512	2.717599587582172	2.42896907002741	2.7912620695498225	0.43758240011506633	0.219918927842442
VUILD102LA_150_18_19	VUILD102LA	VUILD102	fold_4	epithelial_transitional	POOLED	2.7704747246644	2.3277100721928132	2.0397516871967416	2.19999746081557	2.468247740567249	2.4606008744237275	2.4899403215010305	2.3278333586911604	2.2093760328361354	2.4765393879239888	2.206723887149312	2.595645037606378	0.5704772638488302	0.07710507331179917
VUILD102LA_150_18_24	VUILD102LA	VUILD102	fold_4	epithelial_transitional	POOLED	2.17701020812308	2.32770824555758	2.325463573097333	2.6094571238944897	2.690249383474772	2.7075580027362403	2.703732001637866	2.3269485223128794	2.499654646084439	2.9109304534871305	2.4706455038638393	3.0576839291713878	-0.4324469157714095	0.14648613541014258
VUILD102LA_150_19_15	VUILD102LA	VUILD102	fold_4	epithelial_transitional	POOLED	2.72784015316152	2.3277117235791973	2.2027770517825247	2.1244455111424223	2.695342886427115	2.684443021056544	2.4531874021799975	2.3293479231037804	2.428691397000108	2.7840782793968497	2.439167123474809	2.9120179423219033	0.6033946420190976	0.3695530946717952
VUILD102LA_150_19_16	VUILD102LA	VUILD102	fold_4	epithelial_transitional	POOLED	2.65071549309013	2.3277113582521505	1.7776211120131469	2.0675823195658447	2.405904054562682	2.391027341164617	2.475289523943716	2.329170955828124	2.392086356523333	2.4100016901768964	2.402678727878503	2.53024758175964	0.5831331735242853	0.20605397494018093
VUILD102LA_150_21_17	VUILD102LA	VUILD102	fold_4	epithelial_transitional	POOLED	3.01057874215116	2.3277113730814993	2.160072604862578	2.0277604971749894	2.50001478641324	2.4911782278276413	2.364736900102792	2.3306073791724575	2.5428553233115014	2.32459054252702	2.547765599457056	2.436582524233481	0.9828182449761704	0.24204374074117216
VUILD102LA_150_22_14	VUILD102LA	VUILD102	fold_4	epithelial_transitional	POOLED	3.25413568805417	2.327712659140837	2.2523041542128537	2.180431221563081	2.688231894871631	2.6630878920968426	2.485372989278405	2.331944976309421	2.5804421434558784	2.671174162775103	2.6071155560412453	2.7220904755112736	1.073704466491089	0.2831287585112753
VUILD102LA_150_3_11	VUILD102LA	VUILD102	fold_4	epithelial_transitional	POOLED	2.31780301381427	2.32771014363622	2.481296354706957	2.577283419530267	2.7715025688467434	2.7889438195274896	2.578626176934429	2.3171486672464887	2.8059295306067056	2.984168749828464	2.81542273551941	3.0211316266629855	-0.2594804057159972	0.26702361956707127
VUILD102LA_150_3_16	VUILD102LA	VUILD102	fold_4	epithelial_transitional	POOLED	3.46914756760403	2.327708317000987	2.8626677737679183	2.7553748021932325	2.7464760784988242	2.767286777487982	2.699750832990431	2.3162638308682073	3.0013388917134014	2.9172330115962715	2.9815537565075516	2.940689857805895	0.7137727654107975	0.1569216103085308
VUILD102LA_150_3_17	VUILD102LA	VUILD102	fold_4	epithelial_transitional	POOLED	2.61758085211511	2.3277079516739403	2.92515738983347	2.8083685597025574	2.813322274160386	2.838068809548404	2.6673202248282166	2.316086863592551	2.834209177159052	2.962285156611972	2.8103049917886054	2.9543603583284384	-0.19078770758744756	0.2145197575953638
VUILD102LA_150_3_18	VUILD102LA	VUILD102	fold_4	epithelial_transitional	POOLED	2.43664248221839	2.327707586346894	2.756791840626827	2.697912942364384	2.7180620150815646	2.7554213280886897	2.6756986897362163	2.315909896316895	2.5565583821497526	3.0091432610809155	2.5161250341776875	3.091495964034135	-0.26127046014599387	0.14190505284942928
VUILD102LA_150_3_19	VUILD102LA	VUILD102	fold_4	epithelial_transitional	POOLED	1.78730677707379	2.327707221019847	2.7024133403770394	2.625164580624496	2.4271952769059366	2.442397031392659	2.596453574893172	2.3157329290412387	2.326275724845631	2.654810267600045	2.328458794167803	2.7442323940049986	-0.8378578035507058	-0.07150714984331033
VUILD102LA_150_4_11	VUILD102LA	VUILD102	fold_4	epithelial_transitional	POOLED	2.71384022303227	2.3277103337144176	2.5048061931969055	2.62225800545164	2.6911106864619896	2.7158095226172216	2.6302265661298816	2.3179553625564835	2.586739471630189	2.934330866353113	2.5622114559012026	3.0710530500318427	0.09158221758062979	0.1863344448531244
VUILD102LA_150_4_12	VUILD102LA	VUILD102	fold_4	epithelial_transitional	POOLED	2.46832288616896	2.327709968387371	2.2967168823001622	2.3583971036121842	2.4525713984872524	2.454624455391627	2.6468943901019193	2.3177783952808273	2.342163233136094	2.5625678609325093	2.3603419621019177	2.5870438902118216	0.10992578255677588	0.004119457078981959
VUILD102LA_150_4_13	VUILD102LA	VUILD102	fold_4	epithelial_transitional	POOLED	2.20614572691288	2.3277096030603244	2.2251291685106636	2.368135440261643	2.6019244793709215	2.603605847228594	2.627166494871598	2.3176014280051707	2.643914154566897	2.913760177519256	2.6458487594218743	2.9615822115970554	-0.1619897133487629	0.11297474570393355
VUILD102LA_150_4_16	VUILD102LA	VUILD102	fold_4	epithelial_transitional	POOLED	2.52225572490639	2.3277085070791848	2.5717848842657762	2.586372609984432	2.252992977996189	2.2943878067263794	2.6575378479085927	2.317070526178202	2.277577752366402	2.4250704491453985	2.2260810055483065	2.3964695235250586	-0.06411688507804225	-0.09264569256507195
VUILD102LA_150_4_18	VUILD102LA	VUILD102	fold_4	epithelial_transitional	POOLED	1.99701084700232	2.3277077764250915	2.553073240504104	2.6298767545955823	2.7614160229125915	2.7740956699658272	2.6708722233953273	2.3167165916268897	2.5436777494355574	2.7429666830672677	2.515467040922426	2.7890224362467313	-0.6328659075932623	0.18797045421483777
VUILD102LA_150_4_19	VUILD102LA	VUILD102	fold_4	epithelial_transitional	POOLED	2.02019565630813	2.3277074110980447	2.7907873706704343	2.739685629831114	2.80595105644551	2.8142496515192668	2.6643887599739147	2.3165396243512335	2.7290812706932868	2.938138960582476	2.7230381824354697	2.9544261365625824	-0.7194899735229843	0.17590836295732498
VUILD102LA_150_4_20	VUILD102LA	VUILD102	fold_4	epithelial_transitional	POOLED	1.8802054702151	2.3277070457709983	2.874607446707291	2.9382701588360365	2.665419623233591	2.732956950874228	2.750371820323986	2.316362657075577	2.7693156327355224	2.727181315919455	2.6965046086277162	2.6483922315919726	-1.0580646886209364	0.11013638945771391
VUILD102LA_150_4_21	VUILD102LA	VUILD102	fold_4	epithelial_transitional	POOLED	2.80077119287555	2.327706680443952	2.396381874680996	2.401882294044603	2.5251506680840086	2.5166177735164528	2.7186432883305782	2.3161856897999207	2.4162475762633764	2.8280434586912504	2.4268428788058647	2.833203820215523	0.3988888988309469	0.054587986807992844
VUILD102LA_150_4_9	VUILD102LA	VUILD102	fold_4	epithelial_transitional	POOLED	2.73924160707509	2.327711064368511	2.620446241997524	2.6683746007560494	2.7844202137785987	2.7764971668757226	2.6607653469851282	2.318309297107796	2.5582731644745587	2.785783846376846	2.5635278452653516	2.732173840870346	0.07086700631904064	0.1898614364487827
VUILD102LA_150_5_10	VUILD102LA	VUILD102	fold_4	epithelial_transitional	POOLED	2.78742836034031	2.327710889119662	2.6739088279939542	2.9122373768744554	2.5994922324369676	2.6587374498950136	2.6842382440065014	2.3189390251421345	2.6336037688655134	2.8482971463661255	2.5670347970349052	2.902359906951174	-0.12480901653414556	0.17895634555975912
VUILD102LA_150_5_11	VUILD102LA	VUILD102	fold_4	epithelial_transitional	POOLED	2.93450699502883	2.3277105237926152	2.9993145635782197	2.8420687196762984	2.6700517046690058	2.7227489147000843	2.7759438774379546	2.3187620578664783	2.658210018143344	2.9545476106009128	2.616332688454791	2.9417689440479333	0.09243827535253146	0.1428242550576315
VUILD102LA_150_5_14	VUILD102LA	VUILD102	fold_4	epithelial_transitional	POOLED	2.96246271940511	2.3277094278114756	2.446162429013837	2.4802362625979124	2.4255468371292244	2.4441505602243585	2.590574314423848	2.3182311560395092	2.5568639520649943	2.9886226844612	2.5490668666091776	3.0862560930794185	0.48222645680719767	0.08397636324250027
VUILD102LA_150_5_16	VUILD102LA	VUILD102	fold_4	epithelial_transitional	POOLED	2.38084964771176	2.3277086971573824	2.4173206299890393	2.4385298599457736	2.118998059506194	2.142118795701145	2.513189220899167	2.317877221488197	2.225242111914484	2.1055149365830808	2.2085654718509846	1.9978685882555274	-0.05768021223401343	-0.0714849414685602
VUILD102LA_150_5_17	VUILD102LA	VUILD102	fold_4	epithelial_transitional	POOLED	2.27179561095968	2.327708331830336	2.3177647056359656	2.4143731464402043	2.285676492432646	2.301041275811626	2.631166869209057	2.3177002542125407	2.3208830659728226	2.4888626104224816	2.3144469250809387	2.503740584008378	-0.1425775354805241	-0.036049048330421975
VUILD102LA_150_5_18	VUILD102LA	VUILD102	fold_4	epithelial_transitional	POOLED	2.90453551872019	2.327707966503289	2.2360113390363905	2.3330163966705184	2.78267608261814	2.7503866553949763	2.665341893976245	2.3175232869368845	2.546651671153388	2.8653233957170454	2.587510551850202	2.8822057483694845	0.5715191220496716	0.1797219969386482
VUILD102LA_150_5_8	VUILD102LA	VUILD102	fold_4	epithelial_transitional	POOLED	2.55151899618026	2.327711619773755	2.735785801719019	2.804918291537693	2.3871963536325396	2.4399343786488816	2.680489035067227	2.319292959693447	2.657104077767271	2.732541266679683	2.618566349409642	2.676964195680218	-0.2533992953574331	0.03303812601162212
VUILD102LA_150_6_10	VUILD102LA	VUILD102	fold_4	epithelial_transitional	POOLED	1.52594147368317	2.3277110791978597	3.1731496641890486	3.0557371353121976	2.4758476939105516	2.5596990394769077	2.7361522093151365	2.3197457204521292	2.605237605931654	2.78237455800459	2.531658567085891	2.716715883940917	-1.5297956616290276	0.09536100549003494
VUILD102LA_150_6_11	VUILD102LA	VUILD102	fold_4	epithelial_transitional	POOLED	2.66446492552556	2.327710713870813	2.824682471336519	2.904369094021538	2.548506071907819	2.592853296822655	2.7408395326302526	2.319568753176473	2.527582096034298	2.794291485183359	2.4943768651219935	2.800394013059655	-0.23990416849597818	0.0847832328888662
VUILD102LA_150_6_17	VUILD102LA	VUILD102	fold_4	epithelial_transitional	POOLED	2.15304162303886	2.3277085219085336	2.6785716114505087	2.5686654547931127	2.6101492319971658	2.6082132745701476	2.645156905366317	2.3185069495225354	2.485032411581327	2.738002866085493	2.491156952563059	2.7890837969484554	-0.41562383175425266	0.037517979206891094
VUILD102LA_150_6_18	VUILD102LA	VUILD102	fold_4	epithelial_transitional	POOLED	2.40370087281089	2.3277081565814868	2.478320429371808	2.701125924406859	2.363517285694733	2.406326611168368	2.664054698540831	2.3183299822468793	2.423311256975169	2.5607912869126683	2.376309703599338	2.527047351137922	-0.2974250515959689	-0.04325307404065844
VUILD102LA_150_6_20	VUILD102LA	VUILD102	fold_4	epithelial_transitional	POOLED	2.09216368622463	2.3277074259273935	2.654486685604962	2.843318143984276	2.3212248913155213	2.3969140643512206	2.7472028879191273	2.317976047695567	2.423082957633301	2.6865571656480114	2.3467952970345984	2.636415193908631	-0.7511544577596463	-0.02773194428051487
VUILD102LA_150_6_23	VUILD102LA	VUILD102	fold_4	epithelial_transitional	POOLED	1.90618547235044	2.327706329946254	2.8121174151298756	2.74384313223297	2.5459156352044277	2.5709584650170405	2.6878138922330157	2.317445145868598	2.5481509841919125	2.8195780737594633	2.5264759378056705	2.785489174886601	-0.83765765988253	0.07237855869655184
VUILD102LA_150_7_12	VUILD102LA	VUILD102	fold_4	epithelial_transitional	POOLED	2.18187105789051	2.327710538621964	2.8385458472779828	2.839832422826022	2.781997590983855	2.805397482502447	2.7299508927164355	2.3201984812108116	2.447037434927892	2.9621630847580622	2.405350153164673	3.0257110274225574	-0.6579613649355123	0.17437533785639434
VUILD102LA_150_7_13	VUILD102LA	VUILD102	fold_4	epithelial_transitional	POOLED	2.76158465799836	2.3277101732949177	2.797180186429041	2.8514048929932287	2.6102452654415154	2.6643293389182596	2.7687081217999374	2.3200215139351554	2.527996220749769	2.6440184796299366	2.4737634823767314	2.480389601994165	-0.08982023499486891	0.12614225440014704
VUILD102LA_150_7_14	VUILD102LA	VUILD102	fold_4	epithelial_transitional	POOLED	2.14835583858745	2.327709807967871	2.428115450896414	2.550263703540438	2.7671682175967933	2.774683224632676	2.640070246254273	2.319844546659499	2.7110335977209115	3.223727906297396	2.698131259199445	3.3331420880913525	-0.4019078649529879	0.28563430235253134
VUILD102LA_150_7_18	VUILD102LA	VUILD102	fold_4	epithelial_transitional	POOLED	2.95109331067799	2.327708346659685	2.880414417842552	2.8045710832489887	2.5329209607975267	2.5788886347826026	2.571103005865689	2.319136677556874	2.4595624620496643	2.810048628072555	2.4161030129120835	2.8008733948252735	0.14652222742900145	0.07512621764523529
VUILD102LA_150_8_11	VUILD102LA	VUILD102	fold_4	epithelial_transitional	POOLED	2.42390082405521	2.3277110940272085	2.212694237612078	2.4959387194911513	2.713187099934702	2.738229612163443	2.431191178471792	2.3211821437964626	2.4706854692047586	2.5219193587371813	2.4285383717143647	2.5346956511954826	-0.0720378954359413	0.38815748317498777
VUILD102LA_150_8_12	VUILD102LA	VUILD102	fold_4	epithelial_transitional	POOLED	1.84272139754757	2.3277107287001617	2.893820139778812	2.8241227950689556	2.482795385145632	2.5362647023579887	2.5568976391320306	2.3210051765208064	2.599231623814549	2.6433867370457076	2.5349990489347274	2.6031753816860967	-0.9814013975213856	0.14234886837502522
VUILD102LA_150_8_14	VUILD102LA	VUILD102	fold_4	epithelial_transitional	POOLED	1.9584571082293	2.327709998046069	2.8507432280811877	2.7676383876958566	2.3913084675051755	2.4417204233429475	2.658615708120314	2.3206512419694936	2.493479884355547	2.7732900889799925	2.4530085618569517	2.7146731647632136	-0.8091812794665565	0.09093416252930923
VUILD102LA_150_8_16	VUILD102LA	VUILD102	fold_4	epithelial_transitional	POOLED	2.27891696581785	2.3277092673919757	2.4431204809931377	2.372743619418631	2.6931290510920114	2.6808174197466204	2.6565016487294586	2.320297307418181	2.691860038273448	2.7167349201289346	2.720378985037292	2.6732079082602063	-0.09382665360078102	0.2436862922145511
VUILD102LA_150_8_23	VUILD102LA	VUILD102	fold_4	epithelial_transitional	POOLED	2.03091536129323	2.3277067101026496	2.2196710936253443	2.2472690454171595	2.9859467615855	2.9528305501388274	2.6667259495867586	2.3190585364885874	2.794480619621079	2.840950688193738	2.8569682579602533	2.9512300885916636	-0.21635368412392975	0.36920534090159307
VUILD102LA_150_8_24	VUILD102LA	VUILD102	fold_4	epithelial_transitional	POOLED	1.55920078272364	2.327706344775603	2.3935150332763597	2.4662855924857374	2.3636263064583525	2.38903131003431	2.70764549469541	2.318881569212931	2.32572309393492	2.8520474738152046	2.326566491831655	3.011647219815904	-0.9070848097620974	-0.010357147981653637
VUILD102LA_150_8_7	VUILD102LA	VUILD102	fold_4	epithelial_transitional	POOLED	2.39973573090743	2.327712555335395	2.22418289789523	2.1823389845451016	2.532950051418424	2.533784253665751	2.543210993317652	2.3218900128990874	2.26408660914569	2.4618553017421165	2.2557224748420865	2.439603540946659	0.2173967463623283	0.17487556414813638
VUILD102LA_150_9_15	VUILD102LA	VUILD102	fold_4	epithelial_transitional	POOLED	2.65494659632955	2.3277098227972197	2.547203982774418	2.520855801309515	2.418166639551633	2.4311445010933936	2.5676816408963075	2.321280970003832	2.508157241756822	2.7649725129259286	2.487305879860115	2.824945168353564	0.13409079502003518	0.062493250437496
VUILD102LA_150_9_19	VUILD102LA	VUILD102	fold_4	epithelial_transitional	POOLED	2.58727205113497	2.3277083614890337	2.7286059290638813	2.675812200923126	2.871022952203558	2.8941768094272504	2.7759088350122103	2.3205731009012074	2.4344476938637967	3.1317309718918276	2.4245566981815965	3.2420460836430056	-0.08854014978815616	0.24038129768895564
VUILD102LA_150_9_6	VUILD102LA	VUILD102	fold_4	epithelial_transitional	POOLED	2.83500845963554	2.327713110740639	2.4417225926885373	2.3321666175263327	2.8794972736760243	2.881959973672407	2.5607662927876693	2.3228736754847388	2.5290585432650325	2.9181636835821356	2.5301797520814713	3.0452605054481436	0.5028418421092073	0.4334443426773811
VUILD102LA_150_9_9	VUILD102LA	VUILD102	fold_4	epithelial_transitional	POOLED	2.67496526844226	2.3277120147594994	2.183329527305949	2.375697740461571	2.347424833074563	2.3872015891649667	2.5135881676009926	2.3223427736577698	2.4129992143882553	2.51173465488225	2.38764984023153	2.5834517081200836	0.2992675279806889	0.11598746677857179
VUILD102MA_150_12_12	VUILD102MA	VUILD102	fold_4	epithelial_transitional	POOLED	1.98905007946163	2.327711151544415	2.6577176294005262	2.7452178919866403	2.2776897628916464	2.291149743203058	2.8573651289314705	2.3301293553990754	2.1945883251809817	2.257794946893914	2.1802417535078575	2.049889387868009	-0.7561678125250104	-0.22537758506364472
VUILD102MA_150_12_20	VUILD102MA	VUILD102	fold_4	epithelial_transitional	POOLED	2.52960649579999	2.3277082285046995	2.894278561231246	2.926267956325131	2.7289282219551483	2.7743608841638725	2.757541004198727	2.3287131456388166	3.03855522937685	2.9694798339760755	3.0055459369599227	3.0530052697459356	-0.3966614605251406	0.16292701466036
VUILD102MA_150_12_22	VUILD102MA	VUILD102	fold_4	epithelial_transitional	POOLED	2.40771496855048	2.327707497744771	2.9055454382040846	3.0181005513581445	2.2873589169314985	2.3677411428800395	2.7623035803072065	2.3283590931987517	2.3525820237907418	2.471708829057211	2.2597954929177626	2.38841000831936	-0.6103855828076643	-0.09111950072125276
VUILD102MA_150_12_23	VUILD102MA	VUILD102	fold_4	epithelial_transitional	POOLED	3.44319184612174	2.3277071323648064	2.93551356864446	2.976327220617774	2.6995110108460043	2.7424840039251084	2.777238106612635	2.3281820669787194	2.7501366415089787	2.894539412255593	2.7030014254118497	3.000520021738023	0.4668646255039657	0.12456333242384825
VUILD102MA_150_12_8	VUILD102MA	VUILD102	fold_4	epithelial_transitional	POOLED	2.6015582027337	2.3277126130642727	2.622939008079352	2.6848176848379905	2.2886724320400376	2.32997300693463	2.716252805197853	2.330837460279205	2.02825135898484	2.4748349974098796	1.9619766767049969	2.4909687558236255	-0.08325948210429068	-0.046037334712354404
VUILD102MA_150_13_11	VUILD102MA	VUILD102	fold_4	epithelial_transitional	POOLED	2.20549930748336	2.327711680058012	2.4453409751271	2.5710338220880034	2.290718756996671	2.326910777381303	2.739241364033555	2.3311129812370153	2.4619508466521576	2.266276331890487	2.4441170707587214	2.1271578332385412	-0.36553451460464315	0.004971052767771641
VUILD102MA_150_13_12	VUILD102MA	VUILD102	fold_4	epithelial_transitional	POOLED	2.17200297143433	2.3277113146780475	2.9187127862619837	2.9797913601430595	2.355447410715574	2.405646847290422	2.64606097866364	2.330935955016983	2.3571518965265805	2.4981053151914017	2.303723267148306	2.3907895779182136	-0.8077883887087296	-0.09199586459345019
VUILD102MA_150_13_19	VUILD102MA	VUILD102	fold_4	epithelial_transitional	POOLED	2.60869567968293	2.327708757018297	2.254225332493087	2.5864244736342297	2.2170898360909894	2.2596986688808043	2.6454568248578645	2.3296967714767565	2.2887648878005997	2.473458445273398	2.2501165695371492	2.4282181509539833	0.022271206048700254	-0.06934085257813544
VUILD102MA_150_13_20	VUILD102MA	VUILD102	fold_4	epithelial_transitional	POOLED	2.61306269651016	2.3277083916383323	2.8324696944359724	2.813465861937358	2.2606874093756533	2.3170848793935566	2.7266564634697357	2.3295197452567242	2.337461978632765	2.5572677875538288	2.2680333994468387	2.5846526907331713	-0.20040316542719783	-0.09209457909995407
VUILD102MA_150_13_22	VUILD102MA	VUILD102	fold_4	epithelial_transitional	POOLED	2.48831392323764	2.3277076608784033	2.8686997697212666	2.888553823436567	2.4374310347241206	2.482000949907463	2.7796203383462044	2.3291656928166593	2.5764748925266145	2.719647284104224	2.546305967207665	2.665851068394573	-0.40023990019892697	0.030270924611082224
VUILD102MA_150_13_23	VUILD102MA	VUILD102	fold_4	epithelial_transitional	POOLED	2.33192804841911	2.327707295498439	2.908071553223732	2.9888422290361585	2.5759915212894624	2.6107917445014874	2.7100764634118355	2.328988666596627	2.822827806144576	2.742630934250638	2.788193119602924	2.791418309301819	-0.6569141806170484	0.014278464801656062
VUILD102MA_150_13_9	VUILD102MA	VUILD102	fold_4	epithelial_transitional	POOLED	2.72331286772266	2.3277124108179406	2.369962995987422	2.4360839992990884	2.5632345600527415	2.5634538808950156	2.6821846524923734	2.3314670336770797	2.6334161792062236	3.0910104095948343	2.6527483163440357	3.394017451280142	0.28722886842357154	0.09657538786332219
VUILD102MA_150_14_10	VUILD102MA	VUILD102	fold_4	epithelial_transitional	POOLED	2.5384650490958	2.327712208571609	2.191768262211385	2.3121089493143416	2.475290084916186	2.4711984549527366	2.710483306215911	2.332096607074955	2.604219880186316	2.6631961064916	2.634382228266295	2.8245203559280454	0.2263560997814582	0.07119728125105432
VUILD102MA_150_14_11	VUILD102MA	VUILD102	fold_4	epithelial_transitional	POOLED	2.40033481174319	2.3277118431916444	2.8468557214052526	2.809366338885294	2.0611345219973023	2.1274040937289893	2.647740327651125	2.331919580854923	2.556730794335847	2.3581767518324126	2.506421633645049	2.200981601628809	-0.4090315271421039	-0.1677392952141599
VUILD102MA_150_14_19	VUILD102MA	VUILD102	fold_4	epithelial_transitional	POOLED	2.66511951972558	2.327708920151929	2.6877570515817766	2.7578020077652914	2.2509744613069165	2.3010931577439018	2.7248647239239285	2.330503371094664	2.802340146189952	2.696169579909558	2.77990029044303	2.7330249472062973	-0.09268248803971124	-0.08006844750342998
VUILD102MA_150_14_21	VUILD102MA	VUILD102	fold_4	epithelial_transitional	POOLED	3.21064643450673	2.327708189392	2.6808798304158987	2.7822841292563014	2.847179423109802	2.8569106459835827	2.7576989634333744	2.330149318654599	3.017046332133198	3.001815794600041	3.022986475632635	3.066437645980502	0.4283623052504284	0.22046719627350586
VUILD102MA_150_14_22	VUILD102MA	VUILD102	fold_4	epithelial_transitional	POOLED	2.43125811022388	2.327707824012036	2.5841054353280914	2.717629278038572	2.6616946620684505	2.6751480231752787	2.816273158182996	2.329972292434567	2.9352244011304123	2.7506081077825	2.941957663687428	2.81462797398173	-0.28637116781469185	0.15440039654731638
VUILD102MA_150_15_10	VUILD102MA	VUILD102	fold_4	epithelial_transitional	POOLED	2.8270044348456	2.3277123717052413	2.396761598515813	2.390463708021124	2.541973772625038	2.5469602275470695	2.678449508518397	2.3329032066928628	2.7260307660785035	2.7860224440146975	2.755198754755512	2.9440762264304143	0.4365407268244761	0.13996562873889273
VUILD102MA_150_15_12	VUILD102MA	VUILD102	fold_4	epithelial_transitional	POOLED	2.8160326007137	2.3277116409453127	2.9100643496295877	2.9442862587776215	2.375870538765189	2.4388236973366606	2.797976405766908	2.332549154252798	2.6171517758293783	2.716746312540587	2.5610277248555944	2.6706076478387626	-0.12825365806392153	-0.015139550024453108
VUILD102MA_150_16_10	VUILD102MA	VUILD102	fold_4	epithelial_transitional	POOLED	2.7396067620037	2.327712534838874	2.398321837965062	2.5991360752415047	2.5202590380863072	2.5386117487302235	2.6661300115034057	2.3337098063107704	2.559977971134733	2.819870352599458	2.5680522220540385	2.8611310170555315	0.1404706867621952	0.13511320863949292
VUILD102MA_150_16_9	VUILD102MA	VUILD102	fold_4	epithelial_transitional	POOLED	2.65819298751261	2.327712900218838	2.617509052852718	2.4829954868533	2.452614737715371	2.464181342340845	2.8091000739656633	2.3338868325308026	2.4362149921182863	2.4203941806395775	2.433808686663036	2.416645783177168	0.17519750065930983	0.04444897326140015
VUILD102MA_150_17_9	VUILD102MA	VUILD102	fold_4	epithelial_transitional	POOLED	2.68306404630574	2.327713063352471	2.4758766639608756	2.618751338760358	2.5066495327207727	2.5387705036717163	2.6845424789393277	2.3346934321487103	2.2973248157202253	2.453960175778471	2.245484589682795	2.3654964433951555	0.06431270754538199	0.07227676776675453
VUILD102MA_150_18_10	VUILD102MA	VUILD102	fold_4	epithelial_transitional	POOLED	2.57319095270571	2.327712861106139	2.7768003137912975	2.923734994970517	2.447347263667993	2.5233930398422433	2.6992039809073924	2.3353230055465857	2.2265336657763246	2.7417492686387765	2.124122069423892	2.7046538790722696	-0.35054404226480695	0.03479271677220834
VUILD102MA_150_18_14	VUILD102MA	VUILD102	fold_4	epithelial_transitional	POOLED	2.66741930936444	2.3277113995862813	3.0214611875451136	2.8521348429335527	2.5888436644855792	2.6358092817967003	2.7343107900086023	2.3346149006664563	2.3925836488476264	2.8274507709534475	2.330992654899408	2.8540451966772653	-0.18471553356911263	0.09519569010948947
VUILD102MA_150_18_16	VUILD102MA	VUILD102	fold_4	epithelial_transitional	POOLED	2.57465301240938	2.3277106688263527	3.0358072309208906	3.0095946408768612	2.3443350457208156	2.4177946003205824	2.736285216996112	2.3342608482263913	2.3282931192601235	2.877640386494476	2.236449827787434	2.8598115854341373	-0.4349416284674814	-0.040843689006410416
VUILD102MA_150_18_17	VUILD102MA	VUILD102	fold_4	epithelial_transitional	POOLED	2.38276510692747	2.327710303446388	3.0120946895334915	3.0090981635567666	2.3765942308664947	2.4213550570297335	2.7626006066274513	2.334083822006359	2.443043310563529	2.948867279122409	2.3825474733540486	3.0892023570753215	-0.6263330566292966	-0.053908693523888274
VUILD102MA_150_18_8	VUILD102MA	VUILD102	fold_4	epithelial_transitional	POOLED	3.01375112517644	2.327713591866068	2.226550463919287	2.455334008251984	2.534240758825874	2.5429228171686105	2.5335912035618624	2.33567705798665	2.2837910198321345	2.1893433522197596	2.2783515719242105	2.144594616108094	0.5584171169244558	0.054532684894993626
VUILD102MA_150_19_10	VUILD102MA	VUILD102	fold_4	epithelial_transitional	POOLED	2.40934705278109	2.3277130242397717	3.0657501232126148	2.9882141867211844	2.5623171687213953	2.627457695989102	2.712258260671324	2.3361296051644933	2.5779076787512736	2.648482109970191	2.5213679832778695	2.603332240060344	-0.5788671339400944	0.0872994059024245
VUILD102MA_150_19_16	VUILD102MA	VUILD102	fold_4	epithelial_transitional	POOLED	2.27645950843422	2.327710831959985	3.0041827834704082	2.9933668146482137	2.478297900589329	2.518509649522594	2.7921222107846537	2.335067447844299	2.2109801949270937	2.695219494133466	2.142332407485794	2.6054021100250813	-0.7169073062139937	-0.016417470756326172
VUILD102MA_150_19_17	VUILD102MA	VUILD102	fold_4	epithelial_transitional	POOLED	2.32427217874984	2.3277104665800206	3.055810348805961	3.0835040428437037	2.5805536862451497	2.6776883271817384	2.776774408894995	2.3348904216242667	2.368000725456176	2.8156632012692238	2.258407728808418	2.839272063344187	-0.7592318640938638	0.08536007941623999
VUILD102MA_150_19_7	VUILD102MA	VUILD102	fold_4	epithelial_transitional	POOLED	2.98315246855768	2.3277141203796647	2.380617944855972	2.5789134686071287	2.5454277407658905	2.577749952723091	2.615221451649667	2.33666068382459	2.9715386492165985	2.2854955075231347	2.972016409577355	2.2537534398834764	0.4042389999505511	0.02050935340450805
VUILD102MA_150_19_8	VUILD102MA	VUILD102	fold_4	epithelial_transitional	POOLED	2.6134552413778	2.3277137549997002	2.7527250778024324	2.7172402713783965	2.982160742567439	3.002487491012443	2.6286353318184603	2.336483657604558	2.9378502194147993	2.487947364227062	2.9270868088303623	2.4994487608710165	-0.10378503000059647	0.2978401395830773
VUILD102MA_150_19_9	VUILD102MA	VUILD102	fold_4	epithelial_transitional	POOLED	2.44610178957285	2.327713389619736	2.8072746687526258	2.946692921643519	2.623422409764292	2.675421458049824	2.644127370770032	2.3363066313845255	2.6238428775439333	2.694598688913464	2.5476326887342977	2.697916742016909	-0.5005911320706691	0.09212832282122047
VUILD102MA_150_1_13	VUILD102MA	VUILD102	fold_4	epithelial_transitional	POOLED	2.40995974293877	2.3277089916944926	2.9250946015379347	2.987098754088037	2.452253853329251	2.5236678882855834	2.7509151369391622	2.321079733382059	2.814721772438299	2.991281024688238	2.7509929642393613	2.989224970411909	-0.5771390111492671	-0.029648782966458762
VUILD102MA_150_20_15	VUILD102MA	VUILD102	fold_4	epithelial_transitional	POOLED	3.34304999215003	2.327711360473582	2.5895586990728585	2.6917299225203335	2.5864621879670042	2.598653258128536	2.712803278010183	2.336051073682239	2.460742768692016	2.9025160727506787	2.4445813112738954	2.993272858890676	0.6513200696296964	0.15320249122720023
VUILD102MA_150_20_16	VUILD102MA	VUILD102	fold_4	epithelial_transitional	POOLED	2.27267682054534	2.3277109950936175	2.6190195394675637	2.800150958536511	2.520646971411285	2.547647861813334	2.739601466400008	2.3358740474622066	2.0705943864164666	2.3695020907688513	2.0055313383698037	2.2679681844988253	-0.5274741379911712	0.05566195195542438
VUILD102MA_150_20_17	VUILD102MA	VUILD102	fold_4	epithelial_transitional	POOLED	3.00063331769477	2.3277106297136534	3.047477556597401	2.9670480532745316	2.415259067192284	2.488236716208112	2.7819380232685007	2.3356970212421744	2.348510318895372	1.9892034083521857	2.274777909562922	1.5241339801093852	0.03358526442023857	0.03331751536288848
VUILD102MA_150_20_6	VUILD102MA	VUILD102	fold_4	epithelial_transitional	POOLED	2.71777772718476	2.3277146488932616	2.4376647317489297	2.7110875800915544	2.951759852928291	2.9683285357489693	2.5531911306555646	2.3376443096625303	2.7990595714277564	2.4488734654923014	2.7959935950488055	2.4406346469081113	0.0066901470932054785	0.22660776294566617
VUILD102MA_150_20_7	VUILD102MA	VUILD102	fold_4	epithelial_transitional	POOLED	2.22585748304319	2.327714283513297	2.5290216685039293	2.600184050829065	2.467886265256872	2.4806249739987223	2.6189065946106957	2.3374672834424977	2.7631990144760494	2.2536628383975432	2.7889132411088235	2.2256562618687954	-0.37432656778587514	-0.021008396703053035
VUILD102MA_150_20_9	VUILD102MA	VUILD102	fold_4	epithelial_transitional	POOLED	2.69220495890928	2.3277135527533686	2.8811271764827846	2.822153199975981	2.750508315918619	2.8096191444543352	2.6885193186049143	2.337113231002433	2.6743059269359124	2.796200545706745	2.627425584426637	2.8766225015786433	-0.129948241066701	0.19727782424602017
VUILD102MA_150_21_11	VUILD102MA	VUILD102	fold_4	epithelial_transitional	POOLED	2.07596114908504	2.3277129851270724	2.5953270006795037	2.681912551696192	2.5991109955680622	2.646661310444295	2.6638562114242497	2.337565778180276	2.5689027904623347	2.946153729482144	2.5337754799244046	3.0062071434966438	-0.6059514026111521	0.1853482147315251
VUILD102MA_150_21_7	VUILD102MA	VUILD102	fold_4	epithelial_transitional	POOLED	2.4037985877365	2.32771444664693	2.8652407950532446	2.7834783243648027	2.1541685722875488	2.2126198153388006	2.6244047612858066	2.3382738830604053	2.516247868363564	2.215535255747599	2.4862867273145093	2.1805685359451727	-0.3796797366283027	-0.1524362511816987
VUILD102MA_150_21_8	VUILD102MA	VUILD102	fold_4	epithelial_transitional	POOLED	2.70857776669947	2.3277140812669654	2.43037649637107	2.5135801769299966	2.342127129137138	2.3618849460621316	2.61396750344245	2.338096856840373	2.834925668739933	2.4354200980080303	2.850312272173591	2.492044916967175	0.19499758976947357	-0.02277042886838393
VUILD102MA_150_22_10	VUILD102MA	VUILD102	fold_4	epithelial_transitional	POOLED	2.71853437067742	2.3277135136406693	2.49822083990137	2.64826006313948	2.6124695251405843	2.6627821410575834	2.5168773075923516	2.3385494040182158	2.9641561085464208	3.0304398049732795	2.960197653657394	3.1577826799946997	0.07027430753793995	0.21133394737511538
VUILD102MA_150_22_7	VUILD102MA	VUILD102	fold_4	epithelial_transitional	POOLED	3.20987240275119	2.3277146097805623	2.7298635793556576	2.6872432527875314	2.8851182383876743	2.900234422625807	2.571670549140421	2.339080482678313	3.145568093728881	2.8117208251002697	3.114660801665338	3.0105781422667413	0.5226291499636586	0.2561975359495397
VUILD102MA_150_22_8	VUILD102MA	VUILD102	fold_4	epithelial_transitional	POOLED	2.79397020756115	2.327714244400598	2.2251138695205572	2.433129166747049	2.4971919588125537	2.5075031286811833	2.6124755403588735	2.3389034564582807	2.529137172346536	2.5539034037794948	2.5493215390201414	2.6777591087923955	0.36084104081410073	0.04963415977459315
VUILD102MA_150_24_13	VUILD102MA	VUILD102	fold_4	epithelial_transitional	POOLED	3.34117568502589	2.327712743768041	3.0156214227457783	2.9149321672856425	2.294499049062731	2.3511012400455646	2.738562229242007	2.3396315245939343	2.7750639133991646	2.561727828130179	2.704171919511562	2.4755209220373477	0.4262435177402475	-0.12720300608556906
VUILD102MA_150_24_14	VUILD102MA	VUILD102	fold_4	epithelial_transitional	POOLED	3.30767244183606	2.3277123783880764	2.5361278283059314	2.7481117156705284	2.44964585997831	2.4731186956710793	2.762376973453116	2.3394544983739016	2.735943204425735	2.782976581976446	2.714330358924121	2.797727075044492	0.5595607261655315	0.0166019270609983
VUILD102MA_150_3_12	VUILD102MA	VUILD102	fold_4	epithelial_transitional	POOLED	2.34952926231319	2.3277096833417223	2.7415781200079197	2.7908693014064028	2.359760841890327	2.3937117683304288	2.8053111129585107	2.3228699588379067	2.3251996515604465	2.7498294867991055	2.2977137504999305	2.651900867519163	-0.44134003909321295	-0.03411330897561259
VUILD102MA_150_4_16	VUILD102MA	VUILD102	fold_4	epithelial_transitional	POOLED	2.45712478237921	2.327708384955497	3.123794683986176	3.0182117650950726	2.597313742506392	2.63020743199823	2.7905055699155907	2.322968453575685	2.628150851490958	2.454965785100665	2.6035802580838845	2.4131774132457315	-0.5610869827158624	0.053128674405382575
VUILD102MA_150_4_17	VUILD102MA	VUILD102	fold_4	epithelial_transitional	POOLED	2.19727925185361	2.3277080195755326	2.935279590806097	2.928192189128514	2.407703813475424	2.4398478160441037	2.7572087769668174	2.3227914273556527	2.5831421652680495	2.5512819305224057	2.556295043837479	2.5466757007956056	-0.7309129372749039	-0.05259944520571995
VUILD102MA_150_4_21	VUILD102MA	VUILD102	fold_4	epithelial_transitional	POOLED	2.64951532231666	2.327706558055675	2.492658484226882	2.478690839277327	2.538214114767889	2.5307852121376193	2.707107289657665	2.3220833224755233	2.4642006029697887	2.627378812785961	2.459579641291397	2.6701136413923314	0.17082448303933306	0.013039158259589775
VUILD102MA_150_5_12	VUILD102MA	VUILD102	fold_4	epithelial_transitional	POOLED	2.48775292661002	2.327710009608987	2.2447798621434263	2.5211699816369717	2.23510095224789	2.2389757074111367	2.8014335165107767	2.324483158073722	2.0921774070958077	2.413564434420649	2.086963512099302	2.361280948212129	-0.033417055026951914	-0.10441744088193873
VUILD102MA_150_5_16	VUILD102MA	VUILD102	fold_4	epithelial_transitional	POOLED	2.33295247197524	2.3277085480891295	2.6251860482357348	2.639781077862442	2.318721873365913	2.315975468701423	2.7833967183034494	2.3237750531935926	2.3146750481535023	2.2706835596501596	2.3153754648756766	2.20740269558603	-0.30682860588720207	-0.09122116070396898
VUILD102MA_150_5_19	VUILD102MA	VUILD102	fold_4	epithelial_transitional	POOLED	2.38882930268477	2.3277074519492365	2.3815259381637164	2.399676301723021	2.3172246216417935	2.303103704137359	2.7157716116682518	2.3232439745334954	2.3814001723340548	2.516649528851241	2.4292655744985585	2.5243214302223014	-0.010846999038251148	-0.01797168668812474
VUILD102MA_150_5_20	VUILD102MA	VUILD102	fold_4	epithelial_transitional	POOLED	2.61078432847768	2.327707086569272	2.482053350521453	2.469501193636398	2.3789586248489165	2.390240805269842	2.737016018688657	2.323066948313463	2.3837332386970465	2.7177030850299926	2.376951982873675	2.731991137247616	0.14128313484128174	-0.02229870502693694
VUILD102MA_150_6_12	VUILD102MA	VUILD102	fold_4	epithelial_transitional	POOLED	2.59556504982489	2.32771017274262	2.8959106671659356	2.821744689558299	2.6219542031626717	2.6649159975839867	2.7878976797751203	2.3252897576916296	2.58668151960347	2.4037483641405832	2.5354315600917303	2.3611746190794087	-0.22617963973340904	0.12048991155919853
VUILD102MA_150_6_14	VUILD102MA	VUILD102	fold_4	epithelial_transitional	POOLED	2.48944464123066	2.327709441982691	2.3401718837852865	2.554837138443279	2.71267134536186	2.7127331475646903	2.7800399525516273	2.324935705251565	2.5674413776584215	2.4970689614363883	2.5486985583828368	2.426292325049663	-0.0653924972126192	0.1484328013097011
VUILD102MA_150_7_22	VUILD102MA	VUILD102	fold_4	epithelial_transitional	POOLED	3.3536606674131	2.327706682076608	2.889276937726499	2.851187837034356	2.7171933149894345	2.767507237823775	2.7687626793364357	2.3243260951092135	2.7126051595394998	2.8524751680051352	2.665784698285959	2.9288472578897835	0.502472830378744	0.14363750553290278
VUILD102MA_150_7_23	VUILD102MA	VUILD102	fold_4	epithelial_transitional	POOLED	2.47279625011801	2.3277063166966436	2.6592344742157996	2.671133011926167	2.474614265159137	2.499034876050117	2.685111562972971	2.3241490688891813	2.625405559806751	2.820156537469928	2.600639488303438	2.9640547959227455	-0.19833676180815685	0.007149612963216975
VUILD102MA_150_7_24	VUILD102MA	VUILD102	fold_4	epithelial_transitional	POOLED	2.77913454806926	2.3277059513166796	2.3904556200498255	2.4315914892650574	2.609670575754063	2.599131704595583	2.6988262728014627	2.323972042669149	2.569252255195265	2.882123556367685	2.581401042341699	2.9570549079945705	0.3475430588042028	0.048447869336054335
VUILD102MA_150_9_19	VUILD102MA	VUILD102	fold_4	epithelial_transitional	POOLED	3.38038395784607	2.3277081044837664	2.663467749526417	2.669296717962977	2.7079561201590785	2.7197918371259897	2.714136407726771	2.326470373005126	2.660976665578886	3.017418683519437	2.6373057516731935	3.0883025462856115	0.711087239883093	0.15446385336781274
VUILD105MA2_150_10_11	VUILD105MA2	VUILD105	fold_4	epithelial_transitional	POOLED	2.00500648248332	2.3277104306514267	2.444780228460641	2.5060108341263083	2.4132281955701087	2.429352086595666	2.4425100163017	2.3166837277405343	2.5391030828702106	2.6772067884275543	2.521360937838078	2.7581271430961354	-0.5010043516429885	-0.05552090260338112
VUILD105MA2_150_10_12	VUILD105MA2	VUILD105	fold_4	epithelial_transitional	POOLED	1.85940842745513	2.32770997459258	2.4968792738037595	2.3798144382661195	2.3832626000184365	2.4032882337980324	2.3417658660452343	2.3164056956719477	2.6612478792806313	2.6235372532011523	2.6545146066997605	2.6631239911175593	-0.5204060108109896	-0.02762718993505895
VUILD105MA2_150_12_16	VUILD105MA2	VUILD105	fold_4	epithelial_transitional	POOLED	1.60156004895132	2.3277085304914027	2.6602271719616915	2.6934948903411358	2.3942542553683874	2.421023831192112	1.8405303599522291	2.3169069579387975	2.563731947857192	2.2877221432868566	2.501514243076017	2.293295614564868	-1.0919348413898158	-0.029158727653073535
VUILD105MA2_150_12_17	VUILD105MA2	VUILD105	fold_4	epithelial_transitional	POOLED	1.64279339463427	2.327708074432556	2.5719805757668284	2.6232062750945784	2.7187005165959732	2.7234672835211198	2.0520240191695316	2.316628925870211	2.8269538487634804	2.766579378980323	2.798844927964547	2.755691275107516	-0.9804128804603083	0.35687591768733695
VUILD105MA2_150_13_16	VUILD105MA2	VUILD105	fold_4	epithelial_transitional	POOLED	1.79041840737903	2.3277087205585074	2.4492207840350066	2.774103088531688	2.3972298581143914	2.4316514696562446	2.1437109547749933	2.3177136532093963	2.3631628349370692	2.1804409302199903	2.2988189614807237	2.157494690132496	-0.9836846811526581	0.0032650568663789422
VUILD105MA2_150_14_2	VUILD105MA2	VUILD105	fold_4	epithelial_transitional	POOLED	2.26249764969206	2.3277152954494658	2.5919933123990115	2.6024864898481033	2.787131052618884	2.771965341271274	2.218470082573968	2.3224127974402107	2.6151919301129136	2.627697976930213	2.6329255925825032	2.5895340851005098	-0.33998884015604336	0.2740879496839767
VUILD105MA2_150_15_2	VUILD105MA2	VUILD105	fold_4	epithelial_transitional	POOLED	2.83207083360536	2.3277154855165705	2.9501060873485763	2.787954085861557	2.629025319985136	2.639715979557794	2.1503722933863108	2.3232194927108094	2.5902468598705437	2.578163067796146	2.5755656969651373	2.575380507117745	0.04411674774380314	0.08603536130558855
VUILD105MA2_150_4_7	VUILD105MA2	VUILD105	fold_4	epithelial_transitional	POOLED	2.1393871818191	2.3277111144841847	2.5903529470256217	2.3566269841914376	2.470927756143441	2.474286054945945	2.0991640458244354	2.3129556843912895	2.6883466206042073	2.6848577711197734	2.690733202379982	2.6976426461523593	-0.21723980237233764	0.006984710310664131
VUILD105MA2_150_4_8	VUILD105MA2	VUILD105	fold_4	epithelial_transitional	POOLED	2.323024749067	2.327710658425338	3.0698669223841324	3.0475752191008127	2.730768697812369	2.7915724170073695	2.206675822834592	2.3126776523227024	2.856376330163451	3.0024503448674533	2.7830863959571497	2.937050700822409	-0.7245504700338126	0.15493162726024226
VUILD105MA2_150_5_6	VUILD105MA2	VUILD105	fold_4	epithelial_transitional	POOLED	2.15516056848758	2.327711760610136	2.6105767345351456	2.6530672055531768	2.796887569743468	2.8243512619264095	2.3527196248046254	2.314040411730475	2.888055476933546	2.987039732077181	2.850435678064034	2.9805052881582226	-0.4979066370655967	0.22186975199715583
VUILD105MA2_150_5_8	VUILD105MA2	VUILD105	fold_4	epithelial_transitional	POOLED	3.85312765470297	2.3277108484924427	2.475315624771886	2.7241055175703606	3.26285008564361	3.278786420912684	2.5347111823284534	2.313484347593301	3.2260178465066356	3.238069313450567	3.222113400048199	3.394221392938422	1.1290221371326092	0.5890534592739248
VUILD105MA2_150_6_11	VUILD105MA2	VUILD105	fold_4	epithelial_transitional	POOLED	3.19661006850013	2.3277096703830074	2.6528657180704998	2.739416559412718	2.801822731388775	2.8138082801389017	2.369498014076594	2.3134569466581394	3.0527959914452985	2.9404151420572253	3.046976845933112	2.9819983798619947	0.45719350908741196	0.28029545038259585
VUILD105MA2_150_6_6	VUILD105MA2	VUILD105	fold_4	epithelial_transitional	POOLED	2.63002820929678	2.327711950677241	2.537118522431353	2.56310227567001	2.633080225697804	2.6267801903996633	2.332871019906216	2.3148471070010737	2.624526759548653	2.9539890507959963	2.623292786478541	3.0163282368282744	0.06692593362677002	0.052175581377634964
VUILD105MA2_150_6_8	VUILD105MA2	VUILD105	fold_4	epithelial_transitional	POOLED	3.18047416821519	2.3277110385595474	2.7185524395221927	2.7091565863895943	3.564557233661504	3.5512227870843565	2.4818427321481624	2.3142910428639	3.2725548148291983	3.2638181692888804	3.293569632481974	3.4252215766992427	0.4713175818255957	0.7372128603451379
VUILD105MA2_150_7_10	VUILD105MA2	VUILD105	fold_4	epithelial_transitional	POOLED	2.61360153129531	2.327710316508959	2.830027434147299	2.836608642520523	2.9220960902362196	2.939791101370369	2.280129945365703	2.3145416739973252	3.1210729119889455	2.7218494768541137	3.119881488776164	2.7527213856983526	-0.223007111225213	0.2671591112429525
VUILD105MA2_150_7_11	VUILD105MA2	VUILD105	fold_4	epithelial_transitional	POOLED	2.56820563282436	2.3277098604501125	2.634839271985152	2.6785432879385183	2.8797646866600326	2.874194960891557	2.355253312801014	2.314263641928738	2.901423352880749	2.837219909841303	2.9033884575155753	2.888167866732386	-0.11033765511415838	0.32244723339285986
VUILD105MA2_150_7_8	VUILD105MA2	VUILD105	fold_4	epithelial_transitional	POOLED	3.07706970260621	2.327711228626652	2.8970404481772345	2.8259441526149853	3.1434226537959487	3.141327765071852	2.427758414625931	2.3150977381344986	2.9452297860365695	3.1362696345479644	2.934619880961629	3.1845096406907882	0.2511255499912246	0.40781077793230663
VUILD105MA2_150_8_10	VUILD105MA2	VUILD105	fold_4	epithelial_transitional	POOLED	2.07985790333868	2.327710506576064	2.8284979992916988	2.8625923985608424	2.0145437638679606	2.0792841814878913	2.081178965332588	2.3153483692679235	2.3850217270391436	2.527554354396318	2.3101078189741493	2.5053250851004862	-0.7827344952221624	-0.33279314737609683
VUILD105MA2_150_8_11	VUILD105MA2	VUILD105	fold_4	epithelial_transitional	POOLED	2.26455993933762	2.3277100505172172	2.7961313775952363	2.870613579591993	2.3859728151253705	2.4030796633257046	2.464962194540097	2.315070337199337	2.7397987779975517	2.7897509952819126	2.7189392068331393	2.882713379255203	-0.6060536402543732	-0.19791876532284272
VUILD105MA2_150_8_12	VUILD105MA2	VUILD105	fold_4	epithelial_transitional	POOLED	2.36837767637379	2.3277095944583706	2.772785468441907	2.749181010258944	2.533889724083414	2.5745068227207217	2.1111655248102688	2.31479230513075	2.790131841690994	2.783585174560351	2.734042508907703	2.9081706611860842	-0.38080333388515397	0.1365774749736443
VUILD105MA2_150_8_13	VUILD105MA2	VUILD105	fold_4	epithelial_transitional	POOLED	2.91292298364846	2.327709138399524	2.699577561696514	2.7045380295425265	2.69337655271753	2.7132983668098967	2.2698353376408393	2.314514273062163	2.7524761897911247	2.7600108031037465	2.7574654825330223	2.8638956161167313	0.2083849541059335	0.2210629085840329
VUILD105MA2_150_8_4	VUILD105MA2	VUILD105	fold_4	epithelial_transitional	POOLED	2.74131647020578	2.3277132429291436	2.73072906108536	2.6944223981583844	2.5652498533101484	2.5885046728600165	2.2880566274355574	2.317016561679445	2.940910200804957	2.8164353942401936	2.9127176632561205	2.8255448781026713	0.046894072047395596	0.09793030645427657
VUILD105MA2_150_8_6	VUILD105MA2	VUILD105	fold_4	epithelial_transitional	POOLED	2.51714310032107	2.3277123308114507	2.635907062971707	2.6382950254662627	3.1320949016567683	3.1437445701624913	2.4812035698992823	2.316460497542271	3.1887096484932487	2.94299557678524	3.1755887505205904	2.9869011766033324	-0.12115192514519268	0.5448123165789681
VUILD105MA2_150_8_7	VUILD105MA2	VUILD105	fold_4	epithelial_transitional	POOLED	2.68940410429093	2.327711874752604	2.8356112279169223	2.8203504757259883	3.0515419931460754	3.093480090904181	2.3685260932978194	2.3161824654736844	3.0844385013507205	2.9231193040135457	3.031469948920676	2.9548212408458085	-0.1309463714350585	0.44748895234102865
VUILD105MA2_150_8_8	VUILD105MA2	VUILD105	fold_4	epithelial_transitional	POOLED	2.939099187865	2.3277114186937573	2.6244248560907426	2.657703751250244	3.015998799570548	3.02599335219385	2.408427647996378	2.3159044334050973	2.7476147838582654	2.822220929301412	2.729383395774576	2.8480872030068576	0.2813954366147562	0.41456660127020173
VUILD105MA2_150_9_10	VUILD105MA2	VUILD105	fold_4	epithelial_transitional	POOLED	2.67088480036393	2.3277106966431687	2.785254144279657	2.7893520559414533	2.694174572515574	2.7373249549968004	2.1690245569886017	2.3161550645385223	2.7212651201455413	2.7702776806619966	2.6736572053726615	2.78541925301724	-0.11846725557752347	0.16382999435355472
VUILD105MA2_150_9_5	VUILD105MA2	VUILD105	fold_4	epithelial_transitional	POOLED	3.66492079433211	2.327712976937402	2.53278410336227	2.531986687989922	2.429635571195456	2.413744709995969	2.17353715831405	2.3175452248814565	2.5921523508377815	2.854115947443474	2.591376348917856	2.9254616753686924	1.1329341063421876	0.026374448999095683
VUILD105MA2_150_9_9	VUILD105MA2	VUILD105	fold_4	epithelial_transitional	POOLED	2.6298152419587	2.3277111527020153	2.792388338223765	2.6874011717511337	2.5278270369366265	2.556333728506397	2.2361321581688554	2.3164330966071094	2.5635499393679653	2.6004914354347872	2.513851622374359	2.5257821309701853	-0.05758592979243371	0.006138429172865139
VUILD115MA_150_10_31	VUILD115MA	VUILD115	fold_4	epithelial_transitional	POOLED	1.79175817208835	2.3277078010300722	2.6360027798371775	2.688704755828836	2.30359640400157	2.337618081996572	2.3436389051008613	2.356565300871152	2.5275764606777207	2.7293361893382677	2.4870984921044035	2.7158250587044015	-0.896946583740486	-0.0010252520722118805
VUILD115MA_150_10_32	VUILD115MA	VUILD115	fold_4	epithelial_transitional	POOLED	2.19072745361274	2.3277075720415272	2.6578209258101118	2.6786345842951738	2.7792719435717537	2.806944516131685	2.2812277974852084	2.356540199010134	2.6420398376726064	3.0504339782808456	2.587589171903407	3.1192558383775566	-0.48790713068243363	0.3916796865664226
VUILD115MA_150_10_35	VUILD115MA	VUILD115	fold_4	epithelial_transitional	POOLED	2.23884752402244	2.3277068850758926	2.605743106933795	2.7625335680109497	2.7788953598249075	2.8221853335915745	2.391595799139989	2.3564648934270807	2.9398011072262724	2.9156624711127845	2.893094907469868	2.8253559890481723	-0.5236860439885098	0.2449441350053775
VUILD115MA_150_10_36	VUILD115MA	VUILD115	fold_4	epithelial_transitional	POOLED	1.64761746048419	2.3277066560873476	2.903159972910015	2.9278974251249394	2.6075143847315307	2.6908106724457914	2.339796122129117	2.356439791566063	2.7220000656642944	2.9861262801221606	2.638462445421504	2.9898923774063895	-1.2802799646407494	0.20608959851651104
VUILD115MA_150_10_39	VUILD115MA	VUILD115	fold_4	epithelial_transitional	POOLED	1.92408455853336	2.327705969121713	2.791223589515984	2.707462914012092	2.770111685666382	2.80728937546995	2.355104607429843	2.3563644859830095	2.8939670761737912	3.0270429461357304	2.848165697598118	3.0469814968215423	-0.7833783554787319	0.20767013321777306
VUILD115MA_150_10_40	VUILD115MA	VUILD115	fold_4	epithelial_transitional	POOLED	1.93410203148177	2.3277057401331684	2.7477444558432227	2.711546693318985	2.5172348409192913	2.551972160336411	2.199584421508257	2.3563393841219917	2.516862833604138	2.775216832401499	2.4674275545523088	2.7859230216853486	-0.7774446618372151	0.08106911942536466
VUILD115MA_150_10_41	VUILD115MA	VUILD115	fold_4	epithelial_transitional	POOLED	1.88485594573225	2.3277055111446234	2.4157038350690776	2.5418238636947037	2.601238190557969	2.6016996091470923	2.143242112641277	2.356314282260974	2.6499948141220533	2.673754217862996	2.646376810360755	2.6824449111900193	-0.6569679179624537	0.22967081779069112
VUILD115MA_150_11_30	VUILD115MA	VUILD115	fold_4	epithelial_transitional	POOLED	2.39155653904348	2.327708157118205	2.6752260962064573	2.70383489971697	2.696592851076855	2.719981918160946	2.070735692123198	2.357396874377222	2.9520186633480705	3.011375240439407	2.9363534419356374	3.073951730537785	-0.3122783606734898	0.2290392446930454
VUILD115MA_150_11_33	VUILD115MA	VUILD115	fold_4	epithelial_transitional	POOLED	1.59854000472927	2.3277074701525704	2.6408934813958016	2.6846339418543517	2.572559633817814	2.5783029356877902	2.4092124545401585	2.3573215687941684	2.593839605528749	2.8264832872370604	2.576532399908746	2.9641781358330768	-1.0860939371250817	0.12173767406515223
VUILD115MA_150_11_36	VUILD115MA	VUILD115	fold_4	epithelial_transitional	POOLED	1.24762098062365	2.327706783186936	2.8477146648497174	2.9241751229935335	2.797042233516472	2.857423257487776	2.475725434132081	2.357246263211115	2.9022923386903354	3.2189918038756957	2.8421981195906696	3.259983537853588	-1.6765541423698835	0.3237142182055837
VUILD115MA_150_11_41	VUILD115MA	VUILD115	fold_4	epithelial_transitional	POOLED	1.71499659721244	2.327705638244211	2.6800501627066904	2.6130784667755442	2.7146988034089388	2.718831499922734	1.8812365253987293	2.3571207539060266	2.7814855414071795	2.954166733765909	2.7724963268028806	2.9578720011634445	-0.8980818695631043	0.20394797980378965
VUILD115MA_150_12_26	VUILD115MA	VUILD115	fold_4	epithelial_transitional	POOLED	2.15522810043013	2.3277092001719724	2.8836340544451193	2.7975493260367097	2.972055032106394	3.015246976363967	2.510939048898046	2.358303753466345	2.7803262713992396	3.0444605997892062	2.745448385960581	3.191659606094764	-0.6423212256065796	0.2362802851260187
VUILD115MA_150_12_27	VUILD115MA	VUILD115	fold_4	epithelial_transitional	POOLED	2.45610278352839	2.327708971183428	3.105536555978813	2.9785755408541994	3.253762301130126	3.315707414899683	2.433886168617347	2.3582786516053273	3.2986931185785155	3.3744717144463294	3.2247211538561396	3.532639997230647	-0.5224727573258092	0.45192467556767657
VUILD115MA_150_12_30	VUILD115MA	VUILD115	fold_4	epithelial_transitional	POOLED	2.88509426350855	2.3277082842177927	2.4767958454426435	2.6507964554072427	2.339217427300356	2.376607378671275	2.502386355984717	2.358203346022274	2.6146086289217205	2.653360510957463	2.6023009218190967	2.6279875890694724	0.2342978081013074	-0.015091195532156893
VUILD115MA_150_12_31	VUILD115MA	VUILD115	fold_4	epithelial_transitional	POOLED	1.44083719984605	2.327708055229248	2.979807310213246	2.885141555377052	2.225052436393667	2.3073605047143007	2.273117906360609	2.358178244161256	2.5692452290669134	2.5439457084164947	2.4869116193413454	2.3857768839189606	-1.4443043555310018	0.01848060760844517
VUILD115MA_150_12_36	VUILD115MA	VUILD115	fold_4	epithelial_transitional	POOLED	1.60053679630734	2.3277069102865235	2.972220527568739	2.913000654410542	2.7461594044960633	2.8045547400936943	2.3644807855320087	2.3580527348561677	3.1189721702024156	3.1570920356550216	3.0588455873561378	3.3095519753229565	-1.312463858103202	0.2729806069957864
VUILD115MA_150_12_40	VUILD115MA	VUILD115	fold_4	epithelial_transitional	POOLED	1.24270291058714	2.327705994332344	2.4374555830741533	2.3101463780560043	2.160785865341287	2.124382034724315	2.3882450936143593	2.3579523274120966	2.1402759729862715	2.4059634746485083	2.1844238339119335	2.4610883742340794	-1.0674434674688642	-0.1803339746515072
VUILD115MA_150_12_41	VUILD115MA	VUILD115	fold_4	epithelial_transitional	POOLED	1.29722629931135	2.327705765343799	2.4960461904677658	2.5233805666989033	2.485628337829035	2.4839581571766605	2.222181197475512	2.357927225551079	2.6085398243404034	2.653254935629858	2.6250082477042977	2.581087107498178	-1.2261542673875534	0.05461532632619903
VUILD115MA_150_13_17	VUILD115MA	VUILD115	fold_4	epithelial_transitional	POOLED	3.47542830346655	2.3277113881684643	3.1086486658772734	2.9723093435472228	3.2364688095652125	3.2939388709524984	2.4387650410999897	2.3593361418605574	2.9930229279810114	3.137946128461834	2.915484726151465	3.1778036297111583	0.5031189599193273	0.4300291430354297
VUILD115MA_150_13_18	VUILD115MA	VUILD115	fold_4	epithelial_transitional	POOLED	3.33991280113053	2.3277111591799193	2.9663642380232216	2.993188809268656	2.706318278034397	2.806601724849699	2.321377166768211	2.3593110399995396	2.885987252364781	2.95814588486076	2.7609316352281335	2.906346753068365	0.34672399186187386	0.1913333080316841
VUILD115MA_150_13_25	VUILD115MA	VUILD115	fold_4	epithelial_transitional	POOLED	1.8936374391585	2.327709556260105	2.5656129841752695	2.611585040129071	2.7062239513674857	2.714278746074937	2.3328123597537602	2.359135326972415	2.5739434979717335	2.814134001759279	2.5479644690935217	2.85913265133548	-0.717947600970571	0.15909841859999013
VUILD115MA_150_13_26	VUILD115MA	VUILD115	fold_4	epithelial_transitional	POOLED	2.04765940392063	2.3277093272715605	2.3622154494456464	2.5309858861523695	2.538942518737174	2.559956927197	2.3489237412602075	2.3591102251113973	2.538865758822322	2.5034509966287923	2.5149328939539797	2.4632368355295426	-0.48332648223173935	0.02614838958422604
VUILD115MA_150_14_12	VUILD115MA	VUILD115	fold_4	epithelial_transitional	POOLED	2.03978539952279	2.3277126602107767	2.7056624203645723	2.7220259805025306	2.8099230913366804	2.8419464784035333	2.1765033324808516	2.360268122810698	2.762794128311275	2.9145391201745956	2.694034677333807	2.846581757564399	-0.6822405809797405	0.3458093902252375
VUILD115MA_150_14_18	VUILD115MA	VUILD115	fold_4	epithelial_transitional	POOLED	2.84136139120863	2.3277112862795075	2.838572636365746	2.8177699817301285	3.3491865619005967	3.37227232131518	2.5774300603755997	2.360117511644592	3.083333487661461	3.1910146562433743	3.054313031773127	3.3179955679392625	0.02359140947850147	0.6708679696088115
VUILD115MA_150_14_22	VUILD115MA	VUILD115	fold_4	epithelial_transitional	POOLED	2.87259041365949	2.327710370325328	3.0899568172861334	3.146905605600243	2.6932979978075355	2.784647527476235	2.5035933388178884	2.3600171042005207	2.7335691580811305	2.7228278513486766	2.6035011309537976	2.629215235122814	-0.27431519194075316	0.06277214267157312
VUILD115MA_150_14_26	VUILD115MA	VUILD115	fold_4	epithelial_transitional	POOLED	2.26415101370963	2.3277094543711483	2.715051368646592	2.6781364165656285	2.4509083436635515	2.480007133173532	2.2728772500423435	2.3599166967564496	2.5812865908276104	2.8055964070158486	2.532705185662745	2.803892170715959	-0.4139854028559986	-0.01594820649324663
VUILD115MA_150_14_27	VUILD115MA	VUILD115	fold_4	epithelial_transitional	POOLED	2.34376086350409	2.3277092253826033	2.510587126320799	2.6159091252311937	2.57449309479829	2.611506262825934	2.3308734964939584	2.3598915948954318	2.480788665045359	2.5957406556363	2.434312425527508	2.5973805283101288	-0.2721482617271036	0.03705741594443272
VUILD115MA_150_14_33	VUILD115MA	VUILD115	fold_4	epithelial_transitional	POOLED	2.7113000929362	2.327707851451334	2.467206198347585	2.476256348590168	2.907428172238549	2.9045645343451576	2.332568842212702	2.3597409837293255	2.9764898367642316	3.1000409486856917	2.9800269023340964	3.1879550619853685	0.23504374434603204	0.37061733716997525
VUILD115MA_150_14_35	VUILD115MA	VUILD115	fold_4	epithelial_transitional	POOLED	2.38286538029313	2.327707393474244	2.691363825823701	2.6933029844878793	2.691344230458125	2.7380214664521167	2.241622848174083	2.35969078000729	2.7016127473904863	2.9046785945223728	2.6599788764786587	2.914392734074596	-0.3104376041947492	0.2340598467416077
VUILD115MA_150_14_36	VUILD115MA	VUILD115	fold_4	epithelial_transitional	POOLED	1.91640394464272	2.3277071644856995	2.787145586813666	2.699099298986475	2.3342296173241244	2.389844599138263	2.3472739757526915	2.359665678146272	2.723573935670361	2.661082663242423	2.6675069423873508	2.68832556631583	-0.7826953543437551	-0.010043993416288505
VUILD115MA_150_14_39	VUILD115MA	VUILD115	fold_4	epithelial_transitional	POOLED	2.49496805300312	2.327706477520065	2.4570673110822434	2.5769300327101785	2.7193766629003995	2.7566681847818497	2.183067188698378	2.359590372563219	2.689742859583948	2.773999696864976	2.666415832999419	2.9573429947675702	-0.08196197970705832	0.18374219016075813
VUILD115MA_150_15_16	VUILD115MA	VUILD115	fold_4	epithelial_transitional	POOLED	2.65312006762162	2.327711871356185	2.7278345591524404	2.7108589926321405	2.776312387216505	2.818550697874862	2.292759222623333	2.3609741870116796	2.713865093681541	2.8937655763557064	2.6697854719291403	3.0301963670337866	-0.05773892501052069	0.23320714704715176
VUILD115MA_150_15_22	VUILD115MA	VUILD115	fold_4	epithelial_transitional	POOLED	3.3188270844369	2.3277104974249156	3.1129583703734416	3.1192063668970302	2.9071917910222544	2.974148910598117	2.6333569549714557	2.360823575845573	2.8394081405661735	2.9248404151316	2.736141021995425	2.9950827947445897	0.19962071753986965	0.18309009977503363
VUILD115MA_150_15_26	VUILD115MA	VUILD115	fold_4	epithelial_transitional	POOLED	2.43412069696193	2.327709581470736	2.6883594100945274	2.7323028764988586	3.046859675400103	3.0445202944920853	2.401847756430322	2.360723168401502	3.1138247131706756	3.1885529814018065	3.0936402230329967	3.287413236905464	-0.2981821795369286	0.35132593706186455
VUILD115MA_150_15_27	VUILD115MA	VUILD115	fold_4	epithelial_transitional	POOLED	2.65683165763835	2.327709352482191	2.540330843862232	2.5118342440114567	2.666333390897166	2.6526019249971258	2.438858414880192	2.3606980665404844	2.6968823533073056	2.8447237698618744	2.7032787512589405	2.87889465980833	0.14499741362689322	0.11099128499602301
VUILD115MA_150_15_30	VUILD115MA	VUILD115	fold_4	epithelial_transitional	POOLED	2.44638501503584	2.3277086655165564	2.717812781602778	2.6899807082747658	2.3299970655009328	2.3695896181902008	2.285537067344027	2.360622760957431	2.477924152002943	2.5028340714782713	2.42096120008401	2.421141676218598	-0.24359569323892583	-0.04414364549155235
VUILD115MA_150_15_31	VUILD115MA	VUILD115	fold_4	epithelial_transitional	POOLED	2.20361348004809	2.327708436528012	2.6780098583722927	2.6836674169022494	2.336092572993783	2.392013635157544	2.3220746309802704	2.3605976590964133	2.416275113328341	2.4001067745851192	2.3479720582376884	2.3211565599259965	-0.4800539368541594	0.03727678533023938
VUILD115MA_150_15_32	VUILD115MA	VUILD115	fold_4	epithelial_transitional	POOLED	2.02343490655281	2.327708207539467	2.471090602150322	2.4521787552159604	2.766443586223178	2.778367194626435	2.336412551981715	2.3605725572353955	2.7359500194267152	2.8354575467134917	2.7288779370479608	2.8547418338218202	-0.4287438486631503	0.2703419300887625
VUILD115MA_150_15_35	VUILD115MA	VUILD115	fold_4	epithelial_transitional	POOLED	1.68021164209308	2.3277075205738322	2.614504727416335	2.686038657342772	2.50410043526028	2.5585925580859166	2.1039317970741367	2.360497251652342	2.663774391009746	2.795037998761777	2.613918007122689	2.727181078685622	-1.0058270152496922	0.11291409110610111
VUILD115MA_150_15_36	VUILD115MA	VUILD115	fold_4	epithelial_transitional	POOLED	1.74258881998512	2.327707291585287	2.8219687736086208	2.7432193104864826	3.0327564730616863	3.0918433937005947	2.1392561059405817	2.3604721497913244	3.011721515550626	2.9428412844060956	2.9581145302917724	3.007864969020263	-1.0006304905013625	0.5615977613583356
VUILD115MA_150_15_37	VUILD115MA	VUILD115	fold_4	epithelial_transitional	POOLED	1.75562700241516	2.327707062596742	2.8087397151715603	2.7973406180846654	2.547544602704496	2.597787376778805	2.0371852605401877	2.3604470479303066	2.946525602783456	2.766416779276981	2.88739750692565	2.6782328485082227	-1.0417136156695055	0.14984302340336303
VUILD115MA_150_15_38	VUILD115MA	VUILD115	fold_4	epithelial_transitional	POOLED	1.96055167538302	2.3277068336081976	2.7546508143516184	2.766066830789107	2.6384159661037496	2.7032235433724137	2.294211695855691	2.360421946069289	2.7995636447133156	2.683429972003814	2.7319412739494418	2.5820418118981685	-0.8055151554060871	0.24501414623922357
VUILD115MA_150_15_39	VUILD115MA	VUILD115	fold_4	epithelial_transitional	POOLED	1.7755070214638	2.3277066046196526	2.6618655606475086	2.6238038233892427	2.8157167462978694	2.856007859003851	2.293319581861016	2.360396844208271	2.7849386694702036	2.765169619698515	2.738726601933462	2.7385799752347264	-0.8482968019254427	0.22033348423707758
VUILD115MA_150_15_40	VUILD115MA	VUILD115	fold_4	epithelial_transitional	POOLED	2.09729145902284	2.3277063756311076	2.7814789801342967	2.777105626285733	2.724665769082461	2.7590340384956202	2.457781675435003	2.3603717423472537	2.8331540428632005	2.9443065621541806	2.7975169520307404	2.9511743546829354	-0.6798141672628932	0.1461515423479576
VUILD115MA_150_15_41	VUILD115MA	VUILD115	fold_4	epithelial_transitional	POOLED	2.21477265406559	2.3277061466425626	2.8637816772494182	2.7563937439411292	3.16741552329499	3.199749941474355	2.4821206198725596	2.360346640486236	3.0355879540456217	3.25281714250087	3.0107705828854545	3.37778444627463	-0.5416210898755391	0.46164293930607864
VUILD115MA_150_16_11	VUILD115MA	VUILD115	fold_4	epithelial_transitional	POOLED	2.3451964579475	2.327713143398497	2.7968786347771144	2.6720384173172493	2.8228924725186673	2.8450036766952125	2.2109410648592864	2.3619061679618207	2.558787103242582	2.883176759592393	2.5269882741140637	2.9351113533295328	-0.32684195936974936	0.37973291802144843
VUILD115MA_150_16_12	VUILD115MA	VUILD115	fold_4	epithelial_transitional	POOLED	3.04935225016219	2.3277129144099526	2.468343417082217	2.493331696724321	2.989493739624084	2.952676689285533	2.4039346544570273	2.361881066100803	2.787362406893786	2.9418473706002057	2.810581282817192	3.0405480093075616	0.556020553437869	0.3776373009665249
VUILD115MA_150_16_13	VUILD115MA	VUILD115	fold_4	epithelial_transitional	POOLED	2.47911621377388	2.3277126854214076	2.817562477427627	2.685139195808361	2.8518944176015544	2.880020008776741	2.370762947833526	2.361855964239785	2.722078393666577	2.9701763576748936	2.6779116997435843	3.036864705650247	-0.20602298203448122	0.24569770206593697
VUILD115MA_150_16_22	VUILD115MA	VUILD115	fold_4	epithelial_transitional	POOLED	3.11974612611769	2.3277106245245034	2.9006925414430977	2.8839985497306495	2.6773298304062276	2.7692446338376273	2.551456868501071	2.3616300474906256	2.7193540974695494	3.024739851136517	2.6166558407272698	3.0315458381017795	0.2357475763870407	0.1786817445745208
VUILD115MA_150_16_28	VUILD115MA	VUILD115	fold_4	epithelial_transitional	POOLED	1.90249837800781	2.327709250593234	2.5888200117073517	2.5963755656409697	2.570168670438164	2.612517178010299	2.327074287257792	2.361479436324519	2.6562097008296233	2.730608762201088	2.648582157999466	2.671228158263307	-0.6938771876331598	0.12263749300008693
VUILD115MA_150_16_29	VUILD115MA	VUILD115	fold_4	epithelial_transitional	POOLED	1.26090783863372	2.327709021604689	2.5062248718892652	2.605043193408643	2.4506357582960905	2.4929931329004416	2.0532824655949447	2.361454334463501	2.6642853677845015	2.4855113937759237	2.6308359779484705	2.447653032672126	-1.344135354774923	-0.023860418103868734
VUILD115MA_150_16_30	VUILD115MA	VUILD115	fold_4	epithelial_transitional	POOLED	1.90452056421376	2.3277087926161446	2.574205974596314	2.655887753484401	2.5479722599377546	2.595050514885563	2.2283706893931416	2.3614292326024833	2.6370869820434715	2.621956470416697	2.5884898608113875	2.5784771197590084	-0.7513671892706411	0.14839498729744818
VUILD115MA_150_16_31	VUILD115MA	VUILD115	fold_4	epithelial_transitional	POOLED	1.93549982215227	2.3277085636275996	2.713961564121405	2.6076848067651195	2.4455789978285174	2.4773197846218333	2.2162554829163943	2.3614041307414655	2.7732179543145445	2.673467577929231	2.751520337703675	2.616216999932493	-0.6721849846128496	0.02277776094691971
VUILD115MA_150_16_35	VUILD115MA	VUILD115	fold_4	epithelial_transitional	POOLED	1.52772455667719	2.32770764767342	2.684366228132684	2.6299171439571296	2.8655493649587767	2.8806709308118412	2.2683666040414763	2.3613037232973944	2.728838976129426	2.79768188896566	2.7043096170240313	2.7171501424471995	-1.1021925872799396	0.3630468949892864
VUILD115MA_150_16_36	VUILD115MA	VUILD115	fold_4	epithelial_transitional	POOLED	1.84888715038654	2.327707418684875	2.3137373143360342	2.6100294291604915	2.551991199413095	2.613859939289262	2.294777814461471	2.3612786214363766	2.5753006628785076	2.648814203042402	2.5086574210322623	2.605585093706548	-0.7611422787739515	0.2747546767016275
VUILD115MA_150_16_37	VUILD115MA	VUILD115	fold_4	epithelial_transitional	POOLED	1.71956237757799	2.3277071896963304	2.824561373635738	2.68954122687193	2.663521929429533	2.6982618939038048	2.3217232574865423	2.3612535195753592	2.8470922039021076	2.840576292787747	2.810976341073533	2.8459619950724777	-0.9699788492939398	0.23209609791192273
VUILD115MA_150_16_39	VUILD115MA	VUILD115	fold_4	epithelial_transitional	POOLED	2.18585093950381	2.3277067317192404	2.414084600224289	2.4745314837933705	2.6823903963112476	2.7066663289464037	2.2591038721482843	2.3612033158533237	2.595084453528595	2.716555212751247	2.5659273643869644	2.7222087533910133	-0.28868054428956036	0.2703099012889357
VUILD115MA_150_16_40	VUILD115MA	VUILD115	fold_4	epithelial_transitional	POOLED	1.57807506197747	2.3277065027306953	2.4477296269250908	2.5533346201287297	2.6669626976479948	2.710938340367773	2.3032277532047196	2.361178213992306	2.6114806661787724	2.687702404034235	2.558901377209342	2.615267618937774	-0.9752595581512598	0.28316131792641186
VUILD115MA_150_17_16	VUILD115MA	VUILD115	fold_4	epithelial_transitional	POOLED	2.80184183851794	2.327712125555361	2.909291598931393	2.9388909269753154	2.534354197745278	2.6091085704866384	2.351387867958277	2.362587130301784	2.6004971510414725	2.8118108760554215	2.504171785191725	2.7993461642959083	-0.1370490884573754	0.045336694821545384
VUILD115MA_150_17_32	VUILD115MA	VUILD115	fold_4	epithelial_transitional	POOLED	3.04073254110611	2.3277084617386423	3.0493850505282847	2.903190454937215	3.32598524492541	3.4007275773305556	2.1777801340768317	2.3621855005255	3.3922889166380292	3.366823914567756	3.3290841610333697	3.4347258916549235	0.13754208616889496	0.6430633308512397
VUILD115MA_150_17_35	VUILD115MA	VUILD115	fold_4	epithelial_transitional	POOLED	1.77618063373173	2.3277077747730077	2.7259678739645428	2.744395672314476	2.603636559461124	2.63027240891295	2.2538530557676575	2.362110194942447	2.4810374508160513	2.768682911639407	2.4377376207212462	2.875403434389895	-0.9682150385827459	0.11334709794541128
VUILD115MA_150_17_36	VUILD115MA	VUILD115	fold_4	epithelial_transitional	POOLED	1.62232553472746	2.327707545784463	2.717588109267581	2.633415951746365	2.638582734100414	2.6612110994860085	2.233533515035672	2.362085093081429	2.672566774983537	2.7204261439190214	2.6298985267379704	2.67529481489633	-1.011090417018905	0.2570147512653498
VUILD115MA_150_17_37	VUILD115MA	VUILD115	fold_4	epithelial_transitional	POOLED	1.69056706518504	2.327707316795918	2.561759896263862	2.575721819753325	2.317544464329515	2.36614708403362	2.180419517801311	2.3620599912204114	2.2584688413206204	2.365161201189826	2.1707885223351386	2.3274059576757455	-0.885154754568285	0.1257728743625762
VUILD115MA_150_17_39	VUILD115MA	VUILD115	fold_4	epithelial_transitional	POOLED	1.8288758062933	2.327706858818828	2.5998278053863664	2.5261321926830087	2.646131350321461	2.666721571286425	2.3153497022817366	2.362009787498376	2.6114408173978525	2.614151337034366	2.572520074995167	2.5698169533930204	-0.6972563863897088	0.23837402245601183
VUILD115MA_150_17_40	VUILD115MA	VUILD115	fold_4	epithelial_transitional	POOLED	1.74228995816343	2.3277066298302835	2.342364699058531	2.4428005758774702	2.3562359921245855	2.3947230098367074	2.1578649141500654	2.361984685637358	2.531713093358663	2.338525897030366	2.485776862441671	2.1892054556073446	-0.7005106177140403	0.01828937248309479
VUILD115MA_150_17_41	VUILD115MA	VUILD115	fold_4	epithelial_transitional	POOLED	2.21716815632057	2.3277064008417385	2.6993072216820795	2.6484644043434122	2.710480612961149	2.7439808088799365	2.4111436225462843	2.3619595837763403	2.713782776902468	2.734826648303745	2.680400113815388	2.747595347239851	-0.4312962480228424	0.17557181861853202
VUILD115MA_150_17_42	VUILD115MA	VUILD115	fold_4	epithelial_transitional	POOLED	2.11959828519116	2.3277061718531935	2.6295133226124285	2.676215582566364	3.0412769689013643	3.0711698989741327	2.479346976460879	2.3619344819153225	3.2099729519399407	3.2449923322483016	3.211202311011805	3.2766410423675163	-0.5566172973752042	0.39523352265248113
VUILD115MA_150_18_18	VUILD115MA	VUILD115	fold_4	epithelial_transitional	POOLED	3.18852868821471	2.327711794677859	3.0897677611962564	3.1661462998214565	2.948126228373459	3.03677957395015	2.540190464476582	2.363343398224801	2.8878317181275843	3.2792011588910412	2.7657705669173227	3.244869831456388	0.02238238839325346	0.35857321074534587
VUILD115MA_150_18_25	VUILD115MA	VUILD115	fold_4	epithelial_transitional	POOLED	4.05817939674183	2.3277101917580447	3.4255247081609532	3.133876930497517	3.27358528100531	3.364729870244197	2.464686435086847	2.3631676851976766	3.3107470468675837	3.319770067032048	3.2026039281382794	3.370006197483458	0.9243024662443124	0.5197711253649508
VUILD115MA_150_18_35	VUILD115MA	VUILD115	fold_4	epithelial_transitional	POOLED	2.3686565526939	2.327707901872596	2.5826701834094585	2.5674953728540943	2.645325527227198	2.640269325865086	2.3644780857665335	2.362916666587499	2.5636906490491493	2.643656294770829	2.5470187167365217	2.6266367539473072	-0.19883882016019427	0.12869905225332265
VUILD115MA_150_18_36	VUILD115MA	VUILD115	fold_4	epithelial_transitional	POOLED	1.61716732985099	2.327707672884051	2.7056154509043013	2.650075858515365	2.7886418934054045	2.8112272517859713	2.27070517991034	2.3628915647264814	2.753262645949645	2.980362270137901	2.7257697708696242	2.9312935085922405	-1.032908528664375	0.332595736788008
VUILD115MA_150_18_37	VUILD115MA	VUILD115	fold_4	epithelial_transitional	POOLED	2.18535039072535	2.327707443895506	2.1893632256071793	2.355645901401327	2.3724101826284176	2.380823391513828	2.237709856430629	2.3628664628654636	2.3616417581613303	2.40506253576826	2.325348124110602	2.370266355242855	-0.17029551067597692	0.11324536345034368
VUILD115MA_150_18_38	VUILD115MA	VUILD115	fold_4	epithelial_transitional	POOLED	1.74388715169795	2.327707214906961	2.3392120699816155	2.3624349062846774	2.141416052363756	2.172217028580406	2.2222591605422166	2.362841361004446	2.2343956168963746	2.0975519316800635	2.1954110707077965	1.9333238235587071	-0.6185477545867275	-0.0775478596869288
VUILD115MA_150_18_39	VUILD115MA	VUILD115	fold_4	epithelial_transitional	POOLED	2.73924418268452	2.3277069859184163	2.6138065536731743	2.5592747096918225	2.4649699501728604	2.491549156269984	2.313567697410623	2.362816259143428	2.307918876131011	2.5222671166823214	2.2565204780216503	2.4542969042169784	0.17996947299269772	0.06847974775881675
VUILD115MA_150_18_40	VUILD115MA	VUILD115	fold_4	epithelial_transitional	POOLED	1.41124917733618	2.3277067569298713	2.3724142524146337	2.365783474859366	2.340210082622539	2.3498591849662462	2.32211722048893	2.3627911572824103	2.2498382134875397	2.3204543767422976	2.2236981019818054	2.2631397758729874	-0.9545342975231861	0.01627758815489106
VUILD115MA_150_18_41	VUILD115MA	VUILD115	fold_4	epithelial_transitional	POOLED	1.80799614749263	2.3277065279413263	2.1517918260406956	2.3209296905690167	2.2743554183807855	2.2949132747766665	2.3324970886083443	2.3627660554213925	2.3171876481396407	2.1287151738344963	2.2882428337120326	2.0531486781079207	-0.5129335430763866	-0.05555926690497767
VUILD115MA_150_18_42	VUILD115MA	VUILD115	fold_4	epithelial_transitional	POOLED	1.5159706599303	2.3277062989527817	2.5230654448457255	2.5250692371878913	2.6091331229483474	2.6284044550032495	2.4305805223400823	2.3627409535603747	2.4785796701717584	2.7024162793893964	2.467642516340955	2.612877450955936	-1.0090985772575913	0.16450516954594993
VUILD115MA_150_18_43	VUILD115MA	VUILD115	fold_4	epithelial_transitional	POOLED	2.07025346342247	2.3277060699642367	2.619964653376525	2.6562528499888685	2.8508657358345335	2.8876961335386833	2.4847414499522382	2.362715851699357	2.7970288690948752	3.0693783950078455	2.7659161429396875	3.1178605221534275	-0.5859993865663986	0.2758764872522181
VUILD115MA_150_19_21	VUILD115MA	VUILD115	fold_4	epithelial_transitional	POOLED	2.99172547423517	2.327711234811812	2.8971480894854116	2.892853548318044	2.8719645368395317	2.926774955332884	2.353085873602607	2.3640745642868	2.9167296562270058	3.119032546906827	2.842380914140085	3.2481798681836147	0.09887192591712601	0.30402870356678513
VUILD115MA_150_19_23	VUILD115MA	VUILD115	fold_4	epithelial_transitional	POOLED	3.97924452775504	2.3277107768347225	2.911711431316749	2.8743509213736314	3.0082879439120664	3.048257076605677	2.5820756511336125	2.3640243605647644	2.8230256115060444	3.087813403008934	2.7628131570528196	3.1605352814121686	1.1048936063814088	0.35108352594087594
VUILD115MA_150_19_33	VUILD115MA	VUILD115	fold_4	epithelial_transitional	POOLED	2.34552224962307	2.3277084869492732	2.687723293144437	2.6993996173162103	2.6337614980749975	2.6431180104146965	2.2884690282633224	2.363773341954587	2.9147915625769674	2.814661039386746	2.902118454972727	2.848400207054346	-0.35387736769314015	0.10995460487270226
VUILD115MA_150_19_34	VUILD115MA	VUILD115	fold_4	epithelial_transitional	POOLED	1.57546256753207	2.3277082579607287	2.471861873227153	2.490316448507274	2.4037085482706244	2.382174685127919	2.060067486306216	2.363748240093569	2.59837004729865	2.5051333895942753	2.6110356748242705	2.53148249782099	-0.914853880975204	0.01010342698475419
VUILD115MA_150_19_37	VUILD115MA	VUILD115	fold_4	epithelial_transitional	POOLED	1.59763957643164	2.327707570995094	2.7276367388930893	2.6280923501975773	2.6204043795815446	2.6399200393800575	2.1985808820576724	2.363672934510516	2.579954305663757	2.6111912461170492	2.5443600769614485	2.5744984218897886	-1.0304527737659372	0.2000260498212937
VUILD115MA_150_19_38	VUILD115MA	VUILD115	fold_4	epithelial_transitional	POOLED	2.07469482690369	2.327707342006549	2.3569175554062793	2.4410763553643657	2.4235624786178827	2.4392353707751755	2.164165772346978	2.363647832649498	2.3332694222927475	2.4243792830937907	2.308445047636501	2.4243399458620254	-0.36638152846067573	0.1736046882321575
VUILD115MA_150_19_39	VUILD115MA	VUILD115	fold_4	epithelial_transitional	POOLED	1.67539284718976	2.327707113018004	2.5960922182036463	2.562756261432424	2.6645034455710657	2.6701239300000523	1.936893432098913	2.3636227307884803	2.8286209751350766	2.6223771229236106	2.8406722139669407	2.6670321915975084	-0.8873634142426641	0.17542751174751234
VUILD115MA_150_19_40	VUILD115MA	VUILD115	fold_4	epithelial_transitional	POOLED	2.67478431225362	2.327706884029459	2.640958115522089	2.63776948783292	2.3482371098166377	2.3729891551768243	2.3487798991994833	2.3635976289274625	2.418006183119005	2.57451377053814	2.3988080949849464	2.531699722752223	0.037014824420700254	-0.043440667048519066
VUILD115MA_150_19_41	VUILD115MA	VUILD115	fold_4	epithelial_transitional	POOLED	1.60620071590174	2.3277066550409145	2.506127305580614	2.493309975359073	2.647520472250066	2.6468666238113445	2.5911689965788085	2.3635725270664447	2.5520382443328415	2.813957245656435	2.543712766366784	2.8684226106178734	-0.8871092594573331	0.13535095872829941
VUILD115MA_150_19_42	VUILD115MA	VUILD115	fold_4	epithelial_transitional	POOLED	1.61299250536358	2.3277064260523694	2.6558071236261256	2.6760639373724646	2.3909430875515385	2.4335723481365763	2.3010638190995194	2.3635474252054274	2.499686068865887	2.6114380829828505	2.4346080672113333	2.6423433974117034	-1.0630714320088845	-0.03250712352575194
VUILD115MA_150_19_43	VUILD115MA	VUILD115	fold_4	epithelial_transitional	POOLED	1.87565974797077	2.3277061970638244	2.710838408136621	2.595689021598303	2.772342765376698	2.7832549539053346	2.449546913890527	2.3635223233444096	2.6074218845863384	2.846229510666598	2.5811180294202636	2.894152753859985	-0.7200292736275329	0.2291926612857832
VUILD115MA_150_20_33	VUILD115MA	VUILD115	fold_4	epithelial_transitional	POOLED	1.95711606399666	2.3277086140488614	2.5948290926746074	2.6825932577675062	2.6319537640073136	2.652853770074852	2.260026688254386	2.364579813599639	2.638456848398282	2.774538850893401	2.59168034468489	2.729492594028832	-0.7254771937708462	0.07368692703005021
VUILD115MA_150_20_34	VUILD115MA	VUILD115	fold_4	epithelial_transitional	POOLED	1.69566565640805	2.3277083850603164	2.767848073141058	2.725643222991319	2.490682882497258	2.5273988141494965	2.0230441013437037	2.3645547117386214	2.8418860562275814	2.6728605803520598	2.8023615710668497	2.6446078001009257	-1.029977566583269	0.1716095799850031
VUILD115MA_150_20_36	VUILD115MA	VUILD115	fold_4	epithelial_transitional	POOLED	2.19115237295226	2.327707927083227	2.6833543657250765	2.7213925531235916	2.5952137868148992	2.6111075554028726	2.2023501731643456	2.364504508016586	2.2979230353279565	2.509507564990508	2.259163094478226	2.618908625393524	-0.5302401801713317	0.07494678868434088
VUILD115MA_150_20_37	VUILD115MA	VUILD115	fold_4	epithelial_transitional	POOLED	1.61553174134072	2.327707698094682	2.563856033370142	2.5798566530612277	2.509593805146423	2.5119601764166606	1.949865043684765	2.364479406155568	2.55326540326974	2.529543843345579	2.5500047475361156	2.585493779518483	-0.9643249117205077	0.08790585514909845
VUILD115MA_150_20_38	VUILD115MA	VUILD115	fold_4	epithelial_transitional	POOLED	1.75118712230792	2.327707469106137	2.49402401623569	2.521586012067455	2.769280018574672	2.7611798186277756	2.142236238287449	2.3644543042945503	2.716678174020559	2.699972592081827	2.716376157384278	2.706088246488088	-0.7703988897595351	0.2475245513698031
VUILD115MA_150_20_39	VUILD115MA	VUILD115	fold_4	epithelial_transitional	POOLED	2.09292022245779	2.327707240117592	2.5737817133973726	2.615748897119876	2.767284599665513	2.750919557922723	1.376135835795241	2.364429202433533	2.8155593899685525	2.6555419265892466	2.8062183303996826	2.7105338545950546	-0.5228286746620863	0.16289656446948608
VUILD115MA_150_20_40	VUILD115MA	VUILD115	fold_4	epithelial_transitional	POOLED	1.94801919337145	2.327707011129047	2.6899665353580082	2.624331395509158	2.7737057360088335	2.7757367044400603	1.8954147357918747	2.364404100572515	2.3968542546202083	2.599305654169473	2.3730788932660203	2.569353199977198	-0.6763122021377082	0.2820823307822615
VUILD115MA_150_20_41	VUILD115MA	VUILD115	fold_4	epithelial_transitional	POOLED	2.22399776039906	2.327706782140502	2.5743023050769276	2.6227801427183928	2.513372847690083	2.538184147884473	2.411350256424236	2.3643789987114974	2.412343073161188	2.407272222185551	2.3623240548260998	2.4176663744143316	-0.39878238231933283	0.03442422061941221
VUILD115MA_150_20_42	VUILD115MA	VUILD115	fold_4	epithelial_transitional	POOLED	2.01704588012571	2.327706553151957	2.6421740370107942	2.5988453690685933	2.7454513170757675	2.777273450362972	2.253032191969419	2.3643538968504796	2.6868312564471624	2.727982600251494	2.659899988610496	2.7253126272237536	-0.5817994889428832	0.23463062719737424
VUILD115MA_150_20_43	VUILD115MA	VUILD115	fold_4	epithelial_transitional	POOLED	1.82094813035919	2.3277063241634126	2.5073003033591927	2.595341031238118	2.305604367054141	2.338846169970658	2.3226895330997257	2.364328794989462	2.3248576438997803	2.4538953237467247	2.28027370511811	2.4487908482830445	-0.7743929008789283	-0.020804147808379567
VUILD115MA_150_20_44	VUILD115MA	VUILD115	fold_4	epithelial_transitional	POOLED	1.76850486313102	2.3277060951748676	2.6654348823491163	2.5156941699835467	2.1440100108254287	2.1864112720922195	2.0430549912469322	2.364303693128444	2.4342620176587855	2.4344921768672223	2.3953340266290506	2.4208574162341954	-0.7471893068525266	-0.10762318026008198
VUILD115MA_150_21_33	VUILD115MA	VUILD115	fold_4	epithelial_transitional	POOLED	2.08521095696644	2.327708741148449	2.6190469217130787	2.6516050402042124	2.890054792819026	2.920042671776354	1.6548510809927695	2.3653862852446914	3.0311445388305147	3.044952362248196	3.001345903849976	3.130984221989129	-0.5663940832377725	0.3318508820651206
VUILD115MA_150_21_34	VUILD115MA	VUILD115	fold_4	epithelial_transitional	POOLED	1.8826215848956	2.327708512159904	2.78512999220187	2.801796171091973	2.999381382124743	3.0517897745046185	2.2595286323546775	2.3653611833836736	2.931902041926062	3.16109268858796	2.852218704689509	3.149530458985234	-0.9191745861963729	0.4288943867054809
VUILD115MA_150_21_37	VUILD115MA	VUILD115	fold_4	epithelial_transitional	POOLED	1.81571873339404	2.3277078251942696	2.521586618127821	2.624130794207635	2.789826604446922	2.7948822629594687	1.8937297193098352	2.3652858778006207	2.633207949391032	2.8104707165344696	2.62487240169581	2.865345863725132	-0.8084120608135947	0.2965018607702199
VUILD115MA_150_21_38	VUILD115MA	VUILD115	fold_4	epithelial_transitional	POOLED	1.67018688782019	2.3277075962057245	2.6077993562950095	2.5898139953519665	2.530058046820927	2.5276395146567956	1.8871284414085454	2.365260775939603	2.37793026556641	2.6130950438235088	2.3620725060876633	2.649292848246907	-0.9196271075317766	0.09849168899914358
VUILD115MA_150_21_39	VUILD115MA	VUILD115	fold_4	epithelial_transitional	POOLED	1.99604412281914	2.32770736721718	2.5675852800249874	2.5522984207944206	2.6101275126456147	2.595663101441442	1.6186500038809268	2.365235674078585	2.55333005489607	2.3742683867601992	2.5496809176337094	2.3645897704782546	-0.5562542979752807	0.13128392651895623
VUILD115MA_150_21_40	VUILD115MA	VUILD115	fold_4	epithelial_transitional	POOLED	1.95469232108544	2.327707138228635	2.262394775904767	2.4220141975413645	2.7358216286678774	2.716848129295527	2.322223592347725	2.3652105722175674	2.60460475460994	2.376555240857643	2.5992138845446844	2.4190160381602026	-0.4673218764559244	0.2393039406351858
VUILD115MA_150_21_41	VUILD115MA	VUILD115	fold_4	epithelial_transitional	POOLED	2.1122893739851	2.32770690924009	2.6389436914421305	2.6037747964309053	2.749703637124949	2.7519784408856096	2.233934378569385	2.3651854703565496	2.682571048229793	2.5081352148909626	2.6789441457375958	2.4248510969638497	-0.4914854224458054	0.19518689086556254
VUILD115MA_150_21_42	VUILD115MA	VUILD115	fold_4	epithelial_transitional	POOLED	2.29164682571857	2.3277066802515454	2.6322309269471256	2.5493449982373324	2.7670956962144033	2.7709345693506147	2.111151698695155	2.365160368495532	2.9518092309105755	2.712865127864128	2.938969575247665	2.652315944045055	-0.25769817251876237	0.18907291950702107
VUILD115MA_150_21_43	VUILD115MA	VUILD115	fold_4	epithelial_transitional	POOLED	1.77907869313476	2.3277064512630004	2.1712719465013213	2.333370500274759	2.167860459903913	2.187376368007766	2.0801416222598617	2.365135266634514	2.0306979545525965	2.1026882644280493	1.9565315630579292	2.0492121826524157	-0.5542918071399989	-0.014858603017597064
VUILD115MA_150_21_44	VUILD115MA	VUILD115	fold_4	epithelial_transitional	POOLED	1.45886540815144	2.3277062222744553	2.483548785866569	2.439447811806958	2.3200942604977337	2.348506204759012	2.1404637406281095	2.3651101647734962	2.2956153895177653	2.1930308598997694	2.2326091544216253	2.1198325881648974	-0.980582403655518	0.04655420471265753
VUILD115MA_150_22_34	VUILD115MA	VUILD115	fold_4	epithelial_transitional	POOLED	2.08274454902755	2.3277086392594923	2.9121713099943753	2.7632118535351844	2.9527177395120394	2.990976774897654	2.1916875883592546	2.3661676550287263	3.0079252144376856	2.998469073237965	2.9579754785834895	3.122717404210621	-0.6804673045076344	0.326303182763656
VUILD115MA_150_22_35	VUILD115MA	VUILD115	fold_4	epithelial_transitional	POOLED	2.62776367949556	2.3277084102709473	2.683315706898454	2.7158826499889184	3.321534033010027	3.3393376331977853	2.280204845840812	2.3661425531677085	3.446522956725571	3.2480882756530436	3.438951226081836	3.371014275622337	-0.08811897049335826	0.5483853874110007
VUILD115MA_150_22_36	VUILD115MA	VUILD115	fold_4	epithelial_transitional	POOLED	1.51393754061801	2.3277081812824023	2.5908944190855374	2.728425964327237	2.4362342036707965	2.48538205783936	2.1880383541135604	2.3661174513066907	2.7111299236380875	2.6988321270507276	2.660194037266033	2.803398820044623	-1.2144884237092268	0.03801249498887066
VUILD115MA_150_22_37	VUILD115MA	VUILD115	fold_4	epithelial_transitional	POOLED	1.50148689985894	2.3277079522938573	2.599606251014171	2.5858137561785175	2.5002135494023547	2.5293334562588723	2.1340069302108624	2.366092349445673	2.6668293474385383	2.610929601959212	2.6445831664953334	2.655710841504887	-1.0843268563195776	0.09712867016822889
VUILD115MA_150_22_38	VUILD115MA	VUILD115	fold_4	epithelial_transitional	POOLED	2.36196156666821	2.3277077233053127	2.4674878190750946	2.5397291483506867	2.8755862611055365	2.8956517668610733	2.2249137736829434	2.366067247584655	2.95713476645426	3.0747399601729244	2.951845435264987	3.2245023639042065	-0.17776758168247664	0.34930428671408664
VUILD115MA_150_22_39	VUILD115MA	VUILD115	fold_4	epithelial_transitional	POOLED	1.63608859891633	2.3277074943167677	2.653382321990962	2.602897666133214	2.7737648594710933	2.7985202661435244	2.3522153327669075	2.3660421457236374	2.630044483839108	2.6909075266191134	2.6085146264119166	2.709359515573725	-0.9668090672168839	0.32230791806595144
VUILD115MA_150_22_40	VUILD115MA	VUILD115	fold_4	epithelial_transitional	POOLED	1.14578819459313	2.3277072653282227	2.507207358419416	2.550044511631849	2.798417286621988	2.797897710416973	2.54688919693808	2.3660170438626196	2.4764869449601075	2.530067148134034	2.4892904361092283	2.5461739297930053	-1.404256317038719	0.2465324734017085
VUILD115MA_150_22_41	VUILD115MA	VUILD115	fold_4	epithelial_transitional	POOLED	1.13844763915035	2.327707036339678	2.435217447752427	2.4481088203521657	2.624860144454642	2.618653421695483	2.278418055583553	2.365991942001602	2.556780022994877	2.636137077961932	2.5450570597464326	2.5993935290226973	-1.3096611812018157	0.2854684231055573
VUILD115MA_150_22_42	VUILD115MA	VUILD115	fold_4	epithelial_transitional	POOLED	2.19763806826028	2.327706807351133	2.405538501595485	2.5007672071178444	2.7064570665747265	2.695521193284971	1.9475119927864544	2.365966840140584	2.7779980113168654	2.6660253137093552	2.778350087479721	2.6072219468040245	-0.3031291388575643	0.14469560773609372
VUILD115MA_150_22_43	VUILD115MA	VUILD115	fold_4	epithelial_transitional	POOLED	1.81340167021096	2.327706578362588	2.4306732323581706	2.4179836567150366	2.2884548623357466	2.3094586584097594	2.0813041745125056	2.365941738279566	2.465769239547024	2.396089667138828	2.402540699288074	2.321474461075821	-0.6045819865040765	0.05641006453189879
VUILD115MA_150_22_44	VUILD115MA	VUILD115	fold_4	epithelial_transitional	POOLED	1.57126205437275	2.327706349374043	2.423816007223681	2.4159794598091	2.252673284576361	2.2773348595802942	2.1775753378910574	2.3659166364185484	2.171486204401111	2.371714322324102	2.1319048615262597	2.2585727988406323	-0.8447174054363498	0.0059779874408429
VUILD115MA_150_23_37	VUILD115MA	VUILD115	fold_4	epithelial_transitional	POOLED	2.69474779412527	2.3277080793934455	2.7759838817769653	2.807077080583378	3.022797247330091	3.0639962620176644	2.187593816343394	2.366898821090725	3.279432910503669	3.1577303243756485	3.233256931685844	3.103447007392862	-0.1123292864581078	0.4961090458506566
VUILD115MA_150_23_39	VUILD115MA	VUILD115	fold_4	epithelial_transitional	POOLED	2.43225841993251	2.3277076214163555	2.533014837165896	2.598255960833188	2.714998190518708	2.741706942129989	2.2080962279426046	2.3668486173686896	2.8471583213391476	2.8799632740281904	2.822597957427173	2.968444066226818	-0.16599754090067798	0.19283351031305293
VUILD115MA_150_23_40	VUILD115MA	VUILD115	fold_4	epithelial_transitional	POOLED	1.98547208758502	2.327707392427811	2.690228475832087	2.5916916839389295	2.886658117546842	2.8901314171765895	2.43128152912526	2.366823515507672	2.9055129471470007	3.130034002798272	2.888423610354845	3.239653281009025	-0.6062195963539094	0.29095149407716303
VUILD115MA_150_23_41	VUILD115MA	VUILD115	fold_4	epithelial_transitional	POOLED	2.07575891679899	2.327707163439266	2.4874635290301446	2.5561605392023963	2.592228208821563	2.5935574393487433	2.4073036652777704	2.366798413646654	2.5744934857862285	2.8973224795585932	2.572675223657348	2.9391384133589553	-0.4804016224034062	0.11134040455781355
VUILD115MA_150_23_42	VUILD115MA	VUILD115	fold_4	epithelial_transitional	POOLED	2.03831616965875	2.327706934450721	2.907204945548915	2.787457081352902	2.407354548974772	2.4360246991792485	2.3730010649211217	2.366773311785636	2.4677975316870726	2.5755853823768415	2.441807384519555	2.5631100426404183	-0.7491409116941519	-0.10775738000335579
VUILD115MA_150_23_43	VUILD115MA	VUILD115	fold_4	epithelial_transitional	POOLED	1.393837020612	2.327706705462176	2.6825389306637146	2.606058735344024	2.3468731686499322	2.3563916706168033	2.0897181446263553	2.3667482099246184	2.394404091722439	2.522539084451584	2.360766300225236	2.455898595690349	-1.2122217147320238	-0.07080406142611424
VUILD115MA_150_24_27	VUILD115MA	VUILD115	fold_4	epithelial_transitional	POOLED	2.44758645452	2.327710496378482	2.506843806730098	2.469499714552104	2.5461865092681912	2.5461875263556797	2.0395109420471758	2.367956311345955	2.6811836796430426	2.589020215291737	2.662302964109108	2.636877292728769	-0.02191326003210392	0.1418060145139584
VUILD115MA_150_24_40	VUILD115MA	VUILD115	fold_4	epithelial_transitional	POOLED	2.42065517074151	2.3277075195273986	2.651689511906258	2.6090571693177997	2.6831219263857484	2.712762391684478	2.3839960950190693	2.3676299871527244	2.8632785828289977	3.012792741063836	2.840478097526882	3.083389096870144	-0.18840199857628992	0.24243756197971014
VUILD115MA_150_24_41	VUILD115MA	VUILD115	fold_4	epithelial_transitional	POOLED	2.12910143121956	2.3277072905388536	2.428274109974522	2.505701614469929	2.8056089926295225	2.8088296606603675	2.4295708386091004	2.3676048852917067	2.9382715390998375	2.9274229104102645	2.9348000889020893	3.0223619552648127	-0.3766001832503689	0.26982168564878833
VUILD115MA_150_24_42	VUILD115MA	VUILD115	fold_4	epithelial_transitional	POOLED	2.00071696406869	2.3277070615503086	2.5339703554280844	2.593506839649647	2.972173872738444	2.978122487906579	1.8857302944941732	2.367579783430689	3.0631923571944664	2.9567196805638494	3.0253334850045257	3.0598909356711474	-0.5927898755809569	0.38541661040121056
VUILD115MA_150_24_43	VUILD115MA	VUILD115	fold_4	epithelial_transitional	POOLED	1.89720333608295	2.327706832561764	2.5942785802171278	2.631936862448574	2.3457569858054046	2.3780207387503776	2.1672465603972877	2.367554681569671	2.5733685075675394	2.564353221198688	2.513225247890027	2.4330758478173924	-0.7347335263656238	-0.05199918100055419
VUILD115MA_150_25_39	VUILD115MA	VUILD115	fold_4	epithelial_transitional	POOLED	1.61587709142278	2.3277078756155314	2.291852895961433	2.3756907548475183	2.680273282000653	2.671793216833692	2.2964358278012327	2.3684615606587944	2.73074441541537	2.6224273616594926	2.7239552504750573	2.6058195802328514	-0.7598136634247383	0.24962988635834113
VUILD115MA_150_25_40	VUILD115MA	VUILD115	fold_4	epithelial_transitional	POOLED	1.83858757891229	2.3277076466269864	2.59039176897378	2.559587135278358	2.275733382514167	2.289704764391005	2.2903921392579623	2.3684364587977766	2.2724334711078593	2.319922492441647	2.24489081467972	2.2798240653962965	-0.7209995563660678	-0.07184393418417429
VUILD115MA_150_25_41	VUILD115MA	VUILD115	fold_4	epithelial_transitional	POOLED	1.95364757531822	2.3277074176384414	2.5458209148971416	2.514524966153215	2.3737952792295944	2.386293141950473	2.293770323884695	2.368411356936759	2.370566067084777	2.579354225410982	2.3511495361629273	2.5501053169738888	-0.5608773908349949	0.009349347598430254
VUILD115MA_150_25_42	VUILD115MA	VUILD115	fold_4	epithelial_transitional	POOLED	1.73367422392749	2.327707188649897	2.624526960242594	2.630047891698834	2.608765981196162	2.645525634554699	2.1086688667761524	2.368386255075741	2.792470000129886	2.5404063199704696	2.756746184679465	2.5885480298359416	-0.8963736677713441	0.20054888723642247
VUILD115MA_150_25_43	VUILD115MA	VUILD115	fold_4	epithelial_transitional	POOLED	1.74260929749836	2.3277069596613518	2.65851249236566	2.6461993872171594	2.960968151668093	2.968388895902808	1.6111657747197852	2.3683611532147233	3.140567432081573	3.1681276048385185	3.1290297943382144	3.2321282067863097	-0.9035900897187994	0.38418670921035847
VUILD115MA_150_26_26	VUILD115MA	VUILD115	fold_4	epithelial_transitional	POOLED	1.76811754340186	2.327710979566203	2.4141158308003177	2.5053284993169185	2.806109871931328	2.7923310170523754	2.2439917021986133	2.3695943564970774	2.6933634120239556	2.769403307882105	2.6878756327713766	2.810590171616762	-0.7372109559150586	0.31300755332095975
VUILD115MA_150_26_39	VUILD115MA	VUILD115	fold_4	epithelial_transitional	POOLED	1.68050074278487	2.327708002715119	2.239618777217824	2.3997669073601537	2.3839457493292215	2.3967293602311592	2.1961945157211296	2.3692680323038466	2.532647228371501	2.471341085737229	2.519615949204569	2.4149826140923403	-0.7192661645752838	0.03237140125101233
VUILD115MA_150_26_40	VUILD115MA	VUILD115	fold_4	epithelial_transitional	POOLED	1.87967029097083	2.3277077737265746	2.5222889989188784	2.456857052149178	2.617744610767821	2.6265825616188527	2.1775895719346474	2.369242930442829	2.546526406761979	2.6471661197606435	2.5039363199835596	2.646744575749425	-0.5771867611783481	0.24445317654422047
VUILD115MA_150_26_43	VUILD115MA	VUILD115	fold_4	epithelial_transitional	POOLED	1.26882379104915	2.3277070867609395	2.468388993488113	2.5449040320440046	2.3668128128742825	2.401241975701234	1.9727390060364731	2.3691676248597755	2.631828536948463	2.3411743730674135	2.587296185971408	2.2274671907359043	-1.2760802409948546	0.1846996924010151
VUILD115MA_150_27_40	VUILD115MA	VUILD115	fold_4	epithelial_transitional	POOLED	1.85648931609325	2.3277079008261623	2.3289850389893587	2.3875113834435626	2.4504714763823303	2.465270736087395	2.1588182706609733	2.370049402087881	2.401883017469325	2.4820492279210185	2.380461597024987	2.4705419178921306	-0.5310220673503125	0.21368181557399166
VUILD115MA_150_27_41	VUILD115MA	VUILD115	fold_4	epithelial_transitional	POOLED	1.32134728170841	2.3277076718376173	2.52361181417217	2.4413577889233764	2.621960147119276	2.5982528014032242	2.159101845210518	2.3700243002268633	2.7967423940822975	2.784111687123811	2.810762247486005	2.8622664381639473	-1.1200105072149664	0.19844085058880015
VUILD115MA_150_27_42	VUILD115MA	VUILD115	fold_4	epithelial_transitional	POOLED	1.59364055271666	2.3277074428490723	2.4110702815742497	2.4584591268747444	2.850790867000377	2.8356668628683663	2.2794419058413338	2.3699991983658455	2.6629742363215714	2.6325568644598594	2.661829845419544	2.5901344827537987	-0.8648185741580845	0.36163306787044186
VUILD115MA_150_28_32	VUILD115MA	VUILD115	fold_4	epithelial_transitional	POOLED	3.31537481167899	2.3277098598341093	2.8746920678185486	2.8360267969431305	2.719691126023756	2.809809116928673	2.101103930011022	2.3710566886210755	2.8143034503648674	3.0768006845060016	2.709977503565111	3.0484054701566876	0.47934801473585953	0.3613961937328624
VUILD115MA_150_28_33	VUILD115MA	VUILD115	fold_4	epithelial_transitional	POOLED	3.05789820137749	2.3277096308455643	2.570049790737232	2.581826082695045	2.771381372760724	2.802520368743786	1.9333993770873592	2.3710315867600578	2.936348025848101	2.9812639410011603	2.8884771779926472	3.0283518878513203	0.47607211868244503	0.3294218421096825
VUILD115MA_150_28_38	VUILD115MA	VUILD115	fold_4	epithelial_transitional	POOLED	2.47797557870235	2.32770848590284	2.5937650118981512	2.584866242922063	2.8991646763592853	2.9232708678253156	2.3867055593944126	2.370906077454969	3.025326548439517	3.030057822274721	3.007557585554012	3.1065141557532083	-0.10689066421971294	0.3583515548098076
VUILD115MA_150_28_39	VUILD115MA	VUILD115	fold_4	epithelial_transitional	POOLED	1.97461950169955	2.327708256914295	2.3188813850726415	2.4235550005250666	2.390324681506438	2.4011577115917784	2.1912147355881935	2.370880975593951	2.5180255859473792	2.4930790248095542	2.505651999410714	2.440561507823973	-0.44893549882551653	0.06359363050881615
VUILD115MA_150_28_40	VUILD115MA	VUILD115	fold_4	epithelial_transitional	POOLED	1.60975069986428	2.32770802792575	2.55564566955966	2.489656214265035	2.276883314527632	2.314422759296857	2.168640041339931	2.3708558737329333	2.371980228442302	2.5237209822816773	2.3042443017722456	2.463399600193527	-0.879905514400755	0.07054075587982372
VUILD115MA_150_28_41	VUILD115MA	VUILD115	fold_4	epithelial_transitional	POOLED	1.85428655848276	2.327707798937205	2.4144517330071436	2.4814197431369855	2.2154745930970856	2.2654864741107956	2.2656407204962288	2.3708307718719155	2.5769631146248666	2.39300735458667	2.5004210688124737	2.376937113308835	-0.6271331846542256	0.020794327354523356
VUILD115MA_150_29_33	VUILD115MA	VUILD115	fold_4	epithelial_transitional	POOLED	2.99758412688685	2.327709757945152	2.1407666025249563	2.426592145255079	2.757774024691826	2.784826934651867	1.9502972669564123	2.37183805840511	2.925917630450437	2.8927323720142235	2.9075245617268957	2.8828507028032995	0.5709919816317712	0.4047409207779569
VUILD115MA_150_29_38	VUILD115MA	VUILD115	fold_4	epithelial_transitional	POOLED	2.77530153474515	2.327708613002428	2.7961987803333956	2.8118421651137897	3.0699299659046804	3.10953662144568	2.431913205578923	2.371712549100021	2.984156959508737	3.0911175714931405	2.937516877222327	3.150054567900899	-0.036540630368639526	0.424704930864207
VUILD115MA_150_29_39	VUILD115MA	VUILD115	fold_4	epithelial_transitional	POOLED	2.059085116231	2.327708384013883	2.540135052968253	2.5093984525959265	2.5952098655141835	2.591524301086645	2.2298302334282387	2.3716874472390037	2.8387524769060883	2.8147307556203294	2.852181331709446	2.813388318448699	-0.45031333636492654	0.14512160096497936
VUILD115MA_150_29_40	VUILD115MA	VUILD115	fold_4	epithelial_transitional	POOLED	2.34206903081712	2.327708155025338	2.642289155653934	2.605400471591107	2.5486570653230425	2.5725935674012765	2.226887070611716	2.371662345377986	2.5400632917514887	2.508945554524616	2.494656614446696	2.4412423990517356	-0.26333144077398707	0.10327494794303206
VUILD115MA_150_30_39	VUILD115MA	VUILD115	fold_4	epithelial_transitional	POOLED	1.78854797310027	2.3277085111134705	2.4206761923903017	2.5827650530586705	2.708654656604583	2.720489023089434	2.272454102581695	2.372493918884056	2.414136748367683	2.7029303340373403	2.3847547341854534	2.6662395920542132	-0.7942170799584005	0.2814791037811656
VUILD115MA_150_31_36	VUILD115MA	VUILD115	fold_4	epithelial_transitional	POOLED	2.4177791295836	2.3277093251786933	2.715740281400177	2.643970044226184	2.7174951005546824	2.735840903662737	2.1727112171655407	2.3733756961121615	2.6409357098783994	3.0262761725945087	2.61530084960913	2.9752470457349274	-0.22619091464258378	0.3099677779083515
VUILD115MA_150_32_37	VUILD115MA	VUILD115	fold_4	epithelial_transitional	POOLED	2.15652907283701	2.3277092232897365	2.266721723360097	2.301748679986642	2.645905705764817	2.628685753430748	1.9044326776415943	2.374157065896196	2.6443280754801166	2.8842646946501613	2.653675667239903	2.9714345773591706	-0.1452196071496319	0.2214044278166789
VUILD115MA_150_33_35	VUILD115MA	VUILD115	fold_4	epithelial_transitional	POOLED	2.32129925532808	2.327709808366414	2.4138973271353383	2.539842320288451	2.8253007660789398	2.8394638668936882	1.7816650184777116	2.3750137412632837	3.150345782075009	2.8714608426789847	3.13676421712982	2.8388177914119392	-0.21854306496037124	0.34570220713866145
VUILD115MA_150_33_36	VUILD115MA	VUILD115	fold_4	epithelial_transitional	POOLED	2.00845511395539	2.3277095793778693	2.489171670013297	2.4659032277148873	2.4999835263845607	2.510261786476847	1.9909761893884246	2.374988639402266	2.725617170232256	2.6683286117393643	2.698107927711926	2.682156604146545	-0.45744811375949723	0.19011714716911388
VUILD115MA_150_34_35	VUILD115MA	VUILD115	fold_4	epithelial_transitional	POOLED	1.69204205360161	2.327709935466002	2.5472068654670355	2.5352430571357445	2.5567736338213636	2.5745675143681663	1.767011785611038	2.375820212908336	2.5629682684076736	2.5970854989164347	2.536265713881338	2.629713500587802	-0.8432010035341344	0.1563793792110592
VUILD115MA_150_4_29	VUILD115MA	VUILD115	fold_4	epithelial_transitional	POOLED	3.79679042223194	2.327707496409635	2.643279332901593	2.683709087481855	2.897936462189289	2.951503373834285	2.0107972846818267	2.351776674722873	3.17298033298127	3.1178908224660056	3.1195240996884386	3.191293407417157	1.1130813347500852	0.3305480420313644
VUILD115MA_150_4_32	VUILD115MA	VUILD115	fold_4	epithelial_transitional	POOLED	2.13908908163479	2.327706809444	2.1742345757765937	2.4203736738863086	2.609045376075706	2.61570986445117	2.0126611248310664	2.3517013691398203	2.5336551793389916	2.6177816348751515	2.5105730623328597	2.631703500580125	-0.2812845922515188	0.283849275300931
VUILD115MA_150_5_29	VUILD115MA	VUILD115	fold_4	epithelial_transitional	POOLED	2.7382492364488	2.3277076235092227	2.74393340005439	2.7583127056539296	3.083059665770988	3.154349729513287	2.0024383906627907	2.352583146367926	3.024261405829401	3.252036843912805	2.952083092192944	3.2966089634984583	-0.020063469205129802	0.5892206982022129
VUILD115MA_150_5_31	VUILD115MA	VUILD115	fold_4	epithelial_transitional	POOLED	2.07914547745028	2.3277071655321326	2.335053820620498	2.437831924580723	2.827093736814052	2.8340790203432817	2.342408026282705	2.3525329426458903	2.3725865753515945	2.643288789144999	2.3470678215458	2.5751565895996844	-0.35868644713044295	0.34934513817407475
VUILD115MA_150_6_12	VUILD115MA	VUILD115	fold_4	epithelial_transitional	POOLED	1.77986530704379	2.3277116434140734	2.493795998282942	2.375994898335731	2.3384233933179597	2.313291491738461	2.2772226678148755	2.35381634965028	2.5017749973971264	2.3468635759739627	2.5093537387557503	2.326402580331579	-0.5961295912919411	-0.012253929239654949
VUILD115MA_150_6_31	VUILD115MA	VUILD115	fold_4	epithelial_transitional	POOLED	1.76977925639908	2.327707292631721	2.517160344649899	2.490106610293757	2.566478121232307	2.587824438142172	2.1946935444334192	2.3533394142909425	2.7577256189701433	2.8842640183926993	2.753575471816875	2.8383668723076703	-0.7203273538946768	0.2090883163384102
VUILD115MA_150_6_35	VUILD115MA	VUILD115	fold_4	epithelial_transitional	POOLED	2.5610310355662	2.327706376677541	2.6577790476403163	2.58857326978138	2.8741791139233	2.887858344456624	2.323285901365253	2.3532390068468714	2.5519439839294153	2.9019791778966875	2.5045371086787975	2.869745282554942	-0.027542234215180095	0.3229984803333358
VUILD115MA_150_6_36	VUILD115MA	VUILD115	fold_4	epithelial_transitional	POOLED	1.63439766908968	2.327706147688996	2.2830299367480333	2.4241312130512607	2.4650195098020875	2.5005271783934324	2.356952478438852	2.3532139049858536	2.3445496996764175	2.6127078163174575	2.308427434693111	2.4871292244419276	-0.7897335439615807	0.15723208230811045
VUILD115MA_150_7_31	VUILD115MA	VUILD115	fold_4	epithelial_transitional	POOLED	1.75393980700186	2.3277074197313086	2.5413132541428753	2.549886862378827	2.670687009965595	2.6968901517650914	2.1704535061165777	2.3541458859359947	2.7036381497463804	2.7489746410295	2.6774398368695014	2.6938600887558546	-0.795947055376967	0.2616441341509484
VUILD115MA_150_7_32	VUILD115MA	VUILD115	fold_4	epithelial_transitional	POOLED	1.24301351491751	2.3277071907427636	2.02333936007174	2.236289157211003	2.5526733888692306	2.5520980772284285	2.1074647203154058	2.354120784074977	2.336073720246149	2.602664266914617	2.318567526203742	2.658558948441434	-0.993275642293493	0.231707767191642
VUILD115MA_150_7_34	VUILD115MA	VUILD115	fold_4	epithelial_transitional	POOLED	2.37488277204747	2.327706732765674	2.397306200402139	2.489504645308576	2.8151839509112095	2.81812870975467	1.8598725775473268	2.3540705803529414	2.9137577281386187	3.088366743777538	2.919823781106645	3.172813924824748	-0.11462187326110618	0.2040672486923936
VUILD115MA_150_7_35	VUILD115MA	VUILD115	fold_4	epithelial_transitional	POOLED	1.99167426240689	2.327706503777129	2.736408437860447	2.656031098398679	2.469985132845405	2.511906596019009	2.1081117791529493	2.3540454784919236	2.731427795060084	2.9198494623340197	2.685350789397571	2.9372468804870584	-0.6643568359917891	0.0859760901473943
VUILD115MA_150_8_12	VUILD115MA	VUILD115	fold_4	epithelial_transitional	POOLED	1.98535267272617	2.3277118976132494	2.199965471258706	2.266991502004094	2.6314939381713907	2.5832447507815455	2.1757757979531465	2.3554292929403844	2.5597775312810707	2.6792913983545605	2.6096193251988513	2.753042460797686	-0.2816388292779237	0.24016499001821637
VUILD115MA_150_8_16	VUILD115MA	VUILD115	fold_4	epithelial_transitional	POOLED	1.70054590817327	2.3277109816590698	2.740543618696526	2.6370482111628646	2.532934351609601	2.5206275527352844	2.403077186105509	2.3553288854963133	2.4105570400291896	2.482781304315432	2.408261296967808	2.4597381377829777	-0.9365023029895947	0.09095115817857864
VUILD115MA_150_8_31	VUILD115MA	VUILD115	fold_4	epithelial_transitional	POOLED	1.70297760927403	2.3277075468308963	2.6908310729178	2.6652587895859523	2.718805581603838	2.7479312994804133	2.2848500838279273	2.354952357581047	2.6282964413366954	2.7763447209549073	2.601414383700101	2.680687074102343	-0.9622811803119222	0.22086395883230844
VUILD115MA_150_8_32	VUILD115MA	VUILD115	fold_4	epithelial_transitional	POOLED	1.98516934408989	2.3277073178423517	2.5723267385390662	2.5735774680050874	2.510446536434684	2.5346798848648158	2.3200364188338867	2.354927255720029	2.6759674628379173	2.765370709253748	2.6716789103049075	2.679562271828853	-0.5884081239151973	0.08112358206483058
VUILD115MA_150_8_33	VUILD115MA	VUILD115	fold_4	epithelial_transitional	POOLED	2.59032741453524	2.3277070888538067	2.6454632766080715	2.6509264895411486	3.044640003530753	3.0737366582536825	2.4004795558507026	2.3549021538590114	2.981634094593372	3.2189350728483443	2.967520058133027	3.1991842164380797	-0.06059907500590844	0.46594108276091395
VUILD115MA_150_8_34	VUILD115MA	VUILD115	fold_4	epithelial_transitional	POOLED	1.95934988303943	2.3277068598652617	2.7820081642777907	2.6880588950089086	2.8173146853579225	2.883883022663019	1.9847270306570886	2.354877051997994	2.732159296881841	3.0532454839774577	2.688115230442283	3.0249475543242337	-0.7287090119694786	0.3550898644103349
VUILD115MA_150_8_36	VUILD115MA	VUILD115	fold_4	epithelial_transitional	POOLED	1.85964747916141	2.327706401888172	3.0571437464285283	2.899606377141703	2.83629085757075	2.9078257380327805	2.49067679652796	2.3548268482759585	3.0917882564341768	3.1953922396250056	3.0169646014055425	3.232000724510455	-1.0399588979802932	0.3025980055892261
VUILD115MA_150_8_37	VUILD115MA	VUILD115	fold_4	epithelial_transitional	POOLED	2.02905118798423	2.327706172899627	2.4907766406046568	2.5456180422116885	3.0147353275309094	3.024260602186458	2.4992822152293765	2.3548017464149407	3.213578174601656	3.011178603058387	3.1929169890580615	3.165448643660339	-0.5165668542274586	0.4220749668431212
VUILD115MA_150_8_38	VUILD115MA	VUILD115	fold_4	epithelial_transitional	POOLED	1.91300361543476	2.327705943911082	2.503645895194701	2.6321482757529884	2.4570125193087824	2.5079720086315223	1.7301307100868026	2.354776644553923	2.417738318652251	2.6095057530697874	2.353921028641002	2.612402894540204	-0.7191446603182283	0.06413234245717138
VUILD115MA_150_9_31	VUILD115MA	VUILD115	fold_4	epithelial_transitional	POOLED	1.70240009150953	2.3277076739304845	2.7922985010326005	2.7941773708054245	2.519347666539378	2.5779324649472835	2.2236766891214046	2.3557588292260996	2.8178266008878126	2.7595253880888646	2.7655089463949163	2.73061456277628	-1.0917772792958944	0.15318592701195632
VUILD115MA_150_9_32	VUILD115MA	VUILD115	fold_4	epithelial_transitional	POOLED	2.06900990086485	2.3277074449419395	2.6674419110920127	2.6997875702760137	2.8580373382527715	2.899680065893172	2.3251719936787785	2.355733727365082	2.79725969084458	2.9202937238102704	2.755013731732742	2.982802902850937	-0.6307776694111635	0.36667041702400144
VUILD115MA_150_9_34	VUILD115MA	VUILD115	fold_4	epithelial_transitional	POOLED	2.41914735444391	2.32770698696485	2.7845784207999174	2.769059827555989	2.8876896849732545	2.9537741915529776	2.2361834473496587	2.3556835236430462	3.006210582112422	3.1623169000265516	2.9469936316571896	3.174761582357753	-0.34991247311207907	0.38129429390729663
VUILD115MA_150_9_35	VUILD115MA	VUILD115	fold_4	epithelial_transitional	POOLED	1.95879096768957	2.327706757976305	2.7219751431629082	2.6994225462337793	2.820490869317534	2.8588655108951704	2.21828552210652	2.3556584217820284	2.902526077290645	3.1907451612049753	2.8530908887416233	3.216140966187997	-0.7406315785442092	0.28799306115087664
VUILD115MA_150_9_36	VUILD115MA	VUILD115	fold_4	epithelial_transitional	POOLED	1.34747030075111	2.32770652898776	2.8256174692308687	2.837010532954545	2.8786992657240793	2.9348022555972584	2.4276728276369846	2.3556333199210107	2.953966963364728	3.158175877180052	2.9044000871339857	3.1975404815149213	-1.4895402322034352	0.34467825316833095
VUILD115MA_150_9_37	VUILD115MA	VUILD115	fold_4	epithelial_transitional	POOLED	2.32692218552383	2.327706299999215	2.6621674986586936	2.7983344248465376	2.7945207088374064	2.8361032439287657	2.60238115814261	2.355608218059993	2.772005655160657	2.8687456975532655	2.6942854975296626	2.8464303347765263	-0.4714122393227078	0.26875536915420106
VUILD115MA_150_9_38	VUILD115MA	VUILD115	fold_4	epithelial_transitional	POOLED	1.94488247363136	2.3277060710106703	2.927913176613523	2.737715532308463	2.8389155871004936	2.892645609172239	2.255493018991489	2.355583116198975	2.7689505059984825	3.0824074062106557	2.7162385877661577	3.171296014694179	-0.7928330586771033	0.26027949851953774
VUILD115MA_150_9_39	VUILD115MA	VUILD115	fold_4	epithelial_transitional	POOLED	2.08908229090941	2.3277058420221253	2.390260509607425	2.632260021137197	2.523924085768145	2.5520752992198936	2.3354806718377428	2.3555580143379573	2.6891223386295544	2.7471025941641525	2.6406129812832924	2.7428324914096143	-0.5431777302277871	0.09460746166703059
VUILD115MA_150_9_40	VUILD115MA	VUILD115	fold_4	epithelial_transitional	POOLED	1.68181091733713	2.3277056130335803	2.553285435569955	2.5720042934346266	2.456153822097277	2.458861930674394	1.6029955733311367	2.3555329124769395	2.259085067727619	2.48358691128669	2.255192486092103	2.4466838375056335	-0.8901933760974965	0.03863365086537445
