region_id	sample_id	donor_id	fold	target	analysis_stratum	observed	M0_pred	M1_pred	M2_pred	M3_pred	M4_pred	color_pred	coordinate_pred	grayscale_pred	macenko_pred	M3_grayscale_pred	M3_macenko_pred	heldout_base_residual	morphology_predicted_residual
VUILD110LA_150_10_10	VUILD110LA	VUILD110	fold_1	epithelial_transitional	PF_ONLY	2.45981415608004	2.622042147552585	2.558077578840208	2.4891383273741696	2.264687243683234	2.2919928532513447	2.5066559701014284	2.5938676985191575	2.5010230567841925	2.516071125928307	2.5404817448916504	2.520298100780315	-0.029324171294129453	-0.048994542843530255
VUILD110LA_150_10_23	VUILD110LA	VUILD110	fold_1	epithelial_transitional	PF_ONLY	2.54731208339063	2.555883032933536	2.5689420570748664	2.5044214222168595	2.4075547208195403	2.373813726851604	2.505351401270648	2.5938352107987956	2.444658741681353	2.5470926834004923	2.526566513809517	2.549676778708103	0.04289066117377072	-0.04343783578646086
VUILD110LA_150_10_25	VUILD110LA	VUILD110	fold_1	epithelial_transitional	PF_ONLY	3.1649638735184	2.5457047076075283	2.60776853584117	2.51340599767616	2.4006714493745047	2.4018015056938116	2.537980489793552	2.593830212687971	2.4536783695407287	2.4908644246989424	2.532709770906771	2.492798301052731	0.65155787584224	-0.04479527672675417
VUILD110LA_150_10_33	VUILD110LA	VUILD110	fold_1	epithelial_transitional	PF_ONLY	1.07657088037196	2.5049914063034984	2.4748146202016854	2.41166877303819	2.0380285854725146	2.0084917614984947	2.4904116079901337	2.593810220244671	2.3346784000820002	2.4745100519566816	2.4782542274975037	2.47928913589097	-1.33509789266623	-0.052319162150192625
VUILD110LA_150_10_35	VUILD110LA	VUILD110	fold_1	epithelial_transitional	PF_ONLY	1.04628134696161	2.494813080977491	2.4304913677621114	2.334529743821151	2.271484035912842	2.1719039804009195	2.503174334123036	2.593805222133846	2.3781362859931394	2.503981341851877	2.503908261854815	2.5117642988221225	-1.2882483968595413	-0.03924003833161704
VUILD110LA_150_11_22	VUILD110LA	VUILD110	fold_1	epithelial_transitional	PF_ONLY	2.56015462988753	2.564425119566779	2.539763518761117	2.4758758542215666	2.48399777053907	2.438334753313761	2.523054801126811	2.5938386411684964	2.479983156550426	2.541707886499808	2.544760626460432	2.5457666449055862	0.08427877566596331	-0.02894261687082121
VUILD110LA_150_11_25	VUILD110LA	VUILD110	fold_1	epithelial_transitional	PF_ONLY	2.44171586620611	2.549157631577768	2.539238865079784	2.471995684011407	2.2942819085318162	2.267201590113211	2.5478937221369105	2.5938311440022592	2.4063592097684134	2.4844463397890144	2.5088795282714806	2.488141234306515	-0.030279817805296982	-0.050708421319301054
VUILD110LA_150_11_33	VUILD110LA	VUILD110	fold_1	epithelial_transitional	PF_ONLY	1.46244080655369	2.508444330273738	2.4966402077898215	2.389300625334183	2.2608753388492104	2.2082992595668642	2.5229234892785692	2.5938111515589592	2.3739738681578633	2.4658602498490443	2.496872805780202	2.471330562497903	-0.9268598187804931	-0.04990670897758586
VUILD110LA_150_12_10	VUILD110LA	VUILD110	fold_1	epithelial_transitional	PF_ONLY	2.79218344613698	2.6289479954930637	2.558250355107226	2.492632283526787	2.023330850329328	2.020882295555048	2.5267567430410147	2.5938695611477343	2.4170797409306037	2.53340018309548	2.5131396411334235	2.538079462958571	0.299551162610193	-0.051395697961256294
VUILD110LA_150_12_11	VUILD110LA	VUILD110	fold_1	epithelial_transitional	PF_ONLY	3.05608890585651	2.62385883283006	2.5608682685450517	2.522637970665453	2.251100685802813	2.226044195327878	2.534914066051058	2.593867062092322	2.4093684727295126	2.530413131615903	2.4978152989523643	2.5335409669471605	0.5334509351910572	-0.058954505553493596
VUILD110LA_150_12_12	VUILD110LA	VUILD110	fold_1	epithelial_transitional	PF_ONLY	2.32959029639945	2.6187696701670564	2.545100404924126	2.529753621129035	2.5885727449008646	2.60986984699675	2.535200102361904	2.5938645630369095	2.379389407428514	2.496273432773228	2.48315454085612	2.498895770300704	-0.20016332472958487	-0.03839788993146366
VUILD110LA_150_12_22	VUILD110LA	VUILD110	fold_1	epithelial_transitional	PF_ONLY	2.40786232409685	2.5678780435370188	2.556730615389952	2.5001873292043175	1.9384780544915006	1.92088868588633	2.5121712611927447	2.5938395724827847	2.337699349929141	2.490314218872109	2.4860856876660513	2.4929206860842075	-0.09232500510746755	-0.045849706862692484
VUILD110LA_150_12_23	VUILD110LA	VUILD110	fold_1	epithelial_transitional	PF_ONLY	3.05802793715259	2.562788880874015	2.5298872127336796	2.480495407870981	2.1319827248221253	2.086892961852353	2.532552244448231	2.5938370734273724	2.423995069872783	2.5031075519093866	2.5268000369866916	2.5067735424838644	0.5775325292816089	-0.046570129794497005
VUILD110LA_150_12_24	VUILD110LA	VUILD110	fold_1	epithelial_transitional	PF_ONLY	2.43988114672174	2.557699718211011	2.518769758793619	2.429153933764197	2.042095817268997	1.9828757648145288	2.504011828753898	2.59383457437196	2.2675276291188617	2.4580940588153264	2.4423909407432194	2.463400534608523	0.010727212957542864	-0.061111968475814
VUILD110LA_150_12_32	VUILD110LA	VUILD110	fold_1	epithelial_transitional	PF_ONLY	1.10409104859153	2.516986416906981	2.4334266776547584	2.3380229334469664	2.0428042366701833	1.9621351500868993	2.49684778379819	2.5938145819286604	2.3305139149739302	2.503669443593959	2.4758798515635116	2.5114919654563703	-1.2339318848554364	-0.05770033764696823
VUILD110LA_150_12_8	VUILD110LA	VUILD110	fold_1	epithelial_transitional	PF_ONLY	2.73708687589689	2.639126320819071	2.529100653005679	2.5039448537504696	2.2587252526412382	2.221981540847524	2.5065053248533617	2.5938745592585595	2.4269750352728683	2.6026979816105724	2.512368808526329	2.607531912406633	0.2331420221464202	-0.039121791310920445
VUILD110LA_150_13_10	VUILD110LA	VUILD110	fold_1	epithelial_transitional	PF_ONLY	3.29505812169116	2.6324009194633033	2.548346965596878	2.5227692289082575	2.2503292324042317	2.260508911325607	2.536176706421113	2.5938704924620226	2.4409910546972835	2.564020412656094	2.5156520755771803	2.567870950907768	0.7722888927829024	-0.04644279929486909
VUILD110LA_150_13_12	VUILD110LA	VUILD110	fold_1	epithelial_transitional	PF_ONLY	2.61256867638207	2.6222225941372956	2.5648438479857156	2.524333508398348	2.340712357255495	2.3687491881313836	2.5265478808419926	2.593865494351198	2.424527388806925	2.476309145056321	2.5065690968551166	2.479145009104547	0.08823516798372211	-0.055663400116867115
VUILD110LA_150_13_13	VUILD110LA	VUILD110	fold_1	epithelial_transitional	PF_ONLY	1.81515811953599	2.617133431474292	2.536812656298582	2.507484799053536	1.871608742370379	1.8753816900291125	2.533138323566487	2.5938629952957855	2.3769613079299785	2.5144876095372455	2.4742029159022114	2.5181297180948343	-0.692326679517546	-0.06341528318532735
VUILD110LA_150_13_17	VUILD110LA	VUILD110	fold_1	epithelial_transitional	PF_ONLY	1.94954667677568	2.596776780822277	2.4918308018880864	2.4340339677898934	1.9052062783553436	1.877736300729444	2.553700839094335	2.5938529990741355	2.351333974630035	2.517996383728546	2.4835822656230926	2.5243217881425215	-0.4844872910142135	-0.0613379814528783
VUILD110LA_150_13_22	VUILD110LA	VUILD110	fold_1	epithelial_transitional	PF_ONLY	1.46398400810552	2.571330967507258	2.4883826183313746	2.441718380911115	2.061757080071268	2.0340094787329823	2.543121240123398	2.593840503797073	2.4142958420458336	2.586048094857059	2.516381225980548	2.5917277133611782	-0.9777343728055949	-0.041547582055104434
VUILD110LA_150_13_7	VUILD110LA	VUILD110	fold_1	epithelial_transitional	PF_ONLY	2.47673739647762	2.6476684074523145	2.581680673535575	2.5307472043287245	2.1652643277827104	2.142473511899401	2.5694913203689764	2.59387798962826	2.43539899458328	2.550809248254801	2.525424608360095	2.5545723451401154	-0.05400980785110443	-0.03877770269064123
VUILD110LA_150_14_13	VUILD110LA	VUILD110	fold_1	epithelial_transitional	PF_ONLY	2.90217965166821	2.6205863554445314	2.5690569849555294	2.5054786904637907	2.0993487331033798	2.125423964468807	2.545068078061414	2.593863926610074	2.373685818373175	2.4971980952679274	2.4803879596213934	2.500983968101644	0.3967009612044192	-0.06260955316615997
VUILD110LA_150_14_16	VUILD110LA	VUILD110	fold_1	epithelial_transitional	PF_ONLY	2.4073710412836	2.6053188674555203	2.5513705226978907	2.528974882559039	2.1048206798187303	2.119488422339797	2.5217857620716333	2.593856429443836	2.419576746555327	2.5158517623304593	2.513483709922821	2.5183735787125014	-0.121603841275439	-0.04293701134940166
VUILD110LA_150_14_19	VUILD110LA	VUILD110	fold_1	epithelial_transitional	PF_ONLY	2.26598297895652	2.5900513794665088	2.509435249795959	2.4611557395824337	1.8742476188655317	1.8539910143975173	2.58365121610777	2.593848932277599	2.2552222685369805	2.458180332299255	2.445362301870334	2.463185131980021	-0.1951727606259137	-0.057200009912519105
VUILD110LA_150_14_26	VUILD110LA	VUILD110	fold_1	epithelial_transitional	PF_ONLY	1.4556825588737	2.5544272408254827	2.4858783968815548	2.3970723999883226	2.33565768989213	2.2802014658518335	2.513141746430536	2.593831438889712	2.4315901832199476	2.5192081611506234	2.5174092557737073	2.525228062059548	-0.9413898411146226	-0.04283852259972984
VUILD110LA_150_14_36	VUILD110LA	VUILD110	fold_1	epithelial_transitional	PF_ONLY	1.20871875455221	2.503535614195445	2.4670357006050954	2.3686945323558275	2.207242966640005	2.1509614335372733	2.459998760426047	2.593806448335587	2.3344910860197263	2.4677724587381853	2.479887879282246	2.474040042272775	-1.1599757778036175	-0.06301423985130648
VUILD110LA_150_15_15	VUILD110LA	VUILD110	fold_1	epithelial_transitional	PF_ONLY	2.51818704255444	2.6138609540887634	2.5428105105653023	2.5299982906221725	1.854588693353553	1.8520027638572936	2.523255671052211	2.5938598598135374	2.412544737525667	2.534354640051942	2.5085482635108667	2.5372259674957336	-0.011811248067732372	-0.04963677866407421
VUILD110LA_150_15_17	VUILD110LA	VUILD110	fold_1	epithelial_transitional	PF_ONLY	2.1017917899486	2.603682628762756	2.5739341156018476	2.526509816008071	2.206569690688526	2.205242509064607	2.5626847258862195	2.593854861702712	2.42104196077696	2.6048709555717307	2.5059865650834023	2.608072979204917	-0.42471802605947095	-0.044055269294899474
VUILD110LA_150_15_19	VUILD110LA	VUILD110	fold_1	epithelial_transitional	PF_ONLY	3.78980004769385	2.5935043034367484	2.569094848382186	2.5056878045941615	2.151744799748756	2.113394240330683	2.5718193963893095	2.5938498635918874	2.3720037520510724	2.5216450809645883	2.4991958838779396	2.5254436481700697	1.2841122430996883	-0.03859510157744559
VUILD110LA_150_15_22	VUILD110LA	VUILD110	fold_1	epithelial_transitional	PF_ONLY	2.22547394012931	2.5782368154477373	2.605277664951019	2.5203252288599067	1.6921381623548417	1.7166127813317313	2.4971520979758317	2.59384236642565	2.410854430680711	2.471880732901565	2.5196231852316955	2.474153054463677	-0.29485128873059674	-0.05914155309163036
VUILD110LA_150_15_26	VUILD110LA	VUILD110	fold_1	epithelial_transitional	PF_ONLY	1.65704874250474	2.5578801647957223	2.4923244343974735	2.432062272892483	2.132778880830601	2.0876111667058015	2.4755200477155914	2.5938323702040003	2.4986424269189325	2.5674736128099536	2.552893372525627	2.57269424702634	-0.775013530387743	-0.04890199058097871
VUILD110LA_150_15_29	VUILD110LA	VUILD110	fold_1	epithelial_transitional	PF_ONLY	1.76313364468431	2.5426126768067108	2.4680368818540868	2.3500737626004695	1.7320926881798382	1.6239070235247732	2.446810789593819	2.5938248730377627	2.3472397142970527	2.497340857929747	2.4920477810636803	2.506303277856243	-0.5869401179161595	-0.06643961236976087
VUILD110LA_150_15_30	VUILD110LA	VUILD110	fold_1	epithelial_transitional	PF_ONLY	1.95097809656083	2.537523514143707	2.441482254656474	2.3635833255683876	1.9011110911800069	1.8096073874391534	2.4282120152518982	2.5938223739823503	2.3038067859244395	2.463299836771973	2.4668679127250024	2.4711124636549977	-0.4126052290075575	-0.07276152657291508
VUILD110LA_150_15_31	VUILD110LA	VUILD110	fold_1	epithelial_transitional	PF_ONLY	2.15878617578103	2.5324343514807035	2.509616766159309	2.428335625099183	1.8957149180682928	1.8985520973019125	2.512480674467375	2.593819874926938	2.2384232380390703	2.4661297916569938	2.4298059816159108	2.470610211970206	-0.2695494493181534	-0.07761507942312022
VUILD110LA_150_16_24	VUILD110LA	VUILD110	fold_1	epithelial_transitional	PF_ONLY	1.38306358024041	2.5715114140919693	2.5602556587880625	2.520675269388694	2.0852747539261616	2.129954524612309	2.5541164847757183	2.5938382996291134	2.31733734333804	2.4750796739096708	2.4501340923424815	2.477076656083864	-1.1376116891482837	-0.06359145058095579
VUILD110LA_150_16_28	VUILD110LA	VUILD110	fold_1	epithelial_transitional	PF_ONLY	2.04227262836903	2.5511547634399543	2.50095365226509	2.393146734984545	2.0927932899094746	1.9987210392174302	2.5165094188563195	2.5938283034074634	2.3921095258796727	2.4855746703046604	2.5088724182977784	2.4924777038332255	-0.3508741066155152	-0.05370331735787034
VUILD110LA_150_16_30	VUILD110LA	VUILD110	fold_1	epithelial_transitional	PF_ONLY	1.49798503276038	2.5409764381139466	2.4526371676568677	2.354627669630469	2.135290586887675	2.062923470279619	2.4695262565727703	2.5938233052966386	2.3378039303436324	2.499303167199867	2.477649545486782	2.506991680600186	-0.856642636870089	-0.058940087139002784
VUILD110LA_150_16_34	VUILD110LA	VUILD110	fold_1	epithelial_transitional	PF_ONLY	3.27263502314435	2.5206197874619316	2.552273375579202	2.4620753499429875	2.2723143980835805	2.2500046498465838	2.4995885995445315	2.5938133090749886	2.3577834972461313	2.479505243796961	2.4742185228536586	2.4827035178939054	0.8105596732013627	-0.06274640646223203
VUILD110LA_150_16_35	VUILD110LA	VUILD110	fold_1	epithelial_transitional	PF_ONLY	1.12306115363167	2.5155306247989278	2.4535011617183873	2.401398125154626	1.7734477444501566	1.751731984174415	2.511965356584464	2.5938108100195763	2.275045173488843	2.491734106092334	2.4480893506708545	2.4970591385113066	-1.2783369715229562	-0.06704495959898868
VUILD110LA_150_17_15	VUILD110LA	VUILD110	fold_1	epithelial_transitional	PF_ONLY	3.08346242170348	2.6207668020292423	2.5844051728760395	2.5431333217709438	2.4046426848145663	2.4127492805519752	2.5912488692110145	2.593861722442114	2.492267710120561	2.6335880678217016	2.5365807725230987	2.63664784344096	0.5403290999325363	-0.027967886654491604
VUILD110LA_150_17_21	VUILD110LA	VUILD110	fold_1	epithelial_transitional	PF_ONLY	3.17206924707649	2.59023182605122	2.5113571768630027	2.4632447614253357	1.8919452697025998	1.870553485708941	2.534267878383885	2.5938467281096393	2.468128566589035	2.519692362212258	2.538983123895444	2.5251006462026684	0.7088244856511543	-0.06016998256292542
VUILD110LA_150_17_23	VUILD110LA	VUILD110	fold_1	epithelial_transitional	PF_ONLY	1.95392813541465	2.5800535007252123	2.5375987363414843	2.516131125213178	2.1287682134193373	2.1229534527041025	2.524235314388754	2.593841729998814	2.369975699200361	2.5199280939932587	2.48250392195626	2.522674697090072	-0.5622029897985281	-0.0681273750855711
VUILD110LA_150_17_25	VUILD110LA	VUILD110	fold_1	epithelial_transitional	PF_ONLY	1.48191258173859	2.5698751753992046	2.487800642266952	2.433426097288818	2.0951497850019676	2.0483128868470493	2.518138847699532	2.5938367318879894	2.3272414082860178	2.493969950606944	2.459389093295992	2.4994238663291095	-0.9515135155502281	-0.07274016398917826
VUILD110LA_150_17_30	VUILD110LA	VUILD110	fold_1	epithelial_transitional	PF_ONLY	1.9154175351261	2.5444293620841862	2.5001246631445744	2.4405833873929814	2.2324694191419243	2.175905649701132	2.5165211432080405	2.593824236610927	2.303832282056515	2.4857568043339104	2.453099063600819	2.4902963461097394	-0.5251658522668814	-0.06057090037485922
VUILD110LA_150_17_35	VUILD110LA	VUILD110	fold_1	epithelial_transitional	PF_ONLY	1.21179333451768	2.5189835487691674	2.5050406442081727	2.4125461585391403	1.9990867354497748	1.9721769884410274	2.4741454979769797	2.5938117413338646	2.3049556043914916	2.461673584857783	2.4651794356525687	2.4667478994220584	-1.2007528240214604	-0.06159552826484571
VUILD110LA_150_17_37	VUILD110LA	VUILD110	fold_1	epithelial_transitional	PF_ONLY	2.03058711959348	2.50880522344316	2.49963850765922	2.424896809747709	2.0040061610721525	1.9911356909395015	2.4699416381267234	2.59380674322304	2.3132071131500025	2.479155121326423	2.460437917950262	2.483418723378174	-0.3943096901542287	-0.06384536570785766
VUILD110LA_150_17_38	VUILD110LA	VUILD110	fold_1	epithelial_transitional	PF_ONLY	1.32881867144844	2.5037160607801563	2.461935582919967	2.3958606557689364	2.1560726461754682	2.1011540740611294	2.492711079747206	2.5938042441676274	2.4197317367665727	2.527375372908816	2.519098657679082	2.53271294010006	-1.0670419843204964	-0.04340507158742182
VUILD110LA_150_18_10	VUILD110LA	VUILD110	fold_1	epithelial_transitional	PF_ONLY	3.12716533549855	2.6496655393145008	2.573118194667547	2.473244998567847	1.9084651634730874	1.8516147654065953	2.57289356063232	2.5938751490334644	2.4715295330707696	2.5308560348848883	2.5449559547737683	2.537017349185157	0.6539203369307032	-0.037472415893516894
VUILD110LA_150_18_15	VUILD110LA	VUILD110	fold_1	epithelial_transitional	PF_ONLY	2.24252052651869	2.624219725999482	2.5618527977324317	2.4991650959390355	1.7962918843581257	1.8128115170913395	2.514837045146837	2.5938626537564025	2.4583566071122176	2.5670094125749197	2.5266477875024207	2.571372718682605	-0.25664456942034564	-0.05759729425399381
VUILD110LA_150_18_16	VUILD110LA	VUILD110	fold_1	epithelial_transitional	PF_ONLY	2.37645496502323	2.619130563336478	2.5019459721689117	2.444315408459195	2.2236375092154352	2.1636092111385268	2.521600442576734	2.5938601547009896	2.427970638369178	2.553876225163559	2.517409959277831	2.5604997791535546	-0.06786044343596487	-0.045601778666346154
VUILD110LA_150_18_20	VUILD110LA	VUILD110	fold_1	epithelial_transitional	PF_ONLY	2.4452594896593	2.598773912684463	2.5121210569341557	2.480103323086	1.8206581660117584	1.8178838104391761	2.4809472827300536	2.59385015847934	2.439623485263159	2.531959584747581	2.5260221010505974	2.536612794864933	-0.034843833426700055	-0.07262363835389438
VUILD110LA_150_18_21	VUILD110LA	VUILD110	fold_1	epithelial_transitional	PF_ONLY	2.7755341657576	2.5936847500214593	2.538222169320672	2.4740993733482375	1.890745429045742	1.883926480819511	2.5122982676502117	2.5938476594239277	2.2731057362483167	2.4812950379923118	2.447211098365381	2.4860012642496825	0.30143479240936255	-0.06154475596708736
VUILD110LA_150_18_22	VUILD110LA	VUILD110	fold_1	epithelial_transitional	PF_ONLY	2.39315819523551	2.588595587358456	2.5072225812881768	2.4744440247343857	1.9088516161056595	1.8745989794043425	2.530145150700986	2.593845160368515	2.364701259407371	2.5307890733740654	2.4890911325349308	2.535581172477096	-0.08128582949887564	-0.06295602376849015
VUILD110LA_150_18_25	VUILD110LA	VUILD110	fold_1	epithelial_transitional	PF_ONLY	1.71308990112802	2.5733280993694443	2.5082158247207365	2.4405459257973816	2.3271820960258705	2.2938410258191055	2.5300171124275184	2.5938376632022777	2.404150455115245	2.5226809939270582	2.4943470587255274	2.5280702082741398	-0.7274560246693615	-0.05831676592878198
VUILD110LA_150_18_38	VUILD110LA	VUILD110	fold_1	epithelial_transitional	PF_ONLY	1.31394895899569	2.5071689847503955	2.449447573784175	2.374521418670516	1.9697755374086046	1.91666023309595	2.474450344415588	2.593805175481916	2.4008660534019444	2.5289620386594276	2.519755506294016	2.5354261136170866	-1.060572459674826	-0.04089234229923816
VUILD110LA_150_19_16	VUILD110LA	VUILD110	fold_1	epithelial_transitional	PF_ONLY	2.44488096417445	2.6225834873067178	2.493192418566374	2.3935774254704465	2.113887839975015	2.031888799943302	2.521446757114301	2.593861086015278	2.4163691795396764	2.5219366927907494	2.5157607204301935	2.530483961286802	0.051303538704003504	-0.05008454920632909
VUILD110LA_150_19_24	VUILD110LA	VUILD110	fold_1	epithelial_transitional	PF_ONLY	2.22773125443419	2.581870186002688	2.5910877702042807	2.480221943007526	2.2910964966488394	2.296422977329398	2.5483821530653215	2.5938410935719785	2.283048354570898	2.506092900002357	2.4400571908944295	2.510042782051547	-0.252490688573336	-0.06494001298577949
VUILD110LA_150_19_32	VUILD110LA	VUILD110	fold_1	epithelial_transitional	PF_ONLY	1.37182397417213	2.541156884698658	2.5101482636478765	2.4497644343057075	1.9879287435042008	1.9595859689713055	2.526219527417861	2.593821101128679	2.4185511980415053	2.5292154829018707	2.520066706095523	2.5335694261049326	-1.0779404601335774	-0.05219988561857966
VUILD110LA_150_19_33	VUILD110LA	VUILD110	fold_1	epithelial_transitional	PF_ONLY	1.52087197043636	2.536067722035654	2.4937766727917126	2.408683657944465	1.9400821054169632	1.9030129883376143	2.4960075587619093	2.5938186020732665	2.2920561340677907	2.4941734634166077	2.460460774326781	2.49974202094698	-0.887811687508105	-0.0662881430438529
VUILD110LA_150_19_37	VUILD110LA	VUILD110	fold_1	epithelial_transitional	PF_ONLY	3.21720265227155	2.515711071383639	2.457007646318167	2.391745996437361	2.259106279963133	2.2122031394274035	2.491469926931067	2.5938086058516165	2.460847685527349	2.5113857909707047	2.524613814107943	2.517353856243598	0.8254566558341891	-0.055820336437850344
VUILD110LA_150_19_39	VUILD110LA	VUILD110	fold_1	epithelial_transitional	PF_ONLY	3.28378282752283	2.5055327460576313	2.4891882614472136	2.422904212076611	2.498727787220034	2.4346292754004475	2.5001019453155253	2.5938036077407918	2.4679416581517075	2.572458482799704	2.5436280058497354	2.576852781529684	0.8608786154462189	-0.03101759754758822
VUILD110LA_150_20_17	VUILD110LA	VUILD110	fold_1	epithelial_transitional	PF_ONLY	2.16157911118752	2.6209472486139536	2.4981792824487865	2.413867409758834	1.9369511300801563	1.874939231014904	2.537729197826579	2.593859518274154	2.394953081401102	2.489217534000392	2.5054269433257406	2.496980537040561	-0.25228829857131396	-0.06449382131767561
VUILD110LA_150_20_18	VUILD110LA	VUILD110	fold_1	epithelial_transitional	PF_ONLY	1.79618395119298	2.6158580859509497	2.527531804560735	2.457256923692	2.0106634598046575	1.9839591637851797	2.516387338839214	2.5938570192187416	2.281182761706279	2.5061979864163026	2.4506081528510397	2.5121446571490424	-0.6610729724990199	-0.07449181306709514
VUILD110LA_150_20_24	VUILD110LA	VUILD110	fold_1	epithelial_transitional	PF_ONLY	2.50566016609896	2.585323109972927	2.4856842336145792	2.4888791784384496	1.7414924135630727	1.7634048013418469	2.520524783236106	2.593842024886267	2.194345467507995	2.4205623266282252	2.4105755943674385	2.424533799283827	0.016780987660510505	-0.0797183730299823
VUILD110LA_150_20_25	VUILD110LA	VUILD110	fold_1	epithelial_transitional	PF_ONLY	2.67980125723981	2.5802339473099236	2.5504080357712398	2.4700414006943916	1.4782306074745326	1.4451681482533214	2.5674542998972325	2.5938395258308544	2.3284251036324592	2.471801116832255	2.4771825235315226	2.4762522644275364	0.20975985654541862	-0.07741118472432912
VUILD110LA_150_20_27	VUILD110LA	VUILD110	fold_1	epithelial_transitional	PF_ONLY	1.93253839054586	2.570055621983916	2.554330517340148	2.4857650733993673	1.535609169902126	1.54186667143872	2.5341162373953234	2.5938345277200296	2.3849533440883497	2.468624273389727	2.497557510645751	2.472073673383888	-0.5532266828535073	-0.07551093959517027
VUILD110LA_150_20_28	VUILD110LA	VUILD110	fold_1	epithelial_transitional	PF_ONLY	1.75682840867192	2.564966459320912	2.485201506181229	2.45120532691093	1.8780974390263334	1.8487417644719897	2.5075905876595472	2.593832028664617	2.2990461105983715	2.495272441047878	2.451706555644705	2.499761912427827	-0.6943769182390103	-0.06566405548527357
VUILD110LA_150_20_29	VUILD110LA	VUILD110	fold_1	epithelial_transitional	PF_ONLY	1.03149405295254	2.5598772966579086	2.4988689542456006	2.4091989419333544	2.3567489627946583	2.2618009759172493	2.52329531536152	2.5938295296092044	2.4144672672044347	2.521651213126301	2.5049770000299003	2.527966835408903	-1.3777048889808143	-0.053502111219213326
VUILD110LA_150_20_36	VUILD110LA	VUILD110	fold_1	epithelial_transitional	PF_ONLY	1.49200256816826	2.524253158016882	2.4787025451615903	2.399731235378641	1.9568680012227992	1.9206552154722778	2.499450559216321	2.5938120362213173	2.25688122768992	2.4781546709014424	2.444211866245504	2.4837847793553545	-0.907728667210381	-0.06378114232708537
VUILD110LA_150_20_4	VUILD110LA	VUILD110	fold_1	epithelial_transitional	PF_ONLY	2.66978994559915	2.6871063632330023	2.577770810174321	2.4628408987888077	2.574789671003933	2.4734594338924025	2.577079910872596	2.593892005994516	2.593573327795618	2.658744242549182	2.5952714683142974	2.666516455446173	0.2069490468103421	-0.015798899445937476
VUILD110LA_150_20_9	VUILD110LA	VUILD110	fold_1	epithelial_transitional	PF_ONLY	2.47226081096665	2.6616605499179835	2.5637395304572803	2.510459302118905	2.264978010004148	2.2629960056773224	2.5163084361003176	2.593879510717454	2.5867016967950827	2.607634055169014	2.584535637603127	2.6127576691348073	-0.03819849115225482	-0.028060502685374113
VUILD110LA_150_21_16	VUILD110LA	VUILD110	fold_1	epithelial_transitional	PF_ONLY	2.0796152813081	2.6294893352471966	2.5125473660020585	2.4220140014518985	1.9941573984099734	1.9349066698057746	2.5240015480799682	2.5938629486438547	2.4657766018366143	2.5069875369364483	2.5359941151285312	2.514685902480145	-0.3423987201437986	-0.04453553098151927
VUILD110LA_150_21_19	VUILD110LA	VUILD110	fold_1	epithelial_transitional	PF_ONLY	2.159729170486	2.6142218472581855	2.466556501783564	2.3872100880122655	2.0211311813437094	1.946061613901485	2.520975758039051	2.5938554514776175	2.209159898212408	2.492738333784153	2.416795895700919	2.5014482906565703	-0.22748091752626554	-0.0713503858997826
VUILD110LA_150_21_22	VUILD110LA	VUILD110	fold_1	epithelial_transitional	PF_ONLY	3.35740354916484	2.5989543592691744	2.552946196760077	2.424646430193182	2.6140955306672025	2.5302548588407805	2.536783395848507	2.59384795431138	2.4524393914305964	2.613876623265343	2.531505860964428	2.621068500098039	0.9327571189716579	-0.030805619160733266
VUILD110LA_150_21_23	VUILD110LA	VUILD110	fold_1	epithelial_transitional	PF_ONLY	1.85021274735559	2.5938651966061705	2.5160509954238957	2.4974491257566673	1.8299830842362637	1.8319049583967106	2.547591300537621	2.5938454552559675	2.3510762051958904	2.541804138780398	2.4910121791818454	2.545838887902721	-0.6472363784010773	-0.056008669671838394
VUILD110LA_150_21_25	VUILD110LA	VUILD110	fold_1	epithelial_transitional	PF_ONLY	2.46864479951799	2.583686871280163	2.5416446860312356	2.5116498755800336	2.1235854933836933	2.130601778535303	2.5134259370764704	2.5938404571451428	2.3748499041175966	2.5360348074349397	2.481196280443101	2.5391851163888224	-0.043005076062043734	-0.062072726662913684
VUILD110LA_150_21_28	VUILD110LA	VUILD110	fold_1	epithelial_transitional	PF_ONLY	1.58319997753112	2.5684193832911517	2.526356233432712	2.454430732487412	2.0725348920155415	2.0226991464023327	2.521654603960748	2.593832959978905	2.272649670420079	2.509580796405097	2.4405461673739195	2.514020899584292	-0.8712307549562919	-0.0714947692556221
VUILD110LA_150_21_33	VUILD110LA	VUILD110	fold_1	epithelial_transitional	PF_ONLY	1.98863321161074	2.542973569976133	2.5681245130953174	2.4794200914493696	1.8370421661884353	1.8368369597311665	2.503145601939579	2.5938204647018432	2.3387791157453037	2.453267461389545	2.477265518695408	2.4559857241363843	-0.4907868798386297	-0.0700086680316997
VUILD110LA_150_21_34	VUILD110LA	VUILD110	fold_1	epithelial_transitional	PF_ONLY	2.54424480823704	2.5378844073131295	2.4298825446752454	2.3425334871607024	1.964885199985678	1.875779010815934	2.439126456601775	2.5938179656464304	2.37582110277383	2.494953464710579	2.5104915925880893	2.503498203149916	0.2017113210763375	-0.05446966083733439
VUILD110LA_150_21_35	VUILD110LA	VUILD110	fold_1	epithelial_transitional	PF_ONLY	2.42827455454834	2.5327952446501256	2.5125708664083737	2.4116551435772258	2.0524170070132417	1.9878319479138082	2.5383096210656375	2.593815466591018	2.3433909452713984	2.517637507805181	2.480349070271409	2.5235517621546584	0.016619410971114412	-0.05907554229700666
VUILD110LA_150_21_9	VUILD110LA	VUILD110	fold_1	epithelial_transitional	PF_ONLY	2.73122298265091	2.665113473888223	2.568277953537241	2.514143756658456	2.0236827156528396	2.047213463675565	2.4942716583942794	2.5938804420317423	2.496811799127541	2.5319986585904983	2.539294279231995	2.5366400368965065	0.21707922599245366	-0.04708506639231086
VUILD110LA_150_22_10	VUILD110LA	VUILD110	fold_1	epithelial_transitional	PF_ONLY	2.65963376524789	2.663477235195459	2.527083890732542	2.494510054294049	1.88299428171223	1.878536914966681	2.5320178363870083	2.5938788742906183	2.3646404621265242	2.5071892749440323	2.4897376183494733	2.5128316916020825	0.16512371095384104	-0.045017236844018295
VUILD110LA_150_22_11	VUILD110LA	VUILD110	fold_1	epithelial_transitional	PF_ONLY	2.03252421086756	2.658388072532455	2.5441014550243737	2.5026591551254542	1.9668925361162886	1.9499161809404937	2.5187498178846317	2.5938763752352054	2.4030404391690516	2.531464835531588	2.50449240894479	2.536450266895089	-0.47013494425789437	-0.05683498601712425
VUILD110LA_150_22_13	VUILD110LA	VUILD110	fold_1	epithelial_transitional	PF_ONLY	2.75106375419751	2.6482097472064474	2.5734084275069966	2.518708363575571	2.095622307663942	2.068812022237725	2.5549668914691983	2.5938713771243807	2.3627229665121567	2.5386774578726903	2.4757899449955083	2.5425079031100206	0.23235539062193888	-0.060923036166737776
VUILD110LA_150_22_16	VUILD110LA	VUILD110	fold_1	epithelial_transitional	PF_ONLY	2.72469881313332	2.6329422592174363	2.535150017325664	2.4412746543093777	2.15480155780675	2.084079624865093	2.5182738118695895	2.593863879958143	2.478236430552769	2.566730240374061	2.543731382061828	2.573787625533097	0.2834241588239421	-0.04045166851639876
VUILD110LA_150_22_21	VUILD110LA	VUILD110	fold_1	epithelial_transitional	PF_ONLY	1.55221807198718	2.6074964459024175	2.5364701621245445	2.392226641463752	1.9986864108673301	1.9099647546872136	2.582106312130803	2.593851384681081	2.488967711045129	2.5727095868036347	2.5619485653646077	2.5814499688245838	-0.8400085694765718	-0.03978237063040757
VUILD110LA_150_22_23	VUILD110LA	VUILD110	fold_1	epithelial_transitional	PF_ONLY	2.13641728850775	2.59731812057641	2.5520757938852805	2.453949867302261	1.8587730902490998	1.8426675782552646	2.515868315207228	2.593846386570256	2.192143830914156	2.4101518749612874	2.416022301376768	2.41553502170463	-0.3175325787945109	-0.06524302029984097
VUILD110LA_150_22_24	VUILD110LA	VUILD110	fold_1	epithelial_transitional	PF_ONLY	3.69640306361136	2.5922289579134064	2.578990632770578	2.5561997570543435	2.135232757791432	2.1913626176965266	2.5451386140111114	2.5938438875148435	2.319518304461362	2.474460935909482	2.4560764458072257	2.4755930282615317	1.1402033065570163	-0.06491603280293855
VUILD110LA_150_22_26	VUILD110LA	VUILD110	fold_1	epithelial_transitional	PF_ONLY	2.09256901347187	2.5820506325873986	2.536640898512664	2.490380592069845	1.554264600556535	1.568338508568381	2.516024408964358	2.5938388894040187	2.360616456231795	2.466731449264231	2.485346254416464	2.4699896490297504	-0.3978115785979752	-0.07000072850084939
VUILD110LA_150_22_32	VUILD110LA	VUILD110	fold_1	epithelial_transitional	PF_ONLY	1.51750485204501	2.5515156566093764	2.5430799944486826	2.4729329382731677	1.7683859026404702	1.7383770519844979	2.5390678329011918	2.593823895071544	2.286957318541073	2.549469047057897	2.4546496465186496	2.553084319424523	-0.9554280862281577	-0.05058411651915729
VUILD110LA_150_22_35	VUILD110LA	VUILD110	fold_1	epithelial_transitional	PF_ONLY	1.4445711365154	2.536248168620365	2.4946824081488645	2.399599689172027	1.9482075346191925	1.894421600673236	2.4952321906641357	2.5938163979053064	2.2372048637118236	2.456842227900783	2.42691252248086	2.46268828380345	-0.9550285526566269	-0.07005232510278782
VUILD110LA_150_22_6	VUILD110LA	VUILD110	fold_1	epithelial_transitional	PF_ONLY	3.08476723339472	2.683833885847474	2.562192556249322	2.501172471190567	2.4482017367104185	2.3891284615190598	2.5695432636323265	2.593888870512268	2.5204934433652935	2.6070139865552795	2.5584272952040976	2.6127523782724262	0.5835947622041529	-0.049354322799793814
VUILD110LA_150_23_11	VUILD110LA	VUILD110	fold_1	epithelial_transitional	PF_ONLY	2.64091300860134	2.6618409965026943	2.5927838946262223	2.5651932369975867	2.4225267584656427	2.4219076135906548	2.5820124888676688	2.5938773065494938	2.4819227211884125	2.5321792541694705	2.537665516282477	2.534727552411325	0.0757197716037532	-0.03224535072369706
VUILD110LA_150_23_12	VUILD110LA	VUILD110	fold_1	epithelial_transitional	PF_ONLY	2.26922257178002	2.656751833839691	2.6113976906862213	2.6021754034206346	2.1277459083856587	2.1567330359727777	2.5371580855298363	2.5938748074940814	2.3110091150320504	2.500808925693992	2.4598127860903403	2.5014771362793717	-0.33295283164061473	-0.06059124167084944
VUILD110LA_150_23_13	VUILD110LA	VUILD110	fold_1	epithelial_transitional	PF_ONLY	2.89701788871237	2.651662671176687	2.610263170563538	2.5369381080794784	1.7679106029720106	1.784848445164947	2.5684027001962098	2.593872308438669	2.3003954200658567	2.4916146326605193	2.4580648886766134	2.4946742837493194	0.3600797806328915	-0.07268605985743193
VUILD110LA_150_23_17	VUILD110LA	VUILD110	fold_1	epithelial_transitional	PF_ONLY	1.91246372869421	2.631306020524672	2.521240211259447	2.4455128711211147	2.289608728973051	2.222129242098525	2.5263215969398867	2.593862312217019	2.4002297020721652	2.510360142964323	2.507723167038791	2.5169856524808076	-0.5330491424269046	-0.0475508881821799
VUILD110LA_150_23_20	VUILD110LA	VUILD110	fold_1	epithelial_transitional	PF_ONLY	2.95237337060116	2.616038532535661	2.562905873745428	2.52670240467271	1.7308060939307275	1.74409071315019	2.5304731288468743	2.593854815050782	2.3940853243097857	2.531313962844034	2.502537564359602	2.5344233337942765	0.42567096592845033	-0.05960305678920963
VUILD110LA_150_23_23	VUILD110LA	VUILD110	fold_1	epithelial_transitional	PF_ONLY	2.75864921322218	2.6007710445466494	2.5039889665832	2.4618263881640217	2.096290489306793	2.01334380857437	2.5709833282393175	2.5938473178845443	2.3524840678499594	2.521493633076492	2.4915515969728115	2.5267942917305817	0.2968228250581584	-0.04113615515817205
VUILD110LA_150_23_26	VUILD110LA	VUILD110	fold_1	epithelial_transitional	PF_ONLY	2.15466418588052	2.5855035565576383	2.5434801709615367	2.4960734287739634	1.6468621942336152	1.6644279323946314	2.4920814874180413	2.593839820718307	2.3990590863439794	2.460963894872357	2.5032044853208264	2.4638637313646052	-0.3414092428934432	-0.06922898417366431
VUILD110LA_150_23_6	VUILD110LA	VUILD110	fold_1	epithelial_transitional	PF_ONLY	2.45158639291815	2.6872868098177136	2.524668202047649	2.416519296603021	2.3324156165305805	2.2258229374164227	2.548222629442681	2.593889801826556	2.3705399981205355	2.489586487639564	2.4892107520821547	2.498518264254137	0.03506709631512894	-0.05620957544501711
VUILD110LA_150_24_10	VUILD110LA	VUILD110	fold_1	epithelial_transitional	PF_ONLY	2.70902484630699	2.670383083135938	2.6080084359034794	2.578273176773474	2.1517374425105773	2.132208311825607	2.492083682107312	2.593880736919195	2.4264062578181105	2.4985805948103605	2.5124607113352795	2.5007564961256135	0.13075166953351625	-0.04879250533759404
VUILD110LA_150_24_11	VUILD110LA	VUILD110	fold_1	epithelial_transitional	PF_ONLY	2.37259374862814	2.665293920472934	2.602283979039853	2.5900754969027924	1.9711453069653504	1.9926605080278224	2.4971095239567296	2.593878237863782	2.330209365800285	2.4824932090844385	2.4672703283427166	2.484265195117674	-0.21748174827465228	-0.04335343476474593
VUILD110LA_150_24_12	VUILD110LA	VUILD110	fold_1	epithelial_transitional	PF_ONLY	2.23971272670159	2.66020475780993	2.58318768655365	2.5504550233958048	1.883567481655386	1.885387418325726	2.5272374147675345	2.5938757388083697	2.3341342695229557	2.4827660307115678	2.467522313903799	2.4856382587553494	-0.3107422966942148	-0.07179841978979773
VUILD110LA_150_24_15	VUILD110LA	VUILD110	fold_1	epithelial_transitional	PF_ONLY	2.78438736810421	2.644937269820919	2.53187169176012	2.5112639969808632	1.9474667595924766	1.932117129987014	2.5233857372027724	2.5938682416421326	2.371832361639384	2.525420746903234	2.489078851236956	2.529781693324251	0.2731233711233467	-0.053163404342629984
VUILD110LA_150_24_16	VUILD110LA	VUILD110	fold_1	epithelial_transitional	PF_ONLY	1.86532358489394	2.639848107157915	2.579690312909665	2.52504166930208	1.849747736696671	1.861144853318512	2.5651129425878163	2.59386574258672	2.3538217534732575	2.5309055408195644	2.489471571587366	2.5345846768637745	-0.6597180844081398	-0.05226582449648315
VUILD110LA_150_24_17	VUILD110LA	VUILD110	fold_1	epithelial_transitional	PF_ONLY	1.46778308149397	2.6347589444949118	2.6051913851644946	2.5458821818592017	1.8790746196176693	1.9260474332562798	2.5597291166140486	2.5938632435313074	2.270767846684537	2.4845219711802335	2.4481959780137577	2.487095820429741	-1.0780991003652316	-0.059545890389444925
VUILD110LA_150_24_18	VUILD110LA	VUILD110	fold_1	epithelial_transitional	PF_ONLY	2.52474867148972	2.629669781831908	2.553653457361278	2.501920747465159	2.077073530248285	2.097412220559092	2.6303155973712924	2.593860744475895	2.4199298611165982	2.580396509640692	2.513510626401737	2.5851467415400853	0.02282792402456124	-0.051437151156727125
VUILD110LA_150_24_25	VUILD110LA	VUILD110	fold_1	epithelial_transitional	PF_ONLY	1.96684006819393	2.5940456431908814	2.559144645904763	2.530114586182646	1.9470039744003607	1.9762368797071035	2.5563410169040806	2.593843251088008	2.276831225866844	2.4857019555481075	2.44075314896215	2.48793627561515	-0.5632745179887162	-0.07339469392961463
VUILD110LA_150_24_31	VUILD110LA	VUILD110	fold_1	epithelial_transitional	PF_ONLY	1.85755049467758	2.563510667212859	2.5595226064968903	2.534581247908524	1.9075692430812277	1.9164573653210226	2.5459073463065316	2.593828256755533	2.314868071254124	2.4857447723093924	2.458712555152233	2.4869600457196634	-0.6770307532309441	-0.06654536228442375
VUILD110LA_150_24_34	VUILD110LA	VUILD110	fold_1	epithelial_transitional	PF_ONLY	0.914458900694436	2.548243179223848	2.529349541893101	2.454217144187302	2.208164881567971	2.1992741014045145	2.5121990358953585	2.5938207595892955	2.3949625798046767	2.4779052016645937	2.4963914994453305	2.481819346160642	-1.5397582434928658	-0.05694227815837782
VUILD110LA_150_25_10	VUILD110LA	VUILD110	fold_1	epithelial_transitional	PF_ONLY	2.47578970256587	2.6738360071061775	2.628897322964377	2.61080161384679	1.7306059820028168	1.7346876680131604	2.517501946664016	2.5938816682334833	2.358710408278839	2.4561221533940456	2.49309217738056	2.4568360682630983	-0.13501191128092005	-0.05324618805787092
VUILD110LA_150_25_11	VUILD110LA	VUILD110	fold_1	epithelial_transitional	PF_ONLY	2.87808042775646	2.6687468444431737	2.611392486034879	2.592596783121776	2.038729402040304	2.040444571931565	2.5128860109400364	2.5938791691780705	2.489661815047152	2.51725008973672	2.550607602619245	2.518866983115704	0.28548364463468356	-0.048548547464260176
VUILD110LA_150_25_12	VUILD110LA	VUILD110	fold_1	epithelial_transitional	PF_ONLY	2.14105414391147	2.66365768178017	2.5702864092875726	2.517522908406705	2.2065563948868974	2.147593468247643	2.555857187868202	2.593876670122658	2.268630990480365	2.507800683227489	2.439754170029092	2.512116371758416	-0.37646876449523514	-0.06193740108391418
VUILD110LA_150_25_14	VUILD110LA	VUILD110	fold_1	epithelial_transitional	PF_ONLY	2.35713326171822	2.6534793564541626	2.5616913978295037	2.500914954103242	2.3539834482587936	2.3085940264863996	2.5309717901786626	2.5938716720118333	2.391553371245458	2.5844043762734357	2.494156300460025	2.5896523218114704	-0.14378169238502192	-0.024993791527531797
VUILD110LA_150_25_15	VUILD110LA	VUILD110	fold_1	epithelial_transitional	PF_ONLY	2.0643715136377	2.6483901937911587	2.5616901233289253	2.4913322325714775	2.07249820063335	2.0293755278298304	2.562451716567529	2.593869172956421	2.4297423101196354	2.553787719467522	2.5190366358064966	2.5592903701230076	-0.4269607189337776	-0.03651020800431291
VUILD110LA_150_25_17	VUILD110LA	VUILD110	fold_1	epithelial_transitional	PF_ONLY	2.56509405170152	2.638211868465151	2.5373048514936287	2.5050914864949356	2.244417716631455	2.2472067605339223	2.563062788136655	2.5938641748455957	2.4720964544257096	2.554658499386779	2.5315187458928667	2.559440585913908	0.060002565206584535	-0.04608699260657025
VUILD110LA_150_25_24	VUILD110LA	VUILD110	fold_1	epithelial_transitional	PF_ONLY	1.90367211079164	2.602587729824125	2.476942576378272	2.4404593699250063	2.030741836461977	1.999311891436992	2.5584698979784357	2.5938466814577086	2.3069017081656287	2.4533959337167577	2.4537348840306827	2.459450264981742	-0.5367872591333664	-0.0669146038902907
VUILD110LA_150_25_30	VUILD110LA	VUILD110	fold_1	epithelial_transitional	PF_ONLY	1.84478235244831	2.572052753846102	2.5177352241496522	2.4485384969687205	2.067406207633877	2.0789671864117665	2.5033763686730364	2.593831687125234	2.3077937691088377	2.478549284248135	2.4461376912624577	2.4830276389925223	-0.6037561445204105	-0.0659818337576678
VUILD110LA_150_25_35	VUILD110LA	VUILD110	fold_1	epithelial_transitional	PF_ONLY	1.13400896041463	2.5466069405310834	2.5272882682843765	2.457325991189604	1.9885733036692728	1.9933752743982986	2.492429967821983	2.5938191918481714	2.2861040416201712	2.4642227883867363	2.4466439499052757	2.467851731718174	-1.3233170307749742	-0.06483427609216627
VUILD110LA_150_25_7	VUILD110LA	VUILD110	fold_1	epithelial_transitional	PF_ONLY	2.82445901630829	2.6891034950951886	2.587563944686892	2.503788902735219	2.131824543107704	2.1191672030263122	2.575407155464796	2.5938891653997205	2.342761999509843	2.521104313004141	2.476766430316554	2.526631868773617	0.32067011357307074	-0.06367371321157858
VUILD110LA_150_25_9	VUILD110LA	VUILD110	fold_1	epithelial_transitional	PF_ONLY	2.05515912168107	2.6789251697691814	2.559748078165911	2.513856482269958	1.8048329315095817	1.7785997547279122	2.5419679608234547	2.5938841672888957	2.3932059010410556	2.537642745126257	2.4996410330239893	2.542675429598272	-0.458697360588888	-0.04916633745226245
VUILD110LA_150_26_10	VUILD110LA	VUILD110	fold_1	epithelial_transitional	PF_ONLY	3.1464440540574	2.6772889310764167	2.630237783157995	2.612714767994976	2.0079493837235303	1.9979474732326619	2.4807076085049298	2.5938825995477717	2.414537813971095	2.4755279987517707	2.511285545984729	2.4760946403000474	0.5337292860624241	-0.06177158288726677
VUILD110LA_150_26_11	VUILD110LA	VUILD110	fold_1	epithelial_transitional	PF_ONLY	3.17964959674094	2.672199768413413	2.598039755358379	2.5993685410209775	1.932638923887683	1.9582691322470795	2.5209705723247113	2.593880100492359	2.3117175194076984	2.45328061496628	2.460515821795901	2.454268104110096	0.5802810557199627	-0.053007993687760054
VUILD110LA_150_26_12	VUILD110LA	VUILD110	fold_1	epithelial_transitional	PF_ONLY	2.66598886657057	2.6671106057504095	2.572511284046989	2.534406787472859	2.121306844502313	2.1097421939242893	2.5709855736979175	2.5938776014369465	2.3017399909362246	2.470982131793234	2.456851352714347	2.4747670625031084	0.1315820790977109	-0.06306426700010222
VUILD110LA_150_26_13	VUILD110LA	VUILD110	fold_1	epithelial_transitional	PF_ONLY	3.10306251259514	2.6620214430874056	2.5851920012891494	2.5107693887198828	2.065808077104848	2.042166309148527	2.588004414926627	2.593875102381534	2.3738060227667277	2.4972021540335687	2.4896817160868174	2.501991799641168	0.5922931238752573	-0.05946072255156213
VUILD110LA_150_26_15	VUILD110LA	VUILD110	fold_1	epithelial_transitional	PF_ONLY	2.55938123122815	2.651843117761398	2.5641439132344748	2.5003095752407947	1.9262154754739815	1.9009052863857374	2.5453823549916343	2.5938701042707093	2.4155045465775333	2.5697479445762506	2.512715429782594	2.5747268352560355	0.05907165598735542	-0.05480057508956238
VUILD110LA_150_26_21	VUILD110LA	VUILD110	fold_1	epithelial_transitional	PF_ONLY	1.86378764720785	2.6213081417833757	2.5264425749423918	2.4551313791977836	1.8635578723353738	1.836594731717978	2.524027263850069	2.5938551099382345	2.315358743670029	2.504389390493527	2.45898486900752	2.510161239906557	-0.5913437319899335	-0.0654246097209235
VUILD110LA_150_26_23	VUILD110LA	VUILD110	fold_1	epithelial_transitional	PF_ONLY	3.19740763071693	2.611129816457368	2.5862339066227884	2.5243827711550644	2.5922047676923485	2.5427810536203905	2.5978072035818096	2.5938501118274093	2.4310214128508205	2.5406188745855993	2.5148312000319146	2.5435612628056807	0.6730248595618655	-0.03470989092031231
VUILD110LA_150_26_24	VUILD110LA	VUILD110	fold_1	epithelial_transitional	PF_ONLY	2.59111683916332	2.606040653794364	2.54128567438048	2.4865686199262838	2.1050238851315775	2.0915398804559957	2.558466743283786	2.593847612771997	2.298144153530674	2.466413208913505	2.444222444262081	2.4703695603736167	0.10454821923703639	-0.06793177352245755
VUILD110LA_150_26_25	VUILD110LA	VUILD110	fold_1	epithelial_transitional	PF_ONLY	2.13339018932871	2.6009514911313603	2.535772603986192	2.488538100357922	2.108279501337584	2.103660230309842	2.5186401053442538	2.5938451137165845	2.3562942492656362	2.456533943614912	2.4691522440045923	2.4602091275429316	-0.35514791102921217	-0.061587804222392746
VUILD110LA_150_26_26	VUILD110LA	VUILD110	fold_1	epithelial_transitional	PF_ONLY	2.31437067550659	2.595862328468357	2.5708691036675195	2.5469616427020627	2.4144479380048334	2.4050495239895233	2.5242822512812784	2.593842614661172	2.508976978151025	2.5047800101903377	2.556697165036911	2.506341152088918	-0.23259096719547268	-0.025000105519373185
VUILD110LA_150_26_27	VUILD110LA	VUILD110	fold_1	epithelial_transitional	PF_ONLY	2.45604547238873	2.590773165805353	2.625419700813885	2.590413981952229	2.8920744055886423	2.9048206805737937	2.545796456127394	2.5938401156057598	2.50896171798807	2.529000784789987	2.546653180501347	2.5285613803356606	-0.13436850956349922	-0.019338201094443928
VUILD110LA_150_26_30	VUILD110LA	VUILD110	fold_1	epithelial_transitional	PF_ONLY	1.46856914576806	2.575505677816342	2.4632311017053397	2.3872388036611882	2.1056654844915705	2.059836198317668	2.4984894018605646	2.593832618439522	2.2686961999423474	2.4392512992634634	2.438641811200002	2.4460816111907913	-0.9186696578931282	-0.0708389558480489
VUILD110LA_150_26_32	VUILD110LA	VUILD110	fold_1	epithelial_transitional	PF_ONLY	2.61077075195709	2.565327352490334	2.4893244369626997	2.407757929016335	2.113959068617329	2.029102296833594	2.4826727142270597	2.5938276203286974	2.399770422462706	2.5197214106852197	2.50654088820589	2.526438902628246	0.20301282294075484	-0.05976483449094381
VUILD110LA_150_26_38	VUILD110LA	VUILD110	fold_1	epithelial_transitional	PF_ONLY	3.11520183703133	2.534792376512312	2.475934121501005	2.3907762406263116	2.192742066685991	2.1253241924506874	2.51898565945711	2.5938126259962226	2.3465534662743663	2.5463569881829082	2.486616962465904	2.5525270938697595	0.7244255964050184	-0.05455661226906031
VUILD110LA_150_26_7	VUILD110LA	VUILD110	fold_1	epithelial_transitional	PF_ONLY	2.68072539166653	2.692556419065428	2.59968195096546	2.5641441843856936	2.034026861517284	2.0415769008513056	2.5603093844417097	2.593890096714009	2.2833772629926314	2.5118573356875893	2.445648230478686	2.514973102353423	0.11658120728083654	-0.07161036961071487
VUILD110LA_150_26_8	VUILD110LA	VUILD110	fold_1	epithelial_transitional	PF_ONLY	2.16097690123269	2.687467256402424	2.5745802509997233	2.5058253299891433	1.8228655986474824	1.7905870383129407	2.5225955993007627	2.5938875976585964	2.3370507679212724	2.516114226688304	2.4781500684779494	2.521455227153203	-0.3448484287564533	-0.051532486634119544
VUILD110LA_150_26_9	VUILD110LA	VUILD110	fold_1	epithelial_transitional	PF_ONLY	2.63991305236109	2.6823780937394206	2.5746256183107343	2.5343920318283955	2.03423786049332	2.0375024688883805	2.503573368086017	2.593885098603184	2.3984170752482306	2.5054034398649723	2.498063446958995	2.5094214231582344	0.10552102053269463	-0.056085607530880446
VUILD110LA_150_27_10	VUILD110LA	VUILD110	fold_1	epithelial_transitional	PF_ONLY	2.87963063943684	2.6807418550466564	2.615551331162709	2.586683721580232	2.1283961219965883	2.139675293398046	2.5115696263913345	2.59388353086206	2.37986438682335	2.4927940885159066	2.4866816820185673	2.494482909195518	0.2929469178566082	-0.05716416298711946
VUILD110LA_150_27_11	VUILD110LA	VUILD110	fold_1	epithelial_transitional	PF_ONLY	3.09129561575628	2.6756526923836526	2.6514510798533846	2.592313839105424	2.1527905551533424	2.161944036909776	2.5740501822290596	2.593881031806647	2.434223070907438	2.4866373489915645	2.51374243739977	2.488229419980619	0.49898177665085575	-0.04890911187502821
VUILD110LA_150_27_15	VUILD110LA	VUILD110	fold_1	epithelial_transitional	PF_ONLY	2.36342693875595	2.6552960417316376	2.5290417132245224	2.4141492545535015	2.315409284405785	2.2296714770832438	2.5362890364236375	2.5938710355849977	2.4755105192952667	2.5608133825715242	2.5375394036181262	2.5692467141571305	-0.0507223157975516	-0.031663559625677414
VUILD110LA_150_27_22	VUILD110LA	VUILD110	fold_1	epithelial_transitional	PF_ONLY	2.53389296649136	2.6196719030906115	2.5578880089902634	2.50145843299166	2.2398923311820718	2.2519041373140993	2.5487824885866597	2.5938535421971105	2.4968165415009307	2.453470184796581	2.535895260210528	2.4569559916010544	0.03243453349970027	-0.050142326157890806
VUILD110LA_150_27_23	VUILD110LA	VUILD110	fold_1	epithelial_transitional	PF_ONLY	2.25555380587702	2.6145827404276076	2.5590880277022947	2.551757372551131	1.9828920232767144	2.039482194909711	2.551053091561748	2.5938510431416977	2.2970860926815106	2.435788173860991	2.444432756899467	2.437203816891299	-0.29620356667411096	-0.05874464647215882
VUILD110LA_150_27_24	VUILD110LA	VUILD110	fold_1	epithelial_transitional	PF_ONLY	2.79737442555199	2.6094935777646038	2.6025350029930245	2.5576741904985223	2.4493555512824634	2.4879606947677035	2.5492366513905877	2.5938485440862853	2.4068276094135936	2.5242741611120167	2.4881428564816592	2.525624784723961	0.23970023505346782	-0.031153800332640876
VUILD110LA_150_27_26	VUILD110LA	VUILD110	fold_1	epithelial_transitional	PF_ONLY	2.26651970216916	2.5993152524385965	2.5999332594506916	2.557093684510671	2.4859342636949444	2.477048007883579	2.527747949925035	2.5938435459754605	2.418181377688269	2.5264106212182083	2.513140689227623	2.5278691744889117	-0.290573982341511	-0.03451299642966889
VUILD110LA_150_27_29	VUILD110LA	VUILD110	fold_1	epithelial_transitional	PF_ONLY	1.3215133466065	2.584047764449585	2.538742357547812	2.458350398870562	1.7767840689726784	1.7685000520863796	2.5162792697419114	2.593836048809223	2.3074384164369244	2.449098513006306	2.455296498291591	2.453536385842236	-1.136837052264062	-0.07463090412346564
VUILD110LA_150_27_6	VUILD110LA	VUILD110	fold_1	epithelial_transitional	PF_ONLY	2.67394388271275	2.7010985056986714	2.528901609146762	2.470882426232634	1.8299232705742086	1.7925753486165514	2.5399768209340596	2.5938935270837096	2.288830574674144	2.4566490772549816	2.4556532620333877	2.463578595383307	0.20306145648011587	-0.07273150479115341
VUILD110LA_150_27_7	VUILD110LA	VUILD110	fold_1	epithelial_transitional	PF_ONLY	2.44550177767188	2.6960093430356675	2.6128550293037027	2.535010108697355	1.866789562538472	1.8556155562723577	2.554033472304065	2.593891028028297	2.3304898144234603	2.471062341191103	2.4691557572970284	2.475351546179008	-0.08950833102547495	-0.07256360801768792
VUILD110LA_150_27_8	VUILD110LA	VUILD110	fold_1	epithelial_transitional	PF_ONLY	2.64669819447584	2.6909201803726637	2.531956007030575	2.4738793550486977	1.9018009768461854	1.8591890889117633	2.522623303414722	2.593888528972885	2.265517826057245	2.494356736785683	2.4501379648885875	2.501132325935318	0.17281883942714238	-0.05990837655737778
VUILD110LA_150_28_10	VUILD110LA	VUILD110	fold_1	epithelial_transitional	PF_ONLY	2.57695528041472	2.6841947790168956	2.57482060305422	2.4869650298341046	2.2738524349463503	2.200014442327742	2.5054461010399613	2.5938844621763484	2.454070108409229	2.49832133804705	2.5241393591509893	2.5044032734565347	0.0899902505806156	-0.043723816929629095
VUILD110LA_150_28_12	VUILD110LA	VUILD110	fold_1	epithelial_transitional	PF_ONLY	2.44680612703605	2.6740164536908884	2.5405643405867537	2.4646216275222743	2.4181479654275266	2.3421492025680273	2.5947222988377643	2.593879464065523	2.443653625435795	2.4925801323098136	2.519160681579157	2.4993435401396638	-0.017815500486224156	-0.05132604438130057
VUILD110LA_150_28_14	VUILD110LA	VUILD110	fold_1	epithelial_transitional	PF_ONLY	2.65825255122871	2.6638381283648807	2.4990798547125985	2.4132572562735333	2.079956634452599	2.0124763886403807	2.529259301362692	2.5938744659546984	2.4396456745956008	2.5527541033892875	2.5257411674913146	2.561496494549476	0.24499529495517658	-0.04839409502546357
VUILD110LA_150_28_16	VUILD110LA	VUILD110	fold_1	epithelial_transitional	PF_ONLY	2.04640475993174	2.6536598030388734	2.596211957834506	2.555921581880374	2.181229834005773	2.2208687656622126	2.544344102176251	2.5938694678438736	2.4309303659061596	2.573514247781765	2.515823710466223	2.576544939889249	-0.5095168219486341	-0.048529813022412736
VUILD110LA_150_28_20	VUILD110LA	VUILD110	fold_1	epithelial_transitional	PF_ONLY	2.55236850943155	2.6333031523868584	2.5683410576208394	2.4771690329050386	2.7437381103963103	2.686761685377084	2.6066695909451787	2.5938594716222236	2.5922516826579867	2.5812498238771604	2.5858250759755115	2.586523674949994	0.07519947652651116	-0.03249001676449852
VUILD110LA_150_28_22	VUILD110LA	VUILD110	fold_1	epithelial_transitional	PF_ONLY	2.84033657502427	2.6231248270608507	2.5871366218414003	2.555462246398395	2.1773598168704433	2.211779883839264	2.533764560988507	2.593854473511399	2.579216082686328	2.4817424393762595	2.572376831633566	2.4834333964921194	0.28487432862587525	-0.0507258072650254
VUILD110LA_150_28_23	VUILD110LA	VUILD110	fold_1	epithelial_transitional	PF_ONLY	2.42583949666421	2.6180356643978473	2.6049853671400127	2.559737674801044	2.845152436150962	2.8133585481328045	2.561298859115919	2.593851974455986	2.59079313784776	2.5177761748909235	2.5730213637641093	2.51931141901768	-0.13389817813683402	-0.03011916612456511
VUILD110LA_150_28_24	VUILD110LA	VUILD110	fold_1	epithelial_transitional	PF_ONLY	2.42376015048573	2.6129465017348434	2.5945253991970834	2.548030608157667	2.950567668199661	2.9303449749274235	2.5650382134124525	2.5938494754005736	2.41203915912773	2.499881848382199	2.4930864970695445	2.501833528929187	-0.12427045767193734	-0.02889958059967279
VUILD110LA_150_28_26	VUILD110LA	VUILD110	fold_1	epithelial_transitional	PF_ONLY	2.16540141562147	2.6027681764088357	2.577387068157329	2.527394234612122	2.6856577927470857	2.649031057866713	2.5296755359628524	2.593844477289749	2.456453125279187	2.4991340523664523	2.5225006562557364	2.501256620459569	-0.36199281899065205	-0.03678548169330843
VUILD110LA_150_28_27	VUILD110LA	VUILD110	fold_1	epithelial_transitional	PF_ONLY	2.36320232893283	2.597679013745832	2.592206269506009	2.54073710974376	2.551631773979739	2.553801216494632	2.5372655830200115	2.5938419782343365	2.480264731541407	2.4392211230335477	2.536880221243459	2.440832839042858	-0.17753478081092977	-0.045342659885538206
VUILD110LA_150_28_30	VUILD110LA	VUILD110	fold_1	epithelial_transitional	PF_ONLY	2.283893765612	2.5824115257568208	2.601731057143171	2.516436750803356	3.2019684269130804	3.186900016555637	2.539837218813071	2.593834481068099	2.5034676565977314	2.489062903406277	2.536417182971527	2.4911366076762147	-0.23254298519135608	-0.024746008412860863
VUILD110LA_150_28_32	VUILD110LA	VUILD110	fold_1	epithelial_transitional	PF_ONLY	1.57707852062892	2.572233200430813	2.4380032141114842	2.374825928429585	2.2122166246802477	2.105719652728739	2.494589108979283	2.593829482957274	2.3494542797718942	2.4891769465283833	2.4945030289775865	2.4968705895489838	-0.7977474078006652	-0.06092475347403909
VUILD110LA_150_28_35	VUILD110LA	VUILD110	fold_1	epithelial_transitional	PF_ONLY	1.70797542132112	2.556965712441802	2.479539048125812	2.4142872129013973	1.9121816433934389	1.8724925023212053	2.517280739508772	2.5938219857910365	2.237735488486912	2.44360121330971	2.426737773132956	2.4492481051779174	-0.7063117915802772	-0.0721675639809262
VUILD110LA_150_28_37	VUILD110LA	VUILD110	fold_1	epithelial_transitional	PF_ONLY	1.78004777990241	2.5467873871157947	2.5010060462538957	2.410263722996292	1.7848138892332883	1.735511152048317	2.499984245829379	2.5938169876802117	2.2996277190936327	2.453911221603826	2.452151833728561	2.4596154388931577	-0.6302159430938823	-0.07986278769471852
VUILD110LA_150_28_8	VUILD110LA	VUILD110	fold_1	epithelial_transitional	PF_ONLY	1.70660682658392	2.6943731043429033	2.519756328816206	2.426040522716531	1.838939443781213	1.7406982251212035	2.516099849834727	2.593889460287173	2.3350823085289223	2.495103365410236	2.4811550640096556	2.503926703733878	-0.7194336961326109	-0.06478858214087896
VUILD110LA_150_29_12	VUILD110LA	VUILD110	fold_1	epithelial_transitional	PF_ONLY	2.84902254654375	2.677469377661128	2.5882264181818146	2.521980257596813	1.9253924823629958	1.9109746995060655	2.534202621074382	2.5938803953798115	2.350173131064274	2.4726710948087174	2.4766266824158603	2.477283164154215	0.3270422889469371	-0.07166148688675238
VUILD110LA_150_29_14	VUILD110LA	VUILD110	fold_1	epithelial_transitional	PF_ONLY	2.64463896220936	2.6672910523351203	2.5983801714739294	2.5151535367844127	2.448742291663618	2.3699531265355067	2.5554552408789784	2.5938753972689867	2.4943287208339116	2.553789042923649	2.5405637949077216	2.558385488061151	0.12948542542494712	-0.0470210374721674
VUILD110LA_150_29_15	VUILD110LA	VUILD110	fold_1	epithelial_transitional	PF_ONLY	3.20291573867482	2.6622018896721165	2.5223369102182813	2.4870779860620473	2.7137299023283523	2.637397825350813	2.570839445941068	2.5938728982135744	2.5337649387655223	2.5795179116553695	2.5632604776401413	2.585338898169015	0.7158377526127726	-0.029107723111827
VUILD110LA_150_29_16	VUILD110LA	VUILD110	fold_1	epithelial_transitional	PF_ONLY	2.45044912578101	2.6571127270091126	2.596826264634232	2.538313631188873	2.1394134538615632	2.1564373661508114	2.527941742823411	2.593870399158162	2.442161483775383	2.5630924234536208	2.520535675052729	2.566638343406591	-0.08786450540786328	-0.047280897467733736
VUILD110LA_150_29_18	VUILD110LA	VUILD110	fold_1	epithelial_transitional	PF_ONLY	2.71746177343649	2.6469344016831053	2.588593121002681	2.535829066013781	2.6117682877876014	2.599832530747623	2.553901783401559	2.5938654010473368	2.4609534123601287	2.5078608570264302	2.5196464883180454	2.5111361103600705	0.18163270742270887	-0.04969184824773382
VUILD110LA_150_29_21	VUILD110LA	VUILD110	fold_1	epithelial_transitional	PF_ONLY	2.93361224161379	2.6316669136940942	2.5472274786222355	2.4903669553999013	2.211359940217376	2.190226600063413	2.529397406044935	2.5938579038810996	2.5096553746796757	2.515810505685533	2.55506214124164	2.52040458171381	0.4432452862138887	-0.045372843072240675
VUILD110LA_150_29_22	VUILD110LA	VUILD110	fold_1	epithelial_transitional	PF_ONLY	2.72600863969184	2.6265777510310904	2.6114742243621953	2.5619079163690532	2.6458447179587727	2.6280886349738033	2.5543575372001164	2.593855404825687	2.584877237403491	2.5486349829511803	2.5629558728582897	2.5503498063005567	0.1641007233227869	-0.04130629341245908
VUILD110LA_150_29_25	VUILD110LA	VUILD110	fold_1	epithelial_transitional	PF_ONLY	1.57760170072594	2.611310263042079	2.5456468844740194	2.4674942314702704	2.577269608079026	2.535996647234981	2.5572713201760595	2.5938479076594496	2.524740934302474	2.502647340118749	2.5418740695387765	2.507537071625093	-0.8898925307443304	-0.04323741481120281
VUILD110LA_150_29_30	VUILD110LA	VUILD110	fold_1	epithelial_transitional	PF_ONLY	2.04544859253379	2.5858644497270604	2.548186634443708	2.4873950779837943	2.53912134686465	2.543522950442811	2.5062108876976485	2.5938354123823872	2.382089712616169	2.486255347707852	2.4860165769684404	2.4896201392119788	-0.44194648545000437	-0.04271534759148416
VUILD110LA_150_29_35	VUILD110LA	VUILD110	fold_1	epithelial_transitional	PF_ONLY	1.20981380935141	2.5604186364120416	2.5174810209183898	2.4490481402226325	2.102105808379792	2.105828127787928	2.48553143660017	2.593822917105325	2.3286677145317003	2.5052262890124717	2.4623297564064917	2.5096695037700405	-1.2392343308712226	-0.06345820837460532
VUILD110LA_150_30_10	VUILD110LA	VUILD110	fold_1	epithelial_transitional	PF_ONLY	3.66538048489179	2.691100626957375	2.62442643515256	2.6016667788727514	2.2216220327254144	2.26083678448206	2.6242980168072503	2.593886324804925	2.48272464078604	2.52328935680441	2.5346835928240368	2.5249723545181273	1.0637137060190387	-0.040563256499867625
VUILD110LA_150_30_13	VUILD110LA	VUILD110	fold_1	epithelial_transitional	PF_ONLY	3.11926727046404	2.6758331389683634	2.613126269093229	2.5714348803484066	2.7501297263278124	2.750999455381603	2.536477950291772	2.5938788276386875	2.4817069094979938	2.535130591272577	2.525937945558209	2.5376264930555466	0.5478323901156332	-0.04837651957170318
VUILD110LA_150_30_14	VUILD110LA	VUILD110	fold_1	epithelial_transitional	PF_ONLY	2.38358619584991	2.67074397630536	2.597689165562441	2.5862973154873696	1.89042410500968	1.9445356168070735	2.522482915482629	2.593876328583275	2.38681429880585	2.548969482079663	2.4920651390083663	2.550639359255537	-0.2027111196374598	-0.06852887525930043
VUILD110LA_150_30_15	VUILD110LA	VUILD110	fold_1	epithelial_transitional	PF_ONLY	2.71731382665543	2.665654813642356	2.6243280837567124	2.5532602011332557	2.3025245615626044	2.278745227377418	2.5235273617282883	2.5938738295278627	2.3706664722906665	2.5169543009263697	2.4808165381419243	2.5195828472148563	0.1640536255221745	-0.05904042190137061
VUILD110LA_150_30_16	VUILD110LA	VUILD110	fold_1	epithelial_transitional	PF_ONLY	2.19954314729792	2.6605656509793523	2.549165736586949	2.552896585852453	2.287644017922167	2.2709071399194576	2.5639952867187223	2.5938713304724503	2.3890701704195987	2.5148128451182847	2.4939149190321532	2.5176603577148855	-0.35335343855453294	-0.050318713000148556
VUILD110LA_150_30_18	VUILD110LA	VUILD110	fold_1	epithelial_transitional	PF_ONLY	3.02636553861037	2.650387325653345	2.609758497898116	2.5813466699519227	2.475551403245224	2.5032244743127037	2.5400734754732066	2.593866332361625	2.450037505247421	2.5394050723866086	2.5051402574317576	2.5407862945149016	0.4450188686584471	-0.05258092801480527
VUILD110LA_150_30_19	VUILD110LA	VUILD110	fold_1	epithelial_transitional	PF_ONLY	3.10646016270746	2.645298162990341	2.639996353205755	2.597284264462859	2.195702923856458	2.200844504112159	2.5454576576091084	2.5938638333062127	2.5212003049408422	2.4883336398739107	2.5458172720068637	2.488986851556276	0.5091758982446013	-0.04397997530337566
VUILD110LA_150_30_22	VUILD110LA	VUILD110	fold_1	epithelial_transitional	PF_ONLY	2.36754355244545	2.6300306750013296	2.57508370708316	2.556133138611792	2.571447712177807	2.551683871028747	2.5636352540630325	2.5938563361399756	2.639551278309364	2.5314216531915177	2.5977472267732256	2.5334462061869485	-0.18858958616634203	-0.04363586861108112
VUILD110LA_150_30_24	VUILD110LA	VUILD110	fold_1	epithelial_transitional	PF_ONLY	2.57665664264557	2.6198523496753223	2.6281291039956054	2.54344366902997	2.5052235809042407	2.4897830721529512	2.5828626342235057	2.5938513380291504	2.4864879284248285	2.479232572179542	2.52984633099548	2.481287852310205	0.03321297361559994	-0.04695421116449001
VUILD110LA_150_30_25	VUILD110LA	VUILD110	fold_1	epithelial_transitional	PF_ONLY	1.94801769027452	2.6147631870123185	2.5243629049265115	2.5016072919203056	2.0596455527602044	2.059142821838904	2.5067766583631053	2.593848838973738	2.371361816685014	2.4438983216065964	2.480341473800524	2.4470074991274453	-0.5535896016457855	-0.06828438611375441
VUILD110LA_150_30_28	VUILD110LA	VUILD110	fold_1	epithelial_transitional	PF_ONLY	2.25878702739635	2.5994956990233073	2.619782546344656	2.562701314506235	2.917663384420389	2.884516148450494	2.5655305413068152	2.593841341807501	2.555432625276299	2.516754882054131	2.576261722562396	2.5175884917285294	-0.303914287109885	-0.026236918153062283
VUILD110LA_150_30_9	VUILD110LA	VUILD110	fold_1	epithelial_transitional	PF_ONLY	2.95628710078374	2.696189789620379	2.6008986269125214	2.5279714276673073	2.2198018621413715	2.156273640239926	2.620952203768792	2.5938888238603375	2.488880600164033	2.600879516383149	2.5455795151202945	2.60586566778287	0.4283156731164328	-0.040326790191044765
VUILD110LA_150_31_11	VUILD110LA	VUILD110	fold_1	epithelial_transitional	PF_ONLY	2.8745173792939	2.6894643882646108	2.5751004044282313	2.5718944083499427	1.8885542524385617	1.8948939900035575	2.5204047905766767	2.5938847570638006	2.332779819168425	2.463847288186672	2.460621871606482	2.466442621202013	0.3026229709439572	-0.0660487162308558
VUILD110LA_150_31_12	VUILD110LA	VUILD110	fold_1	epithelial_transitional	PF_ONLY	2.60880206056501	2.684375225601607	2.609550080408454	2.5600527895424974	1.8827446481357164	1.8510020847114945	2.526202246745588	2.5938822580083882	2.3792684226402625	2.449459810060347	2.4887270637205354	2.452360668513352	0.04874927102251281	-0.05563740563164669
VUILD110LA_150_31_13	VUILD110LA	VUILD110	fold_1	epithelial_transitional	PF_ONLY	2.90446471835964	2.679286062938603	2.6172117679702818	2.575675262324788	2.1263916055829686	2.113491151337382	2.5372013308926706	2.593879758952976	2.517921734804562	2.493274463320673	2.549457241997684	2.4956766597745577	0.3287894560348521	-0.04021369003140648
VUILD110LA_150_31_14	VUILD110LA	VUILD110	fold_1	epithelial_transitional	PF_ONLY	2.46384062656906	2.6741969002755996	2.5943370390255445	2.5680382002819995	1.8845579691518293	1.8550023542058915	2.4902599781309465	2.5938772598975635	2.3102561384848235	2.5384254481105324	2.4620222879369296	2.5410052917556465	-0.10419757371293947	-0.05222446968982973
VUILD110LA_150_31_15	VUILD110LA	VUILD110	fold_1	epithelial_transitional	PF_ONLY	2.73745484441323	2.669107737612596	2.597559081630804	2.56472427595684	1.8512454751983496	1.844457764399933	2.5096577034383025	2.593874760842151	2.3927016410847206	2.4985865324236505	2.497391730877541	2.5007505421105636	0.17273056845639	-0.06405743117191538
VUILD110LA_150_31_16	VUILD110LA	VUILD110	fold_1	epithelial_transitional	PF_ONLY	3.22217828719073	2.664018574949592	2.6270594742230178	2.5579388165480057	2.3516989426949357	2.2924578871047543	2.5599729477936184	2.5938722617867387	2.3825489912813893	2.489158885515065	2.4981277709503162	2.491788342728481	0.6642394706427242	-0.058847676868758435
VUILD110LA_150_31_19	VUILD110LA	VUILD110	fold_1	epithelial_transitional	PF_ONLY	3.0020441215065	2.6487510869605804	2.563998046858066	2.5186679826279543	2.241885537600015	2.2301967789167585	2.5362489476630055	2.593864764620501	2.4824331660454106	2.4798168428531837	2.5259694156933965	2.483259649295707	0.4833761388785458	-0.05415031267340568
VUILD110LA_150_31_22	VUILD110LA	VUILD110	fold_1	epithelial_transitional	PF_ONLY	2.83833049807129	2.6334835989715693	2.6217916795034206	2.5788174876065084	2.398421439718381	2.391086874184592	2.585420578337673	2.593857267454264	2.5930349902293	2.544770091007967	2.5871455959470895	2.5460878079115443	0.2595130104647816	-0.025770923472574828
VUILD110LA_150_31_24	VUILD110LA	VUILD110	fold_1	epithelial_transitional	PF_ONLY	2.29057731052772	2.623305273645562	2.5109963651888596	2.50379622159964	2.8066090051297365	2.783438846685628	2.513884099671036	2.5938522693434387	2.5032527230887185	2.4895844109874425	2.538359757244498	2.4932520491200756	-0.21321891107192004	-0.03171050253603551
VUILD110LA_150_31_25	VUILD110LA	VUILD110	fold_1	epithelial_transitional	PF_ONLY	1.66422990474769	2.618216110982558	2.572599764975285	2.5168658610260985	2.5444435503674097	2.5290563276396782	2.5105529085400464	2.5938497702880263	2.4137338704593576	2.4851511003328963	2.4983169330851998	2.4878677341252997	-0.8526359562784085	-0.04016789542520553
VUILD110LA_150_31_27	VUILD110LA	VUILD110	fold_1	epithelial_transitional	PF_ONLY	2.85348676409846	2.6080377856565504	2.6229746552108533	2.5666268568869897	2.6864245787269314	2.690044127896599	2.5361333081397848	2.5938447721772016	2.4030011538384755	2.5054446324331847	2.504480873050968	2.5063624186249434	0.28685990721147014	-0.032237950844852786
VUILD110LA_150_31_28	VUILD110LA	VUILD110	fold_1	epithelial_transitional	PF_ONLY	2.09161788085481	2.6029486229935466	2.5292515485846923	2.5236530187232766	2.536614781949832	2.522097721063819	2.5466037108969224	2.593842273121789	2.351417236136066	2.452489816784457	2.463451314115726	2.4548699327698387	-0.4320351378684668	-0.04046568256616258
VUILD110LA_150_31_8	VUILD110LA	VUILD110	fold_1	epithelial_transitional	PF_ONLY	2.60654715575932	2.704731876253622	2.5425224499571772	2.471778402140375	1.9327984336335324	1.8620592095387647	2.51501354077356	2.593892254230038	2.4591764993501743	2.556244836847164	2.5295792141030864	2.563590503960099	0.13476875361894525	-0.05368492421330721
VUILD110LA_150_32_12	VUILD110LA	VUILD110	fold_1	epithelial_transitional	PF_ONLY	2.58359409548748	2.687828149571846	2.5609808595246655	2.4953783902945275	2.7024119284218417	2.58919004419876	2.5142680503500805	2.5938831893226766	2.5057032520768323	2.483292567124133	2.5499553002348545	2.4890657019000635	0.08821570519295241	-0.03139732363744678
VUILD110LA_150_32_13	VUILD110LA	VUILD110	fold_1	epithelial_transitional	PF_ONLY	2.80119200559788	2.6827389869088427	2.566607110772053	2.529206325647163	2.4541715157637256	2.3782028569273046	2.568006080224151	2.593880690267264	2.5229391981839315	2.5019851174791765	2.565834907675625	2.50659268824484	0.271985679950717	-0.03443422447599867
VUILD110LA_150_32_14	VUILD110LA	VUILD110	fold_1	epithelial_transitional	PF_ONLY	2.87923965611043	2.677649824245839	2.613072900796421	2.547454598954024	2.3503582501354976	2.304428135410451	2.5671667718101276	2.593878191211852	2.5452307325888954	2.569485673235258	2.5839621430664326	2.5733506016279324	0.33178505715640627	-0.033943019979977125
VUILD110LA_150_32_15	VUILD110LA	VUILD110	fold_1	epithelial_transitional	PF_ONLY	1.85119735967262	2.672560661582835	2.549369148561972	2.536249697193839	1.9447243654659867	1.9236187907873752	2.531286696920966	2.5938756921564394	2.4349346905486855	2.4843130620338183	2.5221229403765166	2.4877396774913545	-0.685052337521219	-0.06931702026714873
VUILD110LA_150_32_16	VUILD110LA	VUILD110	fold_1	epithelial_transitional	PF_ONLY	2.93659077210512	2.667471498919831	2.6213194109076676	2.5528231571427704	1.8132178635990086	1.7920260658350702	2.5569269507938457	2.593873193101027	2.395417954361533	2.482499106475927	2.4954104205227394	2.4853963862993433	0.3837676149623497	-0.0789983116721826
VUILD110LA_150_32_18	VUILD110LA	VUILD110	fold_1	epithelial_transitional	PF_ONLY	2.32567283994309	2.657293173593824	2.55651756563546	2.471441410920945	1.9581535668317758	1.9216595460280899	2.5407236629324723	2.593868194990202	2.3164658849435216	2.435472388937982	2.457467039577967	2.4406570762276907	-0.14576857097785467	-0.07365505863842958
VUILD110LA_150_32_19	VUILD110LA	VUILD110	fold_1	epithelial_transitional	PF_ONLY	2.74358917472897	2.65220401093082	2.53845402825091	2.4952917321280617	2.1433853474822464	2.157347395071611	2.513177973505932	2.5938656959347894	2.3186845176956563	2.4463813040587388	2.455282406043053	2.450658509602868	0.24829744260090836	-0.06275259611437217
VUILD110LA_150_32_22	VUILD110LA	VUILD110	fold_1	epithelial_transitional	PF_ONLY	2.47401941867351	2.636936522941809	2.6330673963393183	2.6134860118572525	2.5152003873682536	2.503295255999606	2.5682349337663024	2.5938581987685523	2.4180762632428827	2.514268446118422	2.495013886411525	2.5138709108237265	-0.13946659318374266	-0.03229237748406848
VUILD110LA_150_32_23	VUILD110LA	VUILD110	fold_1	epithelial_transitional	PF_ONLY	2.07284843221306	2.631847360278805	2.622461964301555	2.6098869577253425	2.801214530169855	2.7803652903191822	2.573689983296148	2.5938556997131395	2.5147567736466185	2.5190962807956043	2.532768925135567	2.518626315063521	-0.5370385255122825	-0.04140444893685518
VUILD110LA_150_32_24	VUILD110LA	VUILD110	fold_1	epithelial_transitional	PF_ONLY	2.526321294619	2.626758197615801	2.587118848372743	2.5349729295784718	2.5345613371892415	2.490829889425117	2.536057290084232	2.593853200657727	2.42349679031344	2.469608696672893	2.5058455431935767	2.47191301283191	-0.008651634959471632	-0.03393073203548081
VUILD110LA_150_32_25	VUILD110LA	VUILD110	fold_1	epithelial_transitional	PF_ONLY	2.33659538080189	2.6216690349527974	2.5480006186280706	2.5359234704945117	2.4266093875421877	2.399044740904635	2.528541032119237	2.5938507016023147	2.465503810359306	2.4838632088504013	2.5199981692646727	2.486053940779861	-0.19932808969262172	-0.04620077133056873
VUILD110LA_150_32_26	VUILD110LA	VUILD110	fold_1	epithelial_transitional	PF_ONLY	2.27385902298202	2.616579872289794	2.5763247002112557	2.5545922210717436	2.281298118692842	2.287369485234932	2.5215230408933142	2.5938482025469023	2.3533102232216634	2.5011736779311353	2.4706255359297713	2.5026372432107826	-0.2807331980897234	-0.04449768651149075
VUILD110LA_150_33_10	VUILD110LA	VUILD110	fold_1	epithelial_transitional	PF_ONLY	3.24971574164299	2.7014593988680935	2.5929318433513675	2.528140430136357	2.1052610696757044	2.0571308543415316	2.583843100261766	2.59388911874779	2.4784733234713534	2.5289223467933173	2.534686713937343	2.5335090051223745	0.721575311506633	-0.0493620191720785
VUILD110LA_150_33_12	VUILD110LA	VUILD110	fold_1	epithelial_transitional	PF_ONLY	2.99788132932454	2.691281073542086	2.5515050186527723	2.4731126019798237	2.2199264271370756	2.1539799765584373	2.6006040515151567	2.593884120636965	2.3662270211651553	2.493049775699297	2.4880229951445205	2.49966952240093	0.5247687273447164	-0.0654004237998372
VUILD110LA_150_33_13	VUILD110LA	VUILD110	fold_1	epithelial_transitional	PF_ONLY	2.98614094726978	2.686191910879082	2.5628418808751516	2.512186817028142	2.165370609360207	2.136162093985928	2.541485787671292	2.5938816215815526	2.365943935589514	2.464521985151888	2.4805875654390004	2.468964207173722	0.47395413024163835	-0.06750198500767954
VUILD110LA_150_33_14	VUILD110LA	VUILD110	fold_1	epithelial_transitional	PF_ONLY	2.44080468514133	2.6811027482160785	2.619212923857606	2.5769597141743437	1.814844217556484	1.8339349054018612	2.5241670326973837	2.59387912252614	2.311515788287321	2.5129082464143693	2.455458214741417	2.5148645575865975	-0.1361550290330138	-0.07520076971873929
VUILD110LA_150_33_15	VUILD110LA	VUILD110	fold_1	epithelial_transitional	PF_ONLY	2.61960651740141	2.6760135855530747	2.63102266569541	2.586471631061173	2.0787441002684757	2.040595533487126	2.522456279215636	2.593876623470728	2.351959459545583	2.4892462465033804	2.4970673847132576	2.490792668814995	0.03313488634023676	-0.05252629162615175
VUILD110LA_150_33_16	VUILD110LA	VUILD110	fold_1	epithelial_transitional	PF_ONLY	2.72784928940202	2.670924422890071	2.5852113177087928	2.5524212052982618	2.0655729838613532	2.039992092726816	2.556994189272045	2.5938741244153154	2.3352316415526597	2.4930678242611735	2.469802694973353	2.495815275910813	0.17542808410375832	-0.05748022436987444
VUILD110LA_150_33_17	VUILD110LA	VUILD110	fold_1	epithelial_transitional	PF_ONLY	2.50807974634942	2.6658352602270674	2.5634691229759605	2.4718012635610997	2.1655752532879164	2.118731403929386	2.5165793537331704	2.5938716253599026	2.463493302367043	2.477060895702935	2.5352990020042903	2.4827384220458177	0.03627848278832024	-0.06343441082642784
VUILD110LA_150_33_19	VUILD110LA	VUILD110	fold_1	epithelial_transitional	PF_ONLY	2.65700187882673	2.6556569349010597	2.5852923644124988	2.512878115254767	2.454105234687891	2.4037237893552716	2.538994885474187	2.593866627249078	2.456085712832449	2.494118714619783	2.5066061890677833	2.4978647237017024	0.144123763571963	-0.05045004930117205
VUILD110LA_150_33_20	VUILD110LA	VUILD110	fold_1	epithelial_transitional	PF_ONLY	2.56234480973637	2.650567772238056	2.5714637394585638	2.548606636653203	2.0340024667405516	2.027673572748611	2.5045900677628117	2.5938641281936654	2.455169577520284	2.5229129875099265	2.521499517282843	2.5256634347882074	0.013738173083166938	-0.04560833173012265
VUILD110LA_150_33_22	VUILD110LA	VUILD110	fold_1	epithelial_transitional	PF_ONLY	2.68079788095243	2.640389446912048	2.591296929386157	2.6012168380923666	2.0290401534684714	2.035196102619202	2.545299752032278	2.5938591300828406	2.3506736381529105	2.497965801028681	2.4655264708696185	2.498210304476241	0.07958104286006362	-0.04918359652252257
VUILD110LA_150_33_23	VUILD110LA	VUILD110	fold_1	epithelial_transitional	PF_ONLY	2.5035612057192	2.6353002842490447	2.6154201522764664	2.603357826515374	2.543421224962852	2.533444100289041	2.549642881223026	2.593856631027428	2.4214958065943346	2.4751291392580983	2.494727381679179	2.4748753137983877	-0.09979662079617402	-0.04220445984452199
VUILD110LA_150_33_24	VUILD110LA	VUILD110	fold_1	epithelial_transitional	PF_ONLY	2.34384289242204	2.630211121586041	2.585732883431792	2.57050920541823	2.4583110344217878	2.4561410926741787	2.5368246140249204	2.5938541319720154	2.516745721575235	2.4835518445761364	2.537813369322504	2.4847372844578106	-0.2266663129961901	-0.04463630657379485
VUILD110LA_150_33_25	VUILD110LA	VUILD110	fold_1	epithelial_transitional	PF_ONLY	2.44010532740239	2.625121958923037	2.5920858923733507	2.5832966285009134	2.1541551650062183	2.1743718394951963	2.5381262002432856	2.593851632916603	2.4340640000702165	2.4650894322298105	2.519679603146824	2.4655214911869443	-0.1431913010985233	-0.04934136102109163
VUILD110LA_150_33_26	VUILD110LA	VUILD110	fold_1	epithelial_transitional	PF_ONLY	2.37892552803827	2.6200327962600336	2.6469461184100855	2.632343637827321	2.1522154331749386	2.223315407630723	2.522675775542328	2.5938491338611906	2.427932098923425	2.537861859679808	2.523297456500984	2.5362420275477247	-0.25341810978905066	-0.041958563164804535
VUILD110LA_150_33_30	VUILD110LA	VUILD110	fold_1	epithelial_transitional	PF_ONLY	1.22494503625545	2.599676145608018	2.5097740333908782	2.420389678240975	1.6966368038232917	1.702157649278508	2.5334811075557186	2.5938391376395407	2.297214982590275	2.493628840345812	2.4546621383481453	2.499729953065309	-1.1954446419855251	-0.07902900946802621
VUILD110LA_150_33_31	VUILD110LA	VUILD110	fold_1	epithelial_transitional	PF_ONLY	1.18162588532051	2.5945869829450148	2.4653768240037794	2.3827427737417772	2.028014476017305	1.916455737809625	2.522186338380495	2.5938366385841283	2.3034442166876476	2.491602116778637	2.4552990088832534	2.4991297987552556	-1.2011168884212673	-0.06470721789852153
VUILD110LA_150_34_12	VUILD110LA	VUILD110	fold_1	epithelial_transitional	PF_ONLY	2.56588690020894	2.6947339975123255	2.5422230446854033	2.5018245651910513	1.9999679336939324	1.961907381057229	2.538791168366773	2.5938850519512533	2.3293591280547283	2.4763503818843975	2.4735765687816453	2.4818096551080644	0.06406233501788883	-0.06624489658995371
VUILD110LA_150_34_13	VUILD110LA	VUILD110	fold_1	epithelial_transitional	PF_ONLY	2.92491221976249	2.6896448348493216	2.6204249520589387	2.5289905071238894	2.262987346189179	2.208613927868776	2.5528640887780174	2.593882552895841	2.363512410556476	2.5243079478139885	2.477540591896255	2.528532903264734	0.39592171263860054	-0.07017685928417416
VUILD110LA_150_34_15	VUILD110LA	VUILD110	fold_1	epithelial_transitional	PF_ONLY	2.51835585974003	2.679466509523314	2.6237520102825336	2.5702046904632905	2.321351236268279	2.2608835853788185	2.5563178172783414	2.593877554785016	2.5282274512605647	2.5294998706106426	2.569422427589933	2.5316348317474824	-0.05184883072326052	-0.0521333143679907
VUILD110LA_150_34_16	VUILD110LA	VUILD110	fold_1	epithelial_transitional	PF_ONLY	2.60565059740408	2.67437734686031	2.6039880061384095	2.5560474279836782	2.2117760270698485	2.194013581042081	2.5350181607760445	2.5938750557296038	2.533771092098247	2.5132202849813163	2.566618908875532	2.515830604617947	0.04960316942040155	-0.04257494112952438
VUILD110LA_150_34_17	VUILD110LA	VUILD110	fold_1	epithelial_transitional	PF_ONLY	2.58453007391611	2.6692881841973066	2.5406145316832482	2.541891564086824	1.823118487309154	1.8277865516973821	2.538822925774553	2.5938725566741914	2.362711030098376	2.4783784550383072	2.4773807086946333	2.481507312438814	0.042638509829286075	-0.07154989293278301
VUILD110LA_150_34_18	VUILD110LA	VUILD110	fold_1	epithelial_transitional	PF_ONLY	2.15499413588686	2.6641990215343028	2.631750084878425	2.552530490538808	2.0889646244774758	2.0733804348272025	2.5222586934123354	2.5938700576187785	2.3894427439874137	2.4553568212700636	2.487522528233018	2.4577737901818484	-0.39753635465194836	-0.05319778594181953
VUILD110LA_150_34_19	VUILD110LA	VUILD110	fold_1	epithelial_transitional	PF_ONLY	2.46708149685541	2.659109858871299	2.5791685684945618	2.5610490756207795	2.340192602272679	2.3287177616981207	2.539254371452175	2.593867558563366	2.3732567840430603	2.481839218366964	2.471709802801124	2.483898009156949	-0.09396757876536954	-0.05551371054001362
VUILD110LA_150_34_20	VUILD110LA	VUILD110	fold_1	epithelial_transitional	PF_ONLY	2.74120970951926	2.6540206962082955	2.6051861443439024	2.560710453773457	2.0403499819378763	2.0378556560018843	2.5440736071658283	2.5938650595079538	2.373113933975506	2.5168315290607235	2.476388076697705	2.5190380942309796	0.18049925574580294	-0.057998106006310134
VUILD110LA_150_34_22	VUILD110LA	VUILD110	fold_1	epithelial_transitional	PF_ONLY	2.5707502605473	2.643842370882288	2.638328996285615	2.6136507494022	2.0505310117796887	2.051157364785717	2.5339060900471924	2.593860061397129	2.4390646354770484	2.5007896083126364	2.5102503318093947	2.5007471293782833	-0.042900488854900054	-0.04931753128140263
VUILD110LA_150_34_23	VUILD110LA	VUILD110	fold_1	epithelial_transitional	PF_ONLY	2.37252143258596	2.638753208219284	2.6076676574426485	2.5871495418131425	2.1213483338489922	2.1073376389847325	2.5154303481297537	2.593857562341716	2.336133122847847	2.442602245196331	2.4738182297478954	2.443378879817959	-0.21462810922718267	-0.05465442636452109
VUILD110LA_150_34_24	VUILD110LA	VUILD110	fold_1	epithelial_transitional	PF_ONLY	2.39271831891362	2.63366404555628	2.5686961485290434	2.546746847672665	2.1401240454884554	2.098544596764594	2.5278930624944365	2.5938550632863038	2.3012838415988126	2.4800182163211972	2.4559413229673788	2.482347468476238	-0.15402852875904527	-0.06623350744762296
VUILD110LA_150_34_25	VUILD110LA	VUILD110	fold_1	epithelial_transitional	PF_ONLY	2.237097051459	2.6285748828932762	2.593736517144403	2.575898206606907	2.449299998322949	2.3771702722782893	2.5038879257506514	2.5938525642308914	2.3551609758634466	2.4552605247537898	2.4734337604346615	2.455999611370691	-0.3388011551479071	-0.0500952124410439
VUILD110LA_150_34_26	VUILD110LA	VUILD110	fold_1	epithelial_transitional	PF_ONLY	2.99379231661574	2.623485720230273	2.6189590762081756	2.57454338984884	2.40235073594947	2.3731360458861577	2.5196897230004445	2.593850065175479	2.510506012656428	2.534458589983185	2.562341078137948	2.5354633361732812	0.41924892676689973	-0.03401046675928125
VUILD110LA_150_35_14	VUILD110LA	VUILD110	fold_1	epithelial_transitional	PF_ONLY	2.73071188515572	2.6880085961565574	2.575019112288011	2.511057490034545	2.267408247678613	2.1942111971941674	2.5165879456172786	2.593880985154717	2.484664154535823	2.529873378110615	2.542300139907378	2.5350682981041324	0.21965439512117513	-0.03822979866588679
VUILD110LA_150_35_15	VUILD110LA	VUILD110	fold_1	epithelial_transitional	PF_ONLY	2.62289689171553	2.6829194334935536	2.5776359782787317	2.5554907352485325	1.98406695329271	1.9283075677969617	2.5024967350003635	2.5938784860993045	2.4856692913709675	2.481121091682586	2.5492665434622275	2.484037563571324	0.06740615646699766	-0.06503224508377933
VUILD110LA_150_35_16	VUILD110LA	VUILD110	fold_1	epithelial_transitional	PF_ONLY	2.48085770930854	2.6778302708305497	2.609929941446221	2.5634065531164483	1.6373364649871767	1.6330354648962642	2.4909875332625213	2.593875987043892	2.4287442099780416	2.477712703168619	2.5266751040571793	2.4802483572920604	-0.08254884380790806	-0.06670957915459551
VUILD110LA_150_35_17	VUILD110LA	VUILD110	fold_1	epithelial_transitional	PF_ONLY	2.46973896211655	2.6727411081675463	2.6465751624637535	2.5884416488978554	2.049152114152424	2.00463289588789	2.5086270299994746	2.5938734879884797	2.4267021443784214	2.474776014631655	2.5280523472523346	2.4765021216303253	-0.11870268678130547	-0.05151952397660051
VUILD110LA_150_35_18	VUILD110LA	VUILD110	fold_1	epithelial_transitional	PF_ONLY	2.57882057011742	2.6676519455045424	2.6195827573612114	2.6102627222155452	2.244378461255426	2.256380003154052	2.5213681605281946	2.593870988933067	2.483982231434724	2.4920405165742343	2.5344922892172783	2.4926207030889183	-0.0314421520981254	-0.049837999567496356
VUILD110LA_150_35_19	VUILD110LA	VUILD110	fold_1	epithelial_transitional	PF_ONLY	2.42884838784742	2.6625627828415386	2.5883232975349775	2.5713204639604172	2.176670268113781	2.1747995178884416	2.5424525420646455	2.5938684898776545	2.4002613553981242	2.4877214794393185	2.4890208758312715	2.4895142051334456	-0.1424720761129974	-0.06430789558849997
VUILD110LA_150_35_20	VUILD110LA	VUILD110	fold_1	epithelial_transitional	PF_ONLY	2.68438582732848	2.6574736201785347	2.593747974268156	2.572842312059033	2.6276325318750082	2.58589008947295	2.568678439391838	2.593865990822242	2.489572460447315	2.5810221815798227	2.5312344629541816	2.5829929746902534	0.11154351526944728	-0.043693002143954926
VUILD110LA_150_35_22	VUILD110LA	VUILD110	fold_1	epithelial_transitional	PF_ONLY	3.05425406585482	2.6472952948525275	2.61303505344067	2.619766346590907	2.1454249686893396	2.208048963848973	2.550277928063319	2.5938609927114173	2.4972157541281716	2.493816960922909	2.555461215767587	2.493802277653725	0.43448771926391316	-0.04749661064643062
VUILD110LA_150_35_23	VUILD110LA	VUILD110	fold_1	epithelial_transitional	PF_ONLY	2.15821794687599	2.6422061321895236	2.592727959375781	2.537873851452175	2.2292699078815668	2.1925598848227117	2.513271236840072	2.593858493656005	2.3448900337745493	2.5343596521918332	2.4787272091679813	2.5374331553034057	-0.3796559045761847	-0.044733822602289405
VUILD110LA_150_35_26	VUILD110LA	VUILD110	fold_1	epithelial_transitional	PF_ONLY	1.17579168237279	2.6269386442005125	2.5557219929120887	2.5683616077575167	1.8242161344547438	1.8385746269747187	2.5162379636964194	2.5938509964897674	2.3080209538063365	2.4830557099504067	2.4617245496364935	2.484086611494754	-1.3925699253847266	-0.07334310490714663
VUILD110LA_150_35_28	VUILD110LA	VUILD110	fold_1	epithelial_transitional	PF_ONLY	0.765809655243786	2.6167603188745048	2.5080440792522403	2.4425258405543926	1.9245629934997162	1.8903040512516993	2.510297130604754	2.5938459983789426	2.2755243984049294	2.424858773542665	2.4566906417842045	2.4304126877734924	-1.6767161853106067	-0.06709013505821242
VUILD110LA_150_36_17	VUILD110LA	VUILD110	fold_1	epithelial_transitional	PF_ONLY	2.40675075180017	2.6761940321377855	2.611071567963512	2.548868551370461	2.332649148626862	2.2873518711889305	2.5277714103391795	2.593874419302768	2.4993486732772308	2.4711223571615344	2.543239203302472	2.4739322755598803	-0.14211779957029114	-0.0418112714822497
VUILD110LA_150_36_18	VUILD110LA	VUILD110	fold_1	epithelial_transitional	PF_ONLY	2.35589325756709	2.6711048694747817	2.5921969151851707	2.574301740845923	2.3385852290625433	2.3049540254541427	2.5247917534982407	2.5938719202473552	2.4934364922850545	2.4670409793411245	2.5350220772794803	2.468841760344764	-0.2184084832788331	-0.05720385270468251
VUILD110LA_150_36_19	VUILD110LA	VUILD110	fold_1	epithelial_transitional	PF_ONLY	2.13343153227416	2.666015706811778	2.637922752886725	2.582703200848916	2.15015557030818	2.1120993760151254	2.558349795332036	2.593869421191943	2.477900291981282	2.508142790799175	2.5447725160822974	2.50992737989108	-0.449271668574756	-0.041806027458308394
VUILD110LA_150_36_22	VUILD110LA	VUILD110	fold_1	epithelial_transitional	PF_ONLY	1.7897755907355	2.6507482188227667	2.569266781092024	2.539902739612263	1.9040492346369868	1.8903223768285806	2.4918320983698514	2.5938619240257057	2.225066608294493	2.433736782959056	2.4311525002186767	2.4364307077137997	-0.7501271488767631	-0.05778553897293708
VUILD110LA_150_36_23	VUILD110LA	VUILD110	fold_1	epithelial_transitional	PF_ONLY	1.67559520500494	2.6456590561597633	2.515996478543998	2.478340158483583	1.9040808856325038	1.8403336509288049	2.486896599712927	2.5938594249702933	2.2704302493574904	2.4386823910910924	2.4419995650363036	2.44382728089734	-0.8027449534786428	-0.06292080003397967
VUILD110LA_150_36_24	VUILD110LA	VUILD110	fold_1	epithelial_transitional	PF_ONLY	1.64921455869091	2.6405698934967594	2.5769925043625443	2.488729434493484	1.8104475181932442	1.7503057315647077	2.538509669430725	2.5938569259148805	2.3592871934471993	2.478891780734153	2.501227985058983	2.483908716400208	-0.8395148758025741	-0.06159827475678495
VUILD110LA_150_36_25	VUILD110LA	VUILD110	fold_1	epithelial_transitional	PF_ONLY	2.36274787114685	2.6354807308337556	2.590359738005571	2.588186365083668	1.9497577391542307	1.9780700703148395	2.595756175378516	2.593854426859468	2.3777198627731737	2.495064088301667	2.505373385907374	2.4959508515823416	-0.22543849393681814	-0.04344915826303984
VUILD110LA_150_37_17	VUILD110LA	VUILD110	fold_1	epithelial_transitional	PF_ONLY	1.93467761221226	2.679646956108025	2.557494221126698	2.5003815066126487	1.930847917087116	1.8548240620080285	2.5798151284654685	2.5938753506170564	2.2932326368960165	2.4563255403952526	2.4642304918867386	2.461319550668962	-0.5657038944003887	-0.06260102218262974
VUILD110LA_150_37_18	VUILD110LA	VUILD110	fold_1	epithelial_transitional	PF_ONLY	2.07975302386416	2.6745577934450213	2.57896180346599	2.5403838634449594	2.1457921761365553	2.1074930283589928	2.498589983195897	2.5938728515616436	2.338434557924968	2.453871084676703	2.4697627799277844	2.4568458400307946	-0.4606308395807992	-0.05074042707396971
VUILD110LA_150_37_19	VUILD110LA	VUILD110	fold_1	epithelial_transitional	PF_ONLY	2.13401586845907	2.6694686307820175	2.6402845690880534	2.6142643771665286	2.040227773163908	2.0032294891579423	2.526938823009363	2.593870352506231	2.3432067593601387	2.4845384483454347	2.4847957218896735	2.484760421137311	-0.4802485087074584	-0.04932047677844285
VUILD110LA_150_37_20	VUILD110LA	VUILD110	fold_1	epithelial_transitional	PF_ONLY	2.41963809132399	2.664379468119014	2.62054953764557	2.5837436660782442	1.7232561942125666	1.7155447574762683	2.477968842536947	2.593867853450819	2.3459664217055587	2.506481059918166	2.4835936870252446	2.5078329205775436	-0.16410557475425414	-0.06799442951291368
VUILD110LA_150_37_22	VUILD110LA	VUILD110	fold_1	epithelial_transitional	PF_ONLY	1.3760629689993	2.6542011427930063	2.5965298269893426	2.539569958591045	2.054919777328304	2.035889769543932	2.463664236728811	2.593862855339994	2.4286882082545516	2.463152772337844	2.525423408257247	2.4659894330480054	-1.163506989591745	-0.03605414072479584
VUILD110LA_150_37_23	VUILD110LA	VUILD110	fold_1	epithelial_transitional	PF_ONLY	1.63805055408325	2.6491119801300025	2.536225645241121	2.406722542878932	1.8499098989116929	1.7521617139945396	2.497061064361498	2.5938603562845817	2.246552741432044	2.449548206064287	2.447542799511868	2.4577786606275684	-0.7686719887956819	-0.06381288462962886
VUILD110LA_150_3_17	VUILD110LA	VUILD110	fold_1	epithelial_transitional	PF_ONLY	1.22183708141773	2.562247541119882	2.508144891368419	2.4399218693398286	2.194064031410365	2.0745425515055183	2.560942444563533	2.593843685931252	2.459039210503997	2.541520291018878	2.5528600638904986	2.547194986750986	-1.2180847879220986	-0.02779652687034081
VUILD110LA_150_3_18	VUILD110LA	VUILD110	fold_1	epithelial_transitional	PF_ONLY	2.34625693555037	2.557158378456878	2.560279117583892	2.5260997884156238	2.0698932934669205	2.055658450304456	2.574614153184624	2.5938411868758395	2.407838315502961	2.5821743262692527	2.5208506916944406	2.5841122954080467	-0.1798428528652538	-0.04598050860989883
VUILD110LA_150_3_20	VUILD110LA	VUILD110	fold_1	epithelial_transitional	PF_ONLY	2.46296018942657	2.546980053130871	2.512350662192058	2.468174180464568	2.12037384300673	2.1068414255471946	2.4556297686301196	2.5938361887650148	2.4710025624097347	2.578651299086176	2.5415921360489753	2.5828861521085207	-0.005213991037998245	-0.026266184445286944
VUILD110LA_150_3_22	VUILD110LA	VUILD110	fold_1	epithelial_transitional	PF_ONLY	2.29485357281729	2.536801727804863	2.574115749412857	2.5517384973150374	2.4120022315860736	2.4296469968919334	2.5030032794348744	2.5938311906541895	2.597667083407111	2.5784653866188054	2.5908133326293123	2.579246761079447	-0.2568849244977476	-0.011756845096680454
VUILD110LA_150_3_23	VUILD110LA	VUILD110	fold_1	epithelial_transitional	PF_ONLY	1.75585636636533	2.5317125651418593	2.5837657383543946	2.592408206711608	2.1925610309392245	2.223565305259963	2.610721080661637	2.593828691598777	2.4645286524749213	2.5384282811434398	2.539987520027545	2.536868258195191	-0.8365518403462782	-0.029620920456373892
VUILD110LA_150_3_24	VUILD110LA	VUILD110	fold_1	epithelial_transitional	PF_ONLY	2.43395779749564	2.5266234024788554	2.5443233806008196	2.606705400238412	2.3300532191038954	2.3730921283767734	2.5609769247989633	2.5938261925433648	2.5054809256439965	2.5339538368569596	2.5608185965897707	2.531822277138603	-0.1727476027427719	-0.024393738302635776
VUILD110LA_150_3_25	VUILD110LA	VUILD110	fold_1	epithelial_transitional	PF_ONLY	2.33046962131944	2.521534239815852	2.616092647354141	2.5850406599739677	2.6349779042584656	2.651418043329563	2.604890606808102	2.5938236934879524	2.5805646415049908	2.561047655106323	2.5920308720785235	2.559573465354087	-0.2545710386545279	-0.01490703791891422
VUILD110LA_150_3_26	VUILD110LA	VUILD110	fold_1	epithelial_transitional	PF_ONLY	3.13897890716021	2.516445077152848	2.582954964913652	2.607761073385165	2.1652313526846947	2.1819868531953146	2.5428150942433265	2.59382119443254	2.6123799870130586	2.603158062410667	2.620899755241131	2.6011680181714945	0.5312178337750448	-0.006757369033644514
VUILD110LA_150_4_18	VUILD110LA	VUILD110	fold_1	epithelial_transitional	PF_ONLY	1.75839845981357	2.5606113024271178	2.5816011218031756	2.55620464827056	2.6290986073209406	2.62816086904028	2.4873528504561895	2.593842118190128	2.55033322454709	2.5345098605763146	2.5689881767397704	2.535225889353677	-0.79780618845699	-0.024392471820675082
VUILD110LA_150_4_21	VUILD110LA	VUILD110	fold_1	epithelial_transitional	PF_ONLY	2.7058854509547	2.5453438144381066	2.5478252534245382	2.5366089006475736	2.313244382826544	2.2903382422708103	2.5210779077063186	2.5938346210238903	2.4978558300700535	2.5611043014051664	2.5550978223499228	2.5631291291524	0.16927655030712652	-0.022636757463670505
VUILD110LA_150_4_27	VUILD110LA	VUILD110	fold_1	epithelial_transitional	PF_ONLY	2.61323853531905	2.514808838460084	2.606603502079827	2.604459826449117	2.216203040073554	2.255214844897626	2.4938727317707987	2.5938196266914155	2.535368640952056	2.544189033159882	2.5712358990859645	2.542297682189122	0.008778708869932927	-0.02217293011753299
VUILD110LA_150_5_14	VUILD110LA	VUILD110	fold_1	epithelial_transitional	PF_ONLY	2.14616929824532	2.5844208770493724	2.5806888800172376	2.5322304866356404	2.3333400170197094	2.3594279925644392	2.558370397532885	2.5938530457260662	2.436168884542467	2.6064982528718943	2.5158250140775427	2.608902043413799	-0.38606118839032044	-0.01616517629204835
VUILD110LA_150_5_16	VUILD110LA	VUILD110	fold_1	epithelial_transitional	PF_ONLY	2.49159062751639	2.5742425517233647	2.556333173658737	2.5324126808733376	2.1400457414349003	2.1336847578474036	2.509990887213932	2.593848047615241	2.4571870657430837	2.503164208772695	2.5353930270594596	2.50567402528175	-0.04082205335694766	-0.03086384515514512
VUILD110LA_150_5_17	VUILD110LA	VUILD110	fold_1	epithelial_transitional	PF_ONLY	2.52573576922161	2.569153389060361	2.5431807233978176	2.548186090819872	2.4180041026408423	2.4172870427847952	2.5401183216895986	2.5938455485598286	2.5153803575791533	2.5347477116128423	2.560026976126712	2.5362928603180124	-0.02245032159826188	-0.03338264327532353
VUILD110LA_150_5_18	VUILD110LA	VUILD110	fold_1	epithelial_transitional	PF_ONLY	1.71112673003256	2.564064226397357	2.6081080363868785	2.614817308022264	2.2182245191909797	2.221828952476126	2.545021570990074	2.5938430495044162	2.4155468220189023	2.5014131872234446	2.5059279973386412	2.4999407423345263	-0.903690577989704	-0.03705986204860916
VUILD110LA_150_5_19	VUILD110LA	VUILD110	fold_1	epithelial_transitional	PF_ONLY	2.18054854868805	2.558975063734353	2.5878366274644	2.595656163865258	2.156564763089481	2.126940574189911	2.5266369002326607	2.593840550449004	2.363137006089308	2.5448968237084393	2.487868216747236	2.5444917077277704	-0.4151076151772082	-0.041521651656858206
VUILD110LA_150_5_20	VUILD110LA	VUILD110	fold_1	epithelial_transitional	PF_ONLY	2.72332587578575	2.5538859010713497	2.5986323271954275	2.605892856850272	1.9512473626150713	1.9271036165816668	2.5285543498703915	2.5938380513935915	2.4881016909239735	2.5786412309466056	2.548409256040151	2.578181138334238	0.1174330189354782	-0.028710783721087353
VUILD110LA_150_5_21	VUILD110LA	VUILD110	fold_1	epithelial_transitional	PF_ONLY	3.05089459681593	2.548796738408346	2.6131691193598265	2.6425060781329583	2.5375013884259303	2.5041097768308163	2.563992319778587	2.5938355523381786	2.5652175183191455	2.5435716937845676	2.593590790814276	2.5407987210653036	0.40838851868297166	-0.014398976157920651
VUILD110LA_150_5_24	VUILD110LA	VUILD110	fold_1	epithelial_transitional	PF_ONLY	2.48911676900381	2.5335292504193347	2.581267687414843	2.612255276959298	2.3707141001515004	2.423737848581246	2.570072337758795	2.5938280551719415	2.486884527950551	2.5543737319667295	2.5457371312621793	2.552918889463146	-0.12313850795548786	-0.03707647899573286
VUILD110LA_150_5_25	VUILD110LA	VUILD110	fold_1	epithelial_transitional	PF_ONLY	2.87232995023452	2.528440087756331	2.5638525240470145	2.6001117093065482	2.242976455048576	2.2520604411422047	2.507196607478129	2.593825556116529	2.5121321915463883	2.543577839880861	2.551188697060294	2.5425258018010966	0.27221824092797187	-0.03791793151380873
VUILD110LA_150_5_26	VUILD110LA	VUILD110	fold_1	epithelial_transitional	PF_ONLY	2.82042377184474	2.523350925093327	2.578314382647128	2.596147890718806	2.247021982535049	2.2113061481464737	2.517368915847559	2.5938230570611167	2.523553612682082	2.6006587378907864	2.5676662023570924	2.599882015581703	0.224275881125934	-0.021746736490586272
VUILD110LA_150_5_27	VUILD110LA	VUILD110	fold_1	epithelial_transitional	PF_ONLY	2.70689660290171	2.518261762430323	2.591989162042333	2.5896750465527054	1.7566503046072737	1.7362186905829498	2.532547838941542	2.593820558005704	2.589118413355855	2.5478240328555155	2.60914397171478	2.5469158152222477	0.11722155634900444	-0.04030363461129298
VUILD110LA_150_6_15	VUILD110LA	VUILD110	fold_1	epithelial_transitional	PF_ONLY	2.55035424066968	2.5827846383566078	2.599389816245956	2.574849244816577	2.0658896388431796	2.0498490629548387	2.528418567785009	2.5938514779849418	2.4880803778767717	2.502697967837106	2.552945591308014	2.503400773301733	-0.02449500414689698	-0.029348151274524385
VUILD110LA_150_6_16	VUILD110LA	VUILD110	fold_1	epithelial_transitional	PF_ONLY	2.87135246888526	2.5776954756936044	2.628229508866924	2.6404412375613937	2.239323793886685	2.2106873495104216	2.5832886057027054	2.5938489789295294	2.4610700914845	2.5931634267103347	2.542405489080953	2.5917143655187123	0.23091123132386615	-0.014633018563013446
VUILD110LA_150_6_17	VUILD110LA	VUILD110	fold_1	epithelial_transitional	PF_ONLY	2.56507507632789	2.5726063130306005	2.601159855653851	2.613650279153148	2.3845552778550427	2.3660779790690993	2.603442888117365	2.593846479874117	2.489273191682054	2.5648398696858834	2.5476417400888494	2.564273602384226	-0.04857520282525796	-0.02682542183441164
VUILD110LA_150_6_18	VUILD110LA	VUILD110	fold_1	epithelial_transitional	PF_ONLY	2.49208908381551	2.5675171503675966	2.6121103524847493	2.6430118146669033	2.510519504680112	2.4691202521488815	2.6552601330899566	2.5938439808187046	2.452394924619496	2.574987307963706	2.5348776934528923	2.5727007979607945	-0.15092273085139318	-0.022591764161716228
VUILD110LA_150_6_20	VUILD110LA	VUILD110	fold_1	epithelial_transitional	PF_ONLY	2.6423779140648	2.5573388250415894	2.5951237938406964	2.6402794832019	2.146963056521137	2.104072375009812	2.555536145689552	2.59383898270788	2.470185106744793	2.549945799951045	2.5452505102616847	2.54758251930018	0.00209843086290018	-0.029544181238810543
VUILD110LA_150_6_21	VUILD110LA	VUILD110	fold_1	epithelial_transitional	PF_ONLY	2.82280531359081	2.5522496623785855	2.6172641541706163	2.6529702471635206	2.071345928939789	2.0674386865568586	2.572405708460398	2.593836483652467	2.514726160653204	2.554715872035011	2.568938457875594	2.551958794909095	0.1698350664272894	-0.026410047018282718
VUILD110LA_150_6_22	VUILD110LA	VUILD110	fold_1	epithelial_transitional	PF_ONLY	2.33562372641607	2.5471604997155817	2.5941363382747014	2.6206443799626538	1.3716194548679146	1.3644624564046175	2.6371436956055785	2.5938339845970546	2.366416591088011	2.5353018418979554	2.515422131587837	2.533645996189767	-0.2850206535465838	-0.043097908125592145
VUILD110LA_150_6_23	VUILD110LA	VUILD110	fold_1	epithelial_transitional	PF_ONLY	2.68396417914276	2.542071337052578	2.5870793697455112	2.5953745659573397	2.1981146090285657	2.2479994512236585	2.5198390246252984	2.5938314855416422	2.4401798718000847	2.546837023745649	2.5215787634357927	2.5462698874176195	0.08858961318542047	-0.03188359953667898
VUILD110LA_150_6_27	VUILD110LA	VUILD110	fold_1	epithelial_transitional	PF_ONLY	2.76022065305698	2.521714686400563	2.5527180921175905	2.5374010248376835	2.142342806053787	2.1283154596508647	2.5280459265399338	2.5938214893199922	2.4660298449206173	2.507008145715104	2.5364446568856156	2.507910009551508	0.22281962821929646	-0.0313580216012545
VUILD110LA_150_6_30	VUILD110LA	VUILD110	fold_1	epithelial_transitional	PF_ONLY	1.63206439788992	2.5064471984115517	2.487576523327746	2.4349324998555	1.5583520918463267	1.613106982368999	2.5334837352102557	2.593813992153755	2.3116641762535495	2.4064591035170517	2.463366628296876	2.410658188843936	-0.8028681019655799	-0.08555295262112095
VUILD110LA_150_7_15	VUILD110LA	VUILD110	fold_1	epithelial_transitional	PF_ONLY	2.25146885176717	2.5862375623268474	2.5943005809438366	2.603800868277145	2.365517293946263	2.3946849758904976	2.5554963197840688	2.59385240929923	2.565140756590606	2.5459715867182093	2.5840546062365743	2.545619712693563	-0.3523320165099748	-0.02109603339472548
VUILD110LA_150_7_16	VUILD110LA	VUILD110	fold_1	epithelial_transitional	PF_ONLY	2.5600843492328	2.5811483996638436	2.6291311957581955	2.6442793396696147	2.4464672716639497	2.443910188120205	2.569683790017958	2.5938499102438177	2.5288810882896353	2.57731605971737	2.5721677203331503	2.575693013766905	-0.08419499043681489	-0.02235503937970955
VUILD110LA_150_7_18	VUILD110LA	VUILD110	fold_1	epithelial_transitional	PF_ONLY	2.07282894655159	2.5709700743378363	2.6051430359069334	2.6374656947407167	2.4787284307231174	2.448940430437514	2.6374967161372984	2.593844912132993	2.516212326275712	2.5557611809825174	2.564976456238548	2.5539427436521374	-0.5646367481891268	-0.029099777992290493
VUILD110LA_150_7_19	VUILD110LA	VUILD110	fold_1	epithelial_transitional	PF_ONLY	2.62954679182802	2.5658809116748325	2.628924137521679	2.658577406445182	2.2826099072011963	2.3321979978828447	2.5228491952845493	2.5938424130775806	2.4401893026581445	2.5522816057122357	2.5128053536513435	2.5496502835630475	-0.029030614617162165	-0.03944599118545899
VUILD110LA_150_7_20	VUILD110LA	VUILD110	fold_1	epithelial_transitional	PF_ONLY	2.55264222935458	2.5607917490118286	2.612996593575923	2.632559474571317	2.6374292919450943	2.707480261928091	2.5122662754980363	2.593839914022168	2.579186492109948	2.563043964084787	2.5812734579612586	2.5611335036974614	-0.07991724521673715	-0.022941737111714752
VUILD110LA_150_7_21	VUILD110LA	VUILD110	fold_1	epithelial_transitional	PF_ONLY	2.37043829728749	2.5557025863488247	2.6293927969369504	2.625568721650206	2.322358801477024	2.368829486037261	2.5168588938719667	2.5938374149667554	2.5171368672156564	2.507069647170426	2.5581140044082926	2.5050754874471823	-0.2551304243627164	-0.033570536418428436
VUILD110LA_150_7_22	VUILD110LA	VUILD110	fold_1	epithelial_transitional	PF_ONLY	1.94500175025529	2.550613423685821	2.553960445369951	2.5324365136989684	1.8565669597052374	1.8458072227208415	2.4501410290149064	2.593834915911343	2.4852208082434806	2.519712703224506	2.554339215214139	2.5215868573408073	-0.5874347634436783	-0.041659556422485026
VUILD110LA_150_8_16	VUILD110LA	VUILD110	fold_1	epithelial_transitional	PF_ONLY	2.18095739892055	2.5846013236340832	2.6134860014750276	2.6356439041010136	2.302229393784721	2.329787454161678	2.5180095464383276	2.593850841558106	2.4895620353840844	2.5107848956330545	2.547855567541505	2.5092723084695305	-0.4546865051804634	-0.02792426879334982
VUILD110LA_150_8_17	VUILD110LA	VUILD110	fold_1	epithelial_transitional	PF_ONLY	1.96495372100319	2.5795121609710794	2.6054424385500576	2.5856458993622256	2.0847204284967944	2.0316149243865493	2.5756709934106463	2.5938483425026937	2.4460794194930893	2.5181875632379254	2.5492099475051644	2.518717449347284	-0.6206921783590356	-0.02115036362184525
VUILD110LA_150_8_18	VUILD110LA	VUILD110	fold_1	epithelial_transitional	PF_ONLY	1.71548356835011	2.5744229983080755	2.573816815211009	2.589885981884324	2.077375613621734	2.0755271488312856	2.4830899486526703	2.5938458434472813	2.4493203163421002	2.5642445541688756	2.5351783853060157	2.5647719302480634	-0.8744024135342139	-0.03588699405711841
VUILD110LA_150_8_26	VUILD110LA	VUILD110	fold_1	epithelial_transitional	PF_ONLY	2.04815775068503	2.5337096970040456	2.488207602989913	2.404941737268278	2.0488565622588	1.9915944468407476	2.494237790707176	2.5938258510039818	2.394059187263573	2.538203064653054	2.4906428427132967	2.5439896402619504	-0.35678398658324806	-0.05064966307711458
VUILD110LA_150_8_34	VUILD110LA	VUILD110	fold_1	epithelial_transitional	PF_ONLY	1.88989758650929	2.4929963957000156	2.447924397345947	2.347423095244259	2.3258394553623067	2.243615473990457	2.502982357946455	2.593805858560682	2.4399424199782174	2.4978060865713525	2.526979734531431	2.5046944327902407	-0.4575255087349692	-0.04373842696245769
VUILD110LA_150_9_10	VUILD110LA	VUILD110	fold_1	epithelial_transitional	PF_ONLY	2.98067374377415	2.618589223582345	2.508505911024012	2.436276711077539	2.240504593326647	2.183645561844614	2.5789109760287907	2.593866767204869	2.4841895970129806	2.5722720829052883	2.537470892629473	2.5790176730119114	0.5443970326966112	-0.044409438532557584
VUILD110LA_150_9_11	VUILD110LA	VUILD110	fold_1	epithelial_transitional	PF_ONLY	2.77780931144874	2.6135000609193413	2.5274179751913617	2.4500906474006943	2.4204671174323864	2.363141172343787	2.5442829173497445	2.593864268149457	2.4405814036123585	2.5144888809185075	2.5191806471608493	2.520509200662156	0.32771866404804584	-0.04058357747816803
VUILD110LA_150_9_18	VUILD110LA	VUILD110	fold_1	epithelial_transitional	PF_ONLY	2.18062955672562	2.577875922278315	2.554708275943292	2.497260032275263	1.9488276341256037	1.9226133816451425	2.5324208656993483	2.5938467747615697	2.422295158265301	2.4705124293823344	2.528045698000378	2.473933264634556	-0.3166304755496432	-0.05357878258262939
VUILD110LA_150_9_24	VUILD110LA	VUILD110	fold_1	epithelial_transitional	PF_ONLY	2.61678424262384	2.5473409463002925	2.5121056978673377	2.438678820137545	2.4177527771075678	2.3829534957897085	2.5225724170055166	2.593831780429095	2.413148521274861	2.4892323112740398	2.5053014048636446	2.494195428444122	0.17810542248629524	-0.04020981588451453
VUILD110LA_150_9_25	VUILD110LA	VUILD110	fold_1	epithelial_transitional	PF_ONLY	2.41259352938926	2.5422517836372887	2.477692958682172	2.439057740443902	2.572744274102182	2.5301410583442006	2.501729358374297	2.5938292813736825	2.443719317007192	2.526299788873857	2.5037551858999163	2.530699186783252	-0.026464211054641584	-0.046989050490272216
VUILD110LA_150_9_29	VUILD110LA	VUILD110	fold_1	epithelial_transitional	PF_ONLY	1.31213824717691	2.521895132985274	2.4734782339014894	2.4192656370383707	2.0071940702193447	1.9673899621043929	2.4988057825016243	2.5938192851520325	2.376326343510361	2.477271981137245	2.493165131576356	2.482103706167045	-1.1071273898614606	-0.05431603807197261
VUILD110LA_150_9_34	VUILD110LA	VUILD110	fold_1	epithelial_transitional	PF_ONLY	1.39720588923414	2.4964493196702553	2.4589198017419367	2.3913195976083133	2.0247732120579265	1.9478604386980303	2.525772294716488	2.59380678987497	2.372798972277626	2.5272280160400493	2.4976655343732244	2.5327029756409147	-0.9941137083741733	-0.04724696605337784
VUILD110LA_150_9_35	VUILD110LA	VUILD110	fold_1	epithelial_transitional	PF_ONLY	1.37079775552473	2.4913601570072514	2.4345647915836595	2.3279626716822692	1.6879888364353575	1.6004359396011063	2.4938148457573037	2.5938042908195578	2.323494370365287	2.490237075997579	2.475699337222025	2.4978378879853835	-0.9571649161575393	-0.06993200389582081
VUILD110LA_150_9_8	VUILD110LA	VUILD110	fold_1	epithelial_transitional	PF_ONLY	3.74776182452088	2.6287675489083524	2.5670581749944565	2.556459508958993	2.146613933849045	2.139104115753575	2.532269110585106	2.5938717653156944	2.4942003058068845	2.59988175954983	2.5449337711871123	2.6019755867986936	1.1913023155618871	-0.028076931893958258
VUILD110LA_150_9_9	VUILD110LA	VUILD110	fold_1	epithelial_transitional	PF_ONLY	2.7244300100081	2.623678386245349	2.512788934782617	2.4334739340483904	2.0910784286603117	2.003733062366466	2.522966272035378	2.5938692662602816	2.3901679177848427	2.5421404853616116	2.5035248530408674	2.548803927181312	0.2909560759597096	-0.037678501629605454
VUILD78LA_150_10_10	VUILD78LA	VUILD78	fold_1	epithelial_transitional	PF_ONLY	3.48952615105951	2.5977237057810005	2.6020733858168477	2.5817113945477006	2.604835616250603	2.5875517090968785	2.5764535729633646	2.5939079653470563	2.6551747892006983	2.6551749489910312	2.6223961230946604	2.6559771351802746	0.9078147565118093	-0.0034237733408719745
VUILD78LA_150_10_11	VUILD78LA	VUILD78	fold_1	epithelial_transitional	PF_ONLY	3.93598758729835	2.588851323925604	2.5370370669133293	2.5222317933729643	2.07570737288686	2.0346952567234076	2.5775019020973398	2.5939046829016568	2.495442636403522	2.508766652582896	2.5480319412975794	2.5113797272240426	1.4137557939253855	-0.02807682359751598
VUILD78LA_150_10_13	VUILD78LA	VUILD78	fold_1	epithelial_transitional	PF_ONLY	3.36413307188008	2.5711065602148113	2.5908443564144474	2.592719389344786	2.274918311000963	2.2595774074760886	2.548063236572013	2.5938981180108582	2.503739793114958	2.567711979285158	2.554193098580534	2.5673767319668346	0.771413682535294	-0.04196750018924487
VUILD78LA_150_10_4	VUILD78LA	VUILD78	fold_1	epithelial_transitional	PF_ONLY	3.59935887220576	2.650957996913379	2.5849922333102957	2.54488397582814	2.88552233274416	2.803401812839575	2.6324222351839444	2.5939276600194523	2.7618665127598305	2.5956153282322982	2.670982757671588	2.5986759529658445	1.05447489637762	-0.0026701373207440975
VUILD78LA_150_10_5	VUILD78LA	VUILD78	fold_1	epithelial_transitional	PF_ONLY	3.19756501125838	2.6420856150579826	2.5961353909600526	2.643906787759179	3.0251870279252286	3.0269010809476042	2.6384781143654283	2.593924377574053	2.7961683026487996	2.603389964160918	2.680226335550611	2.6023048960522783	0.5536582234992009	0.0066171508289897246
VUILD78LA_150_10_6	VUILD78LA	VUILD78	fold_1	epithelial_transitional	PF_ONLY	2.62535843054756	2.633213233202586	2.654317600290704	2.632709689038794	2.580098057540953	2.618478361042529	2.4856729994583815	2.5939210951286538	2.707988360525908	2.6013496034271455	2.64313978127206	2.6006435060189026	-0.007351258491234081	-0.009286016963342275
VUILD78LA_150_10_8	VUILD78LA	VUILD78	fold_1	epithelial_transitional	PF_ONLY	3.33350662352393	2.6154684694917933	2.561201133403621	2.52219474333816	2.495176610746074	2.431585061608201	2.508642497051857	2.593914530237855	2.5509564830303018	2.5590041042510787	2.5784438721633074	2.562082727565126	0.8113118801857699	-0.030560143351164755
VUILD78LA_150_10_9	VUILD78LA	VUILD78	fold_1	epithelial_transitional	PF_ONLY	3.31895021824617	2.606596087636397	2.6256154762952604	2.6136389204236443	2.7515429721820155	2.7539560338793008	2.5622426160057445	2.5939112477924557	2.5937693815091425	2.5699441366968574	2.581465379568242	2.569254899266595	0.7053112978225258	-0.03136729690025241
VUILD78LA_150_11_11	VUILD78LA	VUILD78	fold_1	epithelial_transitional	PF_ONLY	4.03500246352208	2.593771425014752	2.6157558165767054	2.59628076780839	2.3113922687962933	2.3351817552331102	2.5741578065416855	2.59390591150996	2.478470680991461	2.5434471077997705	2.537478013259922	2.5434616598005806	1.43872169571369	-0.03522124011985297
VUILD78LA_150_11_9	VUILD78LA	VUILD78	fold_1	epithelial_transitional	PF_ONLY	3.29984965582786	2.611516188725545	2.5912766787453854	2.602284893513992	2.765318279019359	2.775785765621982	2.5671138548234476	2.5939124764007584	2.6699732053688168	2.6570829604299493	2.620540204888074	2.6576220697807726	0.6975647623138679	-0.017263489872083163
VUILD78LA_150_12_10	VUILD78LA	VUILD78	fold_1	epithelial_transitional	PF_ONLY	3.82496310393832	2.6075639079592965	2.5878691631764346	2.5989829850897306	2.713125907181273	2.70643722191094	2.587060327256235	2.593910422563662	2.560762684175009	2.569987443434835	2.5588552034473384	2.5701066866447664	1.2259801188485895	-0.008467987827114602
VUILD78LA_150_12_12	VUILD78LA	VUILD78	fold_1	epithelial_transitional	PF_ONLY	3.90167041004885	2.5898191442485037	2.64986887803009	2.630623965984938	2.2878205319779465	2.349076382237426	2.583998104679378	2.5939038576728635	2.528903133409969	2.515270246007156	2.5611169794565876	2.5136387166567777	1.271046444063912	-0.039577796228361335
VUILD78LA_150_12_13	VUILD78LA	VUILD78	fold_1	epithelial_transitional	PF_ONLY	4.08497290716441	2.5809467623931073	2.591955589250164	2.67755807294225	2.555881161277239	2.610604468214541	2.6284754532451946	2.593900575227464	2.5855961726770817	2.550707269672622	2.5767027340663353	2.547309824022078	1.40741483422216	-0.03411630217147208
VUILD78LA_150_12_16	VUILD78LA	VUILD78	fold_1	epithelial_transitional	PF_ONLY	2.16033858673768	2.554329616826918	2.5801336095952903	2.5780438117096534	2.332462508242553	2.2950530542565315	2.5292333061988543	2.593890727891266	2.5461448464506473	2.5718915071764377	2.582055027806687	2.5718089661362384	-0.41770522497197327	-0.0040298507649896235
VUILD78LA_150_12_17	VUILD78LA	VUILD78	fold_1	epithelial_transitional	PF_ONLY	1.87771281764442	2.545457234971522	2.5226147592092363	2.523777965690033	2.5331736333894677	2.50484992284167	2.5529770630106015	2.5938874454458665	2.564470981536972	2.6244691122921187	2.5699437488684467	2.626165909286153	-0.6460651480456132	-0.005546006627767839
VUILD78LA_150_12_4	VUILD78LA	VUILD78	fold_1	epithelial_transitional	PF_ONLY	3.21378894155023	2.6607981990916745	2.641309023399358	2.574903127700197	3.079351439346435	3.0373265914304115	2.5989645522303206	2.5939301172360585	2.6999275981726574	2.606125703805097	2.644013600427633	2.608098739761589	0.6388858138500328	0.0053865548670470765
VUILD78LA_150_12_5	VUILD78LA	VUILD78	fold_1	epithelial_transitional	PF_ONLY	1.86798903782514	2.6519258172362785	2.621951651264086	2.6441256917338936	2.7298791653263876	2.7699163181400026	2.6062895721956285	2.593926834790659	2.6897662216878935	2.5592931497475195	2.637716110534074	2.558505099980378	-0.7761366539087535	-0.010264409333122275
VUILD78LA_150_13_11	VUILD78LA	VUILD78	fold_1	epithelial_transitional	PF_ONLY	4.03228635892086	2.603611627193048	2.653905537823888	2.640136885650007	2.5616252125030545	2.61268560811065	2.580558738729232	2.593908368726566	2.560411933339207	2.5487170024318013	2.568415827522118	2.547151545496418	1.392149473270853	-0.018968962994145838
VUILD78LA_150_13_12	VUILD78LA	VUILD78	fold_1	epithelial_transitional	PF_ONLY	3.6747485629938	2.5947392453376517	2.5764950625539504	2.6271056634215295	2.3451172226687205	2.3857151237028993	2.589778440932524	2.5939050862811666	2.468275621015692	2.5180084914948866	2.5210999578549855	2.516562519615516	1.0476428995722706	-0.04458747630573669
VUILD78LA_150_13_13	VUILD78LA	VUILD78	fold_1	epithelial_transitional	PF_ONLY	3.24914341522711	2.5858668634822553	2.6128313611045364	2.6129032486064223	2.4146673106266445	2.422377620055581	2.5506307390440335	2.593901803835767	2.515783769749309	2.5206383841393003	2.547373566488962	2.519626013164229	0.6362401666206878	-0.040127504728662965
VUILD78LA_150_13_15	VUILD78LA	VUILD78	fold_1	epithelial_transitional	PF_ONLY	2.32063512029669	2.5681220997714624	2.5962181455300533	2.622084764165366	2.5251181030592167	2.5494591813312373	2.480958676678382	2.5938952389449685	2.496430557557314	2.57479828258588	2.5547236208583763	2.5734919883555847	-0.301449643868676	-0.013795953436492113
VUILD78LA_150_13_16	VUILD78LA	VUILD78	fold_1	epithelial_transitional	PF_ONLY	2.57701867214257	2.5592497179160665	2.6048249501822185	2.6175628150965804	2.367001342842024	2.3337200092397783	2.595582535033239	2.593891956499569	2.577140871052251	2.607643388628201	2.6016999635294673	2.6061329389737464	-0.04054414295401054	-0.021474101596042225
VUILD78LA_150_13_17	VUILD78LA	VUILD78	fold_1	epithelial_transitional	PF_ONLY	2.20566532603425	2.55037733606067	2.5648381192652474	2.519582074685969	2.6493250626889426	2.621703247572048	2.6413477690783376	2.5938886740541696	2.4393592503685912	2.511864485135571	2.5238357656337014	2.513984793226863	-0.31391674865171915	0.00162321148815729
VUILD78LA_150_13_4	VUILD78LA	VUILD78	fold_1	epithelial_transitional	PF_ONLY	3.00073519907343	2.6657183001808225	2.624452718390914	2.5905343938308056	3.1303709632843537	3.1202331818934304	2.5889308036215737	2.5939313458443616	2.8252201934546894	2.6213919105595846	2.6995040053375385	2.622765311076039	0.41020080524262426	0.015873442644935995
VUILD78LA_150_13_5	VUILD78LA	VUILD78	fold_1	epithelial_transitional	PF_ONLY	2.67679020564814	2.6568459183254265	2.5966513395041257	2.605567767109387	2.741185763370628	2.7255766345155648	2.616053617161202	2.593928063398962	2.732726905509148	2.5955690452912306	2.6631302927187996	2.596228416182379	0.07122243853875299	-0.01167573370562128
VUILD78LA_150_13_6	VUILD78LA	VUILD78	fold_1	epithelial_transitional	PF_ONLY	2.2048807334686	2.64797353647003	2.6491906876839852	2.724613187760142	2.717655303536934	2.808749942899723	2.574210339309795	2.5939247809535626	2.6689654532870257	2.5994258630648663	2.6219406558025056	2.5952653131228796	-0.519732454291542	-0.007948152666041867
VUILD78LA_150_14_15	VUILD78LA	VUILD78	fold_1	epithelial_transitional	PF_ONLY	2.5176819372648	2.5730422008606104	2.6024254777320968	2.598965611214289	2.7125917827705712	2.7080020726707006	2.5886127291744763	2.5938964675532716	2.591313877030296	2.578255866265102	2.588417713875411	2.577735289574865	-0.0812836739494891	-0.026967150323905183
VUILD78LA_150_14_16	VUILD78LA	VUILD78	fold_1	epithelial_transitional	PF_ONLY	2.48631716078271	2.564169819005214	2.5968221876044404	2.580233782689316	2.3745259071422105	2.3399290047694925	2.5330978071212322	2.593893185107872	2.5080326180536967	2.540006213683499	2.577517428137811	2.5403299753853856	-0.09391662190660588	-0.015220461773946536
VUILD78LA_150_14_3	VUILD78LA	VUILD78	fold_1	epithelial_transitional	PF_ONLY	2.70550145266165	2.679510783125367	2.6446327679306223	2.5912229977764762	2.7267728223702794	2.7460201316674913	2.6207834157003087	2.5939358568980637	2.7961552222745287	2.627389562384708	2.6908821462218326	2.6294600704903437	0.11427845488517363	-0.002075505194166905
VUILD78LA_150_14_5	VUILD78LA	VUILD78	fold_1	epithelial_transitional	PF_ONLY	2.15826900712647	2.661766019414574	2.637359589054304	2.7033716687338893	2.9571197827002456	2.9933183610174137	2.4783654071919483	2.593929292007265	2.795210298385472	2.5941372048591385	2.6797283500941718	2.5910294360484825	-0.5451026616074195	-0.00043430651565561605
VUILD78LA_150_15_13	VUILD78LA	VUILD78	fold_1	epithelial_transitional	PF_ONLY	3.35746767135694	2.595707065660551	2.6238976331327897	2.5125292625539806	2.634251728172576	2.591341285225662	2.541004968774977	2.5939042610523733	2.442826473150718	2.4812668004634206	2.526121356895195	2.484550174824559	0.8449384088029595	-0.033405026419356276
VUILD78LA_150_15_15	VUILD78LA	VUILD78	fold_1	epithelial_transitional	PF_ONLY	2.87936493877166	2.5779623019497584	2.569857558443313	2.57437516130523	2.6748660884866764	2.6579539680417716	2.57821482280159	2.5938976961615743	2.5404501653275524	2.5576768293589183	2.5622748273284657	2.558046434519889	0.3049897774664303	-0.03410659435610562
VUILD78LA_150_15_16	VUILD78LA	VUILD78	fold_1	epithelial_transitional	PF_ONLY	2.69996750546312	2.569089920094362	2.6197286109750815	2.600586272700394	2.7557154640655632	2.783216010564055	2.5888328217171233	2.5938944137161752	2.677705115607584	2.5999377810242636	2.628592216460951	2.59910081294267	0.0993812327627257	-0.0010716599844957288
VUILD78LA_150_15_17	VUILD78LA	VUILD78	fold_1	epithelial_transitional	PF_ONLY	3.1476785028965	2.5602175382389656	2.527923867545843	2.4847878861575396	2.8890434592359395	2.7960639822089854	2.628332192332956	2.5938911312707758	2.566692404442393	2.5443044097438703	2.5737981415085254	2.5475070551847807	0.6628906167389603	-0.00728301792361996
VUILD78LA_150_15_18	VUILD78LA	VUILD78	fold_1	epithelial_transitional	PF_ONLY	0.845407485987316	2.551345156383569	2.5259293917065775	2.516508718938088	2.334081231855066	2.265543296371176	2.653772847370857	2.5938878488253763	2.5764201793381494	2.5629124118012867	2.603517864190459	2.565120082135203	-1.6711012329507722	-0.020525108207271416
VUILD78LA_150_15_3	VUILD78LA	VUILD78	fold_1	epithelial_transitional	PF_ONLY	2.74182034227466	2.684430884214515	2.6362708462540145	2.620719400165809	2.846480623329063	2.860676380895556	2.596775006158741	2.593937085506367	2.692336104756694	2.557694523415913	2.638757086136232	2.558492449962879	0.1211009421088507	-0.0144333025073464
VUILD78LA_150_15_5	VUILD78LA	VUILD78	fold_1	epithelial_transitional	PF_ONLY	2.30582781719202	2.666686120503722	2.6254530082920677	2.614606107294875	2.6999258655904113	2.722866045620912	2.4424456557115395	2.5939305206155683	2.707080813868264	2.6029928337506645	2.652553699686633	2.6033574441018037	-0.30877829010285485	-0.008530874978204577
VUILD78LA_150_16_15	VUILD78LA	VUILD78	fold_1	epithelial_transitional	PF_ONLY	3.02164098961885	2.5828824030389064	2.60889015126673	2.6280905963609347	2.1295672053013894	2.201194159361512	2.610118056072356	2.5938989247698774	2.5144487188995726	2.516401461651466	2.554675543879007	2.5150234381156635	0.3935503932579154	-0.037710234995754606
VUILD78LA_150_16_17	VUILD78LA	VUILD78	fold_1	epithelial_transitional	PF_ONLY	1.64820971355647	2.5651376393281136	2.5114624947413313	2.502410179507977	2.1299502060642634	2.083907878761672	2.519965218402229	2.593892359879079	2.4582713895368773	2.5025258104729664	2.527624208268796	2.5049308670808355	-0.8542004659515072	-0.04110516366159208
VUILD78LA_150_16_18	VUILD78LA	VUILD78	fold_1	epithelial_transitional	PF_ONLY	1.07303357606636	2.556265257472717	2.563342073067446	2.537143265153674	2.161983032013396	2.145867250801844	2.535476721781717	2.5938890774336794	2.5679046378795336	2.5450869503706968	2.592660085597502	2.546526360509803	-1.464109689087314	-0.02496869556379082
VUILD78LA_150_16_4	VUILD78LA	VUILD78	fold_1	epithelial_transitional	PF_ONLY	3.28011437088849	2.6804786034482664	2.6269100388269226	2.5920047480987423	2.344282512216606	2.321563071320971	2.5463057073859297	2.5939350316692704	2.6463738201466516	2.506853429087239	2.6096018697203163	2.508398012191778	0.6881096227897476	-0.013414229248494452
VUILD78LA_150_16_5	VUILD78LA	VUILD78	fold_1	epithelial_transitional	PF_ONLY	2.5087781366349	2.67160622159287	2.585895501947585	2.5714196142053227	3.024436965956119	2.990928041899308	2.6068229031572754	2.593931749223871	2.652537301487904	2.573109767643301	2.626134707690585	2.5753792687114583	-0.06264147757042293	-0.009389542226206114
VUILD78LA_150_17_4	VUILD78LA	VUILD78	fold_1	epithelial_transitional	PF_ONLY	2.59980432435724	2.6853987045374144	2.6086761551027404	2.5843840560075733	2.0880473545250204	2.0889980862662263	2.5555585537232095	2.5939362602775735	2.615105703191476	2.591058800240842	2.615113923695035	2.5932373842782153	0.0154202683496667	-0.03244724689876305
VUILD78LA_150_17_5	VUILD78LA	VUILD78	fold_1	epithelial_transitional	PF_ONLY	3.16227548705614	2.676526322682018	2.6062279222206226	2.5652616727005557	2.782711725697552	2.701095243411268	2.618352538898855	2.593932977832174	2.7110882402655903	2.62630327329701	2.6546446864152076	2.629312771958143	0.5970138143555843	-0.007187557848451796
VUILD78LA_150_18_11	VUILD78LA	VUILD78	fold_1	epithelial_transitional	PF_ONLY	2.69566848279162	2.6282121326387875	2.5957917471139944	2.6536642030142747	2.3162509664888407	2.4072104582723974	2.5625811685829243	2.593914511768081	2.546509214905858	2.5003181555884497	2.5649071050860246	2.498121629794661	0.04200427977734522	-0.022567729757560114
VUILD78LA_150_18_14	VUILD78LA	VUILD78	fold_1	epithelial_transitional	PF_ONLY	3.0013117701189	2.6015949870725987	2.560240786655217	2.554048310225478	2.905495004670423	2.8501955961754226	2.570210199461779	2.593904664431883	2.503994646190041	2.574949280334772	2.546051678755059	2.577041407451801	0.447263459893422	-0.016425074075687624
VUILD78LA_150_18_15	VUILD78LA	VUILD78	fold_1	epithelial_transitional	PF_ONLY	2.11875661218309	2.5927226052172023	2.5996142277659855	2.562404783566478	2.608907343313645	2.556553085307803	2.5491800275861993	2.5939013819864836	2.4962407361196015	2.592496970423998	2.548228197723711	2.593741082684036	-0.44364817138338797	-0.031009148605467447
VUILD78LA_150_18_4	VUILD78LA	VUILD78	fold_1	epithelial_transitional	PF_ONLY	2.99250039069299	2.6903188056265623	2.611084471660007	2.5644261617775417	2.638696541579447	2.581558566871536	2.600427923153118	2.5939374888858766	2.7282648816987902	2.645196232270105	2.64854944558799	2.648434533650504	0.42807422891544844	-0.009425369634992804
VUILD78LA_150_18_5	VUILD78LA	VUILD78	fold_1	epithelial_transitional	PF_ONLY	2.63155146522878	2.681446423771166	2.6049582817152745	2.6045456032496186	3.3563581742557664	3.3396471857796746	2.6265555454603433	2.593934206440477	2.6927416581004087	2.6326502776999123	2.623633648682055	2.6340786645913767	0.027005861979161327	-0.011221075957690224
VUILD78LA_150_18_6	VUILD78LA	VUILD78	fold_1	epithelial_transitional	PF_ONLY	2.08534286516611	2.6725740419157695	2.686857148467022	2.6844359445888277	2.6871159678469025	2.757903172520449	2.5925452877170625	2.5939309239950776	2.6403830333503584	2.532770745480252	2.6027472645328604	2.5307206663173867	-0.5990930794227176	-0.01578360384677548
VUILD78LA_150_19_10	VUILD78LA	VUILD78	fold_1	epithelial_transitional	PF_ONLY	2.03938634157977	2.642004615583332	2.6355989778716533	2.672701297023009	2.5721617877378353	2.6429709482060977	2.5679721545053282	2.593919022821783	2.594638295548043	2.548990654369771	2.5753572195128243	2.5465516518232247	-0.6333149554432387	-0.010550951564884808
VUILD78LA_150_19_15	VUILD78LA	VUILD78	fold_1	epithelial_transitional	PF_ONLY	2.06301785590631	2.5976427063063503	2.559644676864433	2.5315660734496666	2.8383425773648203	2.7411501353493635	2.5568431674401393	2.5939026105947867	2.520459856200891	2.6006328037525184	2.547675721630605	2.603333325046342	-0.4685482175433564	-0.024315902310551987
VUILD78LA_150_19_16	VUILD78LA	VUILD78	fold_1	epithelial_transitional	PF_ONLY	1.58297797938334	2.588770324450954	2.58204659351767	2.516398028789277	2.176166600785546	2.1159203165812994	2.5668390336730216	2.593899328149387	2.6166834797479446	2.6546374856143244	2.6000697002250863	2.657950071471977	-0.9334200494059368	-0.022160096293197134
VUILD78LA_150_19_4	VUILD78LA	VUILD78	fold_1	epithelial_transitional	PF_ONLY	3.3339598734584	2.6952389067157103	2.59806102618751	2.600041220296129	3.0010826662761905	2.967666461817981	2.6626269226225876	2.5939387174941797	2.808302427580518	2.6601806243488486	2.6894331870798176	2.662220647087263	0.733918653162271	0.0011460768261675868
VUILD78LA_150_19_5	VUILD78LA	VUILD78	fold_1	epithelial_transitional	PF_ONLY	1.87930504946801	2.686366524860314	2.64725118688074	2.6365232938651744	2.6121813589998575	2.6561919900811786	2.6119576728206297	2.59393543504878	2.638645204444079	2.540447055589606	2.608409773027604	2.5407436936222414	-0.7572182443971645	-0.012917392408284937
VUILD78LA_150_20_10	VUILD78LA	VUILD78	fold_1	epithelial_transitional	PF_ONLY	2.79320853986855	2.64692471667248	2.6419478998110937	2.663881623774161	2.501271398721253	2.565916460124093	2.5523601508181337	2.5939202514300863	2.624364252987239	2.5724527006679874	2.5867860100454045	2.5705918338249165	0.12932691609438907	-0.009609101505336023
VUILD78LA_150_20_13	VUILD78LA	VUILD78	fold_1	epithelial_transitional	PF_ONLY	2.96450777942062	2.6203075711062906	2.5772133217304956	2.4934912342145745	2.487390519936659	2.36685714067527	2.5277321589843122	2.5939104040938883	2.432127889344027	2.511608211880888	2.524491453735228	2.5163384642124695	0.4710165452060453	-0.03529522986057328
VUILD78LA_150_20_15	VUILD78LA	VUILD78	fold_1	epithelial_transitional	PF_ONLY	2.96479503718915	2.602562807395498	2.549076382077895	2.4729741010872335	2.9182995786558092	2.8039095809543553	2.5861800171020795	2.5939038392030898	2.638076440846799	2.551558794510213	2.610898729582315	2.5566666328736196	0.4918209361019166	-0.016661403663387645
VUILD78LA_150_20_17	VUILD78LA	VUILD78	fold_1	epithelial_transitional	PF_ONLY	2.09376855242405	2.5848180436847055	2.5846097058619675	2.5082375188928863	2.002361801838367	1.9643345760648578	2.47509572827284	2.593897274312291	2.4663241346676443	2.472165503712864	2.5429817279043174	2.475245791198998	-0.41446896646883635	-0.0341793636999898
VUILD78LA_150_20_18	VUILD78LA	VUILD78	fold_1	epithelial_transitional	PF_ONLY	2.36371465979354	2.575945661829309	2.557228048176367	2.513991323143031	2.449336516786118	2.3747354069666966	2.4647392907816084	2.5938939918668913	2.6606453320387273	2.569584612314835	2.6316875299079543	2.572912849253117	-0.15027666334949075	-0.015662939119476554
VUILD78LA_150_21_10	VUILD78LA	VUILD78	fold_1	epithelial_transitional	PF_ONLY	2.59041697239358	2.651844817761628	2.5652687551027635	2.5998884840277205	2.755659723126567	2.6849196920549745	2.582410019174381	2.5939214800383894	2.5405983649502772	2.544359574073831	2.5498191610704453	2.54542319577651	-0.009471511634140395	-0.004021866644944099
VUILD78LA_150_21_5	VUILD78LA	VUILD78	fold_1	epithelial_transitional	PF_ONLY	1.58157099887287	2.6962067270386094	2.6774921365699704	2.6375066173712085	2.4336410338455288	2.44253966760298	2.6053494697985973	2.5939378922653864	2.5901786471908315	2.5204664123028664	2.5907182335276815	2.5210748394847236	-1.0559356184983386	-0.008884281581925519
VUILD78LA_150_22_10	VUILD78LA	VUILD78	fold_1	epithelial_transitional	PF_ONLY	2.77343054039488	2.656764918850776	2.6268753152996567	2.580299570421841	2.734648765301428	2.656345801063445	2.6020985204896054	2.5939227086466925	2.566742713064765	2.5910442436080827	2.5859344892688787	2.5930554409921793	0.1931309699730388	-0.012635344462527282
VUILD78LA_150_22_11	VUILD78LA	VUILD78	fold_1	epithelial_transitional	PF_ONLY	2.41398678073291	2.6478925369953794	2.5996126923484404	2.587611723385939	2.351648128091558	2.3152536193362843	2.5055270292683027	2.593919426201293	2.537159808292466	2.564201408008059	2.5645997399121616	2.5656959921684734	-0.1736249426530292	-0.01801497500043517
VUILD78LA_150_22_12	VUILD78LA	VUILD78	fold_1	epithelial_transitional	PF_ONLY	2.21775726622766	2.639020155139983	2.597954228141546	2.5552950437029316	2.750000954876037	2.7061367372614553	2.608080571987974	2.5939161437558935	2.606869294118104	2.520298297385241	2.5992673008994007	2.522708011262248	-0.33753777747527147	-0.010636361099176303
VUILD78LA_150_22_13	VUILD78LA	VUILD78	fold_1	epithelial_transitional	PF_ONLY	2.30035782564226	2.6301477732845866	2.5587409188660075	2.494683198416907	2.430584877747732	2.362370643870721	2.538274293663716	2.5939128613104945	2.6074105248228783	2.4781289629008865	2.599640277467	2.482912471455208	-0.19432537277464723	-0.033378070330997794
VUILD78LA_150_22_17	VUILD78LA	VUILD78	fold_1	epithelial_transitional	PF_ONLY	1.92268368578357	2.5946582458630014	2.5825647618680168	2.5313114921726894	2.3194778717475706	2.275862523306147	2.520075198041341	2.593899731528897	2.6161295133490587	2.626201486635593	2.603752448500646	2.6291394890416155	-0.6086278063891193	-0.02123385691705905
VUILD78LA_150_23_10	VUILD78LA	VUILD78	fold_1	epithelial_transitional	PF_ONLY	3.10898594766667	2.6616850199399233	2.578239822756923	2.561166833782284	2.6335877300205732	2.5844917078636684	2.5947515901205582	2.5939239372549956	2.6422123032706613	2.5594752692800324	2.6000486327569767	2.562119458312887	0.547819113884386	-0.005260105541115256
VUILD78LA_150_23_12	VUILD78LA	VUILD78	fold_1	epithelial_transitional	PF_ONLY	1.84917857044534	2.643940256229131	2.600618937517458	2.578836666706305	2.430829416312407	2.386582272046937	2.5860592757171186	2.5939173723641966	2.6097546580112865	2.5457156839968813	2.5918913716858616	2.54738199375453	-0.7296580962609651	-0.016593261843197003
VUILD78LA_150_23_14	VUILD78LA	VUILD78	fold_1	epithelial_transitional	PF_ONLY	2.72762205687334	2.626195492518338	2.583440911134334	2.5154176157809456	2.6326568706208526	2.5777579156710444	2.591030887005154	2.593910807473398	2.5992210208963535	2.512481781826615	2.5760139087179863	2.5162884233643767	0.21220444109239445	-0.03390464827408861
VUILD78LA_150_23_15	VUILD78LA	VUILD78	fold_1	epithelial_transitional	PF_ONLY	2.30974921962363	2.6173231106629418	2.518242072964183	2.4925193676806967	2.664430194280924	2.5741480527129115	2.6042696441603277	2.5939075250279986	2.6686414899624555	2.558067662358817	2.6111895018693727	2.5626525847013446	-0.1827701480570667	-0.03112057072142666
VUILD78LA_150_23_16	VUILD78LA	VUILD78	fold_1	epithelial_transitional	PF_ONLY	2.50576313687064	2.6084507288075454	2.568078569228166	2.5273249295253617	2.3036643697008747	2.227658947816656	2.5936502507467805	2.593904242582599	2.5997917950662117	2.520960740073115	2.5920965770700897	2.5237743579906637	-0.02156179265472158	-0.0299900747393943
VUILD78LA_150_23_17	VUILD78LA	VUILD78	fold_1	epithelial_transitional	PF_ONLY	2.61318832643811	2.599578346952149	2.5619464965829724	2.5341074688526106	2.0730638485442077	2.0193662703325823	2.567934904208537	2.5939009601372	2.5283348178680756	2.549931108886927	2.5671877622290675	2.5523950275993377	0.07908085758549932	-0.03630929642998213
VUILD78LA_150_23_9	VUILD78LA	VUILD78	fold_1	epithelial_transitional	PF_ONLY	3.52872599824137	2.6705574017953198	2.6388935434375873	2.6884214906821287	2.798651948271007	2.7970117708425333	2.6193985158280593	2.5939272197003946	2.641208584650099	2.592255486527261	2.594102523436564	2.5901867239891696	0.8403045075592415	-0.023353443319106684
VUILD78LA_150_24_10	VUILD78LA	VUILD78	fold_1	epithelial_transitional	PF_ONLY	2.45844256239851	2.6666051210290713	2.5972677692120376	2.573454278215868	2.6986237389262535	2.657936456459763	2.5864527208455264	2.5939251658632982	2.6402502746701995	2.612033336849579	2.611841234766919	2.6145791860894274	-0.11501171581735825	0.0010176389402173046
VUILD78LA_150_24_11	VUILD78LA	VUILD78	fold_1	epithelial_transitional	PF_ONLY	2.1464574143896	2.657732739173675	2.6002921058900417	2.580336983653627	2.2669403862913136	2.1987169671749176	2.5821074753301954	2.593921883417899	2.450590764896189	2.53374724501997	2.5285724172889124	2.535484040682634	-0.43387956926402715	-0.022836998730939917
VUILD78LA_150_24_12	VUILD78LA	VUILD78	fold_1	epithelial_transitional	PF_ONLY	2.58253748261106	2.648860357318279	2.6139062366250445	2.604921090895665	2.3959290107069915	2.369048159628466	2.5697740822530353	2.5939186009724997	2.5416278852804135	2.5950647600220984	2.573410076359284	2.5957450601677223	-0.02238360828460495	-0.028308227747447214
VUILD78LA_150_24_13	VUILD78LA	VUILD78	fold_1	epithelial_transitional	PF_ONLY	2.53562064157955	2.6399879754628826	2.607994888165606	2.5719126083246344	2.4484509747121233	2.4123882542558945	2.5373313871087326	2.5939153185271002	2.564475053194122	2.5550792980493644	2.5688856040380226	2.5567103853876993	-0.03629196674508428	-0.04355798300004668
VUILD78LA_150_24_15	VUILD78LA	VUILD78	fold_1	epithelial_transitional	PF_ONLY	2.65282379963789	2.6222432117520897	2.5729487052938986	2.5417629258774097	2.5116586613737315	2.4909806117517106	2.579525595739936	2.5939087536363017	2.50700549749335	2.45416006919205	2.543317914971735	2.4569187817965523	0.11106087376048013	-0.037848519662503965
VUILD78LA_150_24_16	VUILD78LA	VUILD78	fold_1	epithelial_transitional	PF_ONLY	2.35854853156407	2.6133708298966933	2.5819240397572525	2.574668136574861	2.111653283695568	2.0985431375200907	2.564670961319224	2.593905471190902	2.516125306742683	2.5834396777605577	2.5528555731725167	2.5847122120100754	-0.2161196050107912	-0.018380329124283255
VUILD78LA_150_24_17	VUILD78LA	VUILD78	fold_1	epithelial_transitional	PF_ONLY	2.79587340222723	2.604498448041297	2.6287434944930395	2.587128258669239	2.38969672724679	2.3618415187684385	2.639789290515126	2.5939021887455027	2.581488869238494	2.578822725036766	2.5900387072068813	2.5793749690258023	0.20874514355799123	-0.026590877246818787
VUILD78LA_150_24_9	VUILD78LA	VUILD78	fold_1	epithelial_transitional	PF_ONLY	2.93520800903208	2.6754775028844677	2.629363301032854	2.608238733661392	2.5517498534865113	2.5116365276254857	2.602828090687366	2.5939284483086977	2.58187193613107	2.528517069868028	2.5797832192522328	2.529400533884698	0.32696927537068765	-0.031129322848266777
VUILD78LA_150_25_11	VUILD78LA	VUILD78	fold_1	epithelial_transitional	PF_ONLY	3.17913001442055	2.6626528402628233	2.6432792561370846	2.619269325654177	2.4653779348363423	2.4549048884384375	2.5903230607003436	2.5939231120262023	2.497538721148569	2.546951278757262	2.5436642232762994	2.5473096590385063	0.5598606887663728	-0.007234861593608418
VUILD78LA_150_25_12	VUILD78LA	VUILD78	fold_1	epithelial_transitional	PF_ONLY	2.87542880644678	2.653780458407427	2.6256921015016013	2.593728812681147	2.660729077369632	2.631972785842449	2.5793983129894045	2.593919829580803	2.5767630405127098	2.6041373219689365	2.5777392278934124	2.6053865730717733	0.28169999376563304	-0.02304397275430018
VUILD78LA_150_25_13	VUILD78LA	VUILD78	fold_1	epithelial_transitional	PF_ONLY	2.95732899379459	2.6449080765520305	2.5555126048722845	2.546081511244504	2.665125458465675	2.6071295962284355	2.5715511729266454	2.5939165471354033	2.5538283862657676	2.5183965018811327	2.5575622581301003	2.5210375576310304	0.41124748255008603	-0.03356842864153282
VUILD78LA_150_25_9	VUILD78LA	VUILD78	fold_1	epithelial_transitional	PF_ONLY	2.47553835892225	2.6803976039736157	2.616341315433633	2.6565436887326364	2.8300300653037818	2.8248534673606485	2.610101203905531	2.593929676917001	2.600437903710554	2.598848464297629	2.585689907062023	2.59838497527724	-0.18100532981038642	-0.014391677020480075
VUILD78LA_150_26_10	VUILD78LA	VUILD78	fold_1	epithelial_transitional	PF_ONLY	1.63226427598228	2.6764453232073673	2.6199991179789555	2.615285240737669	2.4436351126434945	2.436611603954386	2.5765539264597406	2.5939276230799044	2.5444778685308123	2.6226413905595516	2.567900526591645	2.6238304832553854	-0.9830209647553889	0.0032218056040484878
VUILD78LA_150_26_11	VUILD78LA	VUILD78	fold_1	epithelial_transitional	PF_ONLY	2.57516561258271	2.667572941351971	2.5737103496795193	2.5670826326197704	2.297241949997015	2.245252720808839	2.5731508591574905	2.593924340634505	2.5175037412514865	2.54310657267434	2.5609616358183573	2.5455715689139655	0.008082979962939607	-0.030959486559676515
VUILD78LA_150_26_12	VUILD78LA	VUILD78	fold_1	epithelial_transitional	PF_ONLY	2.6843886122372	2.6587005594965745	2.568925544587813	2.548613063880489	2.439216035965527	2.3526837257441855	2.5662702974181655	2.593921058189106	2.69687987389523	2.5770729344339247	2.642922560518646	2.5801601567521146	0.1357755483567109	-0.02010269922149239
VUILD78LA_150_26_13	VUILD78LA	VUILD78	fold_1	epithelial_transitional	PF_ONLY	3.0217279336634	2.6498281776411785	2.5996769086909124	2.547805442049652	3.073008386104194	2.9866130298095896	2.580813184978209	2.5939177757437064	2.6763266676493824	2.6057692107782806	2.621692817844734	2.608766195662345	0.47392249161374833	-0.011792373844147013
VUILD78LA_150_26_14	VUILD78LA	VUILD78	fold_1	epithelial_transitional	PF_ONLY	3.23701310781176	2.640955795785782	2.549987734608268	2.493659420089786	2.714447202007434	2.594222971677905	2.5826314765851466	2.593914493298307	2.505121837881192	2.4849465251227176	2.5513082074737015	2.4896305019571523	0.743353687721974	-0.021778059325859394
VUILD78LA_150_27_10	VUILD78LA	VUILD78	fold_1	epithelial_transitional	PF_ONLY	1.35518530221447	2.6813654242965153	2.643368712153104	2.6158605919127913	2.5445284149022753	2.503185846840384	2.649264885849676	2.5939288516882075	2.631432886410452	2.611260535329573	2.6162001543804005	2.612382899872568	-1.2606752896983213	-0.00653324915220738
VUILD78LA_150_27_12	VUILD78LA	VUILD78	fold_1	epithelial_transitional	PF_ONLY	2.36988562578287	2.6636206605857224	2.5933786822467852	2.574867151226387	2.440085967030765	2.391260171885427	2.6483008209140837	2.593922286797409	2.58229307497724	2.5887426314528073	2.60499482142797	2.59120235627993	-0.20498152544351722	-0.011596074362572342
VUILD78LA_150_3_11	VUILD78LA	VUILD78	fold_1	epithelial_transitional	PF_ONLY	1.7701197918545	2.5544106163015687	2.5801849580384295	2.5392442354709015	2.282023698008795	2.28049806661817	2.6460831538476897	2.5938960826435356	2.603899586689212	2.6195216063379005	2.6121700898845273	2.6214216071725445	-0.7691244436164015	-0.013230276094746089
VUILD78LA_150_4_10	VUILD78LA	VUILD78	fold_1	epithelial_transitional	PF_ONLY	2.98360049775084	2.568203099246113	2.5670278279865597	2.543607313976737	2.413567055164034	2.412704477810422	2.5510774090889385	2.593900593697238	2.621690240284677	2.5749956784929755	2.6216685495734247	2.5764857017761322	0.43999318377410335	0.003545578132753113
VUILD78LA_150_4_11	VUILD78LA	VUILD78	fold_1	epithelial_transitional	PF_ONLY	2.72352961803262	2.5593307173907167	2.5603658113755716	2.519085658269078	2.220324936857336	2.1727755979941565	2.550249993931365	2.5938973112518386	2.5503715674502274	2.5957816010656947	2.5840860100961134	2.597957602351708	0.2044439597635419	-0.029009960521671922
VUILD78LA_150_4_12	VUILD78LA	VUILD78	fold_1	epithelial_transitional	PF_ONLY	2.33782097939469	2.5504583355353203	2.5699223248539154	2.535285692800633	2.311510370285869	2.2762167139002702	2.5310845675640357	2.593894028806439	2.6144434110432435	2.574063398045803	2.608028800971034	2.5757465372543367	-0.19746471340594285	-0.020804161458253898
VUILD78LA_150_4_13	VUILD78LA	VUILD78	fold_1	epithelial_transitional	PF_ONLY	2.65723807036739	2.541585953679924	2.5480364094101087	2.5280135520356017	2.6768467300495757	2.6366117944791068	2.5540483594125227	2.59389074636104	2.559258137437027	2.5897969970162773	2.585430825709256	2.5914891287291373	0.12922451833178838	-0.013029051823737042
VUILD78LA_150_5_10	VUILD78LA	VUILD78	fold_1	epithelial_transitional	PF_ONLY	3.108058366961	2.573123200335261	2.5579384988703806	2.5347329982979137	2.7380238998475925	2.702874382911543	2.5455802092014013	2.5939018223055412	2.6000053490286628	2.6010518699537264	2.6055198893395297	2.6031584805507344	0.5733253686630864	0.005338235482520199
VUILD78LA_150_5_11	VUILD78LA	VUILD78	fold_1	epithelial_transitional	PF_ONLY	2.59128771106374	2.5642508184798647	2.5271450442285475	2.5077527536071123	2.4483701200126373	2.3921259632869836	2.4986663227749286	2.5938985398601417	2.604577307773928	2.630687255701285	2.600286265116645	2.6337586561877533	0.08353495745662753	-0.01611340890259438
VUILD78LA_150_5_12	VUILD78LA	VUILD78	fold_1	epithelial_transitional	PF_ONLY	2.94181788764719	2.5553784366244683	2.5598357732533272	2.5402852376927747	2.5139204113730163	2.4784321710433717	2.5081981828177384	2.5938952574147423	2.6374052783528152	2.6082586637209886	2.619830354400159	2.609819832425586	0.4015326499544152	-0.020761624932879884
VUILD78LA_150_6_10	VUILD78LA	VUILD78	fold_1	epithelial_transitional	PF_ONLY	2.66997786050609	2.5780433014244086	2.5667508561102865	2.561138298237141	2.3958156781629727	2.3766790838264575	2.5560334009567036	2.593903050913844	2.5526335635051964	2.529879084568735	2.5864765153650837	2.5305881986241263	0.10883956226894931	-0.010268449395293493
VUILD78LA_150_6_11	VUILD78LA	VUILD78	fold_1	epithelial_transitional	PF_ONLY	2.67698224786093	2.5691709195690127	2.5788120663967375	2.5410219415785495	2.332445170557645	2.2600360361383944	2.5898394883503904	2.593899768468445	2.5883106446477537	2.6327180628779043	2.602468979914308	2.6342793287079256	0.13596030628238065	-0.012161964221761586
VUILD78LA_150_6_14	VUILD78LA	VUILD78	fold_1	epithelial_transitional	PF_ONLY	2.14409028510799	2.5425537740028235	2.6060753804134578	2.676855394611525	2.4418605075715107	2.555343750263114	2.587531547169141	2.593889921132247	2.454693883922501	2.5295713143867857	2.51248006821863	2.524912176613037	-0.5327651095035351	-0.037501384468402864
VUILD78LA_150_6_6	VUILD78LA	VUILD78	fold_1	epithelial_transitional	PF_ONLY	3.81225846928232	2.6135328288459942	2.6126822634920055	2.607589262766377	3.336619045257123	3.3267094921772262	2.6183751848228023	2.5939161806954414	2.674788764721259	2.6295768733217453	2.6212492204742808	2.629460029200257	1.204669206515943	0.007505025614867914
VUILD78LA_150_6_7	VUILD78LA	VUILD78	fold_1	epithelial_transitional	PF_ONLY	2.99684185060701	2.6046604469905983	2.607780219890563	2.6440654071554532	3.077351735188145	3.0832434570846323	2.616258441209098	2.5939128982500423	2.841061346345338	2.6187421211677715	2.6992017943438125	2.6170792176827633	0.3527764434515568	0.014661038528911844
VUILD78LA_150_6_8	VUILD78LA	VUILD78	fold_1	epithelial_transitional	PF_ONLY	2.84896033745048	2.595788065135202	2.629697809966163	2.6525253562654854	2.8517667191134617	2.8868630415249865	2.59422690966726	2.593909615804643	2.6047694746085504	2.5335441988898744	2.5905911464863687	2.5307619853577523	0.19643498118499458	-0.009097488384002032
VUILD78LA_150_6_9	VUILD78LA	VUILD78	fold_1	epithelial_transitional	PF_ONLY	3.50362139907873	2.586915683279805	2.6172660738963964	2.61747366061883	2.6520043623140133	2.6517504158012026	2.517449837788287	2.5939063333592434	2.56396295027592	2.590265869800469	2.574011147726099	2.5891646236128314	0.8861477384599001	-0.030601363448462482
VUILD78LA_150_7_10	VUILD78LA	VUILD78	fold_1	epithelial_transitional	PF_ONLY	3.23388473427451	2.5829634025135566	2.5685092941172973	2.5760012923455387	2.4427278025281667	2.390877119307811	2.5835619063614663	2.593904279522147	2.6548781412469515	2.612867820113428	2.6171184124565414	2.6133829484038293	0.6578834419289712	-0.01645076248139435
VUILD78LA_150_7_13	VUILD78LA	VUILD78	fold_1	epithelial_transitional	PF_ONLY	3.30452199787456	2.556346256947368	2.5661018469953394	2.5554312891584203	2.343083807176996	2.3310822446806383	2.5904639196401367	2.593894432185949	2.483644803276928	2.495592536794584	2.5321335437995587	2.496027974362254	0.7490907087161398	-0.0414215695984397
VUILD78LA_150_7_14	VUILD78LA	VUILD78	fold_1	epithelial_transitional	PF_ONLY	3.12208980644178	2.5474738750919714	2.588690514301785	2.590135381576286	2.5975625869832597	2.628453775200184	2.587229020898344	2.5938911497405495	2.635860398471236	2.5394144783033004	2.5969781143029325	2.538410644728024	0.5319544248654937	-0.016393995059390286
VUILD78LA_150_7_15	VUILD78LA	VUILD78	fold_1	epithelial_transitional	PF_ONLY	2.65802507500513	2.538601493236575	2.575043329802252	2.6206270678219243	2.807894051792293	2.8447731420659457	2.595617962692581	2.5938878672951504	2.6775451039846914	2.590791974948299	2.6184743866615516	2.5888144221616525	0.03739800718320563	-0.01222333106513009
VUILD78LA_150_7_6	VUILD78LA	VUILD78	fold_1	epithelial_transitional	PF_ONLY	3.07674638068941	2.6184529299351422	2.603645284991486	2.5935751767670205	2.9386927600807367	2.9286469901012624	2.5942243209779523	2.5939174093037445	2.7644118592036775	2.6115361910069703	2.651487284929008	2.6117487871626017	0.48317120392238966	-0.00748945422489131
VUILD78LA_150_7_7	VUILD78LA	VUILD78	fold_1	epithelial_transitional	PF_ONLY	3.42163736636907	2.6095805480797463	2.613915142484866	2.6355251915090196	3.157664554385663	3.1642695098943836	2.6121252310963454	2.593914126858345	2.785032914382427	2.6076372162707386	2.6739922345155778	2.606237676281449	0.7861121748600501	0.009786471896623515
VUILD78LA_150_7_8	VUILD78LA	VUILD78	fold_1	epithelial_transitional	PF_ONLY	3.01657411553726	2.60070816622435	2.617535671246577	2.6294625397140314	3.149007149565416	3.168282965583212	2.612855605999517	2.593910844412946	2.6827885019672393	2.629880585071	2.615434188876931	2.628492973600912	0.38711157582322864	-0.013681082196735363
VUILD78LA_150_7_9	VUILD78LA	VUILD78	fold_1	epithelial_transitional	PF_ONLY	3.42678401379744	2.591835784368953	2.5771655104040954	2.609513220351895	2.447338257536353	2.4469887381254862	2.5073184178952905	2.5939075619675465	2.494225786969423	2.586206879595273	2.543512751361085	2.585643175449324	0.817270793445545	-0.03889782562981214
VUILD78LA_150_8_10	VUILD78LA	VUILD78	fold_1	epithelial_transitional	PF_ONLY	3.39888797973291	2.5878835036027046	2.653746775308551	2.654583868734251	2.4569747629175978	2.5007993800309927	2.610014374289021	2.59390550813045	2.526656902819344	2.666382457562367	2.5539823964958663	2.6640673078977746	0.7443041109986592	-0.004955877184013847
VUILD78LA_150_8_11	VUILD78LA	VUILD78	fold_1	epithelial_transitional	PF_ONLY	3.07552408704685	2.579011121747308	2.596558470152607	2.6027921421324853	2.1284408583132732	2.112343144987393	2.5608930145518984	2.5939022256850506	2.6017306319462787	2.5475188295442357	2.6064393673035293	2.546746738653672	0.47273194491436454	-0.02680308645980193
VUILD78LA_150_8_13	VUILD78LA	VUILD78	fold_1	epithelial_transitional	PF_ONLY	3.24244821824875	2.561266358036516	2.5336032835508506	2.5395228990119714	2.579877317747038	2.543726728276505	2.538307833099854	2.593895660794252	2.6022170637917226	2.5365807174380524	2.603524712822586	2.537931045367	0.7029253192367788	-0.024896407600890486
VUILD78LA_150_8_14	VUILD78LA	VUILD78	fold_1	epithelial_transitional	PF_ONLY	2.55760011460018	2.5523939761811194	2.5538715871889353	2.530236970004493	2.8202531968751967	2.75064102876821	2.5554675001473983	2.5938923783488526	2.5600743020231356	2.5397064506963747	2.5710649713891045	2.541320741339796	0.027363144595686784	-0.016479900592754507
VUILD78LA_150_8_15	VUILD78LA	VUILD78	fold_1	epithelial_transitional	PF_ONLY	2.51824765823139	2.543521594325723	2.5450830252045664	2.5396879400641823	2.745941789443937	2.7390884027347746	2.589621480773789	2.5938890959034535	2.6435047578190813	2.584719210828905	2.613389940872328	2.585996739552155	-0.02144028183279234	-0.02164031286949772
VUILD78LA_150_8_16	VUILD78LA	VUILD78	fold_1	epithelial_transitional	PF_ONLY	2.71457371016461	2.5346492124703266	2.5321759293646435	2.5238532729421355	2.4119402819544455	2.380194290471663	2.55285029460907	2.593885813458054	2.6316351110988654	2.626488999159778	2.6172404731534753	2.62876533114225	0.19072043722247445	-0.008312996152643592
VUILD78LA_150_8_5	VUILD78LA	VUILD78	fold_1	epithelial_transitional	PF_ONLY	3.27627660944812	2.6322454128796866	2.6084765615844066	2.5982029855718745	2.9468950351703627	2.9729453941027413	2.568278959293384	2.593921920357447	2.855711112441895	2.609051256895003	2.7076704486534204	2.609452038487645	0.6780736238762457	0.004162273157245608
VUILD78LA_150_8_6	VUILD78LA	VUILD78	fold_1	epithelial_transitional	PF_ONLY	3.44519340240076	2.62337303102429	2.613572861755947	2.639011039174517	2.9406713510325178	2.9527171841298823	2.575306211553379	2.5939186379120476	2.7501791570964915	2.6126330864284735	2.6636302346947627	2.6114527180525564	0.806182363226243	-0.002308066716648991
VUILD78LA_150_8_7	VUILD78LA	VUILD78	fold_1	epithelial_transitional	PF_ONLY	3.29898484979063	2.614500649168894	2.624660028435194	2.6265757439816806	2.9930936234089796	2.99987764723127	2.6051704522873567	2.593915355466648	2.731086760865553	2.6180649844569994	2.6450166412014284	2.6171812431280896	0.6724091058089492	-0.005762250486304326
VUILD78LA_150_8_8	VUILD78LA	VUILD78	fold_1	epithelial_transitional	PF_ONLY	3.29999134588455	2.6056282673134974	2.6103671198566265	2.637242663225101	2.683806141411453	2.704899606595083	2.569839647806442	2.593912073021249	2.7165662148326266	2.6056351520096794	2.6425673462009835	2.604207875347811	0.6627486826594486	-0.032411121676827526
VUILD78LA_150_8_9	VUILD78LA	VUILD78	fold_1	epithelial_transitional	PF_ONLY	3.20757388488483	2.596755885458101	2.6376912944570767	2.6435956208393874	2.448067954179292	2.4979501876499652	2.577563501772804	2.5939087905758496	2.6618614551144053	2.600684501758094	2.617647882538089	2.5988031670670217	0.5639782640454425	-0.04303869007962395
VUILD78LA_150_9_10	VUILD78LA	VUILD78	fold_1	epithelial_transitional	PF_ONLY	3.47127064351475	2.5928036046918526	2.5810334204877163	2.5916044319370677	2.7127627138347643	2.7391375253886263	2.5536558196886245	2.593906736738753	2.6554281552743038	2.629621954065386	2.6250678501813924	2.6300138604729875	0.8796662115776823	0.0042803219975168765
VUILD78LA_150_9_11	VUILD78LA	VUILD78	fold_1	epithelial_transitional	PF_ONLY	3.54480991255435	2.583931222836456	2.570835916102289	2.5492827288348403	2.4105445928530793	2.386085133688457	2.5858932124832057	2.5939034542933537	2.6011907024540957	2.647318329980704	2.604515248262929	2.6492106069469066	0.9955271837195099	-0.017986017434378835
VUILD78LA_150_9_12	VUILD78LA	VUILD78	fold_1	epithelial_transitional	PF_ONLY	3.61187090845964	2.5750588409810597	2.5502123924201237	2.5330220670387367	2.6706733706643058	2.6175567598561806	2.476356972510168	2.5939001718479546	2.761193200805406	2.611148249774989	2.6689943561979423	2.613396180904756	1.0788488414209034	-0.008696481958103618
VUILD78LA_150_9_13	VUILD78LA	VUILD78	fold_1	epithelial_transitional	PF_ONLY	3.6739859216109	2.5661864591256633	2.6113614837521606	2.588343644667697	2.4535948118083835	2.465278411297979	2.540295668300505	2.593896889402555	2.490638331904896	2.5498784499454574	2.548910720127816	2.549417769522552	1.085642276943203	-0.020533359213386764
VUILD78LA_150_9_14	VUILD78LA	VUILD78	fold_1	epithelial_transitional	PF_ONLY	2.98178062615015	2.5573140772702674	2.5690852946846183	2.5746377028051173	2.6780612039539147	2.630914785063056	2.5304991930293523	2.5938936069571557	2.602255076882144	2.579249144112868	2.5985650477528632	2.579308155137049	0.40714292334503277	-0.017462311265270994
VUILD78LA_150_9_15	VUILD78LA	VUILD78	fold_1	epithelial_transitional	PF_ONLY	2.49839568098754	2.548441695414871	2.5877490537006596	2.563203848755086	2.764336025210331	2.7441113682760023	2.514589073040132	2.593890324511756	2.5742387836656415	2.5942990162868558	2.585351348623738	2.594900120176068	-0.06480816776754583	-0.013782132540196937
VUILD78LA_150_9_5	VUILD78LA	VUILD78	fold_1	epithelial_transitional	PF_ONLY	3.18788884281993	2.6371655139688346	2.6337623655310005	2.629795888993162	2.975824234836682	3.010400274146482	2.5107214722208884	2.59392314896575	2.7997356867389978	2.600877250831845	2.6831420241285118	2.5999292016382354	0.558092953826768	0.012059402462953955
VUILD78LA_150_9_6	VUILD78LA	VUILD78	fold_1	epithelial_transitional	PF_ONLY	2.88765164408622	2.628293132113438	2.6323896820499333	2.642319561619658	3.0356740449688604	3.0350246949911788	2.528924739210751	2.5939198665203507	2.816794283912413	2.622581161276886	2.690058207253572	2.6213406797597583	0.2453320824665619	0.014411744720164323
VUILD78LA_150_9_7	VUILD78LA	VUILD78	fold_1	epithelial_transitional	PF_ONLY	3.64540931219151	2.6194207502580418	2.5777788270246105	2.572810502577289	3.177718566942488	3.107612771161584	2.567844862071584	2.593916584074951	2.7852077746672537	2.6134123659117927	2.6719119672062015	2.614819226626103	1.0725988096142207	0.014939440747540193
VUILD78LA_150_9_8	VUILD78LA	VUILD78	fold_1	epithelial_transitional	PF_ONLY	3.31779116581627	2.6105483684026454	2.5811983730943084	2.5623701062454445	2.5848436773746917	2.5445843103748076	2.5303404603955335	2.5939133016295517	2.6641912381866093	2.5920806857990453	2.6240323625007766	2.593693909718616	0.7554210595708257	-0.03025861203060811
VUILD78LA_150_9_9	VUILD78LA	VUILD78	fold_1	epithelial_transitional	PF_ONLY	3.78960381022977	2.601675986547249	2.5685367389358293	2.5808095385127854	2.401306518702973	2.41415619850181	2.515005265766097	2.5939100191841526	2.5415022665373375	2.571338791878628	2.5658775188216247	2.5720409782983973	1.2087942717169846	-0.04298908787488178
VUILD78MA_150_10_12	VUILD78MA	VUILD78	fold_1	epithelial_transitional	PF_ONLY	2.43017905512488	2.5885095837178658	2.5771399163307263	2.551584535821213	2.6592240149726	2.6069305124402975	2.5986789958091476	2.5939094921273176	2.5088944235694584	2.514515162070562	2.5537303754362117	2.515701560631442	-0.12140548069633272	-0.00539765240231271
VUILD78MA_150_10_13	VUILD78MA	VUILD78	fold_1	epithelial_transitional	PF_ONLY	2.14948404260917	2.579636667252813	2.54339692614597	2.528884885273438	2.8990534039820766	2.7934117451932536	2.606632558574887	2.593906209571217	2.5876159940385017	2.617459556228468	2.5884853851385805	2.6199450932695956	-0.37940084266426766	-0.009753941595071747
VUILD78MA_150_10_14	VUILD78MA	VUILD78	fold_1	epithelial_transitional	PF_ONLY	2.1482842616973	2.5707637507877603	2.546404855663171	2.519603008413846	2.792737588561513	2.672554632017419	2.610246784252553	2.5939029270151157	2.5391028991096403	2.5607205778293043	2.5644302739820675	2.562980705264465	-0.37131874671654597	-0.019272289969895072
VUILD78MA_150_10_15	VUILD78MA	VUILD78	fold_1	epithelial_transitional	PF_ONLY	2.50922392909668	2.561890834322708	2.600195400048321	2.570509847701642	2.826434134813203	2.8048167268423554	2.6217261839311674	2.593899644459015	2.5216244761533706	2.6292621240958636	2.5528647150032047	2.6298283182467306	-0.06128591860496213	-0.018971029462551935
VUILD78MA_150_10_3	VUILD78MA	VUILD78	fold_1	epithelial_transitional	PF_ONLY	1.78345379225462	2.668365831903339	2.5862625538980724	2.548335367661559	1.968196289801144	1.8610716339949696	2.5184030128546624	2.593939035132225	2.5089371776254334	2.507308512256551	2.566945031252135	2.510363567245109	-0.7648815754069391	-0.052261861991061455
VUILD78MA_150_10_4	VUILD78MA	VUILD78	fold_1	epithelial_transitional	PF_ONLY	2.23526082435411	2.6594929154382867	2.633556823326184	2.598332327392258	2.799649740625062	2.7144709832552145	2.5636468798775347	2.5939357525761237	2.6318837405331905	2.6357492874621333	2.6074053655618883	2.63702780598783	-0.3630715030381477	-0.004834688463135001
VUILD78MA_150_10_5	VUILD78MA	VUILD78	fold_1	epithelial_transitional	PF_ONLY	1.89549731865177	2.650619998973234	2.5860749954412015	2.5956660604885995	2.467673901413377	2.3970121224705703	2.571913145599424	2.593932470020023	2.568291345890083	2.580145852535499	2.5826091931146467	2.5810235688367875	-0.7001687418368294	-0.007335331337644193
VUILD78MA_150_10_6	VUILD78MA	VUILD78	fold_1	epithelial_transitional	PF_ONLY	1.2942496235824	2.6417470825081812	2.6061987891072125	2.5898805985562796	2.4515863505614113	2.349239813149788	2.596394463975539	2.5939291874639223	2.6992117752024996	2.5730395928416367	2.654865139471008	2.5739826700246704	-1.2956309749738797	-0.011710728704934493
VUILD78MA_150_10_7	VUILD78MA	VUILD78	fold_1	epithelial_transitional	PF_ONLY	1.36826497975893	2.6328741660431287	2.579128091573494	2.593467677294356	2.5406540579257992	2.4615103416047637	2.6009078618364083	2.5939259049078216	2.5651685618453244	2.563232174072342	2.5888130639389857	2.5637020893370943	-1.2252026975354262	-0.03172391672636722
VUILD78MA_150_10_8	VUILD78MA	VUILD78	fold_1	epithelial_transitional	PF_ONLY	1.7235254313915	2.6240012495780762	2.606769470681283	2.5812361679212787	2.45040298079683	2.3628259527549376	2.617733241063077	2.593922622351721	2.510271039915297	2.6251129203457246	2.5670794893036586	2.6263873581854287	-0.8577107365297787	-0.020405408826107266
VUILD78MA_150_10_9	VUILD78MA	VUILD78	fold_1	epithelial_transitional	PF_ONLY	2.10708621700111	2.6151283331130233	2.6299236462677147	2.612357499967247	2.8841989590397863	2.8763694826137503	2.614875165752807	2.5939193397956197	2.498609548587533	2.6098025871136286	2.5351456104975227	2.6093324013543233	-0.5052712829661368	-0.011717661181252923
VUILD78MA_150_11_10	VUILD78MA	VUILD78	fold_1	epithelial_transitional	PF_ONLY	2.46342968956682	2.6119885962388674	2.6352465956432587	2.634663921764304	2.9672380523321515	2.8906807710034945	2.649542087459153	2.593917450601872	2.6494246096785594	2.671209248870789	2.6161857080581283	2.6702431412814307	-0.17123423219748402	0.01178492680383684
VUILD78MA_150_11_11	VUILD78MA	VUILD78	fold_1	epithelial_transitional	PF_ONLY	2.58763556051231	2.603115679773815	2.6042657867627312	2.5959970880851206	2.8666672764474597	2.7916605624357507	2.6327723669243404	2.593914168045771	2.6645916804607905	2.6756622221044437	2.6190257505712737	2.67598423594234	-0.008361527572810612	0.0070430950541819515
VUILD78MA_150_11_12	VUILD78MA	VUILD78	fold_1	epithelial_transitional	PF_ONLY	2.70350446462834	2.5942427633087624	2.5799478907131506	2.576474106104243	2.924193383325009	2.901374273313521	2.6095141760279374	2.59391088548967	2.548010565763689	2.630668057814256	2.5725436218142455	2.631342434858927	0.12703035852409705	-0.002091886616239262
VUILD78MA_150_11_13	VUILD78MA	VUILD78	fold_1	epithelial_transitional	PF_ONLY	2.5169629394235	2.5853698468437094	2.547283250620789	2.524038115971737	2.4531800854887984	2.4050465880766767	2.602365750079302	2.5939076029335695	2.476619665681692	2.5864345886806377	2.545161272070665	2.588963186339558	-0.007075176548237305	-0.02077089200004146
VUILD78MA_150_11_14	VUILD78MA	VUILD78	fold_1	epithelial_transitional	PF_ONLY	2.91159899080304	2.576496930378657	2.5668015448790746	2.529385282445002	2.6194562509305266	2.5555613957874903	2.583894343334338	2.5939043203774688	2.49463017596926	2.559578434228018	2.5379287894736087	2.5616560166889277	0.38221370835803814	-0.024508704388711312
VUILD78MA_150_11_15	VUILD78MA	VUILD78	fold_1	epithelial_transitional	PF_ONLY	2.80967828874723	2.5676240139136044	2.4999031973749983	2.4666893508951864	2.600606307216462	2.5058502485064342	2.5973393216919733	2.5939010378213676	2.5078759799364754	2.5781657057323573	2.5478930023619104	2.582937397944232	0.34298893785204365	-0.024620974903176565
VUILD78MA_150_11_3	VUILD78MA	VUILD78	fold_1	epithelial_transitional	PF_ONLY	2.42168505963533	2.674099011494236	2.6010182042692707	2.5877011645036765	1.991489712559442	1.9347406054455214	2.513739548722731	2.5939404284945775	2.427090288046643	2.4901951203038633	2.5222837000410676	2.491289785168919	-0.1660161048683464	-0.0594982741460583
VUILD78MA_150_11_4	VUILD78MA	VUILD78	fold_1	epithelial_transitional	PF_ONLY	1.99606112275676	2.6652260950291833	2.6177526026351456	2.633018914036345	2.302805443554913	2.251117104398271	2.5265328086117376	2.593937145938477	2.5665298366466693	2.580440052005171	2.5894933033038803	2.5801005797848493	-0.6369577912795852	-0.023267171607550666
VUILD78MA_150_11_5	VUILD78MA	VUILD78	fold_1	epithelial_transitional	PF_ONLY	1.71903254026275	2.656353178564131	2.621126763519722	2.6251583654459507	2.422682781406942	2.35187989000646	2.5814542918654517	2.593933863382376	2.5851064233508607	2.5937378066090866	2.609104947449725	2.5940114904089873	-0.9061258251832007	-0.006930549750717838
VUILD78MA_150_11_6	VUILD78MA	VUILD78	fold_1	epithelial_transitional	PF_ONLY	1.7405032813811	2.647480262099078	2.6475093831038636	2.666219504108283	2.782504182751434	2.7328119464014065	2.581873458376628	2.593930580826275	2.6531108426429153	2.60089458082482	2.6472158750338943	2.5996548940209356	-0.9257162227271829	0.005716256554110009
VUILD78MA_150_11_7	VUILD78MA	VUILD78	fold_1	epithelial_transitional	PF_ONLY	1.68677883704998	2.6386073456340253	2.636396407312314	2.6325686018273053	2.4951674825109156	2.4195197331441562	2.569339564201281	2.593927298270174	2.548383011526556	2.565063837369528	2.5947696173401504	2.564613453120717	-0.9457897647773252	-0.02183909303538781
VUILD78MA_150_11_8	VUILD78MA	VUILD78	fold_1	epithelial_transitional	PF_ONLY	1.49942349654101	2.629734429168973	2.5579792673284283	2.58384396997793	2.693419110086983	2.610325258042673	2.604703488896034	2.5939240157140735	2.512033255080649	2.5843348384099127	2.548635927358558	2.585199929526587	-1.0844204734369198	-0.02170740724094786
VUILD78MA_150_11_9	VUILD78MA	VUILD78	fold_1	epithelial_transitional	PF_ONLY	2.33567329521752	2.62086151270392	2.618545796326539	2.6124386325642015	2.975929038831792	2.92556403271354	2.6291538227124636	2.593920733157973	2.582283955983622	2.650220639767676	2.583905402435332	2.65018513409563	-0.2767653373466814	-0.005766787581216879
VUILD78MA_150_12_10	VUILD78MA	VUILD78	fold_1	epithelial_transitional	PF_ONLY	1.95666868402742	2.617721775829764	2.606468814736949	2.582590196880682	2.7119816629623763	2.5858045565656558	2.6278375911951786	2.5939188439642247	2.60182114930507	2.6179119065430285	2.610167342025016	2.619403567529857	-0.6259215128532623	-0.004760498483108711
VUILD78MA_150_12_11	VUILD78MA	VUILD78	fold_1	epithelial_transitional	PF_ONLY	2.11639528798995	2.6088488593647114	2.567916522173196	2.568089918673348	2.3827679348882045	2.301784973203842	2.6257021484449647	2.593915561408124	2.509828503378574	2.616854827435561	2.5747470442852207	2.6187389188771486	-0.4516946306833982	0.0004975575524320958
VUILD78MA_150_12_12	VUILD78MA	VUILD78	fold_1	epithelial_transitional	PF_ONLY	1.94007082294442	2.599975942899659	2.601773138174832	2.5572424552330917	2.428136208285332	2.3447728934893144	2.6104694033814124	2.593912278852023	2.5483434395918843	2.562441547160983	2.59282388981793	2.5645843042134455	-0.6171716322886718	-0.01607229584162359
VUILD78MA_150_12_13	VUILD78MA	VUILD78	fold_1	epithelial_transitional	PF_ONLY	1.61129875151841	2.591103026434606	2.5558688025343432	2.5185372205339025	2.7019291925943674	2.6246944492394952	2.590459609509993	2.593908996295922	2.502082318815581	2.558772896145379	2.55679096856673	2.56171872372363	-0.9072384690154924	-0.008198716680587734
VUILD78MA_150_12_14	VUILD78MA	VUILD78	fold_1	epithelial_transitional	PF_ONLY	1.79537866473183	2.5822301099695535	2.513922111472789	2.47423860331317	2.6621223936036023	2.585996001784575	2.59657987995386	2.5939057137398214	2.52873497787252	2.5799815630673963	2.5597235195913743	2.584218769234179	-0.6788599385813399	-0.030149010674444594
VUILD78MA_150_12_3	VUILD78MA	VUILD78	fold_1	epithelial_transitional	PF_ONLY	1.77167850630274	2.6798321910851324	2.6275337410833934	2.6410074100141707	2.446499645503019	2.3634155891273947	2.4975443090428593	2.59394182185693	2.4918527968348654	2.544586522895682	2.5514437551800686	2.544123477044944	-0.8693289037114307	-0.025299700724485806
VUILD78MA_150_12_4	VUILD78MA	VUILD78	fold_1	epithelial_transitional	PF_ONLY	2.07320640660287	2.67095927462008	2.663433507551089	2.6595342732751854	2.7704030036040246	2.701498003231931	2.5682317619712105	2.5939385393008294	2.679101391111311	2.5736066475704797	2.643386259226882	2.57249534060732	-0.5863278666723155	-0.007349703601706014
VUILD78MA_150_12_5	VUILD78MA	VUILD78	fold_1	epithelial_transitional	PF_ONLY	1.69143723326057	2.6620863581550274	2.6134486107422226	2.6495663022165887	2.4220917450422528	2.405083850497348	2.5643915125733443	2.5939352567447287	2.640550811685067	2.584221922830285	2.6350676367597194	2.583514243613472	-0.9581290689560187	0.006503462984950739
VUILD78MA_150_12_6	VUILD78MA	VUILD78	fold_1	epithelial_transitional	PF_ONLY	1.97074648931698	2.6532134416899744	2.658842186549986	2.688971515260501	2.4473094360337964	2.3802987542968106	2.604855310222064	2.593931974188628	2.643968894535842	2.6262654027432357	2.6351451888191786	2.624252082235695	-0.718225025943521	-0.004011406849069539
VUILD78MA_150_12_7	VUILD78MA	VUILD78	fold_1	epithelial_transitional	PF_ONLY	1.64583215081514	2.644340525224922	2.6431975102296117	2.671524094754924	2.3930591001070556	2.3333170118643656	2.555856590820107	2.593928691632527	2.5524668255286196	2.567646151850385	2.6000251317349394	2.565657094649392	-1.0256919439397842	-0.02023071983661568
VUILD78MA_150_12_8	VUILD78MA	VUILD78	fold_1	epithelial_transitional	PF_ONLY	1.13727227029933	2.6354676087598694	2.5921198586963214	2.5973879157613573	2.6724920779076498	2.5978705973669527	2.585900336970331	2.593925409076426	2.5669093100353058	2.592078587608476	2.589205433817647	2.5926895851146683	-1.4601156454620272	-0.024733941720597424
VUILD78MA_150_12_9	VUILD78MA	VUILD78	fold_1	epithelial_transitional	PF_ONLY	1.81343031508892	2.6265946922948165	2.591213769818269	2.59166808286034	2.7625848065623826	2.7026788437474285	2.6034443912799077	2.5939221265203254	2.531103469404847	2.6176209199405314	2.5694308913652506	2.6184595936754462	-0.7782377677714198	-0.021388153434247097
VUILD78MA_150_13_10	VUILD78MA	VUILD78	fold_1	epithelial_transitional	PF_ONLY	1.62017791251313	2.6234549554206605	2.5323621640132217	2.532390859802431	2.751240960095106	2.6466250553286406	2.604021854764022	2.5939202373265773	2.4632310438959766	2.525614514580831	2.5287918350076253	2.5286702407341974	-0.912212947289301	-0.013514208215833993
VUILD78MA_150_13_11	VUILD78MA	VUILD78	fold_1	epithelial_transitional	PF_ONLY	2.42206089251147	2.614582038955608	2.534530081916999	2.495568807490081	2.6794049635156494	2.555760798482946	2.6124755668992274	2.5939169547704766	2.4792270735948416	2.5517052323491383	2.5441363795168566	2.556164225799707	-0.07350791497861087	-0.0050199576269290905
VUILD78MA_150_13_13	VUILD78MA	VUILD78	fold_1	epithelial_transitional	PF_ONLY	2.24621472950593	2.5968362060255026	2.4979264670394477	2.449015957814922	2.279652758964114	2.1757007444125	2.5769325767413336	2.593910389658275	2.488560067351281	2.534535977288712	2.5596701318605075	2.5401871535938416	-0.20280122830899217	-0.029560148370157573
VUILD78MA_150_13_14	VUILD78MA	VUILD78	fold_1	epithelial_transitional	PF_ONLY	2.33124438511536	2.58796328956045	2.5257326260917505	2.449997366051703	2.5236659344871635	2.419480696326237	2.5908547769934085	2.593907107102174	2.4682820402781696	2.605912084956595	2.538001306763554	2.611625409970304	-0.11875298093634301	-0.03849107224062866
VUILD78MA_150_13_15	VUILD78MA	VUILD78	fold_1	epithelial_transitional	PF_ONLY	1.3666934261325	2.5790903730953976	2.490637702303761	2.436385321177637	2.8343625691736656	2.6954674672795025	2.5931095564124416	2.5939038245460733	2.4222538539277427	2.634427747914415	2.5118952410835607	2.6407201143161374	-1.0696918950451368	-0.024188713498450545
VUILD78MA_150_13_16	VUILD78MA	VUILD78	fold_1	epithelial_transitional	PF_ONLY	1.25787537893059	2.5702174566303446	2.525290418998718	2.4722229583132975	2.59371778150427	2.5276521145603263	2.5769973611515415	2.5939005419899726	2.5880175825802367	2.6193791619247264	2.5823289717510107	2.6237380891508697	-1.2143475793827074	-0.02158286586823463
VUILD78MA_150_13_17	VUILD78MA	VUILD78	fold_1	epithelial_transitional	PF_ONLY	1.75039657982005	2.561344540165292	2.5654086464308485	2.531605967930561	2.701858212677435	2.6555688602028757	2.5928406965546347	2.593897259433872	2.571223819992312	2.638819638670139	2.5936725224099275	2.641039261327217	-0.7812093881105109	0.0034101255251073066
VUILD78MA_150_13_19	VUILD78MA	VUILD78	fold_1	epithelial_transitional	PF_ONLY	1.75105195784018	2.543598707235187	2.4754948434628616	2.4530635710309947	2.7036530470099214	2.6240334691605955	2.6151840162739504	2.59389069432167	2.6249139776770245	2.644531963457876	2.6187903269378205	2.649471704104836	-0.7020116131908147	-0.005616309877471983
VUILD78MA_150_13_3	VUILD78MA	VUILD78	fold_1	epithelial_transitional	PF_ONLY	1.92607665816691	2.685565370676029	2.642844744450925	2.6389471402143725	2.5146798724101016	2.446664786075683	2.503791101704148	2.593943215219283	2.6090344921185955	2.6026467184034825	2.604838147807252	2.60278485349873	-0.7128704820474625	-0.025726936615548444
VUILD78MA_150_13_4	VUILD78MA	VUILD78	fold_1	epithelial_transitional	PF_ONLY	1.80376491936237	2.6766924542109765	2.6282751474521815	2.638105709546189	2.403334264918406	2.337101850270026	2.555805258989963	2.593939932663182	2.5684708158632255	2.5709209902419845	2.593797936812283	2.5709114124503962	-0.8343407901838189	-0.023016645976048473
VUILD78MA_150_13_5	VUILD78MA	VUILD78	fold_1	epithelial_transitional	PF_ONLY	1.64103911560045	2.667819537745924	2.611657622634038	2.630231801122498	2.546729940615962	2.443776586686682	2.575581754398322	2.5939366501070813	2.698653310090004	2.578895407821873	2.655423695998458	2.5793100004620237	-0.9891926855220479	-0.0017053364673838643
VUILD78MA_150_13_6	VUILD78MA	VUILD78	fold_1	epithelial_transitional	PF_ONLY	2.09798700089952	2.658946621280871	2.654673084211783	2.664957847808216	2.827072913102199	2.749633647863276	2.608373256007713	2.5939333675509806	2.6418795038508778	2.6043542577102885	2.6380017398331637	2.6036608813600948	-0.566970846908696	0.009839837651209058
VUILD78MA_150_13_7	VUILD78MA	VUILD78	fold_1	epithelial_transitional	PF_ONLY	1.631006601147	2.6500737048158185	2.654100215918214	2.6687937776194737	2.720291595923121	2.6303586635111786	2.6014965893319166	2.59393008499488	2.591803356122715	2.585076946082805	2.6163382927816707	2.583917053082033	-1.0377871764724738	0.00051081411465634
VUILD78MA_150_13_8	VUILD78MA	VUILD78	fold_1	epithelial_transitional	PF_ONLY	1.30158141832638	2.641200788350766	2.609605284185989	2.6122804299257396	2.6779282609467274	2.583427316867094	2.5855562990852228	2.593926802438779	2.5845103410451284	2.599415227877694	2.6051984420744727	2.6000284426987728	-1.3106990115993595	-0.020797448167434868
VUILD78MA_150_14_10	VUILD78MA	VUILD78	fold_1	epithelial_transitional	PF_ONLY	2.36806030944152	2.629188135011557	2.6276088806294493	2.5809474430730055	3.084340103607462	3.0035020020539704	2.626185074208756	2.59392163068893	2.5838106514095998	2.6271231587881085	2.5870854577403883	2.6287119272275543	-0.2128871336314857	0.007201633729767799
VUILD78MA_150_14_11	VUILD78MA	VUILD78	fold_1	epithelial_transitional	PF_ONLY	1.91243997183232	2.6203152185465046	2.57875061350343	2.5523738505891616	2.7905717291429295	2.6833436507342996	2.59244724023723	2.593918348132829	2.510527970967705	2.6185547496366453	2.5668324096507518	2.6212692723809523	-0.6399338787568416	-0.003523642572688862
VUILD78MA_150_14_13	VUILD78MA	VUILD78	fold_1	epithelial_transitional	PF_ONLY	1.98773802181727	2.602569385616399	2.512555078693415	2.4399897026678805	3.2458698431411617	3.066471097789748	2.591222893233383	2.5939117830206277	2.5825041453094997	2.6205327781265817	2.6020600058136436	2.6271871404619476	-0.4522516808506105	-0.0055339552693748914
VUILD78MA_150_14_15	VUILD78MA	VUILD78	fold_1	epithelial_transitional	PF_ONLY	1.18353959061096	2.584823552686294	2.5077400779306047	2.425513278659084	2.543952048233163	2.4281078911713334	2.6105067959203394	2.593905217908426	2.484360167983182	2.6027476951927437	2.544020374528071	2.609581477007265	-1.2419736880481238	-0.04295082259509291
VUILD78MA_150_14_16	VUILD78MA	VUILD78	fold_1	epithelial_transitional	PF_ONLY	2.00143045601634	2.575950636221241	2.5000450474135474	2.48809406510046	2.8517561430605545	2.751530610508229	2.605601290326429	2.593901935352325	2.507641252292331	2.561716739447411	2.5406669274474347	2.565520373957739	-0.4866636090841201	0.0009332493420958505
VUILD78MA_150_14_17	VUILD78MA	VUILD78	fold_1	epithelial_transitional	PF_ONLY	2.4093010367738	2.5670777197561887	2.6018938393864657	2.5540631338244513	3.198302585372666	3.126636730773678	2.6139192574114496	2.5938986527962244	2.5850750682679187	2.6209296424390005	2.590474826822295	2.6221880247870364	-0.14476209705065113	0.008321227265710189
VUILD78MA_150_14_19	VUILD78MA	VUILD78	fold_1	epithelial_transitional	PF_ONLY	2.63756687884932	2.5493318868260837	2.4719612139843443	2.435678966734855	2.10148422820457	2.0388530249965067	2.5816434844575253	2.593892087684023	2.417933521215419	2.5544276687100753	2.5156054807885395	2.559637146906286	0.201887912114465	-0.04343717723271158
VUILD78MA_150_14_20	VUILD78MA	VUILD78	fold_1	epithelial_transitional	PF_ONLY	1.36281129455307	2.5404589703610307	2.566245181430929	2.547580428591305	2.1369219323478386	2.1092637929444242	2.645530724181804	2.593888805127922	2.530362834436501	2.635934688493398	2.5676367274237584	2.6370047774485967	-1.1847691340382351	-0.034225047746349144
VUILD78MA_150_14_3	VUILD78MA	VUILD78	fold_1	epithelial_transitional	PF_ONLY	2.04723757477732	2.6912985502669255	2.6037095432068407	2.4849638859510126	2.647982980978661	2.4500432142957607	2.4650666000224124	2.593944608581636	2.5626119216569587	2.571184796291818	2.598602265116246	2.5787693167395624	-0.43772631117369265	-0.02407608814306311
VUILD78MA_150_14_4	VUILD78MA	VUILD78	fold_1	epithelial_transitional	PF_ONLY	1.90754342560088	2.682425633801873	2.5832269423078733	2.5879219837493195	2.1571192509200157	2.045301792903147	2.6014578897473086	2.593941326025535	2.566693382364819	2.5979888448256223	2.5881752561498783	2.6001383572191155	-0.6803785581484394	-0.0417813025158739
VUILD78MA_150_14_5	VUILD78MA	VUILD78	fold_1	epithelial_transitional	PF_ONLY	2.183370479775	2.6735527173368205	2.6220615225000827	2.604254156415088	2.2941748853914676	2.1919889109893904	2.6111481775057457	2.5939380434694344	2.654349546918353	2.55689149199526	2.6380259099315237	2.558418872122604	-0.42088367664008786	-0.026929190461804198
VUILD78MA_150_14_6	VUILD78MA	VUILD78	fold_1	epithelial_transitional	PF_ONLY	2.10445040079256	2.6646798008717676	2.5965998916461723	2.6219899389964874	2.683602896524525	2.6289989715814595	2.5953647209456907	2.593934760913333	2.6624398935319533	2.568713527151727	2.6315995866760375	2.5690734488250495	-0.5175395382039274	0.00817516265272379
VUILD78MA_150_14_8	VUILD78MA	VUILD78	fold_1	epithelial_transitional	PF_ONLY	1.38407346563868	2.6469339679416626	2.5996523571318324	2.5786429923559124	2.1126560795475053	2.0367434221093212	2.5740333251190926	2.5939281958011318	2.5924759532275656	2.5330018980257623	2.604579369492915	2.5348942162419594	-1.1945695267172325	-0.04488823433359816
VUILD78MA_150_15_10	VUILD78MA	VUILD78	fold_1	epithelial_transitional	PF_ONLY	1.71954607697479	2.6349213146024537	2.552587076741014	2.5388609753070246	2.3437734630409066	2.262669744228297	2.601618004239302	2.593923024051283	2.5423206015005277	2.5350097324789655	2.5681668348718	2.5376752059238883	-0.8193148983322347	-0.03771497685698614
VUILD78MA_150_15_11	VUILD78MA	VUILD78	fold_1	epithelial_transitional	PF_ONLY	1.98953408369735	2.626048398137401	2.616164777817697	2.5962070546213103	2.42082053103497	2.3325027149809436	2.6050822370388507	2.5939197414951822	2.6456328809767458	2.544440002595739	2.6245256549042013	2.544682135731862	-0.6066729709239602	-0.01381218403408285
VUILD78MA_150_15_12	VUILD78MA	VUILD78	fold_1	epithelial_transitional	PF_ONLY	2.02401056315897	2.6171754816723487	2.606956089077211	2.566492535662724	2.6317444988470737	2.5556967951805354	2.594827896487764	2.593916458939081	2.5934439579296344	2.6318656594384944	2.609275160115577	2.6337157735141563	-0.542481972503754	-0.00836982314187167
VUILD78MA_150_15_13	VUILD78MA	VUILD78	fold_1	epithelial_transitional	PF_ONLY	2.48033070362608	2.6083025652072958	2.5773707440315063	2.555055950123507	2.9656795666336584	2.8867064470629926	2.596252169218246	2.5939131763829804	2.642368893888654	2.6542257089155603	2.620817811596887	2.656318582006182	-0.07472524649742684	-0.0007915106319221921
VUILD78MA_150_15_16	VUILD78MA	VUILD78	fold_1	epithelial_transitional	PF_ONLY	1.99351318960836	2.581683815812138	2.607492515043581	2.533096070328687	2.597204887364416	2.5377660137022944	2.6272849579635085	2.593903328714678	2.5343695751022466	2.6500914454672984	2.5718986717953207	2.6524524880514737	-0.5395828807203269	-0.014213140763618792
VUILD78MA_150_15_18	VUILD78MA	VUILD78	fold_1	epithelial_transitional	PF_ONLY	1.67408368315823	2.563937982882033	2.506542591330675	2.468572039493754	2.4863739051965505	2.388827520227349	2.5815441871586744	2.5938967636024763	2.4777738035110533	2.570838394591486	2.52850598457425	2.5750162598668846	-0.7944883563355241	-0.028773566292622614
VUILD78MA_150_15_19	VUILD78MA	VUILD78	fold_1	epithelial_transitional	PF_ONLY	1.69471736180831	2.5550650664169803	2.5514872143446743	2.528790522660532	2.6156670725237414	2.611738877107804	2.6014560504746296	2.5938934810463756	2.5742857704153264	2.566814434391233	2.5887445130414397	2.5687901845163053	-0.834073160852222	-0.0193871351099075
VUILD78MA_150_15_20	VUILD78MA	VUILD78	fold_1	epithelial_transitional	PF_ONLY	1.38231077563722	2.5461921499519273	2.564640427989582	2.539564364743112	2.7094640143841566	2.673164043974353	2.5936015115307227	2.593890198490275	2.592139467680793	2.6210962701013747	2.5800103145825806	2.622433379435297	-1.1572535891058922	-0.024726554319993613
VUILD78MA_150_15_3	VUILD78MA	VUILD78	fold_1	epithelial_transitional	PF_ONLY	1.39429554042297	2.697031729857822	2.6174736127782436	2.606987808433619	2.339306857522926	2.2982486212283453	2.4360330050440315	2.5939460019439884	2.514117724486376	2.551472547025956	2.581448204297735	2.5532139195977535	-1.2126922680106489	-0.03684909911835703
VUILD78MA_150_15_4	VUILD78MA	VUILD78	fold_1	epithelial_transitional	PF_ONLY	1.8368211676322	2.6881588133927696	2.6244254596527283	2.6164460102947404	2.5771576805218817	2.495615682373697	2.6314051401585092	2.5939427193878877	2.6222886220260366	2.5858054336538854	2.6112117543088726	2.5867898673674095	-0.7796248426625405	-0.03104763286677001
VUILD78MA_150_15_5	VUILD78MA	VUILD78	fold_1	epithelial_transitional	PF_ONLY	2.0297941693475	2.679285896927717	2.62128786027997	2.6319383591965044	2.7960653064740115	2.685965935060195	2.619634675297859	2.593939436831787	2.5872129851653733	2.5983490068812887	2.611743735451262	2.599017137007487	-0.6021441898490045	-0.00632741216683624
VUILD78MA_150_15_6	VUILD78MA	VUILD78	fold_1	epithelial_transitional	PF_ONLY	1.45278637075359	2.670412980462664	2.636652385106314	2.606952574940867	2.5421963505551415	2.436778294317958	2.6108099940974845	2.5939361542756862	2.64182919669328	2.5360958144070262	2.6422295347974694	2.53724422632253	-1.1541662041872771	-0.016703841472593562
VUILD78MA_150_15_7	VUILD78MA	VUILD78	fold_1	epithelial_transitional	PF_ONLY	1.21527351496527	2.6615400639976117	2.5849561346035617	2.579456568966235	2.119526911572895	2.051550603538635	2.591564505320953	2.593932871719585	2.626537216595436	2.5823242541913114	2.6290724894703055	2.584549896564765	-1.364183054000965	-0.033236154394353984
VUILD78MA_150_15_8	VUILD78MA	VUILD78	fold_1	epithelial_transitional	PF_ONLY	1.40197104119286	2.652667147532559	2.58502692922489	2.564943871526776	2.270992495769323	2.1926337134243203	2.6237768972348436	2.5939295891634844	2.4711878494736927	2.587624884067054	2.5542554015206345	2.5897337368072684	-1.162972830333916	-0.04543517896211328
VUILD78MA_150_16_10	VUILD78MA	VUILD78	fold_1	epithelial_transitional	PF_ONLY	1.65383360479303	2.6406544941933503	2.5531042266902126	2.529066917366414	2.479248699028222	2.3713684614180095	2.597202925450768	2.5939244174136356	2.578684468757602	2.596847594562212	2.582201691169375	2.6001727154165204	-0.8752333125733842	-0.030198034778162595
VUILD78MA_150_16_11	VUILD78MA	VUILD78	fold_1	epithelial_transitional	PF_ONLY	2.02743033584993	2.631781577728298	2.601317058980186	2.587610106985507	2.7698015117552943	2.6665570659525106	2.6081961249995103	2.593921134857535	2.6325402579894788	2.615927280075606	2.6135564930596367	2.6169579613633083	-0.5601797711355769	-0.002819383549829059
VUILD78MA_150_16_12	VUILD78MA	VUILD78	fold_1	epithelial_transitional	PF_ONLY	1.77812343822145	2.6229086612632453	2.590716813265128	2.6201992540122987	2.4914650166488648	2.41905716186799	2.60098009908128	2.593917852301434	2.531976618019912	2.6123589323955105	2.5860742625777924	2.612289599556957	-0.8420758157908488	-0.017317597024759428
VUILD78MA_150_16_13	VUILD78MA	VUILD78	fold_1	epithelial_transitional	PF_ONLY	2.02125050860648	2.6140357447981923	2.6349102996644347	2.61531984097919	2.7538869566377397	2.6696107365792416	2.604673870600818	2.593914569745333	2.587913369702412	2.629770872503001	2.6114319513546604	2.6296207417918325	-0.59406933237271	-0.007433352283754867
VUILD78MA_150_16_14	VUILD78MA	VUILD78	fold_1	epithelial_transitional	PF_ONLY	1.93653360769117	2.60516282833314	2.6566627352985797	2.5922821706054155	2.2422056671936237	2.198068198746933	2.628328561098395	2.5939112871892323	2.480501568281114	2.655089290297548	2.5585803573537476	2.6560706880895397	-0.6557485629142457	-0.02527695098990903
VUILD78MA_150_16_17	VUILD78MA	VUILD78	fold_1	epithelial_transitional	PF_ONLY	2.07297084669827	2.578544078937982	2.556140254827985	2.5297205597798147	2.7822642282486068	2.711694590146662	2.59338555364631	2.59390143952093	2.5150942274594468	2.5898102720616625	2.5707261981098974	2.5921781518705815	-0.4567497130815448	0.0017969770505242167
VUILD78MA_150_16_18	VUILD78MA	VUILD78	fold_1	epithelial_transitional	PF_ONLY	1.78109551758665	2.5696711624729294	2.565397779410747	2.567244413662019	3.052563132730821	3.0102684854683477	2.6204014806912954	2.593898156964829	2.5920981665030363	2.6122886642836187	2.595157412291016	2.6130140533961823	-0.7861488960753689	0.007438909212047406
VUILD78MA_150_16_19	VUILD78MA	VUILD78	fold_1	epithelial_transitional	PF_ONLY	1.77578700448285	2.560798246007877	2.6052789662603226	2.5823639191568817	3.0309140084396806	3.001170248236271	2.608834421310074	2.5938948744087282	2.6989745037187767	2.693205284769838	2.6367284212021938	2.6933346811664616	-0.8065769146740316	0.0031764211154895906
VUILD78MA_150_16_20	VUILD78MA	VUILD78	fold_1	epithelial_transitional	PF_ONLY	1.4685229947892	2.551925329542824	2.5884328981681395	2.5966455257999486	2.5312059770926316	2.4976655869502684	2.592211428113356	2.5938915918526275	2.5600362357150424	2.6467453888986467	2.572932814026038	2.6458701459298197	-1.1281225310107486	-0.02985605676818537
VUILD78MA_150_16_21	VUILD78MA	VUILD78	fold_1	epithelial_transitional	PF_ONLY	1.56345048402481	2.5430524130777714	2.613063054326988	2.555741584956611	2.7900933853132015	2.766363575827666	2.6471529374857234	2.593888309296527	2.599440736966027	2.697035765466954	2.598107179947221	2.6977982078089324	-0.992291100931801	-0.014998966527581432
VUILD78MA_150_16_3	VUILD78MA	VUILD78	fold_1	epithelial_transitional	PF_ONLY	1.9167667942351	2.7027649094487187	2.647134293927787	2.61100573465764	2.6120000820328393	2.540382704435209	2.4516373881121853	2.5939473953063414	2.531152442999555	2.565480284711974	2.577219676952956	2.567184500143267	-0.69423894042254	-0.03660528025560389
VUILD78MA_150_16_4	VUILD78MA	VUILD78	fold_1	epithelial_transitional	PF_ONLY	1.95709980738678	2.693891992983666	2.6434902580139257	2.657906774844229	2.2603392372494717	2.2012511409974067	2.6306846543367977	2.5939441127502403	2.6042556727899777	2.6082109041910058	2.6148674008017707	2.6077939524697054	-0.7008069674574489	-0.03562045219846614
VUILD78MA_150_16_5	VUILD78MA	VUILD78	fold_1	epithelial_transitional	PF_ONLY	1.90315371364639	2.6850190765186137	2.659795203334021	2.6554319926730874	2.733058638932222	2.6611275542236927	2.6210827376254704	2.5939408301941396	2.714175451928431	2.5886711133411797	2.6540590473843237	2.5884583291042675	-0.7522782790266973	-0.007999295465186471
VUILD78MA_150_16_6	VUILD78MA	VUILD78	fold_1	epithelial_transitional	PF_ONLY	1.40194611234635	2.6761461600535608	2.5940448703126973	2.5976246978532664	2.5729461790210797	2.4951293974976765	2.6106112312033165	2.593937547638039	2.6575835038294744	2.5728174490668967	2.6424614664842156	2.5747471085218923	-1.1956785855069165	-0.016797240515224465
VUILD78MA_150_16_7	VUILD78MA	VUILD78	fold_1	epithelial_transitional	PF_ONLY	1.46436061240325	2.6672732435885083	2.6046452098367645	2.6019654187929167	2.206994670445091	2.151010427622877	2.579600659428498	2.593934265081938	2.5446488091127204	2.539741666767659	2.586772826952695	2.5405562322246573	-1.1376048063896667	-0.04244540138021872
VUILD78MA_150_16_8	VUILD78MA	VUILD78	fold_1	epithelial_transitional	PF_ONLY	1.89132877570469	2.6584003271234558	2.6144234265552555	2.597500907425127	2.2366144226617	2.156096178360474	2.5887530920767716	2.5939309825258374	2.6349787006276806	2.5426404681743167	2.626681404671248	2.543684261052786	-0.7061721317204372	-0.0325449352377993
VUILD78MA_150_16_9	VUILD78MA	VUILD78	fold_1	epithelial_transitional	PF_ONLY	2.12358668794894	2.649527410658403	2.5421150089621802	2.5146348497123854	2.3763484201830467	2.2783737914350217	2.600089224631035	2.5939276999697363	2.333154557892801	2.5627926785707023	2.4772154935597253	2.56695208331402	-0.39104816176344537	-0.05378376729136405
VUILD78MA_150_17_10	VUILD78MA	VUILD78	fold_1	epithelial_transitional	PF_ONLY	1.95069440715702	2.646387673784247	2.591574315816292	2.5695584982958133	2.4896055470671126	2.4262876453553623	2.6075803991473636	2.593925810775988	2.6000942786324037	2.6096416681688717	2.6060065567848287	2.6120165579918164	-0.6188640911387933	-0.024133785409653323
VUILD78MA_150_17_11	VUILD78MA	VUILD78	fold_1	epithelial_transitional	PF_ONLY	2.07930030616599	2.6375147573191944	2.5833893985670464	2.596936810094065	2.3410469205802267	2.243479543013863	2.599466682189531	2.5939225282198874	2.6323799156197074	2.6170808529855534	2.619699169310453	2.618063411215409	-0.5176365039280753	-0.01826439848876668
VUILD78MA_150_17_12	VUILD78MA	VUILD78	fold_1	epithelial_transitional	PF_ONLY	2.57463345993431	2.628641840854142	2.6426220664541358	2.6159644113642817	2.62663220979983	2.529959388690859	2.632358277934627	2.5939192456637867	2.660204971559006	2.659566345493365	2.6481321373261606	2.6599469701787095	-0.04133095142997156	-0.006275810053256978
VUILD78MA_150_17_14	VUILD78MA	VUILD78	fold_1	epithelial_transitional	PF_ONLY	1.73132626724916	2.6108960079240364	2.552455964635885	2.5555983742238952	2.4196008938343176	2.34489071481438	2.610058708429926	2.5939126805515853	2.5504511600856867	2.6340388272599053	2.577588916332935	2.635979558442366	-0.8242721069747352	-0.03203801890875788
VUILD78MA_150_17_15	VUILD78MA	VUILD78	fold_1	epithelial_transitional	PF_ONLY	1.86699956419607	2.602023091458984	2.56699245786343	2.511198930797489	2.485344232230769	2.3931168464646007	2.6368019106672875	2.593909397995484	2.54293674638793	2.628440769142517	2.5692470075304743	2.6322033655521375	-0.6441993666014192	-0.033868038623072895
VUILD78MA_150_17_17	VUILD78MA	VUILD78	fold_1	epithelial_transitional	PF_ONLY	2.27886019772126	2.5842772585288785	2.6072190356581824	2.5758302683210106	3.0203902575373	3.0169756060323425	2.60878265182747	2.5939028328832827	2.6480672409158523	2.627738677119971	2.6194545954207147	2.6285940820165608	-0.29697007059975045	0.009662047110648263
VUILD78MA_150_17_18	VUILD78MA	VUILD78	fold_1	epithelial_transitional	PF_ONLY	1.43885054976871	2.575404342063826	2.6044979181872727	2.6046648118784717	2.587714107304649	2.5496193538251655	2.5925409326339084	2.593899550327182	2.5831609527803683	2.637013293353477	2.603274288644075	2.636643980674109	-1.1658142621097616	-0.01438825919542987
VUILD78MA_150_17_19	VUILD78MA	VUILD78	fold_1	epithelial_transitional	PF_ONLY	1.54099589417818	2.5665314255987735	2.5785405580004466	2.58254694581011	2.752564530919439	2.6890574733265744	2.5836670280946317	2.5938962677710813	2.642707166127654	2.6580196695418308	2.618602141781244	2.6580069281272563	-1.04155105163193	-0.01808538447913946
VUILD78MA_150_17_20	VUILD78MA	VUILD78	fold_1	epithelial_transitional	PF_ONLY	1.42110317591405	2.5576585091337205	2.5507054382339174	2.5163584532347665	3.0907135929076284	2.994823423488623	2.5888042245901484	2.59389298521498	2.6084351338350054	2.6423170352430576	2.5939344426498105	2.644926622858076	-1.0952552773207165	-0.018071369321545988
VUILD78MA_150_17_4	VUILD78MA	VUILD78	fold_1	epithelial_transitional	PF_ONLY	2.48382439813821	2.699625172574563	2.6532362370033953	2.656824087400777	2.6246940981813416	2.553772262305006	2.60886717050166	2.5939455061125933	2.6556204472654112	2.6357194196737987	2.636711781358445	2.6356117976415363	-0.17299968926256692	-0.003497816631984601
VUILD78MA_150_17_5	VUILD78MA	VUILD78	fold_1	epithelial_transitional	PF_ONLY	1.75063112864882	2.6907522561095103	2.641818341294178	2.63093342012967	2.518651312390141	2.468390005439715	2.5649561625556423	2.5939422235564926	2.545164691353287	2.5877650783809245	2.587165440895626	2.588463722124043	-0.8803022914808498	0.002796712522941223
VUILD78MA_150_17_6	VUILD78MA	VUILD78	fold_1	epithelial_transitional	PF_ONLY	1.66665586641631	2.6818793396444573	2.582726707441463	2.5902074562178212	2.4806747991372577	2.388222841441581	2.561096858482652	2.5939389410003915	2.571207133555684	2.591549271239583	2.6065173407612527	2.5939603253251273	-0.9235515898015112	-0.016979469476876508
VUILD78MA_150_17_7	VUILD78MA	VUILD78	fold_1	epithelial_transitional	PF_ONLY	1.55283703665399	2.673006423179405	2.64241637499107	2.641289600156391	2.6655655059063132	2.6452211651112774	2.5580854035730374	2.5939356584442907	2.61864679117003	2.547211619255626	2.6303975649169824	2.54737809562596	-1.0884525635024007	-0.004349406748970925
VUILD78MA_150_17_8	VUILD78MA	VUILD78	fold_1	epithelial_transitional	PF_ONLY	1.40927713559857	2.6641335067143523	2.634886297246844	2.6229270335594768	2.4727213689642737	2.422323196182918	2.5814787895852773	2.59393237588819	2.5911961771791963	2.651240079935853	2.6172110614131876	2.6520776311759113	-1.2136498979609067	-0.02213688303614287
VUILD78MA_150_17_9	VUILD78MA	VUILD78	fold_1	epithelial_transitional	PF_ONLY	1.62379995863292	2.6552605902492994	2.5864317680647715	2.580411715346946	2.2752993991269745	2.202975599252644	2.585483788972934	2.5939290933320893	2.460606417164928	2.593742050280565	2.5461233144241073	2.595744610177292	-0.956611756714026	-0.04503448535466196
VUILD78MA_150_18_10	VUILD78MA	VUILD78	fold_1	epithelial_transitional	PF_ONLY	1.79894948235135	2.6521208533751435	2.5812478072667586	2.6086779453090703	2.578806887242293	2.5281096665396308	2.5779279225288403	2.593927204138341	2.5641736161264066	2.57254970588368	2.5843135998521936	2.572675471482473	-0.8097284629577202	-0.014503632973828687
VUILD78MA_150_18_11	VUILD78MA	VUILD78	fold_1	epithelial_transitional	PF_ONLY	1.64391548240519	2.643247936910091	2.6267938287143147	2.6243543219416563	2.1001563229980156	2.0504198303468626	2.56865971510303	2.5939239215822405	2.582408592568011	2.6084831923417133	2.604936127265339	2.6084947953852122	-0.9804388395364663	-0.017519182191478563
VUILD78MA_150_18_12	VUILD78MA	VUILD78	fold_1	epithelial_transitional	PF_ONLY	1.70260053030916	2.6343750204450385	2.6095050491281757	2.6253713976474287	2.4028931970708767	2.3450262909764215	2.5786710506404296	2.5939206390261393	2.582436584174947	2.6077265506673357	2.610319940789101	2.607670641826919	-0.9227708673382686	-0.01525214254801346
VUILD78MA_150_18_13	VUILD78MA	VUILD78	fold_1	epithelial_transitional	PF_ONLY	1.88333869827101	2.6255021039799855	2.6226325087989077	2.6000345190086356	2.7922325363350904	2.710408054193719	2.6328781287102356	2.5939173564700386	2.624101765574533	2.647960486257108	2.6253923910015216	2.6489147034552847	-0.7166958207376255	-0.005700085509417658
VUILD78MA_150_18_14	VUILD78MA	VUILD78	fold_1	epithelial_transitional	PF_ONLY	2.13052070781402	2.616629187514933	2.5960707033440635	2.5621563491464276	2.5532434329100764	2.4592572825013486	2.616368918622407	2.593914073913938	2.507442661541331	2.645499393313392	2.570042355324443	2.6474938760956706	-0.4316356413324076	-0.03044979650183887
VUILD78MA_150_18_15	VUILD78MA	VUILD78	fold_1	epithelial_transitional	PF_ONLY	1.62012416402159	2.6077562710498805	2.5605927177002465	2.5396470687569077	2.2966272309635647	2.2122938558168466	2.6062767756308367	2.593910791357837	2.598648957002595	2.596153107650402	2.605420701958228	2.5988937764095703	-0.9195229047353177	-0.027014427065685867
VUILD78MA_150_18_16	VUILD78MA	VUILD78	fold_1	epithelial_transitional	PF_ONLY	1.85903366017035	2.5988833545848276	2.591146609005196	2.546835320131384	2.2484242243511248	2.180071744344611	2.5862467063104226	2.593907508801736	2.541304562950739	2.6514858786155457	2.5854732058609797	2.6539089686073867	-0.6878016599610337	-0.012051159628842935
VUILD78MA_150_18_17	VUILD78MA	VUILD78	fold_1	epithelial_transitional	PF_ONLY	1.93782291949916	2.590010438119775	2.5476748372470706	2.567893568986295	2.5959001456456443	2.6194322889879116	2.582144630599558	2.5939042262456353	2.6292112904273144	2.5756721672989293	2.617231733372929	2.5764621677121244	-0.6300706494871351	-0.007769808518230872
VUILD78MA_150_18_18	VUILD78MA	VUILD78	fold_1	epithelial_transitional	PF_ONLY	1.9156882538747	2.5811375216547225	2.6049158364371365	2.5811528059737956	2.790498446407956	2.73573805458922	2.6118969073544056	2.5939009436895346	2.5893125561384958	2.6888272352310483	2.6137361717256957	2.68976899859803	-0.6654645520990956	-0.0010470313757367945
VUILD78MA_150_18_19	VUILD78MA	VUILD78	fold_1	epithelial_transitional	PF_ONLY	1.67232744214666	2.57226460518967	2.589370700068244	2.556319155832312	2.4848918985315547	2.447837625407914	2.5893007284548886	2.593897661133434	2.552852454728636	2.6812347088100834	2.596857750748306	2.6830230173672605	-0.8839917136856521	-0.010693228392636416
VUILD78MA_150_18_20	VUILD78MA	VUILD78	fold_1	epithelial_transitional	PF_ONLY	1.80528097455744	2.563391688724617	2.521512790807888	2.4879190795261215	2.5286096975330343	2.4548030434076646	2.572306939179517	2.593894378577333	2.5304835301900677	2.547577721256032	2.572515314336445	2.5511910927049706	-0.6826381049686814	-0.025467507385845287
VUILD78MA_150_18_4	VUILD78MA	VUILD78	fold_1	epithelial_transitional	PF_ONLY	2.15810793323606	2.7053583521654594	2.661480134343877	2.655451283464363	2.4667906859632374	2.402868033466976	2.552227913560365	2.593946899474946	2.632307979672261	2.6528592078694753	2.6310166041993353	2.6529772581807776	-0.49734335022830267	-0.0002733786613858223
VUILD78MA_150_18_7	VUILD78MA	VUILD78	fold_1	epithelial_transitional	PF_ONLY	1.88798318111683	2.6787396027703014	2.6535467615259103	2.653414001386926	2.7367900890138706	2.7052897423958937	2.570402266993691	2.5939370518066434	2.635844682332379	2.6281192440767227	2.6318256376233298	2.6278096475948383	-0.7654308202700959	0.0021881058996138045
VUILD78MA_150_18_8	VUILD78MA	VUILD78	fold_1	epithelial_transitional	PF_ONLY	1.33942852345757	2.669866686305249	2.5887667689543785	2.626782089514155	2.6179118818870157	2.5216749647574184	2.57430903277427	2.5939337692505426	2.629379136554887	2.543696456394146	2.6334553645743624	2.5437998151384504	-1.2873535660565851	-0.018727904952791856
VUILD78MA_150_18_9	VUILD78MA	VUILD78	fold_1	epithelial_transitional	PF_ONLY	1.6284298063023	2.660993769840196	2.631805948203832	2.615861521256189	2.5597245634615686	2.5316583425061423	2.6041952215219797	2.593930486694442	2.4944740311310296	2.602430374439671	2.558041118186264	2.6030890960849002	-0.9874317149538892	-0.037193814989202406
VUILD78MA_150_19_10	VUILD78MA	VUILD78	fold_1	epithelial_transitional	PF_ONLY	1.96936051391114	2.65785403296604	2.651634644819236	2.6553239976524616	2.7118715301590925	2.6469921273583	2.6213551100981336	2.593928597500694	2.7139254992948394	2.6314221242899762	2.6558074966871787	2.630375280273167	-0.6859634837413215	-0.006592745857160388
VUILD78MA_150_19_11	VUILD78MA	VUILD78	fold_1	epithelial_transitional	PF_ONLY	2.54927856339912	2.6489811165009876	2.62742705176633	2.635514460967518	2.8518597967020027	2.756115789844017	2.623614587986514	2.593925314944593	2.7347007767158678	2.66864333358221	2.6740272370317903	2.668608908061105	-0.08623589756839811	0.015449690055157278
VUILD78MA_150_19_12	VUILD78MA	VUILD78	fold_1	epithelial_transitional	PF_ONLY	1.85892206496988	2.640108200035935	2.5820165199856984	2.5766997825155946	2.7735706215602987	2.6670257438917755	2.609474335761319	2.5939220323884924	2.6574748697819346	2.6609680769797794	2.6450381233634936	2.6630924065243597	-0.7177777175457145	0.0038216109721094533
VUILD78MA_150_19_13	VUILD78MA	VUILD78	fold_1	epithelial_transitional	PF_ONLY	1.53332163935554	2.631235283570882	2.5804702473965544	2.5563363459754216	2.828490492357015	2.7602685962606834	2.5990721883173435	2.5939187498323912	2.7137399858015985	2.6661692476190577	2.662056701322681	2.6688893562274525	-1.0230147066198816	-0.008736076393056902
VUILD78MA_150_19_14	VUILD78MA	VUILD78	fold_1	epithelial_transitional	PF_ONLY	2.29762211215725	2.6223623671058296	2.5253036099321307	2.5184310706630897	2.3422745658441735	2.220383516023223	2.613690871232506	2.5939154672762905	2.565186298380129	2.619775297897965	2.588882629638489	2.6234802010224394	-0.22080895850583948	-0.032745569779813466
VUILD78MA_150_19_15	VUILD78MA	VUILD78	fold_1	epithelial_transitional	PF_ONLY	2.42172126384309	2.613489450640777	2.57985857685655	2.5549822638742854	2.7162634191762955	2.6583895188215956	2.613645391513033	2.59391218472019	2.5229958673366006	2.640986111094377	2.5720789367771455	2.643233719819588	-0.13326100003119556	-0.020593288781663905
VUILD78MA_150_19_16	VUILD78MA	VUILD78	fold_1	epithelial_transitional	PF_ONLY	1.81103008450094	2.604616534175724	2.570356633182905	2.544615635679998	2.4089966129919764	2.359915037469389	2.6038549581398893	2.593908902164089	2.5547882436730753	2.5821212696535905	2.5872774895118362	2.584359544848205	-0.7335855511790579	-0.01884413468694565
VUILD78MA_150_19_17	VUILD78MA	VUILD78	fold_1	epithelial_transitional	PF_ONLY	2.07591462856114	2.5957436177106716	2.5551081849510116	2.51862978861297	2.339181353194449	2.275496125976342	2.5911090112998143	2.5939056196079884	2.5969723249612997	2.6111857722185676	2.610429926583418	2.614403291787998	-0.44271516005182976	-0.016464883232213477
VUILD78MA_150_19_20	VUILD78MA	VUILD78	fold_1	epithelial_transitional	PF_ONLY	1.3178665902309	2.5691248683155137	2.5352234048069646	2.4858945805252177	2.440365337309862	2.390923537694066	2.5346999126072736	2.593895771939686	2.5720029402325255	2.554338304351556	2.5854496414094785	2.558004163211323	-1.1680279902943178	-0.024213593186110036
VUILD78MA_150_19_3	VUILD78MA	VUILD78	fold_1	epithelial_transitional	PF_ONLY	2.01500578413201	2.7199644482214085	2.6688396094442597	2.6414262972756	2.6157631261126273	2.534558370365648	2.383946419556157	2.5939515753933997	2.596754906283205	2.575300927520189	2.6140761383726057	2.575953424128929	-0.6264205131435903	-0.026786906866885625
VUILD78MA_150_19_4	VUILD78MA	VUILD78	fold_1	epithelial_transitional	PF_ONLY	2.03468919328042	2.711091531756356	2.6555618975052195	2.684249387889474	2.8286131550762064	2.8127885060385016	2.592257102407096	2.5939482928372986	2.669368281476589	2.623971560443859	2.6375235623226074	2.622960345466498	-0.6495601946090543	0.008308854507305832
VUILD78MA_150_19_5	VUILD78MA	VUILD78	fold_1	epithelial_transitional	PF_ONLY	2.1109268129488	2.7022186152913035	2.6679427253070553	2.639646152451695	2.4619227101511956	2.447780720081076	2.4630556035374362	2.593945010281198	2.534704163468008	2.6073793774455987	2.573987351649492	2.6081446838399303	-0.5287193395028953	0.0035462616555325833
VUILD78MA_150_19_6	VUILD78MA	VUILD78	fold_1	epithelial_transitional	PF_ONLY	1.52299359124266	2.6933456988262505	2.5329432502552027	2.56067498942875	2.518048945236727	2.4394304849107296	2.565745207481284	2.593941727725097	2.5492052014373554	2.5514250306228377	2.584712534893529	2.55484390534212	-1.0376813981860902	0.0009879483920212876
VUILD78MA_150_19_7	VUILD78MA	VUILD78	fold_1	epithelial_transitional	PF_ONLY	1.91525581045019	2.684472782361198	2.661732166489645	2.6581979191691394	2.988363561638449	2.929956462324139	2.5535513706692123	2.5939384451689964	2.671841774991785	2.645157998149256	2.654567240889123	2.6449529321213645	-0.7429421087189494	0.014675094760321495
VUILD78MA_150_19_8	VUILD78MA	VUILD78	fold_1	epithelial_transitional	PF_ONLY	1.7318339591039	2.6755998658961455	2.6513309155616698	2.666261050953565	2.606829430367659	2.5564027966173457	2.5408089255574198	2.5939351626128957	2.6382943454399572	2.647794408250154	2.639765733715297	2.6470421505808748	-0.9344270918496649	-0.014089554303827247
VUILD78MA_150_19_9	VUILD78MA	VUILD78	fold_1	epithelial_transitional	PF_ONLY	1.62971408294385	2.6667269494310926	2.643770111468573	2.672405727885352	2.8325400661282063	2.8269954095344763	2.5587072392151042	2.5939318800567945	2.5822686162795168	2.5968761079640252	2.6048599907543433	2.5954139192438443	-1.042691644941502	-0.016083474964658374
VUILD78MA_150_20_10	VUILD78MA	VUILD78	fold_1	epithelial_transitional	PF_ONLY	1.7876401999548	2.6635872125569366	2.6319075511139958	2.647933850878575	2.9080030716586203	2.854634128019672	2.571065161452258	2.5939299908630464	2.6211342820534074	2.6573029288398327	2.6241643344396173	2.6567740977014838	-0.8602936509237749	0.016638523920005262
VUILD78MA_150_20_11	VUILD78MA	VUILD78	fold_1	epithelial_transitional	PF_ONLY	2.02688268301057	2.654714296091884	2.6059279713337675	2.6048199316941405	2.7683181136034496	2.6814329102609595	2.603720985224166	2.5939267083069457	2.7092615124831942	2.624919448642144	2.6660527693525995	2.6260942699868526	-0.5779372486835705	0.010671570940143009
VUILD78MA_150_20_12	VUILD78MA	VUILD78	fold_1	epithelial_transitional	PF_ONLY	1.93245882331765	2.6458413796268316	2.567562788989118	2.5569785464598866	2.857092749828061	2.764479921770613	2.6081011248157644	2.593923425750845	2.599444115269624	2.605300770193063	2.610878811896528	2.607977182601403	-0.6245197231422366	-1.1547422877528773e-05
VUILD78MA_150_20_13	VUILD78MA	VUILD78	fold_1	epithelial_transitional	PF_ONLY	1.7523944074125	2.6369684631617787	2.598758180965584	2.5769349613760997	2.7941502156854563	2.752768505407926	2.5895748099945335	2.5939201431947443	2.628612591107904	2.585875595465083	2.6163867565209378	2.5870869706429325	-0.8245405539635997	-0.017249275455307064
VUILD78MA_150_20_14	VUILD78MA	VUILD78	fold_1	epithelial_transitional	PF_ONLY	2.00858472127721	2.628095546696726	2.599961416973192	2.5682952418530034	2.818740725152658	2.778021438240212	2.6249130690596547	2.5939168606386436	2.6470312670023763	2.614022667834879	2.6245295236039037	2.615830121951073	-0.5597105205757935	-0.01019771242541059
VUILD78MA_150_20_15	VUILD78MA	VUILD78	fold_1	epithelial_transitional	PF_ONLY	2.93993412158664	2.6192226302316737	2.611657645248159	2.575560447994155	2.682172709008837	2.6132496117265904	2.6362802829389116	2.5939135780825424	2.6501188948630388	2.6515239806425024	2.6200702725795177	2.6529227689663815	0.36437367359248496	-0.021065369291689486
VUILD78MA_150_20_17	VUILD78MA	VUILD78	fold_1	epithelial_transitional	PF_ONLY	1.90759340076023	2.6014767973015682	2.537920209259951	2.5015404724182315	2.3929988643400817	2.277839014616778	2.604254048402784	2.593907012970341	2.597492683485069	2.6025030993341094	2.611487115232466	2.606762317969614	-0.5939470716580015	-0.020964614204001968
VUILD78MA_150_20_4	VUILD78MA	VUILD78	fold_1	epithelial_transitional	PF_ONLY	2.33057639633105	2.7168247113472526	2.672346900233437	2.6853611572111555	2.670334662797973	2.6129761170694925	2.6086143035405738	2.5939496861996516	2.707076097743906	2.581037054396272	2.6532499717102564	2.5798380269611507	-0.3547847608801056	0.002134870940024748
VUILD78MA_150_20_5	VUILD78MA	VUILD78	fold_1	epithelial_transitional	PF_ONLY	2.09470933170125	2.7079517948822	2.6413972774052947	2.6497632886168563	2.998184848889049	2.9144530376178235	2.568505229233743	2.593946403643551	2.6651920983468473	2.5894111026638655	2.6402667229084287	2.5896409082148883	-0.5550539569156063	0.02334024904978209
VUILD78MA_150_20_6	VUILD78MA	VUILD78	fold_1	epithelial_transitional	PF_ONLY	1.53757394672632	2.699078878417147	2.6070416677257517	2.60060200726757	2.665725229815985	2.5907534774419227	2.5642597316326574	2.5939431210874497	2.587316121807711	2.6352668893984164	2.6150326215674635	2.637638127844958	-1.0630280605412499	0.0002864628084867354
VUILD78MA_150_20_7	VUILD78MA	VUILD78	fold_1	epithelial_transitional	PF_ONLY	1.89008085212382	2.6902059619520946	2.674914706257868	2.6838547406156685	2.9171293537870846	2.859833069767354	2.585725835794138	2.593939838531349	2.725347954561215	2.6646592434746985	2.6730821233239044	2.663782469729181	-0.7937738884918486	0.009286646232646354
VUILD78MA_150_20_8	VUILD78MA	VUILD78	fold_1	epithelial_transitional	PF_ONLY	1.68990271167177	2.681333045487042	2.66400582902689	2.677460693508547	2.678628243065222	2.6188376946971452	2.559153576688688	2.5939365559752483	2.66486916426786	2.612616388383146	2.655345724398539	2.6114791258646677	-0.987557981836777	-0.007342925874710293
VUILD78MA_150_20_9	VUILD78MA	VUILD78	fold_1	epithelial_transitional	PF_ONLY	2.04187993415579	2.672460129021989	2.6181621727998277	2.6453463815631535	2.6154489649769563	2.607733292553014	2.547454131912092	2.5939332734191476	2.589256858118941	2.610420326806485	2.612602494324641	2.6102512821256316	-0.6034664474073637	-0.012021298217693339
VUILD78MA_150_21_10	VUILD78MA	VUILD78	fold_1	epithelial_transitional	PF_ONLY	1.72095393099814	2.6693203921478332	2.6510200570913933	2.650909949299642	2.865008764833824	2.8190740282941706	2.518406693960077	2.5939313842253995	2.7004687167665793	2.6360796490891834	2.65772015542138	2.6355080116111576	-0.9299560183015019	0.014329490345461613
VUILD78MA_150_21_11	VUILD78MA	VUILD78	fold_1	epithelial_transitional	PF_ONLY	1.72401228063845	2.6604474756827807	2.6193053155027015	2.6138771159466265	2.7668403388711535	2.6471145568313434	2.5733941080865517	2.5939281016692988	2.6579160330113814	2.5714156691685073	2.6447957477642894	2.5719667743212855	-0.8898648353081766	0.008098571914355408
VUILD78MA_150_21_12	VUILD78MA	VUILD78	fold_1	epithelial_transitional	PF_ONLY	2.1563600648606	2.651574559217728	2.5427942074309544	2.521096122782977	2.784130907415266	2.6687121439639028	2.595335801417081	2.5939248191131976	2.6698196124606355	2.6195022456282717	2.65189570104734	2.6237814748376382	-0.3647360579223773	0.008784704459430073
VUILD78MA_150_21_13	VUILD78MA	VUILD78	fold_1	epithelial_transitional	PF_ONLY	1.90166493512654	2.6427016427526753	2.551472578526074	2.515070388239518	2.706825951868406	2.61694096390934	2.575526516573913	2.593921536557097	2.619062857406027	2.6172857614278278	2.6174470771418674	2.6214208643900285	-0.613405453112978	-0.0006775471304062246
VUILD78MA_150_21_14	VUILD78MA	VUILD78	fold_1	epithelial_transitional	PF_ONLY	2.47734958976714	2.6338287262876228	2.569726714205007	2.552821802635194	2.6390759989857613	2.6038813635286715	2.583980762216431	2.593918254000996	2.5397237299146243	2.579898897985531	2.5725198295440976	2.5820667207694483	-0.07547221286805428	-0.026195580551904067
VUILD78MA_150_21_15	VUILD78MA	VUILD78	fold_1	epithelial_transitional	PF_ONLY	2.32199147348845	2.6249558098225703	2.6026816150430654	2.566321635695566	2.7420709698845096	2.6997676490199005	2.6340547212308674	2.5939149714448955	2.5293001487106945	2.676586800605755	2.5723107448549287	2.678732690637319	-0.2443301622071159	-0.016861060153259208
VUILD78MA_150_21_17	VUILD78MA	VUILD78	fold_1	epithelial_transitional	PF_ONLY	2.08753784178726	2.607209976892465	2.5758301613902788	2.5326521035689704	2.797720663380445	2.717328692721379	2.6065237097479317	2.5939084063326936	2.6457197434908397	2.620188706892776	2.621672996832973	2.62317019420645	-0.4451142617817103	-0.003143539792379451
VUILD78MA_150_21_18	VUILD78MA	VUILD78	fold_1	epithelial_transitional	PF_ONLY	2.29044969513553	2.5983370604274123	2.579692456691213	2.520007596460367	2.5916077224178817	2.5250422739342526	2.6221188117074092	2.593905123776593	2.525161392178192	2.632800992625256	2.5811127562825447	2.6363694310351002	-0.22955790132483678	-0.012555898090604367
VUILD78MA_150_21_3	VUILD78MA	VUILD78	fold_1	epithelial_transitional	PF_ONLY	2.41998603649876	2.7314308074032017	2.5752149900512644	2.6037993757745252	2.3406246405660953	2.2384446490768606	2.6285271380020347	2.593954362118105	2.548765591642233	2.6087513775931406	2.573033653423795	2.611144816353156	-0.18381333927576504	-0.04080647526461577
VUILD78MA_150_21_4	VUILD78MA	VUILD78	fold_1	epithelial_transitional	PF_ONLY	2.22218484341862	2.722557890938149	2.633096291270747	2.6436575232482133	2.7646799065323293	2.703191956182962	2.5687484454714213	2.593951079562004	2.637966758449971	2.619195222151818	2.6135680357904536	2.619918212593299	-0.42147267982959313	-0.007768373474202533
VUILD78MA_150_21_5	VUILD78MA	VUILD78	fold_1	epithelial_transitional	PF_ONLY	1.7321010115852	2.7136849744730966	2.6571835551041714	2.6579674463475897	2.7980142988689956	2.7336837768421876	2.5819423315457573	2.5939477970059035	2.568159156497689	2.6017892804306038	2.602127344867255	2.6018231909785445	-0.9258664347623897	0.0225793044745594
VUILD78MA_150_21_6	VUILD78MA	VUILD78	fold_1	epithelial_transitional	PF_ONLY	1.37678409918753	2.7048120580080437	2.6257479576141884	2.634954932660862	3.0121897117627814	2.963325446601026	2.5619991119579293	2.593944514449803	2.7098884132677656	2.6646192948756973	2.6685753715402196	2.665649411765439	-1.258170833473332	0.010312513975852337
VUILD78MA_150_21_7	VUILD78MA	VUILD78	fold_1	epithelial_transitional	PF_ONLY	1.52223675036724	2.695939141542991	2.611888109337853	2.635131015583883	2.7156838835249495	2.6451045148072416	2.5598338676163834	2.5939412318937016	2.6694842930876144	2.6274794042638137	2.6523146953075667	2.6284739180890737	-1.112894265216643	-0.001957439123916228
VUILD78MA_150_21_8	VUILD78MA	VUILD78	fold_1	epithelial_transitional	PF_ONLY	2.46885272271611	2.6870662250779387	2.615697097447553	2.635619981885916	2.9875360911111275	2.914800226804869	2.566624135715097	2.593937949337601	2.643086862405322	2.67576246476948	2.6312492338642306	2.6765155130385234	-0.16676725916980573	-0.004687828565156106
VUILD78MA_150_21_9	VUILD78MA	VUILD78	fold_1	epithelial_transitional	PF_ONLY	1.86177790383333	2.6781933086128857	2.610645204947804	2.6275404287186315	2.7039898778073193	2.6592669777915554	2.4659166095181684	2.5939346667815	2.5558234641754076	2.6398290440952055	2.578049004622848	2.6403352021817126	-0.7657625248853015	-0.01474929452395368
VUILD78MA_150_22_10	VUILD78MA	VUILD78	fold_1	epithelial_transitional	PF_ONLY	2.08058904704414	2.67505357173873	2.612875137239334	2.642851308303754	2.798299318649179	2.754660096928847	2.5539709543753233	2.593932777587752	2.6638159396671526	2.5969757073517945	2.639034229339776	2.5965613891671406	-0.562262261259614	0.0038837406958512673
VUILD78MA_150_22_11	VUILD78MA	VUILD78	fold_1	epithelial_transitional	PF_ONLY	1.68409179284791	2.6661806552736773	2.628655112295682	2.616857612465571	2.6448253282491234	2.584549124209061	2.5393582223187146	2.5939294950316514	2.675126053016244	2.6226184589985277	2.6521202504438666	2.6233885392380096	-0.9327658196176611	0.017889342535395328
VUILD78MA_150_22_12	VUILD78MA	VUILD78	fold_1	epithelial_transitional	PF_ONLY	2.60230077586474	2.657307738808625	2.5661278828935137	2.543662721243882	2.6696826119577817	2.5723202120200845	2.5808541208620537	2.5939262124755507	2.5762189321923437	2.6075404621274023	2.6025737693317397	2.6106543157206477	0.05863805462085825	-0.0010022306694945377
VUILD78MA_150_22_13	VUILD78MA	VUILD78	fold_1	epithelial_transitional	PF_ONLY	2.54424874199331	2.648434822343572	2.539369077609027	2.5306169692886984	2.759706320883341	2.6776628877792037	2.5652502759544924	2.5939229299194495	2.588075774222426	2.581457962374322	2.596819102425025	2.5846660639524917	0.013631772704611578	-0.014189934161064705
VUILD78MA_150_22_15	VUILD78MA	VUILD78	fold_1	epithelial_transitional	PF_ONLY	2.22752653144308	2.630688989413467	2.5704859793492365	2.5728618731639896	2.546031481617857	2.5112110637211695	2.6249660766870195	2.593916364807248	2.5614142529521553	2.6670753200312842	2.593053191649512	2.6692571008330703	-0.34533534172090974	-0.022960642428856766
VUILD78MA_150_22_16	VUILD78MA	VUILD78	fold_1	epithelial_transitional	PF_ONLY	1.84911762152141	2.621816072948414	2.617699642525244	2.549545711073627	2.8776037088761295	2.8023491655123824	2.586047068635375	2.5939130822511474	2.58846528555766	2.6617080955926546	2.60356735667491	2.664408873504985	-0.7004280895522168	-0.002789359583971052
VUILD78MA_150_22_17	VUILD78MA	VUILD78	fold_1	epithelial_transitional	PF_ONLY	2.43520335540477	2.6129431564833614	2.561285430093139	2.544205710405862	2.5406079832416117	2.474785753315859	2.5879131598139904	2.5939097996950466	2.545363174399693	2.6360081410185696	2.595559008803479	2.639033521558132	-0.1090023550010919	-0.001369827488960475
VUILD78MA_150_22_18	VUILD78MA	VUILD78	fold_1	epithelial_transitional	PF_ONLY	1.8258428456127	2.604070240018309	2.5642482803557187	2.4986092882570863	2.2820231030923708	2.2078623208125387	2.604470888061916	2.5939065171389455	2.559160244236654	2.5777177586560382	2.601994855822844	2.582015032666773	-0.6727664426443862	-0.01176425437060962
VUILD78MA_150_22_19	VUILD78MA	VUILD78	fold_1	epithelial_transitional	PF_ONLY	2.36497615013292	2.5951973235532564	2.5347104597774663	2.444772286109605	1.8462336970116906	1.7633898847249323	2.59301781472892	2.5939032345828448	2.5363204818910132	2.573960448197081	2.5955687185381953	2.580566669344736	-0.079796135976685	-0.024675495782951362
VUILD78MA_150_22_3	VUILD78MA	VUILD78	fold_1	epithelial_transitional	PF_ONLY	2.46073009336614	2.7371639869940982	2.680332868140446	2.4193132278716147	2.869036153760516	2.6528292705852405	2.6524250322814074	2.593955755480458	2.700875718635401	2.6357474058618684	2.6576034407958407	2.6462021853912145	0.04141686549452528	-0.007628627931602117
VUILD78MA_150_22_4	VUILD78MA	VUILD78	fold_1	epithelial_transitional	PF_ONLY	2.31258722944527	2.7282910705290457	2.6830607718170674	2.6764453557043235	2.9161528369360465	2.8675821658184035	2.5690866611174683	2.593952472924357	2.6517935777117043	2.6185386625393963	2.6271460901615593	2.6177392631098675	-0.36385812625905345	0.0019705894590083747
VUILD78MA_150_22_5	VUILD78MA	VUILD78	fold_1	epithelial_transitional	PF_ONLY	1.74099732321959	2.7194181540639932	2.6698803745800843	2.699231473375129	2.8389980591722384	2.798543052432877	2.5572552894487757	2.593949190368256	2.637763919496382	2.569505229080173	2.623340940517817	2.567476863410527	-0.9582341501555389	0.012019578648357397
VUILD78MA_150_22_6	VUILD78MA	VUILD78	fold_1	epithelial_transitional	PF_ONLY	2.24500040229793	2.7105452375989403	2.6676150639985927	2.682112727531935	2.664618813963133	2.6278165525663124	2.550482399674046	2.5939459078121554	2.6545810868747677	2.6254005011926638	2.6432355818418527	2.6243049895734942	-0.437112325234005	0.012382870135590569
VUILD78MA_150_22_7	VUILD78MA	VUILD78	fold_1	epithelial_transitional	PF_ONLY	2.2355217821382	2.7016723211338878	2.656840627143678	2.66592786211097	2.9929446499261303	2.9260504653947934	2.548641207571006	2.5939426252560547	2.708699965878038	2.64853752824594	2.663598901772215	2.648370577415675	-0.43040607997277025	0.007644423636706478
VUILD78MA_150_22_8	VUILD78MA	VUILD78	fold_1	epithelial_transitional	PF_ONLY	2.70375926742491	2.6927994046688353	2.662567747999094	2.6776680368857337	2.818061001940861	2.8090848972234275	2.5630536926092464	2.593939342699954	2.6489415490658335	2.6348821629107446	2.633359873182314	2.6336122108049267	0.02609123053917628	-0.014623629924010503
VUILD78MA_150_22_9	VUILD78MA	VUILD78	fold_1	epithelial_transitional	PF_ONLY	2.36430081222326	2.6839264882037823	2.645477858788859	2.649324184524289	2.626656143620264	2.5762542678072036	2.5619376739963706	2.593936060143853	2.518575027135221	2.5899011505343923	2.553884206917317	2.5893275614105606	-0.28502337230102937	-0.03545947003070185
VUILD78MA_150_23_10	VUILD78MA	VUILD78	fold_1	epithelial_transitional	PF_ONLY	2.15340540218478	2.6807867513296264	2.663268123008012	2.666419780796783	2.9280847554413083	2.8532548285273487	2.617453170740924	2.5939341709501047	2.6388657554861656	2.689919649198885	2.630020771637014	2.689263689295409	-0.5130143786120032	0.02509134061888086
VUILD78MA_150_23_11	VUILD78MA	VUILD78	fold_1	epithelial_transitional	PF_ONLY	2.24958886994465	2.671913834864574	2.6518339737508914	2.668128594446569	2.8416635531154752	2.8095122993360495	2.6138473577675754	2.593930888394004	2.6779296067355283	2.590223798362185	2.6562346385196447	2.5890401484370864	-0.41853972450191934	0.021362508812578528
VUILD78MA_150_23_12	VUILD78MA	VUILD78	fold_1	epithelial_transitional	PF_ONLY	2.18556140676365	2.6630409183995214	2.6103691614522013	2.6227240554163993	2.808421879585765	2.746328863397604	2.5726921317397613	2.5939276058379033	2.685773228833308	2.6308695881972257	2.6545725875795516	2.6311984007005296	-0.4371626486527491	0.002252145187249281
VUILD78MA_150_23_13	VUILD78MA	VUILD78	fold_1	epithelial_transitional	PF_ONLY	1.98557996092015	2.6541680019344684	2.636361261536702	2.6179620638256447	2.7646684261280488	2.6999977638576427	2.5770360891081703	2.5939243232818026	2.646643643799291	2.596337219547066	2.628270224784418	2.5964589514781995	-0.6323821029054946	-0.010514076369844704
VUILD78MA_150_23_14	VUILD78MA	VUILD78	fold_1	epithelial_transitional	PF_ONLY	2.12139142447589	2.645295085469416	2.579115830764016	2.5925503526780576	2.688963250498816	2.630188451309691	2.566882376888933	2.593921040725702	2.6192494064026484	2.6328069475169924	2.6126636458019687	2.633912120794466	-0.47115892820216754	-0.01401596638587817
VUILD78MA_150_23_15	VUILD78MA	VUILD78	fold_1	epithelial_transitional	PF_ONLY	1.82464046856328	2.6364221690043634	2.621812134111988	2.5740206064058655	2.3782337544868932	2.3122980268362463	2.5865676355679654	2.5939177581696007	2.530170146810731	2.5761632514903834	2.5703130454248635	2.578051042421347	-0.7493801378425855	-0.027495857161518405
VUILD78MA_150_23_4	VUILD78MA	VUILD78	fold_1	epithelial_transitional	PF_ONLY	1.90874283949947	2.7340242501199423	2.63666787479583	2.450600328274699	2.51245591806502	2.3164587766055207	2.5973516704255446	2.59395386628671	2.658194944650943	2.6222398372677724	2.6538073738629633	2.6313347715901334	-0.541857488775229	0.008553406353424246
VUILD78MA_150_23_5	VUILD78MA	VUILD78	fold_1	epithelial_transitional	PF_ONLY	2.03297754395084	2.72515133365489	2.6706812510290687	2.6761508569577765	2.7431840795474907	2.682069305710418	2.5378397792850196	2.593950583730609	2.7252582099332914	2.607815286119661	2.6722867989231998	2.6069255339859416	-0.6431733130069364	0.02663391439720853
VUILD78MA_150_23_6	VUILD78MA	VUILD78	fold_1	epithelial_transitional	PF_ONLY	2.13351705251221	2.716278417189837	2.6710418661708215	2.6859981580768335	2.7780705774837866	2.7380375604896208	2.5652765630899617	2.593947301174508	2.716868942446633	2.6534355707837114	2.6683615773469422	2.6523850315553283	-0.5524811055646235	0.018007327491532908
VUILD78MA_150_23_7	VUILD78MA	VUILD78	fold_1	epithelial_transitional	PF_ONLY	2.43354326848897	2.7074055007247844	2.6351187959683076	2.653006453163705	2.702768223737452	2.652432838583445	2.576666446691749	2.5939440186184073	2.7592714402228573	2.5911411829361217	2.675168672080335	2.5909810359899774	-0.21946318467473525	-0.018760917423328402
VUILD78MA_150_23_8	VUILD78MA	VUILD78	fold_1	epithelial_transitional	PF_ONLY	2.38472470251841	2.698532584259732	2.63911495016944	2.639490520117178	2.857144725570048	2.792615888320143	2.5663749893467096	2.5939407360623066	2.653832896002598	2.6344599983219457	2.6348034117240866	2.634684315435468	-0.25476581759876815	-0.009464186669566242
VUILD78MA_150_23_9	VUILD78MA	VUILD78	fold_1	epithelial_transitional	PF_ONLY	2.52820676641571	2.689659667794679	2.6376263920994245	2.648624640397084	2.6361907202745485	2.5705919982179166	2.5912577550835865	2.593937453506206	2.4828161028447155	2.6122008686794445	2.535781233342392	2.611630439471464	-0.12041787398137416	-0.026620070316169992
VUILD78MA_150_3_11	VUILD78MA	VUILD78	fold_1	epithelial_transitional	PF_ONLY	2.69640821188603	2.557250243046642	2.59110466361835	2.569904021009034	2.4912284662200874	2.4097813628483435	2.686908843975058	2.593903021146949	2.5699507666718557	2.644147875177258	2.599785917222808	2.645009923501052	0.12650419087699616	-0.0017793420957082726
VUILD78MA_150_4_10	VUILD78MA	VUILD78	fold_1	epithelial_transitional	PF_ONLY	2.40562314768952	2.5718563391025913	2.579211794697554	2.578345718149502	2.9304025643162697	2.8624285491024066	2.6367251122943274	2.5939076970654025	2.722103588452295	2.6163922255537875	2.6567771915825045	2.6169464321485547	-0.17272257045998218	0.0031134132328552635
VUILD78MA_150_4_11	VUILD78MA	VUILD78	fold_1	epithelial_transitional	PF_ONLY	2.38342502529391	2.5629834226375388	2.565387134406023	2.5493957834087593	2.3058513973849006	2.1996270305242733	2.597285608843782	2.5939044145093018	2.5942763330639944	2.647432543894201	2.6000185654783654	2.6492754777656105	-0.1659707581148493	-0.011147037765789264
VUILD78MA_150_4_12	VUILD78MA	VUILD78	fold_1	epithelial_transitional	PF_ONLY	2.14600214306348	2.5541105061724863	2.5057239674882235	2.498281213375214	2.164028937169731	2.0848253917215414	2.6049041995438067	2.593901131953201	2.4740875956021022	2.5891571557066575	2.5368850068432156	2.5922674178269243	-0.352279070311734	-0.0389955939299728
VUILD78MA_150_4_13	VUILD78MA	VUILD78	fold_1	epithelial_transitional	PF_ONLY	1.61060782987418	2.5452375897074333	2.5182187682191697	2.515764633408753	2.147423640937836	2.1083709047495987	2.605462662979515	2.5938978493971003	2.4128427548447235	2.554641170323111	2.51133263118769	2.556513056868227	-0.905156803534573	-0.04524539398664236
VUILD78MA_150_4_9	VUILD78MA	VUILD78	fold_1	epithelial_transitional	PF_ONLY	2.8523849483027	2.5807292555676438	2.6078592035199484	2.651803238293888	3.2490575554028975	3.169493593796277	2.6294656665519014	2.593910979621503	2.606217454256713	2.6954544031244394	2.581940235427592	2.6922879329933247	0.2005817100088123	-0.00038766372707107165
VUILD78MA_150_5_10	VUILD78MA	VUILD78	fold_1	epithelial_transitional	PF_ONLY	2.28262748313298	2.577589518693488	2.5840592043008384	2.572338387194227	2.7943425846002508	2.6911838093087166	2.63099552950963	2.5939090904277555	2.658633794513057	2.717005496848569	2.633954673828479	2.718297655001422	-0.2897109040612471	0.003911355984040235
VUILD78MA_150_5_11	VUILD78MA	VUILD78	fold_1	epithelial_transitional	PF_ONLY	2.52609550090202	2.5687166022284353	2.5852475547769003	2.5516545754978996	2.6371129736737253	2.53002114453325	2.6527823000686253	2.5939058078716544	2.6646050706408877	2.653912584614292	2.627497866518307	2.655562347174276	-0.025559074595879583	0.002846954092479941
VUILD78MA_150_5_14	VUILD78MA	VUILD78	fold_1	epithelial_transitional	PF_ONLY	1.65537316147808	2.5420978528332774	2.499071500212435	2.486370244434305	2.3383956473020335	2.30172759758503	2.5998922225136143	2.5938959602033522	2.462216632563812	2.6112005439565875	2.529550570645303	2.6144708937486767	-0.8309970829562252	-0.02680450152360475
VUILD78MA_150_5_15	VUILD78MA	VUILD78	fold_1	epithelial_transitional	PF_ONLY	1.79164362572769	2.533224936368225	2.5403501342893695	2.481181292252451	2.273861960853974	2.220645119676214	2.623667171279459	2.593892677647251	2.4717857256243465	2.5888915961462073	2.53819470506865	2.5918655655812364	-0.689537666524761	-0.03674259798780073
VUILD78MA_150_5_6	VUILD78MA	VUILD78	fold_1	epithelial_transitional	PF_ONLY	3.04170956352741	2.6130811845536983	2.5953845164331506	2.529111786314929	2.7637226226318097	2.700178230667562	2.641265137042517	2.5939222206521584	2.670719981346469	2.6549397961206274	2.642804310963343	2.657576456947715	0.512597777212481	0.010821345776377304
VUILD78MA_150_5_7	VUILD78MA	VUILD78	fold_1	epithelial_transitional	PF_ONLY	3.06417627081561	2.604208268088646	2.5730957110621806	2.5629485537980723	2.579070326197348	2.5228743818624015	2.607151775199272	2.5939189380960577	2.566097669593263	2.5620364881655684	2.5733642352249553	2.5630474636244567	0.5012277170175379	-0.009812733241592687
VUILD78MA_150_5_8	VUILD78MA	VUILD78	fold_1	epithelial_transitional	PF_ONLY	2.83633236510758	2.5953353516235933	2.578538996288192	2.585846493304138	2.489951076600506	2.4813040312322654	2.617084634383965	2.593915655539957	2.4872354101995233	2.588320386572437	2.5399549091917417	2.588738022271911	0.25048587180344173	-0.028366027516817813
VUILD78MA_150_5_9	VUILD78MA	VUILD78	fold_1	epithelial_transitional	PF_ONLY	3.25727523235604	2.5864624351585404	2.6137692119437674	2.5969980383907996	3.003112487606873	2.9723293916679654	2.628465531700354	2.5939123729838562	2.5321262273445124	2.6739473333931136	2.552852685353743	2.673981538270553	0.6602771939652405	-0.01503994959839556
VUILD78MA_150_6_12	VUILD78MA	VUILD78	fold_1	epithelial_transitional	PF_ONLY	1.54699658025894	2.5655768653542794	2.535458295046262	2.4904163650968743	2.6408599698694677	2.537234472375244	2.598801171826745	2.5939039186779063	2.565597793622178	2.614158821906249	2.581946331969212	2.6180113651469887	-0.9434197848379342	-0.011569248558925735
VUILD78MA_150_6_15	VUILD78MA	VUILD78	fold_1	epithelial_transitional	PF_ONLY	1.88856925888977	2.5389581159591215	2.499248326774711	2.4917014923398852	2.538100220615969	2.419649201909567	2.607848573875684	2.593894071009604	2.556476757252084	2.594366023816624	2.5670137292670407	2.597343497032674	-0.6031322334501152	-0.026569432906661413
VUILD78MA_150_6_5	VUILD78MA	VUILD78	fold_1	epithelial_transitional	PF_ONLY	2.8525164124286	2.627687280609648	2.5912294660148416	2.5346740339340266	2.3854327090082625	2.3401447121221244	2.61764953021382	2.593926896570612	2.6483226692316255	2.5536304504363847	2.6224055605950687	2.5562842653511115	0.31784237849457364	-0.0055804115792663245
VUILD78MA_150_6_6	VUILD78MA	VUILD78	fold_1	epithelial_transitional	PF_ONLY	3.25261463725123	2.618814364144595	2.6183146919903	2.5888685506942197	2.9797108275851407	2.8969316149574573	2.6194070624497687	2.5939236140145114	2.774442772143937	2.663299928949469	2.690084252871094	2.6642155966292136	0.6637460865570102	0.011812372729516398
VUILD78MA_150_6_7	VUILD78MA	VUILD78	fold_1	epithelial_transitional	PF_ONLY	3.02931006376652	2.6099414476795424	2.560231064553151	2.538557503036094	2.213058589746821	2.145733213848351	2.613489508130149	2.5939203314584107	2.480407625351046	2.6037954003476163	2.5468518424100495	2.606303983400527	0.4907525607304257	-0.027992770665746534
VUILD78MA_150_7_10	VUILD78MA	VUILD78	fold_1	epithelial_transitional	PF_ONLY	2.12526093343595	2.589055877875281	2.532906621366197	2.4940747488554287	2.267446541874158	2.1605286746202883	2.615246474077684	2.5939118771524607	2.519998044403201	2.510656239691649	2.554092261397074	2.5144571749315094	-0.3688138154194789	-0.013283020702047657
VUILD78MA_150_7_11	VUILD78MA	VUILD78	fold_1	epithelial_transitional	PF_ONLY	2.48314356818474	2.5801829614102285	2.547908114652116	2.5015700008742363	2.8356987276941776	2.6932220147919415	2.622242961677159	2.59390859459636	2.766006673171989	2.6251872956512474	2.6659057172398772	2.6286480844214886	-0.018426432689496508	0.0061905349266150374
VUILD78MA_150_7_12	VUILD78MA	VUILD78	fold_1	epithelial_transitional	PF_ONLY	2.1361450354784	2.571310044945176	2.5853739743935646	2.550396719248401	2.6156281179606338	2.569482045973311	2.609856523020508	2.5939053120402593	2.670771281859971	2.5468070490316395	2.629683572983295	2.5481020988854666	-0.41425168377000077	-0.006116636232744463
VUILD78MA_150_7_13	VUILD78MA	VUILD78	fold_1	epithelial_transitional	PF_ONLY	1.37762016328717	2.562437128480123	2.5528487070358508	2.522161189708621	2.491784414746272	2.416465459032423	2.6036231833408077	2.5939020294841586	2.497449137867927	2.632473703710895	2.5395071879617443	2.6345865120703857	-1.1445410264214508	-0.023767548648633067
VUILD78MA_150_7_14	VUILD78MA	VUILD78	fold_1	epithelial_transitional	PF_ONLY	1.44559491404635	2.5535642120150706	2.533050333043863	2.5043436945224897	2.4264211057790086	2.3618141372434103	2.608994920937922	2.5938987469280574	2.4580812123400033	2.5963869732743783	2.5218086140127927	2.5992223422410063	-1.0587487804761397	-0.02772809226381695
VUILD78MA_150_7_4	VUILD78MA	VUILD78	fold_1	epithelial_transitional	PF_ONLY	2.26718234286892	2.642293376665597	2.541200459044716	2.526013853860525	2.698260751664789	2.535815525928603	2.6383597317402665	2.593931572489066	2.690592470649939	2.700149438095957	2.638544068194347	2.704369372611077	-0.25883151099160484	-0.009747387195167346
VUILD78MA_150_7_5	VUILD78MA	VUILD78	fold_1	epithelial_transitional	PF_ONLY	2.27283264012483	2.6334204602005444	2.5967749494436703	2.5679000737501885	2.365512537636587	2.2584203178726456	2.593484734088243	2.5939282899329648	2.4844265818713827	2.632710980345639	2.544470519136584	2.6345731516579862	-0.29506743362535826	-0.004163063580091981
VUILD78MA_150_7_6	VUILD78MA	VUILD78	fold_1	epithelial_transitional	PF_ONLY	2.73790491801847	2.6245475437354915	2.6115919852156027	2.611057642158609	2.848875131878203	2.7877302377864455	2.638706884222698	2.593925007376864	2.682456843871417	2.6666864836991677	2.6365728649394415	2.6671279538944366	0.1268472758598609	0.01211580758616501
VUILD78MA_150_7_7	VUILD78MA	VUILD78	fold_1	epithelial_transitional	PF_ONLY	2.24636303345585	2.615674627270439	2.5747557922390127	2.540640205581144	2.644912317846041	2.5557650157113843	2.6165389252225975	2.5939217248207633	2.4894678170109357	2.627639021333518	2.5461884362206124	2.6302516202001374	-0.2942771721252937	-0.007651798323527097
VUILD78MA_150_7_8	VUILD78MA	VUILD78	fold_1	epithelial_transitional	PF_ONLY	1.97110815186035	2.6068017108053865	2.572463224276174	2.5091564110069555	2.706006661169678	2.602604819276394	2.625636401151301	2.5939184422646626	2.445067691131647	2.5763734903956252	2.5227050393801953	2.5800392971818527	-0.5380482591466056	-0.015019313795459899
VUILD78MA_150_8_10	VUILD78MA	VUILD78	fold_1	epithelial_transitional	PF_ONLY	2.312165594409	2.5947890574661776	2.565423925150659	2.5240543196689416	2.8632673647242983	2.7390061241522474	2.625157677080187	2.593913270514814	2.5284646306136946	2.62669023606642	2.5584600222656038	2.6296013639742775	-0.2118887252599415	0.0017004329834428896
VUILD78MA_150_8_11	VUILD78MA	VUILD78	fold_1	epithelial_transitional	PF_ONLY	2.68863264350385	2.585916141001125	2.5508598236774698	2.5186710910376346	2.783550188556758	2.6530618171203497	2.62702455413655	2.5939099879587126	2.5989270461135483	2.631755653074779	2.596180975595319	2.6347542427030977	0.16996155246621525	0.0026280165020389715
VUILD78MA_150_8_12	VUILD78MA	VUILD78	fold_1	epithelial_transitional	PF_ONLY	2.19799281829632	2.5770432245360726	2.5690872641773432	2.5537081658894474	2.8151673313519376	2.753806083357463	2.605618870142981	2.593906705402612	2.674342894860048	2.6180432950702572	2.622885110119956	2.619126250975728	-0.3557153475931272	-0.01120294488161639
VUILD78MA_150_8_13	VUILD78MA	VUILD78	fold_1	epithelial_transitional	PF_ONLY	1.71123371111901	2.5681703080710196	2.5810369013048358	2.5610377374958992	2.563530516316702	2.529458013268078	2.607610732135424	2.593903422846511	2.530170900480851	2.5984446495806366	2.5583379076358903	2.599258024274234	-0.8498040263768893	-0.016302819343150036
VUILD78MA_150_8_14	VUILD78MA	VUILD78	fold_1	epithelial_transitional	PF_ONLY	1.42135686366226	2.559297391605967	2.5559336176684844	2.536114274354322	2.8075874403617576	2.749992635348372	2.612882713648695	2.5939001402904105	2.5899201584503	2.6286718867177266	2.582997588755383	2.6303114053034875	-1.114757410692062	-0.01713731722468788
VUILD78MA_150_8_15	VUILD78MA	VUILD78	fold_1	epithelial_transitional	PF_ONLY	1.8400903758162	2.5504244751409146	2.5597873090930086	2.5136263821334865	2.7495251312639555	2.64775078654421	2.625588009574828	2.5938968577343093	2.6117272146096018	2.628139260906135	2.589213349019983	2.630753209030133	-0.6735360063172866	-0.026031897419731366
VUILD78MA_150_8_4	VUILD78MA	VUILD78	fold_1	epithelial_transitional	PF_ONLY	2.10061428010946	2.6480265562564935	2.5457151804386187	2.496241578106296	2.274623857318048	2.1501610862506926	2.591443131589648	2.5939329658514185	2.6206698696584274	2.5987686937398453	2.6167331023913727	2.6037370241521294	-0.39562729799683627	-0.01757943276523701
VUILD78MA_150_8_5	VUILD78MA	VUILD78	fold_1	epithelial_transitional	PF_ONLY	2.22366598869176	2.639153639791441	2.604470065519985	2.5921214559102994	2.340038909659597	2.25964948483937	2.609531938781291	2.593929683295318	2.6725288530982922	2.612804012453546	2.6223730594539747	2.613930261572471	-0.3684554672185394	-0.014926898120060308
VUILD78MA_150_8_6	VUILD78MA	VUILD78	fold_1	epithelial_transitional	PF_ONLY	2.35192614502015	2.630280723326388	2.6327361285250257	2.608713042490252	2.508144853725956	2.479893605733655	2.6367938760546843	2.5939264007392167	2.715029224262601	2.5755486555570566	2.6451022165897053	2.5757112774393165	-0.2567868974701022	-0.013284191944195896
VUILD78MA_150_8_7	VUILD78MA	VUILD78	fold_1	epithelial_transitional	PF_ONLY	1.88810443619385	2.6214078068613356	2.561392049939584	2.551217888337157	2.0935651716801544	2.0234296320344116	2.6051687558698196	2.593923118183116	2.581207623370118	2.5353869708269734	2.59063101365522	2.5373205146114017	-0.6631134521433071	-0.034357417193232764
VUILD78MA_150_8_8	VUILD78MA	VUILD78	fold_1	epithelial_transitional	PF_ONLY	1.939768759705	2.612534890396283	2.5619469210325128	2.5299456450721207	2.4076502137652422	2.3111659762311065	2.6232710882953088	2.5939198356270152	2.588901937029564	2.589635727064324	2.600856768338974	2.5926409859356845	-0.5901768853671208	-0.02249185794168503
VUILD78MA_150_8_9	VUILD78MA	VUILD78	fold_1	epithelial_transitional	PF_ONLY	1.94757061836993	2.60366197393123	2.555089007050301	2.502641755211796	2.4283804934599704	2.334285748837325	2.6159613859110804	2.5939165530709145	2.4918813568745155	2.5467723345196274	2.5407124377813797	2.5505578869589303	-0.5550711368418659	-0.03528413468362985
VUILD78MA_150_9_10	VUILD78MA	VUILD78	fold_1	epithelial_transitional	PF_ONLY	3.05224474807403	2.600522237057074	2.5828934699537704	2.545616035538348	3.241301701101922	3.139168251221866	2.623205877522511	2.5939146638771664	2.627510949178341	2.681915032580073	2.5994011276565785	2.6841907994944925	0.5066287125356816	0.008574242144273438
VUILD78MA_150_9_13	VUILD78MA	VUILD78	fold_1	epithelial_transitional	PF_ONLY	1.53023170618138	2.5739034876619162	2.5722332312964777	2.5389448012160236	3.0062253713938736	2.938741117608081	2.607766996740788	2.593904816208864	2.5897390027526717	2.6445695442568855	2.5908396400702736	2.6465939231351694	-1.0087130950346437	-0.0029596644532707654
VUILD78MA_150_9_14	VUILD78MA	VUILD78	fold_1	epithelial_transitional	PF_ONLY	2.05114764159684	2.5650305711968637	2.5329954935008216	2.5316544337139795	3.0696346244128234	2.9900632417975634	2.6171783972029052	2.593901533652763	2.6162549651960356	2.672616871496449	2.5929422294936284	2.674756341723459	-0.48050679211713954	-0.0032475398524048557
VUILD78MA_150_9_15	VUILD78MA	VUILD78	fold_1	epithelial_transitional	PF_ONLY	1.74040912310476	2.5561576547318112	2.591283034308373	2.6175598619782177	2.827308527355533	2.7827070320575134	2.5955281424560614	2.5938982510966624	2.5806233137383146	2.641648920137517	2.5624245667227563	2.6399729783156145	-0.8771507388734576	-0.021946533772415802
VUILD78MA_150_9_4	VUILD78MA	VUILD78	fold_1	epithelial_transitional	PF_ONLY	2.19047337934764	2.65375973584739	2.5462859663197093	2.5133659133194977	2.3366222915857464	2.2327515234620505	2.581221971598856	2.593934359213771	2.5403419183708125	2.582810158174645	2.571744751213104	2.5872065661195336	-0.3228925339718578	-0.02379627519704175
VUILD78MA_150_9_5	VUILD78MA	VUILD78	fold_1	epithelial_transitional	PF_ONLY	1.95699751711474	2.6448868193823376	2.5880232878166165	2.5462562090914607	2.3050679720794593	2.170273426511454	2.583091991301547	2.5939310766576704	2.655309716813613	2.6212654063923018	2.6200838237048902	2.624017503939034	-0.5892586919767206	-0.017473479766665374
VUILD78MA_150_9_6	VUILD78MA	VUILD78	fold_1	epithelial_transitional	PF_ONLY	1.82424222620755	2.6360139029172847	2.5573845158871893	2.5642480452942094	2.576260105588681	2.475351917314577	2.621491423391136	2.5939277941015697	2.643507130670878	2.5252200497810526	2.6198743992405857	2.5268297006698712	-0.7400058190866594	-0.021636592134673248
VUILD78MA_150_9_7	VUILD78MA	VUILD78	fold_1	epithelial_transitional	PF_ONLY	2.37406576245071	2.627140986452232	2.584871850864389	2.554254495173914	2.6978273181419534	2.597822639310648	2.6337664283260604	2.593924511545469	2.7108827592968052	2.5622324216337424	2.657536702450124	2.5644106581987214	-0.18018873272320413	-0.016947539292313917
VUILD78MA_150_9_8	VUILD78MA	VUILD78	fold_1	epithelial_transitional	PF_ONLY	1.56266554301499	2.6182680699871796	2.5785257740737335	2.5459876428297155	2.630364966215265	2.5076399527771187	2.6044073460126316	2.593921228989368	2.527708741457686	2.6129927882118915	2.5807501574733047	2.615467356833467	-0.9833220998147254	-0.014932317629297753
