region_id	sample_id	donor_id	fold	target	analysis_stratum	observed	M0_pred	M1_pred	M2_pred	M3_pred	M4_pred	color_pred	coordinate_pred	grayscale_pred	macenko_pred	M3_grayscale_pred	M3_macenko_pred	heldout_base_residual	morphology_predicted_residual
TILD117LA_150_10_10	TILD117LA	TILD117	fold_5	epithelial_transitional	DISEASE_ADJUSTED	3.14340848861502	2.518492155080553	2.7088324136189463	2.8829977637960362	3.2674990103720565	3.0195372516571553	2.302708102712294	2.2900926014332033	2.6101386842229592	2.6769325396577135	2.5560806649792753	3.3145961843982548	0.26041072481898375	-0.011993413840322665
TILD117LA_150_10_15	TILD117LA	TILD117	fold_5	epithelial_transitional	DISEASE_ADJUSTED	2.94747499511959	2.452457734841482	2.3119263656574	2.324581372251245	2.3638269308609376	2.400677735371699	2.4059927129151615	2.2900810985712647	2.511876007109694	2.545172708028863	2.529478238128702	2.7631535549116144	0.6228936228683448	-0.014406367381456824
TILD117LA_150_10_16	TILD117LA	TILD117	fold_5	epithelial_transitional	DISEASE_ADJUSTED	3.00551136244339	2.439250850793668	2.405534601049381	2.426754852221532	2.6048346437093857	2.5666226837462016	2.3705663651752102	2.290078797998877	2.3486804201064926	2.53522675800719	2.355043926606076	2.7167226812658285	0.5787565102218579	-0.01298388041770924
TILD117LA_150_10_17	TILD117LA	TILD117	fold_5	epithelial_transitional	DISEASE_ADJUSTED	2.17911465981671	2.4260439667458535	2.3462925596391333	2.4263985584096854	2.6058099440857894	2.568987736587969	2.3490525103733866	2.2900764974264893	2.565824284254943	2.5575399969185226	2.5791306580831455	2.6757039377582914	-0.2472838985929755	-0.01257703842488909
TILD117LA_150_10_18	TILD117LA	TILD117	fold_5	epithelial_transitional	DISEASE_ADJUSTED	2.46634170163709	2.4128370826980396	2.512669145253744	2.520363707582839	2.5145364480467007	2.567137202212919	2.3184947857429843	2.2900741968541016	2.5054287528215555	2.591379574251924	2.5006940442173327	2.4663000194229108	-0.05402200594574902	-0.012662745676729321
TILD117LA_150_10_19	TILD117LA	TILD117	fold_5	epithelial_transitional	DISEASE_ADJUSTED	2.23759954373082	2.3996301986502253	2.535559401139691	2.5984661873501156	2.305222424770038	2.402775076709758	2.264320098787626	2.290071896281714	2.448538638800327	2.4447653064060635	2.4304024348581135	1.7346066748231412	-0.36086664361929577	-0.013553263406030289
TILD117LA_150_10_8	TILD117LA	TILD117	fold_5	epithelial_transitional	DISEASE_ADJUSTED	1.813782714932	2.5449059231761813	2.554752901016634	2.648500386012992	2.180483523261918	2.2315895684041993	2.25259721956672	2.2900972025779787	2.1112809431013284	2.292098870649192	2.0768856293183466	2.1500194883539385	-0.834717671080992	-0.014834833855512972
TILD117LA_150_10_9	TILD117LA	TILD117	fold_5	epithelial_transitional	DISEASE_ADJUSTED	2.50680957453475	2.531699039128367	2.6537865345078613	2.6593047539716532	2.7247563299606656	2.627168909220723	2.3002436747023065	2.290094902005591	2.6413448726273594	2.527739006095861	2.6383259061393867	2.7858772397656297	-0.15249517943690316	-0.014023612053397628
TILD117LA_150_11_10	TILD117LA	TILD117	fold_5	epithelial_transitional	DISEASE_ADJUSTED	2.83916675807698	2.5199784585297906	2.6256570622444215	2.5919695973144017	2.8622955519875375	2.7592653938535934	2.393347233462867	2.290093963562195	2.7125597184761623	2.6008166096284095	2.7121175501813544	2.7558803267770053	0.24719716076257825	-0.0121400046985591
TILD117LA_150_11_12	TILD117LA	TILD117	fold_5	epithelial_transitional	DISEASE_ADJUSTED	4.06052049516966	2.4935646904341624	2.6127072188857117	2.6049982988137765	2.776608378724518	2.666302515790705	2.303199694404242	2.2900893624174197	2.676835599416254	2.502518675255326	2.6723893826213443	2.8274049722136567	1.4555221963558838	-0.012762741488929159
TILD117LA_150_11_13	TILD117LA	TILD117	fold_5	epithelial_transitional	DISEASE_ADJUSTED	3.39002177310788	2.480357806386348	2.3859997997384257	2.62658636318885	2.601131350274192	2.6086483659709963	2.2614512436300163	2.290087061845032	2.6273811471940345	2.5412981108142154	2.621380970773328	2.4210024705091673	0.7634354099190297	-0.012936737590711933
TILD117LA_150_11_16	TILD117LA	TILD117	fold_5	epithelial_transitional	DISEASE_ADJUSTED	3.16211001381557	2.4407371542429055	2.5494539720461775	2.6418089862296004	2.461786457811255	2.511954812181761	2.3894372490806424	2.290080160127869	2.4256512420268805	2.5338995436954455	2.4048693253292184	2.325222073786407	0.5203010275859699	-0.012565724458224067
TILD117LA_150_11_17	TILD117LA	TILD117	fold_5	epithelial_transitional	DISEASE_ADJUSTED	2.9575713210942	2.4275302701950916	2.5504985269775844	2.534455226120706	2.688379646964488	2.6473668305381093	2.3012388530963617	2.290077859555481	2.665440832049338	2.4585038323487054	2.6763145985534855	2.364218507448377	0.4231160949734938	-0.012480104470776522
TILD117LA_150_11_18	TILD117LA	TILD117	fold_5	epithelial_transitional	DISEASE_ADJUSTED	2.27275376596809	2.4143233861472773	2.517410507915907	2.6058182759157553	2.1595454928942246	2.270892894015186	2.3194057219941473	2.2900755589830935	2.2465238687979454	2.2896098927199606	2.2319765293695855	2.0270296511003076	-0.33306450994766523	-0.01334210486766754
TILD117LA_150_11_19	TILD117LA	TILD117	fold_5	epithelial_transitional	DISEASE_ADJUSTED	2.43930452421654	2.4011165020994634	2.479172718816163	2.5193801461009437	2.599664450320109	2.5768918763634163	2.1218552616177613	2.2900732584107057	2.5882058777291896	2.5067067536888987	2.5875134461438054	2.385135157776116	-0.08007562188440387	-0.012828600574443322
TILD117LA_150_11_20	TILD117LA	TILD117	fold_5	epithelial_transitional	DISEASE_ADJUSTED	2.73339055846174	2.387909618051649	2.5845271668358833	2.555103299307755	2.488485041981968	2.495506087012415	2.349448272388303	2.290070957838318	2.4104937553489414	2.427825426837365	2.4006858691837905	2.595715127600459	0.17828725915398502	-0.013353841244331978
TILD117LA_150_11_5	TILD117LA	TILD117	fold_5	epithelial_transitional	DISEASE_ADJUSTED	2.87027851527943	2.586012878768862	2.7609487196290647	2.8133436990900327	2.9212760139588076	2.7509468244159954	2.388126705520637	2.2901054664241336	2.7779660945048685	2.5594474262777647	2.770160815040355	2.7711440952887982	0.05693481618939744	-0.012433742600354288
TILD117LA_150_11_9	TILD117LA	TILD117	fold_5	epithelial_transitional	DISEASE_ADJUSTED	2.59126973051808	2.533185342577605	2.4380157523793686	2.53833173873403	2.6745334376567316	2.6048063680690237	2.3893967899906317	2.290096264134583	2.7073673380448344	2.55180958744601	2.717647524491296	2.816136666568225	0.05293799178405001	-0.013578816873512931
TILD117LA_150_12_10	TILD117LA	TILD117	fold_5	epithelial_transitional	DISEASE_ADJUSTED	2.77896289320215	2.5214647619790287	2.57190282200049	2.608425152589244	2.9137145185615605	2.808206083279818	2.467891282673856	2.290095325691187	2.8594808926488793	2.660991147674447	2.858728282759013	2.9264257955361286	0.17053774061290605	-0.012039283308358666
TILD117LA_150_12_11	TILD117LA	TILD117	fold_5	epithelial_transitional	DISEASE_ADJUSTED	1.99410185860123	2.5082578779312144	2.5142948614055056	2.532075734748725	2.4325147965247536	2.5242109040691036	2.395761496562267	2.290093025118799	2.3624877081924605	2.3963638072185005	2.3659782196740684	2.157319117086855	-0.5379738761474948	-0.012751307045504135
TILD117LA_150_12_12	TILD117LA	TILD117	fold_5	epithelial_transitional	DISEASE_ADJUSTED	2.70640000755237	2.4950509938834005	2.5554735043186945	2.701271823649339	2.4764839023874914	2.5391226539278846	2.4055451153752	2.2900907245464115	2.351666264733543	2.4452007950867634	2.326665896543332	2.187439519256794	0.005128183903031047	-0.013290457267187254
TILD117LA_150_12_13	TILD117LA	TILD117	fold_5	epithelial_transitional	DISEASE_ADJUSTED	3.26391798893689	2.481844109835586	2.606160296687443	2.5859910275182902	2.41187673369491	2.4460352990414016	2.3657854637404236	2.290088423974024	2.3933330028562976	2.458160186274495	2.3806622167394735	2.317528038439805	0.6779269614185996	-0.013828819574940207
TILD117LA_150_12_14	TILD117LA	TILD117	fold_5	epithelial_transitional	DISEASE_ADJUSTED	3.06085650852735	2.4686372257877722	2.359602574808945	2.5520065415239004	2.3902594962842523	2.48748490805254	2.361560089420921	2.290086123401636	2.263597778721867	2.3615719659226264	2.2608807269116613	2.0483401778142563	0.5088499670034494	-0.01357275611311733
TILD117LA_150_12_15	TILD117LA	TILD117	fold_5	epithelial_transitional	DISEASE_ADJUSTED	3.01830353562916	2.455430341739958	2.6216867065296214	2.6924352405510907	2.2357714294360918	2.3135456970896757	2.4250104628093356	2.2900838228292484	2.3592247272380966	2.358622364137145	2.3422821641909004	2.040993251712535	0.32586829507806936	-0.014200303939319245
TILD117LA_150_12_16	TILD117LA	TILD117	fold_5	epithelial_transitional	DISEASE_ADJUSTED	3.14003984336962	2.4422234576921436	2.6283075503477153	2.745906695514198	2.1801382600468564	2.291962403277977	2.380722271963575	2.2900815222568607	2.254674868877108	2.393419218353033	2.243468169120056	2.13330181814858	0.3941331478554222	-0.01348657110326037
TILD117LA_150_12_17	TILD117LA	TILD117	fold_5	epithelial_transitional	DISEASE_ADJUSTED	2.98788305879972	2.429016573644329	2.378370648322766	2.543375339837829	2.4386923679242183	2.487405113368938	2.207899689534676	2.290079221684473	2.428587831983514	2.4890644557005404	2.432648053885139	2.2896397005200453	0.4445077189618907	-0.012547619843682873
TILD117LA_150_12_19	TILD117LA	TILD117	fold_5	epithelial_transitional	DISEASE_ADJUSTED	2.26764608039355	2.402602805548701	2.5033329465961214	2.5429165886562313	2.3191044376977605	2.390845445755206	2.325956455933505	2.290074620539697	2.3468021768941365	2.452114753281014	2.3396723544892972	2.165852630150159	-0.2752705082626812	-0.013497447720265739
TILD117LA_150_12_20	TILD117LA	TILD117	fold_5	epithelial_transitional	DISEASE_ADJUSTED	2.14595958132103	2.3893959215008866	2.5262957341010757	2.621506914579539	2.0005814399655084	2.1954463914726565	2.3456624579166654	2.2900723199673094	2.243791335586164	2.367258109223875	2.2085025549302237	2.0474049440288793	-0.47554733325850895	-0.013993727113259153
TILD117LA_150_12_6	TILD117LA	TILD117	fold_5	epithelial_transitional	DISEASE_ADJUSTED	2.58438040053378	2.574292298170285	2.6786502770991145	2.704743442695197	2.479626630140726	2.4851578185635192	2.41186813618434	2.2901045279807377	2.5904403421836304	2.512223871668369	2.5826078768178293	2.466273682972003	-0.12036304216141724	-0.013586422279344474
TILD117LA_150_12_8	TILD117LA	TILD117	fold_5	epithelial_transitional	DISEASE_ADJUSTED	2.21494142967793	2.547878530074657	2.5417857047628103	2.572385474251447	2.355650750839374	2.3901590286277186	2.407009307026808	2.2900999268359623	2.285011143515299	2.38651934260455	2.274611657392289	1.9739093783017774	-0.357444044573517	-0.01414746341214646
TILD117LA_150_12_9	TILD117LA	TILD117	fold_5	epithelial_transitional	DISEASE_ADJUSTED	2.69837582475888	2.5346716460268426	2.58191511900595	2.575410208673768	2.445842506110035	2.442845406546393	2.4300561404148078	2.2900976262635746	2.4369059631936216	2.4358014924337965	2.44020429067364	2.2069384355660313	0.12296561608511203	-0.014464908715642245
TILD117LA_150_13_10	TILD117LA	TILD117	fold_5	epithelial_transitional	DISEASE_ADJUSTED	2.89810965792676	2.5229510654282663	2.571890881319002	2.56234452623584	2.719903664024401	2.642434569660956	2.3980100708811	2.2900966878201787	2.4910211116283776	2.5981338429988985	2.480306341584655	2.501553880619978	0.3357651316909198	-0.012114206947145538
TILD117LA_150_13_13	TILD117LA	TILD117	fold_5	epithelial_transitional	DISEASE_ADJUSTED	3.17092342991459	2.4833304132848237	2.336768860093664	2.457046558469542	2.1121117758511074	2.2616723508642242	2.3489767541951205	2.290089786103015	2.30787060821298	2.273753212846991	2.287996256392954	1.8924959661473877	0.7138768714450481	-0.014341549824690127
TILD117LA_150_13_14	TILD117LA	TILD117	fold_5	epithelial_transitional	DISEASE_ADJUSTED	2.59431476480143	2.47012352923701	2.3390407946733935	2.4123633244196343	2.212401214166399	2.3098718506961413	2.3064404564678975	2.2900874855306275	2.500034820020579	2.418537908129602	2.5198177601114953	2.355559029426428	0.18195144038179567	-0.014588039256611968
TILD117LA_150_13_17	TILD117LA	TILD117	fold_5	epithelial_transitional	DISEASE_ADJUSTED	3.54458996990926	2.4305028770935673	2.5316453890948365	2.585560194446189	2.4120744338142632	2.4109114107273246	2.3806831239739736	2.2900805838134644	2.441230715926316	2.587256976278031	2.443470483456081	2.900935275269201	0.9590297754630708	-0.013117683704437375
TILD117LA_150_13_18	TILD117LA	TILD117	fold_5	epithelial_transitional	DISEASE_ADJUSTED	3.96371197430748	2.417295993045753	2.565510150248235	2.6059313528665395	2.9589503249265987	2.8098013674133164	2.47253627789714	2.2900782832410767	2.782299994401969	2.618457302844024	2.778811795562326	3.077614844617738	1.3577806214409405	-0.012529664730843638
TILD117LA_150_13_19	TILD117LA	TILD117	fold_5	epithelial_transitional	DISEASE_ADJUSTED	2.49415439756172	2.404089108997939	2.4242173216662932	2.4759774542301574	1.9707864865542315	2.202540642296705	2.4269617835200177	2.290075982668689	2.200237413629281	2.4453002930708845	2.206079070623147	2.059583138921219	0.01817694333156261	-0.013775031493224248
TILD117LA_150_13_6	TILD117LA	TILD117	fold_5	epithelial_transitional	DISEASE_ADJUSTED	3.44845267383685	2.575778601619523	2.5634524435539685	2.5845725437643434	2.7145823713271615	2.6568299688909214	2.4290737452531883	2.2901058901097295	2.7889417806696404	2.5670364139111155	2.7945902721956055	2.7484133140914944	0.8638801300725065	-0.01296143959745709
TILD117LA_150_13_7	TILD117LA	TILD117	fold_5	epithelial_transitional	DISEASE_ADJUSTED	2.97667408702675	2.562571717571709	2.513981344359544	2.5164532926631624	2.4793654633027398	2.492043366890962	2.397646215831861	2.290103589537342	2.370947449053434	2.372187868313104	2.378421183879485	2.153632449319041	0.4602207943635874	-0.013667018520396333
TILD117LA_150_13_9	TILD117LA	TILD117	fold_5	epithelial_transitional	DISEASE_ADJUSTED	2.40661085860945	2.5361579494760806	2.529848049722863	2.5789520457661768	2.5261564837016843	2.551279469362279	2.386067335049682	2.2900989883925664	2.4445839762927024	2.480864907943229	2.4422063829163636	2.172617500518369	-0.17234118715672686	-0.013999507366301544
TILD117LA_150_14_11	TILD117LA	TILD117	fold_5	epithelial_transitional	DISEASE_ADJUSTED	3.02849597328089	2.51123048482969	2.4699159371277357	2.526798911643697	2.935535515321686	2.829502627099166	2.3490956119706907	2.2900957493767824	2.761802127305562	2.5545365746213764	2.7586170650745334	2.8127163384074496	0.5016970616371932	-0.011906243957966443
TILD117LA_150_14_12	TILD117LA	TILD117	fold_5	epithelial_transitional	DISEASE_ADJUSTED	3.10487730964373	2.498023600781876	2.5214591848294434	2.6319481551749266	2.6579895529664825	2.5966164150459385	2.3348536718997837	2.2900934488043947	2.621385061436525	2.4934374320486388	2.5966945210582435	2.6222541095070193	0.47292915446880324	-0.013496584780927728
TILD117LA_150_14_14	TILD117LA	TILD117	fold_5	epithelial_transitional	DISEASE_ADJUSTED	3.24035198080235	2.471609832686248	2.5529127215307628	2.564768694642675	2.558563858924618	2.533639388174757	2.369102588603088	2.2900888476596193	2.4729394253568793	2.4685888821527824	2.4597814829877036	2.8780103835576294	0.6755832861596751	-0.013835315224535011
TILD117LA_150_14_15	TILD117LA	TILD117	fold_5	epithelial_transitional	DISEASE_ADJUSTED	3.10401779751573	2.4584029486384336	2.510527751342425	2.548565085865186	2.502332235386816	2.4920754799867546	2.325061554210724	2.2900865470872316	2.23503935205471	2.3809622389969705	2.2199007199133285	2.6118311821703877	0.5554527116505441	-0.014678837702072747
TILD117LA_150_14_17	TILD117LA	TILD117	fold_5	epithelial_transitional	DISEASE_ADJUSTED	3.44757947112115	2.431989180542805	2.3326184519179787	2.3295835563337906	2.941708091432928	2.8203792318227796	2.403108831741365	2.290081945942456	2.812879449678867	2.6537780402839894	2.8288257485355794	2.814875255262737	1.1179959147873593	-0.012422214595436645
TILD117LA_150_15_13	TILD117LA	TILD117	fold_5	epithelial_transitional	DISEASE_ADJUSTED	2.53776254310453	2.4863030201832994	2.4127391111790297	2.5358825129925906	2.0672075811002353	2.1831224313156445	2.22391395509115	2.290092510360999	2.313456752266676	2.2820835762527305	2.282060867428073	2.3465934280973357	0.0018800301119394902	-0.014472116130521245
TILD117LA_150_15_15	TILD117LA	TILD117	fold_5	epithelial_transitional	DISEASE_ADJUSTED	2.80730422310541	2.459889252087671	2.4892162393302506	2.549831204090233	2.230109732285563	2.3209113701410846	2.308029838033964	2.2900879092162234	2.3799154454674465	2.475699238952879	2.350624045422087	2.5864004758568164	0.25747301901517705	-0.014545409514460456
TILD117LA_150_15_16	TILD117LA	TILD117	fold_5	epithelial_transitional	DISEASE_ADJUSTED	2.58077556789047	2.446682368039857	2.4239553008355794	2.4367329627654857	2.161677723275005	2.3447989613145763	2.3627222788492475	2.2900856086438357	2.0649203541187964	2.3522071967239806	2.052803199513987	2.1706160303314395	0.14404260512498412	-0.013196464275279398
TILD117LA_150_15_17	TILD117LA	TILD117	fold_5	epithelial_transitional	DISEASE_ADJUSTED	3.01567828825915	2.433475483992043	2.486308698924843	2.6420664465362846	2.5998843857784806	2.638857978592792	2.3408032408014403	2.290083308071448	2.4940765347052056	2.46889313547782	2.4564041779677184	2.66454380373992	0.37361184172286555	-0.012392995754926464
TILD117LA_150_15_4	TILD117LA	TILD117	fold_5	epithelial_transitional	DISEASE_ADJUSTED	3.17306254928693	2.605164976613627	2.6376548621100535	2.7626516226712754	2.9219340515190164	2.7811399405578903	2.326782428348529	2.290113215512488	2.745571715897533	2.5482427448652	2.7508769338761896	3.2221107502754505	0.4104109266156546	-0.012565965703557171
TILD117LA_150_15_8	TILD117LA	TILD117	fold_5	epithelial_transitional	DISEASE_ADJUSTED	2.0333601418063	2.5523374404223707	2.6241901436808908	2.468573793903989	2.418115126499906	2.376005425007377	2.2038476091577803	2.2901040132229373	2.2267939667811714	2.3295195511357347	2.218880970250003	2.465703191999386	-0.4352136520976888	-0.01443954340827879
TILD117LA_150_16_10	TILD117LA	TILD117	fold_5	epithelial_transitional	DISEASE_ADJUSTED	3.06499305053682	2.52740997577598	2.5507060189530906	2.5377583036068456	2.543497138758578	2.513831785296177	2.3164926381183455	2.2901007742071537	2.4326019851434797	2.4809107553565766	2.435857535718891	2.4156879042859223	0.5272347469299743	-0.013135536175809648
TILD117LA_150_16_11	TILD117LA	TILD117	fold_5	epithelial_transitional	DISEASE_ADJUSTED	2.63847260856464	2.5142030917281657	2.50032826416989	2.5179986968285886	2.860646728754212	2.691864977890933	2.4147149615534937	2.290098473634766	2.44992315754209	2.386410645064582	2.455142111249273	2.4874614784268454	0.1204739117360516	-0.01222881943931232
TILD117LA_150_16_12	TILD117LA	TILD117	fold_5	epithelial_transitional	DISEASE_ADJUSTED	2.07844873466941	2.500996207680352	2.5148315362965814	2.5605583745070972	2.400208600431481	2.466872307211127	2.3936067394510165	2.2900961730623783	2.411377041342167	2.4543190778955406	2.4122618084705008	2.0928892580106155	-0.4821096398376872	-0.01336135620528317
TILD117LA_150_16_13	TILD117LA	TILD117	fold_5	epithelial_transitional	DISEASE_ADJUSTED	3.64711554717962	2.4877893236325375	2.6456349786113997	2.579335961814242	2.568907350477131	2.5767569078420576	2.425951055186663	2.2900938724899906	2.4224553385671417	2.444163643657381	2.4157357242533153	2.3345858649438136	1.0677795853653782	-0.013106328615334157
TILD117LA_150_16_16	TILD117LA	TILD117	fold_5	epithelial_transitional	DISEASE_ADJUSTED	2.45085358577771	2.448168671489095	2.408275593211545	2.4918064866426555	2.1911525571256187	2.2941483582457285	2.4034864158177953	2.2900869707728275	2.360124470000586	2.333317829813216	2.3436511053375653	1.8808782159665214	-0.04095290086494563	-0.013569266727605942
TILD117LA_150_16_2	TILD117LA	TILD117	fold_5	epithelial_transitional	DISEASE_ADJUSTED	4.11713951471513	2.6330650481584934	2.804776749313266	2.7105235541725077	3.3528939233547006	3.0815672602254796	2.3646635029760357	2.2901191787862554	3.219351430101114	2.8287342828201387	3.23505803783953	3.6511200812900517	1.4066159605426223	-0.01227606734327938
TILD117LA_150_16_20	TILD117LA	TILD117	fold_5	epithelial_transitional	DISEASE_ADJUSTED	2.86091632834078	2.395341135297838	2.7280511262220033	2.784417377840435	2.576076379887149	2.555979973287767	2.2747392340609793	2.2900777684832763	2.671652621214073	2.4594562093426817	2.634457846642632	2.649956179717709	0.07649895050034505	-0.014219700241129661
TILD117LA_150_16_3	TILD117LA	TILD117	fold_5	epithelial_transitional	DISEASE_ADJUSTED	3.16369331780772	2.619858164110679	2.7546145934577977	2.8942396905783223	3.0163300642349147	2.8177523456205744	2.3708325308146763	2.2901168782138677	3.0305038635724935	2.7283870010423854	3.0314907302802894	3.370544969636673	0.2694536272293977	-0.013827271283935032
TILD117LA_150_16_4	TILD117LA	TILD117	fold_5	epithelial_transitional	DISEASE_ADJUSTED	3.4231661734858	2.6066512800628647	2.6105116426004735	2.6906467178199636	2.9303646831369234	2.7822698275855133	2.3329077138982943	2.29011457764148	2.912836823848391	2.671915740119432	2.9293539745691723	3.1049653378829847	0.7325194556658365	-0.012593590710324818
TILD117LA_150_16_8	TILD117LA	TILD117	fold_5	epithelial_transitional	DISEASE_ADJUSTED	2.14318832305826	2.5538237438716083	2.367910190558079	2.3614892809711705	2.514955881250773	2.3948734724293117	2.237208007109931	2.290105375351929	2.566488610436484	2.5183067983312863	2.5906989721410394	2.6963962040522365	-0.2183009579129105	-0.014194183970317837
TILD117LA_150_16_9	TILD117LA	TILD117	fold_5	epithelial_transitional	DISEASE_ADJUSTED	2.92731295267971	2.540616859823794	2.50324629573205	2.5098503163628854	2.5319878419499204	2.4612969885854064	2.3616846786437686	2.2901030747795414	2.4892651437043236	2.5443159715475128	2.4985484521559775	2.392792006612232	0.41746263631682456	-0.014652332680094915
TILD117LA_150_17_10	TILD117LA	TILD117	fold_5	epithelial_transitional	DISEASE_ADJUSTED	2.65115366340881	2.5288962792252176	2.7727787021471224	2.7736154866096565	2.636014064529562	2.6947100405872795	2.297178974130645	2.2901021363361456	2.6158459371139755	2.4916665067004264	2.5881304740258817	2.478098886447181	-0.12246182320084653	-0.012286901262050912
TILD117LA_150_17_11	TILD117LA	TILD117	fold_5	epithelial_transitional	DISEASE_ADJUSTED	2.91983647660641	2.5156893951774038	2.583545661038638	2.612368121451162	2.7997924369226475	2.714481202110535	2.34166608113091	2.2900998357637574	2.627366433016951	2.420569033465065	2.61623778630803	2.369528430567848	0.30746835515524795	-0.012587214092650519
TILD117LA_150_17_12	TILD117LA	TILD117	fold_5	epithelial_transitional	DISEASE_ADJUSTED	2.85525877880179	2.5024825111295894	2.4268367701059326	2.438131715157581	2.8343203277234412	2.7467750149467465	2.4225638928476094	2.2900975351913697	2.4808785001279965	2.4290216172791133	2.49709409678726	2.55168024570578	0.4171270636442088	-0.012510603693332683
TILD117LA_150_17_18	TILD117LA	TILD117	fold_5	epithelial_transitional	DISEASE_ADJUSTED	2.50719115231694	2.4232412068427043	2.4397934656787252	2.5524191040793607	2.7389225323741755	2.7041421219773585	2.4011067837284013	2.2900837317570435	2.468093494322112	2.5833043795979638	2.4673545511939925	2.7180558642652923	-0.04522795176242056	-0.012668981232261914
TILD117LA_150_17_19	TILD117LA	TILD117	fold_5	epithelial_transitional	DISEASE_ADJUSTED	2.73336420914455	2.4100343227948904	2.5134967543315456	2.638452721495246	3.1191664342133243	2.9824169809250254	2.3976870969036774	2.290081431184656	2.7217366558251532	2.6988486662684905	2.7248304107037384	3.0609181685237825	0.09491148764930424	-0.011984177896551504
TILD117LA_150_17_2	TILD117LA	TILD117	fold_5	epithelial_transitional	DISEASE_ADJUSTED	4.11461596109473	2.6345513516077315	2.725746172830732	2.7287865267188582	3.225414903741346	2.9798761629014257	2.312786955514071	2.290120540915247	2.8777669751201405	2.695652164378485	2.902568204381433	3.2577677439452546	1.3858294343758715	-0.012438760111752536
TILD117LA_150_17_3	TILD117LA	TILD117	fold_5	epithelial_transitional	DISEASE_ADJUSTED	3.15556663607229	2.621344467559917	2.836811202839945	2.90492763899544	2.7849034740284013	2.647746347125311	2.384791503716599	2.2901182403428595	2.716069719300346	2.6038779354197152	2.711159394813636	3.1597745139507567	0.2506389970768499	-0.014379148192440946
TILD117LA_150_17_5	TILD117LA	TILD117	fold_5	epithelial_transitional	DISEASE_ADJUSTED	4.02952500473985	2.594930699464289	2.6722618372758626	2.721340752014697	2.926252265183636	2.850311559929743	2.3616167660130323	2.290113639198084	2.826849920541961	2.6355481299688774	2.846787026931933	2.546899426345824	1.308184252725153	-0.011953110879060013
TILD117LA_150_17_9	TILD117LA	TILD117	fold_5	epithelial_transitional	DISEASE_ADJUSTED	2.94436043956704	2.542103163273032	2.5989484698643595	2.7399621889078882	2.7378341756994264	2.600811757585696	2.3401433528392404	2.2901044369085333	2.627231255891864	2.506794446159189	2.6135740831526046	2.7069791483269072	0.20439825065915196	-0.01400850568913711
TILD117LA_150_18_15	TILD117LA	TILD117	fold_5	epithelial_transitional	DISEASE_ADJUSTED	2.91712008146817	2.464348162435385	2.6859916309498093	2.7151673960072005	3.065743008555155	2.876295273691815	2.4533934851906523	2.2900919956031984	2.905076889805532	2.6043401120155663	2.896092985931019	3.165052850344595	0.20195268546096967	-0.013446515719684563
TILD117LA_150_19_11	TILD117LA	TILD117	fold_5	epithelial_transitional	DISEASE_ADJUSTED	2.90340676558125	2.5186620020758794	2.7241612252021543	2.7981784144881954	2.9378129676837768	2.840173747286132	2.4785895955770014	2.290102560021741	2.7086924783574835	2.740007470539788	2.679712232130682	3.211875811526842	0.1052283510930545	-0.012100940224603167
TILD117LA_150_19_5	TILD117LA	TILD117	fold_5	epithelial_transitional	DISEASE_ADJUSTED	2.34544996541047	2.5979033063627646	2.4359549501860993	2.660379995253544	2.8145071255489684	2.7056204833590525	2.3514660158721514	2.2901163634560673	2.7297606033354778	2.611614758659449	2.7510890428640864	2.7405557279436015	-0.3149300298430737	-0.012954147237963901
TILD117LA_150_19_6	TILD117LA	TILD117	fold_5	epithelial_transitional	DISEASE_ADJUSTED	2.19784530789405	2.5846964223149502	2.6007677254759374	2.6226168532319742	2.731597004342368	2.644338360496732	2.2100323350255966	2.2901140628836796	2.7060965728621857	2.5431519554895217	2.7164486787262043	2.7631776897581113	-0.4247715453379244	-0.012959764735069358
TILD117LA_150_19_9	TILD117LA	TILD117	fold_5	epithelial_transitional	DISEASE_ADJUSTED	1.88676672964875	2.5450757701715077	2.5651356712248465	2.6056582862967668	2.4120445823572974	2.351760437843174	2.0746110524032235	2.2901071611665165	2.4001603715098336	2.295507502800481	2.3896627895297957	2.5287130894467746	-0.7188915566480167	-0.014722338175832472
TILD117LA_150_20_7	TILD117LA	TILD117	fold_5	epithelial_transitional	DISEASE_ADJUSTED	2.66441708238952	2.572975841716374	2.490926064391285	2.562310973749895	2.7122211052233345	2.6117338001147763	2.281439966814187	2.2901131244402837	2.4999490462855576	2.4386471374843697	2.5042906956442774	2.853022767055311	0.10210610863962488	-0.013301549254506714
TILD117LA_150_21_13	TILD117LA	TILD117	fold_5	epithelial_transitional	DISEASE_ADJUSTED	2.12092034749734	2.4952208408787264	2.5351669637739507	2.574181991308288	2.4103916512524157	2.4638338302136993	2.3430052294216894	2.290100683134949	2.4700629586540472	2.3766234324854403	2.472997652534679	2.3650730274470115	-0.453261643810948	-0.013501718272298659
TILD117LA_150_21_14	TILD117LA	TILD117	fold_5	epithelial_transitional	DISEASE_ADJUSTED	2.63438737220357	2.4820139568309125	2.3955367172496063	2.5622503011783353	2.7975890017563643	2.6927948893999343	2.29594421189963	2.290098382562561	2.6451885375416277	2.618216684755243	2.6431873235038226	2.9042930813467556	0.0721370710252347	-0.013889985099120542
TILD117LA_150_21_15	TILD117LA	TILD117	fold_5	epithelial_transitional	DISEASE_ADJUSTED	3.05161686869624	2.468807072783098	2.4768416456592015	2.356682978914551	2.735541467963973	2.5829999658034586	2.3604341254593812	2.2900960819901734	2.563425056592224	2.533586312794935	2.573428242527048	2.83821852337875	0.694933889781689	-0.014072591808940625
TILD117LA_150_21_7	TILD117LA	TILD117	fold_5	epithelial_transitional	DISEASE_ADJUSTED	2.53098972035304	2.5744621451656116	2.608948970243488	2.726117667025278	3.065663127873677	2.935755356574919	2.3527025084823623	2.2901144865692755	2.8008414771134227	2.5892465344515627	2.8127417614144647	2.7021779309406835	-0.1951279466722382	-0.012397624022735119
TILD117LA_150_21_8	TILD117LA	TILD117	fold_5	epithelial_transitional	DISEASE_ADJUSTED	2.30217772456011	2.5612552611177977	2.6285934994382445	2.6471721977031515	2.742850177859042	2.6696127808565926	2.371449489301359	2.290112185996888	2.4709157039486946	2.5122551068630634	2.4817600373482174	2.860928628947403	-0.34499447314304144	-0.013415345006303722
TILD117LA_150_22_17	TILD117LA	TILD117	fold_5	epithelial_transitional	DISEASE_ADJUSTED	2.33050735683815	2.4438796081367076	2.2752953087008767	2.1760187299534097	2.863216986259924	2.6942658151960286	2.1434545980658952	2.29009284297439	2.560603774823665	2.450066045559839	2.601750292112338	2.6804323588222663	0.1544886268847403	-0.01219002866113768
TILD117LA_150_22_2	TILD117LA	TILD117	fold_5	epithelial_transitional	DISEASE_ADJUSTED	2.76791471204081	2.6419828688539204	2.578123485050482	2.6864125399946306	2.5653090360429776	2.4666717484436758	2.3243749648009673	2.2901273515602054	2.535271719152945	2.5738031866228916	2.519071721960803	3.0368489708606132	0.08150217204617949	-0.014486657548070445
TILD117LA_150_22_3	TILD117LA	TILD117	fold_5	epithelial_transitional	DISEASE_ADJUSTED	2.94975351090566	2.628775984806106	2.734996860739843	2.855227429585773	2.7297008478900104	2.5524455451402397	2.1665737368262192	2.2901250509878177	2.6330392675399987	2.476155393438633	2.615697552100987	2.7931748250978092	0.09452608131988693	-0.014641101154333896
TILD117LA_150_22_8	TILD117LA	TILD117	fold_5	epithelial_transitional	DISEASE_ADJUSTED	2.69561285424534	2.5627415645670353	2.485635475263646	2.5787755498756457	2.5029963501433925	2.3936827766724704	2.3196836111606745	2.290113548125879	2.433783314440597	2.386013401590368	2.4532814553968625	2.5209046478738184	0.1168373043696942	-0.014617763478164805
TILD117LA_150_23_10	TILD117LA	TILD117	fold_5	epithelial_transitional	DISEASE_ADJUSTED	2.70737111561023	2.5378140999206447	2.548377691330892	2.66950643036789	2.7665256797967803	2.690048625275026	2.323086437579969	2.2901103091100956	2.6137558697571417	2.600771000834539	2.604923801924387	2.8150557014758633	0.0378646852423401	-0.012703980295309336
TILD117LA_150_23_8	TILD117LA	TILD117	fold_5	epithelial_transitional	DISEASE_ADJUSTED	2.61707532977429	2.5642278680162733	2.473707937696023	2.594736803460583	2.5242125892718192	2.4348452203020443	2.245280701745677	2.290114910254871	2.4863139541838057	2.5163443955593703	2.4949107271977233	2.9124392702951645	0.022338526313706808	-0.014659326940699489
TILD117LA_150_25_15	TILD117LA	TILD117	fold_5	epithelial_transitional	DISEASE_ADJUSTED	2.49369040302789	2.4747522865800495	2.5190123176313333	2.4704201711356655	2.7131843394383055	2.584381452497645	2.296727191372629	2.2901015305061403	2.694413383060293	2.5434389344551978	2.7188796350685163	2.7604745462528824	0.023270231892224658	-0.014209307222612039
TILD117LA_150_26_14	TILD117LA	TILD117	fold_5	epithelial_transitional	DISEASE_ADJUSTED	3.23416665291173	2.489445474077102	2.523436990681077	2.639665182847086	2.661021447799991	2.541199860146346	2.2915195994557536	2.29010519320752	2.7308864662183487	2.58045941029123	2.7323612417829533	2.9902459824971106	0.5945014700646443	-0.014301111698269744
TILD117LA_150_3_10	TILD117LA	TILD117	fold_5	epithelial_transitional	DISEASE_ADJUSTED	2.70123736811785	2.508088030935888	2.660720145546877	2.7360935873207635	2.6760393990755906	2.665687492084791	2.3651074264658485	2.2900830665302614	2.7298493471183054	2.540369815209524	2.7145069154888253	2.4407379505321947	-0.034856219202913596	-0.012478085565348698
TILD117LA_150_4_8	TILD117LA	TILD117	fold_5	epithelial_transitional	DISEASE_ADJUSTED	2.87231780484031	2.5359881024807542	2.4583424980494257	2.527719179579252	2.721071388513913	2.6415573569895714	2.305961772539997	2.2900890298040286	2.697311195344384	2.574902832148971	2.7052696126647113	2.9635898169592023	0.344598625261058	-0.013723078035827818
TILD117LA_150_5_12	TILD117LA	TILD117	fold_5	epithelial_transitional	DISEASE_ADJUSTED	2.6765565590546	2.4846468697387354	2.5131452171525313	2.4611029760110195	2.8433612851811176	2.712971479013028	2.284453153098907	2.290081189643469	2.4304441440904894	2.480788456949002	2.4331814579292557	2.697200377288749	0.21545358304358064	-0.012348252683204247
TILD117LA_150_5_13	TILD117LA	TILD117	fold_5	epithelial_transitional	DISEASE_ADJUSTED	2.05575810756952	2.471439985690921	2.337521027850698	2.343931123405755	2.466662515081922	2.4658048184097674	2.240674865809542	2.2900788890710815	2.369279301084169	2.3523184822872487	2.3771931914702344	2.4065242244438094	-0.288173015836235	-0.013466421645221908
TILD117LA_150_5_14	TILD117LA	TILD117	fold_5	epithelial_transitional	DISEASE_ADJUSTED	2.45914687357813	2.458233101643107	2.170467090019027	2.1458707662068033	2.2305327295411934	2.239577478912198	2.2175089379141424	2.2900765884986938	2.16053595388441	2.2726965170438764	2.195847373871026	1.990857886820029	0.3132761073713266	-0.014250855522877233
TILD117LA_150_5_15	TILD117LA	TILD117	fold_5	epithelial_transitional	DISEASE_ADJUSTED	2.62008761179107	2.445026217595293	2.532204980513772	2.532049932824776	2.1640079719213565	2.2098571324701743	2.258839666021818	2.290074287926306	2.3429997518052885	2.441973664468098	2.313976098070178	2.8242603147310934	0.08803767896629422	-0.014589547789429043
TILD117LA_150_5_4	TILD117LA	TILD117	fold_5	epithelial_transitional	DISEASE_ADJUSTED	3.87221781167236	2.5903019421212488	2.5080627536097766	2.424447012523399	2.3525587158942427	2.2977768181192895	2.078534849333225	2.2900995942225713	2.4495128958571835	2.3287346573535905	2.451705066122453	2.7920266051344873	1.447770799148961	-0.01352275852125789
TILD117LA_150_6_14	TILD117LA	TILD117	fold_5	epithelial_transitional	DISEASE_ADJUSTED	2.17431233880035	2.459719405092345	2.3925436249038428	2.3553735708580694	2.2675355971519444	2.355394196894831	2.326004527139858	2.2900779506276856	2.2027598899108485	2.4128867463658277	2.2039334524146112	2.1749386582162327	-0.1810612320577194	-0.013445936287911301
TILD117LA_150_6_15	TILD117LA	TILD117	fold_5	epithelial_transitional	DISEASE_ADJUSTED	2.35588769494519	2.446512521044531	2.5258407775241563	2.5414558738343667	2.4406970426068755	2.4192528951253998	2.3256100761889917	2.290075650055298	2.494939516862066	2.486926546267071	2.491734360838103	2.490438365452635	-0.18556817888917676	-0.013959495461436591
TILD117LA_150_6_16	TILD117LA	TILD117	fold_5	epithelial_transitional	DISEASE_ADJUSTED	2.34924833551692	2.4333056369967165	2.5302585155282293	2.620309949922326	2.498961518255353	2.5037859038995482	2.2181578319612276	2.29007334948291	2.471552452920364	2.501842113665625	2.4474296900219925	2.7594008634469667	-0.2710616144054061	-0.012522335281594306
TILD117LA_150_6_6	TILD117LA	TILD117	fold_5	epithelial_transitional	DISEASE_ADJUSTED	3.60140130033896	2.565374477474858	2.6101976364305406	2.566112176507776	3.07475024147441	2.894105801010858	2.3646698779988014	2.2900963552067872	2.7873985572564934	2.637822821475111	2.8028146738901505	2.706984338671848	1.035289123831184	-0.011634265984663616
TILD117LA_150_7_11	TILD117LA	TILD117	fold_5	epithelial_transitional	DISEASE_ADJUSTED	3.2162047813571	2.500826360685025	2.5184413975075253	2.4451314547684206	2.952445959813155	2.8808551301918857	2.386240002040108	2.2900862144738405	2.7120695332884237	2.4717784668561245	2.736352978882496	2.5004255773163027	0.7710733265886796	-0.011589770052700189
TILD117LA_150_7_13	TILD117LA	TILD117	fold_5	epithelial_transitional	DISEASE_ADJUSTED	2.59568698084803	2.4744125925893967	2.498878651866243	2.5205729374398196	2.690602959407763	2.6487932877149403	2.4292396169133603	2.290081613329065	2.5152763452235676	2.4218960005416537	2.505430549182927	2.4748483870809603	0.07511404340821048	-0.012850009029072946
TILD117LA_150_7_14	TILD117LA	TILD117	fold_5	epithelial_transitional	DISEASE_ADJUSTED	2.8312947078605	2.461205708541583	2.295232364764691	2.2890049773311345	2.2541157888563963	2.31250004533989	2.43818461934425	2.2900793127566774	2.355632445084998	2.3821833867160676	2.384809927910525	2.155139339285743	0.5422897305293657	-0.014226335879325556
TILD117LA_150_7_15	TILD117LA	TILD117	fold_5	epithelial_transitional	DISEASE_ADJUSTED	2.40208901220944	2.4479988244937685	2.422318384366573	2.423504128402352	2.211513452151915	2.2513302049498596	2.4243031063128604	2.2900770121842897	2.364733043708949	2.3859990175264567	2.382714724357653	2.1304108564393944	-0.021415116192912365	-0.014555334903291688
TILD117LA_150_7_16	TILD117LA	TILD117	fold_5	epithelial_transitional	DISEASE_ADJUSTED	2.20939281031785	2.434791940445954	2.4910587849880086	2.5620339220867065	2.3598067950593893	2.418078747162	2.1411368459849287	2.290074711611902	2.4724763073901768	2.5308282816405328	2.462774941421246	2.800390374858306	-0.3526411117688566	-0.013149225005280447
TILD117LA_150_7_17	TILD117LA	TILD117	fold_5	epithelial_transitional	DISEASE_ADJUSTED	2.57676605685524	2.4215850563981403	2.6509860355667176	2.6771975301248703	2.333927305161768	2.42169029182806	2.2983403424886686	2.2900724110395143	2.4783438246205884	2.5132911130740103	2.466182390101987	2.2293450677443354	-0.10043147326963009	-0.01228436033735762
TILD117LA_150_8_13	TILD117LA	TILD117	fold_5	epithelial_transitional	DISEASE_ADJUSTED	3.25995858550254	2.4758988960386348	2.438315694951309	2.4439607977327458	2.629479008636887	2.6213878948552414	2.394284453080048	2.290082975458057	2.4213768290079853	2.3988731006400306	2.423016636428285	2.234039194225218	0.8159977877697941	-0.013093473319070974
TILD117LA_150_8_14	TILD117LA	TILD117	fold_5	epithelial_transitional	DISEASE_ADJUSTED	2.72776178956879	2.4626920119908204	2.2048154043451293	2.217869781540509	2.3881845225300213	2.4213714271166813	2.4130933213376116	2.2900806748856692	2.3448931738535106	2.344563857563181	2.3763459975607653	2.114195630244436	0.5098920080282809	-0.013943566101755785
TILD117LA_150_8_15	TILD117LA	TILD117	fold_5	epithelial_transitional	DISEASE_ADJUSTED	3.01151210138742	2.4494851279430065	2.3497959699159985	2.36029047757578	2.323595077113025	2.417753780384154	2.386155381113003	2.2900783743132815	2.505517317354424	2.477724375744139	2.5359872194811937	2.0717340275681546	0.6512216238116402	-0.013486395000355247
TILD117LA_150_8_16	TILD117LA	TILD117	fold_5	epithelial_transitional	DISEASE_ADJUSTED	2.4023015167257	2.436278243895192	2.5125712140546743	2.5705198304242773	2.7720224168714385	2.681925468647744	2.38894175270977	2.290076073740894	2.692935195331681	2.5632440912712013	2.690732600844137	2.907211581983649	-0.16821831369857732	-0.01215455647787865
TILD117LA_150_8_17	TILD117LA	TILD117	fold_5	epithelial_transitional	DISEASE_ADJUSTED	2.11813751905585	2.423071359847378	2.544401755732977	2.598837597946483	2.3599162723413136	2.3653051118971002	2.336595617766103	2.290073773168506	2.4007931833269964	2.4537977749464037	2.3930974881473697	2.1932929594106096	-0.48070007889063326	-0.012991537600959575
TILD117LA_150_8_18	TILD117LA	TILD117	fold_5	epithelial_transitional	DISEASE_ADJUSTED	2.41552773304955	2.409864475799564	2.5093114327934662	2.2658154678481193	2.4134720341012637	2.404523534116749	2.298342142770273	2.2900714725961184	2.284665936662333	2.4554768691337285	2.3158512088135663	2.430202042952013	0.14971226520143066	-0.012653345879725404
TILD117LA_150_9_12	TILD117LA	TILD117	fold_5	epithelial_transitional	DISEASE_ADJUSTED	2.6936874233836	2.4905920835356867	2.48233382233497	2.5579831272299525	2.683915843962628	2.5967884356494517	2.3263803411560326	2.290086638159436	2.6732889253798167	2.3612004249463454	2.6737790657342995	2.4309199408418865	0.13570429615364743	-0.012940489241483038
TILD117LA_150_9_13	TILD117LA	TILD117	fold_5	epithelial_transitional	DISEASE_ADJUSTED	2.98176890764687	2.4773851994878724	2.51213390213041	2.538679054672828	2.6634930170390536	2.7159640906632783	2.3625485138461695	2.2900843375870483	2.719824057329967	2.4562263205585597	2.726282237313077	2.2344384650436497	0.4430898529740417	-0.012353353797845856
TILD117LA_150_9_14	TILD117LA	TILD117	fold_5	epithelial_transitional	DISEASE_ADJUSTED	2.96901958283157	2.4641783154400585	2.4758206519325614	2.4286508443834953	2.3729589508360105	2.387199892227799	2.2072819404080963	2.2900820370146606	2.3311452342524004	2.441695325566409	2.3258212137697734	2.468413278096079	0.5403687384480746	-0.01396151236502418
TILD117LA_150_9_15	TILD117LA	TILD117	fold_5	epithelial_transitional	DISEASE_ADJUSTED	2.6766808607217	2.450971431392244	2.4813307293220674	2.489606376921678	2.311084482948604	2.3636320799141957	2.339438281034415	2.290079736442273	2.388979070456043	2.4678981485416704	2.3859027349376083	2.28839012805111	0.18707448380002178	-0.01391900086502189
TILD117LA_150_9_16	TILD117LA	TILD117	fold_5	epithelial_transitional	DISEASE_ADJUSTED	2.82575273327808	2.43776454734443	2.688165901774791	2.6963323636729464	2.286114895900406	2.3710923015265193	2.391516916725665	2.290077435869885	2.50237399619402	2.5215087810539547	2.4803851908013312	2.5903705673504995	0.1294203696051337	-0.012914224940669735
TILD117LA_150_9_17	TILD117LA	TILD117	fold_5	epithelial_transitional	DISEASE_ADJUSTED	2.42470466038997	2.424557663296616	2.5063604828303374	2.579451089027821	2.3135583096349923	2.367100541850978	2.353598243104599	2.2900751352974975	2.4203997027435253	2.479053222213561	2.4093731980312345	2.4559641914321295	-0.15474642863785082	-0.01304571363458938
TILD117LA_150_9_18	TILD117LA	TILD117	fold_5	epithelial_transitional	DISEASE_ADJUSTED	2.44606700147499	2.4113507792488016	2.4941472308263553	2.6186383448808934	2.1891355122928204	2.3255628022549275	2.3147802420026005	2.29007283472511	2.151968396503819	2.414653031955095	2.131711197160019	2.0351485988317015	-0.1725713434059033	-0.013562797288375844
TILD117LA_150_9_8	TILD117LA	TILD117	fold_5	epithelial_transitional	DISEASE_ADJUSTED	3.26244811500307	2.5434196197269436	2.8439310846079597	2.87692112565531	2.678310337991535	2.5985960321447017	2.2369229311199716	2.2900958404489873	2.53624066800212	2.4667292301754	2.492645621892544	2.535687137747978	0.3855269893477602	-0.013713184147188159
TILD117LA_150_9_9	TILD117LA	TILD117	fold_5	epithelial_transitional	DISEASE_ADJUSTED	2.51130048836577	2.5302127356791293	2.502370146020282	2.5540756546343384	2.7399414641979094	2.6216111158408797	2.25151279840889	2.2900935398765996	2.488723716961155	2.3809929379730383	2.4750229255625977	2.560426910714733	-0.042775166268568476	-0.014046902824573795
TILD117MA1_150_0_14	TILD117MA1	TILD117	fold_5	epithelial_transitional	DISEASE_ADJUSTED	2.24508600706855	2.4889506004015893	2.60385457289467	2.6571457694972436	2.5491181122086473	2.5991256930252065	2.372131294195615	2.290073124681471	2.4615753865752854	2.4737062430181287	2.4083852823611784	2.672868939493728	-0.4120597624286937	-0.013206682383518726
TILD117MA1_150_0_5	TILD117MA1	TILD117	fold_5	epithelial_transitional	DISEASE_ADJUSTED	2.55337609494334	2.5842100667391263	2.3592573870072653	2.4212310001445196	2.5317315554147406	2.4455076196031618	2.2938588088859317	2.2900906599172295	2.6476703201600884	2.528885073859069	2.6558819180722066	2.577473306778222	0.1321450947988203	-0.013020756876642186
TILD117MA1_150_0_6	TILD117MA1	TILD117	fold_5	epithelial_transitional	DISEASE_ADJUSTED	2.78441472000444	2.5736256815905114	2.3960999471600717	2.434912352074907	2.6862246112733312	2.5832722997423794	2.37100860807258	2.2900887115577007	2.728425980830602	2.7716632191085226	2.7339293814826457	3.301764250494214	0.3495023679295328	-0.013012307025611895
TILD117MA1_150_10_13	TILD117MA1	TILD117	fold_5	epithelial_transitional	DISEASE_ADJUSTED	2.89638055446421	2.5168536593683175	2.4771399676435037	2.498095922150545	2.779360108139857	2.6342782429472296	2.332382669567025	2.2900894477322256	2.630886553114536	2.610650590571934	2.626246777984068	2.9204986186101856	0.39828463231366484	-0.013065855213875084
TILD117MA1_150_10_16	TILD117MA1	TILD117	fold_5	epithelial_transitional	DISEASE_ADJUSTED	2.06955869865848	2.485100503922472	2.323696499443792	2.298627125369536	2.145908183143338	2.2018385742022946	2.420605021200222	2.290083602653639	2.3708074123422733	2.2161795079509674	2.39104306765439	1.9492141048407428	-0.22906842671105565	-0.014939858573460429
TILD117MA1_150_10_17	TILD117MA1	TILD117	fold_5	epithelial_transitional	DISEASE_ADJUSTED	1.76154184785398	2.4745161187738565	2.3734099053296482	2.4437911684101157	2.339122255474176	2.4068130696003913	2.415906066024006	2.2900816542941107	2.49103150164471	2.4491876248246776	2.500932454249885	1.927927279889313	-0.6822493205561357	-0.013162916652135896
TILD117MA1_150_10_18	TILD117MA1	TILD117	fold_5	epithelial_transitional	DISEASE_ADJUSTED	3.17339712957773	2.4639317336252415	2.5389754892805545	2.5410952625054315	2.810802363542796	2.7239943527323667	2.311705641413762	2.290079705934582	2.582279987035993	2.4658679534790933	2.577901812087622	2.2947172688111235	0.6323018670722984	-0.012914473551651276
TILD117MA1_150_10_19	TILD117MA1	TILD117	fold_5	epithelial_transitional	DISEASE_ADJUSTED	2.6382981636396	2.453347348476626	2.560120805936813	2.5469423049542934	2.9655492871270273	2.87280036473476	2.397999420668023	2.290077757575053	2.6734962654534966	2.666043195859621	2.679628094724686	2.6899371908184926	0.09135585868530649	-0.012281889351503983
TILD117MA1_150_10_20	TILD117MA1	TILD117	fold_5	epithelial_transitional	DISEASE_ADJUSTED	2.63070116211251	2.442762963328011	2.437872071030782	2.466978784016636	2.566851676694066	2.532566221628667	2.3869649252946745	2.2900758092155242	2.411610601814031	2.3981352314976494	2.428452662836093	2.4095056589612884	0.16372237809587364	-0.013518034936797872
TILD117MA1_150_10_21	TILD117MA1	TILD117	fold_5	epithelial_transitional	DISEASE_ADJUSTED	2.6566757583056	2.432178578179396	2.4222679018177677	2.4442560407771525	2.452251274801758	2.387620262537261	2.3386928550166797	2.2900738608559954	2.370735881001159	2.3678056229198217	2.3620512212121407	2.2500519655612674	0.21241971752844746	-0.014504405305532094
TILD117MA1_150_10_22	TILD117MA1	TILD117	fold_5	epithelial_transitional	DISEASE_ADJUSTED	2.54614176581685	2.4215941930307805	2.304316509070319	2.3526933924564886	2.4448411194006674	2.4024746402431556	2.4285649329531287	2.2900719124964666	2.39995015141796	2.4354715054525773	2.419354900014315	2.237376737666741	0.19344837336036136	-0.014269479829908923
TILD117MA1_150_10_23	TILD117MA1	TILD117	fold_5	epithelial_transitional	DISEASE_ADJUSTED	2.73846344815333	2.411009807882165	2.5309933434813585	2.5669274218843636	2.7693476161770363	2.692001690761686	2.3445222922113294	2.290069964136938	2.7337040924854037	2.56973313093217	2.7214240921483306	2.812766282843447	0.17153602626896625	-0.012372567264806409
TILD117MA1_150_11_14	TILD117MA1	TILD117	fold_5	epithelial_transitional	DISEASE_ADJUSTED	2.5913610885287	2.5080011416015138	2.4606884633428514	2.4832121166365706	2.3421508454233617	2.383347689067884	2.434761196564011	2.290088936841819	2.4864542228552087	2.367529583539882	2.4878056604822123	1.9855776259509548	0.10814897189212935	-0.014022354161675193
TILD117MA1_150_11_16	TILD117MA1	TILD117	fold_5	epithelial_transitional	DISEASE_ADJUSTED	2.83278647518754	2.486832371304283	2.6068694460187034	2.5842776543074875	2.8535792329548464	2.7167915132993263	2.4625527390395474	2.290085040122762	2.7269172425120036	2.612125778972707	2.722575606290254	2.693966773436797	0.24850882088005255	-0.013288413099088337
TILD117MA1_150_11_17	TILD117MA1	TILD117	fold_5	epithelial_transitional	DISEASE_ADJUSTED	2.81934726385106	2.4762479861556677	2.636477649812819	2.6725268238762863	2.6300008852261865	2.6275690458491714	2.4671433900166306	2.290083091763233	2.637910642473464	2.5509586181533246	2.630009903628958	2.644921507465517	0.1468204399747739	-0.012024791626476935
TILD117MA1_150_11_18	TILD117MA1	TILD117	fold_5	epithelial_transitional	DISEASE_ADJUSTED	2.80275193942659	2.4656636010070527	2.50013158291844	2.5293700083952917	2.4110597390495485	2.4808247028073884	2.403556215383906	2.2900811434037043	2.5567304552645878	2.472761877053947	2.567134490645636	2.3195263871487777	0.2733819310312984	-0.012779487801808027
TILD117MA1_150_11_19	TILD117MA1	TILD117	fold_5	epithelial_transitional	DISEASE_ADJUSTED	3.37693836686736	2.4550792158584374	2.3808362795772418	2.4219846552013338	2.522076754996551	2.534159333352416	2.386763106838003	2.2900791950441755	2.6211988116225093	2.399604479907218	2.6425643816076483	2.1203740784540934	0.9549537116660263	-0.01326601525596967
TILD117MA1_150_11_20	TILD117MA1	TILD117	fold_5	epithelial_transitional	DISEASE_ADJUSTED	3.5204717336223	2.444494830709822	2.524352004577379	2.5259151238967434	2.5802581766958905	2.586252120061323	2.4218486418425216	2.290077246684647	2.3647724403775463	2.4425215265108045	2.3629594661957163	2.22429612393046	0.9945566097255565	-0.013200942590668173
TILD117MA1_150_11_23	TILD117MA1	TILD117	fold_5	epithelial_transitional	DISEASE_ADJUSTED	2.60997535856745	2.4127416752639763	2.6157837349924145	2.5764782110629905	2.762062407357533	2.688640511455221	2.41486101148718	2.2900714016060606	2.809344539116328	2.600099093018142	2.792322539388082	2.889983535933107	0.033497147504459424	-0.01222726546007849
TILD117MA1_150_11_7	TILD117MA1	TILD117	fold_5	epithelial_transitional	DISEASE_ADJUSTED	2.9374273423598	2.58209183764182	2.6052671966230756	2.7648748503721787	2.7864092110442624	2.725931322224687	2.3219877431842204	2.2901025753585205	2.7884807269812555	2.6017194605569967	2.784376288541321	2.8538216309296516	0.17255249198762135	-0.013043548843895383
TILD117MA1_150_12_10	TILD117MA1	TILD117	fold_5	epithelial_transitional	DISEASE_ADJUSTED	2.48349253947963	2.552070549577786	2.370994598407602	2.546311678490223	2.5216514036498814	2.4558590335936623	2.312429289035557	2.290098167749057	2.738854945007175	2.4748735691704424	2.747559831815023	2.4595849800628296	-0.062819139010593	-0.014665578074746157
TILD117MA1_150_12_11	TILD117MA1	TILD117	fold_5	epithelial_transitional	DISEASE_ADJUSTED	2.86331642188666	2.5414861644291706	2.6424179413890627	2.6751474093289245	2.462159481604947	2.4901664499961034	2.1905997878659824	2.290096219389528	2.6301209635744027	2.5215526805867747	2.617779156658247	2.5744517029598555	0.18816901255773555	-0.012807202004079785
TILD117MA1_150_12_13	TILD117MA1	TILD117	fold_5	epithelial_transitional	DISEASE_ADJUSTED	2.20369981398795	2.52031739413194	2.5850442979848727	2.6378834527504167	2.484737784623611	2.5087179592495135	2.4069656831041186	2.290092322670471	2.580961235907882	2.5402380140469445	2.5639777677870477	2.405590777968161	-0.4341836387624669	-0.013448401168087275
TILD117MA1_150_12_14	TILD117MA1	TILD117	fold_5	epithelial_transitional	DISEASE_ADJUSTED	2.56233191049143	2.509733008983325	2.61609635781967	2.586625759567562	2.3835664424639176	2.41158708454496	2.4028162887271463	2.290090374310942	2.534104963496906	2.4452304846649584	2.5327890699575346	2.1419914991529634	-0.024293849076131746	-0.014065434318682613
TILD117MA1_150_12_15	TILD117MA1	TILD117	fold_5	epithelial_transitional	DISEASE_ADJUSTED	2.71020434084256	2.4991486238347096	2.4714207260006207	2.533666066101407	2.4081213207724073	2.4345063432612757	2.4360207560046563	2.290088425951413	2.3676393466598538	2.331568697082389	2.3617261283403197	2.281921401164498	0.1765382747411528	-0.014010927005938327
TILD117MA1_150_12_17	TILD117MA1	TILD117	fold_5	epithelial_transitional	DISEASE_ADJUSTED	2.5295786739759	2.477979853537479	2.639824434536099	2.766075627061392	2.586292247651951	2.5489533925407115	2.4233482458074564	2.2900845292323555	2.65734303784317	2.473418731847531	2.6328935852861983	2.5738270022301997	-0.23649695308549212	-0.012519503661749512
TILD117MA1_150_12_18	TILD117MA1	TILD117	fold_5	epithelial_transitional	DISEASE_ADJUSTED	2.85453716957107	2.467395468388864	2.3939658780382045	2.417976539120293	2.0638563205401392	2.1928612161235654	2.4432336803298567	2.290082580872827	2.2997144868036066	2.339659706512764	2.307482875305865	2.019276865934106	0.436560630450777	-0.013587742436624611
TILD117MA1_150_12_19	TILD117MA1	TILD117	fold_5	epithelial_transitional	DISEASE_ADJUSTED	3.27162030910205	2.4568110832402485	2.3033881304546386	2.314976278224395	2.186654585652773	2.2755725758789813	2.387981399570811	2.2900806325132983	2.2325553944651264	2.362491573695476	2.2592541781305697	2.1124988305210155	0.9566440308776554	-0.014179143906408993
TILD117MA1_150_12_2	TILD117MA1	TILD117	fold_5	epithelial_transitional	DISEASE_ADJUSTED	3.12671543778683	2.6367456307667076	2.742121626122664	2.798261200463259	2.740988097524089	2.6444678040838303	2.4491455793335573	2.2901137546252865	2.593709480129251	2.520840223397334	2.5703733417382413	2.6461192629999255	0.3284542373235708	-0.013374074031399707
TILD117MA1_150_12_20	TILD117MA1	TILD117	fold_5	epithelial_transitional	DISEASE_ADJUSTED	2.97088544155717	2.4462266980916336	2.4798503555608034	2.434768841971014	2.3009272908792004	2.3518105172216877	2.4334911090018125	2.2900786841537695	2.4116301974199232	2.374575103324427	2.4218199668021603	2.4097765423133968	0.5361165995861561	-0.013869200404131275
TILD117MA1_150_12_21	TILD117MA1	TILD117	fold_5	epithelial_transitional	DISEASE_ADJUSTED	2.70655955464573	2.4356423129430183	2.492669261758121	2.500313653472892	2.213458513192371	2.3281279476730803	2.405203187841547	2.2900767357942406	2.351025828193139	2.368030937041834	2.349769662679849	1.9864584785288377	0.20624590117283814	-0.014679533282263391
TILD117MA1_150_12_22	TILD117MA1	TILD117	fold_5	epithelial_transitional	DISEASE_ADJUSTED	2.47785309343309	2.425057927794403	2.4289652492150786	2.4418051521597106	2.618638938416581	2.5846729845797243	2.3477110742038136	2.290074787434712	2.5776368854290346	2.4725255479389587	2.585705713759927	2.3777024657232344	0.03604794127337918	-0.013710447251117721
TILD117MA1_150_12_23	TILD117MA1	TILD117	fold_5	epithelial_transitional	DISEASE_ADJUSTED	3.33600820556829	2.414473542645788	2.44348979511228	2.507438382925526	2.737938240186147	2.6966952479889548	2.2984535459633944	2.290072839075183	2.7463552651951435	2.4148670296843076	2.7464118646688354	2.540198285503421	0.828569822642764	-0.01199501964036804
TILD117MA1_150_12_24	TILD117MA1	TILD117	fold_5	epithelial_transitional	DISEASE_ADJUSTED	3.1418152419118	2.4038891574971726	2.4030324108553813	2.3979608034653177	2.610941045111204	2.6144880795068657	2.3400355503485133	2.2900708907156546	2.421113694903959	2.533101359039866	2.4028182135936307	2.5525553317344327	0.7438544384464825	-0.01215033876025907
TILD117MA1_150_12_3	TILD117MA1	TILD117	fold_5	epithelial_transitional	DISEASE_ADJUSTED	2.55655962180901	2.6261612456180923	2.720858744587636	2.80197745992288	2.7065493219201455	2.6320459577685615	2.4059040240865097	2.290111806265758	2.6212059369211977	2.541326290893043	2.5966487811090837	2.774739540092855	-0.24541783811387008	-0.013817083435595678
TILD117MA1_150_12_5	TILD117MA1	TILD117	fold_5	epithelial_transitional	DISEASE_ADJUSTED	2.66542872153479	2.604992475320862	2.5622327230505912	2.613983721993147	2.399645963767177	2.4157613932285567	2.4544424335436097	2.2901079095467005	2.346345345517112	2.4429106771166995	2.334751481123069	2.3441670521940647	0.05144499954164283	-0.013026290950658284
TILD117MA1_150_12_6	TILD117MA1	TILD117	fold_5	epithelial_transitional	DISEASE_ADJUSTED	2.0166642814237	2.5944080901722466	2.6077988549093885	2.7667160105336692	2.450609229642045	2.511964985282219	2.4315427076782483	2.2901059611871717	2.373331218674108	2.3981380912386743	2.350966677854001	2.114878903779199	-0.7500517291099693	-0.013007367735176701
TILD117MA1_150_12_7	TILD117MA1	TILD117	fold_5	epithelial_transitional	DISEASE_ADJUSTED	2.42991629807828	2.5838237050236312	2.7319071495520344	2.768922503972435	2.6077369064697975	2.5982589504553197	2.367229580813897	2.290104012827643	2.4856345841783396	2.5034131174509904	2.477361493563197	2.6016172793892087	-0.339006205894155	-0.01317485799020197
TILD117MA1_150_12_8	TILD117MA1	TILD117	fold_5	epithelial_transitional	DISEASE_ADJUSTED	3.44614838558426	2.5732393198750163	2.7531839053069342	2.838732508343689	2.760926273761991	2.671425952366509	2.353121995110002	2.2901020644681145	2.708766001930547	2.7019517774693265	2.6902457984262864	3.083050422992329	0.6074158772405709	-0.013616732720733002
TILD117MA1_150_12_9	TILD117MA1	TILD117	fold_5	epithelial_transitional	DISEASE_ADJUSTED	2.95884536454376	2.562654934726401	2.583913006345503	2.723568422344493	2.6523076352040658	2.5779587625789127	2.4185631425106138	2.2901001161085857	2.5084359637138665	2.492096561534494	2.493979889416061	2.782383999036635	0.23527694219926687	-0.014141153827910454
TILD117MA1_150_13_10	TILD117MA1	TILD117	fold_5	epithelial_transitional	DISEASE_ADJUSTED	2.52747335751961	2.553802416959597	2.654183957418251	2.721494652337935	2.725499085669664	2.647146708356602	2.332328644411841	2.2900996052181792	2.765787683260807	2.4816383538445574	2.746935236894079	2.5598232357255686	-0.19402129481832509	-0.014138911215250669
TILD117MA1_150_13_11	TILD117MA1	TILD117	fold_5	epithelial_transitional	DISEASE_ADJUSTED	2.81842674123123	2.543218031810982	2.5914958024872377	2.6120504089355903	2.6651926491553857	2.6369400924662485	2.2269907870467556	2.290097656858651	2.791849027288697	2.5703472827779335	2.796734034660485	2.5622678063954765	0.20637633229563956	-0.012319646942025711
TILD117MA1_150_13_14	TILD117MA1	TILD117	fold_5	epithelial_transitional	DISEASE_ADJUSTED	2.96538217511133	2.511464876365136	2.573454846410286	2.67119178093164	2.6424955520694198	2.6041762307911376	2.295626595990878	2.2900918117800644	2.4965485939059384	2.448278862226419	2.469565722986339	2.5722660435906235	0.29419039417968973	-0.013819549343680836
TILD117MA1_150_13_15	TILD117MA1	TILD117	fold_5	epithelial_transitional	DISEASE_ADJUSTED	2.45365363424418	2.500880491216521	2.6247437998202936	2.6693637099541565	2.363363087933296	2.3717962034055393	2.4369368010613104	2.2900898634205356	2.39989328582971	2.2383982485483296	2.3716383725107293	1.9240811611375714	-0.21571007570997658	-0.014159935742652348
TILD117MA1_150_13_16	TILD117MA1	TILD117	fold_5	epithelial_transitional	DISEASE_ADJUSTED	2.90465305883623	2.4902961060679054	2.539321853950402	2.695248789597317	2.5117941823608234	2.4947340277549475	2.472012232677768	2.290087915061007	2.4517563200846655	2.4514407256336868	2.427785600395321	2.326288097534176	0.20940426923891264	-0.013641990679464333
TILD117MA1_150_13_18	TILD117MA1	TILD117	fold_5	epithelial_transitional	DISEASE_ADJUSTED	2.6822467617847	2.4691273357706756	2.445326606973053	2.4672720365006713	2.3680542786687586	2.4714652311169827	2.389779103115253	2.2900840183419495	2.3956719007670064	2.483143149269759	2.398735028265027	2.4838940921523815	0.2149747252840286	-0.012101898805324432
TILD117MA1_150_13_19	TILD117MA1	TILD117	fold_5	epithelial_transitional	DISEASE_ADJUSTED	2.72017101505574	2.45854295062206	2.4089711844068415	2.3485819698301382	2.3238497931845803	2.4574821216236002	2.404467372007068	2.2900820699824207	2.3170960485821315	2.335389285477135	2.339484482274744	2.0204401559515346	0.37158904522560166	-0.012964642690449422
TILD117MA1_150_13_20	TILD117MA1	TILD117	fold_5	epithelial_transitional	DISEASE_ADJUSTED	3.86115785575743	2.447958565473445	2.3451746789702392	2.3908495706326005	2.7052357149420043	2.593200073114118	2.446030283375975	2.290080121622892	2.768266514722602	2.5895564086772067	2.781096773934218	2.679557975162906	1.4703082851248297	-0.013636112568105183
TILD117MA1_150_13_22	TILD117MA1	TILD117	fold_5	epithelial_transitional	DISEASE_ADJUSTED	2.43139661755173	2.4267897951762145	2.5111302363377628	2.487335221677769	2.5674650379576964	2.530931661890232	2.41691269661308	2.2900762249038347	2.6369085128800234	2.3653187614761766	2.637423652760221	2.380858946354933	-0.05593860412603879	-0.014062180684070773
TILD117MA1_150_13_23	TILD117MA1	TILD117	fold_5	epithelial_transitional	DISEASE_ADJUSTED	2.47323193650887	2.416205410027599	2.6112928528276944	2.5468581182456376	2.806805958669848	2.734242075058519	2.3916930213958825	2.290074276544306	2.8759456251501656	2.606206422599056	2.877701560988079	2.8619376568319734	-0.07362618173676738	-0.011933418686307203
TILD117MA1_150_13_24	TILD117MA1	TILD117	fold_5	epithelial_transitional	DISEASE_ADJUSTED	2.73873114805171	2.4056210248789838	2.4729770573049685	2.5410121201916445	2.975797329316599	2.8787258294814175	2.278464462263025	2.290072328184777	2.8351703306393716	2.7017233217786076	2.829383047651759	2.7225096851931703	0.19771902786006557	-0.011550415126344867
TILD117MA1_150_13_6	TILD117MA1	TILD117	fold_5	epithelial_transitional	DISEASE_ADJUSTED	2.36439422634618	2.5961399575540582	2.607344533858895	2.645096116286378	2.4639206828827858	2.510428636163635	2.3072482109639894	2.2901073986562945	2.462280533757738	2.5290447712747075	2.4493638312761004	2.386389511092191	-0.28070188994019807	-0.01281768018666094
TILD117MA1_150_14_11	TILD117MA1	TILD117	fold_5	epithelial_transitional	DISEASE_ADJUSTED	2.25739088131083	2.544949899192793	2.460428527897573	2.549390509492485	2.5416761051408088	2.5825863253940398	2.195065096901369	2.2900990943277733	2.446952540893404	2.41571349303093	2.4374082470430625	2.3477971169338887	-0.2919996281816548	-0.012300123433101851
TILD117MA1_150_14_12	TILD117MA1	TILD117	fold_5	epithelial_transitional	DISEASE_ADJUSTED	2.29363811472681	2.5343655140441776	2.3720715085237423	2.39940769572796	2.901222907450167	2.826017385005334	2.211084127323696	2.2900971459682444	2.666951587053524	2.565442673983842	2.681328084693508	2.781022402144552	-0.1057695810011503	-0.012094387160716065
TILD117MA1_150_14_13	TILD117MA1	TILD117	fold_5	epithelial_transitional	DISEASE_ADJUSTED	2.80326686793072	2.5237811288955627	2.5436675671944164	2.5709972441876645	2.9058391105544983	2.786061031594262	2.2018817911706408	2.2900951976087156	2.706594294582896	2.6338217762206515	2.7053592667737725	3.0454771153868667	0.2322696237430555	-0.01277230096679957
TILD117MA1_150_14_15	TILD117MA1	TILD117	fold_5	epithelial_transitional	DISEASE_ADJUSTED	2.5628135986243	2.5026123585983324	2.8318118600670377	2.831999279815683	2.383763911583234	2.363862983109109	2.3294194394145693	2.2900913008896584	2.3337156649601187	2.2859107448984646	2.27257490127406	2.702059805194306	-0.26918568119138264	-0.014736644932838642
TILD117MA1_150_14_16	TILD117MA1	TILD117	fold_5	epithelial_transitional	DISEASE_ADJUSTED	2.69438025280875	2.492027973449717	2.622663261662991	2.6970542505063264	2.5508961063027678	2.5016363471031235	2.3901288712726125	2.2900893525301296	2.7359724574320383	2.5310999702656973	2.7252957087255476	2.499262030008896	-0.002673997697576258	-0.013731501928939927
TILD117MA1_150_14_17	TILD117MA1	TILD117	fold_5	epithelial_transitional	DISEASE_ADJUSTED	2.55778142853909	2.4814435883011017	2.422845537014917	2.4971872561229778	2.278177139336798	2.3314456653372813	2.359517465023595	2.2900874041706007	2.407847998783321	2.196882026227699	2.4022696333369593	1.8184814624234265	0.06059417241611209	-0.013000795086180707
TILD117MA1_150_14_18	TILD117MA1	TILD117	fold_5	epithelial_transitional	DISEASE_ADJUSTED	2.01379681560803	2.4708592031524867	2.305135412303772	2.2743108923477147	2.477820036001589	2.4854410744821998	2.4115418065905985	2.290085455811072	2.50572022177632	2.4505807490336706	2.5325848317337956	2.416724795446898	-0.2605140767396845	-0.01273720635003575
TILD117MA1_150_14_19	TILD117MA1	TILD117	fold_5	epithelial_transitional	DISEASE_ADJUSTED	2.65734054409104	2.4602748180038714	2.4135713263595746	2.4035958255732432	2.4926055756569716	2.539583768362336	2.3734948739659214	2.2900835074515435	2.1133169798142384	2.3553036640934115	2.1172040337991187	2.215456340045966	0.25374471851779656	-0.013029427607002228
TILD117MA1_150_14_20	TILD117MA1	TILD117	fold_5	epithelial_transitional	DISEASE_ADJUSTED	2.72179685601789	2.449690432855256	2.4322802131096584	2.410192714094417	2.534001252998807	2.506230937355946	2.400744656671529	2.2900815590920147	2.434465652863949	2.3946505106796336	2.440123892761278	2.430725230821934	0.31160414192347297	-0.013571357686534754
TILD117MA1_150_14_21	TILD117MA1	TILD117	fold_5	epithelial_transitional	DISEASE_ADJUSTED	2.99545282818469	2.439106047706641	2.588290054542581	2.4669698117372874	2.566413345189868	2.5459390952610557	2.3930926527872307	2.290079610732486	2.4656259248461265	2.416267225206086	2.455957258057266	2.6629368702410883	0.5284830164474026	-0.01384354748148425
TILD117MA1_150_14_22	TILD117MA1	TILD117	fold_5	epithelial_transitional	DISEASE_ADJUSTED	2.29852987306611	2.4285216625580257	2.150643625258383	2.1795155031811047	2.5806130312339355	2.4614276757134523	2.288901760146961	2.290077662372957	2.632580204070328	2.398589250750763	2.6676762809383043	2.497167270758443	0.11901436988500524	-0.014118936921896405
TILD117MA1_150_14_23	TILD117MA1	TILD117	fold_5	epithelial_transitional	DISEASE_ADJUSTED	2.93871610156738	2.4179372774094103	2.256584458173591	2.3002708104909413	2.813925381994556	2.690718108064878	2.374616867751132	2.2900757140134282	2.788898255387822	2.618899790349528	2.823521589520659	2.978339064851676	0.6384452910764389	-0.011841103892746244
TILD117MA1_150_14_8	TILD117MA1	TILD117	fold_5	epithelial_transitional	DISEASE_ADJUSTED	3.2169883143889	2.5767030546386387	2.809304688925584	2.8535364290259895	3.038923554522388	2.8744695069752546	2.3630019548374586	2.2901049394063593	2.7120725676365973	2.4815800357791353	2.679817085026108	2.8789464319167855	0.3634518853629105	-0.012563287860374339
TILD117MA1_150_14_9	TILD117MA1	TILD117	fold_5	epithelial_transitional	DISEASE_ADJUSTED	3.17749487303319	2.5661186694900233	2.6337475466296723	2.8070219813959785	2.7534173159185085	2.6123177745328543	2.3347684869124663	2.290102991046831	2.6355118482588393	2.519113326178433	2.60598064085006	2.883585512552651	0.37047289163721153	-0.014434543275452495
TILD117MA1_150_15_12	TILD117MA1	TILD117	fold_5	epithelial_transitional	DISEASE_ADJUSTED	2.9806237757441	2.5360973814259893	2.425825140243133	2.4747118718752485	2.6373389012593473	2.580865323300613	2.238184157181673	2.2900985834373673	2.5938647504396055	2.4324371133744274	2.595180023709952	3.0903128766011685	0.5059119038688515	-0.012541945596767723
TILD117MA1_150_15_13	TILD117MA1	TILD117	fold_5	epithelial_transitional	DISEASE_ADJUSTED	2.60258461170381	2.525512996277374	2.565500523298938	2.54220120444283	2.5899488637417636	2.516246086910071	2.094075646496968	2.2900966350778384	2.5780111521646636	2.492945398140943	2.5734462559830993	3.021414547254561	0.060383407260979904	-0.013545178371905654
TILD117MA1_150_15_15	TILD117MA1	TILD117	fold_5	epithelial_transitional	DISEASE_ADJUSTED	2.35477610329113	2.5043442259801436	2.4228964837258298	2.588953518200164	2.5474157796907355	2.4622144864495272	2.340053642407981	2.290092738358781	2.3739666447864023	2.3343270990061256	2.3509110948969556	2.627910877364675	-0.2341774149090341	-0.014413910410827619
TILD117MA1_150_15_16	TILD117MA1	TILD117	fold_5	epithelial_transitional	DISEASE_ADJUSTED	2.56870616784465	2.4937598408315282	2.649972544959379	2.611618293016652	2.672272131911092	2.586702451830717	2.3041103907669513	2.290090789999252	2.6181139922461245	2.4127495293870003	2.6033298409436467	2.608267996690738	-0.042912125172001936	-0.013625106827098063
TILD117MA1_150_15_17	TILD117MA1	TILD117	fold_5	epithelial_transitional	DISEASE_ADJUSTED	2.24756286026675	2.483175455682913	2.418338154455347	2.389485246488787	2.6555347568830987	2.630594063949871	2.3172425656059366	2.2900888416397236	2.5031823944326126	2.4777108734206528	2.518902754045617	2.4247377910010535	-0.14192238622203668	-0.012176876367025715
TILD117MA1_150_15_18	TILD117MA1	TILD117	fold_5	epithelial_transitional	DISEASE_ADJUSTED	2.38265743930784	2.472591070534298	2.257335066018081	2.2581791217385527	2.643262989306286	2.5515045556148577	2.322302150945107	2.2900868932801948	2.498273298966553	2.4572618305321794	2.522878421789203	2.4933791638215346	0.12447831756928718	-0.012925289404025994
TILD117MA1_150_15_19	TILD117MA1	TILD117	fold_5	epithelial_transitional	DISEASE_ADJUSTED	3.40412543069017	2.4620066853856826	2.696690371669118	2.579333337957055	2.620247947411726	2.6262659246359537	2.4000058634409647	2.290084944920666	2.621752149987559	2.533565689234807	2.614632627913111	2.8483935534798044	0.8247920927331149	-0.01249780430558249
TILD117MA1_150_15_2	TILD117MA1	TILD117	fold_5	epithelial_transitional	DISEASE_ADJUSTED	3.08050387241694	2.6419412329121412	2.5740178003679093	2.5145818765407753	2.4083979272784988	2.3712348390533995	2.2526356948065294	2.2901180670326546	2.460737290384999	2.376920424723536	2.45670920755528	2.5569223951722515	0.5659219958761645	-0.014028902549292998
TILD117MA1_150_15_20	TILD117MA1	TILD117	fold_5	epithelial_transitional	DISEASE_ADJUSTED	2.67417502341784	2.451422300237067	2.4060700021731316	2.4260474103675236	2.4715980136832734	2.436687545264116	2.262772820812636	2.290082996561137	2.148403706011015	2.2365909280919007	2.1381171989784793	1.9933019267922667	0.2481276130503165	-0.013801809872848987
TILD117MA1_150_15_22	TILD117MA1	TILD117	fold_5	epithelial_transitional	DISEASE_ADJUSTED	2.50495823370044	2.430253529939837	2.25200643021841	2.1948692172903503	2.72487147479084	2.6220241102755386	2.2508472996333806	2.2900790998420795	2.6385341750072446	2.4531839620679996	2.6668518833484827	2.769227707556054	0.3100890164100898	-0.01339503060255528
TILD117MA1_150_15_23	TILD117MA1	TILD117	fold_5	epithelial_transitional	DISEASE_ADJUSTED	2.33743472225144	2.4196691447912215	2.3745314147297343	2.44539112753519	2.581055706032665	2.603191234040968	2.2770645329562393	2.290077151482551	2.670259651341394	2.5849161517507393	2.657515258656159	2.7180457585826816	-0.10795640528374983	-0.011930187473863546
TILD117MA1_150_15_4	TILD117MA1	TILD117	fold_5	epithelial_transitional	DISEASE_ADJUSTED	2.70570151913	2.620772462614911	2.7668295793900817	2.8011185623978956	2.756502601827906	2.626870877121329	2.368305986863161	2.290114170313597	2.476934601690934	2.3737298765198602	2.4410519348049435	2.7112420408153373	-0.0954170432678958	-0.014075440231375375
TILD117MA1_150_15_6	TILD117MA1	TILD117	fold_5	epithelial_transitional	DISEASE_ADJUSTED	2.23327646098555	2.5996036923176806	2.6808041959301856	2.6818999834052075	2.842755638069116	2.761610609141013	2.3320273323205942	2.2901102735945393	2.7370442672950204	2.6255824075638428	2.7202198244781175	2.828463561200837	-0.4486235224196573	-0.01229082911029749
TILD117MA1_150_15_7	TILD117MA1	TILD117	fold_5	epithelial_transitional	DISEASE_ADJUSTED	2.94059021124357	2.5890193071690653	2.7668949492759642	2.770647334121879	2.649817458937968	2.615396563126408	2.320693291757728	2.290108325235011	2.609580419012222	2.4541082989496474	2.5845742512020933	2.7932405184775613	0.1699428771216911	-0.01276472641241862
TILD117MA1_150_16_12	TILD117MA1	TILD117	fold_5	epithelial_transitional	DISEASE_ADJUSTED	3.01658726725888	2.5378292488078005	2.585658349282144	2.6293785972393566	2.944508674286364	2.871894971989305	2.232579082718492	2.2901000209064897	2.7527685550578336	2.6381820864240124	2.7466375084229164	2.7667854836425154	0.3872086700195232	-0.011817351636891243
TILD117MA1_150_16_13	TILD117MA1	TILD117	fold_5	epithelial_transitional	DISEASE_ADJUSTED	2.387552134236	2.527244863659185	2.4061770311551047	2.52292486961474	2.604255737342212	2.6241512785598613	2.2659779179320534	2.290098072546961	2.4766536798525265	2.387200303954355	2.4782055527945954	2.1416127854915756	-0.13537273537873995	-0.013050685987611778
TILD117MA1_150_16_14	TILD117MA1	TILD117	fold_5	epithelial_transitional	DISEASE_ADJUSTED	2.65272952920267	2.51666047851057	2.524117472897987	2.530548557972237	2.416139997943335	2.4464321328451635	2.2736900418746133	2.290096124187432	2.378651795357503	2.3487940336806017	2.3715892468624133	2.4652228599639123	0.12218097123043314	-0.01369955473140682
TILD117MA1_150_16_15	TILD117MA1	TILD117	fold_5	epithelial_transitional	DISEASE_ADJUSTED	1.88668149812716	2.506076093361955	2.364144623476093	2.3892861808746857	2.3124101874828953	2.2952335041974523	2.29516406937788	2.2900941758279036	2.211033134356156	2.1675204163625708	2.215999799395077	1.9595071418257284	-0.5026046827475257	-0.014572014918462052
TILD117MA1_150_16_17	TILD117MA1	TILD117	fold_5	epithelial_transitional	DISEASE_ADJUSTED	2.19235650216466	2.484907323064724	2.62765533327314	2.5336776625984836	2.944762469678296	2.803871838131993	2.3359183320344723	2.290090279108846	2.659938787321507	2.514395876373527	2.6544884865906893	2.660439288046376	-0.34132116043382377	-0.011771299530985638
TILD117MA1_150_16_18	TILD117MA1	TILD117	fold_5	epithelial_transitional	DISEASE_ADJUSTED	2.87534269803848	2.474322937916109	2.3932877694954944	2.3796215430459897	2.9533399191555256	2.7721014043958774	2.2055641376146653	2.290088330749317	2.716264846057684	2.607892519355644	2.736395633528033	3.1450244622346	0.4957211549924905	-0.012007037759962043
TILD117MA1_150_16_19	TILD117MA1	TILD117	fold_5	epithelial_transitional	DISEASE_ADJUSTED	3.03432531410577	2.4637385527674938	2.5240109815069984	2.641898004366453	3.052506145330051	2.8762696857187255	2.3534055537080545	2.2900863823897883	2.3700635827012277	2.437197027580127	2.334618320899892	2.563822854665663	0.3924273097393174	-0.012093905665098067
TILD117MA1_150_16_20	TILD117MA1	TILD117	fold_5	epithelial_transitional	DISEASE_ADJUSTED	2.9581514866425	2.4531541676188784	2.4696839616965947	2.507987188522943	2.7106226986573647	2.628321779468895	2.3197785744887063	2.29008443403026	2.509161093185297	2.467679246675443	2.500635743354022	2.623739671010399	0.45016429811955705	-0.013201081812302845
TILD117MA1_150_16_21	TILD117MA1	TILD117	fold_5	epithelial_transitional	DISEASE_ADJUSTED	3.35244375653147	2.4425697824702635	2.6042008612575662	2.6079251616845416	2.883061058810945	2.712114129795506	2.2475213730006924	2.290082485670731	2.343214738113615	2.379937272799404	2.307694396213421	2.589488748038665	0.7445185948469284	-0.01374073512228471
TILD117MA1_150_16_22	TILD117MA1	TILD117	fold_5	epithelial_transitional	DISEASE_ADJUSTED	2.79313982515902	2.431985397321648	2.545399905824608	2.5696743218108606	2.9576575740398394	2.788186485777998	2.264091051935958	2.2900805373112023	2.788671895274288	2.611411377156761	2.775788992895808	3.0666765107312384	0.22346550334815918	-0.01339331845606811
TILD117MA1_150_16_7	TILD117MA1	TILD117	fold_5	epithelial_transitional	DISEASE_ADJUSTED	3.04710662132143	2.5907511745508764	2.6750639383273676	2.7084307787725006	2.586431840724159	2.5533892064237738	2.280217960569801	2.2901097627041334	2.5617035434944433	2.4444720741006734	2.542847327706417	2.7778458814732656	0.3386758425489296	-0.012994642610915456
TILD117MA1_150_16_9	TILD117MA1	TILD117	fold_5	epithelial_transitional	DISEASE_ADJUSTED	3.23666358153528	2.569582404253646	2.6507610262540915	2.7839831062327804	2.9913031074354084	2.8164212863567304	2.3005667594841883	2.2901058659850757	2.8202973176216815	2.603279744996158	2.800046951557089	2.793401724395118	0.45268047530249955	-0.01368664055973754
TILD117MA1_150_17_13	TILD117MA1	TILD117	fold_5	epithelial_transitional	DISEASE_ADJUSTED	2.82677712135604	2.5289767310409963	2.682967912636051	2.737178338509216	2.8955299807071535	2.7640931340447623	2.2597348709472636	2.2900995100160837	2.7816010909841564	2.6410924409324164	2.7640867599137047	3.1778681319099564	0.08959878284682432	-0.013038196783827356
TILD117MA1_150_17_14	TILD117MA1	TILD117	fold_5	epithelial_transitional	DISEASE_ADJUSTED	3.32664050538693	2.5183923458923814	2.69110227270168	2.7513126560288352	2.9704710708281796	2.844412696055366	2.3160122853837337	2.290097561656555	2.7964126829329925	2.584709969853099	2.7779377165031542	3.056424704745158	0.5753278493580947	-0.012919923737272833
TILD117MA1_150_17_15	TILD117MA1	TILD117	fold_5	epithelial_transitional	DISEASE_ADJUSTED	2.61032932451001	2.507807960743766	2.713288366342381	2.6102389200417564	2.72551905332131	2.594959360256857	2.293227759034386	2.290095613297026	2.5417442404970183	2.3640242084254224	2.539516000339387	2.255597031780474	9.040446825370196e-05	-0.014006898906891621
TILD117MA1_150_17_17	TILD117MA1	TILD117	fold_5	epithelial_transitional	DISEASE_ADJUSTED	2.6938631639088	2.4866391904465353	2.327059383223606	2.262096134231218	2.795407451299046	2.672458407410865	2.2936444488622656	2.2900917165779684	2.6991967543221533	2.498816161368111	2.7338914100003655	2.6776885315162833	0.4317670296775824	-0.012081141497429027
TILD117MA1_150_17_18	TILD117MA1	TILD117	fold_5	epithelial_transitional	DISEASE_ADJUSTED	2.62457465742409	2.4760548052979203	2.4665171274252855	2.5374763376321483	2.9858548646454426	2.802260492711235	2.188621619543346	2.29008976821844	2.7129453619135098	2.4620999619154924	2.72114089539381	3.000917803193967	0.08709831979194149	-0.01181485319138624
TILD117MA1_150_17_19	TILD117MA1	TILD117	fold_5	epithelial_transitional	DISEASE_ADJUSTED	2.81458790660298	2.465470420149305	2.7599111109305783	2.7445629964185074	2.866308766668411	2.7639438422115976	2.249259427872701	2.290087819858911	2.680581132201944	2.5011784454105146	2.6478811899068617	2.906383001442956	0.07002491018447277	-0.012190907822579216
TILD117MA1_150_17_7	TILD117MA1	TILD117	fold_5	epithelial_transitional	DISEASE_ADJUSTED	3.42677362315215	2.592483041932688	2.4928956567859566	2.7105782019929454	2.5509837559958	2.5121150569937045	2.2790009671809432	2.2901112001732558	2.441103542357302	2.4183371621148804	2.4340226636631908	2.609104025638662	0.7161954211592048	-0.013096830010105491
TILD117MA1_150_18_18	TILD117MA1	TILD117	fold_5	epithelial_transitional	DISEASE_ADJUSTED	3.18417813075979	2.477786672679732	2.6654174276530673	2.6022953368824826	2.7785515097162614	2.6406533544992703	2.1193552109206624	2.2900912056875624	2.5140636022434095	2.454111139594701	2.493301352700082	2.8728774556843373	0.5818827938773072	-0.012988971719602347
TILD117MA1_150_18_19	TILD117MA1	TILD117	fold_5	epithelial_transitional	DISEASE_ADJUSTED	2.83788461301843	2.4672022875311166	2.5411987738679116	2.769676275019496	2.5869965364804655	2.5254695054467526	2.216578845314788	2.2900892573280336	2.5689735200317556	2.420586909170254	2.5267952355409133	2.7410595407118197	0.068208337998934	-0.012982891759303354
TILD117MA1_150_19_14	TILD117MA1	TILD117	fold_5	epithelial_transitional	DISEASE_ADJUSTED	3.38095047847796	2.521856080656004	2.5308767635662073	2.6381468999911277	2.8354279486995653	2.675695623173708	2.1906908169244406	2.2901004365948	2.4569062899696763	2.412841306619908	2.4520780433248395	2.919424156074674	0.7428035784868321	-0.013146893980617316
TILD117MA1_150_1_13	TILD117MA1	TILD117	fold_5	epithelial_transitional	DISEASE_ADJUSTED	3.28524627607011	2.501266852932016	2.538440698672386	2.6146301303212054	2.6123243721453155	2.534958894843001	2.462019573867535	2.290076510510122	2.5267004816135477	2.4908071140142174	2.501214639259798	2.8714304985788237	0.6706161457489048	-0.013164996064936424
TILD117MA1_150_1_15	TILD117MA1	TILD117	fold_5	epithelial_transitional	DISEASE_ADJUSTED	2.5720855131585	2.4800980826347856	2.631818047600054	2.634937708656575	2.1006525990159504	2.231504339857664	2.4558684942157476	2.290072613791065	2.4945712085740293	2.2767769763659307	2.467113378168353	1.9355019171978458	-0.06285219549807497	-0.014590903479684936
TILD117MA1_150_1_16	TILD117MA1	TILD117	fold_5	epithelial_transitional	DISEASE_ADJUSTED	1.84580402500758	2.4695136974861702	2.405133876392575	2.4523497121231412	2.4865613368681974	2.486226753990967	2.5086674903700086	2.290070665431536	2.4858836776042263	2.424064501470101	2.4802988322877892	2.016932131186251	-0.6065456871155612	-0.013530208917249553
TILD117MA1_150_1_4	TILD117MA1	TILD117	fold_5	epithelial_transitional	DISEASE_ADJUSTED	2.65277269932564	2.596526319269553	2.517286045313138	2.6702804722253646	2.434360575092665	2.375693321625168	2.4050862109121254	2.2900940457458807	2.340952286945951	2.273738697573779	2.314299679593154	2.276915913033317	-0.017507772899724383	-0.014378276107530957
TILD117MA1_150_1_5	TILD117MA1	TILD117	fold_5	epithelial_transitional	DISEASE_ADJUSTED	2.13369028821001	2.5859419341209375	2.590699556399142	2.551555155632322	2.3938930162014103	2.4165423318578014	2.4146700988914347	2.2900920973863523	2.521127278527519	2.562164039966087	2.5214618161552225	2.417507943782267	-0.417864867422312	-0.013308333852458512
TILD117MA1_150_1_6	TILD117MA1	TILD117	fold_5	epithelial_transitional	DISEASE_ADJUSTED	2.27098249047332	2.5753575489723226	2.543042009121812	2.4878363502892347	2.4634784757147674	2.47771285435128	2.416334231170761	2.2900901490268235	2.380539628191448	2.490202011175255	2.372297910925726	2.249613740673412	-0.21685385981591487	-0.013415488172831582
TILD117MA1_150_2_12	TILD117MA1	TILD117	fold_5	epithelial_transitional	DISEASE_ADJUSTED	2.68949441717186	2.5135831054624425	2.522433841974572	2.514342072155484	2.485228268759347	2.478799541547168	2.456403031202462	2.2900798963387734	2.6486488230169223	2.4691750514543664	2.6494235059207014	2.2008725960078923	0.1751523450163761	-0.01313676183544591
TILD117MA1_150_2_13	TILD117MA1	TILD117	fold_5	epithelial_transitional	DISEASE_ADJUSTED	3.43208495386074	2.502998720313827	2.646158191439423	2.6440910123482686	2.7248692264479155	2.7000291988179903	2.3797301381961473	2.290077947979245	2.7578451024366686	2.5877465855776087	2.748944750765719	2.649532713727189	0.7879939415124713	-0.012533727764242364
TILD117MA1_150_2_15	TILD117MA1	TILD117	fold_5	epithelial_transitional	DISEASE_ADJUSTED	2.63920566098744	2.481829950016597	2.4403270573929046	2.4754768961594773	2.2012530247837785	2.287410277248884	2.403496674175956	2.2900740512601874	2.3020139242771993	2.3396620736358984	2.2913333184401714	1.8857002739990412	0.16372876482796261	-0.015210645356332307
TILD117MA1_150_2_4	TILD117MA1	TILD117	fold_5	epithelial_transitional	DISEASE_ADJUSTED	2.9302578491571	2.598258186651364	2.561390524120016	2.5584981770017454	2.6115344650411774	2.5289573738307958	2.3404377937919283	2.2900954832150036	2.437328144834938	2.4057350400732873	2.4201383027733856	2.7547043394800927	0.37175967215535444	-0.01416570201347707
TILD117MA1_150_2_5	TILD117MA1	TILD117	fold_5	epithelial_transitional	DISEASE_ADJUSTED	3.12298576106686	2.587673801502749	2.524067363033587	2.580008089138254	2.524343837342058	2.5009060435594037	2.372452242124132	2.2900935348554747	2.6440818045619285	2.562212105236372	2.6347813452505386	2.520097459299088	0.5429776719286061	-0.012845673587977037
TILD117MA1_150_2_6	TILD117MA1	TILD117	fold_5	epithelial_transitional	DISEASE_ADJUSTED	2.88538102179134	2.577089416354134	2.334945513215428	2.4263355040275596	3.019436445998595	2.9125501409810433	2.3820611187707907	2.290091586495946	2.972068358625446	2.59238649144919	2.994491540605887	3.046602077598805	0.45904551776378044	-0.011910610715136608
TILD117MA1_150_3_13	TILD117MA1	TILD117	fold_5	epithelial_transitional	DISEASE_ADJUSTED	2.50022304280747	2.5047305876956383	2.6788841440017697	2.7986210210355775	2.591380736549537	2.629038270161801	2.381405916902417	2.2900793854483674	2.5255279971459443	2.5654451579744633	2.4953046456837202	2.4266674600518687	-0.29839797822810743	-0.01200518235357441
TILD117MA1_150_3_14	TILD117MA1	TILD117	fold_5	epithelial_transitional	DISEASE_ADJUSTED	3.04170182646424	2.4941462025470233	2.6585832862189336	2.6709336031431645	2.366407198181297	2.4630528522367214	2.4156279784219774	2.2900774370888386	2.3868823730301405	2.4065967583686656	2.3647644281217257	2.4042029087338146	0.3707682233210754	-0.013244354499472213
TILD117MA1_150_3_16	TILD117MA1	TILD117	fold_5	epithelial_transitional	DISEASE_ADJUSTED	3.02713497207468	2.4729774322497926	2.4146427737342724	2.437395226562466	2.6844115219539013	2.6236306725534	2.494997641816415	2.2900735403697814	2.6980127914760508	2.6016760592477906	2.7157828426044275	2.6874952541919677	0.589739745512214	-0.013769085338901048
TILD117MA1_150_3_18	TILD117MA1	TILD117	fold_5	epithelial_transitional	DISEASE_ADJUSTED	3.40993324940164	2.4518086619525623	2.66014502464004	2.6351913604672434	2.617985934332348	2.62023819020527	2.391700508979124	2.2900696436507237	2.6316115063265126	2.5483119292623306	2.6107168391315154	2.585904415558892	0.7747418889343964	-0.012574253393234836
TILD117MA1_150_3_2	TILD117MA1	TILD117	fold_5	epithelial_transitional	DISEASE_ADJUSTED	2.51189521615304	2.621158824330406	2.608387516401825	2.523758364851077	2.3082713184583947	2.3330973720236696	2.350474412034644	2.2901008174031836	2.3033124221919192	2.457025559820724	2.3028399218162128	2.4807521422202705	-0.011863148698036952	-0.013632789433290994
TILD117MA1_150_3_4	TILD117MA1	TILD117	fold_5	epithelial_transitional	DISEASE_ADJUSTED	2.79353934116994	2.5999900540331753	2.354154098977424	2.3785415540327355	2.520918199766816	2.445457400621698	2.3570992928642984	2.290096920684126	2.541481709314928	2.48970611629198	2.54097186403182	2.3857453476736827	0.41499778713720437	-0.014710865245353814
TILD117MA1_150_4_10	TILD117MA1	TILD117	fold_5	epithelial_transitional	DISEASE_ADJUSTED	2.64958534891845	2.5382156105232956	2.5482880412404474	2.623412110268532	2.4038925015403745	2.3931032244230894	2.3976648420736244	2.2900866679960763	2.334615227967084	2.4379614417700015	2.329702823308096	2.218538856416027	0.02617323864991805	-0.014227020155756255
TILD117MA1_150_4_15	TILD117MA1	TILD117	fold_5	epithelial_transitional	DISEASE_ADJUSTED	2.69971051569001	2.485293684780219	2.4555653189883846	2.507074833359247	2.5259614667699837	2.478222948699587	2.353649165874797	2.2900769261984326	2.4550754836565285	2.3968707751280376	2.462894223385626	2.268906672916557	0.19263568233076267	-0.01416377329041898
TILD117MA1_150_4_16	TILD117MA1	TILD117	fold_5	epithelial_transitional	DISEASE_ADJUSTED	2.71177721345423	2.4747092996316042	2.471656230685588	2.437781902803626	2.9587468680653033	2.779977955099482	2.3804079151257094	2.290074977838904	2.619817855892436	2.553171949769399	2.6288423019480978	2.912480446213217	0.2739953106506041	-0.013338125458821746
TILD117MA1_150_4_17	TILD117MA1	TILD117	fold_5	epithelial_transitional	DISEASE_ADJUSTED	2.53462968004369	2.464124914482989	2.4882579897323547	2.5166507825255082	2.448753418531341	2.496213065440143	2.4196092875507036	2.290073029479375	2.389619722782032	2.401087962992344	2.3820708686533196	2.048162857108307	0.017978897518181824	-0.01289444809810283
TILD117MA1_150_4_18	TILD117MA1	TILD117	fold_5	epithelial_transitional	DISEASE_ADJUSTED	3.1830736196719	2.453540529334374	2.5451290854671598	2.555637110599177	2.9979221601880637	2.8241210112636	2.291336522083797	2.290071081119846	2.892263378500403	2.622600065369034	2.8785647964141767	2.821045611979658	0.627436509072723	-0.012512589787148396
TILD117MA1_150_4_19	TILD117MA1	TILD117	fold_5	epithelial_transitional	DISEASE_ADJUSTED	3.24013971666205	2.4429561441857586	2.4900413509979895	2.539908784693122	2.567651781190998	2.5772387539441386	2.4065452749739396	2.2900691327603178	2.7142553710146773	2.56293125425472	2.706650281272979	2.2502598814852353	0.7002309319689277	-0.012965282573769336
TILD117MA1_150_4_2	TILD117MA1	TILD117	fold_5	epithelial_transitional	DISEASE_ADJUSTED	2.79836504795107	2.6228906917122172	2.7472277351053025	2.6978178557910084	2.363830362419194	2.389178552708741	2.232166050236696	2.290102254872306	2.3925966831058245	2.3567652414207405	2.373865100808052	2.5090806207431786	0.1005471921600618	-0.013438447818384486
TILD117MA1_150_4_20	TILD117MA1	TILD117	fold_5	epithelial_transitional	DISEASE_ADJUSTED	3.11030039023354	2.432371759037143	2.5790799700680447	2.5275274430616568	2.429006726051176	2.4332165461264377	2.5167134522856096	2.290067184400789	2.5344016407611054	2.4214375299287374	2.5276165027569357	2.109513370528104	0.5827729471718834	-0.01371184893922929
TILD117MA1_150_4_3	TILD117MA1	TILD117	fold_5	epithelial_transitional	DISEASE_ADJUSTED	2.92143849857818	2.6123063065636023	2.4375635482784834	2.483889698343827	2.3335838858672733	2.35753734696872	2.1015483748903794	2.290100306512777	2.4104022288246476	2.2710433383055864	2.4274646985349038	2.3987335984991747	0.43754880023435305	-0.014293611378064543
TILD117MA1_150_4_4	TILD117MA1	TILD117	fold_5	epithelial_transitional	DISEASE_ADJUSTED	2.5207376681149	2.601721921414987	2.530082590460984	2.4829069693837926	2.4757820476301413	2.419819835741077	2.272793050022717	2.290098358153249	2.4484381701601747	2.438487373527974	2.44099226071332	2.4572237511675374	0.037830698731107226	-0.015117811583499886
TILD117MA1_150_4_8	TILD117MA1	TILD117	fold_5	epithelial_transitional	DISEASE_ADJUSTED	2.43413530586111	2.559384380820526	2.7422618628697357	2.7384639942620277	2.3863711244793846	2.3820163815236874	2.34100849771788	2.2900905647151335	2.5268545726069127	2.471149770739616	2.497451519145752	2.5593125414264613	-0.30432868840091754	-0.013450114096762113
TILD117MA1_150_4_9	TILD117MA1	TILD117	fold_5	epithelial_transitional	DISEASE_ADJUSTED	2.56248503236773	2.5487999956719105	2.5713613983034547	2.607510930609392	2.3258827535865523	2.3460157602078024	2.3010136759085382	2.290088616355605	2.3990386884200667	2.411051579959856	2.3889439452989176	2.231607266647616	-0.045025898241662254	-0.013926567051993487
TILD117MA1_150_5_1	TILD117MA1	TILD117	fold_5	epithelial_transitional	DISEASE_ADJUSTED	2.94589148762454	2.635206944242644	2.5185906768813813	2.5065000038057543	2.61226338005588	2.575040905706396	2.3142206791827027	2.2901056407009572	2.379566672541916	2.400900531907012	2.3885039807542032	2.600573683749145	0.43939148381878557	-0.01228266308372385
TILD117MA1_150_5_10	TILD117MA1	TILD117	fold_5	epithelial_transitional	DISEASE_ADJUSTED	2.73250946584609	2.5399474779051068	2.636169955918213	2.5798237672246334	2.596158827105585	2.5777696511087482	2.3003606819472098	2.2900881054651987	2.6214360695947643	2.3727672893111533	2.6280820242500997	2.2493063735072862	0.15268569862145664	-0.013157571265466145
TILD117MA1_150_5_11	TILD117MA1	TILD117	fold_5	epithelial_transitional	DISEASE_ADJUSTED	2.78609456346622	2.5293630927564914	2.6114049171448084	2.5724413045823042	2.4110927324109217	2.402038611677918	2.2349327968393484	2.29008615710567	2.5037509182848368	2.3728210314682916	2.4999595573528244	2.208853173354314	0.21365325888391595	-0.01300742748636021
TILD117MA1_150_5_12	TILD117MA1	TILD117	fold_5	epithelial_transitional	DISEASE_ADJUSTED	2.5326110228568	2.5187787076078765	2.526174786421073	2.6114842968997007	2.3334495791407774	2.384972203079038	2.2384992302178723	2.2900842087461415	2.3947100657701195	2.4560100861279843	2.386145993267331	2.2769245177477635	-0.07887327404290057	-0.013193367574629054
TILD117MA1_150_5_13	TILD117MA1	TILD117	fold_5	epithelial_transitional	DISEASE_ADJUSTED	2.42206353717703	2.508194322459261	2.442794792945474	2.537935195597984	2.368113441764022	2.394086710748588	2.306299075017717	2.2900822603866127	2.333314664873157	2.384196878136671	2.3382089409536104	2.431806999973588	-0.11587165842095404	-0.01344965677980715
TILD117MA1_150_5_14	TILD117MA1	TILD117	fold_5	epithelial_transitional	DISEASE_ADJUSTED	2.48895896895759	2.4976099373106457	2.5786270089062646	2.6254177942955006	2.3475440991634358	2.3709696277481718	2.0192269064118022	2.290080312027084	2.322724433987632	2.3831734795451602	2.3159759622504223	2.1218680416878617	-0.13645882533791065	-0.013810921756670154
TILD117MA1_150_5_15	TILD117MA1	TILD117	fold_5	epithelial_transitional	DISEASE_ADJUSTED	2.62083122577798	2.487025552162031	2.5263094887063398	2.489116113044869	2.0031942176871933	2.115972649267702	2.2414624086682475	2.290078363667555	2.104681620471375	2.311522168229498	2.0995752803242356	2.073114275250584	0.13171511273311065	-0.01460517807578656
TILD117MA1_150_5_17	TILD117MA1	TILD117	fold_5	epithelial_transitional	DISEASE_ADJUSTED	2.38131181191347	2.4658567818648	2.6832379424620942	2.6074577984155507	2.5216891133864667	2.5168904475997884	2.439621098625157	2.290074466948498	2.635380674266474	2.477713812140416	2.624950601738218	2.402177465681519	-0.22614598650208073	-0.012487389426749672
TILD117MA1_150_5_18	TILD117MA1	TILD117	fold_5	epithelial_transitional	DISEASE_ADJUSTED	3.52764198050448	2.455272396716185	2.5067339879543997	2.4859058561300804	2.875304449162559	2.756081076939249	2.351624457581561	2.290072518588969	2.8051078622838914	2.578684691155395	2.814859294676232	2.9515410308973857	1.0417361243743994	-0.01231045780025161
TILD117MA1_150_5_19	TILD117MA1	TILD117	fold_5	epithelial_transitional	DISEASE_ADJUSTED	2.61552938039501	2.4446880115675698	2.384572465688874	2.4115566916531206	2.440096970589728	2.456876407653986	2.2796145645360095	2.29007057022944	2.504946669431826	2.375816112765233	2.5150665779764263	2.0325010830290022	0.20397268874188956	-0.013376091166798621
TILD117MA1_150_5_2	TILD117MA1	TILD117	fold_5	epithelial_transitional	DISEASE_ADJUSTED	3.02104743544563	2.6246225590940284	2.811044439004519	2.7344126457999285	2.6077554653235464	2.5869582938457745	2.324706466666973	2.290103692341429	2.5471938672097822	2.510847036670162	2.540410032706937	2.804535703744463	0.28663478964570155	-0.012854155067596375
TILD117MA1_150_5_20	TILD117MA1	TILD117	fold_5	epithelial_transitional	DISEASE_ADJUSTED	3.28737229413937	2.4341036264189544	2.609584655911175	2.5845637953639646	2.997776251478638	2.801003619225277	2.286194161255944	2.2900686218699113	2.685568006076134	2.5829547072439407	2.677580409956138	2.8934972871774765	0.7028084987754055	-0.01287625777989921
TILD117MA1_150_5_21	TILD117MA1	TILD117	fold_5	epithelial_transitional	DISEASE_ADJUSTED	2.95763171433169	2.4235192412703395	2.6521675667731994	2.6853635261089366	2.468938114993467	2.4832790138323455	2.344046440769326	2.2900666735103825	2.5983450822094993	2.4124745057211463	2.5788636049835474	2.5618409865651004	0.27226818822275334	-0.01370846683976895
TILD117MA1_150_5_3	TILD117MA1	TILD117	fold_5	epithelial_transitional	DISEASE_ADJUSTED	2.68003783401442	2.6140381739454135	2.4668436276549723	2.5070326517041917	2.3644631354508503	2.3538029291712648	2.26407639947532	2.2901017439819	2.3967175176981708	2.375482729137068	2.3924374783408004	2.3337856831697517	0.17300518231022854	-0.01458491857176402
TILD117MA1_150_5_4	TILD117MA1	TILD117	fold_5	epithelial_transitional	DISEASE_ADJUSTED	2.66407616341983	2.603453788796798	2.4486246761479653	2.483484619500727	2.3042263816740687	2.307655881892019	2.3280688647039813	2.290099795622371	2.501816944082184	2.349190915936973	2.4974249989594743	2.517814841040322	0.18059154391910281	-0.015050364277297263
TILD117MA1_150_5_5	TILD117MA1	TILD117	fold_5	epithelial_transitional	DISEASE_ADJUSTED	2.58899319721741	2.5928694036481827	2.3892895641762477	2.357931039763891	2.5414019409971997	2.508053132758995	2.2876136635835738	2.2900978472628424	2.593339343833128	2.51191200378416	2.608261323497264	2.584127991975288	0.23106215745351877	-0.013079562185984396
TILD117MA1_150_5_8	TILD117MA1	TILD117	fold_5	epithelial_transitional	DISEASE_ADJUSTED	2.80454267483909	2.561116248202337	2.6282648915417335	2.6307185398612845	2.428901681464842	2.4118449639221566	2.2869784353528795	2.2900920021842563	2.323530783038196	2.425390858964156	2.3064672408681464	2.3239223380769656	0.17382413497780558	-0.013497383628956127
TILD117MA1_150_5_9	TILD117MA1	TILD117	fold_5	epithelial_transitional	DISEASE_ADJUSTED	3.00911364873396	2.5505318630537217	2.517032493915937	2.63710888017471	2.340812669951263	2.3119225809919923	2.313593431103434	2.2900900538247275	2.286394151156089	2.320407408350199	2.2863878816410876	2.3805507360629163	0.37200476855925	-0.014088077326377216
TILD117MA1_150_6_1	TILD117MA1	TILD117	fold_5	epithelial_transitional	DISEASE_ADJUSTED	2.98166522289933	2.636938811624455	2.3981876831648186	2.3808571422426374	2.5690206365652797	2.4542350753863817	2.2070507087543008	2.29010707817008	2.4570797692522137	2.433537281763848	2.4596497763736305	2.6150659093619186	0.6008080806566927	-0.013582993669370366
TILD117MA1_150_6_10	TILD117MA1	TILD117	fold_5	epithelial_transitional	DISEASE_ADJUSTED	3.44482372070581	2.541679345286918	2.5179671405011224	2.7214295666945056	2.2891442612382353	2.3072268538740763	2.4414651310246898	2.2900895429343215	2.50404096638703	2.411842231298638	2.521586960562332	2.417149427247189	0.7233941540113045	-0.014357259285221384
TILD117MA1_150_6_11	TILD117MA1	TILD117	fold_5	epithelial_transitional	DISEASE_ADJUSTED	3.18120088685626	2.531094960138303	2.5008155517441635	2.5322398600203115	2.2436354082042635	2.240860104154861	2.3845486079595344	2.2900875945747927	2.2844265401516464	2.4210270505186373	2.3122533718430867	2.066118301906976	0.6489610268359485	-0.013525818490019962
TILD117MA1_150_6_12	TILD117MA1	TILD117	fold_5	epithelial_transitional	DISEASE_ADJUSTED	3.06564334186623	2.5205105749896877	2.5190543505745104	2.5153138976906426	2.3080949950976355	2.3586820575739273	2.270030690938797	2.290085646215264	2.4100968482300384	2.4079698185201193	2.423487776141482	2.3324288133697717	0.5503294441755875	-0.012991207305085952
TILD117MA1_150_6_13	TILD117MA1	TILD117	fold_5	epithelial_transitional	DISEASE_ADJUSTED	2.67164531690193	2.5099261898410723	2.5591227398662673	2.553012466441338	2.2756465968410584	2.291368820959763	2.199208773510897	2.290083697855735	2.4239041594787314	2.398637440845604	2.4240386645902894	2.205249630445953	0.11863285046059202	-0.013851546908604994
TILD117MA1_150_6_14	TILD117MA1	TILD117	fold_5	epithelial_transitional	DISEASE_ADJUSTED	2.96302224336625	2.4993418046924574	2.670562959987369	2.6395155959430467	2.223749224738971	2.298491391510035	2.262663785784442	2.2900817494962062	2.2573770793317394	2.287530070272532	2.237836993125645	1.9809511844206198	0.3235066474232031	-0.013695469659130478
TILD117MA1_150_6_15	TILD117MA1	TILD117	fold_5	epithelial_transitional	DISEASE_ADJUSTED	2.7184929979598	2.488757419543842	2.547909597280143	2.562454816021284	2.589759507388221	2.5242238637356342	2.3131718631674034	2.290079801136678	2.389942714036837	2.365052269498063	2.3873845398770666	2.4834576603224696	0.15603818193851593	-0.013491724665333198
TILD117MA1_150_6_18	TILD117MA1	TILD117	fold_5	epithelial_transitional	DISEASE_ADJUSTED	2.12339931964225	2.4570042640979963	2.3158095849782443	2.321914100272003	2.347981374573362	2.461082744796762	2.3447609449698623	2.2900739560580914	2.428591772449953	2.4836303648828144	2.4532101464103158	2.1044627047311275	-0.19851478062975314	-0.012914103914887398
TILD117MA1_150_6_19	TILD117MA1	TILD117	fold_5	epithelial_transitional	DISEASE_ADJUSTED	2.45508031417982	2.446419878949381	2.392884360583839	2.334559550470161	2.3273122554843715	2.4334142727479167	2.314145360332498	2.2900720076985626	2.5594139649538428	2.3977096976850114	2.576348012160782	2.001803274819854	0.12052076370965903	-0.013180058773902966
TILD117MA1_150_6_2	TILD117MA1	TILD117	fold_5	epithelial_transitional	DISEASE_ADJUSTED	3.30364070503608	2.6263544264758396	2.5352070312904056	2.6384322261441526	2.701137020996335	2.623398840169045	2.3474499168492686	2.2901051298105513	2.665775632548819	2.5954287275495305	2.6556048338307896	2.7391992232221014	0.6652084788919272	-0.013457437988616377
TILD117MA1_150_6_20	TILD117MA1	TILD117	fold_5	epithelial_transitional	DISEASE_ADJUSTED	2.88352191950249	2.4358354938007656	2.2733119947368223	2.305585707799745	2.6088320882314133	2.507179380919409	2.2951328795644863	2.290070059339034	2.4136156728099616	2.411719752547436	2.4308817308570627	2.437103203219259	0.5779362117027453	-0.013450927275165118
TILD117MA1_150_6_21	TILD117MA1	TILD117	fold_5	epithelial_transitional	DISEASE_ADJUSTED	2.67789268156412	2.4252511086521507	2.5465089685705484	2.5328057865465006	2.3594364700271573	2.3873240452097857	2.3170264666535383	2.2900681109795054	2.3648571518235304	2.3415299546717447	2.3619701684531575	2.0443598035554245	0.14508689501761962	-0.013960816141874539
TILD117MA1_150_6_3	TILD117MA1	TILD117	fold_5	epithelial_transitional	DISEASE_ADJUSTED	2.87536056470375	2.6157700413272247	2.631417947566178	2.669954702230805	2.278674388966368	2.311285035729418	2.377854307180472	2.2901031814510224	2.4091575895232813	2.322000337455859	2.396906446701448	2.216267663912221	0.2054058624729449	-0.014740960000014834
TILD117MA1_150_6_4	TILD117MA1	TILD117	fold_5	epithelial_transitional	DISEASE_ADJUSTED	2.83405431594634	2.6051856561786093	2.5784029642135518	2.614488852304239	2.5245855533484085	2.4416809452314943	2.302605107661379	2.2901012330914936	2.5451297079064368	2.5367785292645575	2.5315694431641447	2.779393646106333	0.21956546364210094	-0.014997111401567866
TILD117MA1_150_6_5	TILD117MA1	TILD117	fold_5	epithelial_transitional	DISEASE_ADJUSTED	2.84744580374816	2.594601271029994	2.415998474136521	2.506546559104544	2.6977041528950325	2.638784403890763	2.3662793547608123	2.2900992847319652	2.7276848823155313	2.6376105685027222	2.7349545027171573	2.5966550103681323	0.3408992446436159	-0.01288386308020248
TILD117MA1_150_6_6	TILD117MA1	TILD117	fold_5	epithelial_transitional	DISEASE_ADJUSTED	2.53338582204438	2.584016885881379	2.587288096192137	2.575380555404108	2.5570084390448997	2.5457400902254155	2.318150842447997	2.2900973363724364	2.5131205682545943	2.524818912693923	2.508491375626699	2.5897208478965634	-0.04199473335972792	-0.01321061842366249
TILD117MA1_150_7_1	TILD117MA1	TILD117	fold_5	epithelial_transitional	DISEASE_ADJUSTED	2.87387813616914	2.6386706790062666	2.4859320211322355	2.4070412959938956	2.695902014600116	2.654851828013143	2.1947702151049815	2.2901085156392025	2.750283920486025	2.651796495627371	2.7585800210960234	2.924853819383372	0.4668368401752443	-0.012736733635462115
TILD117MA1_150_7_13	TILD117MA1	TILD117	fold_5	epithelial_transitional	DISEASE_ADJUSTED	2.59837036752527	2.5116580572228835	2.49728780282015	2.52843640703925	2.556191401558643	2.5231180608896735	2.3492722805317032	2.290085135324858	2.3884826514402944	2.535245815493612	2.392046054638524	2.2193215883529662	0.06993396048601985	-0.013203803624091645
TILD117MA1_150_7_14	TILD117MA1	TILD117	fold_5	epithelial_transitional	DISEASE_ADJUSTED	2.78278369047294	2.5010736720742686	2.5561144910801317	2.532624011146484	2.506294400425111	2.466976465682114	2.322316394458024	2.290083186965329	2.283988170586557	2.4496483213335187	2.277365313699985	2.345043607691985	0.250159679326456	-0.013532424651777083
TILD117MA1_150_7_15	TILD117MA1	TILD117	fold_5	epithelial_transitional	DISEASE_ADJUSTED	2.70701076368607	2.490489286925653	2.3779745484892696	2.381755322480899	2.358466407109611	2.3417204824502456	2.3738696638635726	2.2900812386058003	2.2467511364765707	2.3349402603693363	2.2521881414604232	2.368714684965399	0.3252554412051709	-0.014483490134066489
TILD117MA1_150_7_18	TILD117MA1	TILD117	fold_5	epithelial_transitional	DISEASE_ADJUSTED	2.12439686978236	2.4587361314798075	2.3835511868072605	2.2770075608874336	2.517916109434874	2.6335299802534093	2.3443441564516654	2.2900753935272142	2.421476710910283	2.3726691963237725	2.4439360516392687	1.960832906270507	-0.15261069110507375	-0.011878139707296705
TILD117MA1_150_7_19	TILD117MA1	TILD117	fold_5	epithelial_transitional	DISEASE_ADJUSTED	2.73338952958875	2.448151746331192	2.41508233482552	2.3551890223159577	2.332777905722789	2.4279723734645766	2.3364002783412583	2.2900734451676854	2.361745573489583	2.2457253674418305	2.3809269152292933	1.5580039677259543	0.3782005072727923	-0.01330629270104419
TILD117MA1_150_7_2	TILD117MA1	TILD117	fold_5	epithelial_transitional	DISEASE_ADJUSTED	2.78049681275822	2.6280862938576512	2.755534084680928	2.754331196105112	2.45769150225436	2.480555403799317	2.397682104905282	2.2901065672796737	2.3879749771885814	2.44689143722883	2.3623361595227617	2.1973359782420934	0.026165616653108348	-0.01383735653061445
TILD117MA1_150_7_3	TILD117MA1	TILD117	fold_5	epithelial_transitional	DISEASE_ADJUSTED	2.63503969896714	2.617501908709036	2.7254536321354266	2.8530440068014995	2.492555859723312	2.5574843511846708	2.4185406247941548	2.2901046189201453	2.5863889551596375	2.5364632629191344	2.5619559858266086	2.3360343847954255	-0.21800430783435942	-0.013887614526911734
TILD117MA1_150_7_5	TILD117MA1	TILD117	fold_5	epithelial_transitional	DISEASE_ADJUSTED	2.64063969183332	2.596333138411805	2.6267895411224753	2.751601801529012	2.8464943762821537	2.793640668559648	2.256356781751312	2.2901007222010876	2.627186062473575	2.608755848686406	2.603315475331794	2.8193495322276982	-0.11096210969569187	-0.012112590775078832
TILD117MA1_150_7_6	TILD117MA1	TILD117	fold_5	epithelial_transitional	DISEASE_ADJUSTED	2.81041700142513	2.58574875326319	2.6820309360823904	2.66292382321967	2.448473626594398	2.4978599595414437	2.3385404483328696	2.290098773841559	2.5550709595550893	2.5307622040092372	2.539341885582614	2.53739649138826	0.14749317820546004	-0.013273702046882246
TILD117MA1_150_7_8	TILD117MA1	TILD117	fold_5	epithelial_transitional	DISEASE_ADJUSTED	3.01378508807407	2.56457998296596	2.43631106116376	2.5157270316537748	2.6875004113889487	2.6267512218942763	2.4022120535621276	2.2900948771225016	2.648093503517524	2.5617114504672074	2.6690869136903297	2.5158770869499554	0.49805805642029544	-0.013870688478813164
TILD117MA1_150_8_1	TILD117MA1	TILD117	fold_5	epithelial_transitional	DISEASE_ADJUSTED	2.36551286766549	2.640402546388078	2.4988821419030547	2.486858578094386	2.1217664942352745	2.2379611008607205	2.4171557574846094	2.2901099531083253	2.277658775078695	2.270265864770075	2.2739254309761723	1.9793325040991212	-0.12134571042889597	-0.013800173357542562
TILD117MA1_150_8_13	TILD117MA1	TILD117	fold_5	epithelial_transitional	DISEASE_ADJUSTED	3.18699239008731	2.5133899246046947	2.4806823894871193	2.4744215198531303	2.249941941609103	2.3339883820019116	2.39482077718669	2.2900865727939803	2.324805036109513	2.4074537450685574	2.3460545919699594	2.097152020583301	0.7125708702341798	-0.013370515725999866
TILD117MA1_150_8_14	TILD117MA1	TILD117	fold_5	epithelial_transitional	DISEASE_ADJUSTED	3.00403236357578	2.5028055394560798	2.381474955155368	2.3989388212033176	2.1925098021502762	2.302021245055129	2.3555511188413414	2.2900846244344515	2.141384764131795	2.3722424897674967	2.1518057973350957	2.0574826575830114	0.6050935423724626	-0.013932482976587116
TILD117MA1_150_8_15	TILD117MA1	TILD117	fold_5	epithelial_transitional	DISEASE_ADJUSTED	1.94815887895397	2.4922211543074644	2.493295418259295	2.4046905913530803	2.166758055452713	2.274554616889086	2.3452704857189466	2.2900826760749227	2.25728638194734	2.3129377217048948	2.2646544252177963	1.965626758619715	-0.45653171239911017	-0.0143677744082959
TILD117MA1_150_8_16	TILD117MA1	TILD117	fold_5	epithelial_transitional	DISEASE_ADJUSTED	3.01126681222915	2.481636769158849	2.4733909119448088	2.443476838155268	2.5437342357425465	2.5141414134127933	2.3757573909446994	2.2900807277153943	2.580702293860327	2.3985108618678623	2.5818061531298335	2.2049123341961963	0.5677899740738823	-0.014065536341184596
TILD117MA1_150_8_19	TILD117MA1	TILD117	fold_5	epithelial_transitional	DISEASE_ADJUSTED	2.95061022498459	2.449883613713004	2.3756946728064547	2.2858523738539445	2.3767755754027933	2.443527360104166	2.402247314638639	2.290074882636808	2.456464436257406	2.317926236266841	2.4786854506483764	2.0824362030634314	0.6647578511306453	-0.013408195820268627
TILD117MA1_150_8_2	TILD117MA1	TILD117	fold_5	epithelial_transitional	DISEASE_ADJUSTED	2.99971341343967	2.6298181612394624	2.632443779613319	2.744569554963907	2.644470949177685	2.5714566313897596	2.435095154675815	2.2901080047487965	2.4670177418877985	2.4598743926437088	2.451851537717469	2.4323233882565227	0.2551438584757628	-0.013754980862444274
TILD117MA1_150_8_20	TILD117MA1	TILD117	fold_5	epithelial_transitional	DISEASE_ADJUSTED	3.0627490391968	2.4392992285643884	2.3511712002155996	2.362005951799694	2.56589058790044	2.5515577063574137	2.3899158676839907	2.290072934277279	2.453470032999403	2.4331257335783185	2.480681942719304	2.105597763055352	0.7007430873971061	-0.013401502366010034
TILD117MA1_150_8_21	TILD117MA1	TILD117	fold_5	epithelial_transitional	DISEASE_ADJUSTED	2.95136484179368	2.428714843415773	2.539917443118476	2.5305474646437816	2.4307954272658803	2.434392518586341	2.2408291172815957	2.2900709859177506	2.377451536353426	2.266194030354234	2.3708434560471465	2.4301710344992262	0.4208173771498984	-0.014074965947844808
TILD117MA1_150_8_22	TILD117MA1	TILD117	fold_5	epithelial_transitional	DISEASE_ADJUSTED	2.65218524177986	2.418130458267158	2.5773394290084033	2.6647504680521865	2.5002903779342525	2.44239409186809	2.337335821335106	2.2900690375582218	2.4923679231045006	2.402238417608447	2.4510514098069303	2.609887100524457	-0.01256522627232659	-0.014360186405207531
TILD117MA1_150_8_3	TILD117MA1	TILD117	fold_5	epithelial_transitional	DISEASE_ADJUSTED	3.0649555387072	2.619233776090847	2.828079828166021	2.878729041546758	2.7240434582526936	2.670708788074591	2.4584805314612126	2.2901060563892677	2.7048074925074927	2.3884957551291155	2.687262056906161	2.324448269636303	0.18622649716044215	-0.01379915705425254
TILD117MA1_150_8_6	TILD117MA1	TILD117	fold_5	epithelial_transitional	DISEASE_ADJUSTED	2.24612283511456	2.5874806206450014	2.6603400726854174	2.774047413176857	2.509714739377723	2.559209877539545	2.295036681829898	2.2901002113106816	2.649085810569675	2.451333685315263	2.637817154295762	2.211342272561258	-0.5279245780622972	-0.012861065719484503
TILD117MA1_150_9_1	TILD117MA1	TILD117	fold_5	epithelial_transitional	DISEASE_ADJUSTED	2.76913150939472	2.642134413769889	2.5555530182837427	2.6329313195110884	2.8678231415272575	2.8028231055653126	2.401705270587782	2.2901113905774477	2.5354502140518007	2.5533085815601906	2.544966819819832	2.80764436605032	0.13620018988363158	-0.012128154461807275
TILD117MA1_150_9_12	TILD117MA1	TILD117	fold_5	epithelial_transitional	DISEASE_ADJUSTED	2.6688297442384	2.5257061771351212	2.5802569835715814	2.698502513420449	2.648611439861276	2.6374809428150243	2.4384034314120955	2.2900899586226315	2.4012874816187324	2.4450679498987533	2.3933191002252414	2.3614415282724446	-0.029672769182048864	-0.012283401018000288
TILD117MA1_150_9_13	TILD117MA1	TILD117	fold_5	epithelial_transitional	DISEASE_ADJUSTED	2.39889744728578	2.5151217919865063	2.614566281486252	2.6155771072853833	2.292361676253572	2.319088929380482	2.378814156978395	2.2900880102631027	2.381750756691756	2.3836920425323793	2.374412062707078	2.1021220296094802	-0.21667965999960348	-0.013490107711999006
TILD117MA1_150_9_14	TILD117MA1	TILD117	fold_5	epithelial_transitional	DISEASE_ADJUSTED	2.2052261323461	2.504537406837891	2.5525039994529846	2.530847926297925	2.139100799911601	2.228147523654975	2.2948360708088607	2.2900860619035743	2.011706403225821	2.272480540044275	2.0062456556769392	1.9189048610737645	-0.3256217939518251	-0.01411341097276623
TILD117MA1_150_9_15	TILD117MA1	TILD117	fold_5	epithelial_transitional	DISEASE_ADJUSTED	2.065839548404	2.4939530216892756	2.3372004426741366	2.2767373566349236	2.5118405388417746	2.4937587606693747	2.3285882492815455	2.2900841135440455	2.4765232292144654	2.4491559889620054	2.50677101548931	2.34104895161156	-0.21089780823092363	-0.013997248763320152
TILD117MA1_150_9_16	TILD117MA1	TILD117	fold_5	epithelial_transitional	DISEASE_ADJUSTED	1.92413679775431	2.4833686365406606	2.4103155430939522	2.389947581418748	2.4560776329183343	2.5001685159715676	2.1718595776004417	2.2900821651845167	2.496172680094808	2.3665461451426424	2.5058942795884525	2.1868898856597574	-0.46581078366443807	-0.013620328829496924
TILD117MA1_150_9_17	TILD117MA1	TILD117	fold_5	epithelial_transitional	DISEASE_ADJUSTED	2.1849811171246	2.4727842513920453	2.5345153413498456	2.5081870273289257	2.4462862765007474	2.4867471374689516	2.391162973273348	2.290080216824988	2.449461491119451	2.4231388072271645	2.446173921651931	1.9283523221206522	-0.3232059102043259	-0.012905406579299328
TILD117MA1_150_9_18	TILD117MA1	TILD117	fold_5	epithelial_transitional	DISEASE_ADJUSTED	1.90564703220982	2.4621998662434303	2.4082986145475083	2.403119044487031	2.230030367390552	2.388589468385674	2.3127827398414493	2.290078268465459	2.163101748435803	2.25098901462441	2.1611911083133553	1.8474569202587185	-0.49747201227721116	-0.013041029182397747
TILD117MA1_150_9_19	TILD117MA1	TILD117	fold_5	epithelial_transitional	DISEASE_ADJUSTED	2.5048925847118	2.451615481094815	2.400761229409968	2.4138282987160378	2.3778783256896583	2.434612893304923	2.346094160588808	2.2900763201059307	2.4949570868794657	2.4559044655716793	2.5039507449778933	2.2813920526803746	0.09106428599576244	-0.013809134425822985
TILD117MA1_150_9_20	TILD117MA1	TILD117	fold_5	epithelial_transitional	DISEASE_ADJUSTED	3.05198511531441	2.4410310959461996	2.4382993242381303	2.4440177107509986	2.7782967539754844	2.6897673722749698	2.338420965339017	2.290074371746402	2.7747237173423085	2.4760025341090635	2.7870494302921203	2.6389347398751504	0.6079674045634116	-0.01333746714137377
TILD117MA1_150_9_22	TILD117MA1	TILD117	fold_5	epithelial_transitional	DISEASE_ADJUSTED	3.01652982756847	2.4198623256489693	2.4847727763620937	2.551905874149912	3.1119603039348886	2.9168896186647784	2.388892889280654	2.290070475027344	3.0157121786186134	2.7304093848628366	3.020052530821031	3.453722207602781	0.4646239534185579	-0.012797854474981392
TILD117MA1_150_9_23	TILD117MA1	TILD117	fold_5	epithelial_transitional	DISEASE_ADJUSTED	2.4572382416261	2.409277940500354	2.5480207049873522	2.589807120918988	2.607177038814805	2.579647632558431	2.3039977675079215	2.2900685266678154	2.5738903984407178	2.5165746192145946	2.55518535510421	2.6071678230302493	-0.1325688792928883	-0.01246490441556912
TILD117MA1_150_9_4	TILD117MA1	TILD117	fold_5	epithelial_transitional	DISEASE_ADJUSTED	2.9500281392196	2.6103812583240433	2.7247870798198788	2.833304816621945	2.871518045014836	2.7365628544888803	2.5305509687804837	2.2901055454988617	2.7957784311277276	2.6587138986051824	2.7836216806576575	2.937897284838005	0.11672332259765472	-0.01359823580197225
TILD117MA1_150_9_6	TILD117MA1	TILD117	fold_5	epithelial_transitional	DISEASE_ADJUSTED	2.36951972768904	2.589212488026813	2.513207290359502	2.6403713059448735	2.626015023121908	2.611584532135672	2.42187681045056	2.290101648779804	2.40271577511709	2.511985182997483	2.4043320993959973	2.4493320111102914	-0.2708515782558334	-0.012928008979150023
TILD117MA1_150_9_7	TILD117MA1	TILD117	fold_5	epithelial_transitional	DISEASE_ADJUSTED	2.54729348061013	2.5786281028781977	2.715237839974438	2.722769659024903	2.688044192557628	2.6746462681426184	2.3937764542202196	2.290099700420275	2.651938129551845	2.5573926877935564	2.644657031194485	2.425792346387779	-0.17547617841477292	-0.012850349377770782
VUHD113_150_15_10	VUHD113	VUHD113	fold_5	epithelial_transitional	DISEASE_ADJUSTED	1.52781919052081	1.8928977883298894	1.9534448633614068	1.9519283202323487	1.980820808539928	1.9266271542488886	2.2361742132800506	2.2900999928394876	1.946621171580892	2.148544664526652	1.9425005419919974	2.2897028640827632	-0.4241091297115387	-0.015344389307733393
VUHD113_150_17_16	VUHD113	VUHD113	fold_5	epithelial_transitional	DISEASE_ADJUSTED	1.12264192848986	1.8335474585079605	1.8018578401188974	1.8812981522786143	1.656665099901016	1.7054900506101252	2.168606493481987	2.290091388946945	1.7760435253553024	1.918846506574976	1.7742658308206432	2.009065040914859	-0.7586562237887542	-0.015710349379468767
VUHD113_150_3_19	VUHD113	VUHD113	fold_5	epithelial_transitional	DISEASE_ADJUSTED	1.66653396289735	1.7727484324189424	1.966311523352164	1.8226771781703763	1.9406829129712915	1.9178335644752234	2.1731020148557345	2.2900639461935235	2.1879303018450615	2.1120378936668485	2.2112810703853434	1.9358892887973682	-0.15614321527302644	-0.014104045239943538
VUHD113_150_5_20	VUHD113	VUHD113	fold_5	epithelial_transitional	DISEASE_ADJUSTED	2.05597068304508	1.766314917579516	1.89030649071692	1.895802710897323	1.956965415221012	1.922599796834429	2.2152846728267543	2.290065083412227	2.0944033931213886	2.1440540930719845	2.0901170965084024	2.1588054979576	0.1601679721477569	-0.014705876684988035
VUHD113_150_5_21	VUHD113	VUHD113	fold_5	epithelial_transitional	DISEASE_ADJUSTED	1.86112604021607	1.7557315545830154	1.7137464696366738	1.8995909790812353	1.9402994541291538	1.9205920589046679	2.2354676931242574	2.290063135189978	2.1178423996330364	2.2215085222228192	2.1184482791943453	2.184991453759617	-0.03846493886516522	-0.014952791307845215
VUHD113_150_7_8	VUHD113	VUHD113	fold_5	epithelial_transitional	DISEASE_ADJUSTED	2.13489385779026	1.897465121694595	1.7682028334300566	1.8204236493454442	2.206062345218988	2.16465980279308	2.2033825460736303	2.2900915475201726	2.2619734747389812	2.2745807616316815	2.288957259673139	2.337115742142882	0.3144702084448159	-0.013746005866684329
VUILD96LA_150_10_13	VUILD96LA	VUILD96	fold_5	epithelial_transitional	DISEASE_ADJUSTED	3.08554739344162	2.540478966429944	2.4484589683573565	2.394867132485122	2.335437765932936	2.257410396420648	2.394305747571705	2.2900949285948338	2.2761053875567074	2.183990232593093	2.267616467371321	2.4464179271823028	0.6906802609564981	-0.013278386909031192
VUILD96LA_150_10_22	VUILD96LA	VUILD96	fold_5	epithelial_transitional	DISEASE_ADJUSTED	2.94922667885244	2.4609661674893286	2.528485026285507	2.6830954796657656	2.221327649324346	2.351759365774525	2.481866164459036	2.2900795082040974	2.29099739593239	2.3317669926885816	2.2588802694581793	2.0216815059600117	0.2661311991866744	-0.013273008099411648
VUILD96LA_150_10_23	VUILD96LA	VUILD96	fold_5	epithelial_transitional	DISEASE_ADJUSTED	3.64841247015175	2.4521314120514828	2.724587571850213	2.6570041085597054	2.8026297639338438	2.7748911953375712	2.3992055416137394	2.290077794827349	2.705115780211959	2.470584910814443	2.6796365577723518	2.5593178548032816	0.9914083615920446	-0.011720200735486665
VUILD96LA_150_10_25	VUILD96LA	VUILD96	fold_5	epithelial_transitional	DISEASE_ADJUSTED	3.4445664007196	2.4344619011757906	2.4733153933865464	2.543704070227874	2.779537534305718	2.7293769457975707	2.4048381765201716	2.290074368073852	2.661692438332607	2.530570110178923	2.6542331291909798	2.5271699218842008	0.900862330491726	-0.011146339658367756
VUILD96LA_150_10_26	VUILD96LA	VUILD96	fold_5	epithelial_transitional	DISEASE_ADJUSTED	3.23997991268423	2.425627145737945	2.6003184937785018	2.60931486016823	2.7422586667731688	2.6769671620622346	2.373293309565926	2.2900726546971035	2.851522629501848	2.5314730833252344	2.851855668715579	2.629159668841159	0.630665052516	-0.011815829426754642
VUILD96LA_150_10_28	VUILD96LA	VUILD96	fold_5	epithelial_transitional	DISEASE_ADJUSTED	3.63339262489166	2.4079576348622522	2.6340919175186652	2.61137853634444	2.4625833801887085	2.4619045261552164	2.375814358516529	2.2900692279436066	2.6438940781597333	2.3448907631238973	2.626804214501462	2.2230645089964036	1.0220140885472198	-0.012960476699679474
VUILD96LA_150_10_29	VUILD96LA	VUILD96	fold_5	epithelial_transitional	DISEASE_ADJUSTED	4.29136270159522	2.399122879424406	2.3945754912618447	2.583116299203595	2.897344138093531	2.766349542478864	2.4268843809735454	2.290067514566858	2.8881703254438684	2.760028802288921	2.887348487687412	3.0097784174399935	1.7082464023916244	-0.012387819502178517
VUILD96LA_150_10_8	VUILD96LA	VUILD96	fold_5	epithelial_transitional	DISEASE_ADJUSTED	3.36512606613995	2.5846527436191744	2.34426398387076	2.359421250422912	2.437823627172051	2.3430897725779394	2.385502730967483	2.290103495478576	2.374358992911155	2.2247059186533376	2.3689672111040303	2.734523322434611	1.005704815717038	-0.012775969535355577
VUILD96LA_150_11_17	VUILD96LA	VUILD96	fold_5	epithelial_transitional	DISEASE_ADJUSTED	2.6846241613276	2.506872317390489	2.7590142114931417	2.866121735316777	2.3944169538055444	2.456397319430802	2.4581101720494565	2.290089512712	2.735989427519165	2.46759678227056	2.6774955159927654	2.4072062375768692	-0.18149757398917687	-0.013624064884946038
VUILD96LA_150_11_22	VUILD96LA	VUILD96	fold_5	epithelial_transitional	DISEASE_ADJUSTED	2.72579217967874	2.4626985402012584	2.5613382770658433	2.6070934005259705	2.404923731017174	2.4376340079466536	2.44660928627463	2.2900809458282576	2.4354379340473518	2.3702885827151636	2.4030256311712876	2.5758024310135212	0.1186987791527696	-0.013075931782616887
VUILD96LA_150_11_25	VUILD96LA	VUILD96	fold_5	epithelial_transitional	DISEASE_ADJUSTED	2.96614585206759	2.43619427388772	2.6312854884907955	2.636183639033663	2.468661899354209	2.5169790574015636	2.459760049768677	2.290075805698012	2.626360742385035	2.460847937485001	2.623020180905446	2.0447556574692562	0.32996221303392703	-0.01170507889343321
VUILD96LA_150_11_26	VUILD96LA	VUILD96	fold_5	epithelial_transitional	DISEASE_ADJUSTED	3.40247512055273	2.427359518449874	2.5066529754313716	2.6403365525101923	2.738837096112611	2.6610520110768543	2.4247775684131967	2.2900740923212637	2.7767260829959866	2.56005648088777	2.7642807098978013	2.9516851265803927	0.7621385680425377	-0.011979426763724776
VUILD96LA_150_11_27	VUILD96LA	VUILD96	fold_5	epithelial_transitional	DISEASE_ADJUSTED	3.43377954973562	2.418524763012028	2.7508758176246273	2.774343987758799	2.746992870600733	2.6714951604389934	2.4154060726434587	2.290072378944515	2.727804782190605	2.651262780305003	2.7051692280276884	2.97340637469302	0.6594355619768208	-0.012044252448074238
VUILD96LA_150_11_29	VUILD96LA	VUILD96	fold_5	epithelial_transitional	DISEASE_ADJUSTED	3.48913993238987	2.4008552521363358	2.6365330279402555	2.482354505660058	2.5918663313425108	2.624679634850356	2.4290908478624855	2.2900689521910182	2.7561465672754486	2.637705983202471	2.756984938646858	2.538089142323239	1.0067854267298117	-0.012221690489926527
VUILD96LA_150_11_9	VUILD96LA	VUILD96	fold_5	epithelial_transitional	DISEASE_ADJUSTED	3.09284453928793	2.577550360893258	2.453313704693194	2.53309284677146	2.460400139974518	2.441363531339486	2.4193762735385986	2.290103219725988	2.4150032491916806	2.3179095519019928	2.3953079628879252	3.2112377021313496	0.5597516925164698	-0.01270693150552886
VUILD96LA_150_12_10	VUILD96LA	VUILD96	fold_5	epithelial_transitional	DISEASE_ADJUSTED	2.81855619274328	2.5704479781673415	2.64677227113982	2.6213007279040954	2.2603454674199215	2.292985221021098	2.426730997605802	2.2901029439733995	2.3444667394832046	2.284640856628582	2.307937682093382	2.6710391287291944	0.19725546483918466	-0.013757020080001467
VUILD96LA_150_12_13	VUILD96LA	VUILD96	fold_5	epithelial_transitional	DISEASE_ADJUSTED	2.82251103658472	2.543943711853803	2.267550584083466	2.3777476986041557	2.422017942060559	2.403325074294348	2.4273850526743024	2.290097803843154	2.384826328734901	2.415311483648489	2.391187190406747	3.072564476119761	0.44476333798056444	-0.012324676469640153
VUILD96LA_150_12_14	VUILD96LA	VUILD96	fold_5	epithelial_transitional	DISEASE_ADJUSTED	3.09102821494037	2.5351089564159572	2.5082639422404713	2.5824614523647154	2.387222138863175	2.427660146559995	2.442151081643593	2.2900960904664056	2.3645502333679986	2.2966867366204067	2.340803574940946	2.5552594302878	0.5085667625756547	-0.012386766720145766
VUILD96LA_150_12_16	VUILD96LA	VUILD96	fold_5	epithelial_transitional	DISEASE_ADJUSTED	2.55118805448529	2.517439445540265	2.494983005069475	2.5576719881857013	2.4963218709901183	2.4945385224647842	2.435697140985603	2.2900926637129086	2.4933469826463743	2.4283349563134164	2.4656631351701606	2.9508876690290995	-0.006483933700411448	-0.013009088279951977
VUILD96LA_150_12_17	VUILD96LA	VUILD96	fold_5	epithelial_transitional	DISEASE_ADJUSTED	2.62366283930708	2.508604690102419	2.5749558336809746	2.733408464930462	2.2669832465033757	2.365053639637038	2.4419297420956068	2.29009095033616	2.475734635905022	2.4956992069356323	2.41999866910736	2.581713718324302	-0.10974562562338175	-0.013772951127774078
VUILD96LA_150_12_20	VUILD96LA	VUILD96	fold_5	epithelial_transitional	DISEASE_ADJUSTED	3.19325614474921	2.4821004237888804	2.7411559636053897	2.8383308979163906	2.763693464773387	2.670703415798288	2.4868451236883375	2.2900858102059147	2.6065040376575355	2.4437960331855133	2.5436032827952437	2.8131014582418326	0.35492524683281923	-0.012486962637031824
VUILD96LA_150_12_21	VUILD96LA	VUILD96	fold_5	epithelial_transitional	DISEASE_ADJUSTED	2.97635844519762	2.4732656683510346	2.673046704719221	2.8491545901428217	2.278320979568943	2.3849039707017714	2.513428228204677	2.2900840968291662	2.4564287202522324	2.28964556939181	2.3996660094746924	2.240337369095336	0.12720385505479825	-0.012871279604001487
VUILD96LA_150_12_22	VUILD96LA	VUILD96	fold_5	epithelial_transitional	DISEASE_ADJUSTED	3.012187169367	2.4644309129131883	2.424977388893122	2.6419989909940296	2.406234534937739	2.4093749243589233	2.480535584670164	2.2900823834524178	2.411375666739866	2.2192134461919752	2.385526647410841	2.1853100376588572	0.37018817837297036	-0.01323376676697076
VUILD96LA_150_12_24	VUILD96LA	VUILD96	fold_5	epithelial_transitional	DISEASE_ADJUSTED	3.32965003193472	2.446761402037496	2.503376411260469	2.6047090180202934	2.731087477608072	2.660806943693313	2.476444687894279	2.290078956698921	2.74187000588726	2.5501482450322697	2.7340854060616895	2.8118501908216755	0.7249410139144268	-0.012588286433519988
VUILD96LA_150_12_25	VUILD96LA	VUILD96	fold_5	epithelial_transitional	DISEASE_ADJUSTED	3.38055244791052	2.43792664659965	2.569639955317723	2.609858361616887	2.75936498389606	2.6960809165635493	2.4669528878689744	2.2900772433221723	2.708803456020866	2.534238477661207	2.7122522187861313	2.3915401409662733	0.7706940862936329	-0.011574313826721722
VUILD96LA_150_12_26	VUILD96LA	VUILD96	fold_5	epithelial_transitional	DISEASE_ADJUSTED	3.49327506770104	2.429091891161804	2.5913791649826434	2.6424907581728103	2.8515391892079407	2.760125825817709	2.422390487766047	2.290075529945424	2.7693559459146697	2.5646560367772366	2.7563416812634878	2.6695746445416573	0.8507843095282297	-0.011293810530020635
VUILD96LA_150_12_27	VUILD96LA	VUILD96	fold_5	epithelial_transitional	DISEASE_ADJUSTED	3.39378008614932	2.4202571357239577	2.575229065186956	2.7468227543312276	2.315574541086662	2.419093340592464	2.4712024388304092	2.2900738165686754	2.515797302540059	2.409144359763197	2.488359814221938	2.4535300341429878	0.6469573318180926	-0.012389450825195644
VUILD96LA_150_12_28	VUILD96LA	VUILD96	fold_5	epithelial_transitional	DISEASE_ADJUSTED	3.3795943837016	2.4114223802861114	2.607311420226283	2.5709632260430375	2.599191694223959	2.633540901044475	2.3745771554516617	2.290072103191927	2.609246813601745	2.4647218174116077	2.569924751330344	2.5574843266012257	0.8086311576585623	-0.011991098940801817
VUILD96LA_150_12_9	VUILD96LA	VUILD96	fold_5	epithelial_transitional	DISEASE_ADJUSTED	2.96858782808058	2.579282733605188	2.395970138976412	2.393843477748741	2.5048478299891963	2.4109443209525265	2.449221014128716	2.290104657350148	2.3418473385418523	2.3581510531231302	2.34276859553355	2.8987108261417043	0.574744350331839	-0.013107637994490613
VUILD96LA_150_13_10	VUILD96LA	VUILD96	fold_5	epithelial_transitional	DISEASE_ADJUSTED	2.88088182427108	2.5721803508792713	2.297066440576064	2.3455263419777967	2.301367958766642	2.2622559807396736	2.3980659225430836	2.2901043815975597	2.3607846437346747	2.1314600975306335	2.353073929252898	2.84138321000873	0.5353554822932831	-0.013510855473353112
VUILD96LA_150_13_11	VUILD96LA	VUILD96	fold_5	epithelial_transitional	DISEASE_ADJUSTED	2.99313209900153	2.5633455954414255	2.409633963981034	2.425268595852547	2.2828557191741745	2.280462332729341	2.421778399559158	2.290102668220811	2.391362490824025	2.2727633890348544	2.398283245270999	2.6495482466563023	0.5678635031489834	-0.01397606133344411
VUILD96LA_150_13_12	VUILD96LA	VUILD96	fold_5	epithelial_transitional	DISEASE_ADJUSTED	3.03179398927532	2.554510840003579	2.5222535178843484	2.5966916815302405	2.424631774576815	2.4066857999419806	2.42723159434618	2.2901009548440627	2.4703186737274123	2.4248202539238903	2.462281811704329	2.7916671358951515	0.4351023077450793	-0.013719908771255182
VUILD96LA_150_13_14	VUILD96LA	VUILD96	fold_5	epithelial_transitional	DISEASE_ADJUSTED	3.2715398881417	2.5368413291278866	2.5597547249486174	2.651083895671625	2.7878898729611943	2.725913299134183	2.441809404909401	2.2900975280905658	2.6148486018969805	2.5122770492576754	2.6108717643871477	2.6700082293345035	0.6204559924700748	-0.01210454673322096
VUILD96LA_150_13_15	VUILD96LA	VUILD96	fold_5	epithelial_transitional	DISEASE_ADJUSTED	3.35903170249832	2.528006573690041	2.6642157034774026	2.7452669584339784	2.712577281175062	2.6848359031748616	2.416850450994706	2.2900958147138173	2.793741548450203	2.5456538550173327	2.7689575327083578	2.6770249188126702	0.6137647440643414	-0.011818793557342057
VUILD96LA_150_13_17	VUILD96LA	VUILD96	fold_5	epithelial_transitional	DISEASE_ADJUSTED	3.31192296565948	2.5103370628143487	2.6060867677779673	2.664941555115639	2.5382503744878235	2.549830974558626	2.492569449923877	2.2900923879603203	2.581372498606734	2.5140990798871963	2.55844877046401	2.4167344236663126	0.646981410543841	-0.012630005712973331
VUILD96LA_150_13_18	VUILD96LA	VUILD96	fold_5	epithelial_transitional	DISEASE_ADJUSTED	3.76161371572887	2.5015023073765024	2.6163526600375495	2.745732491232514	2.880733424288698	2.7991962951075555	2.48021660826056	2.290090674583572	2.783591692432909	2.538821646718848	2.754484640254529	2.904145025657154	1.015881224496356	-0.01201988323443938
VUILD96LA_150_13_19	VUILD96LA	VUILD96	fold_5	epithelial_transitional	DISEASE_ADJUSTED	3.4713430376995	2.4926675519386565	2.5606364546753833	2.717751229294494	3.030884981308583	2.9674352361963527	2.4505891131644395	2.2900889612068234	2.784681296647711	2.587981727491274	2.746089343546928	2.9202136862061745	0.7535918084050062	-0.010989594918032341
VUILD96LA_150_13_22	VUILD96LA	VUILD96	fold_5	epithelial_transitional	DISEASE_ADJUSTED	2.76337056321578	2.4661632856251177	2.5416388158356362	2.602597376707904	2.5808678960155844	2.543140501506622	2.509214602637091	2.290083821076578	2.588414331351614	2.394965514765559	2.5726167658825925	2.431415773434102	0.1607731865078761	-0.013032028248462502
VUILD96LA_150_13_23	VUILD96LA	VUILD96	fold_5	epithelial_transitional	DISEASE_ADJUSTED	3.12365181809171	2.457328530187272	2.4880584334636913	2.607765797250609	2.3688688682466603	2.4202030622011375	2.463598898125399	2.2900821076998295	2.614212776207718	2.46966299714065	2.608500980114617	2.4708051657294883	0.5158860208411009	-0.013196591136518054
VUILD96LA_150_13_24	VUILD96LA	VUILD96	fold_5	epithelial_transitional	DISEASE_ADJUSTED	2.84236599454418	2.4484937747494255	2.604671722049023	2.6389436930840513	2.637189323861163	2.5495017103103454	2.523286757542965	2.290080394323081	2.7966050506450877	2.5098406206803467	2.7930368960827097	2.707425757860257	0.20342230146012863	-0.013124007585090997
VUILD96LA_150_13_25	VUILD96LA	VUILD96	fold_5	epithelial_transitional	DISEASE_ADJUSTED	2.9250823115575	2.4396590193115797	2.579169117497663	2.652240935981705	2.484234707092964	2.514369306446294	2.511693273370768	2.2900786809463325	2.6223398776430074	2.55352939340136	2.623820552329574	2.5027437826124785	0.272841375575795	-0.011973363074417756
VUILD96LA_150_13_26	VUILD96LA	VUILD96	fold_5	epithelial_transitional	DISEASE_ADJUSTED	3.49261603835152	2.430824263873734	2.6159573400408926	2.744476305049085	2.845290525673873	2.797252850651833	2.399663581170132	2.290076967569584	2.763395621074914	2.5530427208988153	2.7476600476821806	2.4671728540541653	0.7481397333024353	-0.011257621071141373
VUILD96LA_150_13_27	VUILD96LA	VUILD96	fold_5	epithelial_transitional	DISEASE_ADJUSTED	3.15825985444127	2.4219895084358876	2.658011666851825	2.7198406838732976	2.689284393497028	2.682023558082796	2.3913988957519257	2.2900752541928355	2.6718653360803963	2.6198036316867337	2.6378101427192373	3.000062720945049	0.4384191705679723	-0.011683270463201102
VUILD96LA_150_13_7	VUILD96LA	VUILD96	fold_5	epithelial_transitional	DISEASE_ADJUSTED	3.26820272052926	2.5986846171928093	2.3246009181386342	2.382620372504841	2.343398566150203	2.357623905959964	2.428149470188889	2.290109521727805	2.330218060086435	2.3482184128460704	2.33171796433368	2.592486543879969	0.8855823480244189	-0.012606550196621226
VUILD96LA_150_13_8	VUILD96LA	VUILD96	fold_5	epithelial_transitional	DISEASE_ADJUSTED	3.20431011093004	2.5898498617549635	2.475994820761702	2.375379209420746	2.481169946774664	2.4235815951051296	2.3992148012795584	2.2901078083510567	2.3056242153224895	2.2251732737748755	2.3028488259082778	2.4779154343608107	0.8289309015092936	-0.012649346129909754
VUILD96LA_150_13_9	VUILD96LA	VUILD96	fold_5	epithelial_transitional	DISEASE_ADJUSTED	3.04582582008799	2.5810151063171176	2.2398022822197694	2.2486803314285684	2.2077327240463616	2.159832780816935	2.3825871368006837	2.290106094974308	2.214223215779097	2.176937060538372	2.210699471378664	2.9337948994500698	0.7971454886594218	-0.013651618405659283
VUILD96LA_150_14_11	VUILD96LA	VUILD96	fold_5	epithelial_transitional	DISEASE_ADJUSTED	2.64249494904181	2.565077968153355	2.52839902788893	2.563460025511674	2.327247356901547	2.2947650142870075	2.4500289141189526	2.2901041058449714	2.493507390447197	2.3675042044920582	2.4819053225957926	2.6167253137333724	0.07903492353013597	-0.013831087536482697
VUILD96LA_150_14_12	VUILD96LA	VUILD96	fold_5	epithelial_transitional	DISEASE_ADJUSTED	2.42899108894196	2.5562432127155086	2.635566479691719	2.6820955172613816	2.2468054849741383	2.275463747776043	2.433491900814649	2.290102392468223	2.577944918945658	2.469702997923719	2.550542825459833	2.7528752961333955	-0.2531044283194217	-0.014261813010827944
VUILD96LA_150_14_13	VUILD96LA	VUILD96	fold_5	epithelial_transitional	DISEASE_ADJUSTED	3.15169920464874	2.5474084572776627	2.651157944484978	2.754425663155105	2.655998233722575	2.6135233499558406	2.423458264397765	2.2901006790914744	2.5847381967408345	2.4896854346613133	2.5675295311121813	2.5654975916166367	0.39727354149363503	-0.012310267767062226
VUILD96LA_150_14_15	VUILD96LA	VUILD96	fold_5	epithelial_transitional	DISEASE_ADJUSTED	2.86934214835207	2.5297389464019706	2.7786755095522193	2.8871978969224914	2.7396373327046954	2.6937765750360896	2.5064498283051475	2.2900972523379775	2.7179889495873684	2.5054970272240547	2.696437912764629	2.3364470759437785	-0.017855748570421603	-0.01215001163880008
VUILD96LA_150_14_16	VUILD96LA	VUILD96	fold_5	epithelial_transitional	DISEASE_ADJUSTED	3.42583839643291	2.5209041909641243	2.807815620637987	2.848581989599785	2.7751878098682727	2.726463686524175	2.4453618059434046	2.290095538961229	2.7634786105645763	2.6116318272514065	2.7289835095801314	2.722952106132657	0.5772564068331252	-0.012340841994677488
VUILD96LA_150_14_17	VUILD96LA	VUILD96	fold_5	epithelial_transitional	DISEASE_ADJUSTED	3.53360685165018	2.512069435526278	2.5674651415905827	2.758243590402297	2.817432012696049	2.7246133911570247	2.4891229142263	2.2900938255844805	2.7042708560765867	2.6046283270573305	2.6782674295878213	2.986979932846509	0.7753632612478829	-0.01278137293207455
VUILD96LA_150_14_18	VUILD96LA	VUILD96	fold_5	epithelial_transitional	DISEASE_ADJUSTED	3.65169010570972	2.5032346800884318	2.6251963285269713	2.7718116664700165	2.737880838514356	2.6475836428113033	2.4902865703959023	2.290092112207732	2.8000297127505562	2.6056005388364447	2.7711712212717945	3.050593027356783	0.8798784392397034	-0.013091580513366442
VUILD96LA_150_14_19	VUILD96LA	VUILD96	fold_5	epithelial_transitional	DISEASE_ADJUSTED	3.45779974268508	2.494399924650586	2.8123159673129408	2.806218944561975	2.6630050650814274	2.6512254249715523	2.5294137320782415	2.2900903988309835	2.665331434224699	2.464919062592386	2.632139692072747	2.536850705675143	0.651580798123105	-0.012189001275632896
VUILD96LA_150_14_20	VUILD96LA	VUILD96	fold_5	epithelial_transitional	DISEASE_ADJUSTED	2.53729055627074	2.48556516921274	2.539216061599275	2.676174624718741	2.756058788753174	2.663414277009378	2.4864324081574933	2.290088685454235	2.711747574883542	2.542815075483693	2.686821934370017	2.697436973292057	-0.1388840684480006	-0.01191888614164774
VUILD96LA_150_14_21	VUILD96LA	VUILD96	fold_5	epithelial_transitional	DISEASE_ADJUSTED	2.76308064380834	2.476730413774894	2.595925976147384	2.689889063595525	2.751729872977311	2.652649452251342	2.5312279929396357	2.2900869720774866	2.7811883759794327	2.572301954134359	2.7607638650841992	2.414289377132051	0.07319158021281513	-0.012280457737319296
VUILD96LA_150_14_22	VUILD96LA	VUILD96	fold_5	epithelial_transitional	DISEASE_ADJUSTED	2.71871745546727	2.4678956583370475	2.5181999547716862	2.6381865487953173	2.7035520735321317	2.630811189371097	2.559363784087945	2.290085258700738	2.6890524706027423	2.513428294824845	2.6776935538722864	2.7382168550142203	0.08053090667195262	-0.012501535455173502
VUILD96LA_150_14_23	VUILD96LA	VUILD96	fold_5	epithelial_transitional	DISEASE_ADJUSTED	2.77965672598736	2.4590609028992017	2.585926339280115	2.633114580470483	2.5260942710861007	2.5107780876778154	2.543285268975076	2.2900835453239896	2.6594752664993373	2.489589084174452	2.648772647673481	2.236673783814121	0.14654214551687694	-0.012708900632921558
VUILD96LA_150_14_24	VUILD96LA	VUILD96	fold_5	epithelial_transitional	DISEASE_ADJUSTED	3.10118443348217	2.4502261474613554	2.6345419479466505	2.7089160078744565	2.5497226656505165	2.5482719201357718	2.6029733006385305	2.290081831947241	2.6845999892822774	2.523007299046535	2.674904413931263	2.49055935705674	0.3922684256077136	-0.013113365730560853
VUILD96LA_150_14_25	VUILD96LA	VUILD96	fold_5	epithelial_transitional	DISEASE_ADJUSTED	2.92900330941084	2.441391392023509	2.643877249559799	2.7214499629412865	2.5857420694550313	2.601157859803564	2.4474415716529894	2.2900801185704927	2.677356502456904	2.59355579039343	2.6630448478470417	2.5858716044642054	0.20755334646955337	-0.011780513921822047
VUILD96LA_150_14_26	VUILD96LA	VUILD96	fold_5	epithelial_transitional	DISEASE_ADJUSTED	3.16965034205972	2.4325566365856632	2.6896750583545974	2.746437372794992	2.7568796269105027	2.770599741933844	2.479981348298041	2.290078405193744	2.5741271688521152	2.6409614308386242	2.5507127459564742	2.727075342633433	0.42321296926472796	-0.011297610506926589
VUILD96LA_150_14_27	VUILD96LA	VUILD96	fold_5	epithelial_transitional	DISEASE_ADJUSTED	2.96420136758647	2.423721881147817	2.6002440506699815	2.7742719082975658	2.7820494470510573	2.7357191591181786	2.436959792059081	2.2900766918169957	2.789896543155531	2.5626159816390697	2.76853518105427	2.7402417664592167	0.18992945928890403	-0.011511579146333696
VUILD96LA_150_14_28	VUILD96LA	VUILD96	fold_5	epithelial_transitional	DISEASE_ADJUSTED	3.28639655748478	2.414887125709971	2.6266280929558796	2.7137630328788256	2.5639274499532485	2.5454789091442556	2.4174370329045614	2.290074978440247	2.6557619948376625	2.609578990934	2.631850816324972	2.715983737707497	0.5726335246059544	-0.012761989507737251
VUILD96LA_150_14_6	VUILD96LA	VUILD96	fold_5	epithelial_transitional	DISEASE_ADJUSTED	3.26568670468645	2.6092517453425854	2.5521042594989387	2.514082455863497	2.2356169822004173	2.201433790953525	2.3824856734659496	2.2901126727287133	2.3001009762951927	2.345516620274218	2.2761251345556595	2.6123676228715915	0.7516042488229533	-0.014651147544971927
VUILD96LA_150_14_8	VUILD96LA	VUILD96	fold_5	epithelial_transitional	DISEASE_ADJUSTED	2.97534653633226	2.5915822344668933	2.2574708666554866	2.281016091588318	2.3746285484848375	2.2934158195040633	2.400993190173717	2.290109245975217	2.2357180399947927	2.227329840585782	2.2437891621270643	2.466554199838133	0.694330444743942	-0.01296160081619906
VUILD96LA_150_14_9	VUILD96LA	VUILD96	fold_5	epithelial_transitional	DISEASE_ADJUSTED	3.17384814016856	2.582747479029047	2.384628904701011	2.2958412661208367	2.5388390054830943	2.449025996161737	2.424402997997555	2.2901075325984683	2.341240991333578	2.34730664529794	2.371239126481768	2.622683206522237	0.8780068740477232	-0.013078523569278718
VUILD96LA_150_15_10	VUILD96LA	VUILD96	fold_5	epithelial_transitional	DISEASE_ADJUSTED	2.47773468982258	2.5756450963031305	2.2585595215859873	2.3100779144719943	2.1124678406783013	2.121914617207183	2.407007593276534	2.29010725684588	2.216773933446367	2.2162280745320713	2.2201278256958097	2.819730619055333	0.16765677535058554	-0.01398207123521762
VUILD96LA_150_15_11	VUILD96LA	VUILD96	fold_5	epithelial_transitional	DISEASE_ADJUSTED	2.48109305426631	2.5668103408652847	2.506985043946621	2.544429419145557	2.010767556368642	2.0655715281239986	2.463187206339256	2.2901055434691315	2.372890040387849	2.192179971922403	2.362521992022295	2.19785984007333	-0.06333636487924688	-0.014594401065773846
VUILD96LA_150_15_12	VUILD96LA	VUILD96	fold_5	epithelial_transitional	DISEASE_ADJUSTED	2.7883087089991	2.5579755854274384	2.6221221467030196	2.70319191245447	2.413487992616249	2.3985471616418	2.4246572110471534	2.290103830092383	2.5728122280783494	2.5015640584923577	2.5558303217531737	2.659980822823577	0.08511679654463	-0.013765712377461789
VUILD96LA_150_15_13	VUILD96LA	VUILD96	fold_5	epithelial_transitional	DISEASE_ADJUSTED	3.497983789021	2.549140829989592	2.608927424346982	2.638739720145536	2.5516329910936033	2.5397700439646234	2.3814075506380945	2.2901021167156346	2.674266442909186	2.4100634831952124	2.6625885378948437	2.640765520531728	0.8592440688754643	-0.0124777801109331
VUILD96LA_150_15_14	VUILD96LA	VUILD96	fold_5	epithelial_transitional	DISEASE_ADJUSTED	3.41789157294404	2.5403060745517463	2.61152956051288	2.6901822211880844	2.907178831526866	2.8141892745781183	2.400202894758124	2.290100403338886	2.8298260215769946	2.5260703207862054	2.82544572464992	2.3845987546105594	0.7277093517559554	-0.01155758423830927
VUILD96LA_150_15_15	VUILD96LA	VUILD96	fold_5	epithelial_transitional	DISEASE_ADJUSTED	3.16028782821259	2.5314713191139004	2.53150119164706	2.6629549917624455	2.4264177254414068	2.4371189500340122	2.4534750720214342	2.2900986899621376	2.4774888054314093	2.273545685597826	2.4601110640367776	1.9423854305486343	0.49733283645014437	-0.01285920823022504
VUILD96LA_150_15_17	VUILD96LA	VUILD96	fold_5	epithelial_transitional	DISEASE_ADJUSTED	3.26928479459427	2.513801808238208	2.618614595770431	2.7307702926825046	2.7250400052439194	2.614985677211351	2.5008431468258916	2.2900952632086407	2.609847274221142	2.4568066654252747	2.5927097686085023	2.7902007856867863	0.5385145019117652	-0.012879203604470374
VUILD96LA_150_15_18	VUILD96LA	VUILD96	fold_5	epithelial_transitional	DISEASE_ADJUSTED	3.84911056183638	2.5049670528003616	2.558311713144043	2.6572836590054143	2.6173162769391496	2.5279196489114932	2.5087133573199307	2.290093549831892	2.6747455103723325	2.5751451791390982	2.663764395419037	2.666813658001959	1.1918269028309658	-0.013739219907974654
VUILD96LA_150_15_19	VUILD96LA	VUILD96	fold_5	epithelial_transitional	DISEASE_ADJUSTED	3.43439761671418	2.4961322973625157	2.4669612982121287	2.64141367474182	2.6406900787269993	2.6063633852311328	2.465114210344394	2.2900918364551437	2.6448503124403975	2.4284286366040866	2.62930284718943	2.7368054900763914	0.7929839419723597	-0.01193061624672125
VUILD96LA_150_15_20	VUILD96LA	VUILD96	fold_5	epithelial_transitional	DISEASE_ADJUSTED	3.1629482314323	2.4872975419246695	2.6029820326464392	2.6638553941473115	2.8079908878233284	2.6982930063671287	2.435466038141273	2.290090123078395	2.6390077682305235	2.5267934005478683	2.6328192888506923	2.9451379001626967	0.49909283728498854	-0.01183404786579976
VUILD96LA_150_15_21	VUILD96LA	VUILD96	fold_5	epithelial_transitional	DISEASE_ADJUSTED	3.12099168177984	2.4784627864868236	2.5651568508568805	2.642136594475257	2.7082112688535176	2.632187614973893	2.552879149849315	2.2900884097016467	2.622191673264648	2.545195384220817	2.624349793208719	2.547115048745767	0.47885508730458337	-0.012019308863982808
VUILD96LA_150_15_22	VUILD96LA	VUILD96	fold_5	epithelial_transitional	DISEASE_ADJUSTED	2.66668797700748	2.4696280310489773	2.6471800379607906	2.6128585319667064	2.3568021180785292	2.3962447212966937	2.574637004698373	2.2900866963248983	2.5136959215842665	2.43597096022534	2.5119589872084642	2.144532547105756	0.05382944504077347	-0.012746815001539746
VUILD96LA_150_15_23	VUILD96LA	VUILD96	fold_5	epithelial_transitional	DISEASE_ADJUSTED	2.63668697054275	2.4607932756111315	2.546684442752908	2.55931742878411	2.378182902088762	2.4135145590199145	2.520552620741982	2.2900849829481498	2.5829240178978248	2.4665191208926522	2.589777124138925	2.2395191370885636	0.07736954175863975	-0.01302738207764213
VUILD96LA_150_15_24	VUILD96LA	VUILD96	fold_5	epithelial_transitional	DISEASE_ADJUSTED	2.97574911910457	2.451958520173285	2.596228041559701	2.655400052221098	2.529969440922683	2.4989811518905505	2.529723498255392	2.2900832695714013	2.695572800652737	2.5133491035211954	2.697357887183631	2.667502692215042	0.3203490668834723	-0.012812914720600595
VUILD96LA_150_15_25	VUILD96LA	VUILD96	fold_5	epithelial_transitional	DISEASE_ADJUSTED	3.01826534010953	2.443123764735439	2.57174397204908	2.6579253142481565	2.7492388166640476	2.6654943478506654	2.404120850863132	2.290081556194653	2.6261006248533607	2.5868900541770716	2.6089746893588575	2.705377858951998	0.36034002586137337	-0.011892179690625388
VUILD96LA_150_15_26	VUILD96LA	VUILD96	fold_5	epithelial_transitional	DISEASE_ADJUSTED	3.32316285628337	2.434289009297593	2.707943670717487	2.8401921300106285	2.7813732694654614	2.7679222273489765	2.44615477198972	2.2900798428179043	2.7375908238210256	2.560674994968928	2.7133859231031554	2.42327852813882	0.4829707262727414	-0.01132984573268764
VUILD96LA_150_15_27	VUILD96LA	VUILD96	fold_5	epithelial_transitional	DISEASE_ADJUSTED	2.83398970918534	2.425454253859747	2.6645683633038573	2.772531232344285	2.475565015200811	2.5237071704448297	2.4500097919283967	2.290078129441156	2.54285329399843	2.449056532623662	2.511738329476649	2.518000052851291	0.0614584768410551	-0.01210645488112394
VUILD96LA_150_15_28	VUILD96LA	VUILD96	fold_5	epithelial_transitional	DISEASE_ADJUSTED	3.10737942627076	2.4166194984219005	2.651809250111262	2.6260615012311197	2.6526297297830514	2.5789594760711636	2.4439830080716582	2.2900764160644074	2.627963344087986	2.3997555298413946	2.610732101888416	2.532693203126037	0.4813179250396402	-0.012420514074636497
VUILD96LA_150_16_10	VUILD96LA	VUILD96	fold_5	epithelial_transitional	DISEASE_ADJUSTED	2.75814988254249	2.5773774690150604	2.438617943978229	2.4586751054150984	2.602255088651429	2.534432725891806	2.417170093023161	2.29010869447004	2.481600411884928	2.4398056694490453	2.4871645680319454	2.834970257353891	0.2994747771273918	-0.012697108378142776
VUILD96LA_150_16_13	VUILD96LA	VUILD96	fold_5	epithelial_transitional	DISEASE_ADJUSTED	2.92649260135127	2.550873202701522	2.299825376725012	2.3729654801585163	2.4218928224316603	2.3900038336653866	2.432448604358939	2.2901035543397947	2.3737368008623076	2.275248965160219	2.3711406406733846	2.4407062234049723	0.5535271211927539	-0.01266073535762873
VUILD96LA_150_16_16	VUILD96LA	VUILD96	fold_5	epithelial_transitional	DISEASE_ADJUSTED	3.01026449593067	2.524368936387984	2.467629491666408	2.5810979198216097	2.5698962992005687	2.530405099353389	2.46754864549138	2.2900984142095493	2.5921379522733075	2.4903362909991116	2.571520697855891	3.22479964910759	0.4291665761090604	-0.013230142191264668
VUILD96LA_150_16_18	VUILD96LA	VUILD96	fold_5	epithelial_transitional	DISEASE_ADJUSTED	3.5196676009196	2.5066994255122914	2.5402934766990026	2.6896020186649263	2.520417849686469	2.4342286904552712	2.490917357752036	2.2900949874560523	2.5120769773503606	2.530623717511011	2.4903798063997398	2.7563557881259744	0.8300655822546736	-0.014551935993259843
VUILD96LA_150_16_19	VUILD96LA	VUILD96	fold_5	epithelial_transitional	DISEASE_ADJUSTED	3.3688401291956	2.4978646700744456	2.504355629970527	2.631031858222565	2.71982757165498	2.6317724935574627	2.4218391040952394	2.290093274079304	2.629175684995763	2.3649731769478435	2.612313420251128	2.6417823704731775	0.7378082709730349	-0.012075520028889772
VUILD96LA_150_16_20	VUILD96LA	VUILD96	fold_5	epithelial_transitional	DISEASE_ADJUSTED	3.63883998066756	2.4890299146365993	2.7010969895852455	2.709558140743924	2.6919572884968863	2.61570743629044	2.520631681994496	2.2900915607025554	2.7064887259332373	2.5167986971968257	2.6945534548916252	2.7030191207608927	0.929281839923636	-0.012025523603490162
VUILD96LA_150_16_21	VUILD96LA	VUILD96	fold_5	epithelial_transitional	DISEASE_ADJUSTED	3.16419775430232	2.480195159198753	2.449460911725383	2.483774100511886	2.8490370296505882	2.713449681435898	2.5464029190187074	2.290089847325807	2.7697088802022556	2.6010138239829166	2.797462350085211	2.9051509193072764	0.680423653790434	-0.012146910104396563
VUILD96LA_150_16_22	VUILD96LA	VUILD96	fold_5	epithelial_transitional	DISEASE_ADJUSTED	2.9003934070095	2.4713604037609067	2.4142416898881	2.3974523873387095	2.2679834417648124	2.3139241084445645	2.5046370934377626	2.2900881339490584	2.6006740094688388	2.3808610621057804	2.618752827114194	2.7129230617504967	0.5029410196707906	-0.012861157317902291
VUILD96LA_150_16_23	VUILD96LA	VUILD96	fold_5	epithelial_transitional	DISEASE_ADJUSTED	2.62051514755138	2.462525648323061	2.378168247440605	2.4331120716962755	2.548892604422109	2.4867193243509402	2.5107621285575665	2.29008642057231	2.5573975747320796	2.4054048088271496	2.589556106890097	2.238012777196182	0.18740307585510463	-0.012896782864538114
VUILD96LA_150_16_24	VUILD96LA	VUILD96	fold_5	epithelial_transitional	DISEASE_ADJUSTED	2.48338427676391	2.453690892885215	2.584092029311525	2.5914589332662468	2.6706072247581067	2.6389757801858233	2.4404476787224967	2.2900847071955615	2.7068157104289363	2.599163838750515	2.707734012423937	2.8047124257748415	-0.10807465650233672	-0.012266215968302371
VUILD96LA_150_16_25	VUILD96LA	VUILD96	fold_5	epithelial_transitional	DISEASE_ADJUSTED	2.88315142964162	2.4448561374473687	2.5765488287387215	2.6768717278972893	2.571422328274645	2.578341444417313	2.4260350848600174	2.290082993818813	2.586235645651729	2.5401024074291145	2.5710622158121343	2.68980136730145	0.20627970174433052	-0.012130681613330967
VUILD96LA_150_16_26	VUILD96LA	VUILD96	fold_5	epithelial_transitional	DISEASE_ADJUSTED	3.26017964733794	2.436021382009523	2.704959171877921	2.7461800406298242	2.6419541084121447	2.684689882221188	2.434321109018369	2.2900812804420645	2.7037544725884644	2.6034480928593187	2.6821328704358787	2.6763295493940658	0.5139996067081158	-0.011170301600266254
VUILD96LA_150_16_27	VUILD96LA	VUILD96	fold_5	epithelial_transitional	DISEASE_ADJUSTED	3.61870963315426	2.4271866265716766	2.6575741407299205	2.7302141859267235	2.920238870102432	2.872224945138982	2.427811025152394	2.290079567065316	2.8360083604035538	2.6570586486992354	2.8146726770223927	3.1178041455044125	0.8884954472275366	-0.010953731485059147
VUILD96LA_150_16_7	VUILD96LA	VUILD96	fold_5	epithelial_transitional	DISEASE_ADJUSTED	2.60916039874823	2.6038817353285983	2.415231602593249	2.3982402113855956	2.2668403820292427	2.2394349124593926	2.4137124277827855	2.290113834600285	2.2294202700559276	2.258808499398737	2.2397675736873	2.638097489767131	0.21092018736263451	-0.01307218617488723
VUILD96LA_150_16_8	VUILD96LA	VUILD96	fold_5	epithelial_transitional	DISEASE_ADJUSTED	3.03302107483696	2.5950469798907525	2.480537210604632	2.399094194167257	2.439057776919456	2.3584471576814665	2.403030506430631	2.2901121212235367	2.2981984793386894	2.2967891644660225	2.308222249505699	2.8996608423786987	0.6339268806697027	-0.01295403619241464
VUILD96LA_150_16_9	VUILD96LA	VUILD96	fold_5	epithelial_transitional	DISEASE_ADJUSTED	2.47225456241602	2.5862122244529067	2.4384237702550626	2.4619660407133224	2.298504936857023	2.2527819521078016	2.408332578332862	2.2901104078467887	2.274377336238478	2.2226658136664486	2.2699987830186785	2.759100014938132	0.010288521702697562	-0.013415279250446928
VUILD96LA_150_17_10	VUILD96LA	VUILD96	fold_5	epithelial_transitional	DISEASE_ADJUSTED	2.44385483807018	2.57910984172699	2.478063093658034	2.4506907068938473	2.198205574935829	2.2275080637450233	2.4268820989285245	2.2901101320942003	2.3314606541380325	2.175967849432549	2.3373899379988106	2.367348557196966	-0.006835868823667379	-0.013843239003443213
VUILD96LA_150_17_12	VUILD96LA	VUILD96	fold_5	epithelial_transitional	DISEASE_ADJUSTED	2.60863091436567	2.561440330851298	2.5790498394241292	2.6116873302203674	2.3672502217767257	2.3260138497985197	2.385139733384822	2.2901067053407034	2.503950246368755	2.469218328294028	2.4943076213133106	2.6163784519940165	-0.003056415854697292	-0.014246766932858783
VUILD96LA_150_17_13	VUILD96LA	VUILD96	fold_5	epithelial_transitional	DISEASE_ADJUSTED	2.91272744171152	2.552605575413452	2.3353262853284686	2.2732162972504573	2.47133640296179	2.372316517297614	2.4082175435611126	2.290104991963955	2.320274561697491	2.2490518235231565	2.3309919491250994	2.534371112687251	0.6395111444610628	-0.012945330061666198
VUILD96LA_150_17_17	VUILD96LA	VUILD96	fold_5	epithelial_transitional	DISEASE_ADJUSTED	3.5267330504129	2.517266553662067	2.6825951249930373	2.6781458335487187	2.6130668244421273	2.5849805095189353	2.499020017868329	2.290098138456961	2.6045821884576457	2.461028975316929	2.580066019275899	2.897507997535043	0.8485872168641815	-0.012922453475777192
VUILD96LA_150_17_20	VUILD96LA	VUILD96	fold_5	epithelial_transitional	DISEASE_ADJUSTED	3.56328540190883	2.490762287348529	2.338130575724052	2.4681072537064748	2.3532127920824664	2.3326265277995586	2.416966381966775	2.2900929983267155	2.362389809192208	2.2479943687029036	2.3604880790478946	2.2309837237928267	1.095178148202355	-0.013081685417179653
VUILD96LA_150_17_21	VUILD96LA	VUILD96	fold_5	epithelial_transitional	DISEASE_ADJUSTED	3.40444138112936	2.481927531910683	2.4170526673400454	2.4333011608395596	2.5464112736271227	2.5097473837457294	2.5303503614486402	2.290091284949967	2.4046710789561936	2.462939189141324	2.4243242840266004	2.655150632511548	0.9711402202898003	-0.012285289920136994
VUILD96LA_150_17_22	VUILD96LA	VUILD96	fold_5	epithelial_transitional	DISEASE_ADJUSTED	2.34598929696598	2.4730927764728365	2.3925327704734545	2.39635630826971	2.4735991378988698	2.3892143378767514	2.5613025043669806	2.2900895715732186	2.6095533818026944	2.428698659114965	2.6372614013311293	2.7528511751945444	-0.05036701130373	-0.013088975515495236
VUILD96LA_150_17_23	VUILD96LA	VUILD96	fold_5	epithelial_transitional	DISEASE_ADJUSTED	2.60751935006243	2.4642580210349907	2.6053600755752693	2.5722655154081453	2.507825784974242	2.482376941821986	2.4280781451614266	2.29008785819647	2.558978822939561	2.529713771830147	2.5542138089078756	2.9796652591973425	0.03525383465428478	-0.012697448127580913
VUILD96LA_150_17_24	VUILD96LA	VUILD96	fold_5	epithelial_transitional	DISEASE_ADJUSTED	2.79185367431184	2.4554232655971444	2.5926049759096106	2.6889864433122064	2.538579460524951	2.5334370784920712	2.4562750276024654	2.2900861448197216	2.6767278208602043	2.53814927644846	2.6717223631954834	2.692365421216228	0.10286723099963346	-0.012783603383357498
VUILD96LA_150_17_25	VUILD96LA	VUILD96	fold_5	epithelial_transitional	DISEASE_ADJUSTED	2.6921335477716	2.446588510159298	2.5890385105746536	2.610545902472095	2.781295587964449	2.7087142398549364	2.4184871438927678	2.290084431442973	2.7078326175218717	2.609879149405701	2.711086348783762	2.8092828646927432	0.08158764529950524	-0.011432200796375911
VUILD96LA_150_17_26	VUILD96LA	VUILD96	fold_5	epithelial_transitional	DISEASE_ADJUSTED	3.08088237062757	2.4377537547214523	2.5201639573127634	2.622059554639331	2.8239929104531987	2.746383422675279	2.4429948597897475	2.2900827180662247	2.705029360389485	2.5652627439883937	2.6958270663699633	2.849146564956128	0.4588228159882388	-0.01114311193275746
VUILD96LA_150_17_27	VUILD96LA	VUILD96	fold_5	epithelial_transitional	DISEASE_ADJUSTED	2.8879065414729	2.4289189992836064	2.515653124405378	2.6641522914852658	2.535329222058493	2.5489672598321307	2.4490708512149206	2.290081004689476	2.5572739164448817	2.404665815441128	2.5364483240486595	2.470437763866722	0.22375424998763416	-0.01188057797933936
VUILD96LA_150_17_7	VUILD96LA	VUILD96	fold_5	epithelial_transitional	DISEASE_ADJUSTED	2.33810841178515	2.605614108040528	2.4132072499219848	2.4593234732310987	2.1953051576642455	2.2428193422166602	2.3805426524211364	2.2901152722244453	2.402855282136878	2.2566378566411087	2.3998984409148036	2.2606301185648263	-0.12121506144594862	-0.01289448322218501
VUILD96LA_150_17_9	VUILD96LA	VUILD96	fold_5	epithelial_transitional	DISEASE_ADJUSTED	2.60869723036891	2.587944597164836	2.3791882105712716	2.3895622273665733	2.3353945744347677	2.2718560123755354	2.4149989957914753	2.2901118454709484	2.256921176244113	2.2152986303766107	2.2576226647843893	2.762066790155394	0.21913500300233668	-0.013277324418397372
VUILD96LA_150_18_10	VUILD96LA	VUILD96	fold_5	epithelial_transitional	DISEASE_ADJUSTED	3.08956310546701	2.5808422144389196	2.3673580366869946	2.3664266623056163	2.453228149957707	2.379988335180478	2.426340149770358	2.2901115697183605	2.4272062104439094	2.3000825213688154	2.4385438234769703	2.8890397907074576	0.7231364431613936	-0.013155226791658878
VUILD96LA_150_18_11	VUILD96LA	VUILD96	fold_5	epithelial_transitional	DISEASE_ADJUSTED	2.85782543969108	2.5720074590010737	2.246536826667027	2.3895547557965027	2.1986459330713286	2.1319233420491397	2.4300066536724962	2.290109856341612	2.337001230087239	2.298031547277928	2.3536380422283867	2.864927174596545	0.4682706838945774	-0.014322858927239725
VUILD96LA_150_18_13	VUILD96LA	VUILD96	fold_5	epithelial_transitional	DISEASE_ADJUSTED	3.14151308541297	2.554337948125381	2.3705171095004762	2.459689243378216	2.4320792349037172	2.3972565497661305	2.4157591491224215	2.290106429588115	2.453011446409361	2.2934389811184475	2.4488784031832758	2.7625832480438426	0.681823842034754	-0.012475377797458404
VUILD96LA_150_18_15	VUILD96LA	VUILD96	fold_5	epithelial_transitional	DISEASE_ADJUSTED	2.60061765297273	2.5366684372496895	2.5169512894374773	2.514657162289763	2.316408074082939	2.298543040964132	2.422765694267974	2.290103002834618	2.216593012582135	2.2369513833573573	2.1930869940958355	2.7505644056785195	0.08596049068296674	-0.013299013966672856
VUILD96LA_150_18_16	VUILD96LA	VUILD96	fold_5	epithelial_transitional	DISEASE_ADJUSTED	2.57539085904418	2.527833681811843	2.415987265071254	2.414841066396246	2.270049794202807	2.2876956464915676	2.4513102105435265	2.2901012894578696	2.5248548332653518	2.28203106789388	2.5162875506731504	2.2368693147339678	0.160549792647934	-0.013373778785410607
VUILD96LA_150_18_18	VUILD96LA	VUILD96	fold_5	epithelial_transitional	DISEASE_ADJUSTED	3.20738568280289	2.5101641709361506	2.7527094303478896	2.8050666722565554	2.490777807165755	2.403132328254043	2.443247892396809	2.2900978627043727	2.4865178701187793	2.464069242354489	2.444953152998476	2.8838617948048184	0.4023190105463348	-0.0141933739913813
VUILD96LA_150_18_20	VUILD96LA	VUILD96	fold_5	epithelial_transitional	DISEASE_ADJUSTED	3.08409747178415	2.4924946600604585	2.375391993999221	2.453114256067301	2.528744245058816	2.469621189500208	2.4512986239347696	2.2900944359508757	2.488402764727684	2.3933561209934626	2.4968230823556543	2.6478304879592613	0.6309832157168489	-0.012905011132766849
VUILD96LA_150_18_21	VUILD96LA	VUILD96	fold_5	epithelial_transitional	DISEASE_ADJUSTED	3.1791106793065	2.4836599046226127	2.5159213368986055	2.547861818139427	2.8489105943480784	2.7479954069161674	2.4802028941949574	2.290092722574127	2.6902591020998226	2.577612608614058	2.6975643672918554	2.8894491977615417	0.631248861167073	-0.011802233929972728
VUILD96LA_150_18_22	VUILD96LA	VUILD96	fold_5	epithelial_transitional	DISEASE_ADJUSTED	2.91026319132555	2.4748251491847664	2.662881288177773	2.660961713004878	2.752228411067154	2.643170552272612	2.4979442102945604	2.2900910091973787	2.6894827644077712	2.600165096860817	2.684209730205392	2.888764950258542	0.24930147832067195	-0.012238366109307905
VUILD96LA_150_18_23	VUILD96LA	VUILD96	fold_5	epithelial_transitional	DISEASE_ADJUSTED	2.4719500248312	2.4659903937469205	2.650632565879545	2.7020959280085983	2.4434150884472814	2.4682530167841574	2.461164906553339	2.2900892958206303	2.5440781455819517	2.4991593218547803	2.5338468601162827	2.3512068951176532	-0.23014590317739847	-0.0126528107483896
VUILD96LA_150_18_24	VUILD96LA	VUILD96	fold_5	epithelial_transitional	DISEASE_ADJUSTED	2.65031127239433	2.4571556383090742	2.5587898027442812	2.6097788587457362	2.279212147591078	2.288008497584589	2.491718874300512	2.2900875824438818	2.5567456659763215	2.541182657040571	2.5615621542954727	2.6913116812387807	0.040532413648593835	-0.014246887004015368
VUILD96LA_150_18_25	VUILD96LA	VUILD96	fold_5	epithelial_transitional	DISEASE_ADJUSTED	2.82411138581374	2.448320882871228	2.5244764287431662	2.621993246364315	2.4694697518300615	2.463745105298622	2.403065986683265	2.2900858690671333	2.4101797797186975	2.4530813894302455	2.3960319986359835	2.7931167562197503	0.20211813944942492	-0.012166361185605904
VUILD96LA_150_18_26	VUILD96LA	VUILD96	fold_5	epithelial_transitional	DISEASE_ADJUSTED	3.02905981438239	2.439486127433382	2.4932885554103237	2.6272925684703727	2.7390548317732066	2.690317125270603	2.4070247614482367	2.290084155690385	2.65031344978608	2.5858540628457702	2.6343054986576604	2.9797355252701143	0.4017672459120174	-0.011115229942613769
VUILD96LA_150_18_27	VUILD96LA	VUILD96	fold_5	epithelial_transitional	DISEASE_ADJUSTED	3.00195317909033	2.430651371995536	2.6515344234126133	2.6221135549250105	2.642504571274035	2.5997900261228337	2.4691570806686913	2.2900824423136363	2.6087009101803673	2.5212410847879	2.597898092315616	2.7279140962149997	0.37983962416531947	-0.011916933586474518
VUILD96LA_150_18_8	VUILD96LA	VUILD96	fold_5	epithelial_transitional	DISEASE_ADJUSTED	3.12128185437813	2.598511725314612	2.4174131149840465	2.5504450168641037	2.2588492934751025	2.2854079633680966	2.3562344863895928	2.290114996471857	2.274846917350445	2.1996495933801885	2.2384776733666314	2.499463761456886	0.5708368375140265	-0.012892010817509928
VUILD96LA_150_19_10	VUILD96LA	VUILD96	fold_5	epithelial_transitional	DISEASE_ADJUSTED	3.22036821207692	2.5825745871508494	2.4439461181696713	2.4933829366580764	2.43101096134331	2.3512369630720613	2.420671674098096	2.29011300734252	2.579719555647946	2.351908416670851	2.575599743969205	3.4579737949103886	0.7269852754188437	-0.013619579620599714
VUILD96LA_150_19_15	VUILD96LA	VUILD96	fold_5	epithelial_transitional	DISEASE_ADJUSTED	2.40983154446696	2.538400809961619	2.467746784491142	2.4538703858130795	2.5469264478023015	2.508211264821597	2.410997052301268	2.2901044404587783	2.2944877979757377	2.3883335478387693	2.30099551328706	2.7371385234726526	-0.04403884134611946	-0.01267071478616364
VUILD96LA_150_19_16	VUILD96LA	VUILD96	fold_5	epithelial_transitional	DISEASE_ADJUSTED	2.30155765733203	2.529566054523773	2.4753910425850734	2.4531048478993767	2.5797184237188397	2.5210757232915646	2.4473481710158365	2.2901027270820298	2.4263641179383364	2.271483283224493	2.437220710161222	2.3504418559452147	-0.15154719056734667	-0.01302931087661698
VUILD96LA_150_19_17	VUILD96LA	VUILD96	fold_5	epithelial_transitional	DISEASE_ADJUSTED	3.91785502792887	2.5207312990859267	2.4907810672624593	2.7023316159941198	2.5274492489088245	2.506832758767369	2.4200631017626297	2.2901010137052813	2.5285530595024737	2.439342615376558	2.4937292256891546	2.83032628301465	1.2155234119347504	-0.013041654405347608
VUILD96LA_150_19_20	VUILD96LA	VUILD96	fold_5	epithelial_transitional	DISEASE_ADJUSTED	3.02822860978698	2.4942270327723883	2.263448990546425	2.2923983345753087	2.403740529638061	2.3509157558675335	2.444812171268594	2.290095873575036	2.3161211534228863	2.1952138756254156	2.323068197246349	2.467249465505041	0.7358302752116712	-0.012858279597732471
VUILD96LA_150_19_21	VUILD96LA	VUILD96	fold_5	epithelial_transitional	DISEASE_ADJUSTED	3.10016564401283	2.485392277334542	2.4987297387709013	2.548868247292971	2.6853651850305806	2.58012332412527	2.49712248351247	2.2900941601982874	2.579890398733532	2.4683581374475145	2.578192282909138	2.7841743780679202	0.5512973967198587	-0.012576902637574078
VUILD96LA_150_19_22	VUILD96LA	VUILD96	fold_5	epithelial_transitional	DISEASE_ADJUSTED	3.18795203187417	2.476557521896696	2.4165366373644463	2.5851317587639304	2.534405991330856	2.4630144696099805	2.5156270276031902	2.290092446821539	2.506191699117796	2.4713549871771137	2.5059917230683055	2.6065500772890187	0.6028202731102397	-0.013226343978004733
VUILD96LA_150_19_23	VUILD96LA	VUILD96	fold_5	epithelial_transitional	DISEASE_ADJUSTED	2.75909783362244	2.4677227664588504	2.4721090985177194	2.524164608625829	2.5725557035807705	2.5027854011761606	2.4591326429358125	2.2900907334447904	2.531097292806896	2.450023838599935	2.5428884221893613	2.697696507643298	0.23493322499661096	-0.01276412163803784
VUILD96LA_150_19_24	VUILD96LA	VUILD96	fold_5	epithelial_transitional	DISEASE_ADJUSTED	2.75432792359048	2.458888011021004	2.460190541142986	2.5656096491371403	2.3024990819610194	2.337563580205454	2.4852555802567684	2.290089020068042	2.316595775830188	2.37207261226131	2.335710250908857	2.3476460178386924	0.18871827445333977	-0.013437761579563808
VUILD96LA_150_19_25	VUILD96LA	VUILD96	fold_5	epithelial_transitional	DISEASE_ADJUSTED	2.9216847621045	2.450053255583158	2.5555406903054574	2.626997451884774	2.502685234492934	2.4824998796955446	2.4548364366427395	2.2900873066912935	2.5156143460166533	2.503795215452858	2.5174539261355378	2.4975471476241253	0.29468731021972605	-0.012060874028705005
VUILD96LA_150_1_16	VUILD96LA	VUILD96	fold_5	epithelial_transitional	DISEASE_ADJUSTED	2.63240880788768	2.4983833457090383	2.2793724600300735	2.3661735308981027	2.232099268122875	2.2603003398734876	2.424484757480708	2.290076849847147	2.347693230701481	2.2415910116001183	2.3459917585179357	2.3194358778884503	0.2662352769895775	-0.013373845379235336
VUILD96LA_150_1_17	VUILD96LA	VUILD96	fold_5	epithelial_transitional	DISEASE_ADJUSTED	3.20177095263524	2.489548590271192	2.255550922271945	2.2264945655489874	2.1072441903653214	2.1850519196726275	2.4320221267959887	2.2900751364703984	2.3772176430644447	2.195441796937731	2.3983962287017113	2.3298751348095417	0.9752763870862524	-0.013654210805958661
VUILD96LA_150_1_19	VUILD96LA	VUILD96	fold_5	epithelial_transitional	DISEASE_ADJUSTED	2.7993454233189	2.4718790793955	2.291346367024304	2.2124720989179596	1.9440436138086699	2.033951193150981	2.4273695410372604	2.2900717097169014	2.115506746598245	2.0426336122998427	2.1113115268446156	1.8787958018583297	0.5868733244009405	-0.013309014218451584
VUILD96LA_150_20_10	VUILD96LA	VUILD96	fold_5	epithelial_transitional	DISEASE_ADJUSTED	2.84093430873352	2.5843069598627793	2.4303768407373556	2.3610123224249677	2.1652194186146527	2.105654966827623	2.383157976618543	2.2901144449666804	2.330040268507392	2.1763459475937474	2.32633803510317	2.617221783950697	0.4799219863085522	-0.01417606722274461
VUILD96LA_150_20_12	VUILD96LA	VUILD96	fold_5	epithelial_transitional	DISEASE_ADJUSTED	3.02848517421107	2.566637448987087	2.335066346071755	2.267307150238285	2.268505012763951	2.2538352827759	2.433083965641	2.290111018213184	2.2714282125560556	2.344409017387373	2.2926855144772915	3.0276240146065923	0.7611780239727848	-0.013782033382950039
VUILD96LA_150_20_13	VUILD96LA	VUILD96	fold_5	epithelial_transitional	DISEASE_ADJUSTED	2.80748171256091	2.557802693549241	2.387359601919041	2.4297538467349185	2.191062665516087	2.2127897201676014	2.415675113521423	2.2901093048364354	2.2576176580926357	2.2385539433435175	2.2583172827842932	2.620964438982532	0.3777278658259915	-0.013260211611428638
VUILD96LA_150_20_14	VUILD96LA	VUILD96	fold_5	epithelial_transitional	DISEASE_ADJUSTED	2.63062166971382	2.5489679381113945	2.217392796750092	2.2007322331182015	2.542199067460305	2.417653903153224	2.380467375531107	2.290107591459687	2.3226981845099823	2.3090617998356016	2.3345459962745765	2.9198105331178685	0.4298894365956185	-0.012691282208255108
VUILD96LA_150_20_15	VUILD96LA	VUILD96	fold_5	epithelial_transitional	DISEASE_ADJUSTED	2.79850885329903	2.5401331826735487	2.3589390879608465	2.3225295050757078	2.3963534658102645	2.349198905357939	2.4074732048361476	2.2901058780829384	2.3291137600675866	2.295975914344933	2.327851854817882	3.061236138276309	0.47597934822332233	-0.012916633306263104
VUILD96LA_150_20_16	VUILD96LA	VUILD96	fold_5	epithelial_transitional	DISEASE_ADJUSTED	2.6351388803649	2.5312984272357024	2.477118144469457	2.701776933322476	2.264924618796381	2.236284318343267	2.47058696524067	2.29010416470619	2.350487524048989	2.312710488878205	2.315409791625997	2.7886477603917053	-0.06663805295757586	-0.01371380577024042
VUILD96LA_150_20_19	VUILD96LA	VUILD96	fold_5	epithelial_transitional	DISEASE_ADJUSTED	2.93723517425127	2.5047941609221644	2.6054215572639605	2.581467919081924	2.6362326398687452	2.586338550269095	2.4246322469329695	2.2900990245759445	2.5863197928477115	2.460216541898795	2.5725034845794568	2.840258414239643	0.35576725516934626	-0.012392669656731971
VUILD96LA_150_20_21	VUILD96LA	VUILD96	fold_5	epithelial_transitional	DISEASE_ADJUSTED	3.25387536676257	2.487124650046472	2.620399622705589	2.6448474555135135	2.3158653735735673	2.370767985064034	2.444682114161277	2.2900955978224475	2.390717733099827	2.2873667204299166	2.352750879813656	2.725745520197271	0.6090279112490564	-0.013060037990370331
VUILD96LA_150_20_23	VUILD96LA	VUILD96	fold_5	epithelial_transitional	DISEASE_ADJUSTED	2.35762887162505	2.4694551391707797	2.4276767134188706	2.505098013005257	2.242663607451308	2.2580544614497526	2.405374242554007	2.2900921710689506	2.4639278707167986	2.3121233670137076	2.4708788631740095	2.5364679535435477	-0.14746914138020717	-0.013793761203442799
VUILD96LA_150_20_24	VUILD96LA	VUILD96	fold_5	epithelial_transitional	DISEASE_ADJUSTED	2.34631935178508	2.4606203837329335	2.5874551634353686	2.5730580240922443	2.1532920948794825	2.204146477221174	2.470797512651779	2.290090457692202	2.2371947531474623	2.297218446538286	2.2453052981294235	2.2649987127126385	-0.22673867230716427	-0.013930595712749025
VUILD96LA_150_20_25	VUILD96LA	VUILD96	fold_5	epithelial_transitional	DISEASE_ADJUSTED	2.38817723470168	2.4517856282950876	2.5544011888801794	2.605952201888583	2.4215577800350787	2.427721903241559	2.438498290439257	2.2900887443154536	2.43679867441729	2.4587929461014677	2.440721985186518	2.290730162714131	-0.21777496718690292	-0.012154703192580505
VUILD96LA_150_20_26	VUILD96LA	VUILD96	fold_5	epithelial_transitional	DISEASE_ADJUSTED	2.84478304424791	2.4429508728572413	2.5383994942823436	2.7406416553866233	2.470079154218178	2.5128349095706675	2.410087704488536	2.290087030938705	2.5195109347077183	2.4560999170926108	2.4870627649108217	2.60297995327851	0.10414138886128654	-0.012070662219740728
VUILD96LA_150_21_11	VUILD96LA	VUILD96	fold_5	epithelial_transitional	DISEASE_ADJUSTED	2.664806332872	2.577204577136863	2.4128282499819926	2.2908184883049993	2.3726473178557557	2.364592130221203	2.387369965441976	2.290114169214092	2.4336695142273435	2.222307709751324	2.457649091256275	2.085346411167263	0.37398784456700085	-0.01309215225295162
VUILD96LA_150_21_15	VUILD96LA	VUILD96	fold_5	epithelial_transitional	DISEASE_ADJUSTED	2.4940881644782	2.5418655553854785	2.459759491238074	2.4514735688292317	2.6925597229128977	2.58442790422141	2.37220099967001	2.2901073157070986	2.350205885499593	2.2502934863701434	2.3285862615806487	2.473511742479002	0.0426145956489683	-0.012547265901615081
VUILD96LA_150_2_14	VUILD96LA	VUILD96	fold_5	epithelial_transitional	DISEASE_ADJUSTED	2.86884666177466	2.5177852292966603	2.5713548213325756	2.6222186552799	2.4942302586019403	2.5136302929671603	2.491465441898109	2.290081714224804	2.447253668673154	2.408918932425365	2.4246402296440372	2.1586708042985525	0.24662800649476013	-0.01240692759653844
VUILD96LA_150_2_15	VUILD96LA	VUILD96	fold_5	epithelial_transitional	DISEASE_ADJUSTED	3.17210184234378	2.5089504738588144	2.3723970691633305	2.477014694577983	2.2024290834693514	2.2814050958912646	2.4233146965852934	2.2900800008480555	2.333139697123525	2.2304736964372007	2.318628172471347	2.2420302627912214	0.6950871477657969	-0.012972035163885062
VUILD96LA_150_2_19	VUILD96LA	VUILD96	fold_5	epithelial_transitional	DISEASE_ADJUSTED	2.58458216706585	2.4736114521074297	2.26860804408409	2.393693998798905	2.153509705649825	2.193870078852401	2.400638279594744	2.2900731473410616	2.1967924534203553	2.1451877647736493	2.1791825414115706	2.270151279018872	0.190888168266945	-0.01294423225951915
VUILD96LA_150_3_10	VUILD96LA	VUILD96	fold_5	epithelial_transitional	DISEASE_ADJUSTED	2.9000796120393	2.5548566237599744	2.3868888316790984	2.408709726645676	2.194805210642892	2.2586873186114587	2.4846397845594845	2.290090005355958	2.4134444164533924	2.3051626894306074	2.410357476958732	2.2147147236973352	0.4913698853936239	-0.013431190291359358
VUILD96LA_150_3_14	VUILD96LA	VUILD96	fold_5	epithelial_transitional	DISEASE_ADJUSTED	3.01150060359902	2.5195176020085897	2.37123455544729	2.5030009816492447	2.26355873743542	2.3212206813594873	2.4468183127462915	2.290083151848964	2.3667417249569103	2.2828976793512563	2.3549861240584837	2.2015840083809164	0.5084996219497753	-0.012809150290508681
VUILD96LA_150_3_15	VUILD96LA	VUILD96	fold_5	epithelial_transitional	DISEASE_ADJUSTED	2.41441944781694	2.510682846570744	2.474248981291923	2.441009648492663	2.2229697519853056	2.224870640004739	2.412338062812073	2.2900814384722157	2.1686364980121415	2.1784619396291354	2.149594399306988	2.5430649835682186	-0.02659020067572282	-0.013052206817731827
VUILD96LA_150_3_19	VUILD96LA	VUILD96	fold_5	epithelial_transitional	DISEASE_ADJUSTED	2.77252516449609	2.4753438248193596	2.623355714654221	2.5681022970923437	2.2692990613571964	2.276068220885953	2.419992109873393	2.2900745849652218	2.288014887910053	2.281413383624745	2.266889274511491	2.38689816838188	0.20442286740374627	-0.013014594203565608
VUILD96LA_150_3_23	VUILD96LA	VUILD96	fold_5	epithelial_transitional	DISEASE_ADJUSTED	2.34211891103697	2.440004803067975	2.1769436607638895	2.1808161323044057	2.1501027163853155	2.1611002205379797	2.3982529144372027	2.290067731458228	2.343558032501784	2.2369254514714165	2.3638141512706	2.2619193758736182	0.16130277873256427	-0.013751255025550886
VUILD96LA_150_4_12	VUILD96LA	VUILD96	fold_5	epithelial_transitional	DISEASE_ADJUSTED	2.76346944694412	2.538919485596212	2.3706546849452224	2.4745281033714814	2.2288289175535843	2.1959833158624207	2.4550035287782084	2.2900880162266213	2.215304979916063	2.2759210674742407	2.1979203408858736	2.219870915480473	0.2889413435726387	-0.014415539407060866
VUILD96LA_150_4_13	VUILD96LA	VUILD96	fold_5	epithelial_transitional	DISEASE_ADJUSTED	3.195220036803	2.5300847301583658	2.3707556915165275	2.4037361390654386	2.4129784626181205	2.428421102818901	2.4486027210818535	2.290086302849873	2.4559064689118646	2.4067121652359273	2.457092381244908	2.190937620627144	0.7914838977375616	-0.012403188604893534
VUILD96LA_150_4_14	VUILD96LA	VUILD96	fold_5	epithelial_transitional	DISEASE_ADJUSTED	3.20405616039002	2.5212499747205195	2.369688599164576	2.324003660091296	2.2289827453517104	2.223411330763413	2.451700716154091	2.2900845894731243	2.319066634634219	2.1851908228759878	2.3239937298132487	2.3992344336161104	0.8800525002987238	-0.013036185078640624
VUILD96LA_150_4_18	VUILD96LA	VUILD96	fold_5	epithelial_transitional	DISEASE_ADJUSTED	2.52489572496294	2.4859109529691352	2.2415684034107577	2.2878476725803694	1.9483438088796206	1.995765972297118	2.398535177947542	2.2900777359661304	2.1511426380557217	2.199510263352817	2.1529864126173703	2.452649147223491	0.23704805238257043	-0.014787964105445755
VUILD96LA_150_5_10	VUILD96LA	VUILD96	fold_5	epithelial_transitional	DISEASE_ADJUSTED	3.08768052669141	2.5583213691838336	2.3967388334653177	2.3154270304533378	2.1468356980353365	2.196074288593748	2.4927583792469497	2.2900928806042784	2.214709151954049	2.262395651276564	2.222219097195367	2.5847807217806658	0.772253496238072	-0.013475651691630636
VUILD96LA_150_5_14	VUILD96LA	VUILD96	fold_5	epithelial_transitional	DISEASE_ADJUSTED	2.92808003390561	2.5229823474324493	2.3786614298714914	2.365405737283611	2.1985676586219616	2.2184475603121814	2.451796268213599	2.2900860270972845	2.2455437848078206	2.2742839747668255	2.2435439714828758	2.396581256802935	0.5626742966219989	-0.013182025780163935
VUILD96LA_150_5_19	VUILD96LA	VUILD96	fold_5	epithelial_transitional	DISEASE_ADJUSTED	2.58499258583421	2.4788085702432188	2.252914482095328	2.273819394593884	2.2767921230790678	2.288203623207576	2.406244036363474	2.290077460213542	2.2853448662743965	2.229535974595859	2.284189330869805	2.8955537616894667	0.3111731912403264	-0.012632466750564328
VUILD96LA_150_5_22	VUILD96LA	VUILD96	fold_5	epithelial_transitional	DISEASE_ADJUSTED	3.39569115901957	2.4523043039296804	2.334726605413405	2.4133783469027206	2.160542757984035	2.255416192769751	2.365158855803086	2.2900723200832966	2.4881611709464897	2.384369239933557	2.4826779054592705	2.5582619762352903	0.9823128121168496	-0.013388455594287736
VUILD96LA_150_5_24	VUILD96LA	VUILD96	fold_5	epithelial_transitional	DISEASE_ADJUSTED	3.13914967596425	2.4346347930539882	2.4885241377530156	2.595689712378756	2.4526133521913027	2.443069134745435	2.4077220855708474	2.2900688933297997	2.50729850327886	2.318904858156177	2.473487714678805	2.2862692866854877	0.543459963585494	-0.01369813864049939
VUILD96LA_150_5_25	VUILD96LA	VUILD96	fold_5	epithelial_transitional	DISEASE_ADJUSTED	3.26533872550104	2.425800037616142	2.597944822172621	2.6235217919521245	2.5902094719606743	2.5997114589738426	2.385434783963839	2.290067179953051	2.665178305168525	2.488109179965342	2.6405677918201382	2.858597904728335	0.6418169335489154	-0.012056837285835018
VUILD96LA_150_5_27	VUILD96LA	VUILD96	fold_5	epithelial_transitional	DISEASE_ADJUSTED	3.65031068654562	2.40813052674045	2.4135320149839745	2.507503060334165	2.7843745370445867	2.7206940793305154	2.392069795901438	2.2900637531995542	2.634315093925081	2.5287199138836103	2.6240813247481736	2.6869638690962767	1.142807626211455	-0.01158048774861507
VUILD96LA_150_6_11	VUILD96LA	VUILD96	fold_5	epithelial_transitional	DISEASE_ADJUSTED	1.68111692279189	2.5512189864579176	2.3772714598719253	2.333312906661991	2.389066088619964	2.3677744699299854	2.423503936695928	2.29009260485169	2.5129018743670293	2.2987652222078445	2.5126684084486133	2.8920216198571365	-0.652195983870101	-0.013436977737159472
VUILD96LA_150_6_18	VUILD96LA	VUILD96	fold_5	epithelial_transitional	DISEASE_ADJUSTED	2.31825221017665	2.4893756983929944	2.2913744945863694	2.1774525778741234	2.445603270692204	2.3479215881581226	2.432771542214262	2.2900806112144507	2.207237141667149	2.338076323042502	2.223351738870741	2.5128326724235723	0.14079963230252668	-0.014280714686929478
VUILD96LA_150_6_21	VUILD96LA	VUILD96	fold_5	epithelial_transitional	DISEASE_ADJUSTED	3.24277715827781	2.462871432079456	2.3963757795070206	2.4219686444934427	2.473202182406033	2.4666518165572957	2.3750371930886205	2.2900754710842053	2.468122609992294	2.423269804693214	2.4672960474682446	2.6288434339573237	0.8208085137843675	-0.012399755485464603
VUILD96LA_150_6_22	VUILD96LA	VUILD96	fold_5	epithelial_transitional	DISEASE_ADJUSTED	2.86060606657648	2.4540366766416097	2.6115548747817043	2.6363999352989502	2.3290902437131957	2.4234873536700787	2.397939186333051	2.290073757707457	2.555495255706986	2.363814718093636	2.5361530000472854	2.2491114289184826	0.22420613127752986	-0.012543511325501081
VUILD96LA_150_6_24	VUILD96LA	VUILD96	fold_5	epithelial_transitional	DISEASE_ADJUSTED	3.08499435749925	2.436367165765918	2.653017409316262	2.7436485740960697	2.371660492912456	2.3893254871833074	2.3585672484659166	2.29007033095396	2.354856434864004	2.4657222442992204	2.3217381191371533	2.2542120160795363	0.34134578340318056	-0.013782225769752483
VUILD96LA_150_6_25	VUILD96LA	VUILD96	fold_5	epithelial_transitional	DISEASE_ADJUSTED	2.81555478225488	2.4275324103280718	2.5290874672044064	2.5467326681510802	2.6045670041102755	2.6512031419499476	2.3520749389794062	2.2900686175772114	2.7039437477385353	2.585478412664644	2.6895532662832715	2.3615402531567824	0.26882211410379986	-0.011612984329911528
VUILD96LA_150_6_26	VUILD96LA	VUILD96	fold_5	epithelial_transitional	DISEASE_ADJUSTED	3.66584343474589	2.418697654890226	2.4293501529235697	2.532491797059621	2.785548764947358	2.6954208405555384	2.3175835422846025	2.290066904200463	2.7739035892588135	2.5394161485295923	2.7719996230576056	2.7903386859871118	1.1333516376862693	-0.011730223356029587
VUILD96LA_150_6_27	VUILD96LA	VUILD96	fold_5	epithelial_transitional	DISEASE_ADJUSTED	3.44205379080853	2.4098628994523796	2.4604578649681814	2.5805425743588986	2.537067592059531	2.552383585476	2.4283064684843314	2.2900651908237144	2.6697574392978725	2.487210237154058	2.6659767618832895	2.1275919042777094	0.8615112164496312	-0.012089152888323611
VUILD96LA_150_6_28	VUILD96LA	VUILD96	fold_5	epithelial_transitional	DISEASE_ADJUSTED	3.77904164376925	2.4010281440145333	2.67357875090263	2.636670205423361	2.3003693284752047	2.422111334271784	2.3934084677506995	2.290063477446966	2.614033826667609	2.547949772511896	2.598731125963807	2.290998095746986	1.1423714383458887	-0.012622142580999817
VUILD96LA_150_6_7	VUILD96LA	VUILD96	fold_5	epithelial_transitional	DISEASE_ADJUSTED	3.15258173175834	2.586558008209302	2.367000244308938	2.334276329766017	2.4633531888177065	2.3937842445428226	2.390816449713278	2.290099458358684	2.3476709031281087	2.3531972756181005	2.3575896441191397	2.6290005504766985	0.8183054019923226	-0.012701276515909458
VUILD96LA_150_7_17	VUILD96LA	VUILD96	fold_5	epithelial_transitional	DISEASE_ADJUSTED	2.90223496867694	2.49994282654277	2.111060574861843	2.055733294788979	2.064381817776886	2.053577707138037	2.4167676692926157	2.2900837622153594	2.2500934068304814	2.2238622348120534	2.2855602683199163	2.4106212665208213	0.8465016738879609	-0.014523490072699893
VUILD96LA_150_7_19	VUILD96LA	VUILD96	fold_5	epithelial_transitional	DISEASE_ADJUSTED	2.65600129119523	2.4822733156670784	2.286595778185194	2.141802832939691	2.1490008685646216	2.113434978686911	2.393015750020001	2.2900803354618624	2.1918854691185956	2.079652510999014	2.2012982452710466	2.4543548206488626	0.5141984582555388	-0.013363656086839237
VUILD96LA_150_7_20	VUILD96LA	VUILD96	fold_5	epithelial_transitional	DISEASE_ADJUSTED	2.89920562433298	2.473438560229232	2.2665562407313873	2.286720422246757	2.1283968444862205	2.1335112925894144	2.3995158001523436	2.290078622085114	2.267935760913907	2.105968984962268	2.262033661367177	2.03229361191251	0.6124852020862228	-0.013448657666144441
VUILD96LA_150_7_21	VUILD96LA	VUILD96	fold_5	epithelial_transitional	DISEASE_ADJUSTED	2.77309462219018	2.464603804791386	2.5993176526902344	2.5225596631054255	2.4235059599610094	2.4401207557500495	2.4147434298620425	2.2900769087083654	2.4102390321371523	2.355575152924405	2.390321618573836	2.3046684533828596	0.25053495908475476	-0.012688295017230471
VUILD96LA_150_7_22	VUILD96LA	VUILD96	fold_5	epithelial_transitional	DISEASE_ADJUSTED	3.22589243994034	2.4557690493535396	2.503018614396298	2.622803882944349	2.1947887264591923	2.303831022029495	2.4232891931588347	2.290075195331617	2.3341925747009977	2.3845243406546186	2.3198519094186967	2.058274791816665	0.6030885569959912	-0.013297860638071264
VUILD96LA_150_7_23	VUILD96LA	VUILD96	fold_5	epithelial_transitional	DISEASE_ADJUSTED	3.19941809213909	2.4469342939156937	2.418126441343934	2.5523126153407163	2.0719397146233733	2.1821360916740646	2.405088835381028	2.2900734819548685	2.428917398533526	2.381181715060476	2.424914451462922	2.211704561543022	0.6471054767983735	-0.013763918764309423
VUILD96LA_150_7_24	VUILD96LA	VUILD96	fold_5	epithelial_transitional	DISEASE_ADJUSTED	3.24370905129394	2.4380995384778474	2.663131447928475	2.6431785998136665	2.6307122098011426	2.6673515497151734	2.413999285102507	2.29007176857812	2.7805588503045486	2.615340515152067	2.7544424519456974	2.702820046460948	0.6005304514802736	-0.012000292388958429
VUILD96LA_150_7_26	VUILD96LA	VUILD96	fold_5	epithelial_transitional	DISEASE_ADJUSTED	3.45970901188016	2.4204300276021553	2.6198299129535343	2.596810073395426	2.5456640952664764	2.585372660274469	2.3779682574342145	2.290068341824623	2.6479304218637907	2.50757913415357	2.616465931119167	2.3545719057958134	0.8628989384847343	-0.012008483142901243
VUILD96LA_150_7_27	VUILD96LA	VUILD96	fold_5	epithelial_transitional	DISEASE_ADJUSTED	3.51070597129817	2.4115952721643095	2.5850062578407487	2.62544156800214	2.772343454739181	2.7185394203897846	2.4354861677521282	2.2900666284478746	2.8182933166713102	2.6260812106052085	2.796152806905747	2.804375106692289	0.8852644032960302	-0.011791527940046403
VUILD96LA_150_7_28	VUILD96LA	VUILD96	fold_5	epithelial_transitional	DISEASE_ADJUSTED	3.33654344511866	2.402760516726463	2.4798360419820513	2.6346138923960027	2.4817218555725145	2.5241065384830668	2.4247488967430897	2.290064915071126	2.538367293388339	2.4164603293103992	2.511838317156575	2.7453110043259117	0.7019295527226572	-0.012310905995381689
VUILD96LA_150_7_9	VUILD96LA	VUILD96	fold_5	epithelial_transitional	DISEASE_ADJUSTED	3.01409636437127	2.570620870045539	2.6052194799286674	2.508676545362877	2.35023749485376	2.310468129181773	2.3701977728296932	2.290097469229347	2.328669950303828	2.257860444716679	2.313232394120379	2.6283845847787575	0.505419819008393	-0.013385719635339407
VUILD96LA_150_8_17	VUILD96LA	VUILD96	fold_5	epithelial_transitional	DISEASE_ADJUSTED	2.40286063285336	2.5016751992547	2.2422644788584587	2.196043363021772	2.4459029372397723	2.387542592373629	2.4329691289182334	2.2900851998395195	2.378796843477822	2.3332782473621294	2.4023006849423636	2.7807333932183558	0.20681726983158777	-0.01321842130255076
VUILD96LA_150_8_18	VUILD96LA	VUILD96	fold_5	epithelial_transitional	DISEASE_ADJUSTED	2.54515706922224	2.4928404438168537	2.252985227475581	2.098679399471995	2.059815343047737	2.0690556283586914	2.417127557896939	2.290083486462771	2.177965256135378	2.1645625589032678	2.201068146322412	2.163978752895344	0.44647766975024483	-0.01459636367906012
VUILD96LA_150_8_19	VUILD96LA	VUILD96	fold_5	epithelial_transitional	DISEASE_ADJUSTED	2.86865542431632	2.484005688379008	2.2129261280672847	2.2541567595259444	2.2028428892086804	2.2017433386021867	2.448213858011416	2.2900817730860226	2.3404623224740693	2.1788135912940896	2.353222252139386	1.9295189436637172	0.6144986647903754	-0.013059372933393407
VUILD96LA_150_8_20	VUILD96LA	VUILD96	fold_5	epithelial_transitional	DISEASE_ADJUSTED	2.5565483221309	2.4751709329411615	2.4127304714461597	2.4447424469109653	2.4080078291451943	2.4317230237581042	2.426240847907999	2.290080059709274	2.3193577724418897	2.320822341558246	2.30053367736519	2.407006176217513	0.11180587521993468	-0.012683064635480582
VUILD96LA_150_8_21	VUILD96LA	VUILD96	fold_5	epithelial_transitional	DISEASE_ADJUSTED	3.47135469905945	2.4663361775033157	2.3894485959751726	2.532668686467216	2.083445149037097	2.1902965456581063	2.486119662056479	2.2900783463325256	2.3332491691308315	2.178618655851204	2.310396199051977	2.1346523088103613	0.938686012592234	-0.013445224971082114
VUILD96LA_150_8_22	VUILD96LA	VUILD96	fold_5	epithelial_transitional	DISEASE_ADJUSTED	3.39910259188963	2.4575014220654694	2.612918530641764	2.5975203276727052	2.35637613437364	2.377200520946908	2.3645077735437976	2.290076632955777	2.4345228400221384	2.4736730418742146	2.4274158819126264	2.3073587629056775	0.8015822642169246	-0.013126377662995008
VUILD96LA_150_8_23	VUILD96LA	VUILD96	fold_5	epithelial_transitional	DISEASE_ADJUSTED	2.8630799854612	2.4486666666276236	2.515621935687537	2.537646245238202	2.5630220881302295	2.549292497111961	2.3648206759217985	2.2900749195790286	2.676685526516679	2.5001096649886447	2.6695019860179556	2.61678715046231	0.3254337402229983	-0.012722068469416183
VUILD96LA_150_8_24	VUILD96LA	VUILD96	fold_5	epithelial_transitional	DISEASE_ADJUSTED	2.91508446991101	2.4398319111897773	2.5014521699642653	2.527364884621737	2.4259334135550956	2.443437666131398	2.410936210355335	2.29007320620228	2.4252667822179794	2.4876713043982566	2.4288370240109436	2.452083271132786	0.38771958528927275	-0.012898310328163833
VUILD96LA_150_8_25	VUILD96LA	VUILD96	fold_5	epithelial_transitional	DISEASE_ADJUSTED	3.60224379750018	2.430997155751931	2.518578978308691	2.524844042068233	2.7162341578375204	2.715379789479726	2.3965481895917717	2.2900714928255317	2.719863871179643	2.6253876726708745	2.7045545393127175	2.6830903426682235	1.077399755431947	-0.011125230638715067
VUILD96LA_150_8_26	VUILD96LA	VUILD96	fold_5	epithelial_transitional	DISEASE_ADJUSTED	3.31306529055273	2.422162400314085	2.602315762794359	2.679162388309202	2.563089952653225	2.5744316132578473	2.395295890517275	2.290069779448783	2.5873741254010785	2.484353875654687	2.5629718920877482	2.563179601985177	0.6339029022435279	-0.011799278630985363
VUILD96LA_150_8_27	VUILD96LA	VUILD96	fold_5	epithelial_transitional	DISEASE_ADJUSTED	2.68858062544909	2.413327644876239	2.4624002953099486	2.561277448500838	2.2910950286366987	2.366945767120048	2.4162751154019997	2.2900680660720347	2.499151805379175	2.4075665639810793	2.4765146646835543	2.2017450152091222	0.127303176948252	-0.01276333341238472
VUILD96LA_150_8_7	VUILD96LA	VUILD96	fold_5	epithelial_transitional	DISEASE_ADJUSTED	3.29377186960541	2.590022753633161	2.576987239429058	2.422830738131244	2.808724011482051	2.667345436281436	2.416036488562219	2.2901023336070043	2.4594380651313985	2.361721602304118	2.4571332598357434	2.633901066189562	0.870941131474166	-0.0118957641985498
VUILD96LA_150_8_8	VUILD96LA	VUILD96	fold_5	epithelial_transitional	DISEASE_ADJUSTED	2.92455261419327	2.581187998195315	2.19491365778019	2.2320522105569913	2.25165919677393	2.218704883015937	2.417485044904121	2.290100620230256	2.2886524682883604	2.091877968398438	2.2969401345024316	2.2601764154954993	0.6925004036362785	-0.012952074624422895
VUILD96LA_150_8_9	VUILD96LA	VUILD96	fold_5	epithelial_transitional	DISEASE_ADJUSTED	2.87269262731661	2.572353242757469	2.280741941851766	2.3159317787863207	2.30534530511831	2.3094127498418584	2.3776224097415533	2.2900989068535074	2.259805314493698	2.204446247738918	2.272637798976064	2.707662664518591	0.5567608485302893	-0.012950854603562495
VUILD96LA_150_9_10	VUILD96LA	VUILD96	fold_5	epithelial_transitional	DISEASE_ADJUSTED	3.45790540638048	2.5652508600315524	2.391042550625652	2.3370049528515993	2.109457491183585	2.096136638150578	2.399249600937044	2.290098631100919	2.1916247002061207	2.1450373702295993	2.1758946688923753	2.6900278146121925	1.120900453528881	-0.014345935149287694
VUILD96LA_150_9_18	VUILD96LA	VUILD96	fold_5	epithelial_transitional	DISEASE_ADJUSTED	2.47631592959062	2.4945728165287835	2.1528941784280295	2.2663132835557334	2.1231908628399303	2.0828825809933504	2.4470240078422423	2.290084924086931	2.2870327453150727	2.224142665389596	2.2984193562251316	2.371175726099548	0.21000264603488672	-0.014981585918108813
VUILD96LA_150_9_19	VUILD96LA	VUILD96	fold_5	epithelial_transitional	DISEASE_ADJUSTED	2.46025971475293	2.4857380610909376	2.4361593828900716	2.552300825316313	2.3800238029770666	2.4242664490959314	2.5019980063498104	2.2900832107101827	2.5594291398077735	2.358757116325075	2.5567128902515135	2.4491309786197735	-0.09204111056338293	-0.01239976438057686
VUILD96LA_150_9_21	VUILD96LA	VUILD96	fold_5	epithelial_transitional	DISEASE_ADJUSTED	2.6889857219724	2.468068550215245	2.4582226859564082	2.6155930635662408	2.224132872511653	2.2977650414243826	2.4638542781856803	2.2900797839566858	2.325756604365238	2.31547588007415	2.2983551597679175	2.194080567959522	0.07339265840615905	-0.013065932368325242
VUILD96LA_150_9_22	VUILD96LA	VUILD96	fold_5	epithelial_transitional	DISEASE_ADJUSTED	2.87844132027912	2.459233794777399	2.368801156779094	2.4719428121111346	2.338093547561042	2.4044497446202966	2.410237323540663	2.2900780705799373	2.410273275118898	2.410269055465819	2.3959535485328365	2.6258534157103233	0.4064985081679855	-0.013055572468806656
VUILD96LA_150_9_23	VUILD96LA	VUILD96	fold_5	epithelial_transitional	DISEASE_ADJUSTED	3.32918376960302	2.450399039339553	2.3857976204050773	2.4578406775288633	2.395435788291224	2.409997322683676	2.3905169182061927	2.290076357203189	2.556090758240795	2.396001047739778	2.568208651792559	2.62699251635503	0.8713430920741567	-0.013131283525658696
VUILD96LA_150_9_25	VUILD96LA	VUILD96	fold_5	epithelial_transitional	DISEASE_ADJUSTED	3.09283238535715	2.432729528463861	2.5371017204535957	2.55965128372711	2.5523219036232336	2.562318362809436	2.468516138702087	2.290072930449692	2.5502676602263215	2.4532423700986423	2.546797483872995	2.588145004755968	0.5331811016300403	-0.011638189680241513
VUILD96LA_150_9_26	VUILD96LA	VUILD96	fold_5	epithelial_transitional	DISEASE_ADJUSTED	3.36696457694951	2.423894773026015	2.5095768125641875	2.579482492316965	2.686322375246215	2.657960429761111	2.4340968161405607	2.2900712170729434	2.73617943382622	2.5217207347299806	2.728784489689018	2.546513732250578	0.7874820846325448	-0.011372416308028932
VUILD96LA_150_9_27	VUILD96LA	VUILD96	fold_5	epithelial_transitional	DISEASE_ADJUSTED	3.45769456895013	2.4150600175881687	2.5058450020492873	2.57290984430367	2.6152709890833603	2.631263980977876	2.408611170547004	2.290069503696195	2.686600937684517	2.545430888662422	2.681309567038417	2.510961630417662	0.88478472464646	-0.011621567050003934
VUILD96LA_150_9_28	VUILD96LA	VUILD96	fold_5	epithelial_transitional	DISEASE_ADJUSTED	3.19365138411186	2.4062252621503224	2.5456871360216216	2.632016436824216	2.4647635651948656	2.5209842196397085	2.362880944809855	2.2900677903194464	2.596219954951548	2.4874505517065537	2.5866024733171105	2.5566900469658	0.5616349472876441	-0.011944837512528735
VUILD96LA_150_9_29	VUILD96LA	VUILD96	fold_5	epithelial_transitional	DISEASE_ADJUSTED	3.41142473488823	2.397390506712476	2.519865346891219	2.5167222959387385	2.571233113192906	2.5535087932671083	2.4063476028996194	2.290066076942698	2.7730044210573506	2.6382454817318886	2.7646650531202575	2.618411394888674	0.8947024389494915	-0.01268157449729183
VUILD96LA_150_9_7	VUILD96LA	VUILD96	fold_5	epithelial_transitional	DISEASE_ADJUSTED	2.82994056364057	2.591755126345091	2.3639786114863135	2.364916084499827	2.3623727051256713	2.292369773736526	2.3911688426801496	2.2901037712311645	2.2968114849836714	2.253584400680051	2.3049545026057845	2.5484149992758875	0.46502447914074274	-0.013044382710604362
VUILD96LA_150_9_8	VUILD96LA	VUILD96	fold_5	epithelial_transitional	DISEASE_ADJUSTED	3.60991071795235	2.582920370907245	2.2129079991264575	2.2173249743016523	2.4961452790539784	2.4050798570203966	2.389060235561979	2.290102057854416	2.233433680667051	2.2374830633777494	2.2446320982062637	2.8189254997497617	1.3925857436506979	-0.012513740659004933
VUILD96MA_150_10_10	VUILD96MA	VUILD96	fold_5	epithelial_transitional	DISEASE_ADJUSTED	2.82550428674279	2.5644289704952867	2.6763746893741125	2.7998092065725078	2.4244297800425105	2.4451417576766064	2.4683347081149565	2.29010339714018	2.5071133642784056	2.5265698278469286	2.493154128267711	2.1856217798154525	0.025695080170282214	-0.013296281990155494
VUILD96MA_150_10_11	VUILD96MA	VUILD96	fold_5	epithelial_transitional	DISEASE_ADJUSTED	2.2278308803591	2.5555963512062467	2.796575267787484	2.797587354102913	2.3087124622532773	2.3798528770020915	2.4658618462887296	2.2901016840503257	2.440369268265878	2.4047505916773315	2.4267764493040986	2.193883096746045	-0.569756473743813	-0.013643227532487236
VUILD96MA_150_10_8	VUILD96MA	VUILD96	fold_5	epithelial_transitional	DISEASE_ADJUSTED	2.77899241329126	2.5820942090733663	2.7465116187041527	2.8422967075965166	2.3818037713850413	2.441691457918896	2.409086571220773	2.290106823319889	2.5328901253280827	2.4903639426772393	2.4864753541439857	2.5831638755094946	-0.06330429430525664	-0.012524401283029313
VUILD96MA_150_11_10	VUILD96MA	VUILD96	fold_5	epithelial_transitional	DISEASE_ADJUSTED	2.78533033869594	2.5659159439871533	2.7166951742233683	2.7936950937862286	2.5131628187752493	2.5114877626694754	2.5112564999289044	2.290104759474744	2.588238205011063	2.58562666259386	2.5814573199979662	2.6655322383684648	-0.008364755090288778	-0.012777587261137906
VUILD96MA_150_11_13	VUILD96MA	VUILD96	fold_5	epithelial_transitional	DISEASE_ADJUSTED	2.13950418631843	2.5394180861200337	2.6567090537035747	2.706014797231086	2.549189715575458	2.5221089920895814	2.5367519738246216	2.29009962020518	2.613593139936308	2.539281041411913	2.610860634281314	2.4324170401295735	-0.5665106109126561	-0.012242732728528206
VUILD96MA_150_11_22	VUILD96MA	VUILD96	fold_5	epithelial_transitional	DISEASE_ADJUSTED	1.93283973858056	2.459924512518675	2.690538601643139	2.777450112891086	1.6984671598794319	2.006570615848786	2.487828326582414	2.2900842023964896	1.9576789200501392	2.289217304947884	1.8899156844961198	1.807516132860191	-0.8446103743105258	-0.01438118423106588
VUILD96MA_150_11_23	VUILD96MA	VUILD96	fold_5	epithelial_transitional	DISEASE_ADJUSTED	1.85281414273678	2.4510918932296355	2.3470894403591758	2.516702024385282	1.9885830397120958	2.1920323155288246	2.531749050411038	2.290082489306635	2.2839069353724226	2.418100866876437	2.266570901731279	2.06918493789038	-0.6638878816485019	-0.013990511500813561
VUILD96MA_150_11_7	VUILD96MA	VUILD96	fold_5	epithelial_transitional	DISEASE_ADJUSTED	2.78254120927669	2.592413801854273	2.4558190866691203	2.4702859317160017	2.184092709799561	2.2818837201457933	2.332713330553433	2.2901098987443076	2.322053898572983	2.3654099035195504	2.286946770960375	2.223748216261317	0.31225527756068816	-0.013018437013854075
VUILD96MA_150_11_9	VUILD96MA	VUILD96	fold_5	epithelial_transitional	DISEASE_ADJUSTED	2.20760815476245	2.5747485632761933	2.699019283854058	2.7910404212898055	2.3914455951294293	2.429071454452166	2.44978107475192	2.2901064725645983	2.405123792791149	2.4094082942243085	2.381606017866341	2.1912781857846224	-0.5834322665273555	-0.01293899247780915
VUILD96MA_150_12_10	VUILD96MA	VUILD96	fold_5	epithelial_transitional	DISEASE_ADJUSTED	2.67417361786221	2.5674029174790203	2.8055816547241226	2.944641691778102	2.518945176429748	2.5335181813584158	2.510812695375977	2.2901061218093077	2.4975085938732065	2.5074117028906535	2.46609022491079	2.4326797033614422	-0.2704680739158922	-0.012847007704988648
VUILD96MA_150_12_11	VUILD96MA	VUILD96	fold_5	epithelial_transitional	DISEASE_ADJUSTED	2.6641951005128	2.5585702981899803	2.7641652568817667	2.7848116183762763	2.3373530131682623	2.34923550346459	2.5114541468825196	2.2901044087194533	2.526561422280411	2.4666107189377735	2.5017170522000596	2.6254816180975564	-0.12061651786347616	-0.013651655912201327
VUILD96MA_150_12_12	VUILD96MA	VUILD96	fold_5	epithelial_transitional	DISEASE_ADJUSTED	2.38152518662747	2.5497376789009403	2.6126358547072543	2.707997567135413	2.5641650759476917	2.496946212410834	2.4766425619404524	2.290102695629599	2.4593080756456844	2.5102619531417565	2.450863152617016	2.831639345910397	-0.32647238050794325	-0.012687929191391344
VUILD96MA_150_12_13	VUILD96MA	VUILD96	fold_5	epithelial_transitional	DISEASE_ADJUSTED	2.25733478273387	2.5409050596119007	2.7047018047043028	2.87443737441771	2.2293445326291135	2.305760231149846	2.4920613156203775	2.290100982539744	2.442248440043243	2.4363672720908798	2.4137659504621705	1.9094787238132935	-0.6171025916838402	-0.01313191964727918
VUILD96MA_150_12_14	VUILD96MA	VUILD96	fold_5	epithelial_transitional	DISEASE_ADJUSTED	2.28348483017766	2.5320724403228607	2.7945773998579786	3.006652625894513	2.220093734502164	2.3672207640204723	2.545274049455968	2.2900992694498896	2.5843973672634863	2.466938294933239	2.532340594348129	2.30159259701066	-0.723167795716853	-0.012529628423075468
VUILD96MA_150_12_21	VUILD96MA	VUILD96	fold_5	epithelial_transitional	DISEASE_ADJUSTED	2.64680640616695	2.4702441052995816	2.7037272453340147	2.859578059366073	2.24440079697653	2.3964371986497572	2.5130090491232453	2.290087277820908	2.352128187623788	2.4264240118701252	2.3000138467221594	2.1592891647912382	-0.21277165319912283	-0.01285926810840908
VUILD96MA_150_12_22	VUILD96MA	VUILD96	fold_5	epithelial_transitional	DISEASE_ADJUSTED	2.17331925524887	2.4614114860105416	2.5055477557421457	2.7016443092613986	2.0276001209315018	2.2160047226027775	2.5134767765808395	2.2900855647310534	2.3800175204058323	2.374214932871568	2.3397735666670942	2.048015632333841	-0.5283250540125288	-0.013553636187936655
VUILD96MA_150_12_23	VUILD96MA	VUILD96	fold_5	epithelial_transitional	DISEASE_ADJUSTED	2.09065915047774	2.452578866721502	2.52152916081052	2.6481721731260235	1.9333069943496726	2.1505024234312375	2.5413609086580466	2.290083851641199	2.243259571621657	2.3628209139875467	2.219256830534307	2.068885418822467	-0.5575130226482834	-0.014064163873413723
VUILD96MA_150_12_5	VUILD96MA	VUILD96	fold_5	epithelial_transitional	DISEASE_ADJUSTED	2.21268968291438	2.6115660139242194	2.6797221232620565	2.73809400347032	2.0581291216140913	2.2000182143519567	2.432806018641134	2.2901146872585803	2.2407068937627557	2.3530328832283307	2.187296727357758	2.2421345085707483	-0.52540432055594	-0.014177030796049159
VUILD96MA_150_12_6	VUILD96MA	VUILD96	fold_5	epithelial_transitional	DISEASE_ADJUSTED	2.92981106544704	2.6027333946351794	2.5014439825218724	2.5584617782460146	2.3105784318094997	2.346579218567232	2.380858364974662	2.290112974168726	2.3133934925436104	2.428011172495921	2.2948952342184215	2.4010577879378996	0.37134928720102556	-0.013076452026344687
VUILD96MA_150_12_9	VUILD96MA	VUILD96	fold_5	epithelial_transitional	DISEASE_ADJUSTED	2.32075698423589	2.57623553676806	2.746166216676437	2.8685359280466027	2.4815519551607235	2.5281479600593304	2.463504673386455	2.290107834899162	2.551642041586904	2.5090379529879288	2.54274887388022	2.190561016414946	-0.5477789438107128	-0.012690742206224001
VUILD96MA_150_13_10	VUILD96MA	VUILD96	fold_5	epithelial_transitional	DISEASE_ADJUSTED	2.58268446471022	2.568889890970887	2.9158394861955683	3.019335638029484	2.42606870050875	2.4783533661806323	2.5216598423100143	2.2901074841438716	2.4603845454784836	2.5231958400852412	2.4169013210062182	2.452006880417712	-0.43665117331926373	-0.012843410052915453
VUILD96MA_150_13_11	VUILD96MA	VUILD96	fold_5	epithelial_transitional	DISEASE_ADJUSTED	2.75304165859544	2.560057271681847	2.529324675644889	2.6641863852760337	2.0997667053794284	2.2288732271534477	2.506553226721595	2.290105771054017	2.299469654576987	2.423218446513222	2.278111940695834	2.012263610363906	0.08885527331940635	-0.014085540941257553
VUILD96MA_150_13_12	VUILD96MA	VUILD96	fold_5	epithelial_transitional	DISEASE_ADJUSTED	2.27268853337773	2.5512246523928073	2.573004415531977	2.765042624776104	2.161213221565202	2.281405749046858	2.515395929512038	2.2901040579641627	2.382270525617273	2.389878729956532	2.3424031093061797	2.1114627339144802	-0.49235409139837394	-0.01339336788466191
VUILD96MA_150_13_13	VUILD96MA	VUILD96	fold_5	epithelial_transitional	DISEASE_ADJUSTED	2.17501826151589	2.5423920331037673	2.9285217770095713	2.99813469940755	2.401339296801288	2.4629263256751193	2.5448661252191904	2.290102344874308	2.5582814260350912	2.5374444267380873	2.501218371094223	2.591472194609094	-0.82311643789166	-0.01242858624924418
VUILD96MA_150_13_17	VUILD96MA	VUILD96	fold_5	epithelial_transitional	DISEASE_ADJUSTED	2.34086045545707	2.5070615559476077	2.6381129573628477	2.9264355958030843	1.8211846244724024	2.0841631635894253	2.4803749760647613	2.2900954925148898	2.093891981296023	2.3158812304898295	2.0107231584329996	1.7072585616390599	-0.5855751403460143	-0.014457639735735071
VUILD96MA_150_13_21	VUILD96MA	VUILD96	fold_5	epithelial_transitional	DISEASE_ADJUSTED	2.56163428505536	2.4717310787914486	2.6101439062840472	2.8819882757706283	2.056821613680206	2.256294972745132	2.483073428192011	2.2900886401554716	2.3808961225048493	2.3758081401527926	2.3265485574921265	2.0419424942458573	-0.3203539907152684	-0.012915478646858285
VUILD96MA_150_13_22	VUILD96MA	VUILD96	fold_5	epithelial_transitional	DISEASE_ADJUSTED	2.06048335198349	2.4628984595024086	2.681876745916422	2.763707278007572	2.03206263293327	2.202223804984129	2.5526154245564574	2.2900869270656172	2.386778332183273	2.4011354101386284	2.3450869326640573	2.0466688786353893	-0.7032239260240822	-0.013992768212509343
VUILD96MA_150_13_6	VUILD96MA	VUILD96	fold_5	epithelial_transitional	DISEASE_ADJUSTED	2.32320683698821	2.6042203681270464	2.647621620234984	2.7203262229422065	2.422648945432597	2.4500388383418987	2.4542971847350885	2.2901143365032897	2.4283887044644246	2.525884602767002	2.414716022651429	2.186734210315123	-0.3971193859539963	-0.012576726919702266
VUILD96MA_150_13_9	VUILD96MA	VUILD96	fold_5	epithelial_transitional	DISEASE_ADJUSTED	2.12254548853043	2.5777225102599264	2.6836809696547355	2.878941815027625	2.173448369483244	2.358046451147065	2.4370405274565736	2.290109197233726	2.38418851908524	2.3907733690711126	2.3597716556024415	1.8648313054751458	-0.7563963264971951	-0.012466597286648772
VUILD96MA_150_14_10	VUILD96MA	VUILD96	fold_5	epithelial_transitional	DISEASE_ADJUSTED	2.62846454812777	2.5703768644627534	2.7336606533569348	3.031598729784652	2.2829560709900454	2.3832678797097957	2.4362566345639634	2.2901088464784354	2.4346100110129987	2.484664246174852	2.3780070867507503	2.4161551921012334	-0.4031341816568821	-0.012934776522830203
VUILD96MA_150_14_11	VUILD96MA	VUILD96	fold_5	epithelial_transitional	DISEASE_ADJUSTED	2.44966624615444	2.561544245173714	2.5843228585620635	2.7710589922458113	2.3117885218562284	2.393549770078771	2.5036249614607766	2.290107133388581	2.3979960983932673	2.5397636613676484	2.354680689261045	2.3941890453609282	-0.32139274609137125	-0.013599763061703017
VUILD96MA_150_14_12	VUILD96MA	VUILD96	fold_5	epithelial_transitional	DISEASE_ADJUSTED	2.56196735422609	2.552711625884674	2.6705220645390138	2.732260021159078	2.0265656159950964	2.2167410117093564	2.4536836953546377	2.2901054202987265	2.1602073781888684	2.3231584611075125	2.1146902822437608	1.7618048344013146	-0.17029266693298828	-0.013426743190986133
VUILD96MA_150_14_21	VUILD96MA	VUILD96	fold_5	epithelial_transitional	DISEASE_ADJUSTED	2.53096054717635	2.473218052283315	2.734775374212441	2.973940634032979	2.3258382008953515	2.4516282583448956	2.5398541341652954	2.290090002490036	2.4680458145406297	2.4381039095366055	2.3909080698413034	2.3937681592685385	-0.44298008685662893	-0.012749473207368515
VUILD96MA_150_14_22	VUILD96MA	VUILD96	fold_5	epithelial_transitional	DISEASE_ADJUSTED	2.25244021168332	2.464385432994275	2.6258126501884527	2.898424438482145	1.9966582387292464	2.217604526965503	2.506368706740715	2.290088289400181	2.488859250103674	2.446168490605685	2.4205329591520774	2.255865321965643	-0.645984226798825	-0.013559720492201064
VUILD96MA_150_14_23	VUILD96MA	VUILD96	fold_5	epithelial_transitional	DISEASE_ADJUSTED	2.43812900849311	2.4555528137052356	2.570320122794361	2.6801035316521675	2.1344485353617553	2.300590402850667	2.5412703077977703	2.2900865763103266	2.4035923505616372	2.4157297486423377	2.3807240940181025	2.085191934317804	-0.24197452315905732	-0.013046713095130993
VUILD96MA_150_14_24	VUILD96MA	VUILD96	fold_5	epithelial_transitional	DISEASE_ADJUSTED	2.21592057717897	2.4467201944161956	2.411809994363982	2.6762121760014392	2.4344003209019056	2.5148503133390627	2.5302541981021296	2.2900848632204722	2.61639704935854	2.5712911662232356	2.5873538353587695	2.310759822782018	-0.4602915988224692	-0.012294537114429592
VUILD96MA_150_14_5	VUILD96MA	VUILD96	fold_5	epithelial_transitional	DISEASE_ADJUSTED	2.29995638945533	2.614539960907953	2.930133550289913	2.94287532923118	2.252357933344005	2.3341753622201042	2.431985198043321	2.290117411927708	2.3639190057698203	2.488076931364444	2.3200764697192118	2.1960197334008833	-0.6429189397758499	-0.013561920601675602
VUILD96MA_150_14_6	VUILD96MA	VUILD96	fold_5	epithelial_transitional	DISEASE_ADJUSTED	2.45815669306632	2.605707341618913	2.6286101747018993	2.8221289441508786	2.5775570359723683	2.530893241508015	2.432333177563722	2.2901156988378535	2.4540817899315646	2.514126420673047	2.4294174165806766	2.2187638581393507	-0.36397225108455844	-0.012598971621883025
VUILD96MA_150_15_10	VUILD96MA	VUILD96	fold_5	epithelial_transitional	DISEASE_ADJUSTED	2.42214485739741	2.5718638379546204	3.020985035873781	3.1398414901610048	2.3721124776297793	2.4766016938225133	2.4922859179157046	2.290110208812999	2.5583370943881114	2.5254350489373376	2.482376420618039	2.5231831650709218	-0.717696632763595	-0.013234245297933989
VUILD96MA_150_15_21	VUILD96MA	VUILD96	fold_5	epithelial_transitional	DISEASE_ADJUSTED	2.45025904906579	2.4747050257751817	2.4642552906283814	2.8402113495666637	2.295925549002589	2.3687582018685127	2.482860052963458	2.2900913648245997	2.3983790143617596	2.5067832978141906	2.3187126353394523	2.3194084823109655	-0.3899523005008736	-0.01356849877800747
VUILD96MA_150_15_23	VUILD96MA	VUILD96	fold_5	epithelial_transitional	DISEASE_ADJUSTED	2.85263836179582	2.457039787197102	2.5962166840862944	2.8155567157821224	2.4722644271084477	2.509910989260466	2.495012240332825	2.2900879386448905	2.493998087581204	2.6491142065364857	2.457837537157406	2.4845983323618377	0.03708164601369779	-0.013118385004787892
VUILD96MA_150_15_24	VUILD96MA	VUILD96	fold_5	epithelial_transitional	DISEASE_ADJUSTED	2.43660067714145	2.448207167908062	2.690379596811802	2.8621505336890736	2.549912863624009	2.5895080136080404	2.503170064548736	2.290086225555036	2.575840980480451	2.613110533841102	2.512055361594643	2.748444945475662	-0.4255498565476237	-0.012075181640671838
VUILD96MA_150_15_28	VUILD96MA	VUILD96	fold_5	epithelial_transitional	DISEASE_ADJUSTED	2.16839974845684	2.4128766907519026	2.2999968249738276	2.408059693565569	1.7582203097806839	2.0619073757560207	2.519794928476807	2.290079373195618	2.2267367449608506	2.3551590465698364	2.2348305847102687	1.7305981718472003	-0.23965994510872912	-0.014020161788346693
VUILD96MA_150_15_29	VUILD96MA	VUILD96	fold_5	epithelial_transitional	DISEASE_ADJUSTED	2.29487386232129	2.4040440714628626	2.3545171653946824	2.3981442772397155	2.0496797002097176	2.227655496472934	2.4963768654766123	2.2900776601057635	2.3023701826408427	2.4230132311306494	2.2872096211200867	2.0473590917917575	-0.10327041491842559	-0.013487606972129985
VUILD96MA_150_15_5	VUILD96MA	VUILD96	fold_5	epithelial_transitional	DISEASE_ADJUSTED	2.40697550021662	2.6160269343998195	2.682318115822852	2.7017431943988726	2.235678831108367	2.333580907904707	2.4394747084771624	2.2901187742622717	2.3561728345581234	2.4970072598963955	2.340715141223201	2.168304078072582	-0.29476769418225235	-0.01331538611649017
VUILD96MA_150_15_7	VUILD96MA	VUILD96	fold_5	epithelial_transitional	DISEASE_ADJUSTED	2.49049798149633	2.5983616958217395	2.73429971323459	2.87604393204335	2.4755122599423385	2.4976417817800542	2.487277824388511	2.290115348082563	2.529500763822235	2.5056736898101235	2.492412592353129	2.4684910612931734	-0.38554595054702023	-0.012278367801697183
VUILD96MA_150_15_8	VUILD96MA	VUILD96	fold_5	epithelial_transitional	DISEASE_ADJUSTED	2.78936500149239	2.5895290765327	2.6883803428025255	2.768160717406608	2.409927170568322	2.443764300676825	2.4671943270736825	2.290113634992708	2.5041203506308647	2.4503792908193005	2.4791150034623173	1.9448484494085991	0.02120428408578201	-0.012889471003963107
VUILD96MA_150_15_9	VUILD96MA	VUILD96	fold_5	epithelial_transitional	DISEASE_ADJUSTED	2.78169356214095	2.58069645724366	2.650709608457776	2.9628797120186765	2.6170923821218675	2.5933849577038175	2.468273905207331	2.2901119219028536	2.6944724886222122	2.641211250007244	2.669461036735307	2.6484321784125404	-0.18118614987772652	-0.01266572126410517
VUILD96MA_150_16_21	VUILD96MA	VUILD96	fold_5	epithelial_transitional	DISEASE_ADJUSTED	2.49460882841322	2.4761919992670487	2.807971994728102	2.9959227964353934	2.106036731016571	2.282490710735051	2.444196430559221	2.2900927271591636	2.2986892549071234	2.397167652655243	2.1966425425143865	2.3547842815841884	-0.5013139680221732	-0.013416398229651858
VUILD96MA_150_16_22	VUILD96MA	VUILD96	fold_5	epithelial_transitional	DISEASE_ADJUSTED	2.25991187734403	2.4673593799780087	2.9244069402779282	3.139876943176228	2.437023704226965	2.512536165034541	2.4511813357742502	2.2900910140693087	2.4359924291557937	2.4891325682196386	2.3479150430068483	2.5265379725333057	-0.8799650658321978	-0.013829164171692445
VUILD96MA_150_16_23	VUILD96MA	VUILD96	fold_5	epithelial_transitional	DISEASE_ADJUSTED	2.32633493018986	2.4585267606889687	2.5550959538894173	2.847287240897292	2.3312623718588	2.40217216721184	2.4508911233912727	2.2900893009794543	2.4839538867149518	2.5144030619329434	2.4288643732050494	2.488093004613093	-0.5209523107074321	-0.013182760218274955
VUILD96MA_150_16_27	VUILD96MA	VUILD96	fold_5	epithelial_transitional	DISEASE_ADJUSTED	2.89043969140894	2.423196283532809	2.689402467305124	2.879376945116918	2.3832552834656076	2.465307854886385	2.551951982461164	2.290082448620036	2.528768997458719	2.4962815031665495	2.4937258441932126	2.057084564246588	0.011062746292021863	-0.012681782919087689
VUILD96MA_150_16_28	VUILD96MA	VUILD96	fold_5	epithelial_transitional	DISEASE_ADJUSTED	2.84495988876355	2.4143636642437696	2.440401519404555	2.497243031688866	2.275581052143613	2.3807922983419276	2.5195164642973773	2.2900807355301818	2.4034369169183303	2.507902188152335	2.417174493759036	2.4278607755343073	0.34771685707468425	-0.013124553816083342
VUILD96MA_150_16_29	VUILD96MA	VUILD96	fold_5	epithelial_transitional	DISEASE_ADJUSTED	2.14897306426342	2.4055310449547296	2.466252038890461	2.533163051846686	2.1782542101725415	2.324368690001032	2.4872338683972663	2.2900790224403273	2.307719003609391	2.4962697335140973	2.2777917104894954	2.227818568780976	-0.38418998758326595	-0.01364882035305751
VUILD96MA_150_16_5	VUILD96MA	VUILD96	fold_5	epithelial_transitional	DISEASE_ADJUSTED	2.28475215094522	2.617513907891686	2.5415652713197363	2.6472837351855505	2.219317956246594	2.2829011248025486	2.447218358926291	2.2901201365968356	2.3331322215486128	2.3884115445630543	2.319874585746769	2.238605653662518	-0.3625315842403305	-0.013648436015496408
VUILD96MA_150_16_6	VUILD96MA	VUILD96	fold_5	epithelial_transitional	DISEASE_ADJUSTED	2.30790006835606	2.6086812886026465	2.736181740688209	2.8576863669426924	2.190244659596269	2.287439780763064	2.4603342454278456	2.290118423506981	2.3236540301113853	2.406030248394821	2.289100856627012	1.823847526321837	-0.5497862985866324	-0.013676079037638376
VUILD96MA_150_16_7	VUILD96MA	VUILD96	fold_5	epithelial_transitional	DISEASE_ADJUSTED	2.29388042896537	2.5998486693136065	2.780872080410326	2.85668500911303	2.5608665351109785	2.5560311756446046	2.507163353398381	2.2901167104171267	2.545906991604744	2.6279989645058626	2.521688727466994	2.787562063101744	-0.56280458014766	-0.011944845515332193
VUILD96MA_150_16_8	VUILD96MA	VUILD96	fold_5	epithelial_transitional	DISEASE_ADJUSTED	2.5313188248909	2.591016050024567	2.6769565437148892	2.8224052466923863	2.4905102335036813	2.5060997345422065	2.480543114006391	2.2901149973272723	2.5358148580032407	2.5664933620258092	2.5153897160859597	2.259305863597614	-0.29108642180148614	-0.012479455846881067
VUILD96MA_150_16_9	VUILD96MA	VUILD96	fold_5	epithelial_transitional	DISEASE_ADJUSTED	2.67999596426072	2.582183430735527	2.8024969715460872	2.9942838761372617	2.352992513727564	2.4434098394496098	2.5460293286636513	2.2901132842374174	2.5940860557015037	2.5455253472555186	2.541764168705538	2.4295070045365352	-0.3142879118765416	-0.012817768117340865
VUILD96MA_150_17_21	VUILD96MA	VUILD96	fold_5	epithelial_transitional	DISEASE_ADJUSTED	2.86416239611536	2.4776789727589152	2.667143375585446	2.898478945784969	2.500944785888975	2.4929775332391637	2.4832746712453884	2.2900940894937274	2.485604304633124	2.442185861459571	2.440206301220942	2.39910944579559	-0.03431654966960895	-0.0128396397428254
VUILD96MA_150_17_22	VUILD96MA	VUILD96	fold_5	epithelial_transitional	DISEASE_ADJUSTED	3.1045657137941	2.4688463534698752	2.7238669619777673	2.9059211045906164	2.2638934852052537	2.393349079232995	2.3978753172176193	2.2900923764038725	2.5179444469665166	2.4541533631681656	2.471928970797346	2.033434457423179	0.19864460920348348	-0.013427245079437312
VUILD96MA_150_17_24	VUILD96MA	VUILD96	fold_5	epithelial_transitional	DISEASE_ADJUSTED	2.25045701407636	2.4511811148917957	2.608581865192455	2.7021871843815344	2.5011174717683406	2.507749675746788	2.476423719226134	2.2900889502241637	2.601939128778618	2.5068835357399664	2.572912632081802	2.443158570873492	-0.45173017030517437	-0.01221045801353753
VUILD96MA_150_17_27	VUILD96MA	VUILD96	fold_5	epithelial_transitional	DISEASE_ADJUSTED	2.46941673048855	2.424683257024676	2.8245015435049408	2.9462622834199217	2.209070680042128	2.365112699250789	2.5474729385004413	2.2900838109546	2.6025737704324006	2.492193306637917	2.5593960037860572	2.4925248869490457	-0.47684555293137176	-0.01295605041700379
VUILD96MA_150_17_28	VUILD96MA	VUILD96	fold_5	epithelial_transitional	DISEASE_ADJUSTED	2.59854440350895	2.415850637735636	2.501430205334106	2.658588030607915	2.303551225591837	2.411235570827362	2.512852083048571	2.2900820978647456	2.3704751510402846	2.5706682683965907	2.350839030107341	2.6273891640718885	-0.0600436270989646	-0.012925030463126192
VUILD96MA_150_17_6	VUILD96MA	VUILD96	fold_5	epithelial_transitional	DISEASE_ADJUSTED	2.24370790934851	2.610168262094513	2.7787262503404877	2.793474484669975	2.2357020748514365	2.2914551539150367	2.462677141970644	2.290119785841545	2.231981335744862	2.5185998256435895	2.1985124750965594	2.3276716558296724	-0.5497665753214651	-0.013263193897626533
VUILD96MA_150_17_7	VUILD96MA	VUILD96	fold_5	epithelial_transitional	DISEASE_ADJUSTED	2.64484471569711	2.601335642805473	2.711377087992617	2.8413487876457664	2.5166316945216476	2.506464539567233	2.444604593553851	2.2901180727516905	2.4856713391007794	2.548783156025472	2.4525469773875335	2.6775648412974564	-0.19650407194865638	-0.012155045469423713
VUILD96MA_150_17_8	VUILD96MA	VUILD96	fold_5	epithelial_transitional	DISEASE_ADJUSTED	2.36526911253976	2.5925030235164335	2.761489394503393	2.875310049902108	2.3507157916854426	2.394218943162634	2.5263063419754848	2.290116359661836	2.402738362198327	2.407459355962945	2.380235376167029	2.4393228894205157	-0.5100409373623482	-0.012796480385550233
VUILD96MA_150_18_21	VUILD96MA	VUILD96	fold_5	epithelial_transitional	DISEASE_ADJUSTED	3.15797072543818	2.4791659462507822	2.706749158962827	2.7897099439078783	2.302902830140156	2.382217872842203	2.477862632278946	2.290095451828291	2.36838588083566	2.3852431483068597	2.3274623295373384	2.2097893659658525	0.3682607815303016	-0.012694708485051324
VUILD96MA_150_18_22	VUILD96MA	VUILD96	fold_5	epithelial_transitional	DISEASE_ADJUSTED	3.01241940290585	2.4703333269617422	2.540150942629881	2.844468087042464	2.5717438179107814	2.6208825705547514	2.483194567214105	2.2900937387384364	2.632217039078647	2.5020285046979907	2.6021594480605357	2.251813510733871	0.16795131586338607	-0.012335765311032912
VUILD96MA_150_18_24	VUILD96MA	VUILD96	fold_5	epithelial_transitional	DISEASE_ADJUSTED	2.06958954736215	2.4526680883836622	2.655027851258597	2.8402715054249157	2.6095081580612525	2.5872435260570334	2.453604724997948	2.2900903125587275	2.6097375962161653	2.4843216417458724	2.5773613834457483	2.4614877765544527	-0.7706819580627657	-0.012109395642634616
VUILD96MA_150_18_25	VUILD96MA	VUILD96	fold_5	epithelial_transitional	DISEASE_ADJUSTED	2.16184383801006	2.4438354690946222	2.555766377023906	2.748824372399941	2.293143593993031	2.4328113557792514	2.5275463465932204	2.290088599468873	2.5006569884377647	2.587967738170643	2.479258365845718	2.384038575779464	-0.5869805343898808	-0.012076489909939939
VUILD96MA_150_18_28	VUILD96MA	VUILD96	fold_5	epithelial_transitional	DISEASE_ADJUSTED	2.24113416458129	2.417337611227503	2.5846303745682597	2.59244525748511	2.212928763033199	2.3338313175740053	2.502474814052449	2.2900834601993094	2.4299010206438125	2.519199272620116	2.4169631117536143	2.4931046978086258	-0.3513110929038197	-0.01289819286084195
VUILD96MA_150_18_7	VUILD96MA	VUILD96	fold_5	epithelial_transitional	DISEASE_ADJUSTED	2.30350833991923	2.60282261629734	2.7876258401922223	2.761738602710165	2.358648362103063	2.429267997259865	2.481970573829486	2.2901194350862544	2.5258683130794437	2.601931850209633	2.5122494847248493	2.4061385858050195	-0.45823026279093515	-0.012252284442379621
VUILD96MA_150_18_8	VUILD96MA	VUILD96	fold_5	epithelial_transitional	DISEASE_ADJUSTED	2.73258808880956	2.5939899970083	2.6713413590353854	2.809397337579907	2.1660980474128713	2.3083295204824124	2.459040238114572	2.2901177219964	2.368298390942077	2.5823207194067153	2.330884048298368	2.5424324605915216	-0.0768092487703469	-0.012602869958352886
VUILD96MA_150_19_21	VUILD96MA	VUILD96	fold_5	epithelial_transitional	DISEASE_ADJUSTED	3.13117895243782	2.480652919742649	2.6175475663553804	2.8243883613803664	2.4748574444428018	2.487148751293876	2.5500666241203525	2.290096814162855	2.5246072204869052	2.520184583806843	2.5020580287556196	2.5842105891320686	0.30679059105745354	-0.012878043589258781
VUILD96MA_150_19_22	VUILD96MA	VUILD96	fold_5	epithelial_transitional	DISEASE_ADJUSTED	3.50776060215696	2.471820300453609	2.6794896337409866	2.7974659862547013	2.861813057861771	2.7703095846322707	2.5108638186379864	2.290095101073	2.8139256958438055	2.6780037284159497	2.7987917054697307	2.927875265613396	0.7102946159022587	-0.012422693798814726
VUILD96MA_150_19_24	VUILD96MA	VUILD96	fold_5	epithelial_transitional	DISEASE_ADJUSTED	2.5065261585201	2.4541550618755292	2.607352682138876	2.801817474973638	2.5142880506981684	2.5556409809713005	2.5490491227142424	2.2900916748932914	2.6190362140779913	2.570639433066777	2.5911493076101606	2.431041449118776	-0.2952913164535378	-0.012029818607193743
VUILD96MA_150_19_28	VUILD96MA	VUILD96	fold_5	epithelial_transitional	DISEASE_ADJUSTED	1.8454545117267	2.4188245847193697	2.3619231900352973	2.3498914181546966	2.2933092628959235	2.3880344944544714	2.4899635877250526	2.2900848225338732	2.3071246847926705	2.4744060579724274	2.32964741553025	1.984687774767682	-0.5044369064279965	-0.01297873738060237
VUILD96MA_150_19_7	VUILD96MA	VUILD96	fold_5	epithelial_transitional	DISEASE_ADJUSTED	2.5209208733461	2.6043095897892066	2.6949100681051554	2.7943067893821034	2.2777920869330086	2.398052787859894	2.4946117914010277	2.290120797420818	2.5933335480948516	2.5611150420452433	2.5615160132518486	2.478536803203463	-0.27338591603600326	-0.012201111902256387
VUILD96MA_150_19_8	VUILD96MA	VUILD96	fold_5	epithelial_transitional	DISEASE_ADJUSTED	2.50620189130703	2.595476970500167	2.643194709719463	2.663207756074482	2.262359928302253	2.3349286969658856	2.464398708170398	2.290119084330964	2.351515108355403	2.4505015277458937	2.3341381885499692	1.9022078010013799	-0.15700586476745215	-0.012994141315054084
VUILD96MA_150_1_12	VUILD96MA	VUILD96	fold_5	epithelial_transitional	DISEASE_ADJUSTED	2.31456190438365	2.5333809704904064	2.5241935736693084	2.6414342294002586	2.2316462621491637	2.3509391837105804	2.4081830097450294	2.2900877099493964	2.3203624098959232	2.4161146174161283	2.291118159001384	2.0853734740222647	-0.32687232501660857	-0.012552688790089863
VUILD96MA_150_1_16	VUILD96MA	VUILD96	fold_5	epithelial_transitional	DISEASE_ADJUSTED	2.87298333479502	2.498050493334247	2.7890965127047167	2.9324879100012384	2.5138918242902792	2.561140942720358	2.476444553327275	2.2900808575899783	2.5827074036863413	2.588646966355614	2.5319875219503363	2.561176346698079	-0.05950457520621821	-0.013002629922453659
VUILD96MA_150_1_17	VUILD96MA	VUILD96	fold_5	epithelial_transitional	DISEASE_ADJUSTED	3.5830594969646	2.489217874045207	2.797469797757786	2.7364355751572798	2.2746238955099383	2.3660468793606375	2.5333951967758495	2.290079144500124	2.5035674443471954	2.422418172956442	2.465977626205054	1.9661102597155415	0.8466239218073204	-0.013753555268266764
VUILD96MA_150_20_20	VUILD96MA	VUILD96	fold_5	epithelial_transitional	DISEASE_ADJUSTED	2.58358119789342	2.4909725125235553	2.660736536099239	2.870953578955923	2.4251915882926616	2.522832455417964	2.5182709661295193	2.2900998895872733	2.67513496509754	2.547369270167172	2.639142149107315	2.2266651129473143	-0.28737238106250285	-0.012259931133501675
VUILD96MA_150_20_21	VUILD96MA	VUILD96	fold_5	epithelial_transitional	DISEASE_ADJUSTED	2.52489230370984	2.4821398932345153	2.675383028406859	2.770249375925978	2.2753059946326686	2.356099152534429	2.483676638042993	2.290098176497419	2.4098890127875685	2.515002932233357	2.391790501477842	2.094432841872746	-0.24535707221613823	-0.013011140535964976
VUILD96MA_150_20_22	VUILD96MA	VUILD96	fold_5	epithelial_transitional	DISEASE_ADJUSTED	3.59269130132028	2.4733072739454753	2.7028724573261336	2.8049202624495564	2.675851200380518	2.6061389129056094	2.5290645984642124	2.290096463407564	2.6563060070420135	2.6137264171968324	2.649483971264228	2.7633612381656794	0.7877710388707237	-0.012807751587757439
VUILD96MA_150_20_24	VUILD96MA	VUILD96	fold_5	epithelial_transitional	DISEASE_ADJUSTED	2.68077474027644	2.455642035367396	2.5364654293210944	2.687780889022871	2.4205276300830945	2.4971557229709833	2.538449273443482	2.290093037227855	2.5816458333366965	2.5378520715619746	2.5606432595250554	2.423435919189937	-0.007006148746430796	-0.012490450628105684
VUILD96MA_150_20_27	VUILD96MA	VUILD96	fold_5	epithelial_transitional	DISEASE_ADJUSTED	2.4415006996165	2.4291441775002762	2.419683466806817	2.6477604638019727	2.4106598272259356	2.4284188618077724	2.402394060427063	2.2900878979582915	2.2814094004470062	2.461419693959149	2.2553257989532334	2.4378848132781497	-0.20625976418547287	-0.012753564541281901
VUILD96MA_150_20_7	VUILD96MA	VUILD96	fold_5	epithelial_transitional	DISEASE_ADJUSTED	2.30308722064242	2.605796563281073	2.6635843782687196	2.601579336689659	2.2792597287239147	2.3665441247993013	2.466716039856949	2.290122159755382	2.282337257897912	2.3694452279937477	2.2494208795686075	2.219824898061995	-0.2984921160472389	-0.012394396670203315
VUILD96MA_150_21_20	VUILD96MA	VUILD96	fold_5	epithelial_transitional	DISEASE_ADJUSTED	2.74220532433288	2.492459486015422	2.7207720269327305	2.8240492269419826	2.524777546168869	2.5648567743785566	2.5011417791805717	2.290101251921837	2.5982550059462017	2.536218722359777	2.558964467832278	2.528698862783347	-0.08184390260910268	-0.012167295635288462
VUILD96MA_150_21_21	VUILD96MA	VUILD96	fold_5	epithelial_transitional	DISEASE_ADJUSTED	2.44612556495401	2.4836268667263823	2.652649848603696	2.7692643685555933	2.5310770300192083	2.5191287083736755	2.479559079638793	2.2900995388319827	2.4859675123769525	2.5127243679108626	2.4507364126397913	2.5556691539789247	-0.3231388036015832	-0.01276771082142481
VUILD96MA_150_21_22	VUILD96MA	VUILD96	fold_5	epithelial_transitional	DISEASE_ADJUSTED	3.04698922751356	2.4747942474373423	2.641010006310071	2.7629153161587365	2.5827112030772112	2.5913733194998634	2.523412317364795	2.290097825742128	2.5527461219561456	2.6120114206875154	2.5374862538650786	2.7134043497200753	0.2840739113548234	-0.012305995642472926
VUILD96MA_150_21_23	VUILD96MA	VUILD96	fold_5	epithelial_transitional	DISEASE_ADJUSTED	3.15375819420124	2.4659616281483023	2.56566845244285	2.7080109475481127	2.4343464360171434	2.437426355154032	2.540773895354891	2.2900961126522734	2.63061014386756	2.5883531146364396	2.6229989427311566	2.6712814412318036	0.44574724665312715	-0.013385036469523503
VUILD96MA_150_21_24	VUILD96MA	VUILD96	fold_5	epithelial_transitional	DISEASE_ADJUSTED	2.76329946748623	2.4571290088592623	2.6596057005076936	2.733971286128358	2.5024807058997696	2.517077534317734	2.5632399866707978	2.290094399562419	2.5840497483274865	2.530063893804842	2.5687961283422616	2.5338295726856535	0.029328181357872296	-0.012536347016783248
VUILD96MA_150_21_25	VUILD96MA	VUILD96	fold_5	epithelial_transitional	DISEASE_ADJUSTED	2.28540335774678	2.4482963895702223	2.580812241551817	2.609763353035154	2.5004659714625315	2.523403592779813	2.4954745027659055	2.2900926864725646	2.582730411321339	2.5279557855526265	2.5769918205265405	2.3531532861611244	-0.3243599952883742	-0.01207828542592951
VUILD96MA_150_22_20	VUILD96MA	VUILD96	fold_5	epithelial_transitional	DISEASE_ADJUSTED	2.71587543104604	2.493946459507289	2.6757907719408243	2.775336115966714	2.665058532352034	2.632802726910824	2.4220214301327263	2.290102614256401	2.6242180072312817	2.5670332290474875	2.5857601728488717	2.437059386033503	-0.05946068492067402	-0.012161195871611394
VUILD96MA_150_22_21	VUILD96MA	VUILD96	fold_5	epithelial_transitional	DISEASE_ADJUSTED	1.88226631206188	2.485113840218249	2.39827653107127	2.587794644697569	2.516430353005409	2.528583829035501	2.466133229698847	2.2901009011665465	2.547832740372243	2.53671531252762	2.529261709105945	2.3632932185497593	-0.7055283326356887	-0.012899597896203062
VUILD96MA_150_22_22	VUILD96MA	VUILD96	fold_5	epithelial_transitional	DISEASE_ADJUSTED	2.72324025607173	2.476281220929209	2.5119994050031202	2.577011705104357	2.260698233891499	2.345143582934853	2.4711819546799445	2.2900991880766917	2.3232963212608486	2.517673024827717	2.2907009553227513	2.1000393587424964	0.1462285509673733	-0.01352938265432063
VUILD96MA_150_22_23	VUILD96MA	VUILD96	fold_5	epithelial_transitional	DISEASE_ADJUSTED	2.6142063812684	2.4674486016401693	2.6753820580804097	2.808952600055549	2.537212268811297	2.541875469503465	2.4797881297127313	2.2900974749868372	2.403447211226381	2.540920341325696	2.3769332933774163	2.3791664037009137	-0.1947462187871487	-0.01310152490633498
VUILD96MA_150_22_24	VUILD96MA	VUILD96	fold_5	epithelial_transitional	DISEASE_ADJUSTED	2.86543330855245	2.4586159823511293	2.6521637174714248	2.7706099642781203	2.5197867771794984	2.498550407043047	2.4771478970107133	2.290095761896983	2.4246080598267126	2.513079140356097	2.4076128729061974	2.686732474190748	0.09482334427432981	-0.012652295736671518
VUILD96MA_150_22_25	VUILD96MA	VUILD96	fold_5	epithelial_transitional	DISEASE_ADJUSTED	2.40720171788702	2.4497833630620893	2.648576373671385	2.674994585761243	2.300240527036473	2.3838344288379423	2.486569141981025	2.2900940488071284	2.4782230019884883	2.5267804467522295	2.4566838368365778	2.3338362840675555	-0.26779286787422274	-0.012530487391236637
VUILD96MA_150_23_20	VUILD96MA	VUILD96	fold_5	epithelial_transitional	DISEASE_ADJUSTED	2.9645326140224	2.4954334329991554	2.7384255657266516	2.987468133302819	2.453263609961827	2.47307649362211	2.401099628110052	2.2901039765909648	2.542326953461262	2.507683259617197	2.4743402582753733	2.5266108012670867	-0.022935519280418593	-0.012621039972592583
VUILD96MA_150_23_21	VUILD96MA	VUILD96	fold_5	epithelial_transitional	DISEASE_ADJUSTED	2.17124087136084	2.486600813710116	2.587239634285759	2.6716173225770166	2.311794335520383	2.373324942277019	2.438056176898375	2.2901022635011103	2.4393883203618327	2.537058847427755	2.3945976151243507	1.9711148341221238	-0.5003764512161766	-0.013526526612154682
VUILD96MA_150_23_23	VUILD96MA	VUILD96	fold_5	epithelial_transitional	DISEASE_ADJUSTED	2.50914235535498	2.468935575132036	2.6485050497225284	2.7945943179690853	2.350967309700652	2.4141097181504976	2.471511713999721	2.290098837321401	2.49646326518022	2.508636869913983	2.459934402297268	2.1128625471871225	-0.28545196261410544	-0.013657812141624004
VUILD96MA_150_23_24	VUILD96MA	VUILD96	fold_5	epithelial_transitional	DISEASE_ADJUSTED	2.56072502591039	2.460102955842996	2.566546311507456	2.745042715749716	2.3998366733547427	2.4481058522295522	2.425760046565121	2.2900971242315467	2.6336762897552757	2.5093472779317705	2.60298233129268	2.191881022438821	-0.18431768983932617	-0.012605330176744702
VUILD96MA_150_24_22	VUILD96MA	VUILD96	fold_5	epithelial_transitional	DISEASE_ADJUSTED	2.52311462649608	2.4792551679129424	2.596879134882891	2.5314718759949546	2.2919989683470825	2.383802084636814	2.372384230044598	2.2901019127458193	2.465302413061791	2.4063881489221504	2.411699670235292	2.1530131050748316	-0.00835724949887462	-0.013630375709334714
VUILD96MA_150_24_23	VUILD96MA	VUILD96	fold_5	epithelial_transitional	DISEASE_ADJUSTED	2.56798358873744	2.470422548623903	2.8962491273242765	3.0165863290491557	2.4762354983693893	2.5668455956198915	2.460705013860361	2.290100199655965	2.6383102934383396	2.53344381942562	2.551420465006033	2.218272928736599	-0.44860274031171565	-0.013208572088061796
VUILD96MA_150_2_11	VUILD96MA	VUILD96	fold_5	epithelial_transitional	DISEASE_ADJUSTED	1.69892128616381	2.543700563271313	2.505566746738115	2.6842384113034914	2.190282699473264	2.3198659589878194	2.412053324030107	2.290090785373815	2.3839099007508504	2.4151908050465742	2.3767182211035163	2.2384454693171625	-0.9853171251396813	-0.01370678661731449
VUILD96MA_150_2_12	VUILD96MA	VUILD96	fold_5	epithelial_transitional	DISEASE_ADJUSTED	2.69932212440112	2.534867943982273	2.5700775116837105	2.678891389329571	2.5160482605240504	2.505962393097004	2.414504708024588	2.29008907228396	2.4284094582349725	2.5313210083643107	2.404631184734713	2.633312930339842	0.020430735071549133	-0.012364658242154245
VUILD96MA_150_2_14	VUILD96MA	VUILD96	fold_5	epithelial_transitional	DISEASE_ADJUSTED	3.42903893503244	2.5172027054041934	2.847847758243057	2.908298514994848	2.896519169689793	2.7709725991144145	2.4767869041915027	2.2900856461042514	2.7334613718200065	2.6937780367911817	2.696463479827485	2.9482148875255825	0.5207404200375922	-0.012182667497172494
VUILD96MA_150_2_15	VUILD96MA	VUILD96	fold_5	epithelial_transitional	DISEASE_ADJUSTED	2.82174282393292	2.5083700861151534	2.584754815324048	2.8109007810808007	2.346714744056017	2.455107804452206	2.4686592326553107	2.290083933014397	2.6170098530058072	2.5055849403151385	2.5877352068381656	2.295864831913842	0.010842042852119427	-0.01275060175478134
VUILD96MA_150_2_16	VUILD96MA	VUILD96	fold_5	epithelial_transitional	DISEASE_ADJUSTED	3.30826244696041	2.4995374668261134	2.8475612823453305	2.9513431133510344	2.304556200582882	2.420063322782553	2.545253866937453	2.290082219924542	2.5787029216371122	2.5131483251272897	2.5441021710081815	2.333736349040799	0.35691933360937567	-0.013326492246617347
VUILD96MA_150_3_10	VUILD96MA	VUILD96	fold_5	epithelial_transitional	DISEASE_ADJUSTED	2.24402826531792	2.5540201560522195	2.6542913073343835	2.7186125531276386	2.223323537375973	2.3270549398146883	2.42576370973228	2.2900938607982333	2.5158516153351167	2.461448089886778	2.507203647823482	2.3827796333468143	-0.4745842878097184	-0.01316357654938665
VUILD96MA_150_3_11	VUILD96MA	VUILD96	fold_5	epithelial_transitional	DISEASE_ADJUSTED	2.58331158683223	2.5451875367631795	2.6892586796360223	2.7484279591354026	2.3581353953364146	2.4672226851851047	2.494652730533787	2.290092147708379	2.5342634984784684	2.5222309047052174	2.524004885960856	2.215306041662874	-0.16511637230317255	-0.013088651523602713
VUILD96MA_150_3_12	VUILD96MA	VUILD96	fold_5	epithelial_transitional	DISEASE_ADJUSTED	2.64825279142189	2.53635491747414	2.7062619948238416	2.7549998550074344	2.3762610481244	2.4400351813693915	2.47113114853105	2.290090434618524	2.5469150300142225	2.523075450317559	2.5281760933809143	2.4148065850301648	-0.10674706358554431	-0.01234873892682883
VUILD96MA_150_3_13	VUILD96MA	VUILD96	fold_5	epithelial_transitional	DISEASE_ADJUSTED	2.33341940965579	2.5275222981851	2.68362680985738	2.8486640651843294	2.277784721450337	2.3830481090646383	2.4593982135618315	2.2900887215286696	2.514550692250551	2.501814384748151	2.482865320643415	2.4457298810811654	-0.5152446555285395	-0.012533949559929597
VUILD96MA_150_3_14	VUILD96MA	VUILD96	fold_5	epithelial_transitional	DISEASE_ADJUSTED	2.44353574989148	2.5186896788960604	2.649385360170895	2.866991683042487	2.2832691226578676	2.3805151420371726	2.4886734286135903	2.290087008438815	2.3030825910582817	2.4417976626459996	2.265916762601524	2.3786480786154005	-0.42345593315100727	-0.012583628279139291
VUILD96MA_150_3_15	VUILD96MA	VUILD96	fold_5	epithelial_transitional	DISEASE_ADJUSTED	2.2628057947146	2.5098570596070204	2.582500092833972	2.6521927586674106	2.2005248053309723	2.3437473291654323	2.4855312595810957	2.2900852953489608	2.37786548158667	2.488574537651528	2.3734019609085424	2.1400981498320744	-0.38938696395281047	-0.012971900036670515
VUILD96MA_150_3_17	VUILD96MA	VUILD96	fold_5	epithelial_transitional	DISEASE_ADJUSTED	2.57300640684226	2.4921918210289404	2.5052026669158702	2.616959922824581	2.4034488235643647	2.4681835220598347	2.5242055721788392	2.2900818691692515	2.582685766954387	2.552685742047969	2.5532895794070902	2.4354068885491986	-0.043953515982321	-0.013692790093094041
VUILD96MA_150_3_9	VUILD96MA	VUILD96	fold_5	epithelial_transitional	DISEASE_ADJUSTED	2.56000441659803	2.562852775341259	2.5476974087797153	2.586509563858988	2.4183870566478283	2.4592590389001714	2.490880481992801	2.2900955738880877	2.340036177081595	2.38107654020628	2.33048715764083	2.066060582598397	-0.026505147260957873	-0.012607160322373039
VUILD96MA_150_4_10	VUILD96MA	VUILD96	fold_5	epithelial_transitional	DISEASE_ADJUSTED	2.62223390632482	2.5555071295440865	2.659588219630224	2.688296764903985	2.319174731348729	2.367979845383038	2.445231763347456	2.290095223132797	2.533062010642285	2.407000221469526	2.5195717811268983	2.145566349655585	-0.06606285857916472	-0.013157320539852876
VUILD96MA_150_4_11	VUILD96MA	VUILD96	fold_5	epithelial_transitional	DISEASE_ADJUSTED	2.7153951814101	2.5466745102550465	2.6607862003026295	2.7028144922382173	2.291288268085033	2.365472680366609	2.505589436376684	2.2900935100429427	2.3044671590032872	2.5328288000599657	2.2829508453632013	2.2077866076394157	0.012580689171882486	-0.01361433893992082
VUILD96MA_150_4_13	VUILD96MA	VUILD96	fold_5	epithelial_transitional	DISEASE_ADJUSTED	2.57485999590187	2.5290092716769665	2.7159021663161678	2.794729293053336	2.6360668731873846	2.6122387181782365	2.5077182484500127	2.2900900838632334	2.639401863041843	2.66771893252432	2.6118973500007385	2.862423807466535	-0.2198692971514662	-0.011969380175942977
VUILD96MA_150_4_14	VUILD96MA	VUILD96	fold_5	epithelial_transitional	DISEASE_ADJUSTED	2.06542958382755	2.520176652387927	2.7325309021112263	2.8862101868290075	2.185093332650195	2.3436238491160752	2.480629823749749	2.290088370773379	2.392771203546892	2.4371855031413525	2.348375246261339	1.886840613465029	-0.8207806030014577	-0.01278898267928591
VUILD96MA_150_4_15	VUILD96MA	VUILD96	fold_5	epithelial_transitional	DISEASE_ADJUSTED	1.83696458792548	2.511344033098887	2.5354198130602277	2.684463659308933	2.261247806057114	2.328905596682311	2.464132335827448	2.2900866576835246	2.433086845840485	2.3932080265435856	2.3954491469627985	2.335781459099753	-0.8474990713834529	-0.013316091805911335
VUILD96MA_150_4_16	VUILD96MA	VUILD96	fold_5	epithelial_transitional	DISEASE_ADJUSTED	2.35503939251984	2.502511413809847	2.636185712956613	2.720117294943656	2.3010697254740182	2.4047252437065856	2.480984412963134	2.2900849445936697	2.438454163171632	2.506133218080681	2.4002659697748676	2.3316903555623427	-0.365077902423816	-0.01320353228954704
VUILD96MA_150_4_9	VUILD96MA	VUILD96	fold_5	epithelial_transitional	DISEASE_ADJUSTED	2.18641949362594	2.564339748833126	2.516601028210426	2.617966239555824	2.115604185843682	2.26202872207271	2.4563532821160514	2.2900969362226515	2.258861056314888	2.413593962968254	2.2330252514857283	2.0792342472932597	-0.43154674592988407	-0.012761674976147828
VUILD96MA_150_5_10	VUILD96MA	VUILD96	fold_5	epithelial_transitional	DISEASE_ADJUSTED	2.85085353902062	2.556994103035953	2.628377876456657	2.7302225245767224	2.335439164326101	2.4181489244073098	2.4969805576398163	2.290096585467361	2.3947779262805216	2.497877918696982	2.378119749667115	2.46172885755969	0.12063101444389757	-0.012890865358965126
VUILD96MA_150_5_11	VUILD96MA	VUILD96	fold_5	epithelial_transitional	DISEASE_ADJUSTED	2.46824953228521	2.548161483746913	2.737581892799071	2.863352512825526	2.0797171813667825	2.240587690022355	2.52100003837695	2.2900948723775065	2.180066813334392	2.3817605458100872	2.1530471293961058	2.1634994351894	-0.3951029805403161	-0.013775254006416847
VUILD96MA_150_5_12	VUILD96MA	VUILD96	fold_5	epithelial_transitional	DISEASE_ADJUSTED	2.28160077186288	2.5393288644578735	2.7371102114773422	2.7846176627483485	2.2764087471686083	2.3657003375321963	2.4859693515496026	2.2900931592876517	2.4783730497944476	2.4503822932979102	2.4479242627015645	2.3661370691166486	-0.5030168908854686	-0.01286731069833746
VUILD96MA_150_5_13	VUILD96MA	VUILD96	fold_5	epithelial_transitional	DISEASE_ADJUSTED	2.7021203062767	2.5304962451688335	2.6479769833916325	2.9277964127305323	2.4468284982772337	2.4631810337463245	2.5212902269131656	2.2900914461977973	2.6316491949390333	2.5639778226227548	2.5900867431729995	2.554782260774111	-0.2256761064538324	-0.012398122526203738
VUILD96MA_150_5_16	VUILD96MA	VUILD96	fold_5	epithelial_transitional	DISEASE_ADJUSTED	2.29104804099342	2.5039983873017135	2.335587919622122	2.514452549498271	1.9461244186290036	2.1362648531849295	2.4252154072407452	2.2900863069282336	2.278366683890065	2.333420608983043	2.238390076633732	2.2410659694744557	-0.2234045085048506	-0.014328331307914931
VUILD96MA_150_5_17	VUILD96MA	VUILD96	fold_5	epithelial_transitional	DISEASE_ADJUSTED	2.34030144969705	2.495165768012674	2.560584453325617	2.577033289954945	2.1810686065853933	2.2657798688958026	2.514679960949431	2.290084593838379	2.2165622283862825	2.39395614850263	2.1706152964746828	2.415437549119885	-0.23673184025789507	-0.014059368237296851
VUILD96MA_150_5_8	VUILD96MA	VUILD96	fold_5	epithelial_transitional	DISEASE_ADJUSTED	2.9277800864259	2.5746593416140326	2.7451999948571038	2.8323419415353217	2.258055327107427	2.3909050281343824	2.473722800190722	2.2901000116470698	2.493472774515425	2.532924646520749	2.4481691517402258	2.1634502373003404	0.09543814489057834	-0.012282836575568268
VUILD96MA_150_5_9	VUILD96MA	VUILD96	fold_5	epithelial_transitional	DISEASE_ADJUSTED	2.51526926777066	2.5658267223249926	2.690490478396156	2.7388739709330423	2.380367963075441	2.434151351455604	2.4397569438422515	2.2900982985572154	2.4344827241862332	2.5586908672555246	2.4055133577442556	2.489632967114841	-0.22360470316238246	-0.012859609137459607
VUILD96MA_150_6_11	VUILD96MA	VUILD96	fold_5	epithelial_transitional	DISEASE_ADJUSTED	2.54692988463617	2.5496484572387796	2.661953466168352	2.7839788931638436	2.458811957775571	2.4865372469527793	2.486259719955374	2.2900962347120704	2.430480550332907	2.437224397724114	2.414855838753914	1.9912342945776391	-0.23704900852767352	-0.012997192235875856
VUILD96MA_150_6_12	VUILD96MA	VUILD96	fold_5	epithelial_transitional	DISEASE_ADJUSTED	2.47824264549584	2.54081583794974	2.7515386636061394	2.8432670843808543	2.3516762980502377	2.4384714038395394	2.4878142275806896	2.2900945216222155	2.5106567855442434	2.5285592717912877	2.4826402650169728	2.439059079240811	-0.3650244388850141	-0.012574992502247691
VUILD96MA_150_6_17	VUILD96MA	VUILD96	fold_5	epithelial_transitional	DISEASE_ADJUSTED	2.12728242580627	2.4966527415045405	2.451650378872771	2.5784902136694936	1.9682670941597216	2.164690474029093	2.501638192763574	2.290085956172943	2.3221633028024056	2.2397364382382223	2.277863767649578	1.8577113169401822	-0.4512077878632237	-0.014836024395795778
VUILD96MA_150_6_8	VUILD96MA	VUILD96	fold_5	epithelial_transitional	DISEASE_ADJUSTED	2.53804152767015	2.5761463151058996	2.6787420280479615	2.797434054421146	2.20150815429788	2.34791622431899	2.4416371582652836	2.2901013739816336	2.1749632762235076	2.4705136640521426	2.118615740879313	2.057138913136768	-0.2593925267509958	-0.012614945244614938
VUILD96MA_150_6_9	VUILD96MA	VUILD96	fold_5	epithelial_transitional	DISEASE_ADJUSTED	2.35326553101894	2.5673136958168596	2.706782714224607	2.781469872170785	2.1909944891901203	2.2975022552959965	2.477682746820025	2.290099660891779	2.366959853769933	2.4381683100854437	2.3319140226302273	2.2039217542713683	-0.428204341151845	-0.012860747270832862
VUILD96MA_150_7_10	VUILD96MA	VUILD96	fold_5	epithelial_transitional	DISEASE_ADJUSTED	2.47327685944692	2.5599680500196866	2.50786329887483	2.5325031138670018	2.2463889354358497	2.355787737630006	2.47316506639887	2.2900993101364886	2.4049365454257843	2.4746142747382254	2.4180431860739917	2.178666172623519	-0.05922625442008167	-0.012685217687037238
VUILD96MA_150_7_11	VUILD96MA	VUILD96	fold_5	epithelial_transitional	DISEASE_ADJUSTED	2.37512829650826	2.5511354307306466	2.6616389887478493	2.743570720573246	2.6128193081220874	2.581463964138093	2.446606951903319	2.290097597046634	2.5928196971052584	2.601067829253201	2.5847800994998154	2.482496006831509	-0.3684424240649862	-0.012825820689127613
VUILD96MA_150_7_12	VUILD96MA	VUILD96	fold_5	epithelial_transitional	DISEASE_ADJUSTED	2.32445412835833	2.5423028114416066	2.6190706805690778	2.7162031790944923	2.279491003564009	2.3952425549303964	2.409024012120787	2.2900958839567793	2.4752850630559537	2.5508688657169474	2.4754103758497297	2.3515838088382837	-0.3917490507361623	-0.012825060805023191
VUILD96MA_150_7_13	VUILD96MA	VUILD96	fold_5	epithelial_transitional	DISEASE_ADJUSTED	2.71060366349579	2.533470192152567	2.7112765909081498	2.7777402645077354	2.4663830841335987	2.4666769553497265	2.429359737044505	2.290094170866925	2.50218275913024	2.4720241492390453	2.482249072701248	2.388094961834925	-0.06713660101194519	-0.012264990517290507
VUILD96MA_150_7_14	VUILD96MA	VUILD96	fold_5	epithelial_transitional	DISEASE_ADJUSTED	2.57632712902158	2.524637572863527	2.5852052005597566	2.7791958667621492	2.2039162551525937	2.309932483092781	2.4745542880229996	2.2900924577770705	2.452271224645054	2.429552446004336	2.4102579129223964	2.0698460304377164	-0.20286873774056913	-0.012886008886383846
VUILD96MA_150_7_15	VUILD96MA	VUILD96	fold_5	epithelial_transitional	DISEASE_ADJUSTED	2.2393506770873	2.515804953574487	2.631118828326392	2.7536995542682448	2.001826457713734	2.1698350144736196	2.428418399776956	2.290090744687216	2.250361819587026	2.2874406638005693	2.1897053295108218	2.009789390730525	-0.5143488771809448	-0.013617359917268347
VUILD96MA_150_7_16	VUILD96MA	VUILD96	fold_5	epithelial_transitional	DISEASE_ADJUSTED	2.30002830381603	2.506972334285447	2.812649933834667	2.957439617130584	2.213878207091296	2.329474207934788	2.5014149962497	2.290089031597361	2.3834290542242167	2.4089001687064058	2.291497085464641	2.293716111397146	-0.657411313314554	-0.013642950182456964
VUILD96MA_150_7_24	VUILD96MA	VUILD96	fold_5	epithelial_transitional	DISEASE_ADJUSTED	1.98499915566661	2.4363113799731284	2.4630984666824447	2.5730193284896727	1.6338219959810885	1.9652597949866366	2.434203633334155	2.2900753268785254	1.9847577671298564	2.194567217654016	1.9145621917909006	1.4715154827944084	-0.5880201728230627	-0.01388183259371422
VUILD96MA_150_7_8	VUILD96MA	VUILD96	fold_5	epithelial_transitional	DISEASE_ADJUSTED	2.55223003544321	2.577633288597766	2.7269147527579594	2.7694297482619747	2.450709842801734	2.496036294343101	2.475141939703555	2.2901027363161974	2.3441683538203066	2.5296260503382006	2.310812630162788	2.2985787601550105	-0.21719971281876482	-0.012263489540850585
VUILD96MA_150_7_9	VUILD96MA	VUILD96	fold_5	epithelial_transitional	DISEASE_ADJUSTED	2.34269989756392	2.568800669308726	2.7197681801929283	2.7609711672097785	2.2450989010475735	2.348044921715291	2.4409722083756598	2.290101023226343	2.4236764868973344	2.4618763203380034	2.4026257154581265	2.174145946733855	-0.41827126964585837	-0.012684281044542481
VUILD96MA_150_8_13	VUILD96MA	VUILD96	fold_5	epithelial_transitional	DISEASE_ADJUSTED	2.58032594955304	2.5349571656444336	2.5853367103088463	2.661190068822629	2.49299306204043	2.5041918017059865	2.4961355490852046	2.2900955332014887	2.5002085911547285	2.5567727099667112	2.50050215711721	2.350178610819284	-0.08086411926958892	-0.012255000946300835
VUILD96MA_150_8_14	VUILD96MA	VUILD96	fold_5	epithelial_transitional	DISEASE_ADJUSTED	2.65748765741613	2.526124546355394	2.722285476895567	2.8207149440618045	2.4337747725800707	2.4664889584670986	2.4788869203434274	2.2900938201116343	2.6528029878954187	2.528912358171754	2.6265127236775068	2.436576944940645	-0.16322728664567432	-0.012570443265940394
VUILD96MA_150_8_15	VUILD96MA	VUILD96	fold_5	epithelial_transitional	DISEASE_ADJUSTED	2.39491519269472	2.517291927066354	2.786178193578335	2.8351102237798465	2.2494197889599445	2.3483916102967943	2.5352441150195237	2.29009210702178	2.3328393214029908	2.518805269429208	2.2663005211738527	2.3589660442068543	-0.4401950310851266	-0.013060267515686393
VUILD96MA_150_8_23	VUILD96MA	VUILD96	fold_5	epithelial_transitional	DISEASE_ADJUSTED	2.6477966924193	2.446630972754035	2.5565739666092675	2.610589326478551	1.6838541566555079	1.9696745476856237	2.4200169903670656	2.2900784023029437	2.010897711301727	2.284405462632578	1.9503272698527447	1.8957661326637139	0.03720736594074925	-0.015132017529799228
VUILD96MA_150_8_24	VUILD96MA	VUILD96	fold_5	epithelial_transitional	DISEASE_ADJUSTED	2.1991925162234	2.437798353464995	2.4621841990982936	2.608339972040084	1.7087892037418824	2.010125480699404	2.4406205994601122	2.2900766892130893	2.0122208842403495	2.255311622268912	1.9499485527542733	1.4802042783268718	-0.4091474558166839	-0.013994082539113533
VUILD96MA_150_8_7	VUILD96MA	VUILD96	fold_5	epithelial_transitional	DISEASE_ADJUSTED	2.37619266442147	2.5879528813786727	2.7249555522653335	2.7841409442460487	2.045653204483185	2.1693378493618374	2.4281157928449657	2.290105811740616	2.360913108618919	2.333737364322668	2.3034887899087306	2.1719852849807193	-0.4079482798245788	-0.013252224056406444
VUILD96MA_150_8_8	VUILD96MA	VUILD96	fold_5	epithelial_transitional	DISEASE_ADJUSTED	2.50052172011343	2.579120262089633	2.642781075913182	2.787975691652838	2.407405469780799	2.436472831016784	2.4590683363384254	2.2901040986507613	2.4246263900392315	2.456165230087018	2.40262182375848	2.3580984726030065	-0.28745397153940777	-0.01253691887985033
VUILD96MA_150_8_9	VUILD96MA	VUILD96	fold_5	epithelial_transitional	DISEASE_ADJUSTED	2.30267991070432	2.5702876428005927	2.5520263145208215	2.555405920240297	2.4656615030635507	2.5082821722516244	2.489377493548525	2.290102385560907	2.5063635019816233	2.521753318466001	2.5133966402725108	2.6225240947372255	-0.2527260095359769	-0.01243870431113886
VUILD96MA_150_9_11	VUILD96MA	VUILD96	fold_5	epithelial_transitional	DISEASE_ADJUSTED	2.67791378746747	2.55410937771438	2.6152788308924784	2.7927125956765186	2.33143538822661	2.3849066284288973	2.4704026618663093	2.290100321715762	2.4817375404138553	2.5129930058180925	2.4651166342825075	2.48264637408003	-0.11479880820904853	-0.01370025785108443
VUILD96MA_150_9_12	VUILD96MA	VUILD96	fold_5	epithelial_transitional	DISEASE_ADJUSTED	1.99330229311974	2.54527675842534	2.679290134281001	2.7238220387478065	2.241978001497033	2.3212117125769516	2.441037604813819	2.290098608625907	2.415893374877023	2.4821665901451007	2.4016070094181265	2.2217419359001096	-0.7305197456280665	-0.012710229284544959
VUILD96MA_150_9_13	VUILD96MA	VUILD96	fold_5	epithelial_transitional	DISEASE_ADJUSTED	2.09092357815303	2.5364441391363	2.64784169460384	2.6998725208786425	2.2695997492446263	2.3247872054506624	2.48991790256134	2.2900968955360526	2.5111024553237344	2.454381728394445	2.499054858014926	2.4192332030366166	-0.6089489427256125	-0.012957722724312608
VUILD96MA_150_9_23	VUILD96MA	VUILD96	fold_5	epithelial_transitional	DISEASE_ADJUSTED	1.81098717969146	2.448117946245902	2.520913185887455	2.6183725132439823	1.940018000062818	2.114098636412649	2.402470220167566	2.2900797646375075	2.060829072080284	2.281822891448606	2.005462464174175	1.740146999975539	-0.8073853335525223	-0.014836466349617702
VUILD96MA_150_9_7	VUILD96MA	VUILD96	fold_5	epithelial_transitional	DISEASE_ADJUSTED	2.09781699198063	2.5894398548705393	2.5854826909843567	2.8284393674681656	2.2705923215970873	2.3780350263107155	2.4443556417828307	2.29010717407518	2.3863426102920666	2.51331988796418	2.333861317025394	2.1744625047440365	-0.7306223754875356	-0.012546413711610168
VUILD96MA_150_9_8	VUILD96MA	VUILD96	fold_5	epithelial_transitional	DISEASE_ADJUSTED	2.22745365926252	2.5806072355814997	2.7460361098095607	2.7919427386116453	2.372745482933063	2.4531179694925775	2.3782090434608314	2.290105460985325	2.379299965976089	2.4160235428026646	2.339009318995471	2.297249010804738	-0.5644890793491255	-0.012389066208754212
