region_id	sample_id	donor_id	fold	target	analysis_stratum	observed	M0_pred	M1_pred	M2_pred	M3_pred	M4_pred	color_pred	coordinate_pred	grayscale_pred	macenko_pred	M3_grayscale_pred	M3_macenko_pred	heldout_base_residual	morphology_predicted_residual
TILD117LA_150_10_10	TILD117LA	TILD117	fold_5	epithelial_transitional	POOLED	3.14340848861502	2.2900940471787194	2.7344565629178894	2.7236842874260727	2.98956830976942	3.016834302700186	2.302708102712294	2.2900926014332033	2.597295640450088	2.6714811344046314	2.5407489617778944	2.6426660293371245	0.41972420118894727	-0.004042435168610489
TILD117LA_150_10_15	TILD117LA	TILD117	fold_5	epithelial_transitional	POOLED	2.94747499511959	2.2900851783821965	2.2491864447811403	2.34407432926004	2.417534086980306	2.4020869311881903	2.4059927129151615	2.2900810985712647	2.5164062317836167	2.545374774580285	2.534685652081032	2.551170466115656	0.6034006658595499	-0.006505066401580689
TILD117LA_150_10_16	TILD117LA	TILD117	fold_5	epithelial_transitional	POOLED	3.00551136244339	2.2900834046228917	2.3892726651769576	2.415082232487346	2.5807198059771563	2.569608252848413	2.3705663651752102	2.290078797998877	2.3493931379073736	2.5334882539161745	2.3556873604182984	2.526580500394869	0.5904291299560436	-0.004738873396080092
TILD117LA_150_10_17	TILD117LA	TILD117	fold_5	epithelial_transitional	POOLED	2.17911465981671	2.2900816308635874	2.3917263871487204	2.403962275397143	2.5834254168646797	2.569455569421323	2.3490525103733866	2.2900764974264893	2.565170664806126	2.5568352083181227	2.5783108278765106	2.5569311185933445	-0.22484761558043287	-0.004539853371473964
TILD117LA_150_10_18	TILD117LA	TILD117	fold_5	epithelial_transitional	POOLED	2.46634170163709	2.2900798571042826	2.493908004581093	2.517772900705186	2.5653624387878824	2.5681677212101404	2.3184947857429843	2.2900741968541016	2.50427428405483	2.5903296051795723	2.499008311587686	2.580392876043724	-0.05143119906809579	-0.004710225452062058
TILD117LA_150_10_19	TILD117LA	TILD117	fold_5	epithelial_transitional	POOLED	2.23759954373082	2.290078083344978	2.5530693414411534	2.5526900228662375	2.3880819392440116	2.403269620490137	2.264320098787626	2.290071896281714	2.447462207255822	2.443295130238109	2.4283452813505955	2.428902871320081	-0.31509047913541766	-0.005714766737028023
TILD117LA_150_10_8	TILD117LA	TILD117	fold_5	epithelial_transitional	POOLED	1.813782714932	2.290097594697329	2.5071250728560157	2.59704575074872	2.1998429355628715	2.2265729872067808	2.25259721956672	2.2900972025779787	2.1038950199115094	2.2894663382675193	2.0679252296603434	2.274902000253357	-0.7832630358167201	-0.007174178743336144
TILD117LA_150_10_9	TILD117LA	TILD117	fold_5	epithelial_transitional	POOLED	2.50680957453475	2.290095820938024	2.6013541904133457	2.5805231092924568	2.628896950690637	2.6253606550894495	2.3002436747023065	2.290094902005591	2.638034766830981	2.5246086148635585	2.6346767103377875	2.5189182488080237	-0.0737135347577067	-0.006225111479451378
TILD117LA_150_11_10	TILD117LA	TILD117	fold_5	epithelial_transitional	POOLED	2.83916675807698	2.2900945033535662	2.5969534680739983	2.5207008220233833	2.7629763237637035	2.758550381299634	2.393347233462867	2.290093963562195	2.7103174897882534	2.599128076992822	2.7094876397176586	2.5939681699447092	0.31846593605359663	-0.003999311175705196
TILD117LA_150_11_12	TILD117LA	TILD117	fold_5	epithelial_transitional	POOLED	4.06052049516966	2.290090955834957	2.534213919345237	2.4998583544476385	2.6543318933881843	2.6633621688014575	2.303199694404242	2.2900893624174197	2.672883338272312	2.5006300361066565	2.6681165292651983	2.4947041903230414	1.5606621407220218	-0.004666175636731666
TILD117LA_150_11_13	TILD117LA	TILD117	fold_5	epithelial_transitional	POOLED	3.39002177310788	2.2900891820756524	2.3182477414113514	2.549867597684769	2.594071230261944	2.6077540754020845	2.2614512436300163	2.290087061845032	2.6271429801507575	2.539626047242921	2.621303387896725	2.5268956863818888	0.8401541754231108	-0.004788027554114961
TILD117LA_150_11_16	TILD117LA	TILD117	fold_5	epithelial_transitional	POOLED	3.16211001381557	2.2900838607977385	2.4915686831568475	2.561350109861276	2.4940262999403964	2.510808040670309	2.3894372490806424	2.290080160127869	2.4239982539163836	2.532631859448504	2.402644171542649	2.526435621129248	0.6007599039542941	-0.004539462392486754
TILD117LA_150_11_17	TILD117LA	TILD117	fold_5	epithelial_transitional	POOLED	2.9575713210942	2.2900820870384337	2.472305582084457	2.449269508921809	2.6554547556359984	2.6468824459763054	2.3012388530963617	2.290077859555481	2.6661272170857004	2.4560774101562393	2.6774925330556383	2.454011134258372	0.508301812172391	-0.004286302609468147
TILD117LA_150_11_18	TILD117LA	TILD117	fold_5	epithelial_transitional	POOLED	2.27275376596809	2.2900803132791294	2.4996085672014217	2.5391498432087714	2.259539220967571	2.2691632342198047	2.3194057219941473	2.2900755589830935	2.244582703555741	2.2872584312644983	2.2295856918976464	2.273652575596221	-0.26639607724068126	-0.005427669846972788
TILD117LA_150_11_19	TILD117LA	TILD117	fold_5	epithelial_transitional	POOLED	2.43930452421654	2.2900785395198247	2.4625360313332307	2.517198284430454	2.5722198773229152	2.574721311071742	2.1218552616177613	2.2900732584107057	2.5831155534843315	2.5050779523062143	2.581402682433636	2.496814251677053	-0.07789376021391403	-0.005037617697251239
TILD117LA_150_11_20	TILD117LA	TILD117	fold_5	epithelial_transitional	POOLED	2.73339055846174	2.29007676576052	2.621764960191643	2.4972049119934896	2.479360639885474	2.492929135238289	2.349448272388303	2.290070957838318	2.4049909069159665	2.4250678707971245	2.3944411626599353	2.415361692582947	0.23618564646825035	-0.005687732287143089
TILD117LA_150_11_5	TILD117LA	TILD117	fold_5	epithelial_transitional	POOLED	2.87027851527943	2.2901033721500896	2.7125743458848333	2.668616219538582	2.729793402465665	2.7491287141739558	2.388126705520637	2.2901054664241336	2.7789149546064698	2.557889657311519	2.7718055284788927	2.5504792213789655	0.20166229574084804	-0.004519780460759181
TILD117LA_150_11_9	TILD117LA	TILD117	fold_5	epithelial_transitional	POOLED	2.59126973051808	2.290096277112871	2.341154374228733	2.4681203950275217	2.6162186362261015	2.6039275638339205	2.3893967899906317	2.290096264134583	2.7065243711443996	2.550485808726945	2.7169074737875585	2.552109549032937	0.12314933549055818	-0.005676786617120835
TILD117LA_150_12_10	TILD117LA	TILD117	fold_5	epithelial_transitional	POOLED	2.77896289320215	2.290094959528413	2.571299464330539	2.590627152111556	2.812401995323487	2.807470825719408	2.467891282673856	2.290095325691187	2.8570222170640918	2.6596171657578322	2.85542517410694	2.6521078609673783	0.18833574109059414	-0.003897170035332538
TILD117LA_150_12_11	TILD117LA	TILD117	fold_5	epithelial_transitional	POOLED	1.99410185860123	2.2900931857691083	2.518897033382067	2.4957706507305573	2.5297251645941916	2.5263775940812514	2.395761496562267	2.290093025118799	2.3634375453313763	2.3956639032004494	2.3672266719333326	2.3919316917156075	-0.5016687921293272	-0.00444582737865158
TILD117LA_150_12_12	TILD117LA	TILD117	fold_5	epithelial_transitional	POOLED	2.70640000755237	2.2900914120098035	2.537586930971853	2.6200680409824506	2.5262541463878776	2.5425630183326637	2.4055451153752	2.2900907245464115	2.3539584920737138	2.4449315262567737	2.3291302121743067	2.4333981735526766	0.0863319665699196	-0.0050613010033633875
TILD117LA_150_12_13	TILD117LA	TILD117	fold_5	epithelial_transitional	POOLED	3.26391798893689	2.290089638250499	2.56125328242229	2.5057974833152157	2.432654454932039	2.4456532725484905	2.3657854637404236	2.290088423974024	2.3930544209725193	2.4567622812682446	2.380641874111836	2.4517764957806807	0.7581205056216742	-0.005785964005949166
TILD117LA_150_12_14	TILD117LA	TILD117	fold_5	epithelial_transitional	POOLED	3.06085650852735	2.2900878644911944	2.280179022866214	2.464104645210275	2.492514158060416	2.489577740229784	2.361560089420921	2.290086123401636	2.2647442922161223	2.359768380352324	2.2625517432289177	2.3596059778478766	0.596751863317075	-0.005418494075866396
TILD117LA_150_12_15	TILD117LA	TILD117	fold_5	epithelial_transitional	POOLED	3.01830353562916	2.2900860907318896	2.5534675215675113	2.56140403198639	2.3014954157730307	2.3131490643102866	2.4250104628093356	2.2900838228292484	2.3575825722094335	2.357721679788559	2.3405248120811857	2.3571973282943324	0.4568995036427701	-0.006328127240624068
TILD117LA_150_12_16	TILD117LA	TILD117	fold_5	epithelial_transitional	POOLED	3.14003984336962	2.2900843169725853	2.5722611629171745	2.5574520036097934	2.274438851043018	2.290245873292265	2.380722271963575	2.2900815222568607	2.2534685027585937	2.3912267758301886	2.2424771906863015	2.386650863557674	0.5825878397598268	-0.005456593402696231
TILD117LA_150_12_17	TILD117LA	TILD117	fold_5	epithelial_transitional	POOLED	2.98788305879972	2.2900825432132805	2.286472935840466	2.4322696281432097	2.486276221853397	2.486032207423634	2.207899689534676	2.290079221684473	2.4272329745287893	2.4881615008063966	2.4316396083037577	2.4905998288646467	0.5556134306565101	-0.004554002828423484
TILD117LA_150_12_19	TILD117LA	TILD117	fold_5	epithelial_transitional	POOLED	2.26764608039355	2.2900789956946714	2.504314089937677	2.5246752821789102	2.3821130463368596	2.3902233499706087	2.325956455933505	2.290074620539697	2.342133751780948	2.450904957026954	2.334313366458886	2.4412176562923067	-0.25702920178536015	-0.005667047991889449
TILD117LA_150_12_20	TILD117LA	TILD117	fold_5	epithelial_transitional	POOLED	2.14595958132103	2.2900772219353667	2.5180421624737317	2.645365639082872	2.1655996381946037	2.19290121367253	2.3456624579166654	2.2900723199673094	2.242434196885731	2.3655291218771186	2.205936662792321	2.3460883974578137	-0.499406057761842	-0.006303791623387357
TILD117LA_150_12_6	TILD117LA	TILD117	fold_5	epithelial_transitional	POOLED	2.58438040053378	2.2901020545656317	2.5780339111653885	2.6038795393153427	2.475061661078356	2.486371034653158	2.41186813618434	2.2901045279807377	2.5925361986771276	2.5132178298689904	2.585377315233002	2.512272256134569	-0.01949913878156284	-0.005434773315331306
TILD117LA_150_12_8	TILD117LA	TILD117	fold_5	epithelial_transitional	POOLED	2.21494142967793	2.290098507047022	2.5273258522637523	2.527524328243655	2.389115064718159	2.391481973342143	2.407009307026808	2.2900999268359623	2.2853031140308775	2.3867545678649105	2.274633237911374	2.3857756598299833	-0.31258289856572485	-0.006070332017158813
TILD117LA_150_12_9	TILD117LA	TILD117	fold_5	epithelial_transitional	POOLED	2.69837582475888	2.290096733287718	2.5322406465056178	2.5131670392258663	2.4452985889178342	2.4427674639168284	2.4300561404148078	2.2900976262635746	2.4371451902606727	2.4350888469354137	2.4406955105584145	2.436676884427126	0.18520878553301356	-0.006716533082143464
TILD117LA_150_13_10	TILD117LA	TILD117	fold_5	epithelial_transitional	POOLED	2.89810965792676	2.29009541570326	2.5622694532067896	2.5496060878223714	2.6383034958304776	2.639510086787618	2.3980100708811	2.2900966878201787	2.485847593813897	2.5981980811943806	2.4737263930209843	2.59552061143694	0.3485035701043886	-0.0040418370152332924
TILD117LA_150_13_13	TILD117LA	TILD117	fold_5	epithelial_transitional	POOLED	3.17092342991459	2.290090094425346	2.249376726348453	2.4083108365959713	2.2447533018726964	2.26189210919971	2.3489767541951205	2.290089786103015	2.307240225957863	2.273228311477416	2.287120854375182	2.267997114374367	0.7626125933186185	-0.006289252911410974
TILD117LA_150_13_14	TILD117LA	TILD117	fold_5	epithelial_transitional	POOLED	2.59431476480143	2.290088320666041	2.245979032433591	2.3240868484407327	2.314416319246232	2.30841114413937	2.3064404564678975	2.2900874855306275	2.501299292355835	2.4170060214095797	2.5219839723173734	2.4273383050257946	0.2702279163606973	-0.006872941314087798
TILD117LA_150_13_17	TILD117LA	TILD117	fold_5	epithelial_transitional	POOLED	3.54458996990926	2.2900829993881273	2.4514950612060895	2.471568118314293	2.408280788069549	2.4109724417342777	2.3806831239739736	2.2900805838134644	2.4406075208532942	2.587445575228133	2.4431833601849022	2.589553958945593	1.0730218515949668	-0.004932923432034492
TILD117LA_150_13_18	TILD117LA	TILD117	fold_5	epithelial_transitional	POOLED	3.96371197430748	2.2900812256288225	2.493460230962283	2.5109602023648696	2.8038281862828582	2.8126799993832767	2.47253627789714	2.2900782832410767	2.7874748013577144	2.6199039702978513	2.7848809550674227	2.6199946756010433	1.4527517719426104	-0.004234743763421846
TILD117LA_150_13_19	TILD117LA	TILD117	fold_5	epithelial_transitional	POOLED	2.49415439756172	2.290079451869518	2.364608925019527	2.434341886658997	2.205900902834914	2.2040835772419713	2.4269617835200177	2.290075982668689	2.201692174207389	2.445730811382233	2.2082211614794574	2.451607689988506	0.05981251090272277	-0.005882735542303846
TILD117LA_150_13_6	TILD117LA	TILD117	fold_5	epithelial_transitional	POOLED	3.44845267383685	2.290102510740478	2.5219603730082434	2.520116748973524	2.665842334252711	2.65968743297292	2.4290737452531883	2.2901058901097295	2.792053795128714	2.567729704480378	2.798158218676749	2.568008029672486	0.9283359248633261	-0.004658588062143443
TILD117LA_150_13_7	TILD117LA	TILD117	fold_5	epithelial_transitional	POOLED	2.97667408702675	2.2901007369811737	2.476749331669341	2.476622805802684	2.5081191543521246	2.4953261227347463	2.397646215831861	2.290103589537342	2.3720998700058455	2.3724052374334037	2.3798000009182725	2.3746583175602827	0.5000512812240658	-0.005441112091791892
TILD117LA_150_13_9	TILD117LA	TILD117	fold_5	epithelial_transitional	POOLED	2.40661085860945	2.290097189462564	2.4905089108377854	2.520000614368814	2.5540477129535772	2.554422184456171	2.386067335049682	2.2900989883925664	2.447647922637804	2.4813551611233327	2.4452505730233827	2.481086590454398	-0.11338975575936416	-0.005865200002815024
TILD117LA_150_14_11	TILD117LA	TILD117	fold_5	epithelial_transitional	POOLED	3.02849597328089	2.290094098118802	2.4252361833307705	2.484989656788255	2.834727173992267	2.830132628350997	2.3490956119706907	2.2900957493767824	2.7605915316872545	2.5526989085840004	2.757117082280078	2.551927946990306	0.543506316492635	-0.00370412654480903
TILD117LA_150_14_12	TILD117LA	TILD117	fold_5	epithelial_transitional	POOLED	3.10487730964373	2.290092324359497	2.4858921813316055	2.5573504744268503	2.5685352011231455	2.5965392045435194	2.3348536718997837	2.2900934488043947	2.6237670083296076	2.4935101598769407	2.599089973176879	2.482871701482471	0.5475268352168796	-0.005293136719175013
TILD117LA_150_14_14	TILD117LA	TILD117	fold_5	epithelial_transitional	POOLED	3.24035198080235	2.290088776840888	2.561693201662693	2.5142393188293877	2.5182003154252897	2.533795455626368	2.369102588603088	2.2900888476596193	2.4724644126591198	2.4674270485722407	2.4592072358169244	2.459784185955223	0.7261126619729623	-0.005889405346975849
TILD117LA_150_14_15	TILD117LA	TILD117	fold_5	epithelial_transitional	POOLED	3.10401779751573	2.290087003081583	2.444492794201392	2.4676143815065026	2.478663646191852	2.49111247530844	2.325061554210724	2.2900865470872316	2.2320125905934107	2.378695552501235	2.2163211419159814	2.370967875610543	0.6364034160092276	-0.006936979884173553
TILD117LA_150_14_17	TILD117LA	TILD117	fold_5	epithelial_transitional	POOLED	3.44757947112115	2.2900834555629737	2.3723522740436715	2.4014687297100212	2.8406926152898166	2.8247433191506905	2.403108831741365	2.290081945942456	2.8184179926130857	2.6554097321438492	2.8345746468069515	2.65432673856205	1.0461107414111286	-0.0041451812335064646
TILD117LA_150_15_13	TILD117LA	TILD117	fold_5	epithelial_transitional	POOLED	2.53776254310453	2.290091006775039	2.423337322134131	2.4895170678788427	2.154028236375474	2.180493792689229	2.22391395509115	2.290092510360999	2.3080742355953787	2.2787504102959164	2.2751711080320893	2.260001426556237	0.04824547522568734	-0.006686946802978117
TILD117LA_150_15_15	TILD117LA	TILD117	fold_5	epithelial_transitional	POOLED	2.80730422310541	2.29008745925643	2.4793171882587637	2.5069278563231503	2.2881577805913516	2.3192856386062806	2.308029838033964	2.2900879092162234	2.3762201442913926	2.4727334135465746	2.345826809704411	2.45607180297034	0.30037636678225965	-0.00688292192058923
TILD117LA_150_15_16	TILD117LA	TILD117	fold_5	epithelial_transitional	POOLED	2.58077556789047	2.290085685497125	2.3836843357597823	2.441824487861522	2.336380683659279	2.3473809482951995	2.3627222788492475	2.2900856086438357	2.065845188627245	2.352077814036257	2.053842527267256	2.35021485903262	0.13895108002894796	-0.005109930558511149
TILD117LA_150_15_17	TILD117LA	TILD117	fold_5	epithelial_transitional	POOLED	3.01567828825915	2.2900839117378204	2.513079659969472	2.5995403668396495	2.6156497920764377	2.642000049474132	2.3408032408014403	2.290083308071448	2.4933243508819993	2.4680283619067813	2.454558047776945	2.447051918236644	0.4161379214195007	-0.004096609267478787
TILD117LA_150_15_4	TILD117LA	TILD117	fold_5	epithelial_transitional	POOLED	3.17306254928693	2.2901069706087807	2.585589764185919	2.572452513357015	2.787440945414745	2.780946552682591	2.326782428348529	2.290113215512488	2.745501723950845	2.54576122668496	2.7518591763037348	2.5444568766219606	0.6006100359299151	-0.004331342264491734
TILD117LA_150_15_8	TILD117LA	TILD117	fold_5	epithelial_transitional	POOLED	2.0333601418063	2.290099875571562	2.586822005253291	2.3812094087474995	2.3818924286155947	2.3742540515391535	2.2038476091577803	2.2901040132229373	2.2224871752314685	2.3269056783382553	2.2137330083788047	2.3260376949243162	-0.34784926694119944	-0.006571756098248439
TILD117LA_150_16_10	TILD117LA	TILD117	fold_5	epithelial_transitional	POOLED	3.06499305053682	2.2900967842277997	2.520310443482073	2.475587119726652	2.519831936558686	2.5133983087367135	2.3164926381183455	2.2901007742071537	2.430326602029883	2.47912439429603	2.4334171399913873	2.4741933744623403	0.5894059308101678	-0.005085623138066104
TILD117LA_150_16_11	TILD117LA	TILD117	fold_5	epithelial_transitional	POOLED	2.63847260856464	2.290095010468495	2.466945215243851	2.470683563090545	2.700390212003961	2.6910529822691425	2.4147149615534937	2.290098473634766	2.445854823927424	2.385066283112318	2.4509035512615545	2.3878471234962264	0.16778904547409512	-0.004300026222701639
TILD117LA_150_16_12	TILD117LA	TILD117	fold_5	epithelial_transitional	POOLED	2.07844873466941	2.29009323670919	2.4857228488199743	2.494020435882174	2.470669923194812	2.467998326729038	2.3936067394510165	2.2900961730623783	2.4115073477071096	2.4544348133286156	2.4126328622468822	2.4567554620736822	-0.41557170121276377	-0.005119111786669475
TILD117LA_150_16_13	TILD117LA	TILD117	fold_5	epithelial_transitional	POOLED	3.64711554717962	2.290091462949886	2.6530490490571506	2.5398622407106113	2.5687812536035324	2.5792573853361045	2.425951055186663	2.2900938724899906	2.42349270726892	2.4445882379276145	2.416892474208318	2.4419499543395524	1.1072533064690089	-0.00498128967335721
TILD117LA_150_16_16	TILD117LA	TILD117	fold_5	epithelial_transitional	POOLED	2.45085358577771	2.290086141671972	2.397632565195002	2.4954576629951624	2.274890721297665	2.293363965394672	2.4034864158177953	2.2900869707728275	2.359181208803461	2.333099528237115	2.3423229334058187	2.3191378538594676	-0.04460407721745252	-0.005541463799720466
TILD117LA_150_16_2	TILD117LA	TILD117	fold_5	epithelial_transitional	POOLED	4.11713951471513	2.2901109743022365	2.7157264126328147	2.5568219595033965	3.0880517610875406	3.0827145963434583	2.3646635029760357	2.2901191787862554	3.2220607533441568	2.8273172068753096	3.2392212104617433	2.82899873486567	1.5603175552117334	-0.004126831845759677
TILD117LA_150_16_20	TILD117LA	TILD117	fold_5	epithelial_transitional	POOLED	2.86091632834078	2.2900790466347534	2.7894325113115532	2.6442800589426185	2.5149816088225827	2.5530739038433743	2.2747392340609793	2.2900777684832763	2.6676335636884745	2.455197295556574	2.629677690768927	2.4339249150393822	0.21663626939816139	-0.0065367292235520074
TILD117LA_150_16_3	TILD117LA	TILD117	fold_5	epithelial_transitional	POOLED	3.16369331780772	2.290109200542932	2.6507076850628994	2.65508907527725	2.809212319876585	2.81589972608071	2.3708325308146763	2.2901168782138677	3.0317604521276045	2.7273304319227565	3.034104452212039	2.7269767033168915	0.50860424253047	-0.006083160599494759
TILD117LA_150_16_4	TILD117LA	TILD117	fold_5	epithelial_transitional	POOLED	3.4231661734858	2.2901074267836274	2.5121533193601238	2.4993955368724516	2.7929939629878118	2.7818845426694887	2.3329077138982943	2.29011457764148	2.915691230239256	2.670351096474255	2.9338027613874864	2.676379835345961	0.9237706366133485	-0.004451138570795602
TILD117LA_150_16_8	TILD117LA	TILD117	fold_5	epithelial_transitional	POOLED	2.14318832305826	2.290100331746409	2.315297849638017	2.299073701171327	2.413979003172183	2.390290528787091	2.237208007109931	2.290105375351929	2.564448373398876	2.517356997208396	2.588776237358525	2.527274002685145	-0.15588537811306713	-0.006410019195576721
TILD117LA_150_16_9	TILD117LA	TILD117	fold_5	epithelial_transitional	POOLED	2.92731295267971	2.290098557987104	2.339425476880342	2.391564773724146	2.4672303804826043	2.4588158359767447	2.3616846786437686	2.2901030747795414	2.4887301218356592	2.543265891759084	2.498275388953518	2.5487575437268104	0.535748178955564	-0.006785440163645474
TILD117LA_150_17_10	TILD117LA	TILD117	fold_5	epithelial_transitional	POOLED	2.65115366340881	2.2900972404026465	2.8161498127089315	2.726623455108119	2.67801191805843	2.6967901430475223	2.297178974130645	2.2901021363361456	2.6172431992546565	2.4897642173399923	2.5890171190537523	2.469195144110552	-0.07546979169930923	-0.003967544754003215
TILD117LA_150_17_11	TILD117LA	TILD117	fold_5	epithelial_transitional	POOLED	2.91983647660641	2.2900954666433417	2.594049596285415	2.6008819734669126	2.7100596142775055	2.7125362587233304	2.34166608113091	2.2900998357637574	2.6241198211373935	2.4179187348143136	2.612038652088466	2.4042546883786993	0.31895450313949736	-0.004554886998688578
TILD117LA_150_17_12	TILD117LA	TILD117	fold_5	epithelial_transitional	POOLED	2.85525877880179	2.290093692884037	2.3176662102666747	2.4213288072285417	2.764442160294193	2.7485022795602565	2.4225638928476094	2.2900975351913697	2.482199394762251	2.427889068594653	2.4988598052674376	2.429109560571112	0.4339299715732481	-0.004220808390110638
TILD117LA_150_17_18	TILD117LA	TILD117	fold_5	epithelial_transitional	POOLED	2.50719115231694	2.2900830503282092	2.4381947812780864	2.5425886597975285	2.707479294523399	2.7063991889461954	2.4011067837284013	2.2900837317570435	2.4704030000690658	2.582092442423886	2.469747294137111	2.574319223973367	-0.03539750748058834	-0.00451137316382319
TILD117LA_150_17_19	TILD117LA	TILD117	fold_5	epithelial_transitional	POOLED	2.73336420914455	2.2900812765689045	2.484363092727637	2.5190659132166187	2.995239885724877	2.9864596612682233	2.3976870969036774	2.290081431184656	2.724193995245324	2.6983456457804156	2.728241898404001	2.7014242376887467	0.21429829592793137	-0.003697189709579941
TILD117LA_150_17_2	TILD117LA	TILD117	fold_5	epithelial_transitional	POOLED	4.11461596109473	2.2901114304770833	2.7102617193945853	2.4695459745320014	2.996208705368698	2.978497733933284	2.312786955514071	2.290120540915247	2.8731086156261076	2.6932188363501965	2.899867385961869	2.7050727332079485	1.6450699865627283	-0.004380208059225073
TILD117LA_150_17_3	TILD117LA	TILD117	fold_5	epithelial_transitional	POOLED	3.15556663607229	2.2901096567177786	2.6706355199789353	2.6504600307498203	2.6343544622165234	2.6461586823156873	2.384791503716599	2.2901182403428595	2.717083120087178	2.6031560240609135	2.713710549190017	2.605141387949607	0.5051066053224695	-0.00652102458392733
TILD117LA_150_17_5	TILD117LA	TILD117	fold_5	epithelial_transitional	POOLED	4.02952500473985	2.2901061091991695	2.6003128141877583	2.516066568966604	2.8696768961851085	2.8546541631992635	2.3616167660130323	2.290113639198084	2.830102313389493	2.636098645460402	2.8518203543652216	2.6471112321772488	1.513458435773246	-0.003599147290476267
TILD117LA_150_17_9	TILD117LA	TILD117	fold_5	epithelial_transitional	POOLED	2.94436043956704	2.290099014161951	2.497166953976416	2.6336425776026795	2.586668222678296	2.59815787012224	2.3401433528392404	2.2901044369085333	2.6269562584811093	2.504186475567791	2.6131806885443067	2.491648427061884	0.3107178619643607	-0.006271180596804505
TILD117LA_150_18_15	TILD117LA	TILD117	fold_5	epithelial_transitional	POOLED	2.91712008146817	2.29008882778097	2.654999150105616	2.6154732458043926	2.867503906886477	2.8773615770312144	2.4533934851906523	2.2900919956031984	2.9037890308689227	2.60398989806027	2.8946658036731208	2.5979667449588932	0.3016468356637776	-0.00557317314506267
TILD117LA_150_19_11	TILD117LA	TILD117	fold_5	epithelial_transitional	POOLED	2.90340676558125	2.290096378993035	2.6907202218202597	2.7405630843326843	2.8253146945981897	2.8467049173327617	2.4785895955770014	2.290102560021741	2.7116411488205685	2.7417756725696822	2.6823318150534345	2.7302287495892563	0.16284368124856563	-0.003818294601278985
TILD117LA_150_19_5	TILD117LA	TILD117	fold_5	epithelial_transitional	POOLED	2.34544996541047	2.2901070215488626	2.2586309681012553	2.402112646239853	2.7226514232049706	2.707926888220795	2.3514660158721514	2.2901163634560673	2.732278468401594	2.611541046318469	2.7555944781920405	2.6300323280836433	-0.05666268082938286	-0.004647920263301514
TILD117LA_150_19_6	TILD117LA	TILD117	fold_5	epithelial_transitional	POOLED	2.19784530789405	2.2901052477895583	2.4634533325098373	2.468713853234716	2.650765233912471	2.6459498096914347	2.2100323350255966	2.2901140628836796	2.705541642929219	2.5416846629404595	2.7169002276543033	2.5470706035344683	-0.27086854534066607	-0.00470810533870555
TILD117LA_150_19_9	TILD117LA	TILD117	fold_5	epithelial_transitional	POOLED	1.88676672964875	2.2900999265116444	2.549255810672227	2.549556953849444	2.3334237230331905	2.3467585274801555	2.0746110524032235	2.2901071611665165	2.397221373719834	2.2925057670862636	2.38613390478772	2.2783327959915067	-0.6627902242006938	-0.007204243464798759
TILD117LA_150_20_7	TILD117LA	TILD117	fold_5	epithelial_transitional	POOLED	2.66441708238952	2.2901039302051003	2.387233276935687	2.409733935221797	2.617182656940512	2.6111953576488935	2.281439966814187	2.2901131244402837	2.4936846711116183	2.4350287861556827	2.4979683571146944	2.4348415889672546	0.2546831471677229	-0.0051780669398594536
TILD117LA_150_21_13	TILD117LA	TILD117	fold_5	epithelial_transitional	POOLED	2.12092034749734	2.290093743824119	2.4683776527867196	2.42850040209655	2.460619811893918	2.4648171672548806	2.3430052294216894	2.290100683134949	2.4723961913263444	2.3748673273370295	2.4764424269222216	2.377080369220025	-0.3075800545992098	-0.005194573726270825
TILD117LA_150_21_14	TILD117LA	TILD117	fold_5	epithelial_transitional	POOLED	2.63438737220357	2.2900919700648146	2.3029560642324953	2.441064515404224	2.691592091679003	2.6938463383163977	2.29594421189963	2.290098382562561	2.6481363403805194	2.6182947307292173	2.646830660455949	2.616903948774631	0.1933228567993459	-0.00583932972202532
TILD117LA_150_21_15	TILD117LA	TILD117	fold_5	epithelial_transitional	POOLED	3.05161686869624	2.29009019630551	2.3940657820492137	2.2630629011863888	2.5946646820417847	2.579868651812551	2.3604341254593812	2.2900960819901734	2.5601452367140816	2.531382836976525	2.5702959190535344	2.53546163203145	0.7885539675098512	-0.0063391685165285
TILD117LA_150_21_7	TILD117LA	TILD117	fold_5	epithelial_transitional	POOLED	2.53098972035304	2.290104386379947	2.4345873093359387	2.4845379131885257	2.951904594367445	2.940925240373394	2.3527025084823623	2.2901144865692755	2.8024035429296426	2.5882885937759745	2.81597087458773	2.5953204745550504	0.046451807164514136	-0.0038197635366632714
TILD117LA_150_21_8	TILD117LA	TILD117	fold_5	epithelial_transitional	POOLED	2.30217772456011	2.2901026126206423	2.5021149253583728	2.4301967123268375	2.681801300640506	2.670384103528983	2.371449489301359	2.290112185996888	2.470579370974765	2.5106754966833105	2.482613414610099	2.5205561256889495	-0.1280189877667275	-0.005165365824150584
TILD117LA_150_22_17	TILD117LA	TILD117	fold_5	epithelial_transitional	POOLED	2.33050735683815	2.290087104961747	2.1607722614555276	2.1648375081576603	2.717717016096545	2.6910020897834923	2.1434545980658952	2.29009284297439	2.556130302267931	2.446096873955574	2.597734145158618	2.4572707784193684	0.16566984868048973	-0.004289251279529082
TILD117LA_150_22_2	TILD117LA	TILD117	fold_5	epithelial_transitional	POOLED	2.76791471204081	2.290113711351317	2.3426557844416274	2.5656088936443444	2.4504706346001135	2.4624425067146993	2.3243749648009673	2.2901273515602054	2.5313474575452615	2.571032930824242	2.514862190311846	2.565504977018877	0.20230581839646566	-0.006788711182528732
TILD117LA_150_22_3	TILD117LA	TILD117	fold_5	epithelial_transitional	POOLED	2.94975351090566	2.290111937592012	2.7083064777139594	2.6286556795699614	2.5189532533466163	2.543721577133611	2.1665737368262192	2.2901250509878177	2.624682633521857	2.4721780140737653	2.6072032029349974	2.4619541659840305	0.32109783133569847	-0.007255075881369664
TILD117LA_150_22_8	TILD117LA	TILD117	fold_5	epithelial_transitional	POOLED	2.69561285424534	2.290103068795489	2.3051417317398104	2.328126226628198	2.3949767539908016	2.3875322080763515	2.3196836111606745	2.290113548125879	2.43041079573352	2.3824001416558684	2.4509223371514204	2.3919526010111687	0.3674866276171418	-0.006910282013097784
TILD117LA_150_23_10	TILD117LA	TILD117	fold_5	epithelial_transitional	POOLED	2.70737111561023	2.2900999774517263	2.354724702218846	2.435349911653051	2.679465876389761	2.689025657612421	2.323086437579969	2.2901103091100956	2.610488595373125	2.598036252697143	2.6017972204223425	2.5976023181666843	0.2720212039571792	-0.004417768424566714
TILD117LA_150_23_8	TILD117LA	TILD117	fold_5	epithelial_transitional	POOLED	2.61707532977429	2.2901035249703354	2.3000275616202757	2.337441095969701	2.4283112965409086	2.4282507778381266	2.245280701745677	2.290114910254871	2.480720538789766	2.513423316714996	2.48987808496034	2.5201513345212887	0.27963423380458874	-0.007062607933741621
TILD117LA_150_25_15	TILD117LA	TILD117	fold_5	epithelial_transitional	POOLED	2.49369040302789	2.2900920210048965	2.4332568950413203	2.2572747143470897	2.590081632308085	2.579096276326738	2.296727191372629	2.2901015305061403	2.690514285393796	2.541323866737228	2.716210537004228	2.5527385943436287	0.23641568868080043	-0.006611681719670458
TILD117LA_150_26_14	TILD117LA	TILD117	fold_5	epithelial_transitional	POOLED	3.23416665291173	2.2900942509390476	2.318094590334739	2.4537287945494497	2.524734148001577	2.5382906049745175	2.2915195994557536	2.29010519320752	2.7326755809484116	2.5779825324106755	2.7354267480099463	2.576456259818293	0.7804378583622804	-0.006506516938903629
TILD117LA_150_3_10	TILD117LA	TILD117	fold_5	epithelial_transitional	POOLED	2.70123736811785	2.290090853954793	2.5635399841042585	2.6018868194780884	2.643917565815672	2.6641360441551156	2.3651074264658485	2.2900830665302614	2.731743106166649	2.5391268057805956	2.7169938338644726	2.529772412509791	0.09935054863976145	-0.004232319180831465
TILD117LA_150_4_8	TILD117LA	TILD117	fold_5	epithelial_transitional	POOLED	2.87231780484031	2.2900948576482487	2.39981965708193	2.468086639592349	2.6431710694889587	2.6418316582699686	2.305961772539997	2.2900890298040286	2.6993894233246682	2.5725092643404874	2.7075896215658393	2.5647996688750263	0.4042311652479613	-0.005659813394025534
TILD117LA_150_5_12	TILD117LA	TILD117	fold_5	epithelial_transitional	POOLED	2.6765565590546	2.290088218785877	2.5080867560202846	2.42638929739716	2.713410001392847	2.70973404300354	2.284453153098907	2.290081189643469	2.4268098545812893	2.477096182387573	2.4288007858773986	2.4724480790556176	0.25016726165743997	-0.0043296068091951845
TILD117LA_150_5_13	TILD117LA	TILD117	fold_5	epithelial_transitional	POOLED	2.05575810756952	2.2900864450265725	2.2646528919220805	2.337729335322257	2.4734966465929213	2.4627309397053017	2.240674865809542	2.2900788890710815	2.3651701661606417	2.3487151047301973	2.372613039200157	2.3450063898571023	-0.2819712277527371	-0.005476154924354111
TILD117LA_150_5_14	TILD117LA	TILD117	fold_5	epithelial_transitional	POOLED	2.45914687357813	2.290084671267268	2.0267598585189273	2.1236677118004215	2.2590654831092354	2.23427965412843	2.2175089379141424	2.2900765884986938	2.1564997477454715	2.270042991988357	2.1923670216797504	2.2803746075571647	0.3354791617777084	-0.006636493304517064
TILD117LA_150_5_15	TILD117LA	TILD117	fold_5	epithelial_transitional	POOLED	2.62008761179107	2.290082897507963	2.4998606697285544	2.5231637725792346	2.177385388678708	2.201730046518894	2.258839666021818	2.290074287926306	2.333061089177203	2.4380152928502037	2.3020350659559052	2.4162873391891915	0.09692383921183545	-0.007325231299828902
TILD117LA_150_5_4	TILD117LA	TILD117	fold_5	epithelial_transitional	POOLED	3.87221781167236	2.290102408860314	2.505928132388912	2.4149207292235126	2.2852971110215994	2.2910164454618336	2.078534849333225	2.2900995942225713	2.4455448674886706	2.3237060663853706	2.447063823375356	2.3046554409392632	1.4572970824488474	-0.005816933706222339
TILD117LA_150_6_14	TILD117LA	TILD117	fold_5	epithelial_transitional	POOLED	2.17431233880035	2.2900851274421146	2.318931088619275	2.348179628965064	2.356448862496116	2.3538094379522363	2.326004527139858	2.2900779506276856	2.198842693929626	2.4105121086907664	2.199720717533362	2.40615318482997	-0.17386729016471403	-0.005439151233463381
TILD117LA_150_6_15	TILD117LA	TILD117	fold_5	epithelial_transitional	POOLED	2.35588769494519	2.29008335368281	2.5253038243246397	2.491474354228589	2.408323062710974	2.413940882539581	2.3256100761889917	2.290075650055298	2.48907624302067	2.484266153680068	2.4852768970243964	2.4766066214629596	-0.13558665928339897	-0.006551878659432297
TILD117LA_150_6_16	TILD117LA	TILD117	fold_5	epithelial_transitional	POOLED	2.34924833551692	2.290081579923505	2.531799998242134	2.614642174361161	2.478471776195971	2.4995701890795874	2.2181578319612276	2.29007334948291	2.4650742182703382	2.4995356164919342	2.4393619299144356	2.479874930653242	-0.26539383884424117	-0.004726095042698197
TILD117LA_150_6_6	TILD117LA	TILD117	fold_5	epithelial_transitional	POOLED	3.60140130033896	2.2900993175165514	2.457927334011133	2.4456200543379216	2.901651480067035	2.8930466866564197	2.3646698779988014	2.2900963552067872	2.7870218847947714	2.637078774372987	2.8031718731451103	2.6404291739567194	1.1557812460010384	-0.0034946493324897535
TILD117LA_150_7_11	TILD117LA	TILD117	fold_5	epithelial_transitional	POOLED	3.2162047813571	2.290090904894875	2.469572201902081	2.404858298506332	2.908962632552235	2.8845876890104587	2.386240002040108	2.2900862144738405	2.7125362988959827	2.4706841727913953	2.7382930021189877	2.4779576881154584	0.8113464828507682	-0.003135290766609968
TILD117LA_150_7_13	TILD117LA	TILD117	fold_5	epithelial_transitional	POOLED	2.59568698084803	2.2900873573762657	2.4453955301182004	2.4737655331383066	2.645410245722246	2.6493989138837755	2.4292396169133603	2.290081613329065	2.5122664104096253	2.420039503608374	2.5020068620529683	2.41508024981967	0.12192144770972346	-0.004623948135124544
TILD117LA_150_7_14	TILD117LA	TILD117	fold_5	epithelial_transitional	POOLED	2.8312947078605	2.290085583616961	2.2075652674263933	2.2488334611088816	2.332087334474097	2.3116070969983986	2.43818461934425	2.2900793127566774	2.354438208893951	2.3807244426665695	2.3844737424292846	2.390420321638965	0.5824612467516186	-0.006192364823820546
TILD117LA_150_7_15	TILD117LA	TILD117	fold_5	epithelial_transitional	POOLED	2.40208901220944	2.2900838098576566	2.271539592965593	2.3311561988714202	2.258097873516392	2.246693241522822	2.4243031063128604	2.2900770121842897	2.3613280708425823	2.383615815022447	2.379780343154028	2.3894481206996034	0.0709328133380196	-0.007095049075412301
TILD117LA_150_7_16	TILD117LA	TILD117	fold_5	epithelial_transitional	POOLED	2.20939281031785	2.290082036098352	2.4704813935061494	2.508487851954144	2.4047339410871555	2.412479945802887	2.1411368459849287	2.290074711611902	2.465979529062023	2.528121405018611	2.4553984364709924	2.518462406953749	-0.29909504163629386	-0.005585894514339792
TILD117LA_150_7_17	TILD117LA	TILD117	fold_5	epithelial_transitional	POOLED	2.57676605685524	2.290080262339047	2.677478479890695	2.587041422939982	2.4104376480365164	2.419364405731625	2.2983403424886686	2.2900724110395143	2.472317545354047	2.510647087679886	2.4592144485167373	2.4940317629641657	-0.010275366084741666	-0.004396073078088253
TILD117LA_150_8_13	TILD117LA	TILD117	fold_5	epithelial_transitional	POOLED	3.25995858550254	2.2900878135511125	2.4248470516510574	2.4411813328396073	2.638282648242492	2.6245062919219606	2.394284453080048	2.290082975458057	2.420103397004144	2.3971715467945858	2.4214146466533317	2.3944156825024563	0.8187772526629327	-0.004612893264447635
TILD117LA_150_8_14	TILD117LA	TILD117	fold_5	epithelial_transitional	POOLED	2.72776178956879	2.2900860397918077	2.1222166363936	2.242313791413427	2.4584468952515617	2.4229429489940566	2.4130933213376116	2.2900806748856692	2.344402640889429	2.344010738551857	2.3762724161300843	2.3569760471772514	0.485447998155363	-0.0058144223633695615
TILD117LA_150_8_15	TILD117LA	TILD117	fold_5	epithelial_transitional	POOLED	3.01151210138742	2.290084266032503	2.2431609789018423	2.2910808766233446	2.434962713146442	2.417341665073362	2.386155381113003	2.2900783743132815	2.507170862039911	2.4772076501251816	2.538828365372571	2.4916008619143826	0.7204312247640754	-0.0058101942953259255
TILD117LA_150_8_16	TILD117LA	TILD117	fold_5	epithelial_transitional	POOLED	2.4023015167257	2.2900824922731986	2.4271050597795467	2.4475059593595625	2.6776233462430836	2.6784820209552276	2.38894175270977	2.290076073740894	2.6850002092235723	2.5605942516409805	2.682212468832086	2.5574803497395293	-0.045204442633862474	-0.004287417833671534
TILD117LA_150_8_17	TILD117LA	TILD117	fold_5	epithelial_transitional	POOLED	2.11813751905585	2.290080718513894	2.499199272706779	2.539321882749403	2.350423233791364	2.361071848670881	2.336595617766103	2.290073773168506	2.3938824426308374	2.4527204885916114	2.3852790759679765	2.447537781590311	-0.4211843636935533	-0.00520204099098633
TILD117LA_150_8_18	TILD117LA	TILD117	fold_5	epithelial_transitional	POOLED	2.41552773304955	2.290078944754589	2.530008531033881	2.1483664441439854	2.429116737023872	2.401511673923289	2.298342142770273	2.2900714725961184	2.278329361481672	2.452685277701158	2.309736082180726	2.463328938870768	0.26716128890556456	-0.004800780833566987
TILD117LA_150_9_12	TILD117LA	TILD117	fold_5	epithelial_transitional	POOLED	2.6936874233836	2.2900900434852636	2.438236254011733	2.544175237604141	2.603714152265875	2.5979019010350632	2.3263803411560326	2.290086638159436	2.6752785945476067	2.35975745859358	2.6759620875180383	2.353537826390855	0.14951218577945902	-0.0048084412257744895
TILD117LA_150_9_13	TILD117LA	TILD117	fold_5	epithelial_transitional	POOLED	2.98176890764687	2.2900882697259592	2.5071351389409484	2.5386602138328636	2.7315365181525637	2.7213296008838848	2.3625485138461695	2.2900843375870483	2.726948200410299	2.457110403704192	2.7339693925562174	2.45793212935125	0.4431086938140063	-0.00398575883888856
TILD117LA_150_9_14	TILD117LA	TILD117	fold_5	epithelial_transitional	POOLED	2.96901958283157	2.2900864959666545	2.47676982798401	2.41912398069505	2.382070264785412	2.3828308638698457	2.2072819404080963	2.2900820370146606	2.327036627018502	2.4380687255161426	2.320546778135344	2.4242341591200365	0.54989560213652	-0.006205129991781228
TILD117LA_150_9_15	TILD117LA	TILD117	fold_5	epithelial_transitional	POOLED	2.6766808607217	2.2900847222073497	2.4525087512370654	2.469819430800956	2.359726792707283	2.3638591267967812	2.339438281034415	2.290079736442273	2.3888573935694692	2.4672950402393834	2.3853777462902297	2.4645096599528444	0.20686142992074386	-0.006159153375580914
TILD117LA_150_9_16	TILD117LA	TILD117	fold_5	epithelial_transitional	POOLED	2.82575273327808	2.2900829484480454	2.7170723958667566	2.626290292538823	2.3466530730628077	2.368082233263704	2.391516916725665	2.290077435869885	2.5021035102499494	2.5204641570877393	2.4792826481829184	2.5119243845000363	0.19946244073925712	-0.005032790422319867
TILD117LA_150_9_17	TILD117LA	TILD117	fold_5	epithelial_transitional	POOLED	2.42470466038997	2.2900811746887406	2.465773706524442	2.5122439827817598	2.3517315370228995	2.3637181230496545	2.353598243104599	2.2900751352974975	2.415500937537968	2.477818279753476	2.4036368817675435	2.474617260595138	-0.08753932239178974	-0.005237977297307565
TILD117LA_150_9_18	TILD117LA	TILD117	fold_5	epithelial_transitional	POOLED	2.44606700147499	2.290079400929436	2.4505343020289168	2.564227522956574	2.312274700008534	2.326690926702976	2.3147802420026005	2.29007283472511	2.1490010761033993	2.413704072145244	2.127780291972293	2.403051154208796	-0.11816052148158374	-0.005635075783817746
TILD117LA_150_9_8	TILD117LA	TILD117	fold_5	epithelial_transitional	POOLED	3.26244811500307	2.290097138522482	2.9241255598903813	2.803192281257584	2.550072640123426	2.5950503703411374	2.2369229311199716	2.2900958404489873	2.5327065803047955	2.4630370104579913	2.4878696691104425	2.4313110361479215	0.4592558337454862	-0.0060592387082951775
TILD117LA_150_9_9	TILD117LA	TILD117	fold_5	epithelial_transitional	POOLED	2.51130048836577	2.2900953647631774	2.480368754935806	2.5217870300020984	2.615823193109938	2.617499768696634	2.25151279840889	2.2900935398765996	2.4816955336610147	2.3786838998831614	2.4667651529782932	2.371445233033548	-0.01048654163632845	-0.006417553612424506
TILD117MA1_150_0_14	TILD117MA1	TILD117	fold_5	epithelial_transitional	POOLED	2.24508600706855	2.290087535215694	2.6191450594422023	2.6457427471310253	2.5558442537542954	2.599926213206773	2.372131294195615	2.290073124681471	2.461288736570911	2.4727285386474764	2.407243956351818	2.4405689861732545	-0.4006567400624754	-0.0050103282648650636
TILD117MA1_150_0_5	TILD117MA1	TILD117	fold_5	epithelial_transitional	POOLED	2.55337609494334	2.2901003291013797	2.158786565041683	2.2924230009525157	2.4400307471371865	2.437889296534822	2.2938588088859317	2.2900906599172295	2.641628146009415	2.5273620283897795	2.64993040966879	2.536267635441445	0.2609530939908242	-0.005189342365077862
TILD117MA1_150_0_6	TILD117MA1	TILD117	fold_5	epithelial_transitional	POOLED	2.78441472000444	2.2900989075585256	2.2385263727413824	2.3093921190319353	2.588397801280565	2.5803830582056357	2.37100860807258	2.2900887115577007	2.7231880770574097	2.7718177994257087	2.7284448291409342	2.7842626042766088	0.4750226009725047	-0.004927514819812526
TILD117MA1_150_10_13	TILD117MA1	TILD117	fold_5	epithelial_transitional	POOLED	2.89638055446421	2.2900942721895103	2.4490168283800973	2.495529351085178	2.6330001326532635	2.631656397298373	2.332382669567025	2.2900894477322256	2.6284196192918627	2.610103469907309	2.622990021763649	2.6026995829897968	0.4008512033790317	-0.0050779650166845785
TILD117MA1_150_10_16	TILD117MA1	TILD117	fold_5	epithelial_transitional	POOLED	2.06955869865848	2.2900900075609485	2.2247582563960733	2.294291079854216	2.20990638140356	2.196703558931879	2.420605021200222	2.290083602653639	2.3655875014831924	2.2143471602993032	2.38558518291409	2.2213323887332463	-0.2247323811957358	-0.007379918015247861
TILD117MA1_150_10_17	TILD117MA1	TILD117	fold_5	epithelial_transitional	POOLED	1.76154184785398	2.2900885860180944	2.260481109466886	2.3638194690831873	2.4200992815199465	2.4066473470804275	2.415906066024006	2.2900816542941107	2.4891999420597903	2.44901246017048	2.4993413258233153	2.459207730792618	-0.6022776212292074	-0.00500967369644057
TILD117MA1_150_10_18	TILD117MA1	TILD117	fold_5	epithelial_transitional	POOLED	3.17339712957773	2.2900871644752407	2.4451515899374052	2.442897557222354	2.7267819217830858	2.7246592009126473	2.311705641413762	2.290079705934582	2.5811695135941526	2.4654210396727634	2.5771176052793763	2.4630967746730796	0.730499572355376	-0.004692278593576642
TILD117MA1_150_10_19	TILD117MA1	TILD117	fold_5	epithelial_transitional	POOLED	2.6382981636396	2.2900857429323866	2.4773329226641714	2.432557353829776	2.8812969205132637	2.873976062616321	2.397999420668023	2.290077757575053	2.6732541547349253	2.6659765944000275	2.68021582722834	2.6710555927913004	0.20574080980982412	-0.00399677775801345
TILD117MA1_150_10_20	TILD117MA1	TILD117	fold_5	epithelial_transitional	POOLED	2.63070116211251	2.2900843213895326	2.3611349361592255	2.4025000375586623	2.5486917771949953	2.5316033859454485	2.3869649252946745	2.2900758092155242	2.408077267017184	2.3969945045128065	2.4254607700394137	2.4028884623873314	0.22820112455384756	-0.005421514073500542
TILD117MA1_150_10_21	TILD117MA1	TILD117	fold_5	epithelial_transitional	POOLED	2.6566757583056	2.2900828998466785	2.3730533946691197	2.4391370854183148	2.3784624455964254	2.3819897839572035	2.3386928550166797	2.2900738608559954	2.364393754823805	2.36576719097491	2.3544661623717467	2.3601300774087934	0.21753867288728523	-0.0068455951947038645
TILD117MA1_150_10_22	TILD117MA1	TILD117	fold_5	epithelial_transitional	POOLED	2.54614176581685	2.290081478303825	2.223868671920057	2.3329154175901397	2.407905253199208	2.3979315290270558	2.4285649329531287	2.2900719124964666	2.3960922163611724	2.4351231536060993	2.41532543716007	2.4412337941369397	0.21322634822671027	-0.006602926652076014
TILD117MA1_150_10_23	TILD117MA1	TILD117	fold_5	epithelial_transitional	POOLED	2.73846344815333	2.2900800567609707	2.5334707660417215	2.5428196405759733	2.6809598627861	2.6910046958240796	2.3445222922113294	2.290069964136938	2.7326767965276635	2.5700483639426586	2.7197706300778033	2.563601896226651	0.19564380757735655	-0.00433009686402655
TILD117MA1_150_11_14	TILD117MA1	TILD117	fold_5	epithelial_transitional	POOLED	2.5913610885287	2.2900933821897524	2.3978086581509777	2.4327879766667113	2.384571217710688	2.3800745966943553	2.434761196564011	2.290088936841819	2.484190829156314	2.36670125290622	2.485507841434779	2.367601621681043	0.15857311186198864	-0.00605335858686113
TILD117MA1_150_11_16	TILD117MA1	TILD117	fold_5	epithelial_transitional	POOLED	2.83278647518754	2.2900905391040447	2.6181882639214082	2.526947393793886	2.716391236027144	2.7156420777760455	2.4625527390395474	2.290085040122762	2.7233724487954825	2.61225432032394	2.7185290885921822	2.616844686234139	0.3058390813936538	-0.00553041278375769
TILD117MA1_150_11_17	TILD117MA1	TILD117	fold_5	epithelial_transitional	POOLED	2.81934726385106	2.2900891175611906	2.572620549145987	2.564935770647554	2.615059085288737	2.6262127667938344	2.4671433900166306	2.290083091763233	2.6345257009298195	2.5514959422950767	2.6265297510809527	2.552501089070576	0.2544114932035062	-0.0037955691718392463
TILD117MA1_150_11_18	TILD117MA1	TILD117	fold_5	epithelial_transitional	POOLED	2.80275193942659	2.290087696018337	2.4505509972031194	2.4429286356850928	2.487895113592043	2.4816750283638154	2.403556215383906	2.2900811434037043	2.5568930377124834	2.473871485888866	2.568015677056161	2.4820672736887586	0.3598233037414973	-0.0046438804468397765
TILD117MA1_150_11_19	TILD117MA1	TILD117	fold_5	epithelial_transitional	POOLED	3.37693836686736	2.290086274475483	2.2671799826770727	2.3643001360450073	2.550610355454787	2.5323281935084627	2.386763106838003	2.2900791950441755	2.620113219088084	2.3987289684456914	2.6422530969106393	2.4046891094928027	1.0126382308223527	-0.005060108869392748
TILD117MA1_150_11_20	TILD117MA1	TILD117	fold_5	epithelial_transitional	POOLED	3.5204717336223	2.2900848529326288	2.481255664197669	2.479099990174875	2.5823655331939923	2.586267311595013	2.4218486418425216	2.290077246684647	2.365514759097538	2.4420549600825403	2.363964266686928	2.4369748217285907	1.0413717434474248	-0.005076292893387742
TILD117MA1_150_11_23	TILD117MA1	TILD117	fold_5	epithelial_transitional	POOLED	2.60997535856745	2.290080588304067	2.5949649288006933	2.543171491348136	2.671338907224534	2.6874715956780766	2.41486101148718	2.2900714016060606	2.8074454786975394	2.600466466773784	2.7901075707643486	2.5937700832999147	0.06680386721931386	-0.004151982295751262
TILD117MA1_150_11_7	TILD117MA1	TILD117	fold_5	epithelial_transitional	POOLED	2.9374273423598	2.2901033329897302	2.476156236109308	2.59209183607506	2.715411161816187	2.724740919413531	2.3219877431842204	2.2901025753585205	2.7891532815609157	2.602029743505571	2.7861609727997947	2.6060651698102744	0.34533550628473986	-0.004911543947287309
TILD117MA1_150_12_10	TILD117MA1	TILD117	fold_5	epithelial_transitional	POOLED	2.48349253947963	2.2900995999042646	2.2207750871933807	2.4738524793392527	2.446458895650773	2.4490840071172255	2.312429289035557	2.290098167749057	2.7354058380890742	2.4739095578608876	2.744383249472255	2.47451430972348	0.009640060140377216	-0.007217528526087469
TILD117MA1_150_12_11	TILD117MA1	TILD117	fold_5	epithelial_transitional	POOLED	2.86331642188666	2.2900981783614105	2.6105239909870748	2.5793936238219235	2.4772138317044075	2.487375613410698	2.1905997878659824	2.290096219389528	2.6251391653315848	2.520742654153633	2.6123831189304885	2.514712746754827	0.2839227980647365	-0.004827435298056232
TILD117MA1_150_12_13	TILD117MA1	TILD117	fold_5	epithelial_transitional	POOLED	2.20369981398795	2.2900953352757027	2.5833394463059363	2.56964007366412	2.4945762895518957	2.506920990422423	2.4069656831041186	2.290092322670471	2.5798354297225323	2.5415492548381957	2.5625185336762617	2.53846376793709	-0.36594025967617005	-0.005314412820402186
TILD117MA1_150_12_14	TILD117MA1	TILD117	fold_5	epithelial_transitional	POOLED	2.56233191049143	2.2900939137328487	2.5743509009307832	2.550272898305368	2.4123737012403783	2.411226256728455	2.4028162887271463	2.290090374310942	2.5349083548495046	2.44602464667134	2.533871571822309	2.444774571440849	0.012059012186062201	-0.006062698909457908
TILD117MA1_150_12_15	TILD117MA1	TILD117	fold_5	epithelial_transitional	POOLED	2.71020434084256	2.290092492189995	2.463706204770599	2.492017455916681	2.4274825131246214	2.4321810637142676	2.4360207560046563	2.290088425951413	2.364791075569205	2.330832717156094	2.3584101330929967	2.3279988532773404	0.218186884925879	-0.006231574471784074
TILD117MA1_150_12_17	TILD117MA1	TILD117	fold_5	epithelial_transitional	POOLED	2.5295786739759	2.290089649104287	2.614761544305248	2.6769286217605366	2.524630614461729	2.5480972453947768	2.4233482458074564	2.2900845292323555	2.655104035933528	2.4731852569816914	2.6299766351536213	2.4637176592518086	-0.14734994778463673	-0.00444230417339452
TILD117MA1_150_12_18	TILD117MA1	TILD117	fold_5	epithelial_transitional	POOLED	2.85453716957107	2.290088227561433	2.3590681822491386	2.3865549610932533	2.1944596779533	2.1894697528072573	2.4432336803298567	2.290082580872827	2.2973661464551935	2.3400465973770017	2.30489521115326	2.346312031808731	0.4679822084778169	-0.00554481357711314
TILD117MA1_150_12_19	TILD117MA1	TILD117	fold_5	epithelial_transitional	POOLED	3.27162030910205	2.290086806018579	2.2422123743967126	2.276585952913603	2.2966243164849542	2.2739907674335447	2.387981399570811	2.2900806325132983	2.2327362139640115	2.362012060825017	2.2602533329724843	2.3727521355286507	0.9950343561884472	-0.00610484485172536
TILD117MA1_150_12_2	TILD117MA1	TILD117	fold_5	epithelial_transitional	POOLED	3.12671543778683	2.290110972247096	2.718761107571308	2.7318375162562623	2.6243314141845846	2.6408528486633305	2.4491455793335573	2.2901137546252865	2.589157195487436	2.5192547081034227	2.564837346466177	2.509019806866733	0.39487792153056755	-0.005498507732171885
TILD117MA1_150_12_20	TILD117MA1	TILD117	fold_5	epithelial_transitional	POOLED	2.97088544155717	2.290085384475725	2.4146470565030334	2.396517328906281	2.3560678779640094	2.3495443793056543	2.4334911090018125	2.2900786841537695	2.4082117152537825	2.374097170357779	2.4186462961314703	2.379553003972453	0.5743681126508888	-0.006087809905221586
TILD117MA1_150_12_21	TILD117MA1	TILD117	fold_5	epithelial_transitional	POOLED	2.70655955464573	2.2900839629328713	2.5028948628414547	2.499655491725756	2.322401968701087	2.3273670167301357	2.405203187841547	2.2900767357942406	2.3506963513285215	2.367722824781585	2.3494707882512573	2.3645339713092914	0.20690406291997432	-0.006947359700463912
TILD117MA1_150_12_22	TILD117MA1	TILD117	fold_5	epithelial_transitional	POOLED	2.47785309343309	2.290082541390017	2.4314561242752433	2.456217076379535	2.5877680307689457	2.583457561720817	2.3477110742038136	2.290074787434712	2.5779875875079834	2.4725095416893206	2.586239160966106	2.4762309940457725	0.021636017053555	-0.005940165732134982
TILD117MA1_150_12_23	TILD117MA1	TILD117	fold_5	epithelial_transitional	POOLED	3.33600820556829	2.290081119847163	2.3956738049154795	2.4623556024435813	2.687993982959264	2.69429799856925	2.2984535459633944	2.290072839075183	2.7452347237055332	2.4127942918442953	2.7452400923098104	2.4037844503652748	0.8736526031247087	-0.003818953863318631
TILD117MA1_150_12_24	TILD117MA1	TILD117	fold_5	epithelial_transitional	POOLED	3.1418152419118	2.2900796983043095	2.4026807142736346	2.4232085301665074	2.598521553601579	2.6098777088701	2.3400355503485133	2.2900708907156546	2.4114021483818164	2.528453622610149	2.391043770715837	2.509204881039494	0.7186067117452928	-0.004275742946831812
TILD117MA1_150_12_3	TILD117MA1	TILD117	fold_5	epithelial_transitional	POOLED	2.55655962180901	2.2901095507042424	2.7842756714686123	2.7269007553038973	2.6102471075452804	2.632095802431004	2.4059040240865097	2.290111806265758	2.6180976711112782	2.5406174216861035	2.5927637462903736	2.527888241338624	-0.17034113349488722	-0.005960982320369654
TILD117MA1_150_12_5	TILD117MA1	TILD117	fold_5	epithelial_transitional	POOLED	2.66542872153479	2.290106707618534	2.479993562210075	2.5396746204102874	2.404201891188244	2.4124894533653305	2.4544424335436097	2.2901079095467005	2.3391623759407314	2.442140741246297	2.3265533909615073	2.4394989323626715	0.1257541011245027	-0.005112775542684939
TILD117MA1_150_12_6	TILD117MA1	TILD117	fold_5	epithelial_transitional	POOLED	2.0166642814237	2.2901052860756805	2.534948924437639	2.6503909258543357	2.493044433551804	2.510486865960809	2.4315427076782483	2.2901059611871717	2.3693932972079335	2.3976937558742755	2.346593291376965	2.391000941093344	-0.6337266444306358	-0.004874561263362444
TILD117MA1_150_12_7	TILD117MA1	TILD117	fold_5	epithelial_transitional	POOLED	2.42991629807828	2.2901038645328264	2.6957513624481617	2.6098927884346788	2.5872960097340734	2.5981558985061612	2.367229580813897	2.290104012827643	2.483525493565612	2.5038358454922065	2.4757880942950004	2.505401807630006	-0.17997649035639895	-0.004973465218007929
TILD117MA1_150_12_8	TILD117MA1	TILD117	fold_5	epithelial_transitional	POOLED	3.44614838558426	2.2901024429899723	2.718434835190602	2.7039337471635765	2.6535180199803126	2.6700683088045007	2.353121995110002	2.2901020644681145	2.7095071625847575	2.7029462523009715	2.691098616383973	2.6983724268232825	0.7422146384206836	-0.0056165821719549825
TILD117MA1_150_12_9	TILD117MA1	TILD117	fold_5	epithelial_transitional	POOLED	2.95884536454376	2.2901010214471187	2.5341321195583104	2.5665309032107455	2.5704083780409364	2.5747363781143324	2.4185631425106138	2.2901001161085857	2.5026798659683918	2.490567354356723	2.4877775548351164	2.487842795776784	0.3923144613330143	-0.006392573468051726
TILD117MA1_150_13_10	TILD117MA1	TILD117	fold_5	epithelial_transitional	POOLED	2.52747335751961	2.290100131447361	2.592513457772588	2.564960516076419	2.62747040884551	2.6444233420996888	2.332328644411841	2.2900996052181792	2.7625572174603	2.4804864698298505	2.743859967437066	2.475075633656743	-0.037487158556809064	-0.006341498590474443
TILD117MA1_150_13_11	TILD117MA1	TILD117	fold_5	epithelial_transitional	POOLED	2.81842674123123	2.2900987099045067	2.539126651489679	2.5289333129772493	2.631900742191681	2.6362777238160313	2.2269907870467556	2.290097656858651	2.792300374849503	2.5699941693790076	2.798000855298076	2.570033416803035	0.2894934282539805	-0.004243810475750164
TILD117MA1_150_13_14	TILD117MA1	TILD117	fold_5	epithelial_transitional	POOLED	2.96538217511133	2.290094445275945	2.5574477601295156	2.6042682646933004	2.580397383992364	2.6010682379232484	2.295626595990878	2.2900918117800644	2.492237051657062	2.4460978018774884	2.4647206639192594	2.4309194970669634	0.3611139104180294	-0.006016955876951701
TILD117MA1_150_13_15	TILD117MA1	TILD117	fold_5	epithelial_transitional	POOLED	2.45365363424418	2.290093023733091	2.6253054424115865	2.630208778965727	2.3442946396561855	2.3685698787555696	2.4369368010613104	2.2900898634205356	2.394864670116165	2.2368168807837883	2.365809206028289	2.2230094824115416	-0.1765551447215472	-0.006468695872533443
TILD117MA1_150_13_16	TILD117MA1	TILD117	fold_5	epithelial_transitional	POOLED	2.90465305883623	2.290091602190237	2.5432351093377887	2.6462026502215457	2.469045300159286	2.4910173941218505	2.472012232677768	2.290087915061007	2.445602717982165	2.4508630244581653	2.4203643488624476	2.441976639463648	0.25845040861468416	-0.006065239090166777
TILD117MA1_150_13_18	TILD117MA1	TILD117	fold_5	epithelial_transitional	POOLED	2.6822467617847	2.2900887591045294	2.420705128250695	2.448556444250272	2.4673556419582607	2.4682291030229635	2.389779103115253	2.2900840183419495	2.392962827995498	2.483330639914451	2.3957758959193747	2.4882455695106547	0.23369031753442782	-0.0040512294018798835
TILD117MA1_150_13_19	TILD117MA1	TILD117	fold_5	epithelial_transitional	POOLED	2.72017101505574	2.2900873375616753	2.300842169137832	2.3160133416858404	2.4738994087791095	2.4566148184299186	2.404467372007068	2.2900820699824207	2.316378476900733	2.333632139906976	2.339632482607393	2.3412613359927876	0.4041576733698995	-0.004744672638906839
TILD117MA1_150_13_20	TILD117MA1	TILD117	fold_5	epithelial_transitional	POOLED	3.86115785575743	2.290085916018821	2.2646339564936073	2.3356739892136575	2.603479463142128	2.593118865083993	2.446030283375975	2.290080121622892	2.767897482900299	2.5904656296613515	2.7815202818918796	2.6029762209284235	1.5254838665437727	-0.00561209491670518
TILD117MA1_150_13_22	TILD117MA1	TILD117	fold_5	epithelial_transitional	POOLED	2.43139661755173	2.2900830729331134	2.5041433672771296	2.4358776200441277	2.5297058831275265	2.529370947869937	2.41691269661308	2.2900762249038347	2.6374157409032346	2.3643840810089634	2.6379309868232617	2.364575904942655	-0.004481002492397579	-0.006211862780878777
TILD117MA1_150_13_23	TILD117MA1	TILD117	fold_5	epithelial_transitional	POOLED	2.47323193650887	2.2900816513902593	2.5710201875163503	2.4930054896968725	2.737710616623355	2.733749241376005	2.3916930213958825	2.290074276544306	2.8737465885737654	2.606265537923001	2.8754786489044855	2.609323823068886	-0.019773553188002335	-0.0038612342193577935
TILD117MA1_150_13_24	TILD117MA1	TILD117	fold_5	epithelial_transitional	POOLED	2.73873114805171	2.2900802298474057	2.4165991249509764	2.502209665890829	2.879160295004871	2.877735396877413	2.278464462263025	2.290072328184777	2.832061054113074	2.70063748727759	2.8258631093988966	2.6923276887189114	0.2365214821608812	-0.0034796685575862706
TILD117MA1_150_13_6	TILD117MA1	TILD117	fold_5	epithelial_transitional	POOLED	2.36439422634618	2.2901058176187767	2.6121057312139815	2.568309392491574	2.4972767194061567	2.506285245586945	2.3072482109639894	2.2901073986562945	2.4593697501082223	2.5285147363018026	2.445881975937304	2.5271304590939203	-0.20391516614539418	-0.00483724241628999
TILD117MA1_150_14_11	TILD117MA1	TILD117	fold_5	epithelial_transitional	POOLED	2.25739088131083	2.2900992414476034	2.3510004947545404	2.48437435005697	2.5791453050633955	2.581993572966229	2.195065096901369	2.2900990943277733	2.443752601031662	2.4139105270880643	2.4338091576982137	2.4084132094754835	-0.22698346874613984	-0.004146708391466918
TILD117MA1_150_14_12	TILD117MA1	TILD117	fold_5	epithelial_transitional	POOLED	2.29363811472681	2.2900978199047493	2.2876979166002376	2.3471923603496023	2.849812276541061	2.8282894974107027	2.211084127323696	2.2900971459682444	2.6662318765170765	2.56492806515766	2.6810306991401904	2.566512642844508	-0.05355424562279243	-0.0037585742893461115
TILD117MA1_150_14_13	TILD117MA1	TILD117	fold_5	epithelial_transitional	POOLED	2.80326686793072	2.290096398361895	2.504887764180879	2.5130801887987735	2.777522614721003	2.784839304131047	2.2018817911706408	2.2900951976087156	2.7065800022692263	2.6327897207456115	2.7055234267793065	2.620867936535573	0.2901866791319465	-0.004751059184293777
TILD117MA1_150_14_15	TILD117MA1	TILD117	fold_5	epithelial_transitional	POOLED	2.5628135986243	2.2900935552761874	2.8453853444321564	2.748771882720046	2.3022635321960463	2.359274034381287	2.3294194394145693	2.2900913008896584	2.3280154500840324	2.284294630533718	2.2655213209790857	2.2568609404049633	-0.18595828409574588	-0.007184362691373985
TILD117MA1_150_14_16	TILD117MA1	TILD117	fold_5	epithelial_transitional	POOLED	2.69438025280875	2.2900921337333333	2.636296227064048	2.637690217505246	2.4826704543495244	2.4978504484012154	2.3901288712726125	2.2900893525301296	2.733457163567111	2.5306303655787388	2.722327331803558	2.52650207204193	0.05669003530350425	-0.0060638439856871736
TILD117MA1_150_14_17	TILD117MA1	TILD117	fold_5	epithelial_transitional	POOLED	2.55778142853909	2.290090712190479	2.342321080040426	2.4618049891426064	2.3205255793480175	2.32592277244423	2.359517465023595	2.2900874041706007	2.402617397158516	2.1938904271085375	2.396310558972384	2.1889047117068197	0.09597643939648348	-0.005273559999150228
TILD117MA1_150_14_18	TILD117MA1	TILD117	fold_5	epithelial_transitional	POOLED	2.01379681560803	2.2900892906476256	2.249106847662413	2.286562350207008	2.5078110559720828	2.4831122839849624	2.4115418065905985	2.290085455811072	2.500146076068538	2.4505054677485423	2.5268177736919792	2.464305315488857	-0.2727655345989777	-0.004603839197506182
TILD117MA1_150_14_19	TILD117MA1	TILD117	fold_5	epithelial_transitional	POOLED	2.65734054409104	2.2900878691047715	2.371621152131982	2.371791836622521	2.5507927710863982	2.5410440423377105	2.3734948739659214	2.2900835074515435	2.1094618574722395	2.354919267384184	2.113217701678584	2.360145189278061	0.2855487074685188	-0.004635733712298452
TILD117MA1_150_14_20	TILD117MA1	TILD117	fold_5	epithelial_transitional	POOLED	2.72179685601789	2.2900864475619174	2.3788224563446767	2.4001174658281133	2.5123690227551614	2.5043979991029297	2.400744656671529	2.2900815590920147	2.4303786170479222	2.393195198444589	2.4357290809791157	2.3936286196035237	0.32167939018977654	-0.005708693045163279
TILD117MA1_150_14_21	TILD117MA1	TILD117	fold_5	epithelial_transitional	POOLED	2.99545282818469	2.2900850260190637	2.614161726246249	2.4898965899488092	2.5353604634361186	2.543791329252095	2.3930926527872307	2.290079610732486	2.4628535937337768	2.414253791298031	2.4523818496449086	2.402098964585038	0.5055562382358807	-0.006139491393345333
TILD117MA1_150_14_22	TILD117MA1	TILD117	fold_5	epithelial_transitional	POOLED	2.29852987306611	2.2900836044762096	2.078653397251667	2.2314970744286815	2.478875718405223	2.4556268709903906	2.288901760146961	2.290077662372957	2.630395560749987	2.3965291320632947	2.6655229484650977	2.4036237042757023	0.06703279863742839	-0.006583503345296647
TILD117MA1_150_14_23	TILD117MA1	TILD117	fold_5	epithelial_transitional	POOLED	2.93871610156738	2.2900821829333555	2.135388919926201	2.272521414580839	2.7158385877718834	2.688506340726642	2.374616867751132	2.2900757140134282	2.787303862760312	2.618041118239993	2.8222884008891405	2.628796396418597	0.6661946869865414	-0.0038317007805210752
TILD117MA1_150_14_8	TILD117MA1	TILD117	fold_5	epithelial_transitional	POOLED	3.2169883143889	2.290103506076165	2.8057826968836754	2.7342564206211333	2.8502929059014477	2.874071548423489	2.3630019548374586	2.2901049394063593	2.7078872323832894	2.480859532432763	2.6748973337431488	2.4691428385218037	0.4827318937677667	-0.0044375229151375215
TILD117MA1_150_14_9	TILD117MA1	TILD117	fold_5	epithelial_transitional	POOLED	3.17749487303319	2.290102084533311	2.602164079641333	2.6648492416030014	2.5855235750583776	2.6094809457399624	2.3347684869124663	2.290102991046831	2.632023919300243	2.5185329532461425	2.6021528012450488	2.5091155189559475	0.5126456314301886	-0.006788311731247867
TILD117MA1_150_15_12	TILD117MA1	TILD117	fold_5	epithelial_transitional	POOLED	2.9806237757441	2.2900983514478455	2.2798492835431743	2.4200838657058794	2.578159972534478	2.5777850309649732	2.238184157181673	2.2900985834373673	2.590582132824995	2.4289771585809596	2.591488172666677	2.4206153011249247	0.5605399100382207	-0.0044304800125772315
TILD117MA1_150_15_13	TILD117MA1	TILD117	fold_5	epithelial_transitional	POOLED	2.60258461170381	2.2900969299049914	2.512686403279798	2.475385927007459	2.503544785910931	2.5102168635568427	2.094075646496968	2.2900966350778384	2.5729964744437472	2.488968226861707	2.5681587947914846	2.4727657443754065	0.1271986846963511	-0.005733106447123097
TILD117MA1_150_15_15	TILD117MA1	TILD117	fold_5	epithelial_transitional	POOLED	2.35477610329113	2.2900940868192836	2.3642309242703226	2.5304005948181656	2.436017688858528	2.457229818865279	2.340053642407981	2.290092738358781	2.367041981672138	2.331329417159714	2.3424929792688243	2.3136358857087194	-0.17562449152703552	-0.006987821476522629
TILD117MA1_150_15_16	TILD117MA1	TILD117	fold_5	epithelial_transitional	POOLED	2.56870616784465	2.2900926652764295	2.624792086643336	2.5716281450989933	2.572311445951412	2.5844107913027954	2.3041103907669513	2.290090789999252	2.6156686551869064	2.4114247918284657	2.600167733072248	2.4056224208339834	-0.0029219772543433997	-0.005998700729594746
TILD117MA1_150_15_17	TILD117MA1	TILD117	fold_5	epithelial_transitional	POOLED	2.24756286026675	2.2900912437335754	2.3857272857478002	2.390997741604046	2.645634376227467	2.6319639799522334	2.3172425656059366	2.2900888416397236	2.5046715021751242	2.476609523154277	2.520576430584183	2.4785303378980155	-0.1434348813372961	-0.004071188763236195
TILD117MA1_150_15_18	TILD117MA1	TILD117	fold_5	epithelial_transitional	POOLED	2.38265743930784	2.2900898221907218	2.194036149053811	2.303160855163687	2.5718866617947165	2.5507152808597553	2.322302150945107	2.2900868932801948	2.4984317129068603	2.4573060096387076	2.5229705817327566	2.4644028556560347	0.07949658414415284	-0.004782614178956656
TILD117MA1_150_15_19	TILD117MA1	TILD117	fold_5	epithelial_transitional	POOLED	3.40412543069017	2.2900884006478677	2.7443736699070467	2.5737304737721667	2.6082997360361615	2.6256928984780354	2.4000058634409647	2.290084944920666	2.6205536723930365	2.5337358870681954	2.613186252699367	2.5280319352961236	0.8303949569180031	-0.004436627385944551
TILD117MA1_150_15_2	TILD117MA1	TILD117	fold_5	epithelial_transitional	POOLED	3.08050387241694	2.290112566876385	2.5023904293719785	2.3910739159113894	2.356841819492533	2.3643548690299885	2.2526356948065294	2.2901180670326546	2.4558565096957303	2.3751613942673826	2.4513010801665382	2.3746956507072117	0.6894299565055504	-0.00639335637777079
TILD117MA1_150_15_20	TILD117MA1	TILD117	fold_5	epithelial_transitional	POOLED	2.67417502341784	2.2900869791050136	2.4287340613010535	2.472609489299822	2.433303122891418	2.4331651398278895	2.262772820812636	2.290082996561137	2.141367614382384	2.2332227633072814	2.129340088648852	2.2189516484467906	0.20156553411801825	-0.005868565747941728
TILD117MA1_150_15_22	TILD117MA1	TILD117	fold_5	epithelial_transitional	POOLED	2.50495823370044	2.290084136019306	2.233784696638851	2.2780161432256216	2.6353127433064096	2.6177017801316356	2.2508472996333806	2.2900790998420795	2.634662637872765	2.4508881543123184	2.662558970711199	2.449181730807707	0.2269420904748185	-0.00580032660659542
TILD117MA1_150_15_23	TILD117MA1	TILD117	fold_5	epithelial_transitional	POOLED	2.33743472225144	2.2900827144764517	2.3548801764810543	2.514539053080733	2.590338466544769	2.60177674703485	2.2770645329562393	2.290077151482551	2.6694708670139864	2.583128371691288	2.6557511652540073	2.565062536666819	-0.17710433082929322	-0.003893470453166489
TILD117MA1_150_15_4	TILD117MA1	TILD117	fold_5	epithelial_transitional	POOLED	2.70570151913	2.290109723790677	2.7273958530487756	2.714847015014845	2.5988433925366543	2.623814748165864	2.368305986863161	2.290114170313597	2.468699177749588	2.3719444622460943	2.4312753929034754	2.3560032553574484	-0.009145495884845367	-0.0063501615345253615
TILD117MA1_150_15_6	TILD117MA1	TILD117	fold_5	epithelial_transitional	POOLED	2.23327646098555	2.290106880704969	2.6440892661035607	2.64472159236666	2.7570440303710044	2.760834376706279	2.3320273323205942	2.2901102735945393	2.7325209959102197	2.6252143345111274	2.7145596287658327	2.622002553583446	-0.4114451313811096	-0.0041805523554301624
TILD117MA1_150_15_7	TILD117MA1	TILD117	fold_5	epithelial_transitional	POOLED	2.94059021124357	2.290105459162115	2.7410968913070315	2.6560864554138304	2.5888612977840157	2.6097765614211723	2.320693291757728	2.290108325235011	2.602791793718313	2.4522273578939124	2.5771033223175355	2.442636860535288	0.28450375582973964	-0.004843741562182561
TILD117MA1_150_16_12	TILD117MA1	TILD117	fold_5	epithelial_transitional	POOLED	3.01658726725888	2.2900988829909417	2.5504397536043117	2.4911365734156807	2.8713802088973868	2.872415789442681	2.232579082718492	2.2901000209064897	2.7498492827216987	2.6368012945588086	2.7436260842540827	2.6351165084730885	0.5254506938431991	-0.0034916876583141743
TILD117MA1_150_16_13	TILD117MA1	TILD117	fold_5	epithelial_transitional	POOLED	2.387552134236	2.2900974614480876	2.339157206676178	2.4611167137907635	2.6311634507892747	2.62526126395469	2.2659779179320534	2.290098072546961	2.4741401369908447	2.385829647279188	2.475785491806304	2.383466066010068	-0.07356457955476348	-0.004733555139135912
TILD117MA1_150_16_14	TILD117MA1	TILD117	fold_5	epithelial_transitional	POOLED	2.65272952920267	2.290096039905234	2.5093198954914437	2.50755348349502	2.4364887189798456	2.442779126537748	2.2736900418746133	2.290096124187432	2.3733710726601553	2.3460321195121607	2.3655734722087804	2.3371064696387327	0.14517604570764986	-0.005713258934195101
TILD117MA1_150_16_15	TILD117MA1	TILD117	fold_5	epithelial_transitional	POOLED	1.88668149812716	2.29009461836238	2.320039014084409	2.4032723211017903	2.2952137248515694	2.289464453062363	2.29516406937788	2.2900941758279036	2.203186462923374	2.163154021220154	2.2069725996947587	2.153176145418373	-0.5165908229746303	-0.00697800348570564
TILD117MA1_150_16_17	TILD117MA1	TILD117	fold_5	epithelial_transitional	POOLED	2.19235650216466	2.290091775276672	2.6450909417303174	2.5394916042227047	2.7968728402229672	2.8047116526381837	2.3359183320344723	2.290090279108846	2.6602335629054576	2.5135174341518542	2.6540895950585237	2.5028326992826324	-0.3471351020580449	-0.0036439363551386324
TILD117MA1_150_16_18	TILD117MA1	TILD117	fold_5	epithelial_transitional	POOLED	2.87534269803848	2.290090353733818	2.366510436345237	2.4126244434104276	2.78504377785788	2.7708557719023106	2.2055641376146653	2.290088330749317	2.7141623182112946	2.605960178054522	2.733887944142996	2.6057462948797583	0.4627182546280526	-0.00410366616719424
TILD117MA1_150_16_19	TILD117MA1	TILD117	fold_5	epithelial_transitional	POOLED	3.03432531410577	2.290088932190964	2.5516553235362713	2.5860698161825715	2.852258291142082	2.8750558938357056	2.3534055537080545	2.2900863823897883	2.3608807136129153	2.434406245728501	2.323723582760634	2.4183819073271517	0.44825549792319874	-0.004120779323887808
TILD117MA1_150_16_20	TILD117MA1	TILD117	fold_5	epithelial_transitional	POOLED	2.9581514866425	2.2900875106481102	2.405284962270889	2.503721324335765	2.61607754360999	2.6262045860628795	2.3197785744887063	2.29008443403026	2.5073063117662935	2.4663021785894395	2.4979727906513745	2.460830949483457	0.45443016230673505	-0.005392250697029142
TILD117MA1_150_16_21	TILD117MA1	TILD117	fold_5	epithelial_transitional	POOLED	3.35244375653147	2.290086089105256	2.6036858044977835	2.5665279380723467	2.6889762497583534	2.7095141778481677	2.2475213730006924	2.290082485670731	2.3357549652308274	2.3759359306714782	2.2985512678625355	2.357186875514457	0.7859158184591233	-0.0060517957936424204
TILD117MA1_150_16_22	TILD117MA1	TILD117	fold_5	epithelial_transitional	POOLED	2.79313982515902	2.290084667562402	2.537072811157735	2.5858746892254088	2.7757501372594504	2.787018910155345	2.264091051935958	2.2900805373112023	2.787159214325546	2.6092971355916292	2.7736994414515346	2.594645084205321	0.20726513593361107	-0.005631785230020589
TILD117MA1_150_16_7	TILD117MA1	TILD117	fold_5	epithelial_transitional	POOLED	3.04710662132143	2.2901059907052113	2.635968496989416	2.6041067435343876	2.5292984439682193	2.549890287565894	2.280217960569801	2.2901097627041334	2.558947568322542	2.442837576122612	2.5399917958945935	2.433294030954583	0.44299987778704253	-0.005088815210454947
TILD117MA1_150_16_9	TILD117MA1	TILD117	fold_5	epithelial_transitional	POOLED	3.23666358153528	2.2901031476195035	2.6011754999125554	2.649192623859241	2.7883224598874112	2.812078549157322	2.3005667594841883	2.2901058659850757	2.8186968468936184	2.601448916112256	2.7984921919221657	2.588864993002369	0.5874709576760391	-0.006012525983855914
TILD117MA1_150_17_13	TILD117MA1	TILD117	fold_5	epithelial_transitional	POOLED	2.82677712135604	2.2900979929911838	2.640902016350525	2.598713656862508	2.7339311641400554	2.761094401546546	2.2597348709472636	2.2900995100160837	2.780522816040017	2.6393958194611904	2.763522582479067	2.6291262086852853	0.2280634644935322	-0.005111633516495548
TILD117MA1_150_17_14	TILD117MA1	TILD117	fold_5	epithelial_transitional	POOLED	3.32664050538693	2.29009657144833	2.7061540224312637	2.6826268336360464	2.8316944458150353	2.844178108308765	2.3160122853837337	2.290097561656555	2.7955468691876058	2.5844886018319366	2.776614032175946	2.5740056012440333	0.6440136717508835	-0.004853162954622137
TILD117MA1_150_17_15	TILD117MA1	TILD117	fold_5	epithelial_transitional	POOLED	2.61032932451001	2.290095149905476	2.724406984500887	2.544112747506023	2.588479076332625	2.5914262112554276	2.293227759034386	2.290095613297026	2.536090646007689	2.3617504943079886	2.533664590171179	2.358176068172927	0.06621657700398709	-0.006408351026299867
TILD117MA1_150_17_17	TILD117MA1	TILD117	fold_5	epithelial_transitional	POOLED	2.6938631639088	2.2900923068197683	2.2790239671218524	2.2967477641681158	2.693810042772125	2.6708815144545284	2.2936444488622656	2.2900917165779684	2.6990889375843956	2.497307139203278	2.7340542718896605	2.503436965388248	0.39711539974068444	-0.0040492597624872855
TILD117MA1_150_17_18	TILD117MA1	TILD117	fold_5	epithelial_transitional	POOLED	2.62457465742409	2.290090885276914	2.489982788349476	2.5352415898277116	2.7982782904606074	2.7996277238908998	2.188621619543346	2.29008976821844	2.712791764307047	2.4598813047733916	2.720906468320232	2.4505905209153873	0.08933306759637816	-0.003915012227303971
TILD117MA1_150_17_19	TILD117MA1	TILD117	fold_5	epithelial_transitional	POOLED	2.81458790660298	2.29008946373406	2.7675981637072704	2.7043485423908233	2.7289972515076246	2.762466756428393	2.249259427872701	2.290087819858911	2.677087156776213	2.4988146162746734	2.6433045974930938	2.4800026188042112	0.11023936421215685	-0.004339733326139741
TILD117MA1_150_17_7	TILD117MA1	TILD117	fold_5	epithelial_transitional	POOLED	3.42677362315215	2.2901065222483075	2.3660143126579762	2.5259996706841017	2.496924474608451	2.5079682585896794	2.2790009671809432	2.2901112001732558	2.434906243487064	2.4162408828528448	2.428153717980325	2.4204696791893623	0.9007739524680485	-0.005230149693060284
TILD117MA1_150_18_18	TILD117MA1	TILD117	fold_5	epithelial_transitional	POOLED	3.18417813075979	2.2900914168200104	2.706544310436036	2.5818581415488184	2.6211057509377382	2.6387703065863195	2.1193552109206624	2.2900912056875624	2.509794379846421	2.451682202721085	2.487971039728952	2.4353278997736707	0.6023199892109714	-0.005018528355123581
TILD117MA1_150_18_19	TILD117MA1	TILD117	fold_5	epithelial_transitional	POOLED	2.83788461301843	2.2900899952771563	2.4991981693322143	2.6946274329477107	2.4777008269476632	2.5177060084760887	2.216578845314788	2.2900892573280336	2.5623198341882665	2.417158421412995	2.5188522810119	2.396430258093646	0.14325718007071941	-0.005324849399478404
TILD117MA1_150_19_14	TILD117MA1	TILD117	fold_5	epithelial_transitional	POOLED	3.38095047847796	2.2900976345345225	2.5161297208783693	2.5280444580849153	2.6694366694585003	2.6723682906941444	2.1906908169244406	2.2901004365948	2.4485531513586056	2.4100599907813463	2.4433194428493112	2.402706028498492	0.8529060203930445	-0.005388903403958539
TILD117MA1_150_1_13	TILD117MA1	TILD117	fold_5	epithelial_transitional	POOLED	3.28524627607011	2.290089488301644	2.529157507537625	2.582320524648648	2.51252309155896	2.531785297168669	2.462019573867535	2.290076510510122	2.5221773310465623	2.4892889222353753	2.495726430298472	2.4766798782117756	0.7029257514214624	-0.005230200767475615
TILD117MA1_150_1_15	TILD117MA1	TILD117	fold_5	epithelial_transitional	POOLED	2.5720855131585	2.2900866452159363	2.581199893249894	2.567910456063735	2.2006018945141763	2.2290044654632233	2.4558684942157476	2.290072613791065	2.495667403854223	2.275954125702408	2.468409342930655	2.2574110816784176	0.004175057094764956	-0.006766719326685239
TILD117MA1_150_1_16	TILD117MA1	TILD117	fold_5	epithelial_transitional	POOLED	1.84580402500758	2.290085223673082	2.3369989019759303	2.445996931716597	2.4845877325966144	2.4837420692786676	2.5086674903700086	2.290070665431536	2.4814124253150722	2.4229603022515267	2.4751276045795616	2.4199737222702353	-0.6001929067090168	-0.005770746924230769
TILD117MA1_150_1_4	TILD117MA1	TILD117	fold_5	epithelial_transitional	POOLED	2.65277269932564	2.29010228218733	2.392798568819448	2.5356759245499187	2.339130903480218	2.3649326731144793	2.4050862109121254	2.2900940457458807	2.326134409763076	2.2686833061992266	2.2978697027769557	2.2519841443440995	0.11709677477572145	-0.0069543868581231506
TILD117MA1_150_1_5	TILD117MA1	TILD117	fold_5	epithelial_transitional	POOLED	2.13369028821001	2.290100860644476	2.517641466739304	2.412427258825198	2.4121963393540016	2.4146865850687527	2.4146700988914347	2.2900920973863523	2.519373183335057	2.562353465387714	2.520404656945206	2.5651502527974888	-0.27873697061518765	-0.005110446581520045
TILD117MA1_150_1_6	TILD117MA1	TILD117	fold_5	epithelial_transitional	POOLED	2.27098249047332	2.290099439101622	2.442902074139276	2.3852547904962242	2.4741614000683105	2.477947437227691	2.416334231170761	2.2900901490268235	2.380165446904541	2.4903280912882906	2.372129393670315	2.491471018629237	-0.11427230002290445	-0.00512043093799343
TILD117MA1_150_2_12	TILD117MA1	TILD117	fold_5	epithelial_transitional	POOLED	2.68949441717186	2.2900914413875944	2.471345618771538	2.4998922706364355	2.4743432950427255	2.4769464799099628	2.456403031202462	2.2900798963387734	2.6504379979670407	2.469652092378161	2.65139654432328	2.471132659272509	0.1896021465354245	-0.005213890157007952
TILD117MA1_150_2_13	TILD117MA1	TILD117	fold_5	epithelial_transitional	POOLED	3.43208495386074	2.2900900198447403	2.6281184280832366	2.6002080937906635	2.6880383626729394	2.7018272757462176	2.3797301381961473	2.290077947979245	2.7595642019240456	2.5879004755925052	2.751014278200276	2.582022871087688	0.8318768600700763	-0.00447853334141599
TILD117MA1_150_2_15	TILD117MA1	TILD117	fold_5	epithelial_transitional	POOLED	2.63920566098744	2.2900871767590325	2.363701745210927	2.479709182479475	2.2730191565417943	2.286825513700761	2.403496674175956	2.2900740512601874	2.305760452854609	2.3406060945342784	2.2950807275627563	2.3326955961752467	0.1594964785079651	-0.007467023037544826
TILD117MA1_150_2_4	TILD117MA1	TILD117	fold_5	epithelial_transitional	POOLED	2.9302578491571	2.2901028137304262	2.4535390994728994	2.4249604462040284	2.5042932232360102	2.5207360664331766	2.3404377937919283	2.2900954832150036	2.42704397909259	2.402931528724314	2.409170583132193	2.3934326486646222	0.5052974029530715	-0.006673900377098294
TILD117MA1_150_2_5	TILD117MA1	TILD117	fold_5	epithelial_transitional	POOLED	3.12298576106686	2.290101392187572	2.3515862875960494	2.4309043732071793	2.493554475038976	2.4987955391160854	2.372452242124132	2.2900935348554747	2.6395356323159596	2.5613480427117823	2.6301743498641805	2.5630325104920635	0.6920813878596808	-0.004759393311497249
TILD117MA1_150_2_6	TILD117MA1	TILD117	fold_5	epithelial_transitional	POOLED	2.88538102179134	2.290099970644718	2.188990093655952	2.3246939960929742	2.924839961420087	2.9130893824635438	2.3820611187707907	2.290091586495946	2.9748502587694428	2.5929905776136675	2.9986507630900867	2.6026765553658975	0.5606870256983658	-0.003587675198674329
TILD117MA1_150_3_13	TILD117MA1	TILD117	fold_5	epithelial_transitional	POOLED	2.50022304280747	2.290090551387837	2.690741802888791	2.7397185032493674	2.5846556244832692	2.6266749649043546	2.381405916902417	2.2900793854483674	2.5241551122763464	2.5648195118239485	2.493050566799945	2.5458679761849625	-0.2394954604418973	-0.004087896686261528
TILD117MA1_150_3_14	TILD117MA1	TILD117	fold_5	epithelial_transitional	POOLED	3.04170182646424	2.290089129844983	2.648846464084011	2.648476192612436	2.4359896081245913	2.462819434774832	2.4156279784219774	2.2900774370888386	2.386506577925277	2.406363979578206	2.3641104325995794	2.394584024831789	0.3932256338518041	-0.00523930511083069
TILD117MA1_150_3_16	TILD117MA1	TILD117	fold_5	epithelial_transitional	POOLED	3.02713497207468	2.2900862867592746	2.3021984724593154	2.4285398718546283	2.6434431786594828	2.6240945023054065	2.494997641816415	2.2900735403697814	2.696959724340614	2.602586292335781	2.7150739600788385	2.6105734211629095	0.5985951002200518	-0.005859233048127287
TILD117MA1_150_3_18	TILD117MA1	TILD117	fold_5	epithelial_transitional	POOLED	3.40993324940164	2.290083443673567	2.6902316738637526	2.607001482432863	2.5938802787486055	2.617955872368029	2.391700508979124	2.2900696436507237	2.62898176288733	2.5482367660514194	2.6075060751034393	2.533459070858302	0.802931766968777	-0.004503191241659612
TILD117MA1_150_3_2	TILD117MA1	TILD117	fold_5	epithelial_transitional	POOLED	2.51189521615304	2.29010618835923	2.581062933056574	2.428757306497059	2.3266790139648874	2.330489039271987	2.350474412034644	2.2901008174031836	2.3000945387368885	2.455644580998796	2.299320508410693	2.453273855557118	0.083137909655981	-0.005892239943763846
TILD117MA1_150_3_4	TILD117MA1	TILD117	fold_5	epithelial_transitional	POOLED	2.79353934116994	2.2901033452735224	2.200941371880308	2.2877052222839467	2.4337433656703844	2.437151705615619	2.3570992928642984	2.290096920684126	2.5337107763687587	2.488242737875914	2.53297185697081	2.4932812009660634	0.5058341188859932	-0.007313369862353938
TILD117MA1_150_4_10	TILD117MA1	TILD117	fold_5	epithelial_transitional	POOLED	2.64958534891845	2.290095347559495	2.5091339391456273	2.576336024325663	2.389449495632505	2.391910219276609	2.3976648420736244	2.2900866679960763	2.3332881761590984	2.4369590162741113	2.32792098261283	2.4330302561329216	0.07324932459278699	-0.0067406947435306435
TILD117MA1_150_4_15	TILD117MA1	TILD117	fold_5	epithelial_transitional	POOLED	2.69971051569001	2.290088239845225	2.3902644520627216	2.4710685814425872	2.479435059725118	2.477522602672724	2.353649165874797	2.2900769261984326	2.45391353365985	2.396563985141701	2.4616533893986703	2.3950657431071476	0.22864193424742263	-0.00631167042171871
TILD117MA1_150_4_16	TILD117MA1	TILD117	fold_5	epithelial_transitional	POOLED	2.71177721345423	2.2900868183023713	2.41855361324489	2.397429515922485	2.793565458843328	2.777218648600018	2.3804079151257094	2.290074977838904	2.616753764506815	2.5515963161674606	2.6255996513691695	2.5520627506651037	0.31434769753174496	-0.005571049048176552
TILD117MA1_150_4_17	TILD117MA1	TILD117	fold_5	epithelial_transitional	POOLED	2.53462968004369	2.290085396759517	2.4217748316904975	2.4848900645910095	2.5042581128931634	2.4977684007621166	2.4196092875507036	2.290073029479375	2.3877993587833504	2.4004803778543438	2.3797816989192304	2.3954256799063605	0.049739615452680574	-0.004597065800619117
TILD117MA1_150_4_18	TILD117MA1	TILD117	fold_5	epithelial_transitional	POOLED	3.1830736196719	2.290083975216663	2.5255480663827803	2.563980855988393	2.8171228150406686	2.8210753951570866	2.291336522083797	2.290071081119846	2.889379679227698	2.6220150910775355	2.8748457949616397	2.61000959681032	0.6190927636835069	-0.004578800120389293
TILD117MA1_150_4_19	TILD117MA1	TILD117	fold_5	epithelial_transitional	POOLED	3.24013971666205	2.290082553673809	2.4607062855646844	2.515211684048723	2.5664655269363905	2.5761512412944656	2.4065452749739396	2.2900691327603178	2.714811880584985	2.564195518677898	2.707403249649719	2.5600193562231826	0.724928032613327	-0.004915641481146168
TILD117MA1_150_4_2	TILD117MA1	TILD117	fold_5	epithelial_transitional	POOLED	2.79836504795107	2.2901067199023264	2.759149854085311	2.650481268978612	2.371714284794067	2.3857473673286123	2.232166050236696	2.290102254872306	2.384187221664542	2.354106948353463	2.363915646751208	2.337629165252857	0.1478837789724583	-0.005690275164450923
TILD117MA1_150_4_20	TILD117MA1	TILD117	fold_5	epithelial_transitional	POOLED	3.11030039023354	2.2900811321309553	2.5660791920302755	2.506618503700572	2.4200881650679857	2.4302452937343104	2.5167134522856096	2.290067184400789	2.5306374734204726	2.4214645395634795	2.523376201426233	2.418781018448182	0.6036818865329683	-0.006028525074499845
TILD117MA1_150_4_3	TILD117MA1	TILD117	fold_5	epithelial_transitional	POOLED	2.92143849857818	2.2901052983594723	2.3094351280192553	2.378853262520169	2.359383434337382	2.351662525079283	2.1015483748903794	2.290100306512777	2.4048867138179673	2.2684978436798353	2.4221973424369483	2.2714476396335552	0.5425852360580108	-0.006732483388725561
TILD117MA1_150_4_4	TILD117MA1	TILD117	fold_5	epithelial_transitional	POOLED	2.5207376681149	2.2901038768166186	2.3955919749625263	2.368565190069363	2.4071175225930124	2.41310062981902	2.272793050022717	2.290098358153249	2.4407147877783526	2.4360892240210847	2.43278480843764	2.4339574019314782	0.15217247804553669	-0.007658255642607862
TILD117MA1_150_4_8	TILD117MA1	TILD117	fold_5	epithelial_transitional	POOLED	2.43413530586111	2.2900981906452027	2.7224543112557376	2.6665078406880873	2.352307437588543	2.3785428922155667	2.34100849771788	2.2900905647151335	2.519523896539062	2.46953694482906	2.4887680716899427	2.455362578393418	-0.23237253482697717	-0.005754726325227581
TILD117MA1_150_4_9	TILD117MA1	TILD117	fold_5	epithelial_transitional	POOLED	2.56248503236773	2.2900967691023486	2.5434128762017454	2.5624491800618667	2.3332015240138593	2.3428176969576144	2.3010136759085382	2.290088616355605	2.395295176006161	2.4097335332642555	2.3843149087293054	2.402193392131635	3.585230586322652e-05	-0.00635264230561483
TILD117MA1_150_5_1	TILD117MA1	TILD117	fold_5	epithelial_transitional	POOLED	2.94589148762454	2.2901086729882767	2.488379888000639	2.471218307378183	2.5821622594088107	2.5734302637125586	2.3142206791827027	2.2901056407009572	2.37375608577323	2.399513324550511	2.3822641116714713	2.3959781705729197	0.4746731802463571	-0.0044716800557608434
TILD117MA1_150_5_10	TILD117MA1	TILD117	fold_5	epithelial_transitional	POOLED	2.73250946584609	2.290095879102591	2.635001461626777	2.5013125879740468	2.5817782773977713	2.5747289776783133	2.3003606819472098	2.2900881054651987	2.618816209093356	2.370973080632738	2.6255839076891996	2.369907724167188	0.23119687787204324	-0.005624186674941892
TILD117MA1_150_5_11	TILD117MA1	TILD117	fold_5	epithelial_transitional	POOLED	2.78609456346622	2.290094457559737	2.602711470112363	2.478158628217546	2.4000090003991055	2.39793215683267	2.2349327968393484	2.29008615710567	2.4969156759904827	2.370691102707169	2.49250461620286	2.3663834443143905	0.30793593524867413	-0.005275507942292604
TILD117MA1_150_5_12	TILD117MA1	TILD117	fold_5	epithelial_transitional	POOLED	2.5326110228568	2.290093036016883	2.5068769523717713	2.58157917521641	2.3784013194279483	2.3833811465480594	2.2384992302178723	2.2900842087461415	2.3912213283293795	2.454463040191647	2.38159283640557	2.4429954498524595	-0.04896815235960972	-0.005382946286762901
TILD117MA1_150_5_13	TILD117MA1	TILD117	fold_5	epithelial_transitional	POOLED	2.42206353717703	2.2900916144740293	2.3874339055907035	2.5161883052544303	2.3986999022792848	2.3924608435711643	2.306299075017717	2.2900822603866127	2.3297953897928085	2.38268694456276	2.334114089483264	2.378675433826731	-0.09412476807740022	-0.005674917537265178
TILD117MA1_150_5_14	TILD117MA1	TILD117	fold_5	epithelial_transitional	POOLED	2.48895896895759	2.290090192931175	2.574146386523319	2.5938553630155408	2.3627529764091686	2.3684347307585063	2.0192269064118022	2.290080312027084	2.3182460374233482	2.3817643693753796	2.3105063262614967	2.3709945675056505	-0.10489639405795081	-0.006193308190258982
TILD117MA1_150_5_15	TILD117MA1	TILD117	fold_5	epithelial_transitional	POOLED	2.62083122577798	2.290088771388321	2.4909424804904354	2.480582844070565	2.112100253867606	2.1116194656709952	2.2414624086682475	2.290078363667555	2.0977506917848165	2.3093732603163817	2.091535608369038	2.300550677489945	0.14024838170741472	-0.007111054323945459
TILD117MA1_150_5_17	TILD117MA1	TILD117	fold_5	epithelial_transitional	POOLED	2.38131181191347	2.2900859283026134	2.717732854327688	2.570133008392532	2.5042313256799793	2.5134844805879797	2.439621098625157	2.290074466948498	2.6326235513134253	2.476543748149243	2.621502303301598	2.4693872313697507	-0.18882119647906181	-0.004458095559925736
TILD117MA1_150_5_18	TILD117MA1	TILD117	fold_5	epithelial_transitional	POOLED	3.52764198050448	2.2900845067597593	2.473207898329612	2.459355182341461	2.767439462211501	2.757414096486818	2.351624457581561	2.290072518588969	2.8055353202242745	2.5787643044113047	2.8154190577397227	2.578252799904323	1.0682867981630189	-0.0040744822316671255
TILD117MA1_150_5_19	TILD117MA1	TILD117	fold_5	epithelial_transitional	POOLED	2.61552938039501	2.2900830852169056	2.2730798030955706	2.384388050570702	2.4661185512831274	2.4555480717634697	2.2796145645360095	2.29007057022944	2.504111735905034	2.3752800692855027	2.5145269537924966	2.3765738242774606	0.23114132982430835	-0.0053587374644251725
TILD117MA1_150_5_2	TILD117MA1	TILD117	fold_5	epithelial_transitional	POOLED	3.02104743544563	2.2901072514454226	2.817547189164654	2.6395800490352013	2.5816333495877126	2.586746656747169	2.324706466666973	2.290103692341429	2.5431713649141416	2.510263524384324	2.5363303336261276	2.5065127546265384	0.38146738641042877	-0.0050083275169481856
TILD117MA1_150_5_20	TILD117MA1	TILD117	fold_5	epithelial_transitional	POOLED	3.28737229413937	2.2900816636740515	2.6320989809512425	2.558237452843482	2.7971204638402494	2.799990705955089	2.286194161255944	2.2900686218699113	2.6809885168413103	2.58053734113025	2.672389517098561	2.56890313702267	0.7291348412958882	-0.005076662477095804
TILD117MA1_150_5_21	TILD117MA1	TILD117	fold_5	epithelial_transitional	POOLED	2.95763171433169	2.2900802421311974	2.6603586626203377	2.5902341741850363	2.4641184543834664	2.4798459477978376	2.344046440769326	2.2900666735103825	2.593952595134768	2.410174563679775	2.574018467235005	2.397077226850163	0.3673975401466536	-0.006119369180416332
TILD117MA1_150_5_3	TILD117MA1	TILD117	fold_5	epithelial_transitional	POOLED	2.68003783401442	2.2901058299025685	2.3552008600957905	2.413813780614401	2.354273806708069	2.349172121368636	2.26407639947532	2.2901017439819	2.388509324649415	2.373573723108272	2.383619805013554	2.3741362528544667	0.2662240534000193	-0.006813544904376996
TILD117MA1_150_5_4	TILD117MA1	TILD117	fold_5	epithelial_transitional	POOLED	2.66407616341983	2.290104408359715	2.3138889306347052	2.3493258004004267	2.3000152560256466	2.3006064177744574	2.3280688647039813	2.290099795622371	2.4954534253703793	2.347107735141144	2.49069247185384	2.347801992322057	0.31475036301940307	-0.007454468778819595
TILD117MA1_150_5_5	TILD117MA1	TILD117	fold_5	epithelial_transitional	POOLED	2.58899319721741	2.2901029868168608	2.1872821581578568	2.2105979946002043	2.52375817745714	2.5071976826991365	2.2876136635835738	2.2900978472628424	2.5909633568499797	2.5107790567642216	2.6067141780138443	2.5237285605635673	0.3783952026172055	-0.004850335897142999
TILD117MA1_150_5_8	TILD117MA1	TILD117	fold_5	epithelial_transitional	POOLED	2.80454267483909	2.290098722188299	2.6222753709194824	2.5732507114026557	2.3981912538362677	2.40880262079716	2.2869784353528795	2.2900920021842563	2.317309656654034	2.4245684129639202	2.2991932934470345	2.418862634274157	0.23129196343643432	-0.005728415792027249
TILD117MA1_150_5_9	TILD117MA1	TILD117	fold_5	epithelial_transitional	POOLED	3.00911364873396	2.290097300645445	2.388970376136219	2.5098123339182354	2.29881260388033	2.3059477508441386	2.313593431103434	2.2900900538247275	2.278764243218387	2.318693142016433	2.2785960000888137	2.3188521634652486	0.4993013148157246	-0.006624918098469182
TILD117MA1_150_6_1	TILD117MA1	TILD117	fold_5	epithelial_transitional	POOLED	2.98166522289933	2.290109204531373	2.278593335234617	2.3383341964920765	2.454822969594726	2.4492997122506646	2.2070507087543008	2.29010707817008	2.448916583382563	2.4309135803817936	2.4506696116403046	2.4265548381275988	0.6433310264072536	-0.005841134666726026
TILD117MA1_150_6_10	TILD117MA1	TILD117	fold_5	epithelial_transitional	POOLED	3.44482372070581	2.2900964106456874	2.2870698191798122	2.4225640404536017	2.303570862859169	2.3020059289896375	2.4414651310246898	2.2900895429343215	2.4957558877820207	2.4093969610557715	2.5148806360553424	2.428135575079837	1.0222596802522084	-0.006854548658093363
TILD117MA1_150_6_11	TILD117MA1	TILD117	fold_5	epithelial_transitional	POOLED	3.18120088685626	2.2900949891028333	2.1833030096110853	2.3007930669061034	2.251088738082863	2.2345290026260654	2.3845486079595344	2.2900875945747927	2.275127575927122	2.419134660661236	2.304397614414892	2.4438704608996966	0.8804078199501566	-0.0057857323669351516
TILD117MA1_150_6_12	TILD117MA1	TILD117	fold_5	epithelial_transitional	POOLED	3.06564334186623	2.290093567559979	2.4697567252719788	2.4028806598188197	2.3652734827963937	2.355062316033359	2.270030690938797	2.290085646215264	2.4062012829054513	2.407056123176753	2.4197790045272884	2.414982913963444	0.6627626820474104	-0.005157735670241947
TILD117MA1_150_6_13	TILD117MA1	TILD117	fold_5	epithelial_transitional	POOLED	2.67164531690193	2.2900921460171255	2.5432933373808	2.522070961955137	2.2881923297044886	2.288048598984689	2.199208773510897	2.290083697855735	2.4194158412506224	2.3975283142569914	2.4187141387216213	2.389532434593533	0.14957435494679272	-0.006136651150791861
TILD117MA1_150_6_14	TILD117MA1	TILD117	fold_5	epithelial_transitional	POOLED	2.96302224336625	2.2900907244742714	2.6897726607153567	2.595622549593709	2.2794259364553073	2.2928810608116468	2.262663785784442	2.2900817494962062	2.2477320454197516	2.285572884263747	2.226818796435453	2.2706890294592807	0.367399693772541	-0.006108494346727775
TILD117MA1_150_6_15	TILD117MA1	TILD117	fold_5	epithelial_transitional	POOLED	2.7184929979598	2.2900893029314173	2.5214204881639466	2.5226416518310226	2.5208056341293625	2.522789532559457	2.3131718631674034	2.290079801136678	2.3858387842528375	2.363183086281728	2.382636133429224	2.3554004028652047	0.19585134612877741	-0.005842041400956967
TILD117MA1_150_6_18	TILD117MA1	TILD117	fold_5	epithelial_transitional	POOLED	2.12339931964225	2.2900850383028555	2.2315397990413866	2.313514968027142	2.4831959666935832	2.4614197730871514	2.3447609449698623	2.2900739560580914	2.428152842423145	2.482586691431854	2.4531765477387886	2.487206526178601	-0.19011564838489203	-0.004747055573788803
TILD117MA1_150_6_19	TILD117MA1	TILD117	fold_5	epithelial_transitional	POOLED	2.45508031417982	2.290083616760002	2.2686045042662366	2.2992064949332245	2.4444895664945174	2.432134537976759	2.314145360332498	2.2900720076985626	2.5597273356449195	2.397462808253938	2.5773052592338845	2.406879009841332	0.1558738192465956	-0.005035089483243125
TILD117MA1_150_6_2	TILD117MA1	TILD117	fold_5	epithelial_transitional	POOLED	3.30364070503608	2.290107782988519	2.3795891495564847	2.497839634711209	2.6229249980628504	2.620562595335511	2.3474499168492686	2.2901051298105513	2.6600648640466735	2.5949806230726296	2.649514533097645	2.598139391336029	0.805801070324871	-0.005503382767912486
TILD117MA1_150_6_20	TILD117MA1	TILD117	fold_5	epithelial_transitional	POOLED	2.88352191950249	2.2900821952171477	2.1640979348841616	2.253643592554328	2.5154458578809415	2.502472914690327	2.2951328795644863	2.290070059339034	2.4059112496763344	2.4101723764859546	2.4232337861696895	2.4204396469466145	0.629878326948162	-0.005686238623489595
TILD117MA1_150_6_21	TILD117MA1	TILD117	fold_5	epithelial_transitional	POOLED	2.67789268156412	2.2900807736742936	2.535822415153723	2.4740852360526926	2.3802168538012562	2.3844126954129616	2.3170264666535383	2.2900681109795054	2.3586267249020807	2.3397623369146894	2.355621065936002	2.338329682736401	0.2038074455114276	-0.00624067146230808
TILD117MA1_150_6_3	TILD117MA1	TILD117	fold_5	epithelial_transitional	POOLED	2.87536056470375	2.2901063614456647	2.5195986262063017	2.5085993552695927	2.29618240274535	2.3078929974976234	2.377854307180472	2.2901031814510224	2.4052105829718515	2.3209535738544664	2.3930407640771802	2.31835591121528	0.36676120943415746	-0.006956191701436809
TILD117MA1_150_6_4	TILD117MA1	TILD117	fold_5	epithelial_transitional	POOLED	2.83405431594634	2.290104939902811	2.4942848636840296	2.4421181044716063	2.41460168238538	2.43301306520018	2.302605107661379	2.2901012330914936	2.5402900427645783	2.5356594985729797	2.52694601997863	2.533905776404768	0.39193621147473356	-0.007630825210135134
TILD117MA1_150_6_5	TILD117MA1	TILD117	fold_5	epithelial_transitional	POOLED	2.84744580374816	2.290103518359957	2.166258383228023	2.348290259166024	2.6439476914750455	2.638909666909576	2.3662793547608123	2.2900992847319652	2.726615470962137	2.638043579741276	2.734876129123714	2.649511271423602	0.49915554458213585	-0.004645738141260316
TILD117MA1_150_6_6	TILD117MA1	TILD117	fold_5	epithelial_transitional	POOLED	2.53338582204438	2.290102096817103	2.481865639755452	2.411659685625146	2.541280709566513	2.545026668185737	2.318150842447997	2.2900973363724364	2.5114128545308247	2.5247244262396236	2.5073461805984936	2.5295423070987733	0.12172613641923391	-0.004984597452709897
TILD117MA1_150_7_1	TILD117MA1	TILD117	fold_5	epithelial_transitional	POOLED	2.87387813616914	2.290109736074469	2.42155681758836	2.3983238449450637	2.648901642782956	2.653573841251091	2.1947702151049815	2.2901085156392025	2.7495632678435173	2.65234763064836	2.7581319750872835	2.659416239682611	0.4755542912240762	-0.004674529563734126
TILD117MA1_150_7_13	TILD117MA1	TILD117	fold_5	epithelial_transitional	POOLED	2.59837036752527	2.2900926775602217	2.4360301798193893	2.475866631708176	2.5292071513673773	2.5229445897206246	2.3492722805317032	2.290085135324858	2.38464746003633	2.534839041713214	2.387891074826537	2.53652276066663	0.12250373581709395	-0.005415122020602575
TILD117MA1_150_7_14	TILD117MA1	TILD117	fold_5	epithelial_transitional	POOLED	2.78278369047294	2.2900912560173676	2.525908086649182	2.509572993420997	2.4616503903681153	2.464926243815662	2.322316394458024	2.290083186965329	2.2790606306757697	2.448072805174316	2.27161496574258	2.4425839724394405	0.273210697051943	-0.005856348114970256
TILD117MA1_150_7_15	TILD117MA1	TILD117	fold_5	epithelial_transitional	POOLED	2.70701076368607	2.2900898344745135	2.3421597716627036	2.38759463110459	2.34527334761969	2.3403951705267203	2.3738696638635726	2.2900812386058003	2.2449179326475144	2.334550844371386	2.2501626139275386	2.336015541336629	0.31941613258147994	-0.007000747517687232
TILD117MA1_150_7_18	TILD117MA1	TILD117	fold_5	epithelial_transitional	POOLED	2.12439686978236	2.2900855698459517	2.374762650582307	2.3158903782502995	2.6594925610321103	2.6344151471255626	2.3443441564516654	2.2900753935272142	2.4194724459280437	2.3712421055914756	2.442015522060833	2.374359539038742	-0.19149350846793967	-0.0035529766863902886
TILD117MA1_150_7_19	TILD117MA1	TILD117	fold_5	epithelial_transitional	POOLED	2.73338952958875	2.290084148303098	2.396752849516832	2.3297752733905486	2.442287284787145	2.4268790908994697	2.3364002783412583	2.2900734451676854	2.3594752112368864	2.2439381310397555	2.3790646593292104	2.248085798040101	0.40361425619820146	-0.005186772311087816
TILD117MA1_150_7_2	TILD117MA1	TILD117	fold_5	epithelial_transitional	POOLED	2.78049681275822	2.290108314531615	2.6721608367580973	2.6023087683464157	2.4639204995448556	2.479831111523329	2.397682104905282	2.2901065672796737	2.3812855043725203	2.446811249414977	2.3553996788410814	2.4430742371689984	0.17818804441180447	-0.0057374034425352665
TILD117MA1_150_7_3	TILD117MA1	TILD117	fold_5	epithelial_transitional	POOLED	2.63503969896714	2.2901068929887614	2.6695488140183716	2.6618216285333203	2.5367912129177443	2.559862934730411	2.4185406247941548	2.2901046189201453	2.5864961396891113	2.5380245402667425	2.5627831792883677	2.5349864611666675	-0.026781929566180196	-0.005796147220006542
TILD117MA1_150_7_5	TILD117MA1	TILD117	fold_5	epithelial_transitional	POOLED	2.64063969183332	2.290104049903053	2.598251774378344	2.573929890992539	2.7778830190072643	2.794572500222345	2.256356781751312	2.2901007222010876	2.620459286631961	2.6074012917639564	2.5964877803189026	2.600640531727728	0.06670980084078115	-0.003784079822661187
TILD117MA1_150_7_6	TILD117MA1	TILD117	fold_5	epithelial_transitional	POOLED	2.81041700142513	2.290102628360199	2.570231195348881	2.5339938921556637	2.481835327798692	2.496077159014992	2.3385404483328696	2.290098773841559	2.5524942232017622	2.530368979776335	2.537058984644413	2.528595815223989	0.2764231092694662	-0.005092554190692246
TILD117MA1_150_7_8	TILD117MA1	TILD117	fold_5	epithelial_transitional	POOLED	3.01378508807407	2.2900997852744913	2.3312671243624163	2.412466346673148	2.6514496947035036	2.630593812404556	2.4022120535621276	2.2900948771225016	2.6509774499783614	2.5635239991074013	2.673156581097524	2.5746665861960456	0.601318741400922	-0.005682520996800246
TILD117MA1_150_8_1	TILD117MA1	TILD117	fold_5	epithelial_transitional	POOLED	2.36551286766549	2.2901102676175653	2.446114405409565	2.4665682127584483	2.236553906172215	2.236533509281728	2.4171557574846094	2.2901099531083253	2.271352949180964	2.269988707294342	2.2671508466685224	2.2728849790019403	-0.10105534509295833	-0.005950251197426566
TILD117MA1_150_8_13	TILD117MA1	TILD117	fold_5	epithelial_transitional	POOLED	3.18699239008731	2.290093209103318	2.4569539414423804	2.3849869885079897	2.347640972054891	2.332224074720203	2.39482077718669	2.2900865727939803	2.3231486319114167	2.4079278170263905	2.3453548896513405	2.418832496747012	0.8020054015793203	-0.0053016714732724785
TILD117MA1_150_8_14	TILD117MA1	TILD117	fold_5	epithelial_transitional	POOLED	3.00403236357578	2.290091787560464	2.3262285015884614	2.3942575956655316	2.3201021714510843	2.3017640631195877	2.3555511188413414	2.2900846244344515	2.1390222855209755	2.3716163181377907	2.149263524157972	2.3752401855659304	0.6097747679102485	-0.005993676604399911
TILD117MA1_150_8_15	TILD117MA1	TILD117	fold_5	epithelial_transitional	POOLED	1.94815887895397	2.2900903660176097	2.505375375279641	2.417552732124108	2.2883813647296214	2.2748385855267084	2.3452704857189466	2.2900826760749227	2.2573176052418247	2.3135692322313135	2.2648341083666765	2.3183290285419997	-0.46939385317013804	-0.00652800976578705
TILD117MA1_150_8_16	TILD117MA1	TILD117	fold_5	epithelial_transitional	POOLED	3.01126681222915	2.290088944474756	2.3904518821496197	2.431242015485034	2.513713464942572	2.51414427415068	2.3757573909446994	2.2900807277153943	2.5786377265384055	2.398215040309175	2.579752320289615	2.401908569572687	0.5800247967441163	-0.006214499722045769
TILD117MA1_150_8_19	TILD117MA1	TILD117	fold_5	epithelial_transitional	POOLED	2.95061022498459	2.2900846798461942	2.294353606911595	2.266569815275011	2.4661265391157494	2.4425106947493074	2.402247314638639	2.290074882636808	2.4537859406697526	2.3171928619861073	2.4764168849994324	2.3258123008931775	0.6840404097095787	-0.005239122333945644
TILD117MA1_150_8_2	TILD117MA1	TILD117	fold_5	epithelial_transitional	POOLED	2.99971341343967	2.290108846074711	2.614534963549776	2.6166212557640978	2.555583745856598	2.5693499631393077	2.435095154675815	2.2901080047487965	2.4643328674827005	2.4600071340235194	2.449189870474661	2.4570352554222605	0.38309215767557214	-0.005800939189661781
TILD117MA1_150_8_20	TILD117MA1	TILD117	fold_5	epithelial_transitional	POOLED	3.0627490391968	2.29008325830334	2.2669558623194566	2.303623031130148	2.5755970990970685	2.5519282518034214	2.3899158676839907	2.290072934277279	2.452872681256697	2.431930880015944	2.4808840050860534	2.4416827823220215	0.759126008066652	-0.005319653671851023
TILD117MA1_150_8_21	TILD117MA1	TILD117	fold_5	epithelial_transitional	POOLED	2.95136484179368	2.290081836760486	2.483322613639839	2.4590440546895174	2.4354817026705495	2.432457154537571	2.2408291172815957	2.2900709859177506	2.370956477003121	2.263821184688273	2.363996204013527	2.2573472038204567	0.4923207871041626	-0.0062147009888460485
TILD117MA1_150_8_22	TILD117MA1	TILD117	fold_5	epithelial_transitional	POOLED	2.65218524177986	2.2900804152176324	2.565190421072337	2.6126120247398847	2.401795552221201	2.4346799074270393	2.337335821335106	2.2900690375582218	2.4835918835930224	2.399170833179168	2.4401554171997457	2.3763764625636177	0.039573217039975184	-0.006987732402755132
TILD117MA1_150_8_3	TILD117MA1	TILD117	fold_5	epithelial_transitional	POOLED	3.0649555387072	2.2901074245318576	2.7696321181293273	2.6981699596047615	2.657907560216516	2.672485088035348	2.4584805314612126	2.2901060563892677	2.7072266560186606	2.389034362992069	2.690589451599757	2.3848078871546754	0.3667855791024386	-0.005702038174158073
TILD117MA1_150_8_6	TILD117MA1	TILD117	fold_5	epithelial_transitional	POOLED	2.24612283511456	2.2901031599032957	2.5909652217678403	2.6208691091333365	2.541751161547701	2.556881504890953	2.295036681829898	2.2901002113106816	2.648468804794754	2.4499682947797043	2.6377187426052657	2.4431519835722404	-0.3747462740187766	-0.0047055253989382265
TILD117MA1_150_9_1	TILD117MA1	TILD117	fold_5	epithelial_transitional	POOLED	2.76913150939472	2.2901107991606615	2.542097284572565	2.5181940942901524	2.8169500976748485	2.805298225214326	2.401705270587782	2.2901113905774477	2.534107513336399	2.5534569759957195	2.5441561651134506	2.5573718022373026	0.2509374151045676	-0.003824922215115279
TILD117MA1_150_9_12	TILD117MA1	TILD117	fold_5	epithelial_transitional	POOLED	2.6688297442384	2.2900951621892682	2.5455019289933247	2.5337708685290234	2.6342834868432146	2.6360847550715625	2.4384034314120955	2.2900899586226315	2.3966753342910985	2.4433980235482275	2.3889268805582407	2.441813794285953	0.13505887570937647	-0.004172644703609885
TILD117MA1_150_9_13	TILD117MA1	TILD117	fold_5	epithelial_transitional	POOLED	2.39889744728578	2.290093740646414	2.5986615628773757	2.592385330456826	2.307179206292463	2.3164086357960794	2.378814156978395	2.2900880102631027	2.3815964045096476	2.383907169526256	2.374025135846036	2.373364224453931	-0.19348788317104626	-0.0056045397857524765
TILD117MA1_150_9_14	TILD117MA1	TILD117	fold_5	epithelial_transitional	POOLED	2.2052261323461	2.29009231910356	2.5668750816070016	2.521574271445614	2.229143808989707	2.2290244436604967	2.2948360708088607	2.2900860619035743	2.009837105832554	2.2722105779577917	2.004272884129663	2.2675480587538224	-0.3163481390995142	-0.006183335950709861
TILD117MA1_150_9_15	TILD117MA1	TILD117	fold_5	epithelial_transitional	POOLED	2.065839548404	2.2900908975607064	2.264061447611964	2.3147695222659044	2.5216427694776766	2.493559665330129	2.3285882492815455	2.2900841135440455	2.4752779658769613	2.449368894954626	2.5057703952931583	2.4599983483197656	-0.2489299738619044	-0.0062507783506778455
TILD117MA1_150_9_16	TILD117MA1	TILD117	fold_5	epithelial_transitional	POOLED	1.92413679775431	2.2900894760178523	2.3867464342067546	2.373011547366843	2.502458888959936	2.4986066491422556	2.1718595776004417	2.2900821651845167	2.4946942043985847	2.3651521585285464	2.504461355241854	2.3667237970900072	-0.44887474961253293	-0.005795089252754538
TILD117MA1_150_9_17	TILD117MA1	TILD117	fold_5	epithelial_transitional	POOLED	2.1849811171246	2.290088054474998	2.4989838777626665	2.4561500754919265	2.4846531411678288	2.488443188685175	2.391162973273348	2.290080216824988	2.450723348041654	2.423165702514293	2.4476202964270914	2.42348456439704	-0.2711689583673267	-0.004495785817355163
TILD117MA1_150_9_18	TILD117MA1	TILD117	fold_5	epithelial_transitional	POOLED	1.90564703220982	2.290086632932144	2.3078600317680396	2.3411869526633375	2.3984356858704077	2.3882168051133665	2.3127827398414493	2.290078268465459	2.157567787729928	2.2486971606431814	2.1554838023309366	2.2503298045032927	-0.4355399204535175	-0.004697934907587541
TILD117MA1_150_9_19	TILD117MA1	TILD117	fold_5	epithelial_transitional	POOLED	2.5048925847118	2.2900852113892904	2.309954002061829	2.3527302647384256	2.4488233000239608	2.4328403191952	2.346094160588808	2.2900763201059307	2.491572724504609	2.4548649294225284	2.500705453159349	2.460287426566597	0.1521623199733746	-0.005717836482551977
TILD117MA1_150_9_20	TILD117MA1	TILD117	fold_5	epithelial_transitional	POOLED	3.05198511531441	2.2900837898464363	2.3562596968364407	2.3870431525458766	2.7030196256580474	2.689871355670511	2.338420965339017	2.290074371746402	2.774601088363459	2.475112180606837	2.7874481587249855	2.481146142872518	0.6649419627685336	-0.005259961059997794
TILD117MA1_150_9_22	TILD117MA1	TILD117	fold_5	epithelial_transitional	POOLED	3.01652982756847	2.2900809467607286	2.439036929373765	2.5076565585213313	2.921578394438066	2.9173871297159524	2.388892889280654	2.290070475027344	3.015342339065671	2.7301521784960503	3.019635366266732	2.7275576645316737	0.5088732690471387	-0.004891248974590677
TILD117MA1_150_9_23	TILD117MA1	TILD117	fold_5	epithelial_transitional	POOLED	2.4572382416261	2.2900795252178745	2.5364376685346524	2.5851251921781846	2.5566500435841015	2.5783739372645877	2.3039977675079215	2.2900685266678154	2.5718153330776334	2.5167528486135433	2.5519306630209875	2.502076110959442	-0.12788695055208477	-0.004469935673972017
TILD117MA1_150_9_4	TILD117MA1	TILD117	fold_5	epithelial_transitional	POOLED	2.9500281392196	2.2901065345320997	2.7121925225582917	2.6681617412110707	2.723931757831558	2.7345353824186764	2.5305509687804837	2.2901055454988617	2.7971106486435264	2.659788131646501	2.7853809604711346	2.6578968496007738	0.2818663980085292	-0.005876034994917935
TILD117MA1_150_9_6	TILD117MA1	TILD117	fold_5	epithelial_transitional	POOLED	2.36951972768904	2.290103691446392	2.418535280834673	2.533324172733066	2.6136417961293725	2.6128671477546312	2.42187681045056	2.290101648779804	2.4030157029223225	2.512922236858655	2.405409409955819	2.5151032954990034	-0.16380444504402591	-0.004618456583060821
TILD117MA1_150_9_7	TILD117MA1	TILD117	fold_5	epithelial_transitional	POOLED	2.54729348061013	2.290102269903538	2.6988779747840477	2.589680426136052	2.6674556623911574	2.6735277962011867	2.3937764542202196	2.290099700420275	2.6518037293252696	2.5579312006780004	2.6452084838853485	2.560629584434159	-0.04238694552592204	-0.0046769401421073295
VUHD113_150_15_10	VUHD113	VUHD113	fold_5	epithelial_transitional	POOLED	1.52781919052081	2.2901028279798656	2.0168327040160863	2.046277403121984	1.9308377506304386	1.9286919940532206	2.2361742132800506	2.2900999928394876	1.9478392867993586	2.153411060651423	1.9436171030129834	2.1616343311092368	-0.5184582126011741	-0.008412281941603436
VUHD113_150_17_16	VUHD113	VUHD113	fold_5	epithelial_transitional	POOLED	1.12264192848986	2.2900955732138923	1.8943407882693002	1.949049488958901	1.702747024715255	1.703541155389598	2.168606493481987	2.290091388946945	1.7739855914156482	1.921760880841692	1.7721013208167733	1.9262886135939083	-0.8264075604690408	-0.008939273883744422
VUHD113_150_3_19	VUHD113	VUHD113	fold_5	epithelial_transitional	POOLED	1.66653396289735	2.290082393324916	2.034274450603392	1.892978172158525	1.9249917936872112	1.9196593660274486	2.1731020148557345	2.2900639461935235	2.193183104728312	2.1160359216441065	2.218062617610338	2.131336468467304	-0.22644420926117514	-0.006866121708576581
VUHD113_150_5_20	VUHD113	VUHD113	fold_5	epithelial_transitional	POOLED	2.05597068304508	2.290082245586808	2.0380318557756762	1.9826017361565773	1.9144143311049526	1.9244410890055055	2.2152846728267543	2.290065083412227	2.1000856097454585	2.1477945635357574	2.096155766302606	2.149741308074486	0.0733689468885026	-0.007494632999043014
VUHD113_150_5_21	VUHD113	VUHD113	fold_5	epithelial_transitional	POOLED	1.86112604021607	2.2900808241812354	1.756950499632219	1.9684813936683265	1.9195095769107016	1.9242121269451895	2.2354676931242574	2.290063135189978	2.1253236068519845	2.2266333047954023	2.1265654214635084	2.232415540909285	-0.10735535345225644	-0.0077301195285236594
VUHD113_150_7_8	VUHD113	VUHD113	fold_5	epithelial_transitional	POOLED	2.13489385779026	2.290100576121151	1.955304456464074	1.9707801450391111	2.1909101267530766	2.173491391078491	2.2033825460736303	2.2900915475201726	2.2740710758180662	2.2814443616554274	2.302418223423384	2.2950221208046324	0.16411371275114894	-0.006263075285855845
VUILD96LA_150_10_13	VUILD96LA	VUILD96	fold_5	epithelial_transitional	POOLED	3.08554739344162	2.2900974461178953	2.1850447089815264	2.1848949014358126	2.2377053678982595	2.2459230572785573	2.394305747571705	2.2900949285948338	2.263938215792549	2.1766414725800094	2.2545396810881377	2.1702998720339868	0.9006524920058077	-0.005598132417527282
VUILD96LA_150_10_22	VUILD96LA	VUILD96	fold_5	epithelial_transitional	POOLED	2.94922667885244	2.2900867670987983	2.4418644437821375	2.5784586736404833	2.327637278865785	2.348605551665924	2.481866164459036	2.2900795082040974	2.2860121812298995	2.3296883420668	2.253209546280383	2.312379943337626	0.37076800521195663	-0.005321312644754213
VUILD96LA_150_10_23	VUILD96LA	VUILD96	fold_5	epithelial_transitional	POOLED	3.64841247015175	2.290085580541121	2.741906948650743	2.5854385967327747	2.7467881401000325	2.772136224374573	2.3992055416137394	2.290077794827349	2.702269593883165	2.467670746646344	2.6762420718559325	2.446815630681513	1.0629738734189753	-0.0037159092063743567
VUILD96LA_150_10_25	VUILD96LA	VUILD96	fold_5	epithelial_transitional	POOLED	3.4445664007196	2.290083207425766	2.4287207409279383	2.5233108497133174	2.7194382531138834	2.72426074912941	2.4048381765201716	2.290074368073852	2.654188957187664	2.528044313462471	2.6458185852130325	2.5178911544492077	0.9212555510062828	-0.00335765651738388
VUILD96LA_150_10_26	VUILD96LA	VUILD96	fold_5	epithelial_transitional	POOLED	3.23997991268423	2.2900820208680885	2.603497557578568	2.57026147360317	2.6682601179624976	2.671728015535379	2.373293309565926	2.2900726546971035	2.845450935051393	2.529365418017715	2.845214074081115	2.5174821880056024	0.66971843908106	-0.004213077289647026
VUILD96LA_150_10_28	VUILD96LA	VUILD96	fold_5	epithelial_transitional	POOLED	3.63339262489166	2.2900796477527336	2.556882162502452	2.556056653078811	2.4441830002384957	2.456011948214209	2.375814358516529	2.2900692279436066	2.636365496193836	2.3415531383140817	2.6182092902319045	2.326192443657121	1.077335971812849	-0.005359193966750749
VUILD96LA_150_10_29	VUILD96LA	VUILD96	fold_5	epithelial_transitional	POOLED	4.29136270159522	2.290078461195056	2.37548249890852	2.517114378924965	2.7651199277038225	2.765728350524202	2.4268843809735454	2.290067514566858	2.884740667715443	2.760035248534545	2.883607228612063	2.755068798894578	1.7742483226702546	-0.004488557473811921
VUILD96LA_150_10_8	VUILD96LA	VUILD96	fold_5	epithelial_transitional	POOLED	3.36512606613995	2.2901033789062826	2.1083094859918114	2.152548552242248	2.3236099179907894	2.3302976086036966	2.385502730967483	2.290103495478576	2.3611067872520657	2.2170379404348814	2.354646475450857	2.20826187474867	1.2125775138977022	-0.005155647185333033
VUILD96LA_150_11_17	VUILD96LA	VUILD96	fold_5	epithelial_transitional	POOLED	2.6846241613276	2.2900932315853773	2.781444491314049	2.7875630028012055	2.3989814169988444	2.452460690545918	2.4581101720494565	2.290089512712	2.7336260593214847	2.4661478601410844	2.6738476619479212	2.4302961287137737	-0.10293884147360544	-0.005697652346313068
VUILD96LA_150_11_22	VUILD96LA	VUILD96	fold_5	epithelial_transitional	POOLED	2.72579217967874	2.29008729879699	2.4935055745425454	2.5601556993518293	2.4081537159123467	2.4327521440452067	2.44660928627463	2.2900809458282576	2.4308849645903066	2.3673463080986306	2.3977610995847303	2.344565283604492	0.1656364803269108	-0.00515810769545724
VUILD96LA_150_11_25	VUILD96LA	VUILD96	fold_5	epithelial_transitional	POOLED	2.96614585206759	2.2900837391239577	2.6291462021770666	2.5518408298034414	2.499313468372115	2.5113083172653603	2.459760049768677	2.290075805698012	2.6226162190972735	2.458922473378789	2.619308807929589	2.452212487743011	0.41430502226414845	-0.004105153941752392
VUILD96LA_150_11_26	VUILD96LA	VUILD96	fold_5	epithelial_transitional	POOLED	3.40247512055273	2.2900825525662802	2.4960879304257677	2.613137971819953	2.6478511172853327	2.65633371857444	2.4247775684131967	2.2900740923212637	2.772548270842999	2.5573367784144176	2.7592701206960135	2.5363505725231668	0.7893371487327769	-0.004342593211389148
VUILD96LA_150_11_27	VUILD96LA	VUILD96	fold_5	epithelial_transitional	POOLED	3.43377954973562	2.290081366008603	2.8118680617876186	2.725028819055481	2.6502814098542498	2.6681960162453753	2.4154060726434587	2.290072378944515	2.7243928182711246	2.6510933214395704	2.7010510997171426	2.635778752992055	0.7087507306801388	-0.004372776185284614
VUILD96LA_150_11_29	VUILD96LA	VUILD96	fold_5	epithelial_transitional	POOLED	3.48913993238987	2.290078992893248	2.633158922252297	2.4941712806835623	2.6095071327803	2.6212651119641004	2.4290908478624855	2.2900689521910182	2.7542114936287305	2.6370518773264995	2.7550942414764976	2.631959182459693	0.9949686517063077	-0.004359239126436187
VUILD96LA_150_11_9	VUILD96LA	VUILD96	fold_5	epithelial_transitional	POOLED	3.09284453928793	2.290102724046797	2.2864418532509725	2.3509399442513703	2.414907052560173	2.4328374245067637	2.4193762735385986	2.290103219725988	2.405458949449294	2.3113640483181643	2.384732381871374	2.2957959560168097	0.7419045950365595	-0.004868033897662254
VUILD96LA_150_12_10	VUILD96LA	VUILD96	fold_5	epithelial_transitional	POOLED	2.81855619274328	2.290102069187311	2.51842237486255	2.4394242457302346	2.2468255730954807	2.2846016520414016	2.426730997605802	2.2901029439733995	2.335564165610207	2.279581441998983	2.2977837734368816	2.257371734931446	0.3791319470130454	-0.0059883159792825085
VUILD96LA_150_12_13	VUILD96LA	VUILD96	fold_5	epithelial_transitional	POOLED	2.82251103658472	2.2900985095142787	2.00626834650655	2.2058551151606873	2.3971836581737636	2.393477014907594	2.4273850526743024	2.290097803843154	2.37147382307405	2.4104123371556136	2.3773711349022864	2.4129921198876216	0.6166559214240328	-0.004518335348038839
VUILD96LA_150_12_14	VUILD96LA	VUILD96	fold_5	epithelial_transitional	POOLED	3.09102821494037	2.2900973229566013	2.4796901773939366	2.479882098342978	2.4010341554340036	2.418719694181815	2.442151081643593	2.2900960904664056	2.3563192129305297	2.2933234789194157	2.331334513975049	2.2783387629128415	0.6111461165973919	-0.004614333868216023
VUILD96LA_150_12_16	VUILD96LA	VUILD96	fold_5	epithelial_transitional	POOLED	2.55118805448529	2.2900949498412464	2.426959562643499	2.501840604036377	2.4682490186842596	2.4913121884508245	2.435697140985603	2.2900926637129086	2.489518532877184	2.4261443686034205	2.4609196744433657	2.402097251837413	0.049347450448912866	-0.005058551737928372
VUILD96LA_150_12_17	VUILD96LA	VUILD96	fold_5	epithelial_transitional	POOLED	2.62366283930708	2.290093763283569	2.545240742537014	2.6789983806962363	2.3104510096948667	2.360399860921598	2.4419297420956068	2.29009095033616	2.472562789333995	2.4935080848273667	2.4153746698374885	2.4530554812521728	-0.055335541389156084	-0.005999878691134168
VUILD96LA_150_12_20	VUILD96LA	VUILD96	fold_5	epithelial_transitional	POOLED	3.19325614474921	2.2900902036105366	2.79679531867397	2.802998038632426	2.621053455087251	2.670151679348957	2.4868451236883375	2.2900858102059147	2.6031422306419136	2.442698094132109	2.539009431744247	2.4074439789748086	0.390258106116784	-0.004510521803591807
VUILD96LA_150_12_21	VUILD96LA	VUILD96	fold_5	epithelial_transitional	POOLED	2.97635844519762	2.290089017052859	2.6207695085152443	2.7858306890224114	2.3303884395386687	2.379452787469302	2.513428228204677	2.2900840968291662	2.4530853506131836	2.2873884408799725	2.395231419492175	2.2520256971715895	0.19052775617520856	-0.004974762731291401
VUILD96LA_150_12_22	VUILD96LA	VUILD96	fold_5	epithelial_transitional	POOLED	3.012187169367	2.2900878304951817	2.358908609380569	2.5331370901895816	2.3777942490429473	2.404459168834389	2.480535584670164	2.2900823834524178	2.406745628890141	2.216213787968624	2.380566178124436	2.196862987080198	0.4790500791774184	-0.005259569426451311
VUILD96LA_150_12_24	VUILD96LA	VUILD96	fold_5	epithelial_transitional	POOLED	3.32965003193472	2.290085457379827	2.449048654622878	2.5465673059108465	2.6517407413980174	2.657230244166894	2.476444687894279	2.290078956698921	2.7351873718415707	2.5474025765455064	2.7266853900081873	2.532374853022724	0.7830827260238737	-0.004739365649806161
VUILD96LA_150_12_25	VUILD96LA	VUILD96	fold_5	epithelial_transitional	POOLED	3.38055244791052	2.2900842708221494	2.560604321361682	2.5599450257162983	2.6911080762840243	2.6911560426449235	2.4669528878689744	2.2900772433221723	2.7044827300528174	2.5324579223267962	2.7077795744521973	2.528258861200933	0.8206074221942217	-0.004005515586583088
VUILD96LA_150_12_26	VUILD96LA	VUILD96	fold_5	epithelial_transitional	POOLED	3.49327506770104	2.290083084264472	2.597754717868723	2.620214227930161	2.7487582773472607	2.7552383116537587	2.422390487766047	2.290075529945424	2.761925798659308	2.5614147912440157	2.7477102243677916	2.5394493142139645	0.8730608397708792	-0.0035758669283723465
VUILD96LA_150_12_27	VUILD96LA	VUILD96	fold_5	epithelial_transitional	POOLED	3.39378008614932	2.2900818977067945	2.608567129646794	2.6944071017453006	2.38421112736735	2.412474119148621	2.4712024388304092	2.2900738165686754	2.509925001345454	2.406316030867191	2.4817946737997088	2.381776530862558	0.6993729844040195	-0.004812919901364615
VUILD96LA_150_12_28	VUILD96LA	VUILD96	fold_5	epithelial_transitional	POOLED	3.3795943837016	2.290080711149117	2.5875978310901315	2.567323681796398	2.5937235208816354	2.629340755814051	2.3745771554516617	2.290072103191927	2.6033787443951897	2.4635796608491978	2.5627621078815674	2.4399406505011796	0.8122707019052018	-0.004067597147252593
VUILD96LA_150_12_9	VUILD96LA	VUILD96	fold_5	epithelial_transitional	POOLED	2.96858782808058	2.2901032557449885	2.242069023528878	2.224060355679631	2.4004391497027524	2.401692694251278	2.449221014128716	2.290104657350148	2.3324621794084517	2.3523455276296334	2.3330838467784174	2.3487305874606177	0.7445274724009492	-0.005358767078742088
VUILD96LA_150_13_10	VUILD96LA	VUILD96	fold_5	epithelial_transitional	POOLED	2.88088182427108	2.2901026008855028	2.053620970056051	2.145726409951969	2.2380210047153937	2.2483521697957407	2.3980659225430836	2.2901043815975597	2.343049395719959	2.1228110733260395	2.334012312008248	2.114429955246767	0.7351554143191108	-0.005918213635365881
VUILD96LA_150_13_11	VUILD96LA	VUILD96	fold_5	epithelial_transitional	POOLED	2.99313209900153	2.2901014143278253	2.260773052301051	2.2628617831941154	2.269022947697258	2.2723692339912245	2.421778399559158	2.290102668220811	2.384818343020336	2.267509656208284	2.3918438793156818	2.264444691242081	0.7302703158074149	-0.006158630712902805
VUILD96LA_150_13_12	VUILD96LA	VUILD96	fold_5	epithelial_transitional	POOLED	3.03179398927532	2.290100227770148	2.371849520729614	2.379001398559774	2.381967389641082	2.3966647815006157	2.42723159434618	2.2901009548440627	2.459345408398728	2.4195026550187118	2.4510576122599397	2.4145776284686518	0.6527925907155456	-0.005994742642338344
VUILD96LA_150_13_14	VUILD96LA	VUILD96	fold_5	epithelial_transitional	POOLED	3.2715398881417	2.290097854654793	2.510045854360417	2.5436741594849765	2.7283048203096216	2.726208635356514	2.441809404909401	2.2900975280905658	2.6147143032604627	2.5106133444060377	2.611092593849003	2.501739545616419	0.7278657286567234	-0.0040359913605284336
VUILD96LA_150_13_15	VUILD96LA	VUILD96	fold_5	epithelial_transitional	POOLED	3.35903170249832	2.2900966680971155	2.6940523742238174	2.6897847958909193	2.65613632682198	2.6813599238535684	2.416850450994706	2.2900958147138173	2.792757442999102	2.543839263679752	2.7675102266513627	2.527307333165956	0.6692469066074005	-0.0039919494642987816
VUILD96LA_150_13_17	VUILD96LA	VUILD96	fold_5	epithelial_transitional	POOLED	3.31192296565948	2.2900942949817606	2.640648941007228	2.6490398303743046	2.525364172287741	2.5487364320516046	2.492569449923877	2.2900923879603203	2.5813469515298744	2.513415396839595	2.5581500350156436	2.496769703298177	0.6628831352851754	-0.004791588383280848
VUILD96LA_150_13_18	VUILD96LA	VUILD96	fold_5	epithelial_transitional	POOLED	3.76161371572887	2.290093108424083	2.595351086268604	2.7057199810721766	2.769303788868522	2.796901605705161	2.48021660826056	2.290090674583572	2.781421985469195	2.5375967507051707	2.7518424343690824	2.513558010495792	1.0558937346566935	-0.0040446242659653
VUILD96LA_150_13_19	VUILD96LA	VUILD96	fold_5	epithelial_transitional	POOLED	3.4713430376995	2.2900919218664058	2.5445259185173166	2.664648882124124	2.9302347730885394	2.966950047258326	2.4505891131644395	2.2900889612068234	2.781873656813401	2.587224163129738	2.7427597532004757	2.5638942627871932	0.8066941555753759	-0.002792892539565813
VUILD96LA_150_13_22	VUILD96LA	VUILD96	fold_5	epithelial_transitional	POOLED	2.76337056321578	2.2900883621933734	2.508380840750447	2.561732082184983	2.5247280301787205	2.54148862068119	2.509214602637091	2.290083821076578	2.5882142234035252	2.3937834752934912	2.5726546641391685	2.3812720774289677	0.20163848103079696	-0.005050312219911719
VUILD96LA_150_13_23	VUILD96LA	VUILD96	fold_5	epithelial_transitional	POOLED	3.12365181809171	2.290087175635696	2.4801534551018456	2.568963522460611	2.4112709976732063	2.418317350076035	2.463598898125399	2.2900821076998295	2.6127198208857747	2.4689716789842655	2.6072962752186224	2.4601012406415483	0.5546882956310992	-0.005352365084795837
VUILD96LA_150_13_24	VUILD96LA	VUILD96	fold_5	epithelial_transitional	POOLED	2.84236599454418	2.2900859890780185	2.626997125809154	2.6125417374754374	2.539612449809354	2.5465272762354334	2.523286757542965	2.290080394323081	2.7966316845849746	2.5079875225399535	2.792988032687592	2.497892827230668	0.22982425706874254	-0.005426156265914562
VUILD96LA_150_13_25	VUILD96LA	VUILD96	fold_5	epithelial_transitional	POOLED	2.9250823115575	2.290084802520341	2.6211424022530836	2.6289701752932757	2.5062127555784435	2.51063797045672	2.511693273370768	2.2900786809463325	2.6207874247865632	2.5526647490418055	2.622105590623728	2.547378685489711	0.2961121362642243	-0.004228338681999106
VUILD96LA_150_13_26	VUILD96LA	VUILD96	fold_5	epithelial_transitional	POOLED	3.49261603835152	2.2900836159626636	2.638518455231374	2.6973172616513117	2.782986434749306	2.794541539446819	2.399663581170132	2.290076967569584	2.7577320597581148	2.550989579600927	2.7410429397127514	2.5299416404698283	0.7952987767002084	-0.003467919186630895
VUILD96LA_150_13_27	VUILD96LA	VUILD96	fold_5	epithelial_transitional	POOLED	3.15825985444127	2.290082429404986	2.6870371251562273	2.6772723324346623	2.647048922592631	2.677378806335493	2.3913988957519257	2.2900752541928355	2.666380926296304	2.6181203916453653	2.631293923271515	2.5945775623850946	0.48098752200660755	-0.004058614346601415
VUILD96LA_150_13_7	VUILD96LA	VUILD96	fold_5	epithelial_transitional	POOLED	3.26820272052926	2.290106160558535	2.138272592084178	2.246878995581391	2.352113086820076	2.3469845210064664	2.428149470188889	2.290109521727805	2.3168365053293076	2.3431842517366794	2.3169991321496304	2.3436001129338444	1.021323724947869	-0.0048762559863839185
VUILD96LA_150_13_8	VUILD96LA	VUILD96	fold_5	epithelial_transitional	POOLED	3.20431011093004	2.2901049740008577	2.3547271672990115	2.1888036758750427	2.4177774374935788	2.4141160578312357	2.3992148012795584	2.2901078083510567	2.291663160584468	2.2186419484678663	2.287958835407037	2.2177531266024397	1.0155064350549972	-0.004860294475884567
VUILD96LA_150_13_9	VUILD96LA	VUILD96	fold_5	epithelial_transitional	POOLED	3.04582582008799	2.29010378744318	1.9265603736195454	2.105834973804262	2.1356574439377343	2.1436630238563668	2.3825871368006837	2.290106094974308	2.1962070943119105	2.16877042438274	2.1912928402510214	2.164992977865888	0.9399908462837283	-0.006220867822532458
VUILD96LA_150_14_11	VUILD96LA	VUILD96	fold_5	epithelial_transitional	POOLED	2.64249494904181	2.290101946026017	2.3857860951568663	2.3671434285688018	2.272931590289241	2.2857336392477428	2.4500289141189526	2.2901041058449714	2.4839800468190263	2.3631563485202314	2.4719193196011116	2.3590020610761155	0.27535152047300837	-0.005991190373767
VUILD96LA_150_14_12	VUILD96LA	VUILD96	fold_5	epithelial_transitional	POOLED	2.42899108894196	2.2901007594683396	2.5623404861718755	2.53641327315774	2.24169334559327	2.268134860397423	2.433491900814649	2.290102392468223	2.5717468843333364	2.465046683276038	2.543324357403348	2.443950562637464	-0.10742218421578009	-0.0064293076544042465
VUILD96LA_150_14_13	VUILD96LA	VUILD96	fold_5	epithelial_transitional	POOLED	3.15169920464874	2.290099572910662	2.5772701836626095	2.5705068150765538	2.5983744691900434	2.610534042284355	2.423458264397765	2.2901006790914744	2.5807806131314854	2.4870119346867305	2.56350621218181	2.4788916490624135	0.5811923895721862	-0.004223961011189849
VUILD96LA_150_14_15	VUILD96LA	VUILD96	fold_5	epithelial_transitional	POOLED	2.86934214835207	2.2900971997953072	2.818892713544152	2.816795558972636	2.665224346626698	2.6905310450236537	2.5064498283051475	2.2900972523379775	2.7160418499890557	2.5050374976354854	2.694218073846626	2.4904291953649884	0.052546589379433684	-0.004520996008341783
VUILD96LA_150_14_16	VUILD96LA	VUILD96	fold_5	epithelial_transitional	POOLED	3.42583839643291	2.29009601323763	2.8427239940279936	2.795081021468519	2.696855447044145	2.726454512780993	2.4453618059434046	2.290095538961229	2.763973284033469	2.6113289489619858	2.7290582971963313	2.5914704636068957	0.6307573749643911	-0.004518628538745995
VUILD96LA_150_14_17	VUILD96LA	VUILD96	fold_5	epithelial_transitional	POOLED	3.53360685165018	2.2900948266799523	2.563675462928783	2.678519602837763	2.7116627186323097	2.726231738971861	2.4891229142263	2.2900938255844805	2.7024953600090833	2.6029761017312887	2.6759477881446423	2.586256366291066	0.855087248812417	-0.004755154661827525
VUILD96LA_150_14_18	VUILD96LA	VUILD96	fold_5	epithelial_transitional	POOLED	3.65169010570972	2.290093640122275	2.6719497010606026	2.7093396922317288	2.6188959685120468	2.645582331697395	2.4902865703959023	2.290092112207732	2.7984609425802027	2.604220307621734	2.7693024374899373	2.5862624630866464	0.9423504134779912	-0.005246183134175776
VUILD96LA_150_14_19	VUILD96LA	VUILD96	fold_5	epithelial_transitional	POOLED	3.45779974268508	2.2900924535645975	2.8222047574243136	2.7241626877481533	2.609108797225082	2.648925770843094	2.5294137320782415	2.2900903988309835	2.666209172076673	2.4644424079248286	2.6333280564308894	2.4419250010563998	0.7336370549369269	-0.004345424788616157
VUILD96LA_150_14_20	VUILD96LA	VUILD96	fold_5	epithelial_transitional	POOLED	2.53729055627074	2.29009126700692	2.5216493615879187	2.6416607444418214	2.632398661319151	2.6591812762781855	2.4864324081574933	2.290088685454235	2.71074261754899	2.5418234049618222	2.685486222865415	2.527616706879489	-0.10437018817108124	-0.004221312993357892
VUILD96LA_150_14_21	VUILD96LA	VUILD96	fold_5	epithelial_transitional	POOLED	2.76308064380834	2.2900900804492426	2.6228340276220683	2.661425890959467	2.6358726577905816	2.65198157816081	2.5312279929396357	2.2900869720774866	2.780969572066775	2.5720499235676675	2.760352293477347	2.5611378472584008	0.10165475284887293	-0.004448852005674732
VUILD96LA_150_14_22	VUILD96LA	VUILD96	fold_5	epithelial_transitional	POOLED	2.71871745546727	2.290088893891565	2.5523210456755674	2.611149920342659	2.624215149135574	2.6315473558952958	2.559363784087945	2.290085258700738	2.690087640354583	2.5137766306484526	2.6788223406593152	2.508968968992483	0.10756753512461081	-0.004663151591965738
VUILD96LA_150_14_23	VUILD96LA	VUILD96	fold_5	epithelial_transitional	POOLED	2.77965672598736	2.2900877073338877	2.6093083353571367	2.6122112281286363	2.500865913550241	2.509250556866096	2.543285268975076	2.2900835453239896	2.6580133972683755	2.489628745321555	2.6471107666262754	2.4845524225661872	0.16744549785872387	-0.004856145980548567
VUILD96LA_150_14_24	VUILD96LA	VUILD96	fold_5	epithelial_transitional	POOLED	3.10118443348217	2.29008652077621	2.6684427543859655	2.6668178400132443	2.5404093205348937	2.5486634211166046	2.6029733006385305	2.290081831947241	2.6863591879304978	2.523530583149415	2.6768793391618346	2.51650938508065	0.4343665934689258	-0.0053242921523185775
VUILD96LA_150_14_25	VUILD96LA	VUILD96	fold_5	epithelial_transitional	POOLED	2.92900330941084	2.2900853342185328	2.6906867183214453	2.684978441781703	2.5868317544233883	2.5977004840291587	2.4474415716529894	2.2900801185704927	2.675089227187808	2.591706831717908	2.660293327176584	2.578138044065395	0.244024867629137	-0.004088458425336054
VUILD96LA_150_14_26	VUILD96LA	VUILD96	fold_5	epithelial_transitional	POOLED	3.16965034205972	2.2900841476608553	2.694855566868614	2.696182438161929	2.7480796666819858	2.7684738495581556	2.479981348298041	2.290078405193744	2.5691717140123447	2.6389047756726067	2.5449860621328013	2.615581467331127	0.47346790389779114	-0.0033953602111045935
VUILD96LA_150_14_27	VUILD96LA	VUILD96	fold_5	epithelial_transitional	POOLED	2.96420136758647	2.290082961103178	2.597445101850116	2.6991754600275315	2.705627623480497	2.731409634801511	2.436959792059081	2.2900766918169957	2.787063265768385	2.5605846912402717	2.7651992564799928	2.544143671162533	0.2650259075589383	-0.0038361516629118785
VUILD96LA_150_14_28	VUILD96LA	VUILD96	fold_5	epithelial_transitional	POOLED	3.28639655748478	2.2900817745455004	2.639037499363335	2.623012595690912	2.504424075168614	2.5404516598924	2.4174370329045614	2.290074978440247	2.6509161748630428	2.6088248558581926	2.6267086419828534	2.591748346247328	0.6633839617938682	-0.004928543721524646
VUILD96LA_150_14_6	VUILD96LA	VUILD96	fold_5	epithelial_transitional	POOLED	3.26568670468645	2.2901078788144043	2.3942331491352684	2.3423895617032366	2.1727307052924067	2.1899997777726314	2.3824856734659496	2.2901126727287133	2.287176069555676	2.3397824363609496	2.261827348227268	2.3305739066273388	0.9232971429832135	-0.007047660985753145
VUILD96LA_150_14_8	VUILD96LA	VUILD96	fold_5	epithelial_transitional	POOLED	2.97534653633226	2.2901055056990494	1.9957991844737197	2.1204630826465634	2.2866474168468227	2.2813778850142303	2.400993190173717	2.290109245975217	2.2227873253843096	2.2204434665493564	2.230264312802789	2.2207291581026256	0.8548834536856966	-0.005304590583267363
VUILD96LA_150_14_9	VUILD96LA	VUILD96	fold_5	epithelial_transitional	POOLED	3.17384814016856	2.290104319141372	2.27279957504963	2.1223343871894405	2.468035748922864	2.4441085010510197	2.424402997997555	2.2901075325984683	2.335308814252977	2.343709794657167	2.3664273608886326	2.3560097986624444	1.0515137529791194	-0.005153205495418689
VUILD96LA_150_15_10	VUILD96LA	VUILD96	fold_5	epithelial_transitional	POOLED	2.47773468982258	2.290103664281886	2.052702248405192	2.131829059843295	2.111203480394066	2.1092797424739786	2.407007593276534	2.29010725684588	2.2012241815271922	2.209566057816532	2.2035925859773635	2.2074421680867244	0.34590562997928487	-0.006356488580846134
VUILD96LA_150_15_11	VUILD96LA	VUILD96	fold_5	epithelial_transitional	POOLED	2.48109305426631	2.2901024777242087	2.3402908751516422	2.3881573950546313	2.038788360644947	2.053364300490621	2.463187206339256	2.2901055434691315	2.36332667163671	2.188332498091083	2.35244818435435	2.1826892801168403	0.09293565921167879	-0.006993351042257448
VUILD96LA_150_15_12	VUILD96LA	VUILD96	fold_5	epithelial_transitional	POOLED	2.7883087089991	2.2901012911665313	2.602723993519291	2.5641195828512413	2.3685864955178864	2.39172143806408	2.4246572110471534	2.290103830092383	2.5672619463500386	2.4985877758695727	2.5497918932469665	2.4791642856692766	0.2241891261478588	-0.0059916765513610875
VUILD96LA_150_15_13	VUILD96LA	VUILD96	fold_5	epithelial_transitional	POOLED	3.497983789021	2.290100104608854	2.538521383006162	2.528157346336381	2.5199597245549046	2.5352638091973723	2.3814075506380945	2.2901021167156346	2.669721602337134	2.4069471200089123	2.6577792096244424	2.3896299175731475	0.969826442684619	-0.004489510354574278
VUILD96LA_150_15_14	VUILD96LA	VUILD96	fold_5	epithelial_transitional	POOLED	3.41789157294404	2.2900989180511764	2.5868420983607963	2.600214699419586	2.8069921049996065	2.812038024183201	2.400202894758124	2.290100403338886	2.8301102505114626	2.52437438261399	2.826033004362142	2.5153509088892685	0.8176768735244537	-0.0037607011034225158
VUILD96LA_150_15_15	VUILD96LA	VUILD96	fold_5	epithelial_transitional	POOLED	3.16028782821259	2.290097731493499	2.5373558080913474	2.6082167326748404	2.420736028931483	2.433927591094358	2.4534750720214342	2.2900986899621376	2.472838271896765	2.2707759829167338	2.4550965325028358	2.253701766154752	0.5520710955377495	-0.004998310775948886
VUILD96LA_150_15_17	VUILD96LA	VUILD96	fold_5	epithelial_transitional	POOLED	3.26928479459427	2.290095358378144	2.603951009210068	2.6372000311496957	2.5956065456332382	2.6118057848856266	2.5008431468258916	2.2900952632086407	2.608094792343352	2.4551319127493665	2.591112939777387	2.445413330968143	0.6320847634445741	-0.005119170717182803
VUILD96LA_150_15_18	VUILD96LA	VUILD96	fold_5	epithelial_transitional	POOLED	3.84911056183638	2.2900941718204666	2.5365501399805734	2.569029804164761	2.5108514622751588	2.5253392224303193	2.5087133573199307	2.290093549831892	2.6741493702160293	2.5739646862537495	2.663294517447142	2.5641088453250744	1.280080757671619	-0.005936892532721604
VUILD96LA_150_15_19	VUILD96LA	VUILD96	fold_5	epithelial_transitional	POOLED	3.43439761671418	2.290092985262789	2.4281841899778254	2.5842612137666308	2.5831582240452775	2.6016004369674333	2.465114210344394	2.2900918364551437	2.6437732037495274	2.4269380162041796	2.628124280737394	2.4147335410749924	0.8501364029475491	-0.004074065378660631
VUILD96LA_150_15_20	VUILD96LA	VUILD96	fold_5	epithelial_transitional	POOLED	3.1629482314323	2.2900917987051117	2.6390577897129597	2.60466134016171	2.684507387824127	2.693745113744764	2.435466038141273	2.290090123078395	2.638515298703047	2.5254334792753204	2.632466183635522	2.518522703496861	0.5582868912705901	-0.004179228034618641
VUILD96LA_150_15_21	VUILD96LA	VUILD96	fold_5	epithelial_transitional	POOLED	3.12099168177984	2.2900906121474343	2.5057738102242713	2.582295714704311	2.626100003040234	2.628658740129965	2.552879149849315	2.2900884097016467	2.6226687269512796	2.544548495260395	2.625428138109318	2.5437842499944856	0.5386959670755291	-0.0041803584036780445
VUILD96LA_150_15_22	VUILD96LA	VUILD96	fold_5	epithelial_transitional	POOLED	2.66668797700748	2.290089425589757	2.673071057505471	2.5749148976607987	2.3937849612693247	2.392683578692516	2.574637004698373	2.2900866963248983	2.5102786028790955	2.4343312962793946	2.508508821413428	2.4314838383126114	0.09177307934668111	-0.004940731487494805
VUILD96LA_150_15_23	VUILD96LA	VUILD96	fold_5	epithelial_transitional	POOLED	2.63668697054275	2.2900882390320794	2.549354982049918	2.552568627255765	2.418442034799504	2.4106342641443916	2.520552620741982	2.2900849829481498	2.5812900047066765	2.466145585988771	2.5883793814826714	2.4674869801122425	0.08411834328698475	-0.005302946538680508
VUILD96LA_150_15_24	VUILD96LA	VUILD96	fold_5	epithelial_transitional	POOLED	2.97574911910457	2.290087052474402	2.5703812046952033	2.57032184789056	2.487736687658679	2.4928646250215594	2.529723498255392	2.2900832695714013	2.6926648131186846	2.5107772676380575	2.6949340374263167	2.5085177080962735	0.40542727121401034	-0.005138875658143646
VUILD96LA_150_15_25	VUILD96LA	VUILD96	fold_5	epithelial_transitional	POOLED	3.01826534010953	2.2900858659167245	2.5648108505423126	2.6167037074237958	2.6460419169172638	2.6596788196948973	2.404120850863132	2.290081556194653	2.6209551880366	2.5842973438694745	2.603027045479389	2.568440739112967	0.4015616326857341	-0.004265028327834768
VUILD96LA_150_15_26	VUILD96LA	VUILD96	fold_5	epithelial_transitional	POOLED	3.32316285628337	2.290084679359047	2.759782095563163	2.7665908276662696	2.7417305460755754	2.765798124806705	2.44615477198972	2.2900798428179043	2.734843028667899	2.5582190033338574	2.709962554780754	2.53592155693867	0.5565720286171003	-0.0035783962462896737
VUILD96LA_150_15_27	VUILD96LA	VUILD96	fold_5	epithelial_transitional	POOLED	2.83398970918534	2.2900834928013696	2.69008165976231	2.703057165087247	2.4853011771952658	2.5187738769860637	2.4500097919283967	2.290078129441156	2.540185746321601	2.446493293685861	2.5085511656923436	2.4271697760841495	0.1309325440980933	-0.004402344755676719
VUILD96LA_150_15_28	VUILD96LA	VUILD96	fold_5	epithelial_transitional	POOLED	3.10737942627076	2.290082306243692	2.6176919841635033	2.500357167868792	2.5461308650039887	2.57178197693327	2.4439830080716582	2.2900764160644074	2.62219156046131	2.3968927498835306	2.605045122199112	2.387899975014404	0.607022258401968	-0.004676180987792702
VUILD96LA_150_16_10	VUILD96LA	VUILD96	fold_5	epithelial_transitional	POOLED	2.75814988254249	2.290104195980078	2.2713437741878066	2.276443208110846	2.528736312708228	2.5257935239620846	2.417170093023161	2.29010869447004	2.4719415941108105	2.4350802039113395	2.477479199522241	2.435578993520158	0.4817066744316443	-0.004844045446989257
VUILD96LA_150_16_13	VUILD96LA	VUILD96	fold_5	epithelial_transitional	POOLED	2.92649260135127	2.2901006363070455	2.1174257239541787	2.230521483351093	2.379359397391239	2.3813850042558253	2.432448604358939	2.2901035543397947	2.362340177357115	2.26997510195257	2.3589356124423033	2.2652003460003582	0.6959711180001773	-0.004727954590906135
VUILD96LA_150_16_16	VUILD96LA	VUILD96	fold_5	epithelial_transitional	POOLED	3.01026449593067	2.290097076634013	2.3213598933701696	2.470539052212366	2.508788871945223	2.5276480367805267	2.46754864549138	2.2900984142095493	2.5895770797701267	2.4887156839385676	2.5688359123887503	2.4783070208079083	0.5397254437183041	-0.0052689338464148566
VUILD96LA_150_16_18	VUILD96LA	VUILD96	fold_5	epithelial_transitional	POOLED	3.5196676009196	2.2900947035186583	2.4428814588984533	2.571005663713657	2.403975876950351	2.42773261646048	2.490917357752036	2.2900949874560523	2.5071916379507204	2.5278246999538085	2.485263845866523	2.512401851385822	0.948661937205943	-0.006933356893314164
VUILD96LA_150_16_19	VUILD96LA	VUILD96	fold_5	epithelial_transitional	POOLED	3.3688401291956	2.290093516960981	2.4525100942672515	2.512312752272437	2.606036875724331	2.628505844536476	2.4218391040952394	2.290093274079304	2.6281782962850864	2.3621451359624777	2.6114071384657818	2.3454140150985894	0.8565273769231632	-0.004089623566770284
VUILD96LA_150_16_20	VUILD96LA	VUILD96	fold_5	epithelial_transitional	POOLED	3.63883998066756	2.2900923304033034	2.667642392801798	2.575039755496451	2.5922867369926594	2.6106028501533034	2.520631681994496	2.2900915607025554	2.7028826708625258	2.515078533848541	2.691029165182177	2.5107123875105435	1.063800225171109	-0.004104383493738369
VUILD96LA_150_16_21	VUILD96LA	VUILD96	fold_5	epithelial_transitional	POOLED	3.16419775430232	2.290091143845626	2.3956322633197145	2.4392907447986025	2.737133944973783	2.7134053714872812	2.5464029190187074	2.290089847325807	2.7698227927124246	2.600784406411547	2.798699594232053	2.610428740417019	0.7249070095037173	-0.004174453421134445
VUILD96LA_150_16_22	VUILD96LA	VUILD96	fold_5	epithelial_transitional	POOLED	2.9003934070095	2.2900899572879485	2.330742637943232	2.384378330311324	2.3110711018638543	2.3066064254195275	2.5046370934377626	2.2900881339490584	2.59710714175158	2.379031680743507	2.615683775561064	2.38486271978961	0.5160150766981761	-0.005245366986360151
VUILD96LA_150_16_23	VUILD96LA	VUILD96	fold_5	epithelial_transitional	POOLED	2.62051514755138	2.290088770730271	2.2808755538582792	2.366475673732703	2.499653231864225	2.4831274557313763	2.5107621285575665	2.29008642057231	2.555297537200785	2.403256905890741	2.588718932196869	2.4145338174196525	0.2540394738186773	-0.005128788537402322
VUILD96LA_150_16_24	VUILD96LA	VUILD96	fold_5	epithelial_transitional	POOLED	2.48338427676391	2.2900875841725936	2.5059930654020293	2.5168244936894095	2.6287428073931722	2.6349635827919866	2.4404476787224967	2.2900847071955615	2.703401123903351	2.5967107506489704	2.7045782251466655	2.5944382987019234	-0.03344021692549948	-0.004611568466027461
VUILD96LA_150_16_25	VUILD96LA	VUILD96	fold_5	epithelial_transitional	POOLED	2.88315142964162	2.290086397614916	2.585238178358762	2.6135176474489645	2.564615604634566	2.575178043992532	2.4260350848600174	2.290082993818813	2.5819755469864445	2.537384422280466	2.5662187035544446	2.5218246263551776	0.2696337821926553	-0.0044188161286644635
VUILD96LA_150_16_26	VUILD96LA	VUILD96	fold_5	epithelial_transitional	POOLED	3.26017964733794	2.2900852110572387	2.7314261789475895	2.685027486719165	2.65569847243663	2.6800611958522618	2.434321109018369	2.2900812804420645	2.6994105192903994	2.6011291499548643	2.677127557147487	2.585725773638692	0.5751521606187753	-0.003490147679461361
VUILD96LA_150_16_27	VUILD96LA	VUILD96	fold_5	epithelial_transitional	POOLED	3.61870963315426	2.2900840244995613	2.6732475906855493	2.642672518456817	2.8425302064976323	2.867719323271007	2.427811025152394	2.290079567065316	2.8333653365240297	2.6556793501049194	2.8119088895296334	2.64151143154292	0.9760371146974429	-0.0030173882164837313
VUILD96LA_150_16_7	VUILD96LA	VUILD96	fold_5	epithelial_transitional	POOLED	2.60916039874823	2.29010775565311	2.213196134290707	2.175045050407193	2.2154278777606082	2.22684110378872	2.4137124277827855	2.290113834600285	2.2172608923014843	2.2520116092592577	2.2277802731449894	2.266465118320219	0.43411534834103715	-0.005318798773254158
VUILD96LA_150_16_8	VUILD96LA	VUILD96	fold_5	epithelial_transitional	POOLED	3.03302107483696	2.2901065690954328	2.262025082641556	2.1674538378686528	2.3511624876470534	2.3497019858803654	2.403030506430631	2.2901121212235367	2.2867483681483987	2.2909380630843974	2.297204256876202	2.2974512246132095	0.8655672369683072	-0.005101919042712187
VUILD96LA_150_16_9	VUILD96LA	VUILD96	fold_5	epithelial_transitional	POOLED	2.47225456241602	2.2901053825377553	2.22871152425823	2.216076491709109	2.2321778197034248	2.2392998727959976	2.408332578332862	2.2901104078467887	2.257721445813466	2.214964046817069	2.2527813036421493	2.214108955917785	0.2561780707069108	-0.00580371545264639
VUILD96LA_150_17_10	VUILD96LA	VUILD96	fold_5	epithelial_transitional	POOLED	2.44385483807018	2.2901047276782696	2.269065127713356	2.2504442303953156	2.213906039773903	2.2180852179584307	2.4268820989285245	2.2901101320942003	2.323133679665153	2.170384230878787	2.3294438605733787	2.173417890329859	0.1934106076748643	-0.0059853368306671635
VUILD96LA_150_17_12	VUILD96LA	VUILD96	fold_5	epithelial_transitional	POOLED	2.60863091436567	2.2901023545629147	2.4501379583840617	2.410738121614341	2.3000298941211326	2.317772878260496	2.385139733384822	2.2901067053407034	2.4965998655504187	2.4640763265563135	2.4868250731499835	2.4584996311356013	0.19789279275132898	-0.006555113118591305
VUILD96LA_150_17_13	VUILD96LA	VUILD96	fold_5	epithelial_transitional	POOLED	2.91272744171152	2.290101168005237	2.1456605896285907	2.1552500271913893	2.367595486647704	2.3621749867096984	2.4082175435611126	2.290104991963955	2.3100947561852836	2.241919752214822	2.3203071188400335	2.2399719578933186	0.7574774145201308	-0.0051870401084294065
VUILD96LA_150_17_17	VUILD96LA	VUILD96	fold_5	epithelial_transitional	POOLED	3.5267330504129	2.2900964217745274	2.690768499678655	2.5866965408397227	2.5556898987738546	2.580146449638886	2.499020017868329	2.290098138456961	2.6010462182709753	2.45922816297777	2.57630471136575	2.4415342894920626	0.9400365095731775	-0.004981941212782926
VUILD96LA_150_17_20	VUILD96LA	VUILD96	fold_5	epithelial_transitional	POOLED	3.56328540190883	2.290092862101495	2.094205159409783	2.330757125541021	2.3153316166948192	2.3246616804569236	2.416966381966775	2.2900929983267155	2.3555152982764365	2.2431862931249604	2.3533020870689416	2.235250456635123	1.232528276367809	-0.0052051884932165825
VUILD96LA_150_17_21	VUILD96LA	VUILD96	fold_5	epithelial_transitional	POOLED	3.40444138112936	2.2900916755438177	2.40615052301481	2.3790147926581633	2.519961265679379	2.5065040355859685	2.5303503614486402	2.290091284949967	2.4028267562278636	2.4613181969558418	2.423138252721025	2.467215775116471	1.0254265884711966	-0.004409603014471078
VUILD96LA_150_17_22	VUILD96LA	VUILD96	fold_5	epithelial_transitional	POOLED	2.34598929696598	2.29009048898614	2.402031191085959	2.396116635194577	2.395303603313967	2.3836753683771943	2.5613025043669806	2.2900895715732186	2.608602076899043	2.427534650881951	2.6369275739387943	2.4329883356979787	-0.05012733822859694	-0.005541773641689712
VUILD96LA_150_17_23	VUILD96LA	VUILD96	fold_5	epithelial_transitional	POOLED	2.60751935006243	2.2900893024284628	2.630241063833182	2.5562224871284656	2.469610120914587	2.4779502545535372	2.4280781451614266	2.29008785819647	2.5556658005409143	2.527280805731938	2.550509836318778	2.517515930491726	0.051296862933964515	-0.004969981402023638
VUILD96LA_150_17_24	VUILD96LA	VUILD96	fold_5	epithelial_transitional	POOLED	2.79185367431184	2.2900881158707853	2.5889715881454136	2.586678189509444	2.522261290378469	2.530729567919541	2.4562750276024654	2.2900861448197216	2.672699204185624	2.5361099959670548	2.6678968894632007	2.5318419095289713	0.20517548480239567	-0.005076431189635778
VUILD96LA_150_17_25	VUILD96LA	VUILD96	fold_5	epithelial_transitional	POOLED	2.6921335477716	2.290086929313108	2.5678536369763116	2.5661695504877757	2.7026272823818194	2.706001301633389	2.4184871438927678	2.290084431442973	2.70680753803412	2.608583135657369	2.7104383372278162	2.602873789007334	0.12596399728382446	-0.003555462213158964
VUILD96LA_150_17_26	VUILD96LA	VUILD96	fold_5	epithelial_transitional	POOLED	3.08088237062757	2.2900857427554304	2.5560970463298847	2.573030905049418	2.7298117537467532	2.7412918207185992	2.4429948597897475	2.2900827180662247	2.6993294320466004	2.5617069350685786	2.6891803407803994	2.5478679862830518	0.5078514655781521	-0.003458957394559644
VUILD96LA_150_17_27	VUILD96LA	VUILD96	fold_5	epithelial_transitional	POOLED	2.8879065414729	2.290084556197753	2.5116581001083804	2.6138604750874643	2.518181452637936	2.5426481782266652	2.4490708512149206	2.290081004689476	2.554419359119594	2.4017666098082096	2.533110230645432	2.3861428765685453	0.2740460663854356	-0.004115862516260289
VUILD96LA_150_17_7	VUILD96LA	VUILD96	fold_5	epithelial_transitional	POOLED	2.33810841178515	2.290108287351302	2.232367554103203	2.316983786200719	2.197479742726765	2.2319565337251093	2.3805426524211364	2.2901152722244453	2.3943389322390582	2.2501116913210133	2.3913547430199373	2.2557426838111296	0.021124625584430845	-0.005057440695469161
VUILD96LA_150_17_9	VUILD96LA	VUILD96	fold_5	epithelial_transitional	POOLED	2.60869723036891	2.290105914235947	2.1375332955513975	2.173844511895155	2.254882906617923	2.258615845028251	2.4149989957914753	2.2901118454709484	2.242272001659978	2.2071563213981977	2.242530199964285	2.209050761481381	0.43485271847375495	-0.005588482136337288
VUILD96LA_150_18_10	VUILD96LA	VUILD96	fold_5	epithelial_transitional	POOLED	3.08956310546701	2.2901052593764613	2.203397908001626	2.1839718133627315	2.3716246018607112	2.369201673183675	2.426340149770358	2.2901115697183605	2.416798013128079	2.2939099531860063	2.4281905710466725	2.2958126120431044	0.9055912921042784	-0.0053247779092300855
VUILD96LA_150_18_11	VUILD96LA	VUILD96	fold_5	epithelial_transitional	POOLED	2.85782543969108	2.290104072818784	1.9290575895961704	2.174712558861859	2.12387153253873	2.120078562846857	2.4300066536724962	2.290109856341612	2.325484297536202	2.2926625873452506	2.3424735220380786	2.3030838301450633	0.6831128808292211	-0.006649494322239094
VUILD96LA_150_18_13	VUILD96LA	VUILD96	fold_5	epithelial_transitional	POOLED	3.14151308541297	2.290101699703429	2.196402182127194	2.333001353515547	2.376860289264127	2.3865219776681905	2.4157591491224215	2.290106429588115	2.441688373786241	2.286556912128933	2.4365717803289457	2.277989418393978	0.8085117318974229	-0.00467892791129811
VUILD96LA_150_18_15	VUILD96LA	VUILD96	fold_5	epithelial_transitional	POOLED	2.60061765297273	2.290099326588074	2.4010984336558088	2.395585515909071	2.2717165417400698	2.2881027884713947	2.422765694267974	2.290103002834618	2.2040167774898016	2.231562640378075	2.1790979056029403	2.219849600496975	0.20503213706365875	-0.005566119979623097
VUILD96LA_150_18_16	VUILD96LA	VUILD96	fold_5	epithelial_transitional	POOLED	2.57539085904418	2.2900981400303966	2.2457277866884513	2.292545023185276	2.2732316596907327	2.2791928142239932	2.4513102105435265	2.2901012894578696	2.5164899771014775	2.276610389103351	2.5071298030637776	2.269056577381617	0.2828458358589039	-0.00561532598242577
VUILD96LA_150_18_18	VUILD96LA	VUILD96	fold_5	epithelial_transitional	POOLED	3.20738568280289	2.2900957669150417	2.744199141921755	2.6182749008147876	2.3529732687982716	2.3955129137076168	2.443247892396809	2.2900978627043727	2.4817512078076636	2.461494489034052	2.4396146096061027	2.4393092750789704	0.5891107819881025	-0.006472622729965061
VUILD96LA_150_18_20	VUILD96LA	VUILD96	fold_5	epithelial_transitional	POOLED	3.08409747178415	2.290093393799687	2.260993602936426	2.295645754190956	2.4660689210260687	2.465199193995226	2.4512986239347696	2.2900944359508757	2.4850123272410922	2.3901908167894472	2.4939269402745414	2.387250990663266	0.788451717593194	-0.004951440527421048
VUILD96LA_150_18_21	VUILD96LA	VUILD96	fold_5	epithelial_transitional	POOLED	3.1791106793065	2.2900922072420093	2.4132639424344746	2.4468877608973325	2.7505595098327023	2.7453830086011823	2.4802028941949574	2.290092722574127	2.686905361314134	2.5767042018034614	2.694907920254786	2.583292196123474	0.7322229184091675	-0.003816923137856184
VUILD96LA_150_18_22	VUILD96LA	VUILD96	fold_5	epithelial_transitional	POOLED	2.91026319132555	2.290091020684332	2.6291365128093607	2.577081150850995	2.6286248683124502	2.638727147516883	2.4979442102945604	2.2900910091973787	2.685865842556501	2.598758153294189	2.6808491672883927	2.5953420315499254	0.33318204047455513	-0.004561527972035222
VUILD96LA_150_18_23	VUILD96LA	VUILD96	fold_5	epithelial_transitional	POOLED	2.4719500248312	2.2900898341266545	2.675375205995954	2.615385834908281	2.453299051154274	2.464198696921345	2.461164906553339	2.2900892958206303	2.540371638037333	2.497270993531312	2.530101119775897	2.4912481108871876	-0.14343581007708117	-0.005012681146075496
VUILD96LA_150_18_24	VUILD96LA	VUILD96	fold_5	epithelial_transitional	POOLED	2.65031127239433	2.290088647568977	2.4355169119944104	2.4527333113645398	2.2681676614919697	2.2796626103926165	2.491718874300512	2.2900875824438818	2.553551171735319	2.5386481763172606	2.559459979916639	2.541837191520393	0.1975779610297903	-0.007016533630510235
VUILD96LA_150_18_25	VUILD96LA	VUILD96	fold_5	epithelial_transitional	POOLED	2.82411138581374	2.2900874610112996	2.507772535823307	2.531921756446396	2.4446522267324307	2.4575399490379293	2.403065986683265	2.2900858690671333	2.403230736781124	2.4500530987619826	2.38845836639082	2.4397774643725496	0.29218962936734405	-0.004479569760277507
VUILD96LA_150_18_26	VUILD96LA	VUILD96	fold_5	epithelial_transitional	POOLED	3.02905981438239	2.290086274453622	2.4376626087186613	2.576657096064551	2.6612917188521408	2.681944833869882	2.4070247614482367	2.290084155690385	2.6424396747567487	2.5818948807272424	2.625114509809057	2.5673281625630606	0.4524027183178392	-0.0034789799271074734
VUILD96LA_150_18_27	VUILD96LA	VUILD96	fold_5	epithelial_transitional	POOLED	3.00195317909033	2.2900850878959447	2.7411005927645404	2.549504366128167	2.5845834616398875	2.5946428731587283	2.4691570806686913	2.2900824423136363	2.603186470679519	2.5189787195429694	2.5914776372133397	2.511341660400657	0.4524488129621629	-0.004245819443343804
VUILD96LA_150_18_8	VUILD96LA	VUILD96	fold_5	epithelial_transitional	POOLED	3.12128185437813	2.2901076324918157	2.152828654318565	2.349981289177297	2.243541433315374	2.2723605991046427	2.3562344863895928	2.290114996471857	2.256582841285067	2.191412028287485	2.2183511851282334	2.1723193979341273	0.7713005652008333	-0.005185094971039056
VUILD96LA_150_19_10	VUILD96LA	VUILD96	fold_5	epithelial_transitional	POOLED	3.22036821207692	2.2901057910746525	2.2623938680531293	2.323492036350225	2.3234290913204187	2.341093446478462	2.420671674098096	2.29011300734252	2.5726709954604177	2.347239995770043	2.568655464106465	2.3416972932059186	0.8968761757266952	-0.005922056469170819
VUILD96LA_150_19_15	VUILD96LA	VUILD96	fold_5	epithelial_transitional	POOLED	2.40983154446696	2.2900998582862653	2.359170517021946	2.314979506195316	2.5056576792548793	2.5003836266791497	2.410997052301268	2.2901044404587783	2.286937502620112	2.3827805712047434	2.293214593651189	2.379406190951917	0.09485203827164401	-0.004725522285481677
VUILD96LA_150_19_16	VUILD96LA	VUILD96	fold_5	epithelial_transitional	POOLED	2.30155765733203	2.2900986717285883	2.358507964616084	2.3106924583585995	2.5292908726983945	2.5172088204643543	2.4473481710158365	2.2901027270820298	2.4206108104107837	2.268013858097013	2.4317924282815104	2.272743699399411	-0.009134801026569495	-0.00498387335540245
VUILD96LA_150_19_17	VUILD96LA	VUILD96	fold_5	epithelial_transitional	POOLED	3.91785502792887	2.290097485170911	2.3839083917698582	2.509864673467428	2.4631965700622636	2.4971544925208375	2.4200631017626297	2.2901010137052813	2.517297975378855	2.4338601004906013	2.4811952001066193	2.4110719476238898	1.4079903544614423	-0.0051733499038999564
VUILD96LA_150_19_20	VUILD96LA	VUILD96	fold_5	epithelial_transitional	POOLED	3.02822860978698	2.2900939254978785	2.1148996266275404	2.2053031893690482	2.345235290809613	2.343443996133516	2.444812171268594	2.290095873575036	2.3080292150093387	2.1899588535846015	2.314438275423368	2.18194119761365	0.8229254204179317	-0.005018625510665141
VUILD96LA_150_19_21	VUILD96LA	VUILD96	fold_5	epithelial_transitional	POOLED	3.10016564401283	2.290092738940201	2.4145969745811815	2.4257768667396875	2.5701286236036243	2.5754275122891355	2.49712248351247	2.2900941601982874	2.576013257732678	2.466244685624734	2.5747637306180193	2.4661405697911616	0.6743887772731423	-0.004717053324753888
VUILD96LA_150_19_22	VUILD96LA	VUILD96	fold_5	epithelial_transitional	POOLED	3.18795203187417	2.2900915523825236	2.313152963556588	2.458211208758417	2.4495702656532434	2.459330311450052	2.5156270276031902	2.290092446821539	2.5028463640242977	2.469998282413363	2.5031754249407383	2.472530865322088	0.729740823115753	-0.00533716179600895
VUILD96LA_150_19_23	VUILD96LA	VUILD96	fold_5	epithelial_transitional	POOLED	2.75909783362244	2.290090365824846	2.380890798511325	2.3771141481627636	2.501545014859791	2.4982450312534366	2.4591326429358125	2.2900907334447904	2.5261909159826246	2.4471396653068678	2.538825338362523	2.4552904941823677	0.38198368545967654	-0.005101580429862291
VUILD96LA_150_19_24	VUILD96LA	VUILD96	fold_5	epithelial_transitional	POOLED	2.75432792359048	2.2900891792671687	2.2101133617720463	2.3652258700355215	2.3364246867749685	2.330654747113543	2.4852555802567684	2.290089020068042	2.3080446063665567	2.3691060275204086	2.3284314138453213	2.3811545242867624	0.3891020535549585	-0.005900997541314621
VUILD96LA_150_19_25	VUILD96LA	VUILD96	fold_5	epithelial_transitional	POOLED	2.9216847621045	2.2900879927094913	2.5047503755207345	2.4979827376512165	2.4701618351945727	2.47507002642659	2.4548364366427395	2.2900873066912935	2.5082073377759313	2.5009560768036856	2.5102184326010537	2.500167518477612	0.4237020244532834	-0.004387823557973243
VUILD96LA_150_1_16	VUILD96LA	VUILD96	fold_5	epithelial_transitional	POOLED	2.63240880788768	2.290089101161138	2.0917716352141875	2.1688657011176615	2.2433309020345407	2.2494569215336493	2.424484757480708	2.290076849847147	2.334866678474966	2.235729445168476	2.332962135905034	2.232347745768027	0.46354310677001864	-0.00564438759026707
VUILD96LA_150_1_17	VUILD96LA	VUILD96	fold_5	epithelial_transitional	POOLED	3.20177095263524	2.2900879146034607	2.003935850044739	2.0118652368209045	2.1871220018100024	2.1743929688061914	2.4320221267959887	2.2900751364703984	2.364629364562969	2.189672978593963	2.386128347942189	2.198473697571468	1.1899057158143354	-0.0058859501586406154
VUILD96LA_150_1_19	VUILD96LA	VUILD96	fold_5	epithelial_transitional	POOLED	2.7993454233189	2.290085541488106	2.057762297521487	2.0466184536358765	2.007602661244236	2.018267973445815	2.4273695410372604	2.2900717097169014	2.100071635423135	2.0345878165641436	2.0951911583248437	2.034052962324626	0.7527269696830237	-0.005711202986862344
VUILD96LA_150_20_10	VUILD96LA	VUILD96	fold_5	epithelial_transitional	POOLED	2.84093430873352	2.290106322772844	2.1940439524702584	2.1436999918484894	2.07820806284029	2.0889954104808854	2.383157976618543	2.2901144449666804	2.3128524101967507	2.1685921477138326	2.308400141397138	2.16813950172528	0.6972343168850306	-0.00669975052659289
VUILD96LA_150_20_12	VUILD96LA	VUILD96	fold_5	epithelial_transitional	POOLED	3.02848517421107	2.2901039496574893	2.098002360933557	2.1340621774103705	2.2526143109171386	2.241774531191718	2.433083965641	2.290111018213184	2.2567372786624564	2.3389511700220464	2.2772296915691395	2.344463865001206	0.8944229968006994	-0.006154305428719588
VUILD96LA_150_20_13	VUILD96LA	VUILD96	fold_5	epithelial_transitional	POOLED	2.80748171256091	2.290102763099812	2.241884963760815	2.1706494286939373	2.1890962462891577	2.198749413562438	2.415675113521423	2.2901093048364354	2.243238852347823	2.2309439635732113	2.2436247652298316	2.2331332766357024	0.6368322838669727	-0.005445292640919971
VUILD96LA_150_20_14	VUILD96LA	VUILD96	fold_5	epithelial_transitional	POOLED	2.63062166971382	2.2901015765421344	1.9940575506351415	2.103774646655216	2.4210022319497573	2.4074702228694425	2.380467375531107	2.290107591459687	2.3079401657954626	2.301411551009954	2.3187011992349316	2.305127872727388	0.526847023058604	-0.0049490740239124895
VUILD96LA_150_20_15	VUILD96LA	VUILD96	fold_5	epithelial_transitional	POOLED	2.79850885329903	2.290100389984457	2.1688885718741377	2.2060345112000914	2.337166513653909	2.3364878079024147	2.4074732048361476	2.2901058780829384	2.3148522347408607	2.2881447283408414	2.312260181299557	2.279238944506412	0.5924743420989387	-0.005254833086148124
VUILD96LA_150_20_16	VUILD96LA	VUILD96	fold_5	epithelial_transitional	POOLED	2.6351388803649	2.2900992034267795	2.3201710819709516	2.5238438982143228	2.19587741271203	2.2242802025604407	2.47058696524067	2.29010416470619	2.3386291928075646	2.307836426264812	2.3021382624983855	2.2936169913042352	0.11129498215057732	-0.006061331024601629
VUILD96LA_150_20_19	VUILD96LA	VUILD96	fold_5	epithelial_transitional	POOLED	2.93723517425127	2.290095643753747	2.568751743607738	2.473348936575906	2.5688173188379317	2.5826095161433993	2.4246322469329695	2.2900990245759445	2.584121799630669	2.457696860791645	2.570521199757779	2.4462523691709825	0.4638862376753643	-0.004451205181990431
VUILD96LA_150_20_21	VUILD96LA	VUILD96	fold_5	epithelial_transitional	POOLED	3.25387536676257	2.2900932706383923	2.57920176212406	2.5019246464545044	2.3219629421220573	2.3603316873316373	2.444682114161277	2.2900955978224475	2.3793783616676536	2.2827950681138525	2.340031295362077	2.259823799005226	0.7519507203080655	-0.005311357301542946
VUILD96LA_150_20_23	VUILD96LA	VUILD96	fold_5	epithelial_transitional	POOLED	2.35762887162505	2.290090897523038	2.254659723332185	2.3129480333412493	2.2441345973696785	2.250871471563117	2.405374242554007	2.2900921710689506	2.4579832855977064	2.30863612540791	2.46555176619697	2.3122499692830174	0.04468083828380065	-0.006181123659468046
VUILD96LA_150_20_24	VUILD96LA	VUILD96	fold_5	epithelial_transitional	POOLED	2.34631935178508	2.2900897109653604	2.5520733024350006	2.4268277459047303	2.20220460338198	2.1991197835682192	2.470797512651779	2.290090457692202	2.2310696759780417	2.2940800506024694	2.239556904537516	2.2986679950076403	-0.08050839411965027	-0.0064098434384661064
VUILD96LA_150_20_25	VUILD96LA	VUILD96	fold_5	epithelial_transitional	POOLED	2.38817723470168	2.290088524407683	2.5409078421672153	2.50219496674774	2.419059589685705	2.4210197656464336	2.438498290439257	2.2900887443154536	2.430841186444779	2.45517780569599	2.4345939169381525	2.45059161843435	-0.1140177320460598	-0.004539404073759923
VUILD96LA_150_20_26	VUILD96LA	VUILD96	fold_5	epithelial_transitional	POOLED	2.84478304424791	2.2900873378500055	2.520753389972365	2.6862075295340793	2.48417189370081	2.509424196489458	2.410087704488536	2.290087030938705	2.515008491585918	2.4532879297134746	2.4812454189782653	2.429930630793065	0.15857551471383058	-0.004342171194885446
VUILD96LA_150_21_11	VUILD96LA	VUILD96	fold_5	epithelial_transitional	POOLED	2.664806332872	2.2901056679133585	2.333233109695321	2.175726759749142	2.365487885260586	2.3551930829587895	2.387369965441976	2.290114169214092	2.4258460402446596	2.2175310931046117	2.4501090150347404	2.2226828893509474	0.4890795731228583	-0.005295713564952057
VUILD96LA_150_21_15	VUILD96LA	VUILD96	fold_5	epithelial_transitional	POOLED	2.4940881644782	2.2901009216826487	2.402348510064506	2.369837087208234	2.568318925585493	2.5787914652939476	2.37220099967001	2.2901073157070986	2.3402792930096603	2.244515201090163	2.3170971531476665	2.2291042718955643	0.12425107726996609	-0.004563705256453346
VUILD96LA_150_2_14	VUILD96LA	VUILD96	fold_5	epithelial_transitional	POOLED	2.86884666177466	2.2900920059746843	2.5588876321503267	2.600983597387591	2.493820165376579	2.509549830828515	2.491465441898109	2.290081714224804	2.44314664198299	2.407341328561461	2.4198555973156157	2.3911252141801076	0.26786306438706875	-0.004476036703759762
VUILD96LA_150_2_15	VUILD96LA	VUILD96	fold_5	epithelial_transitional	POOLED	3.17210184234378	2.290090819417007	2.2658694028640785	2.3396230539843055	2.265242508984741	2.273004819603104	2.4233146965852934	2.2900800008480555	2.322218907925111	2.2252920310495004	2.3066433564832103	2.2146998303069294	0.8324787883594746	-0.00517530568658336
VUILD96LA_150_2_19	VUILD96LA	VUILD96	fold_5	epithelial_transitional	POOLED	2.58458216706585	2.290086073186297	1.9482600433025399	2.161579830818673	2.16152323481787	2.1806475604968223	2.400638279594744	2.2900731473410616	2.1815929768520905	2.137882033036347	2.163128958551651	2.133426004557895	0.4230023362471771	-0.005176973169589717
VUILD96LA_150_3_10	VUILD96LA	VUILD96	fold_5	epithelial_transitional	POOLED	2.9000796120393	2.290097283903586	2.2805835661538465	2.34015629676218	2.246899151881836	2.2521904893739575	2.4846397845594845	2.290090005355958	2.4073966146514323	2.3015221284213805	2.4036243489888798	2.29536667708268	0.5599233152771199	-0.005525054836044419
VUILD96LA_150_3_14	VUILD96LA	VUILD96	fold_5	epithelial_transitional	POOLED	3.01150060359902	2.290092537672876	2.2155690664542798	2.4039473063581247	2.298424326677409	2.313188870757886	2.4468183127462915	2.290083151848964	2.3613839230264406	2.278163555854441	2.3491196976298934	2.2636664915808766	0.6075532972408952	-0.0049713024674348065
VUILD96LA_150_3_15	VUILD96LA	VUILD96	fold_5	epithelial_transitional	POOLED	2.41441944781694	2.2900913511151986	2.2645044291841843	2.247612636449146	2.1958498928412338	2.2108257836123237	2.412338062812073	2.2900814384722157	2.1532217949264996	2.170259341096365	2.132853309927331	2.1602510492450344	0.16680681136779407	-0.00541779296343737
VUILD96LA_150_3_19	VUILD96LA	VUILD96	fold_5	epithelial_transitional	POOLED	2.77252516449609	2.290086604884489	2.406787478570528	2.2701176593341232	2.234770148454724	2.263197560108973	2.419992109873393	2.2900745849652218	2.275737139297182	2.275712292995758	2.254683160131382	2.2717109274884835	0.5024075051619667	-0.005239639908335951
VUILD96LA_150_3_23	VUILD96LA	VUILD96	fold_5	epithelial_transitional	POOLED	2.34211891103697	2.290081858653779	1.860589804363644	1.9126687952514807	2.15529551928486	2.1459500289305184	2.3982529144372027	2.290067731458228	2.327391859320716	2.2292500675243057	2.3477236000453905	2.242654664561431	0.4294501157854893	-0.006097881120506477
VUILD96LA_150_4_12	VUILD96LA	VUILD96	fold_5	epithelial_transitional	POOLED	2.76346944694412	2.2900954424864226	2.1794364046894934	2.3177810187938577	2.168637746716918	2.1859266417312324	2.4550035287782084	2.2900880162266213	2.204874734738954	2.27074115203178	2.1866138484328568	2.26167730822435	0.44568842815026244	-0.006721737128413748
VUILD96LA_150_4_13	VUILD96LA	VUILD96	fold_5	epithelial_transitional	POOLED	3.195220036803	2.290094255928745	2.171645722764911	2.296201304576754	2.411888735923912	2.420512495483846	2.4486027210818535	2.290086302849873	2.4471438409059036	2.403481746291558	2.4481883821052848	2.401878323834981	0.8990187322262462	-0.004448543855510786
VUILD96LA_150_4_14	VUILD96LA	VUILD96	fold_5	epithelial_transitional	POOLED	3.20405616039002	2.2900930693710677	2.1907064780028667	2.168531736955644	2.2098212537083985	2.2116700099398505	2.451700716154091	2.2900845894731243	2.308259490232114	2.17916654512331	2.312933248344721	2.1784310494399444	1.0355244234343761	-0.005374158111807571
VUILD96LA_150_4_18	VUILD96LA	VUILD96	fold_5	epithelial_transitional	POOLED	2.52489572496294	2.290088323140358	1.8823314542671437	2.0600131960596526	1.9746285748156642	1.9811936571148374	2.398535177947542	2.2900777359661304	2.136322815054015	2.1907659085567066	2.1374252367617688	2.187598390295641	0.4648825289032872	-0.007290623921338942
VUILD96LA_150_5_10	VUILD96LA	VUILD96	fold_5	epithelial_transitional	POOLED	3.08768052669141	2.290098347299969	2.1502894932831764	2.120604917355726	2.1938747794863103	2.1856425588195556	2.4927583792469497	2.2900928806042784	2.2025062281548586	2.257111467143935	2.209528312100957	2.2651928782721527	0.9670756093356836	-0.005638973293607194
VUILD96LA_150_5_14	VUILD96LA	VUILD96	fold_5	epithelial_transitional	POOLED	2.92808003390561	2.2900936010692594	2.172719779655852	2.2353607020909365	2.196182003438488	2.206331984265457	2.451796268213599	2.2900860270972845	2.2364611064352413	2.2686692544244584	2.234147794478516	2.269194891592986	0.6927193318146734	-0.005533946896794357
VUILD96LA_150_5_19	VUILD96LA	VUILD96	fold_5	epithelial_transitional	POOLED	2.58499258583421	2.290087668280872	2.0021512585923547	2.086052648262911	2.2725192969190657	2.276742182831994	2.406244036363474	2.290077460213542	2.2721098625134855	2.2226557403077067	2.2702089853575926	2.2201757265842526	0.4989399375712993	-0.004911813214786208
VUILD96LA_150_5_22	VUILD96LA	VUILD96	fold_5	epithelial_transitional	POOLED	3.39569115901957	2.29008410860784	2.3275361191307073	2.400384414432808	2.242484398138687	2.2489418019998637	2.365158855803086	2.2900723200832966	2.483194906056293	2.382069557460657	2.477173232920852	2.3729712039972837	0.9953067445867623	-0.005605586073260918
VUILD96LA_150_5_24	VUILD96LA	VUILD96	fold_5	epithelial_transitional	POOLED	3.13914967596425	2.290081735492485	2.447706348313839	2.482166487467651	2.40205732796569	2.436121270646302	2.4077220855708474	2.2900688933297997	2.498505580165201	2.3159023431043693	2.4636066866984243	2.29472556736048	0.6569831884965991	-0.005907624917406538
VUILD96LA_150_5_25	VUILD96LA	VUILD96	fold_5	epithelial_transitional	POOLED	3.26533872550104	2.2900805489348075	2.609692534189674	2.565745574762419	2.568631659475247	2.5942794465837635	2.385434783963839	2.290067179953051	2.6617135943781163	2.485728859142192	2.63638262337005	2.4669109248425367	0.6995931507386208	-0.004244275059392895
VUILD96LA_150_5_27	VUILD96LA	VUILD96	fold_5	epithelial_transitional	POOLED	3.65031068654562	2.2900781758194526	2.3182276037835567	2.4832274857600805	2.712835054030647	2.714574514691042	2.392069795901438	2.2900637531995542	2.6266833486832275	2.526310126112365	2.615368952328144	2.518131845489796	1.1670832007855396	-0.00376615393916853
VUILD96LA_150_6_11	VUILD96LA	VUILD96	fold_5	epithelial_transitional	POOLED	1.68111692279189	2.2900976924404834	2.2772953380861707	2.2243188871443604	2.3531937243316783	2.3596100861803033	2.423503936695928	2.29009260485169	2.5064376795984393	2.293716472076846	2.5056845581676432	2.289012473408822	-0.5432019643524704	-0.00556077195910603
VUILD96LA_150_6_18	VUILD96LA	VUILD96	fold_5	epithelial_transitional	POOLED	2.31825221017665	2.2900893865367413	2.168816842210751	2.0194517119795004	2.353056474795028	2.3389907756974098	2.432771542214262	2.2900806112144507	2.1957496886916417	2.3328634259090624	2.211668094263107	2.338088637496975	0.2988004981971497	-0.006601130418192138
VUILD96LA_150_6_21	VUILD96LA	VUILD96	fold_5	epithelial_transitional	POOLED	3.24277715827781	2.290085826863709	2.3108372333330514	2.356648649057215	2.4521846813474495	2.457149649407761	2.3750371930886205	2.2900754710842053	2.4579037124302947	2.4185366132407067	2.4563274402171937	2.408553794084766	0.8861285092205953	-0.0047105459763866625
VUILD96LA_150_6_22	VUILD96LA	VUILD96	fold_5	epithelial_transitional	POOLED	2.86060606657648	2.2900846403060315	2.610830791642184	2.573561719905662	2.391958480489724	2.4146828522612704	2.397939186333051	2.290073757707457	2.5507574288317447	2.360686897656175	2.5310368770306013	2.3444887469235196	0.28704434667081813	-0.004949605101208796
VUILD96LA_150_6_24	VUILD96LA	VUILD96	fold_5	epithelial_transitional	POOLED	3.08499435749925	2.2900822671906766	2.6891460914751857	2.66484653723384	2.344381455511891	2.382854687493518	2.3585672484659166	2.29007033095396	2.353251045849145	2.4649182504114426	2.3199506194673885	2.4465406029218624	0.4201478202654103	-0.006277505764149562
VUILD96LA_150_6_25	VUILD96LA	VUILD96	fold_5	epithelial_transitional	POOLED	2.81555478225488	2.290081080632999	2.515149960897997	2.5547362240092344	2.6308270776179556	2.6472425006023244	2.3520749389794062	2.2900686175772114	2.7019876365920554	2.58416931369406	2.686870496744942	2.5667715023351185	0.2608185582456457	-0.0037670118614031318
VUILD96LA_150_6_26	VUILD96LA	VUILD96	fold_5	epithelial_transitional	POOLED	3.66584343474589	2.2900798940753218	2.4054026997851405	2.519322531983805	2.6936177713725047	2.692138595791322	2.3175835422846025	2.290066904200463	2.769428883834056	2.5370527114286245	2.7668582459142854	2.5252720807457436	1.1465209027620853	-0.003983503218622654
VUILD96LA_150_6_27	VUILD96LA	VUILD96	fold_5	epithelial_transitional	POOLED	3.44205379080853	2.2900787075176443	2.3867894676958197	2.516085201328539	2.538348510141642	2.5449844931026204	2.4283064684843314	2.2900651908237144	2.6631184842031677	2.4849340564664426	2.6591687584095975	2.4798473121972076	0.9259685894799907	-0.004385079620859344
VUILD96LA_150_6_28	VUILD96LA	VUILD96	fold_5	epithelial_transitional	POOLED	3.77904164376925	2.290077520959967	2.6943081537781195	2.576644051636254	2.4023074451339324	2.418518493833754	2.3934084677506995	2.290063477446966	2.6102786916729626	2.547621217007424	2.594650024151069	2.531855216764992	1.202397592132996	-0.0047597476757556085
VUILD96LA_150_6_7	VUILD96LA	VUILD96	fold_5	epithelial_transitional	POOLED	3.15258173175834	2.2901024386711932	2.19899468197609	2.1799495271554203	2.391878380410018	2.3844038451859677	2.390816449713278	2.290099458358684	2.3365293179820057	2.349282975629709	2.346042544365213	2.3551974275269636	0.9726322046029194	-0.004933532128401796
VUILD96LA_150_7_17	VUILD96LA	VUILD96	fold_5	epithelial_transitional	POOLED	2.90223496867694	2.2900911047926105	1.8348445285431045	1.857350169660887	2.0639390411063148	2.041651589799817	2.4167676692926157	2.2900837622153594	2.236918088103867	2.216437496904695	2.27273260906037	2.2310545223114615	1.044884799016053	-0.006804690730765061
VUILD96LA_150_7_19	VUILD96LA	VUILD96	fold_5	epithelial_transitional	POOLED	2.65600129119523	2.2900887316772556	2.0044807139415357	1.9575937033256554	2.1008907303504976	2.0979546313979234	2.393015750020001	2.2900803354618624	2.1775907515547406	2.0716792692140853	2.1862560229911687	2.0759575763792797	0.6984075878695746	-0.005792208485190981
VUILD96LA_150_7_20	VUILD96LA	VUILD96	fold_5	epithelial_transitional	POOLED	2.89920562433298	2.290087545119578	2.0818854585226756	2.1395317400730147	2.1116783110384767	2.1203797280637398	2.3995158001523436	2.290078622085114	2.2552740334560384	2.098555903568403	2.2483224118687173	2.0900512050252513	0.7596738842599651	-0.005872124115989854
VUILD96LA_150_7_21	VUILD96LA	VUILD96	fold_5	epithelial_transitional	POOLED	2.77309462219018	2.2900863585619007	2.5784888182714716	2.4393986940809573	2.414500620411276	2.432689124757005	2.4147434298620425	2.2900769087083654	2.40414784827997	2.3526640174067492	2.3837203290296554	2.3395463695200496	0.3336959281092229	-0.004917043943300377
VUILD96LA_150_7_22	VUILD96LA	VUILD96	fold_5	epithelial_transitional	POOLED	3.22589243994034	2.2900851720042232	2.4360238783896984	2.549753313032801	2.280725150679667	2.295943795951945	2.4232891931588347	2.290075195331617	2.326751916572727	2.3817892898224287	2.311816442895106	2.3681565530131383	0.6761391269075392	-0.005744043446837377
VUILD96LA_150_7_23	VUILD96LA	VUILD96	fold_5	epithelial_transitional	POOLED	3.19941809213909	2.290083985446546	2.3317371433282466	2.4738298761150204	2.1635218420124867	2.1727987042933687	2.405088835381028	2.2900734819548685	2.4210278694376397	2.378717945739007	2.41652959406832	2.3695311328091955	0.7255882160240694	-0.006217786996051437
VUILD96LA_150_7_24	VUILD96LA	VUILD96	fold_5	epithelial_transitional	POOLED	3.24370905129394	2.2900827988888683	2.697471128778639	2.650423623607962	2.640960511352052	2.6643323492673066	2.413999285102507	2.29007176857812	2.777409104857242	2.6138059108806724	2.750245565585291	2.59013548276753	0.593285427685978	-0.004218419465150107
VUILD96LA_150_7_26	VUILD96LA	VUILD96	fold_5	epithelial_transitional	POOLED	3.45970901188016	2.2900804257735135	2.639873073982642	2.6023657652814025	2.5531678894411183	2.581311312917505	2.3779682574342145	2.290068341824623	2.6439895496240076	2.5047935375828447	2.611522947925312	2.477112820420087	0.8573432465987576	-0.0041979192721531815
VUILD96LA_150_7_27	VUILD96LA	VUILD96	fold_5	epithelial_transitional	POOLED	3.51070597129817	2.290079239215836	2.592362675070481	2.57222417842697	2.6889137405041064	2.7150557678598712	2.4354861677521282	2.2900666284478746	2.8152118018772976	2.6250752778370963	2.7928387567412996	2.608235474684321	0.9384817928712001	-0.003902187825248091
VUILD96LA_150_7_28	VUILD96LA	VUILD96	fold_5	epithelial_transitional	POOLED	3.33654344511866	2.2900780526581586	2.432060369111745	2.5977352396708735	2.496376300115273	2.517469864964316	2.4247488967430897	2.290064915071126	2.528910971741772	2.4134749441226746	2.501273891685737	2.394588077131179	0.7388082054477865	-0.0045015343197429315
VUILD96LA_150_7_9	VUILD96LA	VUILD96	fold_5	epithelial_transitional	POOLED	3.01409636437127	2.29010059725403	2.340017936717605	2.2638033892236984	2.280190792768964	2.299626739600544	2.3701977728296932	2.290097469229347	2.3162157571264594	2.2511492161638196	2.3004014616355972	2.244454374193682	0.7502929751475715	-0.005702713823313644
VUILD96LA_150_8_17	VUILD96LA	VUILD96	fold_5	epithelial_transitional	POOLED	2.40286063285336	2.290091636490802	1.9961023702599727	2.0477141829882486	2.391549412697257	2.3776798172271216	2.4329691289182334	2.2900851998395195	2.3694102484342507	2.3271528957225325	2.392779255234793	2.329725596021169	0.35514644986511135	-0.005394387844225832
VUILD96LA_150_8_18	VUILD96LA	VUILD96	fold_5	epithelial_transitional	POOLED	2.54515706922224	2.2900904499331247	1.9957862289313484	1.929758976983078	2.069096102689479	2.0558632220756485	2.417127557896939	2.290083486462771	2.1633765250273003	2.157496041488302	2.1862607917071375	2.1653431522635764	0.615398092239162	-0.00704284821906437
VUILD96LA_150_8_19	VUILD96LA	VUILD96	fold_5	epithelial_transitional	POOLED	2.86865542431632	2.2900892633754473	2.006388415687641	2.121340851481718	2.1973725896715757	2.191974365830533	2.448213858011416	2.2900817730860226	2.329595539674879	2.174582282875148	2.341980908000297	2.177649252980919	0.7473145728346018	-0.0053014803972254426
VUILD96LA_150_8_20	VUILD96LA	VUILD96	fold_5	epithelial_transitional	POOLED	2.5565483221309	2.29008807681777	2.286322076575587	2.357365973854531	2.4139557227951474	2.4255412490955224	2.426240847907999	2.290080059709274	2.3095387260062075	2.316511173401641	2.289673467507749	2.3017649807901086	0.19918234827636905	-0.004849896111819657
VUILD96LA_150_8_21	VUILD96LA	VUILD96	fold_5	epithelial_transitional	POOLED	3.47135469905945	2.2900868902600924	2.291162836951999	2.4518395649899145	2.1567190309241613	2.180879255928884	2.486119662056479	2.2900783463325256	2.3239156180839027	2.1755199449482925	2.3000535097839583	2.1579497383587927	1.0195151340695356	-0.005766089879321626
VUILD96LA_150_8_22	VUILD96LA	VUILD96	fold_5	epithelial_transitional	POOLED	3.39910259188963	2.290085703702415	2.6073532238069026	2.5152115730105007	2.357027551004005	2.3701598192971107	2.3645077735437976	2.290076632955777	2.429685165511356	2.4723148032934237	2.4225052447670237	2.4657744861853246	0.8838910188791291	-0.005529248149936702
VUILD96LA_150_8_23	VUILD96LA	VUILD96	fold_5	epithelial_transitional	POOLED	2.8630799854612	2.2900845171447375	2.4841457280904478	2.514461752503752	2.534427076892795	2.543290656690871	2.3648206759217985	2.2900749195790286	2.6724915452708293	2.498094120503612	2.664890458599804	2.48898484006589	0.3486182329574481	-0.005128728769283483
VUILD96LA_150_8_24	VUILD96LA	VUILD96	fold_5	epithelial_transitional	POOLED	2.91508446991101	2.29008333058706	2.5178071758949527	2.456038198716083	2.4382563110462465	2.438976933575636	2.410936210355335	2.29007320620228	2.421193936005727	2.484855011373644	2.424949136205448	2.479896911357119	0.4590462711949268	-0.005193370963918586
VUILD96LA_150_8_25	VUILD96LA	VUILD96	fold_5	epithelial_transitional	POOLED	3.60224379750018	2.2900821440293826	2.50101142473091	2.5593874793553466	2.7000996739510725	2.711591949771406	2.3965481895917717	2.2900714928255317	2.714021674113699	2.6229688061148773	2.697536202521753	2.6049285589955633	1.0428563181448336	-0.0033267939070367614
VUILD96LA_150_8_26	VUILD96LA	VUILD96	fold_5	epithelial_transitional	POOLED	3.31306529055273	2.290080957471705	2.5984686521515217	2.642430406172926	2.545285736709571	2.568521843540629	2.395295890517275	2.290069779448783	2.5828122763514343	2.4821516408088637	2.557798047978358	2.46197914496143	0.6706348843798038	-0.004183812804887068
VUILD96LA_150_8_27	VUILD96LA	VUILD96	fold_5	epithelial_transitional	POOLED	2.68858062544909	2.2900797709140277	2.472640412726521	2.5162850132405956	2.3411964621578254	2.3605385472178004	2.4162751154019997	2.2900680660720347	2.4932854483392783	2.4058370939965408	2.4701337923163873	2.3908083129937205	0.1722956122084942	-0.005098258109892178
VUILD96LA_150_8_7	VUILD96LA	VUILD96	fold_5	epithelial_transitional	POOLED	3.29377186960541	2.2901035020675766	2.4839068700204634	2.268558656828222	2.655159319263817	2.661126072766586	2.416036488562219	2.2901023336070043	2.4495886037315344	2.3572028399847635	2.4468035169178832	2.356207860482288	1.0252132127771878	-0.003844559926442769
VUILD96LA_150_8_8	VUILD96LA	VUILD96	fold_5	epithelial_transitional	POOLED	2.92455261419327	2.290102315509899	1.8587742010122048	2.0434200582626003	2.205293114245972	2.203113655330317	2.417485044904121	2.290100620230256	2.272025444100125	2.0839009386232155	2.279394470937218	2.088377478192896	0.8811325559306695	-0.005447423585918046
VUILD96LA_150_8_9	VUILD96LA	VUILD96	fold_5	epithelial_transitional	POOLED	2.87269262731661	2.2901011289522217	2.0661341088148037	2.0829997794604567	2.3055289906344005	2.2984220022823343	2.3776224097415533	2.2900989068535074	2.24668275562484	2.1963281956877454	2.25946714947799	2.1949369740950058	0.7896928478561533	-0.00518626893329324
VUILD96LA_150_9_10	VUILD96LA	VUILD96	fold_5	epithelial_transitional	POOLED	3.45790540638048	2.290100474092736	2.1929128214094744	2.191238307612121	2.065108380346975	2.081442639408376	2.399249600937044	2.290098631100919	2.1773799329468932	2.137158077438301	2.160484583503027	2.1235246961676904	1.2666670987683593	-0.006891623666904719
VUILD96LA_150_9_18	VUILD96LA	VUILD96	fold_5	epithelial_transitional	POOLED	2.47631592959062	2.2900909816313164	1.8569325544374922	2.112436627677739	2.0739547796750917	2.0721371835990023	2.4470240078422423	2.290084924086931	2.276811026016725	2.219155209417172	2.2879331595473986	2.221073196576798	0.3638793019128812	-0.007477726577527065
VUILD96LA_150_9_19	VUILD96LA	VUILD96	fold_5	epithelial_transitional	POOLED	2.46025971475293	2.290089795073639	2.3325645183536885	2.4447002113861407	2.4116661179965044	2.419993333736355	2.5019980063498104	2.2900832107101827	2.5564514420437083	2.357015512681767	2.5538748558036195	2.3509429854064527	0.01555950336678924	-0.004426610815670849
VUILD96LA_150_9_21	VUILD96LA	VUILD96	fold_5	epithelial_transitional	POOLED	2.6889857219724	2.290087421958284	2.362887492124717	2.5426213298586733	2.2658602384944087	2.2913373225944778	2.4638542781856803	2.2900797839566858	2.3198612173941893	2.3121696553162594	2.2917397143217793	2.2943975722827883	0.14636439211372654	-0.0052954292725885775
VUILD96LA_150_9_22	VUILD96LA	VUILD96	fold_5	epithelial_transitional	POOLED	2.87844132027912	2.2900862354006066	2.205360818037965	2.3675970442764935	2.384606045130646	2.3972185453412282	2.410237323540663	2.2900780705799373	2.4010745774884263	2.4071881841811478	2.385691920406675	2.3992523046888428	0.5108442760026266	-0.0051503977213384535
VUILD96LA_150_9_23	VUILD96LA	VUILD96	fold_5	epithelial_transitional	POOLED	3.32918376960302	2.290085048842929	2.3266028291518017	2.347166137155366	2.4046847759678	2.4033707150308623	2.3905169182061927	2.290076357203189	2.5521863801952804	2.3935052759720183	2.5650113017925142	2.3953203304829946	0.9820176324476542	-0.005343841857541023
VUILD96LA_150_9_25	VUILD96LA	VUILD96	fold_5	epithelial_transitional	POOLED	3.09283238535715	2.2900826757275743	2.528051829011103	2.4543489371412317	2.5469799840242437	2.5542099711187474	2.468516138702087	2.290072930449692	2.5410378159164724	2.449469046008165	2.5372413699419685	2.4424608579018208	0.6384834482159185	-0.004053593969567614
VUILD96LA_150_9_26	VUILD96LA	VUILD96	fold_5	epithelial_transitional	POOLED	3.36696457694951	2.290081489169897	2.518878864918327	2.55129662992709	2.6400104898429744	2.6512041856958284	2.4340968161405607	2.2900712170729434	2.7299649219609043	2.5195052454874323	2.721928913122733	2.5061934087002897	0.81566794702242	-0.0036966107774235473
VUILD96LA_150_9_27	VUILD96LA	VUILD96	fold_5	epithelial_transitional	POOLED	3.45769456895013	2.2900803026122194	2.4401828101481753	2.5442656419937126	2.617998384055193	2.625542468725462	2.408611170547004	2.290069503696195	2.6806713624520855	2.54342888258627	2.674893876990578	2.5339338410013834	0.9134289269564175	-0.003959607767397193
VUILD96LA_150_9_28	VUILD96LA	VUILD96	fold_5	epithelial_transitional	POOLED	3.19365138411186	2.290079116054542	2.5809989304867176	2.5687602398376304	2.504051345056287	2.5153509619888164	2.362880944809855	2.2900677903194464	2.5904635406236243	2.4855033807220006	2.580402929634445	2.4741376071911994	0.6248911442742298	-0.004229572396311974
VUILD96LA_150_9_29	VUILD96LA	VUILD96	fold_5	epithelial_transitional	POOLED	3.41142473488823	2.2900779294968645	2.537670823715388	2.5328232074059125	2.5384974135580274	2.550149932286654	2.4063476028996194	2.290066076942698	2.7695850792699788	2.6381212905551332	2.7605122109766445	2.628327362359722	0.8786015274823176	-0.004978971796548765
VUILD96LA_150_9_7	VUILD96LA	VUILD96	fold_5	epithelial_transitional	POOLED	2.82994056364057	2.2901040337657683	2.1362420587481825	2.1572694563072883	2.2741352037365066	2.2800616976851074	2.3911688426801496	2.2901037712311645	2.2874171323246784	2.246563658558721	2.2954561078442106	2.2495452348920573	0.6726711073332816	-0.005346173469166995
VUILD96LA_150_9_8	VUILD96LA	VUILD96	fold_5	epithelial_transitional	POOLED	3.60991071795235	2.290102847208091	1.949798555740823	2.01271746649243	2.4061196572469834	2.3931642461105747	2.389060235561979	2.290102057854416	2.216655256233714	2.229867891278714	2.2269607375730933	2.2337561078785755	1.5971932514599203	-0.0047859121810569635
VUILD96MA_150_10_10	VUILD96MA	VUILD96	fold_5	epithelial_transitional	POOLED	2.82550428674279	2.2901002179675354	2.6251164431048446	2.670802064299208	2.4271356898986327	2.4441641080686294	2.4683347081149565	2.29010339714018	2.5058599122839986	2.526534813527915	2.4923933022681397	2.523833671513434	0.15470222244358212	-0.005469167249088269
VUILD96MA_150_10_11	VUILD96MA	VUILD96	fold_5	epithelial_transitional	POOLED	2.2278308803591	2.2900990316967547	2.795146796839226	2.691083078878793	2.35757064846002	2.3785441708939867	2.4658618462887296	2.2901016840503257	2.442886182311429	2.405561046036365	2.4300563087310536	2.4008074238726143	-0.46325219851969335	-0.005902176380553655
VUILD96MA_150_10_8	VUILD96MA	VUILD96	fold_5	epithelial_transitional	POOLED	2.77899241329126	2.2901025905090964	2.7691078219049166	2.7627032850951747	2.3944253650444547	2.4374675134022246	2.409086571220773	2.290106823319889	2.529682176772652	2.489148269379148	2.4820892249585573	2.4714019903683346	0.0162891281960853	-0.004730436063120767
VUILD96MA_150_11_10	VUILD96MA	VUILD96	fold_5	epithelial_transitional	POOLED	2.78533033869594	2.290100674348031	2.7470087981876583	2.705019866723899	2.500264182074198	2.5117483458771135	2.5112564999289044	2.290104759474744	2.587977722640364	2.5859298815772567	2.5814068551628977	2.585520753043201	0.08031047197204089	-0.004861918107756919
VUILD96MA_150_11_13	VUILD96MA	VUILD96	fold_5	epithelial_transitional	POOLED	2.13950418631843	2.2900971155356893	2.695809903870217	2.601752483153759	2.5013912074569737	2.518806688181192	2.5367519738246216	2.29009962020518	2.613674593351442	2.5399963417873526	2.6115161780580527	2.5402641196165963	-0.462248296835329	-0.004384324835166341
VUILD96MA_150_11_22	VUILD96MA	VUILD96	fold_5	epithelial_transitional	POOLED	1.93283973858056	2.290086439098664	2.7456583479292496	2.7496289541802024	1.9317708212782536	2.0010361370077536	2.487828326582414	2.2900842023964896	1.953828555065991	2.288329957870358	1.8845180595271358	2.250067877365507	-0.8167892155996423	-0.006824176724607575
VUILD96MA_150_11_23	VUILD96MA	VUILD96	fold_5	epithelial_transitional	POOLED	1.85281414273678	2.2900852528278834	2.282270722163768	2.522913875064526	2.16878984711208	2.191307420967512	2.531749050411038	2.290082489306635	2.2859620473285283	2.4188961999598657	2.268334848430912	2.4071139315591985	-0.6700997323277462	-0.006261386305323816
VUILD96MA_150_11_7	VUILD96MA	VUILD96	fold_5	epithelial_transitional	POOLED	2.78254120927669	2.2901042331603723	2.439030563294139	2.5093219520340324	2.24262409861915	2.277256839104328	2.332713330553433	2.2901098987443076	2.3205219970493784	2.36378135494102	2.284478954994441	2.347427269750549	0.2732192572426575	-0.005277931660243139
VUILD96MA_150_11_9	VUILD96MA	VUILD96	fold_5	epithelial_transitional	POOLED	2.20760815476245	2.2901018606188113	2.7287676643754777	2.717649936669024	2.403785633189021	2.426625642769724	2.44978107475192	2.2901064725645983	2.4040419833759774	2.4082668779150587	2.379953334591872	2.3986693469693203	-0.5100417819065739	-0.005191376374004477
VUILD96MA_150_12_10	VUILD96MA	VUILD96	fold_5	epithelial_transitional	POOLED	2.67417361786221	2.290101130728526	2.8466239109957203	2.8638686736238683	2.502751241973794	2.5350433419961336	2.510812695375977	2.2901061218093077	2.498276922915074	2.508009023237818	2.466276433983441	2.4897260839013264	-0.18969505576165835	-0.004954628751871141
VUILD96MA_150_12_11	VUILD96MA	VUILD96	fold_5	epithelial_transitional	POOLED	2.6641951005128	2.290099944457746	2.802433894272662	2.707544044768282	2.3151780813963825	2.3449350315169633	2.5114541468825196	2.2901044087194533	2.5256510657029168	2.4661108130060443	2.5005558314841636	2.4574797672515	-0.04334894425548175	-0.005980410886984597
VUILD96MA_150_12_12	VUILD96MA	VUILD96	fold_5	epithelial_transitional	POOLED	2.38152518662747	2.290098758186965	2.581976229056537	2.6135817246676414	2.478457923788962	2.493362465516856	2.4766425619404524	2.290102695629599	2.4572707429558895	2.5095139759678284	2.4489747107995927	2.507184085007628	-0.23205653804017157	-0.004920886654264268
VUILD96MA_150_12_13	VUILD96MA	VUILD96	fold_5	epithelial_transitional	POOLED	2.25733478273387	2.2900975719161845	2.708988262629187	2.7784940487528687	2.2718659366689633	2.302397799946251	2.4920613156203775	2.290100982539744	2.442342857722723	2.4363520490533412	2.413447513655529	2.422315887972346	-0.5211592660189988	-0.005356779319257994
VUILD96MA_150_12_14	VUILD96MA	VUILD96	fold_5	epithelial_transitional	POOLED	2.28348483017766	2.290096385645404	2.8229480346015605	2.90736609767983	2.304352059012761	2.3641610939417235	2.545274049455968	2.2900992694498896	2.5837769455543387	2.4667585198742183	2.530865158010923	2.4415005549844997	-0.6238812675021701	-0.004670437613773431
VUILD96MA_150_12_21	VUILD96MA	VUILD96	fold_5	epithelial_transitional	POOLED	2.64680640616695	2.29008808174994	2.7108901813349227	2.8100359092256784	2.3423657229610346	2.394635004606756	2.5130090491232453	2.290087277820908	2.3513259993842435	2.4266995580424755	2.2984907944382846	2.397700069183977	-0.1632295030587283	-0.004942662814053962
VUILD96MA_150_12_22	VUILD96MA	VUILD96	fold_5	epithelial_transitional	POOLED	2.17331925524887	2.2900868954791593	2.547431856097912	2.7020525562556577	2.1669592622406513	2.21444594793479	2.5134767765808395	2.2900855647310534	2.3828068117560575	2.375172734659964	2.3420815277411906	2.349506368316729	-0.5287333010067878	-0.005702231613222688
VUILD96MA_150_12_23	VUILD96MA	VUILD96	fold_5	epithelial_transitional	POOLED	2.09065915047774	2.290085709208379	2.5818896275590544	2.610898675347545	2.1194863768985472	2.149064167575573	2.5413609086580466	2.290083851641199	2.2443510586859343	2.362917016742761	2.2199211597671313	2.35067287953071	-0.5202395248698051	-0.006324733592237361
VUILD96MA_150_12_5	VUILD96MA	VUILD96	fold_5	epithelial_transitional	POOLED	2.21268968291438	2.2901070620824293	2.6610873821967513	2.699675444517358	2.143105784802781	2.1963706865850554	2.432806018641134	2.2901146872585803	2.2372609424287653	2.352113486170249	2.18273692095925	2.324587932004187	-0.48698576160297824	-0.006599362394485669
VUILD96MA_150_12_6	VUILD96MA	VUILD96	fold_5	epithelial_transitional	POOLED	2.92981106544704	2.2901058758116486	2.4373067463763953	2.5089170594997627	2.3188974135344136	2.3425597775321356	2.380858364974662	2.290112974168726	2.3112678592416462	2.426902350656071	2.292546013293638	2.4166253837766747	0.42089400594727744	-0.005357284333299979
VUILD96MA_150_12_9	VUILD96MA	VUILD96	fold_5	epithelial_transitional	POOLED	2.32075698423589	2.290102316999307	2.770606798744206	2.7820615595347338	2.513133138749504	2.527184028911114	2.463504673386455	2.290107834899162	2.5535246290165268	2.5091498581968903	2.5449331519765472	2.5003967335162773	-0.46130457529884383	-0.004824300671982027
VUILD96MA_150_13_10	VUILD96MA	VUILD96	fold_5	epithelial_transitional	POOLED	2.58268446471022	2.290101587109022	2.990531370526829	2.9043143292623768	2.4283413447212028	2.4774329338959817	2.5216598423100143	2.2901074841438716	2.458470654159516	2.522682314804536	2.414146322463143	2.5005018636298204	-0.3216298645521567	-0.005044283819569684
VUILD96MA_150_13_11	VUILD96MA	VUILD96	fold_5	epithelial_transitional	POOLED	2.75304165859544	2.290100400838241	2.5410416245564638	2.662246087828869	2.205978571510746	2.228981810625616	2.506553226721595	2.290105771054017	2.300742589598117	2.424128920356885	2.278898196068444	2.408939002303155	0.09079557076657085	-0.006315456707287273
VUILD96MA_150_13_12	VUILD96MA	VUILD96	fold_5	epithelial_transitional	POOLED	2.27268853337773	2.290099214567461	2.6460297436226874	2.7223157533400766	2.242040299262554	2.279710311892902	2.515395929512038	2.2901040579641627	2.384179073021958	2.3906927306770602	2.343568784342049	2.3706841801752585	-0.44962721996234656	-0.0055368317493380325
VUILD96MA_150_13_13	VUILD96MA	VUILD96	fold_5	epithelial_transitional	POOLED	2.17501826151589	2.29009802829668	2.965362692522328	2.893983395544374	2.4067164732915485	2.4603582269616213	2.5448661252191904	2.290102344874308	2.555029547580391	2.537901819362924	2.496829016442798	2.5154036147866172	-0.7189651340284842	-0.004475610536474339
VUILD96MA_150_13_17	VUILD96MA	VUILD96	fold_5	epithelial_transitional	POOLED	2.34086045545707	2.2900932832135577	2.6975541982811677	2.837885951550327	2.00641947259712	2.0813822827468256	2.4803749760647613	2.2900954925148898	2.0885204779628292	2.3150698873062847	2.0030735675447633	2.270752600521153	-0.49702549609325697	-0.0067822663561921005
VUILD96MA_150_13_21	VUILD96MA	VUILD96	fold_5	epithelial_transitional	POOLED	2.56163428505536	2.2900885381304357	2.6438270601517098	2.832152340526187	2.1943408160622333	2.252263941468351	2.483073428192011	2.2900886401554716	2.3782969677631853	2.3753267223858043	2.3231102988070367	2.347843769967074	-0.2705180554708271	-0.00506966317605787
VUILD96MA_150_13_22	VUILD96MA	VUILD96	fold_5	epithelial_transitional	POOLED	2.06048335198349	2.290087351859655	2.7561205665853485	2.72142648479723	2.15736575768703	2.2015898248965304	2.5526154245564574	2.2900869270656172	2.390358338211708	2.403360348648964	2.3483038575445607	2.382271918770519	-0.6609431328137401	-0.006067161300483291
VUILD96MA_150_13_6	VUILD96MA	VUILD96	fold_5	epithelial_transitional	POOLED	2.32320683698821	2.290106332192144	2.553844970374233	2.6042529122266105	2.43400163087043	2.4469630659564507	2.4542971847350885	2.2901143365032897	2.4255763454684387	2.5253038790958886	2.4119209708424028	2.523715107869416	-0.2810460752384003	-0.004734028741404207
VUILD96MA_150_13_9	VUILD96MA	VUILD96	fold_5	epithelial_transitional	POOLED	2.12254548853043	2.2901027733798025	2.688674629746851	2.7699346586464952	2.3266812816282223	2.3549045690771413	2.4370405274565736	2.290109197233726	2.382776036926736	2.389448023719983	2.357897619513994	2.373678339675543	-0.6473891701160652	-0.004618596822832248
VUILD96MA_150_14_10	VUILD96MA	VUILD96	fold_5	epithelial_transitional	POOLED	2.62846454812777	2.2901020434895174	2.743676218908664	2.917218495603115	2.323513002076516	2.37938519637804	2.4362566345639634	2.2901088464784354	2.431906196236045	2.482977954869157	2.373990132670054	2.4556552549450723	-0.2887539474753451	-0.005188899926497553
VUILD96MA_150_14_11	VUILD96MA	VUILD96	fold_5	epithelial_transitional	POOLED	2.44966624615444	2.2901008572187367	2.6316211703184362	2.7377827765833924	2.351711667697977	2.3922615897344004	2.5036249614607766	2.290107133388581	2.396637499329112	2.53977119359608	2.352290205433481	2.5174978410059174	-0.28811653042895236	-0.00603816499788825
VUILD96MA_150_14_12	VUILD96MA	VUILD96	fold_5	epithelial_transitional	POOLED	2.56196735422609	2.2900996709479564	2.699241730081418	2.7075127744568444	2.1686233749036714	2.2146340525505996	2.4536836953546377	2.2901054202987265	2.159174357771538	2.3223589022315605	2.1125780388475186	2.291438175148818	-0.14554542023075445	-0.005628308120386134
VUILD96MA_150_14_21	VUILD96MA	VUILD96	fold_5	epithelial_transitional	POOLED	2.53096054717635	2.2900889945109313	2.7861907182348946	2.909911537220579	2.3752577480353207	2.4497658551542036	2.5398541341652954	2.290090002490036	2.4665878229854554	2.438307471467172	2.388408855267609	2.3963814389762126	-0.37895099004422894	-0.004836803619931123
VUILD96MA_150_14_22	VUILD96MA	VUILD96	fold_5	epithelial_transitional	POOLED	2.25244021168332	2.2900878082401506	2.6502485193466434	2.837466803467449	2.1407250176196944	2.213265948694672	2.506368706740715	2.290088289400181	2.4872581110838565	2.4469716097090166	2.4178582170142966	2.415321769058871	-0.5850265917841289	-0.005887925666242035
VUILD96MA_150_14_23	VUILD96MA	VUILD96	fold_5	epithelial_transitional	POOLED	2.43812900849311	2.29008662196937	2.586739295811368	2.620947439246054	2.27597901059495	2.2988174671366846	2.5412703077977703	2.2900865763103266	2.4017418747695842	2.4155525425420143	2.3783797641307896	2.405715279079958	-0.18281843075294368	-0.005268470192740032
VUILD96MA_150_14_24	VUILD96MA	VUILD96	fold_5	epithelial_transitional	POOLED	2.21592057717897	2.2900854356985896	2.329455071220703	2.6570172317752943	2.4853072917696215	2.514672512315615	2.5302541981021296	2.2900848632204722	2.616175713875918	2.571499487484208	2.5865182757945373	2.557056490675622	-0.4410966545963242	-0.0044207365043881335
VUILD96MA_150_14_5	VUILD96MA	VUILD96	fold_5	epithelial_transitional	POOLED	2.29995638945533	2.29010797484342	2.9336434196144023	2.838569878440598	2.29104966757677	2.32979294289508	2.431985198043321	2.290117411927708	2.360438277025547	2.4866219639853533	2.315530507914362	2.463871697543327	-0.5386134889852681	-0.005944053146489085
VUILD96MA_150_14_6	VUILD96MA	VUILD96	fold_5	epithelial_transitional	POOLED	2.45815669306632	2.2901067885726394	2.562734471671784	2.712110247886244	2.5039477132611925	2.527156939878911	2.432333177563722	2.2901156988378535	2.4495640594163834	2.5119949467357006	2.424173205947648	2.4996978783070336	-0.2539535548199239	-0.004736836982632872
VUILD96MA_150_15_10	VUILD96MA	VUILD96	fold_5	epithelial_transitional	POOLED	2.42214485739741	2.290102499870013	3.0808920855257806	3.031277580920487	2.4035151618911756	2.4763076732498464	2.4922859179157046	2.290110208812999	2.558870766927999	2.5268418940499298	2.482218448221693	2.491602061562424	-0.6091327235230772	-0.005438610968581881
VUILD96MA_150_15_21	VUILD96MA	VUILD96	fold_5	epithelial_transitional	POOLED	2.45025904906579	2.2900894508914265	2.491621867092588	2.81775298679106	2.2842683151828136	2.3656934730370907	2.482860052963458	2.2900913648245997	2.3989330147823766	2.5063251795643073	2.3179784533988803	2.4623991826286393	-0.36749393772526995	-0.0058135241002102616
VUILD96MA_150_15_23	VUILD96MA	VUILD96	fold_5	epithelial_transitional	POOLED	2.85263836179582	2.2900870783498655	2.613831077929494	2.7426416212850215	2.466419082348966	2.5069454193757608	2.495012240332825	2.2900879386448905	2.4927657324319066	2.64920094342652	2.4560755443231606	2.6323259446561056	0.10999674051079866	-0.005523599206930615
VUILD96MA_150_15_24	VUILD96MA	VUILD96	fold_5	epithelial_transitional	POOLED	2.43660067714145	2.2900858920790848	2.736271015781949	2.7923742714106083	2.5245238154346863	2.5876828863349948	2.503170064548736	2.290086225555036	2.5727949936153696	2.612486419365974	2.507874316976713	2.582762395346125	-0.35577359426915844	-0.004207506077666236
VUILD96MA_150_15_28	VUILD96MA	VUILD96	fold_5	epithelial_transitional	POOLED	2.16839974845684	2.2900811469959628	2.226582901122991	2.3580578431122925	2.0634192974546846	2.061069510463156	2.519794928476807	2.290079373195618	2.22531394520912	2.3545240122641222	2.2338736421326484	2.3593447999639525	-0.18965809465545247	-0.0060756331518407244
VUILD96MA_150_15_29	VUILD96MA	VUILD96	fold_5	epithelial_transitional	POOLED	2.29487386232129	2.290079960725182	2.3421084692186365	2.418636104818358	2.2031412844071445	2.22310013438997	2.4963768654766123	2.2900776601057635	2.300060317836447	2.4235477878608216	2.284240601942262	2.4175183347230846	-0.12376224249706791	-0.0058627795054503416
VUILD96MA_150_15_5	VUILD96MA	VUILD96	fold_5	epithelial_transitional	POOLED	2.40697550021662	2.2901084312239157	2.6952074251410263	2.626775083085884	2.311598136143299	2.3295826564424167	2.4394747084771624	2.2901187742622717	2.3540719196915045	2.496071528970376	2.33803146995624	2.485456319996459	-0.2197995828692636	-0.005685050335567327
VUILD96MA_150_15_7	VUILD96MA	VUILD96	fold_5	epithelial_transitional	POOLED	2.49049798149633	2.2901060586823547	2.7251591173322605	2.812306285285722	2.4590331766383167	2.4944112038379003	2.487277824388511	2.290115348082563	2.527513591521588	2.504632867032728	2.4894681064239226	2.489478513266266	-0.3218083037893922	-0.004394492782996936
VUILD96MA_150_15_8	VUILD96MA	VUILD96	fold_5	epithelial_transitional	POOLED	2.78936500149239	2.290104872411574	2.6926877487323155	2.6758481775327274	2.4192978031719083	2.4405837285115473	2.4671943270736825	2.290113634992708	2.501863691611071	2.4488516599425036	2.4762141164611684	2.4373549281735243	0.11351682395966245	-0.005080695271331276
VUILD96MA_150_15_9	VUILD96MA	VUILD96	fold_5	epithelial_transitional	POOLED	2.78169356214095	2.2901036861407933	2.6609659708883	2.826756949302016	2.5668394041037423	2.592981108708704	2.468273905207331	2.2901119219028536	2.69543231360192	2.642107421806349	2.67027721602026	2.631832287197049	-0.04506338716106617	-0.004793128626332684
VUILD96MA_150_16_21	VUILD96MA	VUILD96	fold_5	epithelial_transitional	POOLED	2.49460882841322	2.290089907271922	2.8582708794662457	2.9238862949725513	2.1785074904877577	2.2775619818827484	2.444196430559221	2.2900927271591636	2.2939686432243773	2.396177617980553	2.1900329029747394	2.3453751057942953	-0.4292774665593311	-0.005609338716635721
VUILD96MA_150_16_22	VUILD96MA	VUILD96	fold_5	epithelial_transitional	POOLED	2.25991187734403	2.290088721001142	2.973337513726805	3.001556311326664	2.4256168160170897	2.5113289616416146	2.4511813357742502	2.2900910140693087	2.434361270982181	2.489548535135168	2.3454563546261316	2.4444509060194037	-0.7416444339826338	-0.00620024292794789
VUILD96MA_150_16_23	VUILD96MA	VUILD96	fold_5	epithelial_transitional	POOLED	2.32633493018986	2.290087534730361	2.532446491340158	2.7748547376387185	2.344509817858606	2.39790480475127	2.4508911233912727	2.2900893009794543	2.4809917062496343	2.513147545407253	2.4247435883758066	2.485551376152486	-0.44851980744885855	-0.00548512217270755
VUILD96MA_150_16_27	VUILD96MA	VUILD96	fold_5	epithelial_transitional	POOLED	2.89043969140894	2.2900827896472387	2.712325995245527	2.779565253899114	2.4217606088106387	2.4644461541511022	2.551951982461164	2.290082448620036	2.529789749357839	2.495976446173416	2.494430314673606	2.482505605853525	0.11087443750982606	-0.004783576441582513
VUILD96MA_150_16_28	VUILD96MA	VUILD96	fold_5	epithelial_transitional	POOLED	2.84495988876355	2.2900816033764584	2.368788932920418	2.450160686243458	2.383935393485454	2.3806115134593004	2.5195164642973773	2.2900807355301818	2.40592475114157	2.507220887778765	2.420595407086451	2.5106329050801905	0.39479920252009215	-0.005169880207885786
VUILD96MA_150_16_29	VUILD96MA	VUILD96	fold_5	epithelial_transitional	POOLED	2.14897306426342	2.2900804171056777	2.4657712658971405	2.535513635033634	2.294358869454056	2.3210814876610586	2.4872338683972663	2.2900790224403273	2.304255819083472	2.4945936874714354	2.2734415709402866	2.476289253187641	-0.38654057077021386	-0.006115120572947705
VUILD96MA_150_16_5	VUILD96MA	VUILD96	fold_5	epithelial_transitional	POOLED	2.28475215094522	2.2901088876044113	2.59075659201021	2.649510407192771	2.2612887324641013	2.279100997146917	2.447218358926291	2.2901201365968356	2.332631721224945	2.387244484953963	2.3187064555970496	2.369918102846571	-0.36475825624755087	-0.005996521632333735
VUILD96MA_150_16_6	VUILD96MA	VUILD96	fold_5	epithelial_transitional	POOLED	2.30790006835606	2.2901077013336306	2.7477974197627177	2.8183642486089684	2.2551972336066384	2.285971028519139	2.4603342454278456	2.290118423506981	2.321875228707149	2.4053245870552615	2.2863288361944396	2.388469489175656	-0.5104641802529084	-0.005998177365250812
VUILD96MA_150_16_7	VUILD96MA	VUILD96	fold_5	epithelial_transitional	POOLED	2.29388042896537	2.29010651506285	2.873738578765829	2.7657904009156433	2.5275894029720933	2.5553035189954376	2.507163353398381	2.2901167104171267	2.5459575609042773	2.6289978544889494	2.521215112682679	2.620904940411572	-0.4719099719502733	-0.004048227008376102
VUILD96MA_150_16_8	VUILD96MA	VUILD96	fold_5	epithelial_transitional	POOLED	2.5313188248909	2.2901053287920696	2.6847293079857346	2.77595185495055	2.488277287671695	2.5040117363061687	2.480543114006391	2.2901149973272723	2.534959789221372	2.5667498013296735	2.5138036543514053	2.5570881791853375	-0.24463303005964976	-0.00473396588632025
VUILD96MA_150_16_9	VUILD96MA	VUILD96	fold_5	epithelial_transitional	POOLED	2.67999596426072	2.290104142521289	2.819000372665572	2.924155657683649	2.3971090037836253	2.441411832449154	2.5460293286636513	2.2901132842374174	2.5935946462960393	2.54629897330566	2.5402274784803915	2.5245867261127968	-0.2441596934229291	-0.004978068571220161
VUILD96MA_150_17_21	VUILD96MA	VUILD96	fold_5	epithelial_transitional	POOLED	2.86416239611536	2.2900903636524177	2.7129823692427193	2.8437020274834905	2.4335004125497877	2.4886373545269	2.4832746712453884	2.2900940894937274	2.484547252825368	2.441527610047171	2.4385033199407906	2.4142923239368734	0.020460368631869397	-0.005055534052655707
VUILD96MA_150_17_22	VUILD96MA	VUILD96	fold_5	epithelial_transitional	POOLED	3.1045657137941	2.290089177381637	2.741771362602254	2.8297449238458268	2.350387539241281	2.392455048363053	2.3978753172176193	2.2900923764038725	2.5166243621943423	2.4531391358858885	2.4698259239427154	2.423876545282715	0.2748207899482731	-0.005658021187368443
VUILD96MA_150_17_24	VUILD96MA	VUILD96	fold_5	epithelial_transitional	POOLED	2.25045701407636	2.290086804840076	2.621666746025805	2.6813150956786362	2.474743107366095	2.5044109124251954	2.476423719226134	2.2900889502241637	2.5998874924599757	2.505750859406646	2.5697628932033365	2.4910502184225782	-0.43085808160227623	-0.0043643497205817445
VUILD96MA_150_17_27	VUILD96MA	VUILD96	fold_5	epithelial_transitional	POOLED	2.46941673048855	2.2900832460277343	2.8943551128362794	2.8295978280127736	2.313298985233812	2.3621227337982225	2.5474729385004413	2.2900838109546	2.6012066861801686	2.4917261022868105	2.5572581468906384	2.475441566682903	-0.36018109752422367	-0.005101408349299081
VUILD96MA_150_17_28	VUILD96MA	VUILD96	fold_5	epithelial_transitional	POOLED	2.59854440350895	2.2900820597569536	2.498486634590609	2.6286443056800293	2.389002228025861	2.4085455718300537	2.512852083048571	2.2900820978647456	2.3676854361249595	2.569621302367589	2.347459861739694	2.5591087008301203	-0.03009990217107905	-0.005095817792661827
VUILD96MA_150_17_6	VUILD96MA	VUILD96	fold_5	epithelial_transitional	POOLED	2.24370790934851	2.2901081577141262	2.806863002886854	2.753949858657224	2.2517669249093237	2.2873379557262394	2.462677141970644	2.290119785841545	2.229060056169023	2.5178353752459426	2.1947871643185124	2.5036425753321847	-0.510241949308714	-0.005556545785484483
VUILD96MA_150_17_7	VUILD96MA	VUILD96	fold_5	epithelial_transitional	POOLED	2.64484471569711	2.2901069714433455	2.7247302441654284	2.790271771961178	2.4709657091594535	2.5023314329626563	2.444604593553851	2.2901180727516905	2.4815729360128915	2.548162152952867	2.447273070596495	2.5334286042594543	-0.14542705626406782	-0.004407445305408009
VUILD96MA_150_17_8	VUILD96MA	VUILD96	fold_5	epithelial_transitional	POOLED	2.36526911253976	2.290105785172565	2.802412459107113	2.8180178919993923	2.3678381683237983	2.391213025822761	2.5263063419754848	2.290116359661836	2.4022518718395602	2.4072360634330874	2.379321914349573	2.3932847760166496	-0.45274877945963254	-0.004915550999359126
VUILD96MA_150_18_21	VUILD96MA	VUILD96	fold_5	epithelial_transitional	POOLED	3.15797072543818	2.2900908200329133	2.7444280515728465	2.7762808102773375	2.3415128830165	2.378485712224707	2.477862632278946	2.290095451828291	2.365845725668728	2.384671434131125	2.3238383032184915	2.3629743660399476	0.3816899151608424	-0.004860444951034532
VUILD96MA_150_18_22	VUILD96MA	VUILD96	fold_5	epithelial_transitional	POOLED	3.01241940290585	2.2900896337621326	2.5290848556586307	2.735143859922392	2.5990504544459108	2.6185494344173286	2.483194567214105	2.2900937387384364	2.628045619942751	2.500008388908594	2.596892983252054	2.4822438820155206	0.27727554298345813	-0.004469426973420776
VUILD96MA_150_18_24	VUILD96MA	VUILD96	fold_5	epithelial_transitional	POOLED	2.06958954736215	2.2900872612205716	2.6710989942433283	2.7183693654851897	2.550873671989764	2.5834702249262858	2.453604724997948	2.2900903125587275	2.6064717517114584	2.4824770907219236	2.573455193573484	2.4619776510514813	-0.6487798181230398	-0.004190798233811331
VUILD96MA_150_18_25	VUILD96MA	VUILD96	fold_5	epithelial_transitional	POOLED	2.16184383801006	2.290086074949791	2.446931387021861	2.6172948132765232	2.402482691680812	2.4295114720139983	2.5275463465932204	2.290088599468873	2.497820738369239	2.586525641523898	2.4759747873851823	2.5788948852379594	-0.45545097526646305	-0.004194848020702047
VUILD96MA_150_18_28	VUILD96MA	VUILD96	fold_5	epithelial_transitional	POOLED	2.24113416458129	2.290082516137449	2.5966100095281504	2.567516355093651	2.310765541590691	2.329202005449594	2.502474814052449	2.2900834601993094	2.4264463568580945	2.5179872431895602	2.4128013235270007	2.5102940574522297	-0.3263821905123607	-0.0051518626923710556
VUILD96MA_150_18_7	VUILD96MA	VUILD96	fold_5	epithelial_transitional	POOLED	2.30350833991923	2.290107427823841	2.792563959904304	2.696992997765862	2.4137619036743154	2.4270519323520894	2.481970573829486	2.2901194350862544	2.5251732070458934	2.601655230864236	2.511153171885585	2.5939319583454257	-0.3934846578466322	-0.004312126600814141
VUILD96MA_150_18_8	VUILD96MA	VUILD96	fold_5	epithelial_transitional	POOLED	2.73258808880956	2.2901062415530604	2.68119255977958	2.7761335387667607	2.270848048936414	2.303113670670965	2.459040238114572	2.2901177219964	2.3662299958555284	2.581230681145411	2.327617348916081	2.5631814095444003	-0.04354544995720078	-0.0048191745477136755
VUILD96MA_150_19_21	VUILD96MA	VUILD96	fold_5	epithelial_transitional	POOLED	3.13117895243782	2.290091276413409	2.6796108664494023	2.764443388808614	2.4600914855781446	2.4870807336610268	2.5500666241203525	2.290096814162855	2.526003886675702	2.522012432257848	2.50326514300076	2.508787319681771	0.3667355636292058	-0.0048502827832811275
VUILD96MA_150_19_22	VUILD96MA	VUILD96	fold_5	epithelial_transitional	POOLED	3.50776060215696	2.290090090142628	2.69643051542322	2.719889907123261	2.7624482912075257	2.7721482694449233	2.5108638186379864	2.290095101073	2.8163724433267228	2.677935045283854	2.801173488905188	2.6662737910025855	0.7878706950336989	-0.004315400560179967
VUILD96MA_150_19_24	VUILD96MA	VUILD96	fold_5	epithelial_transitional	POOLED	2.5065261585201	2.290087717601067	2.619519429774843	2.6893944168704436	2.5236060372448943	2.5539189992590003	2.5490491227142424	2.2900916748932914	2.6172874170132094	2.569285081134867	2.588966544140931	2.5563287497470024	-0.18286825835034337	-0.004133690791307465
VUILD96MA_150_19_28	VUILD96MA	VUILD96	fold_5	epithelial_transitional	POOLED	1.8454545117267	2.290082972517945	2.372784418733709	2.2719207284307315	2.3988228074843625	2.387305321851705	2.4899635877250526	2.2900848225338732	2.3068052666866956	2.4749790248853842	2.3301455320054694	2.4868513764497573	-0.4264662167040314	-0.005033915334884899
VUILD96MA_150_19_7	VUILD96MA	VUILD96	fold_5	epithelial_transitional	POOLED	2.5209208733461	2.2901078842043368	2.6855130179965494	2.7330366318737624	2.3650834266994742	2.393814953274891	2.4946117914010277	2.290120797420818	2.590227079057955	2.559974037682631	2.557464714184802	2.5486991728923405	-0.2121157585276623	-0.004258179549132204
VUILD96MA_150_19_8	VUILD96MA	VUILD96	fold_5	epithelial_transitional	POOLED	2.50620189130703	2.290106697933556	2.6521547540563333	2.6405642066513497	2.314588254789873	2.3316860725053443	2.464398708170398	2.290119084330964	2.351681178346898	2.4502675991433	2.3338441925792597	2.441640320392312	-0.13436231534431986	-0.005163103429889551
VUILD96MA_150_1_12	VUILD96MA	VUILD96	fold_5	epithelial_transitional	POOLED	2.31456190438365	2.2900937380015143	2.5325241330089936	2.633897310321171	2.316574321745475	2.3458418368648366	2.4081830097450294	2.2900877099493964	2.316391855877393	2.4134416843062105	2.2857568490258324	2.393902397003944	-0.3193354059375211	-0.004736931040044965
VUILD96MA_150_1_16	VUILD96MA	VUILD96	fold_5	epithelial_transitional	POOLED	2.87298333479502	2.2900889929183923	2.8224208096239165	2.8567678966081846	2.5143601280028087	2.5606990672529055	2.476444553327275	2.2900808575899783	2.5831798963861274	2.5883705443101492	2.5317261281482377	2.562473740393413	0.016215438186835573	-0.0051175941898291
VUILD96MA_150_1_17	VUILD96MA	VUILD96	fold_5	epithelial_transitional	POOLED	3.5830594969646	2.2900878066476116	2.854769259862972	2.73363574615525	2.325690752048469	2.3639940173016205	2.5333951967758495	2.290079144500124	2.499850126041373	2.422275811694798	2.4607050871021383	2.3988794519200622	0.8494237508093501	-0.0058452970142842875
VUILD96MA_150_20_20	VUILD96MA	VUILD96	fold_5	epithelial_transitional	POOLED	2.58358119789342	2.290092919064685	2.6951674738478597	2.815424414953363	2.478629298511915	2.522252559310944	2.5182709661295193	2.2900998895872733	2.6787505490301453	2.5478905318313325	2.6424966884371615	2.526486803148884	-0.23184321705994293	-0.0043064451343945084
VUILD96MA_150_20_21	VUILD96MA	VUILD96	fold_5	epithelial_transitional	POOLED	2.52489230370984	2.290091732793904	2.6934667519170197	2.7525745338199457	2.332854940146734	2.35387421561998	2.483676638042993	2.290098176497419	2.4100934200712913	2.514545186998293	2.3916574921170555	2.5020526725926207	-0.2276822301101058	-0.005219612973627524
VUILD96MA_150_20_22	VUILD96MA	VUILD96	fold_5	epithelial_transitional	POOLED	3.59269130132028	2.290090546523124	2.7644306979194933	2.710222569274305	2.598362678198447	2.6060608686199602	2.5290645984642124	2.290096463407564	2.65580766988824	2.6142507782915336	2.649162824337474	2.612308869994788	0.8824687320459752	-0.004820043376690255
VUILD96MA_150_20_24	VUILD96MA	VUILD96	fold_5	epithelial_transitional	POOLED	2.68077474027644	2.2900881739815624	2.497155744723781	2.6266595650023867	2.4769035977605656	2.4968826938865734	2.538449273443482	2.290093037227855	2.580001009101881	2.5373649565987897	2.558726888827196	2.5309377992104665	0.054115175274053406	-0.004569634221749512
VUILD96MA_150_20_27	VUILD96MA	VUILD96	fold_5	epithelial_transitional	POOLED	2.4415006996165	2.2900846151692207	2.4290871088238264	2.5603285823902926	2.3925896442492522	2.4253474564857846	2.402394060427063	2.2900878979582915	2.280349666878133	2.4602672583818843	2.2538119310656293	2.4480214001219327	-0.11882788277379275	-0.004887509747040482
VUILD96MA_150_20_7	VUILD96MA	VUILD96	fold_5	epithelial_transitional	POOLED	2.30308722064242	2.290108340584832	2.688741465858507	2.6484896621189984	2.333081103284361	2.362985967181714	2.466716039856949	2.290122159755382	2.2785621727396115	2.367351873520776	2.2439818024652864	2.3434330339398013	-0.3454024414765784	-0.0044330585814228406
VUILD96MA_150_21_20	VUILD96MA	VUILD96	fold_5	epithelial_transitional	POOLED	2.74220532433288	2.2900933754451804	2.76516659189671	2.78741921899321	2.5266713276183914	2.5650091660582985	2.5011417791805717	2.290101251921837	2.599543407861323	2.536988605744021	2.559737980804046	2.5162600065209064	-0.04521389466033021	-0.0041242413008842575
VUILD96MA_150_21_21	VUILD96MA	VUILD96	fold_5	epithelial_transitional	POOLED	2.44612556495401	2.2900921891743997	2.6709547557912945	2.708045147234519	2.4848837106557276	2.5169062600268868	2.479559079638793	2.2900995388319827	2.4849483348719787	2.5119572040965914	2.4489077393997176	2.4962324948950085	-0.26191958228050893	-0.0048859839097748076
VUILD96MA_150_21_22	VUILD96MA	VUILD96	fold_5	epithelial_transitional	POOLED	3.04698922751356	2.290091002903619	2.6098018972766512	2.6761001673208695	2.5720391076321656	2.5899952986961052	2.523412317364795	2.290097825742128	2.551798007201872	2.611746381340079	2.536674647274033	2.606697288384118	0.3708890601926904	-0.00440414711686984
VUILD96MA_150_21_23	VUILD96MA	VUILD96	fold_5	epithelial_transitional	POOLED	3.15375819420124	2.2900898166328387	2.5229240195772755	2.617075077919454	2.426205490986511	2.4344057460626227	2.540773895354891	2.2900961126522734	2.6285850046681007	2.5875348200779955	2.621073110654766	2.5892339846677004	0.536683116281786	-0.0057150629882576805
VUILD96MA_150_21_24	VUILD96MA	VUILD96	fold_5	epithelial_transitional	POOLED	2.76329946748623	2.290088630362058	2.6823124792636066	2.6239568398982875	2.497844069591643	2.5153063410607577	2.5632399866707978	2.290094399562419	2.5825950594960165	2.5290099103770394	2.567363338110012	2.525512356843387	0.13934262758794258	-0.004671380772944485
VUILD96MA_150_21_25	VUILD96MA	VUILD96	fold_5	epithelial_transitional	POOLED	2.28540335774678	2.2900874440912773	2.579032992135351	2.570093295320649	2.502111927388626	2.5209093926863693	2.4954745027659055	2.2900926864725646	2.583151430077522	2.526794939349855	2.577450425979997	2.523628514675198	-0.28468993757386896	-0.004217896713093576
VUILD96MA_150_22_20	VUILD96MA	VUILD96	fold_5	epithelial_transitional	POOLED	2.71587543104604	2.290093831825676	2.7045199173353547	2.7459640848545495	2.5895907135107112	2.630541059691941	2.4220214301327263	2.290102614256401	2.623826869107442	2.56628253441936	2.5846715504604267	2.542919106151505	-0.03008865380850967	-0.004351411172304289
VUILD96MA_150_22_21	VUILD96MA	VUILD96	fold_5	epithelial_transitional	POOLED	1.88226631206188	2.2900926455548953	2.3972089761226774	2.5850461013821726	2.5021466751674373	2.527489349694275	2.466133229698847	2.2901009011665465	2.5495563766653464	2.5365503559341613	2.530988750703554	2.5198995505024526	-0.7027797893202925	-0.005063724172127046
VUILD96MA_150_22_22	VUILD96MA	VUILD96	fold_5	epithelial_transitional	POOLED	2.72324025607173	2.2900914592841146	2.5642983902366945	2.5820121769408235	2.3085468552540247	2.3429614678546726	2.4711819546799445	2.2900991880766917	2.3218011824840583	2.5186709033861483	2.2887529288225696	2.504636836459143	0.14122807913090663	-0.005736166562477418
VUILD96MA_150_22_23	VUILD96MA	VUILD96	fold_5	epithelial_transitional	POOLED	2.6142063812684	2.2900902730133343	2.7067887096775474	2.7408617834330986	2.513623053578603	2.5412541611785384	2.4797881297127313	2.2900974749868372	2.4050429650197485	2.539740434590642	2.378465838692377	2.525087109418366	-0.1266554021646984	-0.005326816595962014
VUILD96MA_150_22_24	VUILD96MA	VUILD96	fold_5	epithelial_transitional	POOLED	2.86543330855245	2.2900890867425536	2.6561069525900054	2.684019338528251	2.473483676431681	2.4931769770837673	2.4771478970107133	2.290095761896983	2.4200979194037195	2.510532280264749	2.4027612276126304	2.501556120843141	0.18141397002419923	-0.00493329621962936
VUILD96MA_150_22_25	VUILD96MA	VUILD96	fold_5	epithelial_transitional	POOLED	2.40720171788702	2.290087900471773	2.633648941817328	2.611569732513148	2.35319812599538	2.3803225307015996	2.486569141981025	2.2900940488071284	2.47603533459991	2.5262362721916887	2.454346337127657	2.5202283376489505	-0.20436801462612797	-0.004679275375044469
VUILD96MA_150_23_20	VUILD96MA	VUILD96	fold_5	epithelial_transitional	POOLED	2.9645326140224	2.2900942882061712	2.769980786600697	2.911783108655591	2.3938191811830203	2.4675552252609774	2.401099628110052	2.2901039765909648	2.5412499291746244	2.506177311582371	2.471977915954847	2.468805306362832	0.052749505366809224	-0.004931114389166466
VUILD96MA_150_23_21	VUILD96MA	VUILD96	fold_5	epithelial_transitional	POOLED	2.17124087136084	2.290093101935391	2.6298130700568256	2.67321023978673	2.3223218742296203	2.3724767089713326	2.438056176898375	2.2901022635011103	2.439682838005234	2.5369855811266304	2.3945167994360292	2.508433646908474	-0.5019693684258901	-0.005611740254040788
VUILD96MA_150_23_23	VUILD96MA	VUILD96	fold_5	epithelial_transitional	POOLED	2.50914235535498	2.2900907293938295	2.6813369834765415	2.725406232389993	2.3776474725039387	2.4127264418634087	2.471511713999721	2.290098837321401	2.4962303291785584	2.5083724103330605	2.459586941987151	2.489694356357332	-0.21626387703501315	-0.00588950928558702
VUILD96MA_150_23_24	VUILD96MA	VUILD96	fold_5	epithelial_transitional	POOLED	2.56072502591039	2.2900895431230492	2.5362496188654045	2.6792544291202205	2.4108657729538234	2.4420941408747474	2.425760046565121	2.2900971242315467	2.629548916413178	2.506688998625857	2.597917758086307	2.488537161305345	-0.11852940320983052	-0.004844711129956611
VUILD96MA_150_24_22	VUILD96MA	VUILD96	fold_5	epithelial_transitional	POOLED	2.52311462649608	2.290092372045106	2.653446413038718	2.5729319131735893	2.327623771082554	2.3814152888534204	2.372384230044598	2.2901019127458193	2.4658886216140785	2.4057118920103195	2.4113156783550074	2.369292946178334	-0.04981728667750929	-0.005695520252482651
VUILD96MA_150_24_23	VUILD96MA	VUILD96	fold_5	epithelial_transitional	POOLED	2.56798358873744	2.290091185774325	2.9274543779630533	2.956717618060387	2.479270875659793	2.5658688037148307	2.460705013860361	2.290100199655965	2.641127829188953	2.532158693400779	2.55335135107355	2.478665544510392	-0.3887340293229471	-0.005375310961298784
VUILD96MA_150_2_11	VUILD96MA	VUILD96	fold_5	epithelial_transitional	POOLED	1.69892128616381	2.2900953806527906	2.4524484206189805	2.5218754015766183	2.309287019806239	2.3169947667642576	2.412053324030107	2.290090785373815	2.38070098490774	2.4137518803784896	2.3737449185164134	2.4137032205366795	-0.8229541154128082	-0.005845866009694718
VUILD96MA_150_2_12	VUILD96MA	VUILD96	fold_5	epithelial_transitional	POOLED	2.69932212440112	2.29009419438201	2.514049675792727	2.577367266335977	2.4782479592488857	2.500006398755268	2.414504708024588	2.29008907228396	2.4233023027118934	2.5290693463389906	2.3986590668994885	2.523737234596809	0.12195485806514306	-0.004508904208531864
VUILD96MA_150_2_14	VUILD96MA	VUILD96	fold_5	epithelial_transitional	POOLED	3.42903893503244	2.290091821840449	2.87133391275494	2.817393945456659	2.7339822609691797	2.7707255346376973	2.4767869041915027	2.2900856461042514	2.7342606663321716	2.694197199801116	2.697041821985579	2.679130902504796	0.611644989575781	-0.004171866727893225
VUILD96MA_150_2_15	VUILD96MA	VUILD96	fold_5	epithelial_transitional	POOLED	2.82174282393292	2.290090635569668	2.5481641719538732	2.7671102436596042	2.424151788803788	2.454401855781035	2.4686592326553107	2.290083933014397	2.617643626905692	2.505678762085946	2.5879462976428114	2.489659344253432	0.054632580273315856	-0.004800795133451406
VUILD96MA_150_2_16	VUILD96MA	VUILD96	fold_5	epithelial_transitional	POOLED	3.30826244696041	2.290089449298888	2.915698553040524	2.846920974592905	2.3671599442774416	2.4191915480849744	2.545253866937453	2.290082219924542	2.582444998814947	2.514084287828529	2.547937363451143	2.4957762957786414	0.4613414723675051	-0.005428600163359839
VUILD96MA_150_3_10	VUILD96MA	VUILD96	fold_5	epithelial_transitional	POOLED	2.24402826531792	2.2900970233040665	2.6519594847364885	2.6352737651054503	2.3150234397669363	2.3224939132537936	2.42576370973228	2.2900938607982333	2.511314562481372	2.460397097950748	2.5024195171544665	2.455569320756589	-0.3912454997875301	-0.005422310572243232
VUILD96MA_150_3_11	VUILD96MA	VUILD96	fold_5	epithelial_transitional	POOLED	2.58331158683223	2.2900958370332862	2.6430213896504875	2.665477057143304	2.4561944299156018	2.4661343503184834	2.494652730533787	2.290092147708379	2.5320156469073374	2.5231448064239927	2.5217765507936125	2.5215998969436693	-0.08216547031107391	-0.005213442124519102
VUILD96MA_150_3_12	VUILD96MA	VUILD96	fold_5	epithelial_transitional	POOLED	2.64825279142189	2.2900946507625055	2.7067423761016767	2.662233434294668	2.4122534630896544	2.4362533279192733	2.47113114853105	2.290090434618524	2.5470622090440496	2.52263319460819	2.5282809248562033	2.515643006580273	-0.013980642872777782	-0.004506729949668515
VUILD96MA_150_3_13	VUILD96MA	VUILD96	fold_5	epithelial_transitional	POOLED	2.33341940965579	2.290093464491725	2.628042729702716	2.698377201981588	2.350011389958381	2.3790286622490164	2.4593982135618315	2.2900887215286696	2.5127527838319907	2.5007039511476625	2.4808028919329055	2.49469846198091	-0.3649577923257983	-0.004771076457966865
VUILD96MA_150_3_14	VUILD96MA	VUILD96	fold_5	epithelial_transitional	POOLED	2.44353574989148	2.2900922782209445	2.625699114470144	2.7797105105577	2.339062163265156	2.3770935845948773	2.4886734286135903	2.290087008438815	2.3033170210333838	2.440600625054714	2.2657755892006595	2.423230876857546	-0.33617476066622	-0.004743134599143277
VUILD96MA_150_3_15	VUILD96MA	VUILD96	fold_5	epithelial_transitional	POOLED	2.2628057947146	2.290091091950164	2.6069761948361623	2.590245319098565	2.3277998596169773	2.3419963421288577	2.4855312595810957	2.2900852953489608	2.3791585523792156	2.4891463221440677	2.37491926411899	2.4833833190820047	-0.32743952438396473	-0.005037718301583992
VUILD96MA_150_3_17	VUILD96MA	VUILD96	fold_5	epithelial_transitional	POOLED	2.57300640684226	2.290088719408603	2.4874393741016587	2.6122065499916496	2.4279126999534935	2.4666459796998006	2.5242055721788392	2.2900818691692515	2.5819340908557686	2.5526779097636427	2.5516527897982906	2.5332806785886004	-0.0392001431493898	-0.00596855223553623
VUILD96MA_150_3_9	VUILD96MA	VUILD96	fold_5	epithelial_transitional	POOLED	2.56000441659803	2.290098209574847	2.5479607731922993	2.5473696316940653	2.4537468846460193	2.458848482867952	2.490880481992801	2.2900955738880877	2.338256033530298	2.380613889562636	2.3284419121662703	2.3698836915702026	0.012634784903964746	-0.00461085511040087
VUILD96MA_150_4_10	VUILD96MA	VUILD96	fold_5	epithelial_transitional	POOLED	2.62223390632482	2.290097479684562	2.646720404542693	2.6487617096252642	2.353104821304707	2.3649203948386206	2.445231763347456	2.290095223132797	2.529805009201908	2.4062674141791787	2.515690388416549	2.3958118960488166	-0.02652780330044413	-0.005389415221009022
VUILD96MA_150_4_11	VUILD96MA	VUILD96	fold_5	epithelial_transitional	POOLED	2.7153951814101	2.2900962934137814	2.692076007159483	2.644487137647946	2.342732054575382	2.3633427887990517	2.505589436376684	2.2900935100429427	2.301333300857976	2.533656849565911	2.2788714760257176	2.528574959572121	0.07090804376215365	-0.005987558428409998
VUILD96MA_150_4_13	VUILD96MA	VUILD96	fold_5	epithelial_transitional	POOLED	2.57485999590187	2.2900939208722204	2.7190300006645303	2.7311517550745226	2.577889498441374	2.608408380386237	2.5077182484500127	2.2900900838632334	2.6397000008394307	2.667712169906948	2.6119411485627673	2.6567642517732386	-0.1562917591726527	-0.004154611106064685
VUILD96MA_150_4_14	VUILD96MA	VUILD96	fold_5	epithelial_transitional	POOLED	2.06542958382755	2.2900927346014397	2.801713406533603	2.7966454813244512	2.291382074901621	2.3425898799218734	2.480629823749749	2.290088370773379	2.392856729614616	2.43782045032459	2.3481042778559025	2.4147671434174245	-0.7312158974969014	-0.0049091946781441905
VUILD96MA_150_4_15	VUILD96MA	VUILD96	fold_5	epithelial_transitional	POOLED	1.83696458792548	2.2900915483306594	2.5513434892610767	2.6883971837282905	2.2845766164275187	2.325297287435724	2.464132335827448	2.2900866576835246	2.433696160302565	2.3932046252113626	2.395382525573605	2.3710563355056204	-0.8514325958028106	-0.005645872857769639
VUILD96MA_150_4_16	VUILD96MA	VUILD96	fold_5	epithelial_transitional	POOLED	2.35503939251984	2.2900903620598787	2.6187817391441097	2.694129990719806	2.3622781032464566	2.4030348908287023	2.480984412963134	2.2900849445936697	2.436185189194875	2.506410845442347	2.3972819746367025	2.4903715954602577	-0.3390905981999661	-0.005444327150627618
VUILD96MA_150_4_9	VUILD96MA	VUILD96	fold_5	epithelial_transitional	POOLED	2.18641949362594	2.290098665955343	2.4767355327428344	2.598793377687252	2.237966128441593	2.258143539622484	2.4563532821160514	2.2900969362226515	2.2541504125121548	2.4130755128554173	2.2271244507068655	2.4020038263162227	-0.4123738840613118	-0.004821357451645329
VUILD96MA_150_5_10	VUILD96MA	VUILD96	fold_5	epithelial_transitional	POOLED	2.85085353902062	2.2900979360650577	2.5932446881476263	2.6671062212334014	2.3948350978897346	2.4164478670928395	2.4969805576398163	2.290096585467361	2.394374821857474	2.4975016869496454	2.3772316223811285	2.490018971171802	0.18374731778721864	-0.0049949455589895254
VUILD96MA_150_5_11	VUILD96MA	VUILD96	fold_5	epithelial_transitional	POOLED	2.46824953228521	2.290096749794277	2.7661087310727717	2.7596099107553087	2.198997665973832	2.2370257399931943	2.52100003837695	2.2900948723775065	2.1749277360583084	2.381452682258676	2.14688671524952	2.3671755702732558	-0.2913603784700989	-0.006127276413445296
VUILD96MA_150_5_12	VUILD96MA	VUILD96	fold_5	epithelial_transitional	POOLED	2.28160077186288	2.2900955635234967	2.7392509319745546	2.725443429263259	2.3281746776105083	2.362479508634955	2.4859693515496026	2.2900931592876517	2.4765726420116296	2.4492803938885945	2.4452394296324518	2.4305547529919087	-0.4438426574003791	-0.005141968729206685
VUILD96MA_150_5_13	VUILD96MA	VUILD96	fold_5	epithelial_transitional	POOLED	2.7021203062767	2.290094377252716	2.630091787714318	2.792060588942162	2.4087519431390323	2.4587906702581606	2.5212902269131656	2.2900914461977973	2.6282786800561153	2.5637209471502054	2.586019162925554	2.544379466033979	-0.08994028266546206	-0.004617357302196486
VUILD96MA_150_5_16	VUILD96MA	VUILD96	fold_5	epithelial_transitional	POOLED	2.29104804099342	2.2900908184403743	2.302240381913349	2.4847321265958144	2.0925655279007693	2.1345462820565793	2.4252154072407452	2.2900863069282336	2.277400651566118	2.3332525604547327	2.2363321982548974	2.3109281115023705	-0.19368408560239425	-0.006655039835039856
VUILD96MA_150_5_17	VUILD96MA	VUILD96	fold_5	epithelial_transitional	POOLED	2.34030144969705	2.2900896321695936	2.549994690896241	2.595160340297562	2.21386170413236	2.262444011958497	2.514679960949431	2.290084593838379	2.2154330452139765	2.3941685915050286	2.167906832486372	2.3704345951439865	-0.25485889060051203	-0.006514219838094577
VUILD96MA_150_5_8	VUILD96MA	VUILD96	fold_5	epithelial_transitional	POOLED	2.9277800864259	2.2901003086066187	2.7828211889797587	2.786968432791541	2.3363750208272216	2.3860057936214267	2.473722800190722	2.2901000116470698	2.4925835773817893	2.5321244575999176	2.4465196924340424	2.5077326462035407	0.14081165363435888	-0.004424474123895296
VUILD96MA_150_5_9	VUILD96MA	VUILD96	fold_5	epithelial_transitional	POOLED	2.51526926777066	2.2900991223358385	2.746546644490034	2.715328443752792	2.401438099451535	2.4309926852795676	2.4397569438422515	2.2900982985572154	2.4333025633792396	2.558190595005164	2.4037567285897072	2.541135377113889	-0.20005917598213196	-0.005080354651029122
VUILD96MA_150_6_11	VUILD96MA	VUILD96	fold_5	epithelial_transitional	POOLED	2.54692988463617	2.2900972061747726	2.6731353404118927	2.706420510736254	2.4571764546260115	2.4857716856059042	2.486259719955374	2.2900962347120704	2.4313595262218075	2.436596971258759	2.4156119230233424	2.425030237352468	-0.1594906261000837	-0.005217225573909545
VUILD96MA_150_6_12	VUILD96MA	VUILD96	fold_5	epithelial_transitional	POOLED	2.47824264549584	2.290096019903992	2.7510342628810522	2.742132792065062	2.3990622038683913	2.434876371556091	2.4878142275806896	2.2900945216222155	2.5095688773007963	2.5288185828420087	2.481437468316165	2.5169746877099066	-0.26389014656922205	-0.0048474952684678125
VUILD96MA_150_6_17	VUILD96MA	VUILD96	fold_5	epithelial_transitional	POOLED	2.12728242580627	2.290090088550089	2.4449929568684245	2.5748068805892768	2.110486038372956	2.161424106221041	2.501638192763574	2.290085956172943	2.321381390197794	2.238911445234569	2.2759761892419883	2.207383281142903	-0.44752445478300684	-0.007332624695939059
VUILD96MA_150_6_8	VUILD96MA	VUILD96	fold_5	epithelial_transitional	POOLED	2.53804152767015	2.2901007649871143	2.70994308576679	2.7786476168310505	2.293257388202414	2.3437163088146358	2.4416371582652836	2.2901013739816336	2.1700538642707734	2.4696725054256254	2.1119785676000564	2.4409864740633194	-0.24060608916090054	-0.004782294779164649
VUILD96MA_150_6_9	VUILD96MA	VUILD96	fold_5	epithelial_transitional	POOLED	2.35326553101894	2.2900995787163336	2.7540242547951013	2.73687996622831	2.256133200236602	2.294418138484927	2.477682746820025	2.290099660891779	2.36459203624799	2.4377429890441014	2.3287040886758934	2.4211783426723525	-0.38361443520937	-0.005037474366636186
VUILD96MA_150_7_10	VUILD96MA	VUILD96	fold_5	epithelial_transitional	POOLED	2.47327685944692	2.2900988488260485	2.377828028043598	2.4658520356867815	2.357904493541914	2.3538588757825116	2.47316506639887	2.2900993101364886	2.4033284699592032	2.473988878064057	2.4168439522854404	2.48127357507565	0.0074248237601386435	-0.004794121263809803
VUILD96MA_150_7_11	VUILD96MA	VUILD96	fold_5	epithelial_transitional	POOLED	2.37512829650826	2.2900976625552683	2.640686954693436	2.6334161940539493	2.5665620592401783	2.579844066505655	2.446606951903319	2.290097597046634	2.592145705356854	2.600071227964821	2.584043317240855	2.5941539655160715	-0.2582878975456895	-0.005055031113679128
VUILD96MA_150_7_12	VUILD96MA	VUILD96	fold_5	epithelial_transitional	POOLED	2.32445412835833	2.2900964762844875	2.5826776175380175	2.6151667786718478	2.38440760235601	2.3915537224762806	2.409024012120787	2.2900958839567793	2.473547864469298	2.5503274788188413	2.4741232097461108	2.5480868853307146	-0.2907126503135178	-0.0050808564417148955
VUILD96MA_150_7_13	VUILD96MA	VUILD96	fold_5	epithelial_transitional	POOLED	2.71060366349579	2.290095290013707	2.7001394856999514	2.673109577315262	2.4332382576845886	2.4603027467842793	2.429359737044505	2.290094170866925	2.4981040511922945	2.470380343621472	2.477671909811236	2.457229029066098	0.037494086180528186	-0.004509576649395272
VUILD96MA_150_7_14	VUILD96MA	VUILD96	fold_5	epithelial_transitional	POOLED	2.57632712902158	2.2900941037429265	2.5168929117723726	2.719045451132188	2.260391509748377	2.3049320160325215	2.4745542880229996	2.2900924577770705	2.4487252720863664	2.4289735238592582	2.4058621149255597	2.4104897440970334	-0.14271832211060786	-0.005141239861436105
VUILD96MA_150_7_15	VUILD96MA	VUILD96	fold_5	epithelial_transitional	POOLED	2.2393506770873	2.290092917472146	2.717414777539551	2.7399055465738305	2.0995747814890873	2.16473243346287	2.428418399776956	2.290090744687216	2.2485580765264777	2.286613777874005	2.1868822214258983	2.252920826308261	-0.5005548694865305	-0.00592056645437018
VUILD96MA_150_7_16	VUILD96MA	VUILD96	fold_5	epithelial_transitional	POOLED	2.30002830381603	2.2900917312013656	2.860346920401379	2.932758297352131	2.232799772991668	2.3243283165573985	2.5014149962497	2.290089031597361	2.378910096592223	2.408439738235117	2.28494892699693	2.3607997324463077	-0.6327299935361013	-0.0060897036395558615
VUILD96MA_150_7_24	VUILD96MA	VUILD96	fold_5	epithelial_transitional	POOLED	1.98499915566661	2.2900822410351207	2.495303247058477	2.582499117891594	1.8971273872617465	1.9606757267061317	2.434203633334155	2.2900753268785254	1.980876738732382	2.191976812875338	1.9081690471004609	2.1517213790600556	-0.5974999622249841	-0.006138071685342778
VUILD96MA_150_7_8	VUILD96MA	VUILD96	fold_5	epithelial_transitional	POOLED	2.55223003544321	2.29010122136761	2.7498065768660926	2.7159540844803507	2.460172331483693	2.4951734085210715	2.475141939703555	2.2901027363161974	2.3436901781033725	2.5307332066541446	2.309918121934052	2.5162611555919803	-0.16372404903714077	-0.0042818802422239744
VUILD96MA_150_7_9	VUILD96MA	VUILD96	fold_5	epithelial_transitional	POOLED	2.34269989756392	2.2901000350968292	2.7187507106714213	2.6938289487643803	2.3206125472287797	2.3443295424091497	2.4409722083756598	2.290101023226343	2.4193657141547478	2.4616562794310513	2.397666418638985	2.4499956440401984	-0.3511290512004601	-0.004900924493678582
VUILD96MA_150_8_13	VUILD96MA	VUILD96	fold_5	epithelial_transitional	POOLED	2.58032594955304	2.2900957463942024	2.567285923162247	2.5973790241969734	2.4984855525319425	2.500764985143889	2.4961355490852046	2.2900955332014887	2.496777388356352	2.5557882373370844	2.4970188241911924	2.553172246814631	-0.017053074643933464	-0.004532374656345645
VUILD96MA_150_8_14	VUILD96MA	VUILD96	fold_5	epithelial_transitional	POOLED	2.65748765741613	2.290094560123422	2.7307221703453313	2.7491464720489063	2.431559796301858	2.462732455774715	2.4788869203434274	2.2900938201116343	2.650782110831081	2.5301052804747926	2.624144339072086	2.5184895941889973	-0.09165881463277614	-0.0047883028209943935
VUILD96MA_150_8_15	VUILD96MA	VUILD96	fold_5	epithelial_transitional	POOLED	2.39491519269472	2.2900933738526414	2.8599210772729573	2.8465880991191193	2.2894134673893474	2.3462239922616543	2.5352441150195237	2.29009210702178	2.329530106422679	2.52031752106952	2.261436339392784	2.4911156566542254	-0.4516729064243994	-0.005347254925920496
VUILD96MA_150_8_23	VUILD96MA	VUILD96	fold_5	epithelial_transitional	POOLED	2.6477966924193	2.290083883686397	2.5410537483655764	2.552694213682969	1.8977396550084895	1.9618836514748337	2.4200169903670656	2.2900784023029437	2.007206267000782	2.283195179325421	1.9445215379563137	2.2494853949418254	0.09510247873633126	-0.007922035197602947
VUILD96MA_150_8_24	VUILD96MA	VUILD96	fold_5	epithelial_transitional	POOLED	2.1991925162234	2.2900826974156163	2.419863953569066	2.525522634446163	1.947374056520026	2.0061260590638295	2.4406205994601122	2.2900766892130893	2.0082788247266987	2.253867914575417	1.9434115306157376	2.2202237707123054	-0.32633011822276314	-0.006291430777274097
VUILD96MA_150_8_7	VUILD96MA	VUILD96	fold_5	epithelial_transitional	POOLED	2.37619266442147	2.290102864018886	2.7660072917289034	2.7661147767809906	2.107653789501936	2.1630973009332037	2.4281157928449657	2.290105811740616	2.356815498208986	2.3326001709915536	2.29793050015056	2.306311851418893	-0.3899221123595207	-0.005576159961578016
VUILD96MA_150_8_8	VUILD96MA	VUILD96	fold_5	epithelial_transitional	POOLED	2.50052172011343	2.2901016777481056	2.6350194706447962	2.7140142541121235	2.4123636873053336	2.4322285875075385	2.4590683363384254	2.2901040986507613	2.4206792002263504	2.4549320318252517	2.3979227994711807	2.4427853985470467	-0.21349253399869328	-0.0047267092111752795
VUILD96MA_150_8_9	VUILD96MA	VUILD96	fold_5	epithelial_transitional	POOLED	2.30267991070432	2.290100491477325	2.4471181260941512	2.4881280775444856	2.5120864439887134	2.505230363338394	2.489377493548525	2.290102385560907	2.502829198499031	2.5205282246027743	2.509796362057717	2.5223479055942684	-0.18544816684016574	-0.004533781343598703
VUILD96MA_150_9_11	VUILD96MA	VUILD96	fold_5	epithelial_transitional	POOLED	2.67791378746747	2.290098575316259	2.5327054277651615	2.6427869158807047	2.3619682228832923	2.3816600130269814	2.4704026618663093	2.290100321715762	2.4777193782404554	2.511940019442837	2.461239228188533	2.507731751193204	0.03512687158676542	-0.0060745451519828
VUILD96MA_150_9_12	VUILD96MA	VUILD96	fold_5	epithelial_transitional	POOLED	1.99330229311974	2.2900973890454788	2.6762892605573674	2.6380896035328547	2.295224765883538	2.3157287895481273	2.441037604813819	2.290098608625907	2.41148356211751	2.480982083783478	2.396870733546586	2.478098399963027	-0.6447873104131148	-0.004969898260603447
VUILD96MA_150_9_13	VUILD96MA	VUILD96	fold_5	epithelial_transitional	POOLED	2.09092357815303	2.290096202774698	2.6448762952756857	2.6542395325878094	2.3063565197566223	2.321952942720244	2.48991790256134	2.2900968955360526	2.5116675890482636	2.45402812444283	2.499401269704752	2.4458478498598044	-0.5633159544347794	-0.005237374976813043
VUILD96MA_150_9_23	VUILD96MA	VUILD96	fold_5	epithelial_transitional	POOLED	1.81098717969146	2.290084340066892	2.5122109623504647	2.589294935701828	2.0514322112406416	2.10935784562708	2.402470220167566	2.2900797646375075	2.0588515896330177	2.2808466266774783	2.0016563164923626	2.246669809826197	-0.7783077560103677	-0.007516294461213752
VUILD96MA_150_9_7	VUILD96MA	VUILD96	fold_5	epithelial_transitional	POOLED	2.09781699198063	2.2901033203993815	2.569067971846204	2.74891579150373	2.326625974748628	2.3754805496688696	2.4443556417828307	2.29010717407518	2.3842059167675904	2.5129982458950653	2.330619965971018	2.4880602280455015	-0.6510987995230999	-0.004638282063685882
VUILD96MA_150_9_8	VUILD96MA	VUILD96	fold_5	epithelial_transitional	POOLED	2.22745365926252	2.2901021341286008	2.7554396141699806	2.7365975798958364	2.4156187580848223	2.4486520328557844	2.3782090434608314	2.290105460985325	2.3771370816231427	2.4141743550719625	2.335620418200302	2.392350401987425	-0.5091439206333166	-0.004533461585364558
