region_id	sample_id	donor_id	fold	target	analysis_stratum	observed	M0_pred	M1_pred	M2_pred	M3_pred	M4_pred	color_pred	coordinate_pred	grayscale_pred	macenko_pred	M3_grayscale_pred	M3_macenko_pred	heldout_base_residual	morphology_predicted_residual
VUHD095_150_10_11	VUHD095	VUHD095	fold_1	macrophage_profibrotic	POOLED	1.42907569209861	1.6366929667157202	1.5829775802969828	1.5120026350265374	1.1588728585593358	1.2021384080000974	1.1336070307439363	1.6366803364124745	1.3362780711464102	1.2547586239494213	1.2666864300287146	1.1742964438290606	-0.08292694292792735	-0.10722896991019204
VUHD095_150_10_9	VUHD095	VUHD095	fold_1	macrophage_profibrotic	POOLED	1.55894219849138	1.636686435807421	1.481915983213681	1.3977027320559818	1.0409819598833403	1.176413330835882	1.3108378041220596	1.636672311640868	1.2282323356311942	1.1711152821639494	1.0061765317900493	1.102012318265634	0.16123946643539822	-0.04677653834631615
VUHD095_150_11_10	VUHD095	VUHD095	fold_1	macrophage_profibrotic	POOLED	0.943485837247504	1.6366930374725281	1.2273251799430596	1.1471688253238597	0.8306864669244775	0.8554412543264529	1.2849740658006301	1.6366817437597763	0.7644094784123547	1.0551431262141349	0.8924733121840831	0.9343407293470101	-0.20368298807635565	-0.11776838527630235
VUHD095_150_11_11	VUHD095	VUHD095	fold_1	macrophage_profibrotic	POOLED	1.83799132636229	1.636696302926678	1.3588253623525315	1.2890876495010297	1.1948655091709246	1.2605421362578735	1.2228136524058537	1.6366857561455794	1.3864628909616037	0.9876091745496396	1.3217537341571732	0.7705956106553942	0.5489036768612603	0.012670311411259634
VUHD095_150_11_5	VUHD095	VUHD095	fold_1	macrophage_profibrotic	POOLED	1.24869023087209	1.6366767102017798	1.0725603047637835	0.9660348223934876	1.072055609127037	1.1057394205899644	1.2364409176531708	1.63666168183076	1.0751462689803204	1.063147945847365	1.0220089776964167	1.102818936356813	0.2826554084786024	-0.06614207306709208
VUHD095_150_11_6	VUHD095	VUHD095	fold_1	macrophage_profibrotic	POOLED	0.912675454661223	1.6366799756559294	0.6618305084144148	0.6830494991550776	0.6679157534709008	0.5425366167729253	1.0664531657843908	1.6366656942165634	0.5366198651552221	0.6650705555253227	0.6642026340840732	0.606900122842396	0.2296259555061454	-0.13427472926641115
VUHD095_150_12_10	VUHD095	VUHD095	fold_1	macrophage_profibrotic	POOLED	1.11311892456983	1.6366963736834859	1.1633511396832912	1.1332158369570222	0.9662031655832031	0.9225167403832597	1.244845775896515	1.6366871634928812	0.9073737405971831	1.0180443249779896	0.9639236895204537	0.9447363144800512	-0.020096912387192134	-0.10836466560567451
VUHD095_150_12_6	VUHD095	VUHD095	fold_1	macrophage_profibrotic	POOLED	1.06408786554412	1.636683311866887	1.1827743251130454	1.0250499579959076	1.009567064964184	0.9806825595923969	1.064195598883464	1.6366711139496684	0.9698208645676041	0.9797180770759657	0.9168687588429938	0.9122520908836222	0.03903790754821235	-0.06068402065071218
VUHD095_150_12_7	VUHD095	VUHD095	fold_1	macrophage_profibrotic	POOLED	1.25482943977446	1.6366865773210368	1.2292777125149998	1.2089971072605632	0.9373003955425095	1.0238513498349229	1.4173805218217352	1.6366751263354715	1.2029422064358304	1.001502516693904	1.2074052580536716	0.9281129374420273	0.045832332513896734	-0.1287252699826827
VUHD095_150_12_8	VUHD095	VUHD095	fold_1	macrophage_profibrotic	POOLED	0.994521355793358	1.6366898427751866	1.1770610987355643	1.1041875714999547	1.325888430307683	1.2592511819262344	1.1737231886688806	1.6366791387212747	1.0924990436754856	1.2485693748073452	1.1478748810214157	1.2256591630264897	-0.10966621570659674	-0.03332132912994337
VUHD095_150_12_9	VUHD095	VUHD095	fold_1	macrophage_profibrotic	POOLED	1.13719439685743	1.6366931082293361	1.2291858994806824	1.226605560533521	0.980074144620182	0.9394279228062722	1.1351295987083967	1.636683151107078	0.7304476212262931	0.7178363871043782	0.8463055650834735	0.6138135665469493	-0.08941116367609103	-0.0973934466864804
VUHD095_150_13_10	VUHD095	VUHD095	fold_1	macrophage_profibrotic	POOLED	1.39125614125283	1.6366997098944436	1.05272897838776	1.0706353207184318	0.9313257964412667	0.8667534757133978	1.4016028832355307	1.6366925832259862	0.8329212754511124	1.009066962918203	0.9370886062443354	0.9420096654936754	0.3206208205343981	-0.1113360308185582
VUHD095_150_13_5	VUHD095	VUHD095	fold_1	macrophage_profibrotic	POOLED	1.23123043680986	1.636683382623695	1.0798670571401972	0.7422281768231609	1.0456828732674264	0.8296141933021939	1.1650356946966196	1.6366725212969702	0.8604249480820183	1.061265031495326	1.2911320880200743	1.2236002936645156	0.4890022599866992	-0.05159434382967341
VUHD095_150_13_6	VUHD095	VUHD095	fold_1	macrophage_profibrotic	POOLED	1.22143428585707	1.6366866480778448	1.0540053686455577	1.1003010947826348	0.7803049950803275	0.7970086658181237	0.9013057521917742	1.6366765336827733	0.8273066219998081	0.7012126481740975	0.708537083670764	0.5616340906753121	0.1211331910744351	-0.12846053247049677
VUHD095_150_13_7	VUHD095	VUHD095	fold_1	macrophage_profibrotic	POOLED	1.36612624303704	1.6366899135319946	1.4844110534674084	1.3117867447845333	0.9126621426917334	0.9889421500755999	1.3195682648114655	1.6366805460685765	1.3482017932000838	1.1775649106666575	1.294664760042047	1.130282127563786	0.054339498252506724	-0.1573451269581344
VUHD095_150_13_8	VUHD095	VUHD095	fold_1	macrophage_profibrotic	POOLED	0.968342831936176	1.636693178986144	1.1229390253240346	1.1473079871386203	0.9560519176092	0.9333537993198657	1.145111487183442	1.6366845584543799	0.6651888898972196	0.6257706005744661	0.665193695992779	0.4895561214970263	-0.17896515520244427	-0.10553819878342671
VUHD095_150_13_9	VUHD095	VUHD095	fold_1	macrophage_profibrotic	POOLED	1.30711103712054	1.6366964444402938	1.563482747184617	1.4198570427340553	0.8502266804421975	0.8947282654370606	1.299498024315901	1.636688570840183	0.807120980464969	0.7124969168401424	0.7428330317132578	0.5093397359791627	-0.11274600561351522	-0.09131457300900359
VUHD095_150_14_9	VUHD095	VUHD095	fold_1	macrophage_profibrotic	POOLED	0.796711883327014	1.6366997806512515	1.152004538731109	1.1172972583984921	0.9760739156130401	0.9447857589673083	1.2230995045064534	1.636693990573288	0.7527679617443807	0.6821202403951496	0.7199585148800784	0.5865165727162058	-0.3205853750714781	-0.11399765036846052
VUHD095_150_15_10	VUHD095	VUHD095	fold_1	macrophage_profibrotic	POOLED	0.871573826109414	1.6367063823163588	0.729683336672494	0.8005011949296225	1.0034581296552127	0.848205765547	1.0236718549028132	1.6367034226921964	0.5925402912523965	0.6738107127410519	0.8073899940958476	0.5923542681875504	0.07107263117979157	-0.10098858028695337
VUHD095_150_15_7	VUHD095	VUHD095	fold_1	macrophage_profibrotic	POOLED	1.22446228520424	1.6366965859539098	1.1710010612126744	0.9785777597808654	1.2778063208526231	1.2074577219047677	1.026482437666568	1.6366913855347867	0.8268517337891255	1.0108953253315982	0.8429562049670097	0.9666884566066352	0.24588452542337458	-0.07434702677687821
VUHD095_150_15_8	VUHD095	VUHD095	fold_1	macrophage_profibrotic	POOLED	0.979864722416302	1.6366998514080595	0.7979996475434057	0.8432014734135346	0.993596595499824	0.8070245430932224	1.1332331858943778	1.6366953979205898	0.7192788505952901	0.7804447157162688	0.8859156906042454	0.7319353977752909	0.13666324900276738	-0.09143431625859666
VUHD095_150_15_9	VUHD095	VUHD095	fold_1	macrophage_profibrotic	POOLED	0.983410730748158	1.6367031168622093	0.941926171824198	0.9337059970539541	1.0628755005085844	0.9533040971451266	1.0978796762248582	1.636699410306393	0.5545214619315555	0.6339989524415863	0.7375270608331225	0.5341741381958667	0.04970473369420392	-0.07412623602638983
VUHD095_150_1_12	VUHD095	VUHD095	fold_1	macrophage_profibrotic	POOLED	1.45115247493722	1.636666206271251	0.7234847082499569	0.8122163051871939	0.7833791213753382	0.7815766409300687	1.0005940317842041	1.6366355712003324	1.0316501909296325	0.976479807118426	1.1675064578110517	0.8873255590252513	0.6389361697500261	-0.10624347782333238
VUHD095_150_2_12	VUHD095	VUHD095	fold_1	macrophage_profibrotic	POOLED	1.32530436973851	1.6366695424822086	1.114945972439752	1.0695087876678784	0.9128963848403795	1.0021436330746445	0.8943224843094562	1.6366409909334376	1.4179833961570816	1.0116483747436538	1.3288842346291392	0.9544273318628891	0.2557955820706317	-0.05364429948589418
VUHD095_150_3_8	VUHD095	VUHD095	fold_1	macrophage_profibrotic	POOLED	1.14426080016365	1.6366598168765676	0.9089390748152922	0.8747631541148622	0.862422763524884	0.7432210280555759	0.8813197486602226	1.6366303611233295	0.6211942188539641	0.7769308120757707	0.7386290226305825	0.7731239895105618	0.2694976460487879	-0.2609534654084841
VUHD095_150_4_12	VUHD095	VUHD095	fold_1	macrophage_profibrotic	POOLED	1.01586760934336	1.636676214904124	0.9192051954612086	0.8558489219546329	1.3703890641049248	1.169703957822237	1.4059675309457615	1.6366518303996476	0.9736444327681698	1.1260294374311441	1.090778268517516	1.1236777329358199	0.16001868738872715	0.01856779823677617
VUHD095_150_4_13	VUHD095	VUHD095	fold_1	macrophage_profibrotic	POOLED	1.18892374022244	1.6366794803582736	1.0480892257419365	0.8986173459647527	0.9390428004705966	0.8160345352528493	1.0426205154547148	1.6366558427854507	0.9772889830143727	0.7052427589777535	1.0642006203693866	0.6196821831799288	0.29030639425768723	-0.09015598683012008
VUHD095_150_4_6	VUHD095	VUHD095	fold_1	macrophage_profibrotic	POOLED	1.26030410443016	1.6366566221792258	0.9572189251981865	0.7561173326052738	1.0725461605371946	0.9536418333472915	0.7748874107949743	1.6366277560848281	0.5793420725272438	1.1693676619475026	0.7891352935312872	1.3145310423004282	0.5041867718248861	-0.14788894189437554
VUHD095_150_4_9	VUHD095	VUHD095	fold_1	macrophage_profibrotic	POOLED	1.02907747515176	1.6366664185416748	0.8114904900859461	0.7391526226743306	1.1771160913052119	1.0394459781072656	1.042744357436228	1.6366397932422379	1.040021396572993	0.9223815230343317	1.3315607142684178	0.9753948242427362	0.2899248524774294	-0.11777048364394407
VUHD095_150_5_11	VUHD095	VUHD095	fold_1	macrophage_profibrotic	POOLED	0.912023677981281	1.636676285660932	0.9387621668253633	0.7722196503297876	1.0830625190649776	1.02138199587922	1.0697859846262112	1.6366532377469494	0.9967220930175942	0.808752727179507	1.0017299124953705	0.8069453440077635	0.13980402765149347	-0.05123199501634288
VUHD095_150_5_6	VUHD095	VUHD095	fold_1	macrophage_profibrotic	POOLED	1.14097275091026	1.6366599583901835	0.9175895646550831	0.8245356568696625	0.9494033594926624	0.8049346987445072	0.870876604426148	1.636633175817933	1.040064499780272	0.5391663955340404	1.01018689276771	0.5702038730202315	0.3164370940405976	-0.19644862767975138
VUHD095_150_6_8	VUHD095	VUHD095	fold_1	macrophage_profibrotic	POOLED	1.30441233212637	1.6366698255094405	1.2457095127729945	1.0826327339356283	1.5253971084567242	1.326798444476462	1.2688263438279475	1.6366466203226446	1.6060742639739687	1.26089947340851	1.9006705639086507	1.3764623713331472	0.22177959819074178	-0.08705028239216228
VUHD095_150_7_10	VUHD095	VUHD095	fold_1	macrophage_profibrotic	POOLED	0.636856034874918	1.6366796926286975	0.5403982539818357	0.669595218144185	0.9750794617248347	0.8486909602658517	1.173466104341268	1.6366600648273562	0.7203635019407195	1.1097488111462326	0.8610480782767379	1.1782503757412657	-0.03273918326926695	-0.04387148267297637
VUHD095_150_7_6	VUHD095	VUHD095	fold_1	macrophage_profibrotic	POOLED	0.366743311543448	1.6366666308120987	0.622703105818533	0.6355859191226738	1.0754582219953757	0.964322030069664	1.0312184494631347	1.6366440152841433	0.9138710246528774	1.054132845366409	1.2102078948760904	1.0904601253703763	-0.2688426075792258	-0.05061455364384129
VUHD095_150_8_10	VUHD095	VUHD095	fold_1	macrophage_profibrotic	POOLED	1.88325740269798	1.6366830288396552	1.429135215472791	1.2912076817202194	1.2958155552847201	1.2912740450579951	1.2725589608258812	1.6366654845604611	1.1909173877349364	1.0773871342048458	1.1084601635133648	0.9964282973518919	0.5920497209777607	-0.12474791943175395
VUHD095_150_8_5	VUHD095	VUHD095	fold_1	macrophage_profibrotic	POOLED	0.702348719352713	1.6366667015689067	0.7552531535499533	0.6785875129024088	1.004996736392417	0.8246389307298765	1.1291681459914042	1.636645422631445	0.6861948133400266	0.8753535176005772	0.9219446530871377	0.7887204716507481	0.023761206450304218	-0.03274639832460681
VUHD095_150_8_6	VUHD095	VUHD095	fold_1	macrophage_profibrotic	POOLED	1.16086525426892	1.6366699670230564	0.8479360020445648	0.7851385803698079	0.9760988269370998	0.8721961523886306	1.0857865441814605	1.6366494350172482	1.14335066341746	1.2809062990539055	1.5254416842963734	1.3721480479147976	0.3757266738991121	-0.13151375266565501
VUHD095_150_8_7	VUHD095	VUHD095	fold_1	macrophage_profibrotic	POOLED	1.66671519328981	1.6366732324772062	1.366287021492448	1.2818432424690824	0.9889840422751548	0.9794759104719667	1.0587741687375145	1.6366534474030514	1.0389498707860736	1.1124902968880503	0.9668794094122646	1.1018701349682343	0.38487195082072767	-0.13813788274323222
VUHD095_150_8_8	VUHD095	VUHD095	fold_1	macrophage_profibrotic	POOLED	1.33775169369707	1.636676497931356	1.2539221384951182	1.115637800929863	1.1546908239208356	1.2153223357219711	1.2101848599961593	1.6366574597888548	1.046914123217118	0.9505274482762945	0.8944363623172212	0.8380119339569504	0.22211389276720683	-0.030780297740777524
VUHD095_150_9_10	VUHD095	VUHD095	fold_1	macrophage_profibrotic	POOLED	1.0947871053319	1.636686365050613	1.7023504741084154	1.6266295112276945	1.0229104377083513	1.0648096419526776	1.4092044655031715	1.636670904293566	1.0023509075150607	1.0779805489825516	0.9538018001179163	0.9412701371539512	-0.5318424058957945	-0.22402168123587474
VUHD095_150_9_4	VUHD095	VUHD095	fold_1	macrophage_profibrotic	POOLED	1.49652214807931	1.6366667723257147	1.2478957689489174	1.132263910318346	1.0322410000264581	0.9484284821598521	1.4167569258264245	1.6366468299787467	1.7992858966531684	1.0637973070783584	2.0339392957082745	1.192868530805476	0.364258237760964	-0.08560197973934691
VUHD095_150_9_6	VUHD095	VUHD095	fold_1	macrophage_profibrotic	POOLED	0.950833696126576	1.6366733032340142	0.8922227260411901	0.8007847657585858	1.4456839753100101	1.2452614479955904	1.275588085419916	1.6366548547503532	1.1260320262108743	1.239925588808009	1.3448905994920073	1.333751390783359	0.15004893036799016	-0.06811082737015546
VUHD095_150_9_8	VUHD095	VUHD095	fold_1	macrophage_profibrotic	POOLED	0.962203298002914	1.6366798341423134	0.9053487618654158	0.9883558813802699	0.7798156615763886	0.8101935151245003	1.3422368376019636	1.6366628795219598	0.7564256653176128	1.0131486341143918	0.8457989395086858	0.948375733389223	-0.02615258337735582	-0.1349606615602997
VUHD095_150_9_9	VUHD095	VUHD095	fold_1	macrophage_profibrotic	POOLED	0.951766476078575	1.6366830995964632	1.052391476492919	1.0922540126367366	1.03451861941139	0.9937927056375992	1.3932119162061223	1.636666891907763	1.066279449979664	0.9489813811387708	1.0818696428093042	0.9244728047760358	-0.1404875365581616	-0.09082454153236771
VUHD116A_150_10_17	VUHD116A	VUHD116	fold_1	macrophage_profibrotic	POOLED	1.35736740554432	1.6366983712016956	1.2736369403303909	1.0713080882805346	1.207386964093209	1.118390570760532	1.6236750237034407	1.6366901042926247	1.119506270423381	1.4688442874895549	1.2368822416593945	1.515774586254624	0.2860593172637853	-0.0364733776445911
VUHD116A_150_13_13	VUHD116A	VUHD116	fold_1	macrophage_profibrotic	POOLED	1.51069794201327	1.6366985610440092	1.3385265264782809	1.134899481942717	1.542649481122975	1.408337010444142	1.9522857194520453	1.6366935566109497	1.636220157860238	1.911979517235621	1.7952678791267243	2.1084840438973553	0.37579846007055306	0.012534003708425522
VUHD116A_150_14_14	VUHD116A	VUHD116	fold_1	macrophage_profibrotic	POOLED	1.03310713020587	1.6367043519526068	0.7068344551988887	0.6704634751683989	1.218257709755758	0.9425731233258611	1.5942424071272243	1.6367021780643023	0.8105913631520789	1.2923837876403732	1.2563536988992448	1.4992777318550412	0.3626436550374712	-0.07927301188119745
VUHD116A_150_14_15	VUHD116A	VUHD116	fold_1	macrophage_profibrotic	POOLED	0.421925467946319	1.6367068066502466	0.7855037693254971	0.6975858086446227	1.1541023710179217	0.9392225635068513	1.6336660232075146	1.6367053797845499	1.2570497561969565	1.3845499106511503	1.65854143973203	1.5243276445421023	-0.2756603406983037	-0.04146075228182518
VUHD116A_150_15_8	VUHD116A	VUHD116	fold_1	macrophage_profibrotic	POOLED	1.07465961859195	1.6366929599777256	0.658863925526042	0.6701379646524999	1.4364692297927422	1.1784429745060803	1.5738289512200894	1.6366883874759224	1.196915678631938	1.614715570736281	1.5524942114801905	1.805389217143187	0.40452165393945005	0.04906860544177737
VUHD116A_150_15_9	VUHD116A	VUHD116	fold_1	macrophage_profibrotic	POOLED	0.390315139074894	1.6366954146753654	0.5625681404312675	0.6999332541303234	1.6787289288763436	1.254974487934866	1.6189637310383125	1.6366915891961697	1.1562458513542067	1.4867303420098308	1.6006168016430653	1.5846249934812682	-0.30961811505542935	0.006100873645316356
VUHD116A_150_3_7	VUHD116A	VUHD116	fold_1	macrophage_profibrotic	POOLED	1.26702737334198	1.6366504707485938	0.6670408248070522	0.991489650193809	1.4689181551106074	1.2634352772082553	2.2850925616391717	1.6366201489584145	1.557906743313338	1.9366017080335638	1.9101530125905741	2.088284617902183	0.27553772314817093	0.0031952929402423655
VUHD116A_150_4_12	VUHD116A	VUHD116	fold_1	macrophage_profibrotic	POOLED	0.798227132787329	1.6366660804477506	0.6967619232570673	0.7939240830650456	1.9615086550399683	1.6125892596766818	1.9261361130320662	1.6366415772927572	1.4459531681018378	1.86659874269022	2.0238018850722597	2.1800431995139844	0.0043030497222834585	0.11453764368592467
VUHD116A_150_4_3	VUHD116A	VUHD116	fold_1	macrophage_profibrotic	POOLED	1.19251672551876	1.6366439881689923	1.143622877618875	1.2007419333003129	1.160554036464098	1.134644517626685	1.6217212954813256	1.6366127618105295	1.464985281908172	1.751711183850378	1.6075232829476598	1.8683197512554788	-0.008225207781552779	-0.05843140988071982
VUHD116A_150_4_7	VUHD116A	VUHD116	fold_1	macrophage_profibrotic	POOLED	0.810022044065703	1.6366538069595515	0.8503765947607554	0.8076314046594217	1.3661241908709858	1.0390987254972068	1.8107900284855214	1.6366255686915194	1.265997874039281	1.3292965778179404	1.5640548385200312	1.3848265951641991	0.0023906394062812586	-0.058685749347771564
VUHD116A_150_5_7	VUHD116A	VUHD116	fold_1	macrophage_profibrotic	POOLED	0.685715380667149	1.636657143170509	0.7746180576536318	0.8155903154582835	1.4256496867120894	1.2080875233674582	1.979361255929076	1.6366309884246246	1.288602430717904	1.572388831012909	1.525929890915414	1.7204846594100023	-0.12987493479113454	-0.03152317517815069
VUHD116A_150_6_12	VUHD116A	VUHD116	fold_1	macrophage_profibrotic	POOLED	0.994466461384907	1.6366727528696658	0.889980188038626	0.8452451261547018	1.7877191351483315	1.5833135783103762	1.823018624194453	1.636652416758967	1.478171511043457	1.7239408237512404	1.8685390812648925	1.9490787120294435	0.1492213352302052	0.09299056565408942
VUHD116A_150_7_4	VUHD116A	VUHD116	fold_1	macrophage_profibrotic	POOLED	0.999635175304809	1.636656451499505	0.6892723571306919	0.5905166068181089	1.612200768589368	1.2894733488524701	1.9710208437429713	1.636632222730092	1.1442310539765532	1.6958766471749704	1.575824704221162	1.9104007798005078	0.40911856848670014	0.03792797703602679
VUHD116B_150_10_11	VUHD116B	VUHD116	fold_1	macrophage_profibrotic	POOLED	0.740654025134572	1.6366871360121462	1.1503482951555852	0.9541631344693939	1.3596709188938318	1.2189115621161388	1.2119888923923157	1.6366776635476163	1.6416439480517317	1.1352199875990632	2.0409438664476776	1.284261633012692	-0.21350910933482192	-0.05103927038678519
VUHD116B_150_10_12	VUHD116B	VUHD116	fold_1	macrophage_profibrotic	POOLED	0.518641114319692	1.636690397806352	0.9162835296207972	1.005000622633702	1.196116262530019	1.0835024735596748	1.5843318119912062	1.6366816722738864	1.5150654310092415	0.967509625755524	1.8749138689559206	0.9526924048738246	-0.4863595083140101	-0.05177441880085559
VUHD116B_150_10_13	VUHD116B	VUHD116	fold_1	macrophage_profibrotic	POOLED	0.767479432087895	1.636693659600558	0.9664053857629793	1.0054682006676148	1.581340582741838	1.397140579617107	1.6431190569110408	1.6366856810001564	1.5213892893382401	1.2577209120091006	1.7880120369309582	1.3942967041908458	-0.23798876857971973	0.043194440069558394
VUHD116B_150_10_4	VUHD116B	VUHD116	fold_1	macrophage_profibrotic	POOLED	0.695306198104297	1.6366643034527049	0.6976693239316515	0.6842575895482259	1.3181565826361414	1.0698850674351539	1.6537002180364628	1.6366496024637263	1.4157553620060908	1.2583409787592137	1.8227594218150316	1.4203695165368517	0.011048608556071038	-0.013814016070916108
VUHD116B_150_10_9	VUHD116B	VUHD116	fold_1	macrophage_profibrotic	POOLED	0.57539966472502	1.6366806124237345	0.8071983590404916	0.7470629008122809	1.247755840036078	1.0999496937150692	1.535348823551366	1.6366696460950763	1.223090442195371	0.9361438980441463	1.5896696424004804	0.9468917560015604	-0.17166323608726086	-0.02613576172971907
VUHD116B_150_11_11	VUHD116B	VUHD116	fold_1	macrophage_profibrotic	POOLED	0.758872759552163	1.6366899209265116	0.9313241569026595	0.9802305658395216	1.1943087832950965	1.1524431376610091	1.5295251709769084	1.636682532054367	1.1196113686578792	0.621250985620386	1.4106025260133552	0.6318642308765965	-0.22135780628735857	-0.07059984614703274
VUHD116B_150_11_12	VUHD116B	VUHD116	fold_1	macrophage_profibrotic	POOLED	0.858993649918656	1.6366931827207174	1.1000726441658861	0.9348569493194032	1.3431193559595218	1.2280313326603909	1.5465813228559593	1.636686540780637	1.3026152448367145	0.9260505580523004	1.5437288236598323	0.9822819009127003	-0.07586329940074721	-0.06132797893548916
VUHD116B_150_11_13	VUHD116B	VUHD116	fold_1	macrophage_profibrotic	POOLED	0.984764300240052	1.6366964445149232	1.0689009562728593	1.1822357144494795	1.786098382341203	1.6356058748545539	1.712322210111006	1.6366905495069068	1.8090524842209472	1.7006489760123613	2.021366613071746	1.8099555923729798	-0.1974714142094275	0.08747435708026283
VUHD116B_150_11_7	VUHD116B	VUHD116	fold_1	macrophage_profibrotic	POOLED	0.981565718192229	1.636676873749688	1.2466156053551871	1.1261576496443357	1.5135625685293197	1.3758859905209473	1.4953645850473665	1.6366664971492868	1.6302366420636942	1.1697014295681	1.867300556278063	1.3072616923170557	-0.1445919314521067	0.0367084446016672
VUHD116B_150_11_8	VUHD116B	VUHD116	fold_1	macrophage_profibrotic	POOLED	0.430741521461566	1.6366801355438938	0.7997659537723116	0.7579620703105194	1.6138815561783704	1.3489644183933982	1.7114386094272478	1.6366705058755568	1.6460350550728295	1.5458769115017528	2.1232617918543983	1.754154879741086	-0.3272205488489534	-0.014462527545246191
VUHD116B_150_12_11	VUHD116B	VUHD116	fold_1	macrophage_profibrotic	POOLED	1.14430712395373	1.6366927058408767	1.1557630582410572	1.0648135511730166	1.5183293404376228	1.4370944750624952	1.5445993572442844	1.6366874005611174	1.532220502622805	1.118059785764461	1.7568823435712357	1.2066742001897877	0.07949357278071334	-0.029595175343483524
VUHD116B_150_12_12	VUHD116B	VUHD116	fold_1	macrophage_profibrotic	POOLED	0.802335335257872	1.6366959676350825	1.085615174693713	1.1806974877055807	1.258779202206046	1.227110032425419	1.3439156258974068	1.6366914092873874	1.3962162862272398	1.0180554526175918	1.5663754708444646	1.0279670665571263	-0.37836215244770866	-0.03737153963695178
VUHD116B_150_12_6	VUHD116B	VUHD116	fold_1	macrophage_profibrotic	POOLED	0.429287092848209	1.6366763968698472	0.8344960077542607	0.8817025538188126	1.5145311702610502	1.2991755080209704	1.6799787019563808	1.6366673569297674	1.12884804124928	1.0961609230428702	1.4145819898851169	1.1776581310414915	-0.4524154609706036	0.01225528784200692
VUHD116B_150_12_7	VUHD116B	VUHD116	fold_1	macrophage_profibrotic	POOLED	0.76065063120086	1.636679658664053	1.0259458647739006	0.8773338781233564	1.8243391618676625	1.571607371729344	1.755649854274158	1.6366713656560372	1.184062839849221	1.3569867048073616	1.416764112394576	1.5096891600117246	-0.11668324692249643	0.0329652398055147
VUHD116B_150_12_9	VUHD116B	VUHD116	fold_1	macrophage_profibrotic	POOLED	0.681509689255016	1.636686182252465	0.7041253429894632	0.6119637082605949	1.2640761118119253	0.9676815656831974	1.6828598757076154	1.6366793831085773	1.3476034758681361	1.0557613457431774	1.971892257060359	1.1518055013600972	0.06954598099442111	0.018299901279915855
VUHD116B_150_13_10	VUHD116B	VUHD116	fold_1	macrophage_profibrotic	POOLED	0.575241757508298	1.6366922289610362	0.6970441474255693	0.6874005257485136	1.047793540571495	0.8462913508853737	1.619119416499204	1.636688260341598	0.9984584135309988	0.734210085523565	1.5246699205321759	0.8956781935194092	-0.11215876824021564	-0.07835237556582372
VUHD116B_150_13_11	VUHD116B	VUHD116	fold_1	macrophage_profibrotic	POOLED	0.602055438849046	1.636695490755242	0.8523006459749737	0.8666648917942471	1.096976467685174	0.934372154301238	1.3290954226808256	1.6366922690678678	1.0063821480576285	0.7783203941062986	1.4985019254921799	0.812452891045977	-0.2646094529452011	-0.09626547782200873
VUHD116B_150_13_12	VUHD116B	VUHD116	fold_1	macrophage_profibrotic	POOLED	0.845832446306851	1.6366987525494479	1.312076846973686	1.2471907750070668	1.4421307415214277	1.3253099126800596	1.4541335649823803	1.6366962777941378	1.3314704956037213	0.9665384844963623	1.4821524352154745	0.9483567597496187	-0.4013583287002158	-0.04216626930010717
VUHD116B_150_14_10	VUHD116B	VUHD116	fold_1	macrophage_profibrotic	POOLED	0.797762744378924	1.6366950138754013	0.7521326451746226	0.7978214549073417	1.572152450897566	1.3773788722998366	1.8558058946381972	1.6366931288483484	1.4871942149629105	1.3090762622240733	1.6961397570972365	1.5423755939194084	-5.8710528417660335e-05	0.01373639944676041
VUHD116B_150_14_11	VUHD116B	VUHD116	fold_1	macrophage_profibrotic	POOLED	0.942368028067986	1.6366982756696071	0.954204802664643	0.8705656821733954	1.2208846964309328	1.050663730120574	1.6186545109173531	1.6366971375746184	1.2305094884488288	1.1705586518876525	1.6438049606732035	1.245969053176284	0.07180234589459067	-0.05023952756078115
VUHD116B_150_14_13	VUHD116B	VUHD116	fold_1	macrophage_profibrotic	POOLED	0.927404105693469	1.636704799258019	1.3456402964317893	1.4165057489659485	1.7798128473046457	1.6123392232835263	1.8716199155845679	1.6367051550271585	1.9063531595833516	1.3779432082907075	1.9912944503291055	1.5009718832531798	-0.4891016432724795	0.037341157720155775
VUHD116B_150_14_6	VUHD116B	VUHD116	fold_1	macrophage_profibrotic	POOLED	0.941663909966469	1.6366819666985777	0.8073562202307754	0.8218355346499204	1.3905028078705042	1.166716599834395	1.5983675930197152	1.6366770939432682	1.3767002580089736	1.422692917561249	1.7844831793176512	1.5988219837886812	0.11982837531654855	-0.02874469146592297
VUHD116B_150_14_9	VUHD116B	VUHD116	fold_1	macrophage_profibrotic	POOLED	0.644069708914592	1.6366917520811954	1.129855556526383	1.023389447448052	1.656785972638829	1.521072166025904	1.7975022449107751	1.6366891201220783	1.5183314442435614	1.4266126887079227	1.8243438389808864	1.4768009528676398	-0.37931973853346	0.0652955124662205
VUHD116B_150_15_10	VUHD116B	VUHD116	fold_1	macrophage_profibrotic	POOLED	1.13465822090176	1.6366977987897666	1.2757341382344263	1.2218654575038472	1.5071433435025028	1.5260473637583103	1.6341405280506311	1.6366979973550988	1.2958208594448006	1.1245308231149065	1.4363152198868285	1.1128383565988613	-0.08720723660208729	0.004586776365582371
VUHD116B_150_15_11	VUHD116B	VUHD116	fold_1	macrophage_profibrotic	POOLED	0.395350399708287	1.6367010605839725	1.0271492074799324	1.0547244919912726	1.2814357881481562	1.2312205205527365	1.7493810299763068	1.6367020060813688	1.2836245446825005	1.0161157173217443	1.4303616068498572	1.068942047799585	-0.6593740922829856	0.00585683963581142
VUHD116B_150_15_13	VUHD116B	VUHD116	fold_1	macrophage_profibrotic	POOLED	1.15202895817194	1.6367075841723842	1.2398531005676654	1.2847132078382622	1.5851965567615918	1.4762234031590051	1.8191173485601544	1.636710023533909	1.2591933463623641	1.256165865861739	1.3905302562266757	1.288445698229971	-0.13268424966632208	0.06455069518160397
VUHD116B_150_15_5	VUHD116B	VUHD116	fold_1	macrophage_profibrotic	POOLED	0.943154641641908	1.6366814898187372	0.745198960368998	0.773721516755538	1.9853970791871336	1.5838288227243946	1.5559973752970773	1.6366779537237488	1.6459728185806666	1.6479502094811664	2.3018731271879234	2.034305262917654	0.16943312488636997	0.051951518548138544
VUHD116B_150_16_12	VUHD116B	VUHD116	fold_1	macrophage_profibrotic	POOLED	0.440956131217748	1.6367071072925437	1.4641412724608045	1.4035857236659213	1.6842529740901182	1.6318077599346545	1.884536384676924	1.6367108833143893	1.6587496852587067	1.6407867791876642	1.904244456787763	1.711937098858266	-0.9626295924481733	0.10547269958852007
VUHD116B_150_16_13	VUHD116B	VUHD116	fold_1	macrophage_profibrotic	POOLED	0.848795642592854	1.6367103690867495	1.2254250982845831	1.3467888169239586	1.6196924230126724	1.5887932415939616	1.8055040756785257	1.6367148920406593	1.591480535739477	1.149215945556829	1.6554750418717539	1.0996333159426603	-0.49799317433110457	0.08950637913390988
VUHD116B_150_16_4	VUHD116B	VUHD116	fold_1	macrophage_profibrotic	POOLED	0.58216098886656	1.6366810129388965	0.7746044204865608	0.7169177660042327	1.4135595564128187	1.1675845766061392	1.4841710401126371	1.6366788135042292	1.4542609678654268	1.3034743426684103	1.8407171583449835	1.4240957483469368	-0.13475677713767276	-0.02189058368803781
VUHD116B_150_16_5	VUHD116B	VUHD116	fold_1	macrophage_profibrotic	POOLED	0.901565275282235	1.6366842747331023	1.0609653704957664	0.903630523254701	1.3870939810602974	1.1881597897542913	1.4689903384783882	1.6366828222304992	1.2156481454661725	1.1677663288848799	1.563083079116836	1.4118932872420993	-0.002065247972465989	-0.03100584150551885
VUHD116B_150_16_6	VUHD116B	VUHD116	fold_1	macrophage_profibrotic	POOLED	0.578157922089446	1.6366875365273084	0.933881503770558	0.9524560487474965	1.4224352468099348	1.1580646120957643	1.6344688178483053	1.6366868309567693	1.5618207448198465	1.468402225148308	1.9421001861175509	1.6535441983790202	-0.3742981266580504	-0.006832328691227449
VUHD116B_150_17_12	VUHD116B	VUHD116	fold_1	macrophage_profibrotic	POOLED	1.46969524209508	1.6367098922069088	1.4689484994559037	1.4468368647455514	1.6807621473253362	1.5769705012806698	1.6571318586904358	1.63671575182114	1.7832180041908035	1.3922055421136996	1.751403620845886	1.437494715187511	0.022858377349528558	0.015257394072644918
VUHD116B_150_18_15	VUHD116B	VUHD116	fold_1	macrophage_profibrotic	POOLED	1.04025488044232	1.6367224625038919	0.9426079502549611	0.9515713111156261	1.4005551569470684	1.2202130048946174	1.5625096870574726	1.6367326465067005	1.320909506934453	1.1548769689708962	1.807503860709233	1.2944046333688828	0.08868356932669386	-0.021716732380708953
VUHD116B_150_18_16	VUHD116B	VUHD116	fold_1	macrophage_profibrotic	POOLED	0.843924944239191	1.6367257242980977	0.7303440386699329	0.8330042034752585	0.8270171178160147	0.6181879785828497	1.4023934496297121	1.6367366552329705	1.1854523018247023	0.8670449975906405	1.6699880616250373	0.8841426580865359	0.010920740763932457	-0.06788434680415747
VUHD116B_150_18_2	VUHD116B	VUHD116	fold_1	macrophage_profibrotic	POOLED	0.889891978692243	1.6366800591792152	0.7978752105249965	0.8392040088901682	1.5960497175213986	1.3213744910765874	1.695934615731251	1.6366805330651901	1.6802885647776895	1.7168651959769972	1.9696817904114112	1.9956840689559256	0.050687969802074795	-0.015182659969155759
VUHD116B_150_18_5	VUHD116B	VUHD116	fold_1	macrophage_profibrotic	POOLED	1.35180984564733	1.636689844561833	1.1028559316300157	0.9439201879167192	1.674136917845102	1.4469148987060758	1.814737975609628	1.6366925592440003	1.8018389322854373	1.7565421809310788	2.1850904817802843	1.9563290499661274	0.4078896577306108	0.043346024228883985
VUHD116B_150_2_11	VUHD116B	VUHD116	fold_1	macrophage_profibrotic	POOLED	1.16745942509854	1.6366648566972242	0.7827917952624919	0.7441271655537139	1.8959087054884374	1.6339998603019623	1.3276838106883533	1.6366387154936124	1.4072077347806589	1.4429605409362212	1.6709988249161007	1.4517144217275817	0.423332259544826	0.11006502187982051
VUHD116B_150_2_6	VUHD116B	VUHD116	fold_1	macrophage_profibrotic	POOLED	0.824046161260063	1.6366485477261947	0.895876385516875	0.959137562219666	1.4245983823578876	1.2162518914350118	1.4545388575497482	1.6366186718622624	1.366361749966515	1.520308121666493	1.6861524961795802	1.5575133510364405	-0.13509140095960293	-0.005643058874569971
VUHD116B_150_2_7	VUHD116B	VUHD116	fold_1	macrophage_profibrotic	POOLED	0.931565287883145	1.6366518095204006	0.8825903382450173	0.7784080776690909	1.3077344614439297	1.0869029219094535	1.424747876030997	1.6366226805885324	1.2013818897708646	0.9785626725041999	1.651458709730245	1.0246704612036788	0.15315721021405404	-0.09857621244047043
VUHD116B_150_2_8	VUHD116B	VUHD116	fold_1	macrophage_profibrotic	POOLED	0.910082657139145	1.6366550713146064	0.8388631494751132	0.8512520857952297	1.0944367963617732	0.9905976077233628	1.3632369325301128	1.6366266893148025	1.3500356054065528	1.0167821332921398	1.5819582381222321	1.0611131677172936	0.05883057134391534	-0.08352673428174795
VUHD116B_150_2_9	VUHD116B	VUHD116	fold_1	macrophage_profibrotic	POOLED	0.80864256193342	1.6366583331088125	0.8686013292374183	0.7683520271040166	1.236137589191311	1.0949084608999384	1.3503905427550187	1.6366306980410725	1.0968894373037992	1.1258027759901812	1.3897158511634105	1.1488766679819715	0.04029053482940337	0.05726679314671331
VUHD116B_150_3_10	VUHD116B	VUHD116	fold_1	macrophage_profibrotic	POOLED	0.534704245155654	1.6366643798173834	0.8116050608828225	0.8463676290993153	1.463199422172352	1.3129704304587664	1.3758915832141503	1.636639575274093	1.1755999498807457	1.2424658657826178	1.526704165264602	1.3128575105572204	-0.31166338394366133	0.009784462433556407
VUHD116B_150_3_11	VUHD116B	VUHD116	fold_1	macrophage_profibrotic	POOLED	0.929307738474906	1.6366676416115895	0.8832897474293939	0.8876233508487175	1.2153255590659655	1.1298871857569484	1.5449225247869742	1.636643584000363	1.2016723757162873	1.1747092566923016	1.462871869382955	1.1250550160387738	0.041684387626188535	0.014731732726849363
VUHD116B_150_3_8	VUHD116B	VUHD116	fold_1	macrophage_profibrotic	POOLED	0.714993436340923	1.6366578562289718	0.9692286650641062	0.9260755858198784	1.0398219570305305	0.971724092229372	1.391381572488406	1.636631557821553	1.070018567581815	1.1734081530695615	1.4694976117428662	1.1703809627448425	-0.21108214947895532	-0.03121438530465052
VUHD116B_150_3_9	VUHD116B	VUHD116	fold_1	macrophage_profibrotic	POOLED	1.44431713590781	1.6366611180231776	1.1309972926453087	1.0650700088444478	1.424584389428344	1.3438758453189612	1.5819946285289266	1.636635566547823	1.5399452516931058	1.193740861205556	1.6713807717540188	1.2082363308044033	0.37924712706336217	0.06769691945099443
VUHD116B_150_4_10	VUHD116B	VUHD116	fold_1	macrophage_profibrotic	POOLED	1.81928167035084	1.6366671647317488	1.3771405951176354	1.163048829490834	1.4977598823851261	1.3294761537571311	2.0059472985924334	1.6366444437808434	1.2100730521177505	1.4536913316247768	1.4137931239537018	1.611950494923592	0.656232840860006	0.03907987081897384
VUHD116B_150_4_11	VUHD116B	VUHD116	fold_1	macrophage_profibrotic	POOLED	1.22731118105246	1.6366704265259546	1.2817691030737013	1.2340217597759815	1.7317012286061257	1.6482817756136094	1.5894225832030129	1.6366484525071134	1.9543056968255572	1.3277840296044143	2.0355368224636274	1.3074293297134956	-0.006710578723521543	0.05681491114852124
VUHD116B_150_4_8	VUHD116B	VUHD116	fold_1	macrophage_profibrotic	POOLED	0.776939229425491	1.636660641143337	0.6072652148888131	0.6905617368735143	1.694680216058363	1.3978337216521992	1.5023840136829834	1.6366364263283033	1.5092595091314545	1.2004793749237925	1.9698167767718227	1.324321791753771	0.08637749255197669	-0.03435655462293479
VUHD116B_150_4_9	VUHD116B	VUHD116	fold_1	macrophage_profibrotic	POOLED	1.56734856641252	1.636663902937543	0.885583782895665	0.8832934862046494	1.4611395585156832	1.237565578824973	1.4994126117814537	1.6366404350545734	0.7619527069812856	1.332354746676779	1.2870905870564804	1.4783152039856322	0.6840550802078705	-0.01721242818872949
VUHD116B_150_5_10	VUHD116B	VUHD116	fold_1	macrophage_profibrotic	POOLED	1.14150129401183	1.6366699496461141	1.1530730501825848	1.1861462094847042	1.326838935896755	1.2882106192650595	1.4907878743584428	1.636649312287594	1.3027116081043522	1.2092246784032046	1.5474508736312296	1.2139132569026716	-0.04464491547287408	-0.0431800311487733
VUHD116B_150_5_11	VUHD116B	VUHD116	fold_1	macrophage_profibrotic	POOLED	0.708756803112385	1.63667321144032	0.9786104704352208	1.0030234002067098	1.8014672970184822	1.5915484024864361	1.5783281334644255	1.6366533210138638	1.4827544082100048	1.3774500232332771	1.8402527777076525	1.4372955088940742	-0.2942665970943248	0.026939766525083002
VUHD116B_150_5_12	VUHD116B	VUHD116	fold_1	macrophage_profibrotic	POOLED	1.18250664800441	1.6366764732345258	1.0653030830437173	1.0567998639717717	1.4885514483252296	1.44759611033021	1.6524076482503816	1.636657329740134	1.5387377344831539	1.1931497550094519	1.605428875501379	1.1355529754744544	0.12570678403263824	0.04096894357235934
VUHD116B_150_5_13	VUHD116B	VUHD116	fold_1	macrophage_profibrotic	POOLED	0.914768713951679	1.6366797350287317	1.353906743804058	1.3268278791463683	1.6015838003068874	1.6157220640866807	1.7511675826701931	1.636661338466404	1.596242673303102	1.513414061751575	1.679934608332249	1.5433548416482001	-0.4120591651946893	0.10675728088895262
VUHD116B_150_5_7	VUHD116B	VUHD116	fold_1	macrophage_profibrotic	POOLED	0.506405418467327	1.6366601642634964	0.5848891516465367	0.7150034253241327	1.6117141156945212	1.3472908670520527	1.5358439859325645	1.636637286108784	1.2439985746559026	1.28624391080732	1.7571244613146726	1.3959963524041012	-0.20859800685680574	0.03547864257805405
VUHD116B_150_5_8	VUHD116B	VUHD116	fold_1	macrophage_profibrotic	POOLED	0.803977334043293	1.6366634260577022	0.986907293118862	0.8984773784021851	1.0671743141884975	0.9526348919624292	1.752884815748311	1.636641294835054	1.3120278341282758	1.0807943965101212	1.6259769670797644	1.1717178731648126	-0.09450004435889214	-0.08614434396991337
VUHD116B_150_5_9	VUHD116B	VUHD116	fold_1	macrophage_profibrotic	POOLED	0.83067291866424	1.636666687851908	1.0354027088330084	1.018763417544223	1.131209551604589	1.023677960085755	1.5103762225943385	1.636645303561324	1.3104181500565444	0.993593262440005	1.6593433227729082	1.0334053041962656	-0.18809049887998308	-0.053869336041510354
VUHD116B_150_6_10	VUHD116B	VUHD116	fold_1	macrophage_profibrotic	POOLED	1.02982349628986	1.6366727345604792	1.2746588387781328	1.1809782907803719	1.6791590604679762	1.566471202854533	1.5523309822360658	1.6366541807943444	1.4021591810858847	1.2496020460713286	1.7069675209666897	1.320823193730814	-0.15115479449051183	0.008304611277172039
VUHD116B_150_6_11	VUHD116B	VUHD116	fold_1	macrophage_profibrotic	POOLED	0.666738354837277	1.636675996354685	0.979039150846301	1.0096477283099803	1.0663393562608574	1.0070478214259961	1.4454702190757853	1.6366581895206145	1.2165790435730925	0.7721925569224535	1.5820701406190238	0.762034089565368	-0.34290937347270334	-0.06668841816017423
VUHD116B_150_6_12	VUHD116B	VUHD116	fold_1	macrophage_profibrotic	POOLED	0.575796772705408	1.6366792581488911	0.9809492553300638	0.9778641070728904	1.1656541150359538	1.1745844534065077	1.4734259388646953	1.6366621982468845	1.2124854123366708	0.9165887813929963	1.4586334201508722	0.8913680507952355	-0.40206733436748243	-0.04561855023957673
VUHD116B_150_6_16	VUHD116B	VUHD116	fold_1	macrophage_profibrotic	POOLED	1.15452925703906	1.6366923053257147	1.166459421639891	1.1901653423481704	1.0827269559982893	1.1436025820057956	1.516011289726431	1.6366782331519645	1.3271323564871051	1.0336208413752632	1.4157467120301235	0.9729994398766806	-0.035636085309110443	0.04441906184394511
VUHD116B_150_6_3	VUHD116B	VUHD116	fold_1	macrophage_profibrotic	POOLED	1.06108131611839	1.636649902001038	0.5005698664230527	0.5030156161601456	1.5005301445429762	1.1580741688959408	1.7039426752593398	1.6366261197104544	1.438034931778996	1.2430215084490666	1.907362752506467	1.412287996543788	0.5580656999582445	0.033702338868578936
VUHD116B_150_6_8	VUHD116B	VUHD116	fold_1	macrophage_profibrotic	POOLED	0.377849525634952	1.6366662109720675	0.6747688307241217	0.7464261566192647	1.2126532440874878	1.0067689744284452	1.650465103099594	1.6366461633418043	1.3996312100209045	1.1878919559497614	1.8326882601806302	1.4151924268206084	-0.3685766309843127	-0.05136656610831612
VUHD116B_150_6_9	VUHD116B	VUHD116	fold_1	macrophage_profibrotic	POOLED	0.880567305631032	1.6366694727662734	1.001222323868423	0.9543393445392261	1.3545973598036203	1.2276540561922573	1.5134960058806253	1.6366501720680744	1.1128168276611419	1.0638977942006134	1.2612044921313388	1.2035050148167477	-0.07377203890819406	-0.02250695203732515
VUHD116B_150_7_11	VUHD116B	VUHD116	fold_1	macrophage_profibrotic	POOLED	0.296322994376339	1.6366787812690504	1.10800778538436	1.0164150038270954	0.8598235281098772	0.870419572590135	1.1508364003967744	1.636663058027365	0.9961928759301083	0.7324818094069553	1.362539114560701	0.7500825025689065	-0.7200920094507564	-0.1292684250280546
VUHD116B_150_7_12	VUHD116B	VUHD116	fold_1	macrophage_profibrotic	POOLED	1.08949775654293	1.6366820430632563	1.104105294177794	1.1322950513442949	1.3894741128003334	1.3036462850295027	1.5484403378452036	1.636667066753635	1.5218837966964358	1.0559744043296913	1.5813584895223873	1.0145501129352705	-0.04279729480136485	-0.04066502494120067
VUHD116B_150_7_16	VUHD116B	VUHD116	fold_1	macrophage_profibrotic	POOLED	1.12875490213296	1.6366950902400799	1.521632154085989	1.450899705702228	1.0920214512626059	1.159142381968318	1.5293693028947581	1.6366831016587151	1.1341934789343107	1.1599736114593617	1.2186367276494259	0.9934460717626086	-0.322144803569268	0.028174273331931336
VUHD116B_150_7_6	VUHD116B	VUHD116	fold_1	macrophage_profibrotic	POOLED	1.34915348897368	1.636662472298021	1.3325943371324027	1.233327120222341	1.6555995267917132	1.5432820658096358	1.5054161314034302	1.636643014396015	1.80676237379899	1.3768510393008544	1.776343269246304	1.3913661918813423	0.115826368751339	0.06761898460068444
VUHD116B_150_7_9	VUHD116B	VUHD116	fold_1	macrophage_profibrotic	POOLED	0.934753939688138	1.6366722576806387	0.9480448739745957	0.9328704397504122	1.136884132219736	1.0466857273294194	1.439433484792052	1.6366550405748248	1.2583202925605383	0.8905159231879199	1.5305222961422569	0.8593637940389632	0.0018834999377258521	-0.039386695706398314
VUHD116B_150_8_11	VUHD116B	VUHD116	fold_1	macrophage_profibrotic	POOLED	0.777807877180516	1.6366815661834158	0.8239132878961961	0.6891001708156712	0.9314042658337918	0.8315591414671242	1.1553010679390767	1.6366679265341155	1.126328382017033	0.7966342100997396	1.5959114481208778	0.9147203588142618	0.08870770636484482	-0.14985663159936022
VUHD116B_150_8_12	VUHD116B	VUHD116	fold_1	macrophage_profibrotic	POOLED	0.797038825441092	1.6366848279776216	1.257635020500216	1.1299987744982478	1.4346974711969471	1.3841463654943804	1.3982008055065198	1.6366719352603853	1.2869525916642377	0.862552007956287	1.344309960540612	0.8748164934459671	-0.33295994905715587	-0.05231066651319971
VUHD116B_150_8_13	VUHD116B	VUHD116	fold_1	macrophage_profibrotic	POOLED	1.17818658017969	1.6366880897718274	1.00541492596729	1.0759205914288879	1.338773439379713	1.287905427925992	1.5878277119105801	1.6366759439866554	1.3515065469564893	1.0923598053620338	1.567982793536901	1.0753854774053555	0.10226598875080217	0.011653458685430142
VUHD116B_150_8_6	VUHD116B	VUHD116	fold_1	macrophage_profibrotic	POOLED	1.09829251463288	1.6366652572123863	1.2545384528093764	1.2230453294113959	1.2374756338367947	1.206073166378042	1.122702741831261	1.6366478829027653	1.0871188920295567	1.0075911391532681	1.165699632537199	0.9276550688335092	-0.12475281477851596	0.012405991952563457
VUHD116B_150_9_11	VUHD116B	VUHD116	fold_1	macrophage_profibrotic	POOLED	0.317563505675463	1.6366843510977809	0.6149424926516278	0.6216386624086829	1.3566171629871302	1.0796397855096727	1.60954705575187	1.636672795040866	1.1554724826737015	1.1098930480178884	1.5651813317602974	1.3616832308955584	-0.30407515673321994	0.0010500405372957516
VUHD116B_150_9_12	VUHD116B	VUHD116	fold_1	macrophage_profibrotic	POOLED	1.07575372815785	1.636687612891987	1.1194245061921009	1.043995688097651	1.3328323067552712	1.2255199827534804	1.4752323901158484	1.636676803767136	1.415080123597829	0.9403826096673873	1.6101706289384448	0.9566912262186026	0.03175804006019889	-0.05813609413648284
VUHD116B_150_9_13	VUHD116B	VUHD116	fold_1	macrophage_profibrotic	POOLED	1.2321539180974	1.6366908746861928	1.1481863392869758	1.1450876904484397	1.6894767455510222	1.5017844611498896	1.546916242248735	1.636680812493406	1.6688161334622797	1.3426513860221942	1.9117786330978803	1.4113628155433728	0.08706622764896021	0.04960607447624695
VUHD116B_150_9_15	VUHD116B	VUHD116	fold_1	macrophage_profibrotic	POOLED	1.46203342092524	1.6366973982746045	1.5392805109988605	1.5584836926808983	1.3619174486395924	1.387827757599554	1.7075728011198212	1.636688829945946	1.533669846313659	1.2715895082918625	1.537694859923596	1.2462844135616415	-0.09645027175565835	0.05286135543407803
VUHD116B_150_9_5	VUHD116B	VUHD116	fold_1	macrophage_profibrotic	POOLED	0.997967837249934	1.6366647803325456	1.2043904990317937	1.0531593304329836	1.120749054530957	1.091048680181411	1.417322473525651	1.636648742683246	1.251256033502643	0.9914896011891576	1.3280141034642587	0.9572237020921933	-0.05519149318304961	-0.04787922794243929
VUILD110LA_150_10_11	VUILD110LA	VUILD110	fold_1	macrophage_profibrotic	POOLED	1.27213161693674	1.636654183018103	1.493583590630637	1.4453059213415715	1.0611139840386792	1.0820266262814524	1.189006081922012	1.636656864223513	1.3563519557731447	1.2563897253404173	1.4036578280685992	1.1834933423208818	-0.1731743044048315	-0.15172162901554703
VUILD110LA_150_10_12	VUILD110LA	VUILD110	fold_1	macrophage_profibrotic	POOLED	0.740874831060836	1.6366555911076632	1.5646233905508673	1.410746098703582	1.693374477195003	1.6012411920044454	1.3387522040038125	1.636659019453094	1.4528395781342476	1.3476301111228581	1.6549987214864872	1.2415263346345708	-0.6698712676427461	-0.11127377167184105
VUILD110LA_150_10_13	VUILD110LA	VUILD110	fold_1	macrophage_profibrotic	POOLED	0.712837235081025	1.6366569991972235	1.564930838017316	1.60233036471937	1.2755734141407422	1.3623854550681989	1.5232431286399237	1.636661174682675	1.9031554183816652	1.3587018785466647	1.7875570244720167	1.2413531297957654	-0.889493129638345	-0.10721574115433286
VUILD110LA_150_10_14	VUILD110LA	VUILD110	fold_1	macrophage_profibrotic	POOLED	0.406619833302772	1.6366584072867836	1.2042049068851126	1.2476884392715917	1.8281341028411497	1.7630336300319862	1.292740763562191	1.636663329912256	1.907727886965285	1.6302014669705112	1.8150703245830608	1.772795223336926	-0.8410686059688197	-0.04096690371056353
VUILD110LA_150_10_22	VUILD110LA	VUILD110	fold_1	macrophage_profibrotic	POOLED	1.17963406953615	1.6366696720032656	1.2521432240922836	1.3077646340262512	1.1587048900672015	1.272560154180584	1.3304672767071009	1.6366805717489032	1.6005591607910503	1.0932723826630248	1.7030793822016759	0.9090532976821842	-0.12813056449010118	-0.1612495679202567
VUILD110LA_150_10_23	VUILD110LA	VUILD110	fold_1	macrophage_profibrotic	POOLED	2.32013570554701	1.636671080092826	2.4990956542557723	2.598124854272592	1.891910001276564	2.065211239624518	1.5968148473030164	1.6366827269784843	1.949958955410835	2.094952429105541	1.7698021346696815	1.990719788041325	-0.2779891487255819	-0.09756762740587077
VUILD110LA_150_10_24	VUILD110LA	VUILD110	fold_1	macrophage_profibrotic	POOLED	1.97910824456247	1.6366724881823862	3.7205677262715073	3.613530401782521	2.6079980904522793	2.905510375267075	1.812370137838688	1.6366848822080653	2.6202573119822317	2.417807677833536	2.0758470809456715	2.128023936926416	-1.634422157220051	-0.03584116351838415
VUILD110LA_150_10_25	VUILD110LA	VUILD110	fold_1	macrophage_profibrotic	POOLED	2.05599788641935	1.6366738962719465	3.2577269031403087	3.0692101508013208	2.552317633776584	2.7051476446586156	1.9314106335997805	1.636687037437646	2.629478653059379	2.3445645197690004	2.2412527413503276	2.1364833588366077	-1.0132122643819708	0.038932229499986724
VUILD110LA_150_10_26	VUILD110LA	VUILD110	fold_1	macrophage_profibrotic	POOLED	1.13238237905667	1.6366753043615065	1.3119292427526306	1.285575443150259	0.9930798933076264	0.9797782921994961	1.7654837803386507	1.6366891926672271	0.983059292449715	1.0213125304020374	0.9786366689430412	1.0339247973493952	-0.15319306409358902	-0.23711528809504898
VUILD110LA_150_10_29	VUILD110LA	VUILD110	fold_1	macrophage_profibrotic	POOLED	0.924646439914282	1.6366795286301874	1.4471415973466937	1.5120320482233502	1.289501479738684	1.3792897605041836	1.3975545910385454	1.63669565835597	1.770446559465109	1.3088204212703793	1.6567876632951928	1.319212292348617	-0.5873856083090683	-0.1723319237904567
VUILD110LA_150_10_30	VUILD110LA	VUILD110	fold_1	macrophage_profibrotic	POOLED	2.32827587119922	1.6366809367197477	2.1747665675599297	2.1846898998860165	1.8222667738555747	1.9130476345845504	1.532692562574827	1.6366978135855508	2.0278825200493835	1.8734570984862533	1.8669332783846544	1.8903887926988214	0.1435859713132035	-0.04736880273070221
VUILD110LA_150_10_31	VUILD110LA	VUILD110	fold_1	macrophage_profibrotic	POOLED	0.761457098409216	1.636682344809308	1.514422673379345	1.5997367051135407	1.9443598129338058	1.8476435750048927	1.6724793956421544	1.6366999688151318	1.5965106913360556	1.417017652926437	1.7532249878454935	1.5863865840132976	-0.8382796067043247	-0.13421379333636008
VUILD110LA_150_10_32	VUILD110LA	VUILD110	fold_1	macrophage_profibrotic	POOLED	0.672859730335159	1.636683752898868	1.6322898544278543	1.462710865350414	1.0697860712547245	1.108992869719044	1.7923426308658004	1.6367021240447126	1.026638477762661	1.0638330003571552	0.9213788005823267	1.1511157569790522	-0.789851135015255	-0.2760647254358971
VUILD110LA_150_10_33	VUILD110LA	VUILD110	fold_1	macrophage_profibrotic	POOLED	0.547530039187724	1.6366851609884283	1.8506788422558145	1.8300428614912312	1.5929282886514236	1.6271373466945076	1.39538413927485	1.6367042792742936	1.775308737350671	1.397520042249128	1.4853963815170965	1.2986618295346006	-1.2825128223035072	-0.09471392518806546
VUILD110LA_150_10_34	VUILD110LA	VUILD110	fold_1	macrophage_profibrotic	POOLED	2.35083178148755	1.6366865690779886	1.8225739672018704	1.8333603801892902	2.5856940302810494	2.486375994034887	1.9669036841000234	1.6367064345038747	2.550788795218101	2.3795369371573885	2.6933187642211136	2.499543004050082	0.51747140129826	0.015232633330344518
VUILD110LA_150_10_35	VUILD110LA	VUILD110	fold_1	macrophage_profibrotic	POOLED	2.35828198294893	1.6366879771675489	1.527149581036079	1.4275178551168999	2.1468819189341684	2.068322089078504	1.2907420278311665	1.6367085897334555	1.8789174690667192	1.8112157175788088	2.083988987039	1.9113937029601478	0.9307641278320302	-0.07709408691501396
VUILD110LA_150_10_36	VUILD110LA	VUILD110	fold_1	macrophage_profibrotic	POOLED	0.765053709743588	1.6366893852571092	1.2344569152169274	1.2160580432481334	1.4711548388487612	1.3801449354385753	0.8774418620734339	1.6367107449630365	1.0722811967910644	1.258331857912407	1.2363942555609304	1.368865829958455	-0.4510043335045454	-0.20912818896705598
VUILD110LA_150_10_9	VUILD110LA	VUILD110	fold_1	macrophage_profibrotic	POOLED	1.58777801014182	1.6366513668389824	1.6589126505900755	1.5780378744140722	1.1359090951918698	1.225294555619737	1.0263468564786635	1.6366525537643513	1.2207584660619708	1.186040103847597	1.1396600048085308	1.1398914304650254	0.00974013572774779	-0.10452491967200611
VUILD110LA_150_11_11	VUILD110LA	VUILD110	fold_1	macrophage_profibrotic	POOLED	1.66566664024614	1.6366558598000283	1.2882037413563836	1.3192172901397794	1.557847481683149	1.5040022475088928	1.3732533753426293	1.6366606247390052	1.4264335158925503	1.510148074997681	1.516103201592853	1.7100327512191196	0.3464493501063606	-0.15809838001029186
VUILD110LA_150_11_12	VUILD110LA	VUILD110	fold_1	macrophage_profibrotic	POOLED	1.0882054960147	1.6366572678895885	1.5191130282820655	1.3836982331065686	1.5838963086356554	1.6172854953696432	1.612925119358443	1.6366627799685862	1.6210778665543022	1.4479984533059183	1.7222375361225466	1.534989402918703	-0.2954927370918685	-0.13860800916998742
VUILD110LA_150_11_13	VUILD110LA	VUILD110	fold_1	macrophage_profibrotic	POOLED	0.660941972353544	1.6366586759791488	1.3704788879430163	1.3944898695819448	1.7975898913404165	1.694250244414103	1.7617510591954333	1.636664935198167	2.0111902979433767	1.479680432825491	2.05430784468032	1.4907865002811376	-0.7335478972284007	-0.03323121095404373
VUILD110LA_150_11_16	VUILD110LA	VUILD110	fold_1	macrophage_profibrotic	POOLED	2.66956511694359	1.6366629002478297	2.5306479636329384	2.2795320077168317	2.560845698221305	2.569564885419187	1.610024828305746	1.6366714008869099	2.3768919045459302	2.3149508309757274	2.396835133569672	2.3676703545855506	0.39003310922675816	0.10639233188932254
VUILD110LA_150_11_22	VUILD110LA	VUILD110	fold_1	macrophage_profibrotic	POOLED	1.72459251435947	1.6366713487851912	2.5135211340066697	2.4732227137608325	2.055341796038258	2.2085994736394143	1.6825959323025534	1.6366843322643956	2.5201414340557924	2.335786964714756	2.24074460874185	2.4001365608738214	-0.7486301994013624	-0.05405381112706757
VUILD110LA_150_11_23	VUILD110LA	VUILD110	fold_1	macrophage_profibrotic	POOLED	2.28365887523968	1.6366727568747512	3.817884254160525	3.6611353027076454	2.226473083818827	2.7245984722362113	1.7100019300983704	1.6366864874939764	2.894135338753976	2.2748479544703963	2.2286649600944557	1.9014296034354148	-1.3774764274679656	0.01341282537975911
VUILD110LA_150_11_24	VUILD110LA	VUILD110	fold_1	macrophage_profibrotic	POOLED	1.52597683045599	1.6366741649643115	3.4221764306756794	3.345092087007968	2.367388912493799	2.774996670613812	1.9936226989116872	1.6366886427235574	2.7874565589104012	2.28245726860942	2.3200918036288947	2.034309062532897	-1.8191152565519781	-0.03140364133431865
VUILD110LA_150_11_25	VUILD110LA	VUILD110	fold_1	macrophage_profibrotic	POOLED	1.61615996301573	1.6366755730538718	2.1272898227607255	2.119933549643133	2.3062704703455803	2.4107618223884324	1.7756726784290346	1.6366907979531382	2.203961749428763	1.8925056007004417	1.9736390729214657	1.7123530007517376	-0.5037735866274029	-0.002166750523239277
VUILD110LA_150_11_27	VUILD110LA	VUILD110	fold_1	macrophage_profibrotic	POOLED	2.57694453954169	1.6366783892329924	1.887779936758848	1.7565584307267506	1.6400440674685992	1.72627977430163	1.4835343893361177	1.6366951084123003	2.04027451947322	1.9641252350155574	1.9563111050242734	2.0396215118647274	0.8203861088149396	-0.04644948798381632
VUILD110LA_150_11_28	VUILD110LA	VUILD110	fold_1	macrophage_profibrotic	POOLED	2.32074494247599	1.6366797973225526	1.8300174917591339	1.863784539281513	1.712136398940573	1.8234499611310129	1.4189950255744908	1.636697263641881	2.25573513381244	1.9965398867387243	2.067835275050786	2.059539945294423	0.45696040319447695	-0.09470929627872199
VUILD110LA_150_11_29	VUILD110LA	VUILD110	fold_1	macrophage_profibrotic	POOLED	1.0832148822285	1.6366812054121127	1.673551674738908	1.6413293992451314	1.7736120561726458	1.814944947650301	1.6042744812165468	1.636699418871462	2.0737927709917696	1.7586888409162904	1.9753422310574247	1.88869681261553	-0.5581145170166315	-0.1298080604484006
VUILD110LA_150_11_30	VUILD110LA	VUILD110	fold_1	macrophage_profibrotic	POOLED	1.81761703870319	1.636682613501673	2.6891300825475484	2.533338784903105	1.4501372162422397	1.563993330540921	1.7284581755738424	1.6367015741010429	1.8622454464681506	1.409560940777682	1.4413860040306394	1.4601687839432405	-0.7157217461999148	-0.21822616194205902
VUILD110LA_150_11_31	VUILD110LA	VUILD110	fold_1	macrophage_profibrotic	POOLED	1.18205665779914	1.6366840215912333	1.9707585702012955	1.8580389079347492	1.1598201755338022	1.2139851853748262	2.375571671720124	1.636703729330624	1.4212344562832517	1.2031445578491495	1.0789004147153842	1.2305324481348483	-0.6759822501356092	-0.15633102109787642
VUILD110LA_150_11_32	VUILD110LA	VUILD110	fold_1	macrophage_profibrotic	POOLED	0.666214582115624	1.6366854296807936	1.1498614617138165	1.294107043163369	1.6964685958794203	1.5798403126916758	1.9982122252222083	1.636705884560205	1.5342932907823874	1.456193492181663	1.6598428949028883	1.5854417791040503	-0.627892461047745	-0.1920699458263343
VUILD110LA_150_11_33	VUILD110LA	VUILD110	fold_1	macrophage_profibrotic	POOLED	1.19395230951715	1.6366868377703538	2.2366835629629804	2.14532897006639	1.7181797700233514	1.7860775770694868	1.4258280805661223	1.6367080397897857	2.243739285654655	1.8620320443801952	2.1554969416625402	1.9570319619605359	-0.95137666054924	-0.07008932759385306
VUILD110LA_150_11_34	VUILD110LA	VUILD110	fold_1	macrophage_profibrotic	POOLED	2.6265700029569	1.6366882458599141	2.2711448638502545	2.188008621132993	2.427143432304468	2.389861906692703	1.6000368399588585	1.6367101950193668	2.584164891703551	2.2766384358510217	2.8402814835504238	2.282523069797466	0.43856138182390714	-0.06555082681927199
VUILD110LA_150_11_36	VUILD110LA	VUILD110	fold_1	macrophage_profibrotic	POOLED	2.9567272993675	1.6366910620390345	1.9681789457172338	1.7474990395891672	2.1105844800606572	2.109141956033007	1.5603812736347882	1.6367145054785286	1.8731907437121802	1.721688980348711	1.8769128707852083	1.6342406238593046	1.2092282597783328	-0.07828843002416677
VUILD110LA_150_12_10	VUILD110LA	VUILD110	fold_1	macrophage_profibrotic	POOLED	0.691899856418101	1.6366561284923935	0.8963594219749206	1.0219081155624021	1.0766006183662125	1.0561820391955719	1.0963840522895907	1.6366622300249165	1.0802707345648717	0.9536124958077101	1.0377057255009179	0.920248633235484	-0.3300082591443011	-0.09378084952081531
VUILD110LA_150_12_11	VUILD110LA	VUILD110	fold_1	macrophage_profibrotic	POOLED	1.06653710962912	1.6366575365819538	1.5554611233896618	1.4338140109301973	1.3663105018921127	1.305500078753516	1.3577642693416294	1.6366643852544973	1.266182784530685	1.423719154641029	1.5315374635503918	1.4501222166005214	-0.36727690130107726	-0.04724766372466415
VUILD110LA_150_12_12	VUILD110LA	VUILD110	fold_1	macrophage_profibrotic	POOLED	0.570109854580808	1.636658944671514	1.2596564129580796	1.3216167643615204	1.1169207268325847	1.189925447282428	1.142018760116276	1.6366665404840783	1.6656923866889823	1.070169088905919	1.550059955889852	1.097411229258194	-0.7515069097807124	-0.05197133967590095
VUILD110LA_150_12_13	VUILD110LA	VUILD110	fold_1	macrophage_profibrotic	POOLED	0.710648503756689	1.6366603527610741	1.3584600717759516	1.2981654830887677	1.2468514912007045	1.1221536367436726	1.3420425101837323	1.6366686957136591	1.532615532034399	1.2649123665073794	1.6763518651321871	1.4150973784506649	-0.5875169793320787	-0.03839927415876901
VUILD110LA_150_12_14	VUILD110LA	VUILD110	fold_1	macrophage_profibrotic	POOLED	1.45395082516978	1.6366617608506344	1.8409146767892353	1.7795916429719192	1.577804722106897	1.647019780118882	1.436061240547905	1.6366708509432402	1.81685126668697	1.5456277614260916	1.5954895233246809	1.5054069208048924	-0.32564081780213927	-0.03463625489970845
VUILD110LA_150_12_16	VUILD110LA	VUILD110	fold_1	macrophage_profibrotic	POOLED	0.852064435885952	1.636664577029755	1.2711475501874339	1.295742403050233	1.2374025503447288	1.224645939450157	0.879881256407179	1.636675161402402	1.2341010864706672	1.3220383662712134	1.333073636944048	1.2482724539983532	-0.4436779671642809	-0.1204761213575862
VUILD110LA_150_12_17	VUILD110LA	VUILD110	fold_1	macrophage_profibrotic	POOLED	1.95733413332598	1.6366659851193153	1.9488484714125087	1.7564584913370997	1.8271057566227642	1.8363061419246738	1.5913544150268044	1.636677316631983	1.8586469510309347	1.7661084614897098	2.0698137035628092	1.7976002145768293	0.2008756419888802	-0.0765709617913996
VUILD110LA_150_12_18	VUILD110LA	VUILD110	fold_1	macrophage_profibrotic	POOLED	1.37118584447341	1.6366673932088756	1.483079330591604	1.538892410249464	1.5668853243635146	1.564081645329249	1.8708195478993614	1.6366794718615638	1.573258711645956	1.5567850119568445	1.7061717011095021	1.5690950775670713	-0.16770656577605414	-0.10268551977800194
VUILD110LA_150_12_22	VUILD110LA	VUILD110	fold_1	macrophage_profibrotic	POOLED	1.11873208759089	1.6366730255671165	1.64334287442376	1.6108434054282652	1.67519296955539	1.7450443627856485	1.314699336005008	1.6366880927798877	1.8013373185049908	1.3893488027911638	1.7824308808241658	1.2925753226500785	-0.4921113178373753	-0.13891235791963055
VUILD110LA_150_12_23	VUILD110LA	VUILD110	fold_1	macrophage_profibrotic	POOLED	1.8333572996054	1.6366744336566768	2.4019728463042087	2.2385460119384755	2.4814406647041123	2.486422979497106	1.6443912453272005	1.6366902480094685	2.6700076105454733	2.330813939810099	2.4931084071672096	2.412623538313503	-0.4051887123330755	-0.0427254919283144
VUILD110LA_150_12_24	VUILD110LA	VUILD110	fold_1	macrophage_profibrotic	POOLED	1.09221977173851	1.636675841746237	1.4572116739901457	1.5109707683873117	1.7437281836082608	1.6928175575185611	1.7217089126273517	1.6366924032390495	2.0101378261880987	1.5482801607363723	2.023457508231016	1.5656962239900114	-0.41875099664880167	-0.12566209870546946
VUILD110LA_150_12_27	VUILD110LA	VUILD110	fold_1	macrophage_profibrotic	POOLED	1.93731927776807	1.6366800660149177	1.2399289717463464	1.2723519541456838	1.799292635293397	1.7306950320917993	1.1635854919490025	1.6366988689277924	2.043911442101774	1.7561242318588852	2.043170859142332	1.9268948714151377	0.6649673236223861	-0.10010635934594775
VUILD110LA_150_12_28	VUILD110LA	VUILD110	fold_1	macrophage_profibrotic	POOLED	2.56341512150441	1.636681474104478	2.4453578358808334	2.1258611945284303	2.314004746073532	2.3565669308598336	1.613413031682578	1.6367010241573732	2.3942361155709797	2.309012335506432	2.43251124070525	2.3431548438370005	0.43755392697597983	-0.07125863204489413
VUILD110LA_150_12_29	VUILD110LA	VUILD110	fold_1	macrophage_profibrotic	POOLED	1.56620629608205	1.6366828821940382	1.6304506937717496	1.5607044750755417	1.769786407507766	1.7267566137456793	1.6073089906218536	1.6367031793869542	2.0272738871775955	1.6370364378215219	2.0041448526309966	1.7864605640609441	0.005501821006508312	-0.09605438146927872
VUILD110LA_150_12_30	VUILD110LA	VUILD110	fold_1	macrophage_profibrotic	POOLED	1.11693693952631	1.6366842902835985	1.4238909621496623	1.3806899647797635	1.5684783209058109	1.45493604390511	1.432386090647657	1.636705334616535	1.69533387902269	1.4294539128392754	1.61012042246883	1.6284402097661275	-0.26375302525345345	-0.20588753878246255
VUILD110LA_150_12_31	VUILD110LA	VUILD110	fold_1	macrophage_profibrotic	POOLED	0.472413348268167	1.6366856983731588	1.201633845076755	1.3293477248422336	1.2970329796589362	1.1995023300702035	2.2483530153895277	1.636707489846116	1.3151153223983938	0.8789582603623152	1.1232817974390699	0.9200752665850614	-0.8569343765740667	-0.2262973161237347
VUILD110LA_150_12_32	VUILD110LA	VUILD110	fold_1	macrophage_profibrotic	POOLED	1.42331124573363	1.6366871064627189	1.2851107007458076	1.3480973955842137	1.8771332933741784	1.7803200461821687	1.4640399775881239	1.636709645075697	2.0928687147847094	1.972149263991157	2.168663260095815	2.2397750727904233	0.0752138501494164	-0.09647617003049425
VUILD110LA_150_12_33	VUILD110LA	VUILD110	fold_1	macrophage_profibrotic	POOLED	3.01697409730696	1.6366885145522792	2.169825288690606	2.049891910473194	2.190462002811831	2.1933978442569377	1.4052454701312205	1.6367118003052779	2.3671126771341524	2.096142292115809	2.462556725248785	2.166196788358014	0.9670821868337662	-0.11214010527563528
VUILD110LA_150_12_34	VUILD110LA	VUILD110	fold_1	macrophage_profibrotic	POOLED	1.95885192449031	1.6366899226418394	1.6537833645062994	1.668006369053587	1.808405982668916	1.8031917952822027	1.6627737379288139	1.6367139555348589	1.6848024725385788	1.4147057503114544	1.7613604852665141	1.3115117176007827	0.2908455554367231	-0.18573039317244333
VUILD110LA_150_12_35	VUILD110LA	VUILD110	fold_1	macrophage_profibrotic	POOLED	0.820288986352758	1.6366913307313997	1.718339454707672	1.6154353832163992	2.0083742689243773	1.9521156026678135	1.3876440262479477	1.6367161107644397	1.7852453955103709	1.4939866335885625	1.8081345301687848	1.5382930900323344	-0.7951463968636412	-0.13924232355859642
VUILD110LA_150_13_12	VUILD110LA	VUILD110	fold_1	macrophage_profibrotic	POOLED	0.79149854933193	1.6366606214534394	1.2494771925776182	1.2303011179549121	1.3178325771960302	1.279153116619739	1.4259588195219695	1.6366703009995704	1.4307401780930784	1.0023320154221786	1.4122658234295222	0.9734991706270577	-0.43880256862298217	-0.1209065769257456
VUILD110LA_150_13_13	VUILD110LA	VUILD110	fold_1	macrophage_profibrotic	POOLED	1.05823554332643	1.6366620295429997	1.2721918403119352	1.233722654085919	1.0518416029419746	1.0447836792613354	1.2910677594152302	1.6366724562291513	1.216937043703216	1.2447638326790882	1.3160418111874534	1.3057173156090567	-0.17548711075948886	-0.15865168459624573
VUILD110LA_150_13_14	VUILD110LA	VUILD110	fold_1	macrophage_profibrotic	POOLED	0.997777728948506	1.63666343763256	1.5345132095976253	1.4449303606263686	1.1781896147235253	1.1816819114934134	1.2073525831020167	1.6366746114587323	1.407398437878923	1.2884093262717133	1.3572259965578073	1.2901642742323243	-0.44715263167786257	-0.1732945609928592
VUILD110LA_150_13_15	VUILD110LA	VUILD110	fold_1	macrophage_profibrotic	POOLED	0.938695415588983	1.6366648457221202	1.1053015145694207	1.211762253118983	1.0368562919113709	1.0350772588530734	1.3276805467057755	1.6366767666883133	0.9582135931828529	1.1698278161450677	1.0028780769273515	1.1491531936593375	-0.27306683752999994	-0.12201519193796925
VUILD110LA_150_13_16	VUILD110LA	VUILD110	fold_1	macrophage_profibrotic	POOLED	0.810000035999845	1.6366662538116803	1.2073561703318576	1.0837123444270316	1.420936029623252	1.3629199675155566	1.300234212008003	1.636678921917894	1.2595335163569543	1.3519832725605985	1.407082391565211	1.3716170779586911	-0.2737123084271865	-0.08529894781937802
VUILD110LA_150_13_19	VUILD110LA	VUILD110	fold_1	macrophage_profibrotic	POOLED	1.71007008916132	1.6366704780803611	1.7475496648288338	1.5290552554995285	1.068146164071384	1.1744760650928914	1.4450393150530516	1.636685387606637	1.45331271786046	1.0994818583885455	1.4674517563738103	0.9875145656530335	0.1810148336617916	-0.08052765051534694
VUILD110LA_150_13_20	VUILD110LA	VUILD110	fold_1	macrophage_profibrotic	POOLED	1.91994126026054	1.6366718861699214	1.5100790095169518	1.5899858149684618	1.750768828547401	1.7806182646517987	1.5516270537657781	1.636687542836218	1.6121534793239265	1.787313445134383	1.6497005211214164	1.7323842928527642	0.3299554452920781	-0.024292516714924113
VUILD110LA_150_13_21	VUILD110LA	VUILD110	fold_1	macrophage_profibrotic	POOLED	2.68717972518008	1.6366732942594817	2.1807856857191474	1.9444566382050494	1.9618024103333302	1.9755809956470376	1.5517365336738227	1.6366896980657988	1.9812170355011585	1.6900128300783606	1.8223728970865225	1.7149048777221458	0.7427230869750305	-0.050196958901602126
VUILD110LA_150_13_26	VUILD110LA	VUILD110	fold_1	macrophage_profibrotic	POOLED	0.577615690677744	1.636680334707283	1.1246648539061321	1.0568740144131774	1.1684511460293385	1.1704948691807062	1.370626630692236	1.6367004742137035	1.198358840245225	1.0296166302007979	1.119404384032656	1.0863531950441803	-0.4792583237354334	-0.23416368364293094
VUILD110LA_150_13_28	VUILD110LA	VUILD110	fold_1	macrophage_profibrotic	POOLED	0.670643987960021	1.6366831508864033	1.0882706394999242	1.1005425030717406	1.1915081417250286	1.1189876393419582	1.3157396783114648	1.6367047846728653	0.8661244550575319	1.0890823027480119	0.7958510979570942	1.2373800679268627	-0.4298985151117196	-0.25047266405023616
VUILD110LA_150_13_29	VUILD110LA	VUILD110	fold_1	macrophage_profibrotic	POOLED	0.44347151122696	1.6366845589759635	1.0748426514744205	1.0088080610073935	1.4804709824662878	1.3723263019806347	1.8642928953849154	1.6367069399024463	1.3167274881631075	1.4902845257796655	1.3151434492712728	1.664308370458944	-0.5653365497804335	-0.05761325594632699
VUILD110LA_150_13_30	VUILD110LA	VUILD110	fold_1	macrophage_profibrotic	POOLED	0.940354145623485	1.6366859670655238	1.2775749134637417	1.2534808626581255	1.6829479174203672	1.5960059398102595	1.741598300444116	1.6367090951320273	1.58703507773335	1.3177055616955693	1.480944754546683	1.4189602916495105	-0.31312671703464057	-0.13751485473651462
VUILD110LA_150_13_31	VUILD110LA	VUILD110	fold_1	macrophage_profibrotic	POOLED	1.23438540590619	1.6366873751550841	1.6211473160498793	1.566025098181253	2.058317624813819	1.922652145995917	1.9358780139114655	1.6367112503616081	1.8459718929606264	1.7477185524948666	1.9345696770346577	1.9080325635215634	-0.33163969227506285	0.014575333460248668
VUILD110LA_150_13_32	VUILD110LA	VUILD110	fold_1	macrophage_profibrotic	POOLED	0.63609087608849	1.6366887832446444	1.4974105814426832	1.3569331913334615	1.5363474173602265	1.4437614824895006	1.5279444736455283	1.6367134055911892	1.2276936411967354	1.06111932048724	1.471138949522256	1.1007318711411962	-0.7208423152449714	-0.26844722977578034
VUILD110LA_150_13_37	VUILD110LA	VUILD110	fold_1	macrophage_profibrotic	POOLED	0.751665288613721	1.6366958236924456	1.5199725071012244	1.4327658764979656	1.6977623742344947	1.6383613316588934	2.8994936202397312	1.6367241817390938	1.3882363488172262	1.3880637992601943	1.500052024901585	1.457799145884861	-0.6811005878842447	-0.16550856196244124
VUILD110LA_150_13_8	VUILD110LA	VUILD110	fold_1	macrophage_profibrotic	POOLED	2.10330537497931	1.6366549890951985	1.8571238353142199	1.644233970523608	1.5058304630119095	1.5020164901985564	1.3883134940857809	1.6366616800812466	1.4267092254670302	1.4466715751572021	1.304767228274196	1.3873016106851546	0.45907140445570205	-0.04117867469095367
VUILD110LA_150_14_12	VUILD110LA	VUILD110	fold_1	macrophage_profibrotic	POOLED	0.640161466231729	1.6366622982353647	1.0585560016214868	1.0742077314403864	1.7171571976240636	1.5799201230585418	1.5647048901916505	1.6366740615150626	1.3761533652568412	1.43115149508377	1.4004544650521948	1.5559175218909642	-0.4340462652086574	-0.12171857186230936
VUILD110LA_150_14_14	VUILD110LA	VUILD110	fold_1	macrophage_profibrotic	POOLED	2.23699912261998	1.6366651144144853	2.2199473624632473	2.0123495246186245	1.2856961453356883	1.4704697471318253	1.211431456459414	1.6366783719742244	1.5884397971866373	1.452518105407757	1.215001263027671	1.2815215019863304	0.22464959800135542	-0.0775121349562062
VUILD110LA_150_14_16	VUILD110LA	VUILD110	fold_1	macrophage_profibrotic	POOLED	0.751127292482995	1.6366679305936058	0.9636170155900532	0.9656276140271423	1.0969697554211366	0.990514642256811	1.0924065972108903	1.6366826824333862	0.8738837603077689	1.0172330629756952	1.0282297760175103	1.0636669754328567	-0.21450032154414722	-0.12266664755545106
VUILD110LA_150_14_25	VUILD110LA	VUILD110	fold_1	macrophage_profibrotic	POOLED	0.278117514503507	1.636680603399648	1.0152850875666597	0.994375796768668	1.2705689170782015	1.1572210815266053	2.221012663541609	1.6367020794996148	1.2446671055672012	1.1670837068913302	1.3100257987826422	1.3052983489486925	-0.7162582822651611	-0.15371393836391875
VUILD110LA_150_14_26	VUILD110LA	VUILD110	fold_1	macrophage_profibrotic	POOLED	1.34398889223767	1.6366820114892082	1.5594629629482681	1.3959942288890854	1.459038169300111	1.3988703755463237	1.5709835493656432	1.6367042347291956	1.5273768996817236	1.4451373713938631	1.5259534428828259	1.4859601478083109	-0.05200533665141549	-0.08572929502332252
VUILD110LA_150_14_27	VUILD110LA	VUILD110	fold_1	macrophage_profibrotic	POOLED	0.434823182038853	1.6366834195787685	1.305718668744292	1.2124356628288526	1.2250613670335893	1.2356498111151895	1.3338755294719922	1.6367063899587766	1.2616861403510402	1.2338918332049484	1.2104821732415836	1.32502866121753	-0.7776124807899996	-0.1982993143213455
VUILD110LA_150_14_30	VUILD110LA	VUILD110	fold_1	macrophage_profibrotic	POOLED	1.4049648652095	1.6366876438474494	1.583504134806645	1.3617366471333952	1.6132329687652598	1.5299219966566269	1.8258700720603067	1.6367128556475194	1.895402485571794	1.6948339434728754	1.790386131772265	1.8893950384854525	0.043228218076104774	-0.09304470806121481
VUILD110LA_150_14_31	VUILD110LA	VUILD110	fold_1	macrophage_profibrotic	POOLED	1.29072810126135	1.6366890519370094	2.153721313285417	1.883072737730635	2.3771932250800796	2.2463394883683128	1.9127229053858112	1.6367150108771003	2.6398278053671125	2.1353553624437205	2.7910043333846497	2.258730312351548	-0.592344636469285	0.027144396621024094
VUILD110LA_150_14_34	VUILD110LA	VUILD110	fold_1	macrophage_profibrotic	POOLED	1.24556344926271	1.6366932762056903	1.2249041480205336	1.1309083900448758	1.8122866535653035	1.7369864366199101	1.5139731425803613	1.636721476565843	1.8955117417699479	1.7357250592570719	1.7639713507633328	1.8760103053313888	0.11465505921783414	-0.12101318674927877
VUILD110LA_150_14_35	VUILD110LA	VUILD110	fold_1	macrophage_profibrotic	POOLED	1.69675995914207	1.6366946842952506	1.3706167661868038	1.3999792938551068	1.7481337654020448	1.6090701906378437	1.3151090989339147	1.6367236317954241	1.175843617018661	1.55634064681919	1.530449804830901	1.4763514417960244	0.2967806652869631	-0.20021593063536092
VUILD110LA_150_14_36	VUILD110LA	VUILD110	fold_1	macrophage_profibrotic	POOLED	2.05566478819715	1.6366960923848108	1.325019213016238	1.4474000546806147	2.0918418234676937	1.9312894024377008	1.5150980103940173	1.636725787025005	1.662122619937804	1.8122857355356945	1.8185670424711788	1.8614519246489634	0.6082647335165352	-0.08934361444174102
VUILD110LA_150_14_37	VUILD110LA	VUILD110	fold_1	macrophage_profibrotic	POOLED	1.19905998229963	1.636697500474371	1.7473649551520767	1.7287814333932134	1.6858703129354378	1.650829321658725	2.8789292596940737	1.636727942254586	1.7516693857134813	1.578170835655822	1.8645767008219618	1.5869694818106133	-0.5297214510935835	-0.1289916167381208
VUILD110LA_150_14_38	VUILD110LA	VUILD110	fold_1	macrophage_profibrotic	POOLED	0.807009222622734	1.6366989085639312	1.2765815439811317	1.4797496992127892	1.196671576195304	1.1740606921380488	1.2958763730147773	1.6367300974841668	1.234881725150906	1.239814510990856	1.30647257860892	1.193588223826334	-0.6727404765900552	-0.26025432692934536
VUILD110LA_150_15_22	VUILD110LA	VUILD110	fold_1	macrophage_profibrotic	POOLED	0.437576746468787	1.6366780559128926	1.0709587445062185	1.0931845944724503	1.01256964140284	1.0526900277357836	1.2288669513445978	1.636699374326364	0.7235352212825681	0.9378066835137666	0.9815823275798143	0.8781234842054567	-0.6556078480036633	-0.23556430712146192
VUILD110LA_150_15_23	VUILD110LA	VUILD110	fold_1	macrophage_profibrotic	POOLED	0.588571862682363	1.636679464002453	1.453215825088262	1.262597133062243	1.2938540455642917	1.2373638139897394	1.4285144827242144	1.636701529555945	1.4374305898091841	1.2293537539461772	1.4746646357884214	1.3339070803723794	-0.67402527037988	-0.285851877024414
VUILD110LA_150_15_25	VUILD110LA	VUILD110	fold_1	macrophage_profibrotic	POOLED	1.40076887459398	1.6366822801815735	1.4700071900640288	1.4221625488218472	1.2432073404887958	1.2514492284311534	1.815789971464575	1.6367058400151069	1.5587070221088153	1.5561828514231961	1.594818106495127	1.553380079300262	-0.02139367422786731	-0.08589334286803504
VUILD110LA_150_15_26	VUILD110LA	VUILD110	fold_1	macrophage_profibrotic	POOLED	1.035635755364	1.6366836882711338	1.47645198558089	1.5536790693971505	1.1082463225859733	1.1483067156262265	1.5788773042003943	1.6367079952446877	1.2674551529136995	1.2326332109525566	1.0842366729027648	1.1478202352574285	-0.5180433140331504	-0.11386076186503075
VUILD110LA_150_15_27	VUILD110LA	VUILD110	fold_1	macrophage_profibrotic	POOLED	1.58357472118394	1.636685096360694	1.5817585950854047	1.3622552570668782	1.3954300668204582	1.450782313549121	1.8064748017544172	1.6367101504742687	1.3216547622586352	1.4460855513009208	1.1990882903306908	1.4933544830216103	0.22131946411706171	-0.06913275690692273
VUILD110LA_150_15_30	VUILD110LA	VUILD110	fold_1	macrophage_profibrotic	POOLED	1.23621490729042	1.6366893206293747	1.1706185048398612	1.2412211073718937	1.1173773096423658	1.0177564205262968	2.462533448247003	1.6367166161630116	1.3622880050190869	0.9327891376435511	1.3379432168610401	1.0648360364915612	-0.005006200081473677	-0.2379761688017749
VUILD110LA_150_15_31	VUILD110LA	VUILD110	fold_1	macrophage_profibrotic	POOLED	1.43896962243451	1.636690728718935	2.154329218094376	2.1193383993585004	2.1094984719892804	2.110917008315453	1.9350496604803116	1.6367187713925924	2.4504939033334194	1.960660503577606	2.193212189433009	2.0334658291260577	-0.6803687769239903	-0.026766384752385804
VUILD110LA_150_15_32	VUILD110LA	VUILD110	fold_1	macrophage_profibrotic	POOLED	1.68674763377311	1.6366921368084952	1.4654344665289876	1.4728988300725832	1.8737632045127817	1.825826588229838	1.5563136920868632	1.6367209266221734	1.7859962875980129	1.878826308193257	1.83623748940959	1.974326863717474	0.21384880370052683	-0.09008277638688769
VUILD110LA_150_15_33	VUILD110LA	VUILD110	fold_1	macrophage_profibrotic	POOLED	0.92132933668834	1.6366935448980555	1.469740054182117	1.3976677710450744	1.5346399648040057	1.5081681966964786	1.5858956526394503	1.6367230818517544	1.7972740609216302	1.5324489438157192	1.73733579530185	1.6991475776449465	-0.4763384343567344	-0.1258597510648541
VUILD110LA_150_15_34	VUILD110LA	VUILD110	fold_1	macrophage_profibrotic	POOLED	1.2283950531932	1.6366949529876156	1.8527010734461802	1.7815972891167948	1.95538914168156	1.9048422636027715	1.7329552170881495	1.6367252370813352	2.1721183987370276	2.0775461490154403	2.286779573739417	2.264340119404034	-0.5532022359235949	-0.04946565234546284
VUILD110LA_150_15_35	VUILD110LA	VUILD110	fold_1	macrophage_profibrotic	POOLED	0.639330172806827	1.6366963610771759	1.4428338284991629	1.342607630053681	1.8319960440246212	1.7789348311396294	1.565350286779983	1.6367273923109162	1.6710246188554139	1.5694247215456791	1.6652144442801078	1.658174837370168	-0.7032774572468539	-0.1161596722001208
VUILD110LA_150_15_36	VUILD110LA	VUILD110	fold_1	macrophage_profibrotic	POOLED	1.38789012955552	1.6366977691667361	1.5212304810504955	1.485531827459474	1.9404321083469462	1.8419694432780322	1.7982781412114401	1.636729547540497	2.184188144753632	1.8728097028660824	2.0997343906828823	2.0296775272142815	-0.09764169790395405	-0.031015413976617636
VUILD110LA_150_15_37	VUILD110LA	VUILD110	fold_1	macrophage_profibrotic	POOLED	1.83178183878719	1.6366991772562964	2.718434804948639	2.571501094829982	1.9319754338824828	2.022861034462115	1.8820093279161	1.636731702770078	2.088927038618127	1.9462375492459028	1.7631998924925592	1.9834186443531177	-0.7397192560427921	-0.08772323148848651
VUILD110LA_150_15_38	VUILD110LA	VUILD110	fold_1	macrophage_profibrotic	POOLED	1.53662191946279	1.6367005853458567	2.077167122526148	1.978925004822798	1.9052524052334254	1.864001173054055	1.4239634204873868	1.636733857999659	1.7882859833878735	1.479600622699307	1.7189673838315314	1.3461807976073543	-0.44230308536000806	-0.1284145126189219
VUILD110LA_150_16_22	VUILD110LA	VUILD110	fold_1	macrophage_profibrotic	POOLED	0.505546595292517	1.6366797326948181	1.183387620282819	1.081249765071567	1.2864761177848991	1.1701388244421669	1.110057394053634	1.6367031348418561	0.9571341167149178	0.9971576914208065	1.0870330735569103	1.01656143759539	-0.5757031697790499	-0.2054433636558205
VUILD110LA_150_16_23	VUILD110LA	VUILD110	fold_1	macrophage_profibrotic	POOLED	0.756018675558312	1.6366811407843784	1.1120756507438023	1.1538548903076769	1.2326659361011598	1.0961511913756705	1.2770021273726948	1.6367052900714372	1.1378673001383153	1.0373382734603904	1.2869104570231333	1.077285317451496	-0.3978362147493648	-0.2117349650832741
VUILD110LA_150_16_24	VUILD110LA	VUILD110	fold_1	macrophage_profibrotic	POOLED	1.13040680106755	1.6366825488739385	1.461684609434983	1.598512427637561	1.7550773399428448	1.6608668119793835	1.7712739053351654	1.636707445301018	1.5368527083071029	1.5295366960253245	1.6698880826838167	1.5817941016474957	-0.468105626570011	-0.06810933343026115
VUILD110LA_150_16_25	VUILD110LA	VUILD110	fold_1	macrophage_profibrotic	POOLED	1.27954938413846	1.6366839569634988	2.378147020582543	2.1711291170173097	2.094331435856575	2.086234925248224	1.8490798530275823	1.636709600530599	1.9122511635820794	1.9210891785712905	1.6657245612665155	1.7596499105812107	-0.8915797328788497	-0.01297584743598025
VUILD110LA_150_16_26	VUILD110LA	VUILD110	fold_1	macrophage_profibrotic	POOLED	2.1813164149097	1.636685365053059	1.9511821978239576	1.924347965355844	2.04560555252923	2.0703166548639618	1.563425685605659	1.6367117557601798	2.4943433739558647	2.163601840826095	2.248003366698922	2.33215464245066	0.2569684495538562	-0.0884513691401344
VUILD110LA_150_16_27	VUILD110LA	VUILD110	fold_1	macrophage_profibrotic	POOLED	2.56221761375085	1.6366867731426193	1.7622066101021623	1.7577756191765392	1.6996605710663288	1.6979174812751785	1.7987398573559652	1.6367139109897608	2.003415717466623	1.9300774774595117	1.9540433976421576	1.9853738120586357	0.8044419945743109	-0.014833336312619766
VUILD110LA_150_16_28	VUILD110LA	VUILD110	fold_1	macrophage_profibrotic	POOLED	1.37678124549728	1.6366881812321796	1.5935387834387191	1.5221712084393582	1.264116091665446	1.272042801508809	1.3198808560139985	1.6367160662193418	1.6305616943784305	1.51826859163479	1.366168809935014	1.658986218270514	-0.14538996294207807	-0.12558001904787774
VUILD110LA_150_16_30	VUILD110LA	VUILD110	fold_1	macrophage_profibrotic	POOLED	0.594926755591509	1.6366909974113	1.2914157012794931	1.2684605885493345	1.616841154134222	1.552065254295798	1.66363467578113	1.6367203766785037	1.484190770039512	1.4750537706754396	1.2710687156707288	1.4830106487411063	-0.6735338329578255	-0.0908607124256495
VUILD110LA_150_16_31	VUILD110LA	VUILD110	fold_1	macrophage_profibrotic	POOLED	1.7160574434642	1.6366924055008603	2.8269005072571263	2.7242443437527957	2.17184475864379	2.291681575054923	1.9697901154666935	1.6367225319080845	2.4240999071216827	2.210388206192241	2.221995053031485	2.1727070426850243	-1.0081869002885957	-0.020349716998934095
VUILD110LA_150_16_32	VUILD110LA	VUILD110	fold_1	macrophage_profibrotic	POOLED	2.48797349198347	1.6366938135904205	2.4883381867025225	2.386421598022328	1.7915692851187859	1.9572687782910816	1.7109392129722925	1.6367246871376655	2.0685651419659217	2.0253910272283036	1.735967263730864	1.973769864325352	0.10155189396114217	-0.05314767780769269
VUILD110LA_150_16_33	VUILD110LA	VUILD110	fold_1	macrophage_profibrotic	POOLED	1.10838630061173	1.6366952216799808	1.7203243148777185	1.7595844393518754	1.4874506853653677	1.5261727885508105	1.6695682876492786	1.6367268423672465	1.459441720543878	1.2205369541448612	1.4133566356132172	1.1626325953332286	-0.6511981387401453	-0.15370825661766438
VUILD110LA_150_16_34	VUILD110LA	VUILD110	fold_1	macrophage_profibrotic	POOLED	0.964318226666458	1.6366966297695411	2.0078437381697873	1.790569500489093	1.5432243639575103	1.5143180386306456	1.9148142029667927	1.6367289975968273	1.7728498444367413	1.6213953442812694	1.8244143174727774	1.585527153890201	-0.826251273822635	-0.08247476790946497
VUILD110LA_150_16_35	VUILD110LA	VUILD110	fold_1	macrophage_profibrotic	POOLED	2.17718837289725	1.6366980378591014	1.7993064994796222	1.8713081822586142	2.079213539208394	2.057829299056126	1.6719746215896907	1.6367311528264084	2.0740785477162205	2.173274090331838	2.079926997635299	2.242165557599398	0.3058801906386359	-0.06982045677953155
VUILD110LA_150_16_36	VUILD110LA	VUILD110	fold_1	macrophage_profibrotic	POOLED	0.68299662373218	1.6366994459486615	1.3207974725924052	1.4477575540226244	1.8244577040778593	1.6628409971297846	2.0356885683788613	1.6367333080559892	1.6587993753907984	1.5536742359929765	1.6024751922723608	1.5704001450319691	-0.7647609302904445	-0.0715277476357494
VUILD110LA_150_16_37	VUILD110LA	VUILD110	fold_1	macrophage_profibrotic	POOLED	1.31547165551946	1.6367008540382217	2.1521783701205024	2.033003189502537	2.2403980646580566	2.192939787813582	1.9232676515677896	1.6367354632855702	2.3018599703701295	2.1094279976474644	2.1412026716801087	2.24385471905094	-0.717531533983077	-0.015255298624595112
VUILD110LA_150_16_38	VUILD110LA	VUILD110	fold_1	macrophage_profibrotic	POOLED	1.89479495495071	1.636702262127782	2.172447063972455	2.1944263122653314	2.4689907621398275	2.4437770653619726	1.3492770017916833	1.6367376185151512	2.029344026244387	2.2673987972903062	1.8126243091435281	2.3379112188833995	-0.2996313573146214	0.009509237602159958
VUILD110LA_150_17_14	VUILD110LA	VUILD110	fold_1	macrophage_profibrotic	POOLED	2.04851225449155	1.6366701447602614	1.5828787241092668	1.5013625487805327	1.1001881295661369	1.211666397639519	1.209403762269308	1.6366896535207007	1.2465140704596878	1.1263096020399506	0.989609070314407	1.0512731742685548	0.5471497057110175	-0.04176856224879667
VUILD110LA_150_17_20	VUILD110LA	VUILD110	fold_1	macrophage_profibrotic	POOLED	2.96792163375429	1.636678593297623	2.7731429455839045	2.2880150954213994	2.1194021887862142	2.1762892027073866	1.8267000622201004	1.6367025848981864	2.390709677373131	2.1797103490638703	2.1873093688443506	2.2233188004628346	0.6799065383328906	-0.030881660974846487
VUILD110LA_150_17_21	VUILD110LA	VUILD110	fold_1	macrophage_profibrotic	POOLED	0.0	1.6366800013871832	1.041237496635573	1.106411564960141	1.1777049191558628	1.0476581964071918	0.9923893195333553	1.6367047401277675	1.1176565815442	1.0354126405319657	1.229768982916935	0.9237852076133394	-1.106411564960141	-0.2381039559925358
VUILD110LA_150_17_22	VUILD110LA	VUILD110	fold_1	macrophage_profibrotic	POOLED	1.77188840798119	1.6366814094767435	1.293424291379949	1.2545558070549372	1.177195907851102	1.2601260936995948	1.2308640047292707	1.6367068953573483	1.1262217185012802	1.216136433666438	0.9540679583803816	1.17940888529275	0.5173326009262529	-0.19338659556909893
VUILD110LA_150_17_23	VUILD110LA	VUILD110	fold_1	macrophage_profibrotic	POOLED	1.75323287968875	1.6366828175663037	2.110389427228946	2.0913307985446647	1.566786781494858	1.637366852192718	1.5562958534346052	1.6367090505869293	1.6430802010603967	1.5392205001040031	1.385002404226585	1.4109249939650406	-0.3380979188559148	-0.03996535951402979
VUILD110LA_150_17_24	VUILD110LA	VUILD110	fold_1	macrophage_profibrotic	POOLED	0.986137671319576	1.636684225655864	2.6020784297856827	2.4104988106005067	2.064150591791898	2.083759939235222	1.9368304448765716	1.63671120581651	1.8795592282663443	1.8520096638572987	1.5729373617627247	1.7581615885202064	-1.4243611392809308	-0.07228765265772233
VUILD110LA_150_17_25	VUILD110LA	VUILD110	fold_1	macrophage_profibrotic	POOLED	1.68658133554531	1.6366856337454243	1.6495507879878555	1.8637486965374397	1.964903657811569	1.9281624629576837	1.6767562568558314	1.636713361046091	2.0505278915131884	1.908817683663347	1.9201814869936238	1.9469030600620856	-0.1771673609921296	-0.0039771931112651746
VUILD110LA_150_17_26	VUILD110LA	VUILD110	fold_1	macrophage_profibrotic	POOLED	2.49534020695389	1.6366870418349846	2.6638754456936597	2.589717028708674	2.3878812258663094	2.5194316274321955	1.9491767049757855	1.6367155162756721	2.741652478650802	2.5881531877567308	2.585774039017967	2.7007575212660746	-0.09437682175478379	0.026787501604855032
VUILD110LA_150_17_27	VUILD110LA	VUILD110	fold_1	macrophage_profibrotic	POOLED	3.02709342438857	1.6366884499245447	2.746052428061302	2.5500903351296897	2.7501449457758644	2.7336276749643487	1.8623931945821413	1.636717671505253	2.7282551688235586	2.7098113038864318	2.6005669312637734	2.8295794193847703	0.47700308925888013	0.053665730870582025
VUILD110LA_150_17_28	VUILD110LA	VUILD110	fold_1	macrophage_profibrotic	POOLED	0.668585920338587	1.636689858014105	1.578316232825399	1.6202605404654142	1.673519903700969	1.7497659034259976	1.3980541825205257	1.636719826734834	1.8180445134523224	1.3415243058609316	1.737824225224729	1.2667851855535857	-0.9516746201268272	-0.14537018138818703
VUILD110LA_150_17_29	VUILD110LA	VUILD110	fold_1	macrophage_profibrotic	POOLED	1.42711186543657	1.6366912661036652	2.296458087247188	2.1260645130294176	2.062004335486904	2.1285938142897685	1.5134527813247287	1.6367219819644148	2.4320965225658684	2.139872094390168	2.21530418237066	2.1120430265415373	-0.6989526475928476	-0.022388985682378612
VUILD110LA_150_17_30	VUILD110LA	VUILD110	fold_1	macrophage_profibrotic	POOLED	1.37858906263453	1.6366926741932255	1.9370393377866455	1.9589654794908156	1.9146160709982434	1.9750253004023373	1.5486472983969515	1.6367241371939958	2.5665324188017955	2.0790042729444194	2.3150808592552607	2.165279307300863	-0.5803764168562855	-0.025124846673641333
VUILD110LA_150_17_31	VUILD110LA	VUILD110	fold_1	macrophage_profibrotic	POOLED	1.33001328886492	1.6366940822827858	3.3509135846985356	3.1310630629912657	1.6135890314671113	1.8677577099121319	1.9946673334519798	1.6367262924235768	1.816942739132265	1.7630433597798159	1.377574893206257	1.541753972833761	-1.8010497741263456	-0.13604890616240392
VUILD110LA_150_17_32	VUILD110LA	VUILD110	fold_1	macrophage_profibrotic	POOLED	1.33842641242887	1.636695490372346	2.051622035006767	2.214704676660019	1.800231054447114	1.9854598413766773	1.4154705693497762	1.6367284476531576	2.0860158795275314	1.8250832695085148	1.7405926973214372	1.7739764257893937	-0.8762782642311489	-0.1047848759960181
VUILD110LA_150_17_33	VUILD110LA	VUILD110	fold_1	macrophage_profibrotic	POOLED	0.608765405372495	1.6366968984619061	1.5230473898231551	1.4915969878396713	1.3641593922057984	1.4141687940836136	1.6276598969124316	1.6367306028827386	1.3379932278042586	1.1128779317996274	1.241703738412065	1.0947703211704407	-0.8828315824671763	-0.22824960571728314
VUILD110LA_150_17_35	VUILD110LA	VUILD110	fold_1	macrophage_profibrotic	POOLED	0.665546244237925	1.6366997146410267	1.9301840564555244	1.8422806489211578	1.5711259663673172	1.5368851467092381	1.975726216198403	1.6367349133419005	1.4313275937221936	1.5145114810043634	1.2159017373668004	1.5507945435334305	-1.1767344046832329	-0.14047596896927092
VUILD110LA_150_17_36	VUILD110LA	VUILD110	fold_1	macrophage_profibrotic	POOLED	1.23402715360436	1.636701122730587	1.8410178816546847	1.8448898962216036	1.9210651835345294	1.8392687517433153	1.807006151893021	1.6367370685714815	1.866266981434378	1.6994126075018203	1.7064660400890541	1.7404809231189216	-0.6108627426172435	-0.06568885089238105
VUILD110LA_150_17_37	VUILD110LA	VUILD110	fold_1	macrophage_profibrotic	POOLED	1.02532692820072	1.6367025308201473	1.492546678460002	1.6341340797416828	1.8153048854111915	1.764305682642027	1.7283457346547217	1.6367392238010623	2.0579141683804267	1.9428273219044447	1.9140115277628529	2.038155188532422	-0.6088071515409628	-0.024074579078774618
VUILD110LA_150_17_38	VUILD110LA	VUILD110	fold_1	macrophage_profibrotic	POOLED	1.7911883404891	1.6367039389097076	2.26165208354925	2.2267158353170835	2.0412884062672845	2.088734429622137	1.518580629655533	1.6367413790306433	2.0846369690153965	2.103536833278853	1.9962797636554932	2.137212259993661	-0.4355274948279835	-0.1175056208748122
VUILD110LA_150_17_39	VUILD110LA	VUILD110	fold_1	macrophage_profibrotic	POOLED	2.30559832443167	1.6367053469992676	2.574922840134814	2.3982286155698107	2.5460193664347828	2.658727414649126	2.078779151183035	1.6367435342602241	2.4781100596006866	2.172024589559228	2.3499986800746133	2.025895928604752	-0.09263029113814092	-0.016250949039683625
VUILD110LA_150_18_12	VUILD110LA	VUILD110	fold_1	macrophage_profibrotic	POOLED	1.77265225526717	1.6366690053630664	1.2374597666398646	1.2690645567433774	0.8439167018572128	0.9318733303858526	1.1737924828122057	1.636689103577031	1.3165638303089087	0.970916575530711	1.3952966953671428	0.9142490955409815	0.5035876985237926	-0.19464275214383855
VUILD110LA_150_18_14	VUILD110LA	VUILD110	fold_1	macrophage_profibrotic	POOLED	2.46055458826419	1.636671821542187	2.8476832543328316	2.551409666831412	2.364887810298727	2.4206721237579023	1.2310401303951217	1.636693414036193	2.2884971755392574	2.1499870355732678	2.0728880576677517	2.1998653875759615	-0.09085507856722197	0.021025466427490584
VUILD110LA_150_18_20	VUILD110LA	VUILD110	fold_1	macrophage_profibrotic	POOLED	1.26465088114749	1.6366802700795484	1.268344001158286	1.3342400295741097	1.3069531204356684	1.1891333595481948	1.4351658079880514	1.6367063454136785	1.2148807904500631	1.3214317908773046	1.2120804872081647	1.3442506022364862	-0.06958914842661978	-0.17167769768390423
VUILD110LA_150_18_21	VUILD110LA	VUILD110	fold_1	macrophage_profibrotic	POOLED	0.585375653159329	1.6366816781691087	0.9975211804392718	1.02688883015988	1.1769400297626875	1.0356572623863027	1.266997025589211	1.6367085006432596	1.001028699490814	0.9458390950707457	1.0613849967158977	1.0393185010962405	-0.4415131770005509	-0.21486966767115367
VUILD110LA_150_18_22	VUILD110LA	VUILD110	fold_1	macrophage_profibrotic	POOLED	1.48682006120748	1.636683086258669	1.703412189676035	1.7610589381175705	1.5148522448564228	1.5084887262539644	1.4159063336645874	1.6367106558728404	2.0337291284728756	1.597356621851777	1.8530269406805495	1.4861397767225468	-0.2742388769100905	-0.07525013355306986
VUILD110LA_150_18_23	VUILD110LA	VUILD110	fold_1	macrophage_profibrotic	POOLED	1.60499131957792	1.636684494348229	2.125109673635956	2.1163102594269456	1.1708957045400903	1.2723256270928343	1.9695344625483515	1.6367128111024214	1.9564525505553223	1.4280738674200433	1.7791011054457195	1.2239159035037834	-0.5113189398490257	-0.11514241367183625
VUILD110LA_150_18_24	VUILD110LA	VUILD110	fold_1	macrophage_profibrotic	POOLED	1.18690227606852	1.6366859024377893	2.0367363877505036	2.0958459388107675	1.7689748716172504	1.8274332285448915	1.6962677993215447	1.6367149663320022	2.4602308298504494	1.889692961344715	2.1240558586579605	1.8957887723103033	-0.9089436627422476	-0.06195113911346008
VUILD110LA_150_18_25	VUILD110LA	VUILD110	fold_1	macrophage_profibrotic	POOLED	1.05551704896097	1.6366873105273496	2.089592076058131	1.9481110389026457	1.980441896774517	1.973268187979328	1.672170757834827	1.6367171215615832	2.2637482559841295	1.7961083090291057	2.1633810288056017	1.9275664739370257	-0.8925939899416757	-0.05380856223155799
VUILD110LA_150_18_28	VUILD110LA	VUILD110	fold_1	macrophage_profibrotic	POOLED	1.25377278910744	1.6366915347960305	1.865950643130294	1.7874933092749943	1.6427118776985412	1.6436984915467039	1.3173064844698947	1.636723587250326	2.1539054238735704	1.7839541739660347	2.1088885772157457	1.7688977508563275	-0.5337205201675543	-0.1053812856176913
VUILD110LA_150_18_29	VUILD110LA	VUILD110	fold_1	macrophage_profibrotic	POOLED	0.810783620498291	1.6366929428855908	2.124098476620697	2.1172676009740483	1.582892336447523	1.6906142352767366	1.5092735613080932	1.6367257424799069	1.6665219495759862	1.7712285634986271	1.4548817447798545	1.66809300756741	-1.3064839804757573	-0.09407281612181126
VUILD110LA_150_18_30	VUILD110LA	VUILD110	fold_1	macrophage_profibrotic	POOLED	1.09910919118579	1.6366943509751508	1.829387839516092	1.940231501854779	1.8193521248003433	1.8186398485223676	1.7394329607188777	1.636727897709488	2.1820770557269613	1.996528442585998	2.009493627999399	2.078467752519294	-0.8411223106689891	-0.03290947539214767
VUILD110LA_150_18_31	VUILD110LA	VUILD110	fold_1	macrophage_profibrotic	POOLED	1.75061203486517	1.636695759064711	2.3474753313206955	2.4353185420944845	2.047447400809199	2.1120206853318084	1.9436736032560114	1.636730052939069	2.5290422771782466	2.1823044259889564	2.430733125788129	2.17313366435354	-0.6847065072293146	-0.053774980643884515
VUILD110LA_150_18_32	VUILD110LA	VUILD110	fold_1	macrophage_profibrotic	POOLED	1.8641744588249	1.6366971671542714	2.514876306418066	2.4736093461878683	1.6457917224547178	1.866924057133744	1.9573541574928734	1.6367322081686497	2.270524874880596	1.7387092191157607	1.9328663515168898	1.5834451462050267	-0.6094348873629682	-0.05958272821065221
VUILD110LA_150_18_34	VUILD110LA	VUILD110	fold_1	macrophage_profibrotic	POOLED	0.575972209696309	1.636699983333392	1.400008883276931	1.2798572970589843	1.3916685715441042	1.3616266952859193	1.5739428362254053	1.6367365186278116	1.4601995701811465	1.453040930786608	1.452124289108562	1.5718405463846863	-0.7038850873626753	-0.1480489373519853
VUILD110LA_150_18_35	VUILD110LA	VUILD110	fold_1	macrophage_profibrotic	POOLED	0.371706834418292	1.6367013914229522	1.82226212705258	1.793078935086379	1.6935419847566624	1.5903560299863118	1.721346294344354	1.6367386738573926	1.903513030557863	1.6628146316583288	1.9087475025145637	1.783178035523716	-1.421372100668087	-0.22599751924854228
VUILD110LA_150_18_36	VUILD110LA	VUILD110	fold_1	macrophage_profibrotic	POOLED	1.157217204471	1.6367027995125123	1.9085022738920108	1.7897832597953007	1.763690066435486	1.6275088996201261	1.750726575344231	1.6367408290869736	2.107985782586799	1.6710589847000428	2.1760626621285444	1.6784890063117617	-0.6325660553243007	-0.07240957791161642
VUILD110LA_150_18_37	VUILD110LA	VUILD110	fold_1	macrophage_profibrotic	POOLED	0.84492238963856	1.6367042076020726	1.7509638090238786	1.7199454986470584	1.7533485853712576	1.7460902184181983	1.8192916469458287	1.6367429843165544	1.8331664803331489	1.6473155673707358	1.6490242730563982	1.7377950581112809	-0.8750231090084983	-0.0701124348817665
VUILD110LA_150_18_38	VUILD110LA	VUILD110	fold_1	macrophage_profibrotic	POOLED	0.836847422815303	1.6367056156916329	1.536964467154163	1.6092980998805728	1.5971198367314183	1.6125709924950193	1.6113337803279415	1.6367451395461354	1.5209837008666731	1.6076893446250577	1.5417401897925236	1.6167017160935304	-0.7724506770652698	-0.12638969695656757
VUILD110LA_150_18_39	VUILD110LA	VUILD110	fold_1	macrophage_profibrotic	POOLED	2.07240706534558	1.6367070237811931	2.024005101182819	2.053521512330187	2.123035616257575	2.0982763252807843	1.3228633165069963	1.6367472947757162	2.558553810637954	2.011057696556409	2.3324736498388754	1.996433638424398	0.018885553015393075	-0.15206667931332277
VUILD110LA_150_19_14	VUILD110LA	VUILD110	fold_1	macrophage_profibrotic	POOLED	2.89257129058021	1.6366734983241122	2.4748925181432124	2.3073340370338458	1.8802732432908222	2.068054199820253	1.443932067320044	1.6366971745516852	2.2773718832421275	1.9537156276820906	1.8637001889798883	1.903341318326773	0.5852372535463641	0.01622120967752426
VUILD110LA_150_19_23	VUILD110LA	VUILD110	fold_1	macrophage_profibrotic	POOLED	1.27057958598579	1.6366861711301546	1.8716041236283547	1.9125941935867772	1.6985899170152983	1.7620961958008001	1.4851887653410147	1.6367165716179135	1.8524774995190731	1.5426345837696092	1.7924665440709517	1.4099998942371024	-0.6420146076009872	-0.05613432929531113
VUILD110LA_150_19_24	VUILD110LA	VUILD110	fold_1	macrophage_profibrotic	POOLED	0.99701595036112	1.6366875792197149	1.760619955697408	1.7296248920542403	1.6750591255849325	1.593560373764833	1.7772903755032725	1.6367187268474945	1.6091361166604763	1.593624908975796	1.513365655108821	1.6003485868848066	-0.7326089416931203	-0.08617807677351871
VUILD110LA_150_19_25	VUILD110LA	VUILD110	fold_1	macrophage_profibrotic	POOLED	0.573975635675937	1.6366889873092751	1.4750647195848872	1.5234032517171536	1.2681609961362055	1.294458452429836	1.6651988803386033	1.6367208820770753	1.6459460922588778	1.3644880292375923	1.654230800364473	1.2837645148720516	-0.9494276160412166	-0.17163669365918527
VUILD110LA_150_19_28	VUILD110LA	VUILD110	fold_1	macrophage_profibrotic	POOLED	1.15972627675361	1.6366932115779558	2.2612614175235684	2.1791580409106044	1.957919489658696	1.956995126680873	1.5862229378666286	1.6367273477658182	2.2697849150195415	2.2134928865886354	2.25844535482911	2.2584479117801743	-1.0194317641569943	-0.10266039388446921
VUILD110LA_150_19_29	VUILD110LA	VUILD110	fold_1	macrophage_profibrotic	POOLED	1.31242670206405	1.636694619667516	2.0368323183414057	2.147459806487178	1.9009907748645343	1.9589840361874156	1.4477038227462442	1.6367295029953992	2.3905653607104584	2.050625553458478	2.2445201992342576	2.0111852548451385	-0.8350331044231278	-0.09654765241176355
VUILD110LA_150_19_30	VUILD110LA	VUILD110	fold_1	macrophage_profibrotic	POOLED	1.16389274356308	1.6366960277570763	2.354886481590812	2.168830970429959	1.8611810772534634	1.9720245104368241	1.6208877196561837	1.63673165822498	2.3749463377575863	1.5758372333751354	2.003819718204652	1.4553337789570944	-1.004938226866879	-0.06913773535397352
VUILD110LA_150_19_31	VUILD110LA	VUILD110	fold_1	macrophage_profibrotic	POOLED	0.770108605019464	1.6366974358466366	1.6249548463651988	1.7543815263302038	2.2603789454874628	2.184785286879868	2.0040363194723	1.636733813454561	2.417134964894026	2.2360800110531556	2.4521996288529557	2.3712353966387965	-0.9842729213107398	-0.008239345055828375
VUILD110LA_150_19_32	VUILD110LA	VUILD110	fold_1	macrophage_profibrotic	POOLED	2.19022807733836	1.6366988439361967	2.295621138336766	2.1855727844165793	1.8624995060761416	1.9500678444021395	1.93284333360586	1.6367359686841418	2.4060966294844217	2.1611128090970277	2.2301766811296124	2.1801639407620215	0.004655292921780685	-0.035249244428785666
VUILD110LA_150_19_33	VUILD110LA	VUILD110	fold_1	macrophage_profibrotic	POOLED	2.21283011108575	1.636700252025757	1.6356311650957966	1.72683738718127	1.767283361711455	1.7366725873240498	1.6343480399596637	1.6367381239137229	1.7850287069021544	2.0017920047468234	1.8355660273313776	2.172823472144517	0.4859927239044799	-0.11502626918667472
VUILD110LA_150_19_34	VUILD110LA	VUILD110	fold_1	macrophage_profibrotic	POOLED	0.17098208728346	1.6367016601153173	0.9230785045376199	1.1126068865801515	0.9051275019665563	0.8900697622870849	3.286765800928147	1.6367402791433039	1.167890812413764	1.1168205172994075	1.1269960884394314	1.2530781958047468	-0.9416247992966915	-0.26032274038973596
VUILD110LA_150_19_35	VUILD110LA	VUILD110	fold_1	macrophage_profibrotic	POOLED	0.730830585336939	1.6367030682048775	1.3587759577373713	1.4317356322065478	1.3580828728890726	1.358168987531835	1.863433533790764	1.6367424343728847	1.7122441744815133	1.5306333527757479	1.610995402596224	1.6703917790076754	-0.7009050468696087	-0.12965531646761688
VUILD110LA_150_19_36	VUILD110LA	VUILD110	fold_1	macrophage_profibrotic	POOLED	1.75781547329589	1.6367044762944378	1.8837466647839562	1.7874342219282289	2.1191768926436083	2.0988818941481506	1.5816483091806293	1.6367445896024657	2.1236453675836566	2.3120002081362045	2.1404697411643574	2.4320570296677393	-0.02961874863233893	-0.027251977469723063
VUILD110LA_150_19_37	VUILD110LA	VUILD110	fold_1	macrophage_profibrotic	POOLED	0.985824243600513	1.636705884383998	1.7149507120747396	1.7442894498210786	2.1145370033624165	2.003102672157898	1.8932579090028208	1.6367467448320465	2.319063650974228	1.9223750921841716	2.3089565810659556	2.0483318278611256	-0.7584652062205656	-0.00024082317144599047
VUILD110LA_150_19_38	VUILD110LA	VUILD110	fold_1	macrophage_profibrotic	POOLED	1.42766134057332	1.6367072924735582	1.8087957428513872	1.6649265109596367	2.5835338408489523	2.3674867849015477	1.8254979826977662	1.6367489000616275	2.498586975843353	2.2886866123557104	2.585813807061423	2.4825508800788096	-0.23726517038631667	0.019936124018381338
VUILD110LA_150_19_39	VUILD110LA	VUILD110	fold_1	macrophage_profibrotic	POOLED	1.39861394647476	1.6367087005631185	1.838204080770685	1.8936040176749036	2.5540907644149113	2.3818321554447985	1.6081302703937101	1.6367510552912086	2.5839588289382647	2.1393017672564616	2.4682753185511315	2.346768596285854	-0.4949900712001436	-0.022444880688353954
VUILD110LA_150_20_22	VUILD110LA	VUILD110	fold_1	macrophage_profibrotic	POOLED	2.6317886829516	1.6366864398225198	2.361435938589526	2.1617370776898963	2.3025431516811836	2.2847504991375613	1.7309385581332917	1.6367181769038248	2.7450691786117583	2.2478183756603	2.7299286895083577	2.2193311166774925	0.47005160526170364	0.03615644739268719
VUILD110LA_150_20_24	VUILD110LA	VUILD110	fold_1	macrophage_profibrotic	POOLED	0.669466767563223	1.6366892560016402	1.1399925991727888	1.1755119500426388	0.8894995377777298	0.8173891818432343	1.5222113044509977	1.6367224873629866	0.9255407670849152	0.8481203628564064	1.122804011348402	0.7610819371061107	-0.5060451824794158	-0.25323836954819384
VUILD110LA_150_20_27	VUILD110LA	VUILD110	fold_1	macrophage_profibrotic	POOLED	0.839574302212716	1.636693480270321	1.374492294607725	1.4891400434377209	1.4229416531047656	1.3193567922970757	1.7366574461268005	1.6367289530517293	1.537562671924325	1.4337203525782696	1.531816766564464	1.4456894423630842	-0.6495657412250049	-0.13872873204374866
VUILD110LA_150_20_28	VUILD110LA	VUILD110	fold_1	macrophage_profibrotic	POOLED	1.30338564486826	1.6366948883598813	1.7166076186227044	1.7760539630385215	1.3031337889153447	1.4421458148795643	1.5558093678784106	1.6367311082813103	1.7783854030782233	1.4949512084247125	1.6837120717293008	1.4101522138334541	-0.47266831817026156	-0.1680347621454873
VUILD110LA_150_20_29	VUILD110LA	VUILD110	fold_1	macrophage_profibrotic	POOLED	1.00352881034342	1.6366962964494414	2.2587530071141635	2.1530624933061313	1.7267827307912642	1.8600535080058709	1.5880262345924832	1.6367332635108913	1.9830544207610428	1.8309099970077765	1.7998802022176597	1.6269996934039295	-1.1495336829627114	-0.037586502287698664
VUILD110LA_150_20_30	VUILD110LA	VUILD110	fold_1	macrophage_profibrotic	POOLED	0.927032563383469	1.6366977045390017	1.8871167109975107	2.049767729508917	1.648665525521181	1.7308920670088335	2.020625505350991	1.6367354187404721	1.928692912814829	1.7514091605211985	1.8820179726117503	1.6861135005542527	-1.122735166125448	-0.05636440465453744
VUILD110LA_150_20_31	VUILD110LA	VUILD110	fold_1	macrophage_profibrotic	POOLED	1.05232962674842	1.636699112628562	1.7656285781264736	1.8496115012384513	2.148182155448964	2.141789474229325	1.828137095239387	1.6367375739700532	2.2863429584437567	2.0341463263037607	2.2934342108214176	2.1456876323422898	-0.7972818744900314	0.019299152530228243
VUILD110LA_150_20_32	VUILD110LA	VUILD110	fold_1	macrophage_profibrotic	POOLED	1.27164932338475	1.6367005207181222	1.9863039368222264	1.9954266158373912	1.9586187684454908	2.0324885055279958	1.5807775188899678	1.636739729199634	2.222753597303213	2.0289313085554523	1.98588151997751	2.179656975973518	-0.7237772924526413	-0.07240133780125675
VUILD110LA_150_20_33	VUILD110LA	VUILD110	fold_1	macrophage_profibrotic	POOLED	2.56431172968875	1.6367019288076825	2.678781988204282	2.4589769725946997	1.8821720407896132	1.979894305490817	1.8162600339936001	1.636741884429215	2.4132081994207155	2.362530994423847	2.312509887855557	2.46755853640669	0.10533475709405016	-0.05538744283091103
VUILD110LA_150_20_34	VUILD110LA	VUILD110	fold_1	macrophage_profibrotic	POOLED	0.387867369261645	1.6367033368972428	1.1181295148613808	1.1305209073586056	1.1556557786215595	1.0883526203563008	1.956408625121413	1.636744039658796	1.2523710423708867	1.1005063886118571	1.3774369883417945	1.2825636624384102	-0.7426535380969606	-0.20506306365004953
VUILD110LA_150_20_35	VUILD110LA	VUILD110	fold_1	macrophage_profibrotic	POOLED	1.454220997891	1.6367047449868029	1.8398603412362502	1.7325200450882716	2.003355468253789	1.9970466775640676	1.613258393380599	1.6367461948883768	2.117434574930436	1.8342653304967254	2.025682208137874	1.9739475193700247	-0.2782990471972717	-0.07645873418510846
VUILD110LA_150_20_36	VUILD110LA	VUILD110	fold_1	macrophage_profibrotic	POOLED	1.24322651726453	1.6367061530763631	1.774224713625944	1.86135391385929	1.7288639683025584	1.6856191090387456	1.735893871904992	1.6367483501179578	1.7760547983973785	1.6030803231066295	1.8576438903433823	1.5751290577337564	-0.61812739659476	-0.1531428254883444
VUILD110LA_150_20_37	VUILD110LA	VUILD110	fold_1	macrophage_profibrotic	POOLED	1.08896182210744	1.6367075611659234	1.6580951054452753	1.553942733968101	1.8484192686271688	1.6271315261456323	2.159964299707208	1.6367505053475386	1.820965665468033	1.6451041212354571	2.0477352446826176	1.733457164262576	-0.46498091186066093	-0.10331915244122372
VUILD110LA_150_20_38	VUILD110LA	VUILD110	fold_1	macrophage_profibrotic	POOLED	1.23605409733112	1.6367089692554837	1.7568842671646603	1.788918955889058	2.2811644490723735	2.1884744016300566	1.5883427236822076	1.6367526605771197	2.1853829734787293	2.0017118666035545	2.0212423981990866	2.2076626908785104	-0.5528648585579379	-0.050171841139484724
VUILD110LA_150_20_9	VUILD110LA	VUILD110	fold_1	macrophage_profibrotic	POOLED	0.343289643620917	1.6366681346582366	0.8849521973987959	0.8975500090722714	0.9444827886390555	0.9788469666987456	1.0168219325533574	1.6366901589192726	0.998047332403533	0.8486335525406545	0.8851296725994257	0.7503619099439605	-0.5542603654513545	-0.09373791284155297
VUILD110LA_150_21_22	VUILD110LA	VUILD110	fold_1	macrophage_profibrotic	POOLED	2.07941986271422	1.6366881166044451	1.9919865339063327	1.7643120850336222	1.8109928383801015	1.7503730763424772	1.1849008058649089	1.636721937419317	2.081468014242408	1.7130157794212617	2.107299064904365	1.726595948318233	0.31510777768059794	-0.11236399485068027
VUILD110LA_150_21_26	VUILD110LA	VUILD110	fold_1	macrophage_profibrotic	POOLED	0.808990466570047	1.636693748962686	1.627958606028173	1.5479356889101625	1.628737846632057	1.6530080081236387	1.8251957773278689	1.6367305583376406	1.6883385275301537	1.4913898279806856	1.4856201481403708	1.5582690576665261	-0.7389452223401155	-0.12074612567686177
VUILD110LA_150_21_27	VUILD110LA	VUILD110	fold_1	macrophage_profibrotic	POOLED	1.44413446633097	1.6366951570522463	1.697611293262664	1.7249645986980708	1.5371309169083343	1.5587718538530575	1.6100377007956945	1.6367327135672216	1.5219129078296731	1.7508168732749252	1.3848839636657382	1.7069995894110428	-0.28083013236710075	-0.06651627683429735
VUILD110LA_150_21_28	VUILD110LA	VUILD110	fold_1	macrophage_profibrotic	POOLED	1.05653284609199	1.6366965651418066	2.054313968136623	1.9814165219801119	1.68190653954241	1.7221460488106963	1.6448883299504387	1.6367348687968024	2.142865427024394	1.9472744744722457	2.047726087180861	1.938710238212254	-0.9248836758881218	-0.08979805510296768
VUILD110LA_150_21_29	VUILD110LA	VUILD110	fold_1	macrophage_profibrotic	POOLED	1.2124267731461	1.636697973231367	2.064415496844245	2.087015546388614	1.469895052242173	1.5941248177475735	1.6725642320972585	1.6367370240263834	1.9465143621607037	1.3820562685110551	1.7257189280361442	1.1755389252468489	-0.8745887732425139	-0.16688293226532946
VUILD110LA_150_21_30	VUILD110LA	VUILD110	fold_1	macrophage_profibrotic	POOLED	1.8008464750857	1.6366993813209272	2.407111734598142	2.345876620192534	2.1381524680643174	2.1947533130853016	1.8569664143968372	1.6367391792559642	2.3481212622323615	2.2165921793207803	2.158366125613193	2.1592780665596636	-0.5450301451068338	-0.0010282309397084168
VUILD110LA_150_21_31	VUILD110LA	VUILD110	fold_1	macrophage_profibrotic	POOLED	2.07810541897219	1.6367007894104875	2.4062143243322085	2.372987049253496	2.3938099588782724	2.3891080486618654	1.8241981392253557	1.6367413344855453	2.506896071378158	2.4310491316513403	2.3902442160059527	2.640294835271362	-0.294881630281306	0.061409667153309304
VUILD110LA_150_21_32	VUILD110LA	VUILD110	fold_1	macrophage_profibrotic	POOLED	1.1430045752628	1.6367021975000475	1.8191728833697083	1.9024126682239177	1.6206241264112806	1.6896254599290819	1.582117907294253	1.6367434897151263	2.0356796724269124	1.9514208891067846	1.9904416852255868	2.0276785365350594	-0.7594080929611178	-0.054373568192484456
VUILD110LA_150_21_33	VUILD110LA	VUILD110	fold_1	macrophage_profibrotic	POOLED	2.20525550924306	1.6367036055896078	2.5298151269017977	2.3074825972705284	1.4294772940943168	1.5311069837828788	1.8055696188090395	1.636745644944707	2.1321764070040143	1.8816865235579538	1.9012148980739585	1.921816924758833	-0.1022270880274685	-0.098324199039837
VUILD110LA_150_21_34	VUILD110LA	VUILD110	fold_1	macrophage_profibrotic	POOLED	0.531786822850271	1.636705013679168	1.0326822858125542	1.2609442556221473	1.0273193386834085	0.9948266077292691	2.5987723487941983	1.6367478001742881	1.3414438969807785	1.0876585552085767	1.3231107889991467	1.067329878454581	-0.7291574327718763	-0.1837762289839574
VUILD110LA_150_21_35	VUILD110LA	VUILD110	fold_1	macrophage_profibrotic	POOLED	2.09612496298823	1.6367064217687284	2.3430725671656396	2.250551144687509	2.036339964786549	2.013631496719245	2.2370160656752938	1.636749955403869	2.47627186402441	2.301969023946321	2.7219266383348053	2.305302083918776	-0.1544261816992787	-0.05178677765568247
VUILD110LA_150_21_36	VUILD110LA	VUILD110	fold_1	macrophage_profibrotic	POOLED	1.95670523805062	1.6367078298582887	2.251505689357587	2.1202405848018007	1.8707218191617936	1.8679636961485042	1.9391007642656448	1.63675211063345	2.0767291302074646	2.082477751411713	2.1291677146742005	2.1219573108520935	-0.16353534675118064	-0.06715358269651436
VUILD110LA_150_21_37	VUILD110LA	VUILD110	fold_1	macrophage_profibrotic	POOLED	1.18299169054197	1.636709237947849	1.6838455608876413	1.7068525435052455	1.9725138279337653	1.894745095379254	1.62037156182167	1.636754265863031	2.3205607336071976	2.081644322297023	2.394939950063189	2.1908355840607308	-0.5238608529632756	-0.03151970828994913
VUILD110LA_150_21_38	VUILD110LA	VUILD110	fold_1	macrophage_profibrotic	POOLED	1.1673651226186	1.636710646037409	1.6011147406272985	1.5311865278182362	1.738495649678508	1.661857113377416	1.6311972848263112	1.6367564210926118	1.6085664702590443	1.660978835938605	1.6009064418813326	1.639880678885142	-0.36382140519963624	-0.10255716378345728
VUILD110LA_150_21_9	VUILD110LA	VUILD110	fold_1	macrophage_profibrotic	POOLED	0.537784107275665	1.6366698114401619	0.9490101569859138	0.8762434783338509	0.9626440180282414	0.8831769382274824	0.9483134027080782	1.6366939194347647	0.7664377107432521	0.9165435430456299	0.6982387796279035	0.9256272441355362	-0.3384593710581859	-0.16833085359566607
VUILD110LA_150_22_11	VUILD110LA	VUILD110	fold_1	macrophage_profibrotic	POOLED	0.995863011043406	1.6366743044012078	1.1177437372034118	1.0683906381173744	0.7631168925851196	0.7854781855518851	0.9114009788878391	1.6367019904094187	0.8021726152681529	0.6975958972517843	0.808942912603052	0.5458430299920074	-0.07252762707396843	-0.2424015606490803
VUILD110LA_150_22_23	VUILD110LA	VUILD110	fold_1	macrophage_profibrotic	POOLED	0.588839107355123	1.6366912014759307	1.254958678528046	1.1174000726431887	1.2828862098095226	1.1334714385640667	1.496232361079334	1.6367278531643898	1.1427147086361134	1.1116457759553189	1.285174462646602	1.1800904988305256	-0.5285609652880657	-0.2804528347091482
VUILD110LA_150_22_24	VUILD110LA	VUILD110	fold_1	macrophage_profibrotic	POOLED	0.393834273745373	1.636692609565491	1.3186981958971449	1.2444607918244213	1.896370024459957	1.5961506144065245	2.053096496793637	1.6367300083939709	1.4918877325447564	1.5680118201331743	1.6904029040054085	1.703427009178589	-0.8506265180790482	-0.12471057997436949
VUILD110LA_150_22_27	VUILD110LA	VUILD110	fold_1	macrophage_profibrotic	POOLED	1.75613805408826	1.6366968338341719	1.7167722130315126	1.596450333530898	1.861181055005609	1.8150952818502157	1.6376780225838574	1.6367364740827137	2.100339398608901	1.9450367681493879	2.1112846942752697	2.024793890953477	0.15968772055736213	-0.03289305162111745
VUILD110LA_150_22_28	VUILD110LA	VUILD110	fold_1	macrophage_profibrotic	POOLED	0.787137763942874	1.636698241923732	1.5083915749621737	1.5827514458057839	1.8857494994974187	1.832408603087958	1.5500368120960062	1.6367386293122945	1.8418653874656932	1.7886418010789398	2.022853360232589	1.9544780081160456	-0.7956136818629098	-0.08371752650343306
VUILD110LA_150_22_29	VUILD110LA	VUILD110	fold_1	macrophage_profibrotic	POOLED	1.63011672757597	1.6366996500132922	1.914388281168244	1.9312170258450267	2.160933102875963	2.1903479760317492	1.6902813934255614	1.6367407845418755	2.2169375060679055	1.9759982232986553	2.07967174023937	1.9649596654127381	-0.3011002982690567	-0.015725754488826772
VUILD110LA_150_22_30	VUILD110LA	VUILD110	fold_1	macrophage_profibrotic	POOLED	2.35383098075162	1.6367010581028525	2.4636659820908955	2.4023633739276535	2.0479470332409546	2.0664898827455858	2.010099937849973	1.6367429397714564	2.1894848256047936	2.302457139534818	2.2641052172528937	2.3572750051251017	-0.04853239317603375	0.020380443224710283
VUILD110LA_150_22_31	VUILD110LA	VUILD110	fold_1	macrophage_profibrotic	POOLED	0.806950407354167	1.6367024661924128	1.6196842666519242	1.570957432766042	1.1331896146063767	1.2108039417551226	2.152968352303237	1.6367450950010374	1.3463647168406687	1.3568976046394259	1.2664348173374798	1.3032558121531204	-0.764007025411875	-0.1321210695345657
VUILD110LA_150_22_32	VUILD110LA	VUILD110	fold_1	macrophage_profibrotic	POOLED	1.40343288750897	1.636703874281973	1.734916396048168	1.772739167203144	1.947125979622512	1.8265133774922735	1.8345861783632322	1.6367472502306184	1.8620863390051832	1.9092202467027255	1.9316729531964172	1.9811560959742986	-0.36930627969417396	-0.02165119057526594
VUILD110LA_150_22_33	VUILD110LA	VUILD110	fold_1	macrophage_profibrotic	POOLED	2.51615434699314	1.6367052823715333	2.2344791414251772	2.205172689176428	1.93300292126896	1.9113908564413276	1.7296355643127295	1.6367494054601992	2.408377603108454	1.9633296983018866	2.3884953311012667	2.0929364890048094	0.3109816578167117	-0.055666894259767376
VUILD110LA_150_22_34	VUILD110LA	VUILD110	fold_1	macrophage_profibrotic	POOLED	0.797400922959223	1.6367066904610934	1.2854624768341565	1.4712885305255443	1.1483069008002293	1.149806392248032	1.913234351357933	1.6367515606897802	1.538265367529968	1.1388005675659487	1.3128881776041648	1.2474406487309095	-0.6738876075663213	-0.1718534561385951
VUILD110LA_150_22_35	VUILD110LA	VUILD110	fold_1	macrophage_profibrotic	POOLED	2.05586407333545	1.6367080985506537	2.212459245812437	2.0284422244867213	1.7262370282346753	1.7218674087749586	1.9081680870493376	1.636753715919361	1.8088392806009663	1.9247527815172853	1.9010586860996825	2.0585443015315796	0.02742184884872856	-0.10183592762482094
VUILD110LA_150_22_36	VUILD110LA	VUILD110	fold_1	macrophage_profibrotic	POOLED	0.914742344899118	1.636709506640214	1.5787244843449797	1.5852717732685335	0.9505984153684525	0.9735360239223327	1.960629530318728	1.636755871148942	1.355936024108398	1.0008676705802195	1.3069375763705227	1.0422167703340253	-0.6705294283694155	-0.2580103123644247
VUILD110LA_150_22_37	VUILD110LA	VUILD110	fold_1	macrophage_profibrotic	POOLED	0.585900305784258	1.6367109147297743	1.4412229644772658	1.4370804624344151	1.6317282072168902	1.6135153759884444	1.8255080218865811	1.636758026378523	1.7507092147757763	1.3901513869971698	1.8059184912036104	1.5710442039197732	-0.8511801566501571	-0.11701618778743011
VUILD110LA_150_23_26	VUILD110LA	VUILD110	fold_1	macrophage_profibrotic	POOLED	0.693173008798641	1.6366971025265369	1.37334752484708	1.4165314449344848	1.5328395223831073	1.4911777256765728	1.5839572628800518	1.6367380793686248	1.7330069465799647	1.388429439213017	1.581901236500749	1.5206898353339087	-0.7233584361358438	-0.14921628764716977
VUILD110LA_150_23_27	VUILD110LA	VUILD110	fold_1	macrophage_profibrotic	POOLED	1.38319889791732	1.6366985106160972	1.6317552481356026	1.6244859837651018	1.6911411260021183	1.6376827319861225	1.5948300076968698	1.6367402345982058	1.7962692100951365	1.6088533463829873	1.7787205743982004	1.6363385835693545	-0.2412870858477818	-0.121558896820667
VUILD110LA_150_23_28	VUILD110LA	VUILD110	fold_1	macrophage_profibrotic	POOLED	1.18983066206191	1.6366999187056575	1.5257589234678748	1.5216189480502054	1.5804192211658912	1.5844094809230054	1.6545210243564454	1.6367423898277866	1.7171917034100743	1.4384183067843033	1.7962542503995849	1.3840304855307677	-0.33178828598829546	-0.09144631472795287
VUILD110LA_150_23_29	VUILD110LA	VUILD110	fold_1	macrophage_profibrotic	POOLED	1.3168832413643	1.6367013267952177	1.7213092111878494	1.6099688460229462	1.7674484457539246	1.758186405755354	1.5233859120573354	1.6367445450573677	1.9463958818978253	1.403016972109307	1.808389174176561	1.4270710087263152	-0.2930856046586463	-0.10417422584508745
VUILD110LA_150_23_34	VUILD110LA	VUILD110	fold_1	macrophage_profibrotic	POOLED	1.42829363388947	1.636708367243019	1.9064187707999627	1.7423490988401507	2.0532455673860106	2.05103877359583	1.666841645151919	1.6367553212052723	2.187969665468806	1.7594914940439432	2.0145885293333916	1.8921972682291668	-0.3140554649506806	-0.0331568621307469
VUILD110LA_150_23_35	VUILD110LA	VUILD110	fold_1	macrophage_profibrotic	POOLED	0.839642306828651	1.6367097753325792	1.816768131242616	1.7294387448485977	1.2759908323699896	1.3705762860469097	1.5586305758091752	1.6367574764348534	1.4417373421050796	1.263843800178825	1.3082476459374663	1.223716719926154	-0.8897964380199467	-0.20421765977411807
VUILD110LA_150_23_36	VUILD110LA	VUILD110	fold_1	macrophage_profibrotic	POOLED	0.495587761347292	1.6367111834221395	1.1304421921619798	1.2401248528685371	1.433739777654893	1.2880974082591647	1.8478964379820262	1.6367596316644342	1.0245079953199983	1.103502065760043	1.2138760773647799	1.1859702170862776	-0.7445370915212451	-0.21555005793854556
VUILD110LA_150_23_38	VUILD110LA	VUILD110	fold_1	macrophage_profibrotic	POOLED	3.09112295898768	1.6367139996012599	2.093319485265111	1.8545260677627424	2.4441224059227182	2.3501131173348604	2.0869986394879074	1.636763942123596	2.511923547393135	2.408764286745919	2.6166779100307176	2.3765244181448297	1.2365968912249374	-0.025912312263812756
VUILD110LA_150_24_26	VUILD110LA	VUILD110	fold_1	macrophage_profibrotic	POOLED	1.23466836049013	1.6366987793084624	1.7087197554803566	1.7495860113223605	1.3259280056044271	1.38757886187629	1.29987906690446	1.636741839884117	1.8101720272754673	1.3309485618905845	1.5266572285145723	1.3408920978710843	-0.5149176508322304	-0.14279887772731606
VUILD110LA_150_24_27	VUILD110LA	VUILD110	fold_1	macrophage_profibrotic	POOLED	2.73243800356531	1.6367001873980225	2.3759110463533024	2.1871231285612067	2.822980568856695	2.7258631595470266	2.0027952860326566	1.636743995113698	2.606682810588069	2.6035846577129886	2.7048389377453663	2.787259840058087	0.5453148750041032	0.06542765225867705
VUILD110LA_150_24_28	VUILD110LA	VUILD110	fold_1	macrophage_profibrotic	POOLED	1.06205859984815	1.6367015954875828	1.644610039343447	1.6213559313154071	1.4598276292961834	1.511862204558824	1.4331774797254846	1.6367461503432787	1.5910131463376767	1.5720653465000836	1.4624563013076264	1.5933019125356485	-0.5592973314672571	-0.06282825356144925
VUILD110LA_150_24_29	VUILD110LA	VUILD110	fold_1	macrophage_profibrotic	POOLED	1.88130134369274	1.636703003577143	1.6691459931812782	1.7571585269676762	2.281795858712937	2.194901932523322	1.8988816455159585	1.6367483055728598	2.1383692272562005	2.1357439613866482	2.186410625571577	2.2360451374171264	0.12414281672506378	0.00877744545747114
VUILD110LA_150_24_30	VUILD110LA	VUILD110	fold_1	macrophage_profibrotic	POOLED	1.39135476296515	1.6367044116667033	1.8251085887462628	1.761570396885975	1.6968634342347124	1.7150810461385275	1.7889657630320408	1.6367504608024408	1.8173230622817875	1.5574655026036466	1.7743752793712886	1.5721622125696784	-0.3702156339208251	-0.18497851436162316
VUILD110LA_150_24_31	VUILD110LA	VUILD110	fold_1	macrophage_profibrotic	POOLED	1.14392710689879	1.6367058197562636	1.9703281004840476	1.8943456240439451	2.1519005363430175	2.0227179357628633	1.9195433224775726	1.6367526160320216	2.5213153293304233	2.227643740359841	2.5400646616682376	2.3764671356928804	-0.7504185171451552	-0.01801632671747848
VUILD110LA_150_24_32	VUILD110LA	VUILD110	fold_1	macrophage_profibrotic	POOLED	1.1593950040476	1.636707227845824	2.017167111761059	1.9956331001823098	1.5949249006725468	1.6910602281487415	1.6958514928048412	1.6367547712616026	1.6473758177950029	1.3539893299899277	1.4677911278506115	1.2260386179514804	-0.8362380961347098	-0.04827815045528266
VUILD110LA_150_24_33	VUILD110LA	VUILD110	fold_1	macrophage_profibrotic	POOLED	1.71658808231699	1.6367086359353842	2.1319127362482235	2.109390812685926	1.6852584712531926	1.767367471015488	1.6191628738150103	1.6367569264911834	1.9944044967210175	1.9847391198656847	1.8401945012562066	2.0106786440474402	-0.3928027303689361	-0.07053357523165502
VUILD110LA_150_24_34	VUILD110LA	VUILD110	fold_1	macrophage_profibrotic	POOLED	1.66764033427542	1.6367100440249442	2.0392123807566582	2.054498480584334	1.8338287407693317	1.863246722305937	1.762381089497933	1.6367590817207645	2.2830659492791083	1.7714370828529904	2.1414195951611945	1.8444540928016577	-0.3868581463089138	-0.10141078497532549
VUILD110LA_150_24_35	VUILD110LA	VUILD110	fold_1	macrophage_profibrotic	POOLED	0.832475934982407	1.6367114521145045	1.7162560064973738	1.7078137674954317	1.6950969518629233	1.7215093326909698	1.7195074176446563	1.6367612369503455	1.759220901647606	1.594131006120119	1.654880638749541	1.6874895963984382	-0.8753378325130247	-0.16356341044025832
VUILD110LA_150_24_36	VUILD110LA	VUILD110	fold_1	macrophage_profibrotic	POOLED	0.615866525677381	1.6367128602040648	1.621516514551528	1.4333002790785667	1.7038233809944632	1.618420077687253	1.756037358231515	1.6367633921799263	1.6699212519594713	1.380652131466832	1.731888107865189	1.521609669616186	-0.8174337534011857	-0.15201525540634556
VUILD110LA_150_24_37	VUILD110LA	VUILD110	fold_1	macrophage_profibrotic	POOLED	0.744879733475806	1.636714268293625	1.4742402594046553	1.4426759749636004	1.7125864915335405	1.623240132664145	1.8935373544684078	1.6367655474095073	1.6995659206007205	1.3322252403044506	1.895032027864061	1.3775811313434823	-0.6977962414877944	-0.1319845378818986
VUILD110LA_150_24_38	VUILD110LA	VUILD110	fold_1	macrophage_profibrotic	POOLED	1.08604286091892	1.6367156763831854	1.5231367420110309	1.4693437176314528	2.0978483466503124	2.011974294872802	1.5119234470690939	1.636767702639088	1.8344208343239217	1.646428653457082	1.830148801687519	1.6392970733287857	-0.38330085671253267	-0.0716013780470647
VUILD110LA_150_25_16	VUILD110LA	VUILD110	fold_1	macrophage_profibrotic	POOLED	0.318003067297335	1.6366863751947853	1.1089738511978107	0.9166648415761747	1.27153302039375	1.1182063004215772	1.1041495460392006	1.6367240481037997	0.8725341264696586	0.6585130436726279	0.8405045716950731	0.6630965799899501	-0.5986617742788396	-0.1707393795969438
VUILD110LA_150_25_19	VUILD110LA	VUILD110	fold_1	macrophage_profibrotic	POOLED	3.37629901594099	1.636690599463466	3.2350013842066865	2.576362731577251	2.5395579169079667	2.500163061864807	1.7417190704613041	1.6367305137925425	2.5502604995380995	2.430326349984576	2.505020654269036	2.4560187662327264	0.799936284363739	0.040116018156323756
VUILD110LA_150_25_25	VUILD110LA	VUILD110	fold_1	macrophage_profibrotic	POOLED	1.73108757219217	1.6366990480008274	1.8031119525103863	1.6889881440534305	1.9772379553030506	1.9067829804291714	1.7559174580958437	1.6367434451700282	2.088732564550619	1.9376832036790999	1.9769534781697604	2.0612384896601674	0.04209942813873946	-0.049571459782312345
VUILD110LA_150_25_26	VUILD110LA	VUILD110	fold_1	macrophage_profibrotic	POOLED	1.91944416307346	1.6367004560903877	2.0830141546606735	1.9832072480144571	1.3401103258416818	1.4925675196960613	1.6067007640615487	1.636745600399609	2.121685661402335	1.7058726457857956	1.8922408414914353	1.7162028050545746	-0.06376308494099714	-0.1242488103446594
VUILD110LA_150_25_28	VUILD110LA	VUILD110	fold_1	macrophage_profibrotic	POOLED	0.853655886508914	1.6367032722695083	2.1277324153333144	1.9816268242783512	1.82582731600466	1.8967178930086572	1.654056309274071	1.636749910858771	2.123749854371792	1.6195762790445545	1.8661942439641526	1.5820227966464715	-1.1279709377694371	-0.06177562239813008
VUILD110LA_150_25_29	VUILD110LA	VUILD110	fold_1	macrophage_profibrotic	POOLED	1.44247463712654	1.6367046803590686	1.7462505135775375	1.7512987948557972	1.788259652126682	1.8053978469297496	1.803156536664166	1.6367520660883519	1.7982959853335256	1.5594447358018122	1.5927919002860744	1.6030851908184591	-0.3088241577292572	-0.10659018725996874
VUILD110LA_150_25_30	VUILD110LA	VUILD110	fold_1	macrophage_profibrotic	POOLED	1.47485598397303	1.6367060884486286	1.757891521462314	1.740655756493852	2.0085211583792573	1.9758785014898748	1.8473165494457575	1.636754221317933	2.0092794621289065	1.7543438252110728	1.983535988399606	1.8513441344142578	-0.2657997725208221	-0.02553653426886745
VUILD110LA_150_25_31	VUILD110LA	VUILD110	fold_1	macrophage_profibrotic	POOLED	1.66729611603139	1.636707496538189	1.9736363002193305	1.94649666403096	2.1100717116134198	2.1128825113550214	2.169804009774159	1.6367563765475137	1.9852830149306768	1.94894401472494	1.8774512570342188	2.001111848470398	-0.27920054799957006	0.028072810753376976
VUILD110LA_150_25_32	VUILD110LA	VUILD110	fold_1	macrophage_profibrotic	POOLED	1.39391628757651	1.6367089046277492	2.1019415639567445	1.930104522126443	1.9796612644125395	1.8835241641949427	2.066001486823942	1.6367585317770947	1.642787636390007	2.0789182913433915	1.7464003771904868	2.15726952301186	-0.5361882345499329	-0.01151515525370082
VUILD110LA_150_25_33	VUILD110LA	VUILD110	fold_1	macrophage_profibrotic	POOLED	1.65131563844918	1.6367103127173095	1.9585308033932127	2.0732178971640796	1.6332050197303278	1.6202469072623964	1.7697469641844448	1.6367606870066758	2.1274341027229577	1.923919837019637	1.9804247591955197	1.9531162167114906	-0.4219022587148995	-0.10589196538470369
VUILD110LA_150_25_34	VUILD110LA	VUILD110	fold_1	macrophage_profibrotic	POOLED	2.11484408077443	1.6367117208068698	2.7646478186435344	2.6155696704478633	2.0827686221636013	2.2140009018241145	1.745582342630819	1.6367628422362566	2.7339765073254396	2.066178388681595	2.461119471576816	2.042906053168099	-0.5007255896734333	-0.07918849012008122
VUILD110LA_150_25_35	VUILD110LA	VUILD110	fold_1	macrophage_profibrotic	POOLED	1.75527922062499	1.63671312889643	2.117284923212705	2.091203477248429	1.8989265577414858	1.934386824635065	1.5819203328467701	1.6367649974658376	1.6056216441076738	1.6605440907443871	1.5592959193551978	1.6525776980508078	-0.33592425662343883	-0.08435554906591888
VUILD110LA_150_25_36	VUILD110LA	VUILD110	fold_1	macrophage_profibrotic	POOLED	0.644728280452513	1.6367145369859901	1.3358944632704068	1.313795595308887	1.9155566321759245	1.7715369707150308	1.771142499321512	1.6367671526954184	1.801169979255455	1.574819987147253	1.8797837823944412	1.8025450007301091	-0.6690673148563739	-0.19649531179123556
VUILD110LA_150_25_37	VUILD110LA	VUILD110	fold_1	macrophage_profibrotic	POOLED	1.02145616789713	1.6367159450755504	1.3432926194080386	1.3728946179633792	1.8247056086116065	1.6649800683133855	1.8669249929821288	1.6367693079249994	2.377205295505651	1.6356150426438052	2.30293017312987	1.6826985534112777	-0.3514384500662493	-0.03316423469463265
VUILD110LA_150_26_25	VUILD110LA	VUILD110	fold_1	macrophage_profibrotic	POOLED	1.31176889736602	1.636700724782753	1.666288907462679	1.5911193589239687	1.9149590041498454	1.8143601879806874	1.8946840188608562	1.6367472056855203	1.9302498392868934	1.6287161848571337	2.007823376656822	1.6984162180953122	-0.27935046155794874	-0.01532082232963514
VUILD110LA_150_26_27	VUILD110LA	VUILD110	fold_1	macrophage_profibrotic	POOLED	1.86689939576642	1.6367035409618733	2.022873397360618	2.08465134268304	2.120899777996156	2.0505313630767668	2.0596029812684784	1.6367515161446822	2.2083119575713503	2.165915153334649	2.135488153782981	2.272790485697263	-0.21775194691662025	-0.028734850448811116
VUILD110LA_150_26_28	VUILD110LA	VUILD110	fold_1	macrophage_profibrotic	POOLED	1.28548755659317	1.6367049490514336	2.128557555550158	2.1547458731292375	1.758072447095076	1.8695494305619367	1.8532995572023	1.6367536713742632	2.3254903057031697	1.9177139647212886	2.0194748613032907	1.962191767627036	-0.8692583165360674	-0.07847854510875166
VUILD110LA_150_26_29	VUILD110LA	VUILD110	fold_1	macrophage_profibrotic	POOLED	2.15641532727277	1.6367063571409939	2.261060220181093	2.193452587504175	2.3954930446902867	2.4913498999251305	1.9446731194432354	1.636755826603844	2.327820104784494	2.3582030681979305	2.22231914301845	2.5452783933394887	-0.037037260231404634	0.04555002787278368
VUILD110LA_150_26_30	VUILD110LA	VUILD110	fold_1	macrophage_profibrotic	POOLED	1.82370896748259	1.6367077652305542	1.5763651704832249	1.5574773764064789	1.6196737613357248	1.6187127660713394	1.9029056216634266	1.636757981833425	1.3692079772183372	1.3101921483524892	1.3151313807064977	1.317407291647521	0.26623159107611105	-0.07579251525338149
VUILD110LA_150_26_31	VUILD110LA	VUILD110	fold_1	macrophage_profibrotic	POOLED	1.24616646347604	1.6367091733201145	1.4632807009424398	1.3948064787805088	1.877189674509515	1.7749845646009932	2.2701149609686997	1.6367601370630058	2.1523195850131356	1.6305911366077175	2.0574528110553176	1.838283467388686	-0.1486400153044687	-0.007532989256317124
VUILD110LA_150_26_32	VUILD110LA	VUILD110	fold_1	macrophage_profibrotic	POOLED	1.44653168064885	1.6367105814096747	1.4271706624460796	1.5431231202192286	1.6308159790627061	1.5770701745125866	1.8898945398772935	1.6367622922925869	1.6022958872416297	1.6734379102758865	1.6493187943396044	1.738308170589319	-0.09659143957037863	-0.09614237704361187
VUILD110LA_150_26_33	VUILD110LA	VUILD110	fold_1	macrophage_profibrotic	POOLED	2.14429449342545	1.6367119894992348	2.1015106627154116	1.9647958293921235	1.241545568501252	1.2683353886711501	2.0394815975154676	1.6367644475221679	1.8459979020880928	1.4918580151353986	1.763067272582095	1.423707641875142	0.1794986640333267	-0.16022565645741277
VUILD110LA_150_26_34	VUILD110LA	VUILD110	fold_1	macrophage_profibrotic	POOLED	1.55993570529986	1.636713397588795	2.0427821749688593	2.18008733941335	1.8005457064699828	1.812330632663169	1.888238163792669	1.6367666027517487	1.937407180304655	1.9824525150799104	1.8508321500850697	1.9607475205065452	-0.6201516341134903	-0.08468657357438564
VUILD110LA_150_26_35	VUILD110LA	VUILD110	fold_1	macrophage_profibrotic	POOLED	1.43425448551477	1.6367148056783554	1.9531442209068441	1.8244354438408146	1.7456256105396377	1.7776600419996071	2.0088223564566157	1.6367687579813297	1.8558460912629915	1.723530284016962	1.9371381072913354	1.8352076157340873	-0.3901809583260445	-0.049717145720443244
VUILD110LA_150_26_36	VUILD110LA	VUILD110	fold_1	macrophage_profibrotic	POOLED	2.05516811542704	1.6367162137679157	1.4340575530273407	1.569121658998385	2.385938031687732	2.2210933048975927	1.9135006060355515	1.6367709132109105	2.366899378347198	2.2341256979454913	2.687768282251113	2.4622525066355205	0.48604645642865507	-0.012211157497747028
VUILD110LA_150_26_37	VUILD110LA	VUILD110	fold_1	macrophage_profibrotic	POOLED	1.22165993337045	1.636717621857476	1.85194096760881	1.6235072291074197	2.07606388602305	1.9205929034775764	2.0578321451765857	1.6367730684404915	2.0104730154315167	1.795272917624693	2.0823718212825555	1.8749407196171863	-0.40184729573696965	-0.08378838223784146
VUILD110LA_150_26_38	VUILD110LA	VUILD110	fold_1	macrophage_profibrotic	POOLED	1.06548304730283	1.6367190299470362	1.5785535987323447	1.5710502276790186	2.2794982149252734	2.1636669382955493	1.7430070755762956	1.6367752236700726	1.849783325147795	2.096152021401968	1.9950203036560288	2.1672917229428004	-0.5055671803761885	0.0005571081075790574
VUILD110LA_150_27_10	VUILD110LA	VUILD110	fold_1	macrophage_profibrotic	POOLED	1.01047604501002	1.6366812802212747	1.3170882272196816	1.3321675769610382	1.187373004090944	1.1596646601564025	0.878902434536486	1.6367186377572984	1.3117088844407006	1.0083592388578415	1.170983399246053	1.033193745077129	-0.3216915319510181	-0.15035770462061984
VUILD110LA_150_27_15	VUILD110LA	VUILD110	fold_1	macrophage_profibrotic	POOLED	0.446205961470908	1.6366883206690759	1.0461442549358044	0.9579139587623344	1.5364483378763034	1.3660795511737511	1.0027279831673304	1.636729413905203	1.3331948229234745	1.1331456307404402	1.4560147522350309	1.1822892751019785	-0.5117079972914265	-0.08716412678093491
VUILD110LA_150_27_17	VUILD110LA	VUILD110	fold_1	macrophage_profibrotic	POOLED	2.26351324027431	1.6366911368481962	2.301422535601664	2.2840168664658047	2.584009884235493	2.5197345000957743	1.9049044280419984	1.636733724364365	2.4962269506684103	2.5130121783303805	2.615678826073421	2.6800541875925763	-0.020503626191494817	0.07296990858044153
VUILD110LA_150_27_20	VUILD110LA	VUILD110	fold_1	macrophage_profibrotic	POOLED	0.908047160056188	1.636695361116877	1.5752116632305408	1.3707302103907089	1.4055572901450282	1.3225792202189157	1.3121119471191571	1.6367401900531078	1.3180347798257193	1.4083374866395344	1.33464835148893	1.5277700697182188	-0.46268305033452084	-0.20176924074657065
VUILD110LA_150_27_21	VUILD110LA	VUILD110	fold_1	macrophage_profibrotic	POOLED	1.77446778300669	1.6366967692064374	1.4184001970270363	1.3281970993404992	1.7910316708333367	1.6978660150127538	1.2404305480066937	1.6367423452826888	1.7397333425996082	1.5119898188820216	1.7785882195928766	1.6866570861514623	0.4462706836661907	-0.12410716808597391
VUILD110LA_150_27_24	VUILD110LA	VUILD110	fold_1	macrophage_profibrotic	POOLED	0.610790034345194	1.636700993475118	1.899484757027103	1.8045322800495138	2.168403517160158	2.071270429349121	1.9889744065594748	1.6367488109714314	1.955427966411003	2.1368151810289198	1.924080437675404	2.352389856935857	-1.1937422457043199	-0.022976158411675524
VUILD110LA_150_27_25	VUILD110LA	VUILD110	fold_1	macrophage_profibrotic	POOLED	1.02057281975392	1.6367024015646783	1.2037209541367493	1.3461367627243275	1.622108603597871	1.5402514980353748	1.4198748353739021	1.6367509662010125	1.5385956143095856	1.4429496692413057	1.7055376217537603	1.5610757907141348	-0.3255639429704076	-0.13777669466866105
VUILD110LA_150_27_26	VUILD110LA	VUILD110	fold_1	macrophage_profibrotic	POOLED	2.63031941561041	1.6367038096542386	2.249511415243546	2.3108437962822235	2.369895538432166	2.338803854355456	2.391937221126565	1.6367531214305935	2.5552880448388193	2.154541467580132	2.286556817260286	2.099253608022073	0.3194756193281867	-0.07243420628826755
VUILD110LA_150_27_27	VUILD110LA	VUILD110	fold_1	macrophage_profibrotic	POOLED	2.1515084313056	1.6367052177437988	2.701455789993899	2.6577044372055205	1.7205830100811483	1.9378013618192504	1.8999035918105744	1.6367552766601743	2.068046932308055	1.7938855611419342	1.6749085442229374	1.6721731297075284	-0.5061960058999206	-0.11081112463969331
VUILD110LA_150_27_28	VUILD110LA	VUILD110	fold_1	macrophage_profibrotic	POOLED	1.70131750943071	1.6367066258333591	2.658197761601061	2.5292652000381217	1.7614008900048543	1.961586622524748	1.899032117688064	1.6367574318897553	1.7230583554288255	1.7963172603329838	1.4919032104179615	1.739716504631187	-0.8279476906074117	-0.09009242493721972
VUILD110LA_150_27_29	VUILD110LA	VUILD110	fold_1	macrophage_profibrotic	POOLED	1.49022753108441	1.6367080339229192	1.9023486297147307	1.929269333660595	1.7373573639854276	1.766212350569961	1.8752285449370554	1.6367595871193361	1.2372932400466814	1.725377272913534	1.226870879176563	1.795018512227031	-0.4390418025761851	-0.061714612393356925
VUILD110LA_150_27_30	VUILD110LA	VUILD110	fold_1	macrophage_profibrotic	POOLED	2.04521242818514	1.6367094420124795	1.6065293905242568	1.49957666346817	1.5899834386447145	1.55690008250061	1.953529760041698	1.6367617423489171	1.6863741931031435	1.3181087627225472	1.6571391003229616	1.3934920176807082	0.5456357647169701	-0.1695361170871642
VUILD110LA_150_27_31	VUILD110LA	VUILD110	fold_1	macrophage_profibrotic	POOLED	1.36620201415291	1.6367108501020398	1.2802890501941249	1.2681924928025745	1.6372910287894575	1.4594066149101197	2.972272685420232	1.6367638975784982	1.313799474711748	1.404812015725814	1.3683242587703226	1.4591577707848062	0.09800952135033558	-0.07716029933934121
VUILD110LA_150_27_33	VUILD110LA	VUILD110	fold_1	macrophage_profibrotic	POOLED	0.582150873253611	1.6367136662811603	1.5676107371804848	1.5821278776933092	1.4444792152488966	1.4188733541959522	1.867656232672137	1.63676820803766	1.3721507429465154	1.4323671070899	1.2780199423974028	1.4722794267308303	-0.9999770044396982	-0.15499588927710756
VUILD110LA_150_27_36	VUILD110LA	VUILD110	fold_1	macrophage_profibrotic	POOLED	1.00497293036714	1.636717890549841	1.6182737192881027	1.5527075669988708	2.230831495071233	2.112272674112815	1.9259997863414267	1.6367746737264028	2.049083470611164	1.7947441635604493	2.2004579351571554	1.9341859036646625	-0.5477346366317308	-0.043889085580412164
VUILD110LA_150_27_37	VUILD110LA	VUILD110	fold_1	macrophage_profibrotic	POOLED	0.591744076667959	1.6367192986394012	1.1565019000148875	1.2722438454005265	1.828284317293781	1.6859304441646348	1.7949874973488638	1.6367768289559836	1.8087455135263228	1.5838187069994278	1.977150129284638	1.573415652424952	-0.6804997687325675	-0.014866448097115958
VUILD110LA_150_27_38	VUILD110LA	VUILD110	fold_1	macrophage_profibrotic	POOLED	0.682180853510053	1.6367207067289615	1.350626231554582	1.1946230811534793	1.6816473270953791	1.5463871123343231	1.4270760456820049	1.6367789841855647	1.0697619721503644	1.2851176320882027	1.2962566970396199	1.3332769956787984	-0.5124422276434263	-0.20190581482974243
VUILD110LA_150_28_18	VUILD110LA	VUILD110	fold_1	macrophage_profibrotic	POOLED	3.00491265427587	1.636694221719682	3.0653505936903453	2.9952848700243306	2.5869467422174632	2.636255143116392	1.4431948881561545	1.636739640109438	2.9568687642495206	2.423547956691562	2.8020011462648924	2.4470454202833523	0.009627784251539317	-0.022858395525632805
VUILD110LA_150_28_21	VUILD110LA	VUILD110	fold_1	macrophage_profibrotic	POOLED	1.05001390962086	1.6366984459883627	1.6787546874270178	1.5537636686910148	1.9563881703630681	1.9046776225483149	1.4468964881506232	1.636746105798181	2.1579575755696063	1.8253633463570007	2.145411943596653	1.9710190362059814	-0.5037497590701547	0.037088567466358364
VUILD110LA_150_28_22	VUILD110LA	VUILD110	fold_1	macrophage_profibrotic	POOLED	0.747006147756942	1.636699854077923	1.8585387249393759	1.891402116356923	1.9169338179493627	1.9327111745228676	1.72214715146235	1.6367482610277617	2.2579387588839914	1.8326120795473888	2.092123553417008	1.8539073780618711	-1.144395968599981	5.198537447057006e-06
VUILD110LA_150_28_25	VUILD110LA	VUILD110	fold_1	macrophage_profibrotic	POOLED	1.49370305869629	1.6367040783466038	1.6053440186287697	1.5565811245991505	1.8788067851399457	1.8288693373601266	1.5226418736690666	1.6367547267165046	1.5099001705530288	1.691847956441493	1.5285666929410833	1.7455721036794438	-0.06287806590286049	-0.03747454400638558
VUILD110LA_150_28_26	VUILD110LA	VUILD110	fold_1	macrophage_profibrotic	POOLED	1.87769273059343	1.6367054864361639	2.2312045155187956	2.2864335489199226	2.236308509881237	2.2976811165240747	1.9885919048769178	1.6367568819460856	2.301786498641582	1.9944824739149398	1.9302483858683392	2.0065308022779207	-0.40874081832649267	-0.006798217911564819
VUILD110LA_150_28_27	VUILD110LA	VUILD110	fold_1	macrophage_profibrotic	POOLED	1.89935646819918	1.6367068945257242	2.2534663566538313	2.337323137914238	1.7942181471100802	1.8808997658647488	2.145006145094678	1.6367590371756664	1.5820982181819943	1.6481601672419264	1.417504280790133	1.6277391521176718	-0.43796666971505793	-0.06292581206901982
VUILD110LA_150_28_28	VUILD110LA	VUILD110	fold_1	macrophage_profibrotic	POOLED	1.46021581868454	1.6367083026152844	1.9021628847504868	1.956213435942956	1.675443084861872	1.7474925065927243	1.774573702739547	1.6367611924052474	1.6412017051191838	1.6049487197092633	1.4720991863589679	1.5079992311509036	-0.49599761725841596	-0.07897549052902889
VUILD110LA_150_28_29	VUILD110LA	VUILD110	fold_1	macrophage_profibrotic	POOLED	0.796109164182921	1.6367097107048447	1.3617166329643973	1.5752814284135788	1.795671357267456	1.7902335765131974	1.684358681257083	1.6367633476348284	1.8905442773415222	1.6003353539663963	1.8710727993423621	1.6832940028024466	-0.7791722642306578	-0.02095370379026189
VUILD110LA_150_28_30	VUILD110LA	VUILD110	fold_1	macrophage_profibrotic	POOLED	2.34854066016713	1.636711118794405	2.2635646079409852	2.1072234616297125	2.4236225876012503	2.321622143306819	2.452303386292644	1.6367655028644092	1.9916276747677368	1.9658827808913308	2.0375644940473587	2.009299545152923	0.24131719853741762	0.052427802131667305
VUILD110LA_150_28_31	VUILD110LA	VUILD110	fold_1	macrophage_profibrotic	POOLED	0.681682384349712	1.6367125268839653	1.7172222437241267	1.5457483268267047	1.6762657830478498	1.6277839546882866	2.2840358411177313	1.6367676580939903	1.4050100556415912	1.549948931329126	1.3873200201004954	1.6576118589660547	-0.8640659424769928	-0.05790409742063688
VUILD110LA_150_28_32	VUILD110LA	VUILD110	fold_1	macrophage_profibrotic	POOLED	1.49995287532412	1.6367139349735254	1.262119415768698	1.3134174267152667	1.3784185318317639	1.3449037810950644	1.922921539112448	1.636769813323571	1.3237208331203545	1.5148346593016404	1.3163559947885646	1.539258082114991	0.1865354486088533	-0.07693965335873415
VUILD110LA_150_28_33	VUILD110LA	VUILD110	fold_1	macrophage_profibrotic	POOLED	0.457609277067629	1.6367153430630856	1.6866871111649735	1.5945963484850667	1.696517813267651	1.6952171808709808	2.223659788393719	1.636771968553152	2.022242854731268	1.8347975891946722	1.9792116680367737	1.9045581365142286	-1.1369870714174377	-0.039040327394444865
VUILD110LA_150_28_34	VUILD110LA	VUILD110	fold_1	macrophage_profibrotic	POOLED	0.993182514877075	1.636716751152646	1.5289875176646879	1.5070202625573612	1.7357554260513313	1.7718588145662304	1.5143868398969853	1.636774123782733	1.8639185887604313	1.5887430286283553	2.0055506167666346	1.6037651250398464	-0.5138377476802862	-0.04965660252815984
VUILD110LA_150_28_35	VUILD110LA	VUILD110	fold_1	macrophage_profibrotic	POOLED	0.853168980420177	1.6367181592422062	1.7921567480404608	1.7817754521119054	1.8994003004253912	1.8856356621183596	1.8686854659364267	1.636776279012314	1.5090511024966629	1.7974917398050727	1.7205828485105377	1.7555698222424723	-0.9286064716917284	-0.016411560287018036
VUILD110LA_150_28_36	VUILD110LA	VUILD110	fold_1	macrophage_profibrotic	POOLED	0.426175686000184	1.6367195673317665	1.368311140264719	1.3206038079714162	1.935058968284585	1.8598829266720516	1.7984625483383163	1.636778434241895	2.132236004684134	1.5224322033575075	2.0780699222535635	1.6588741307395136	-0.8944281219712322	-0.10258821669424656
VUILD110LA_150_28_37	VUILD110LA	VUILD110	fold_1	macrophage_profibrotic	POOLED	1.14978299081386	1.6367209754213268	1.5000081773690357	1.4065359865482001	1.5822498204675726	1.4568080215344796	1.7734672323905596	1.6367805894714758	1.5402120912606079	1.2528481732406005	1.8150549102410782	1.1234158184730942	-0.2567529957343402	-0.1095456308256948
VUILD110LA_150_29_13	VUILD110LA	VUILD110	fold_1	macrophage_profibrotic	POOLED	2.98785634659724	1.6366888580538062	2.7402634061357505	2.5561515672455437	2.52823426110315	2.506530816654123	1.8971314010067628	1.6367326244770255	2.415945404094204	2.5033547355672296	2.3195100474757315	2.583019585835582	0.4317047793516964	0.09949655525312592
VUILD110LA_150_29_14	VUILD110LA	VUILD110	fold_1	macrophage_profibrotic	POOLED	2.40385282129408	1.6366902661433664	1.9870909762841407	1.8637382525613009	1.8528862270470625	1.7749716673646128	1.533933200197172	1.6367347797066065	2.1074154717608096	2.082910453528317	2.0597320937004353	2.2619117405920823	0.5401145687327791	-0.08950204393074979
VUILD110LA_150_29_16	VUILD110LA	VUILD110	fold_1	macrophage_profibrotic	POOLED	0.556120875267853	1.6366930823224868	0.9884160498954502	1.0586355987300897	1.459584403334228	1.3118986106245591	0.9986930174234971	1.6367390901657684	0.9098164530376167	1.2804754908030298	1.0913964726347258	1.3978593194027984	-0.5025147234622367	-0.12402897436754406
VUILD110LA_150_29_17	VUILD110LA	VUILD110	fold_1	macrophage_profibrotic	POOLED	1.75874147012216	1.636694490412047	1.8085044481150343	1.9324735761559837	1.9324572435925715	1.8733303743803198	1.3592498752970088	1.6367412453953492	1.485084046481957	1.753666740601096	1.3484897767115513	1.8338703988908867	-0.17373210603382372	-0.1139018141360833
VUILD110LA_150_29_18	VUILD110LA	VUILD110	fold_1	macrophage_profibrotic	POOLED	1.91489560295134	1.6366958985016073	2.425003245412052	2.372246445050655	2.436704483199719	2.358942716508176	1.4978906983136104	1.6367434006249302	2.4391030400767653	2.286778531970755	2.424916284888248	2.475006941102378	-0.4573508420993151	-0.047711295662420786
VUILD110LA_150_29_20	VUILD110LA	VUILD110	fold_1	macrophage_profibrotic	POOLED	1.44315107630964	1.636698714680728	2.2236751085798256	2.0620807803517747	2.5060728883259196	2.4521933197137917	2.246542506351898	1.636747711084092	2.4295071108502464	2.387971693471126	2.475558678630586	2.405332244479048	-0.6189297040421347	0.013691036298031353
VUILD110LA_150_29_22	VUILD110LA	VUILD110	fold_1	macrophage_profibrotic	POOLED	0.756684203016731	1.6367015308598485	2.197017042138814	2.2270430524040346	2.1998304023326285	2.3017403156296665	2.0886682909557703	1.6367520215432538	2.359137313068616	2.368158670821929	2.320351602446161	2.426990151293035	-1.4703588493873037	0.06942494057191143
VUILD110LA_150_29_23	VUILD110LA	VUILD110	fold_1	macrophage_profibrotic	POOLED	1.80458173189169	1.6367029389494085	3.617560121775697	3.5636841401744936	2.7452606769549357	3.0588473957162954	2.2687739036511	1.6367541767728349	3.0348162681277078	2.830961097485595	2.3568988516845972	2.6792309164597436	-1.7591024082828037	0.10681732434057584
VUILD110LA_150_29_24	VUILD110LA	VUILD110	fold_1	macrophage_profibrotic	POOLED	1.93998446115955	1.6367043470389688	3.7102644963545615	3.4405101703219922	2.6469025222085194	2.8628479166555465	3.8169830100776077	1.6367563320024159	3.6089076615421933	2.700937347174343	3.0592158072976474	2.643627782451112	-1.5005257091624422	0.06492364324072403
VUILD110LA_150_29_26	VUILD110LA	VUILD110	fold_1	macrophage_profibrotic	POOLED	2.19547143906888	1.6367071632180894	2.4358587202684663	2.4310955521418967	2.4036130279923453	2.4753557121068654	1.7516107747271765	1.6367606424615777	2.8497605926095506	2.3719673376151555	2.560856964329766	2.4445447862172913	-0.23562411307301678	0.029753871621490992
VUILD110LA_150_29_27	VUILD110LA	VUILD110	fold_1	macrophage_profibrotic	POOLED	1.59160090141976	1.6367085713076497	2.675574740049588	2.6295929718228397	1.7537082450465131	1.8793765555301585	1.7924415818334578	1.6367627976911585	2.0824814067211537	2.0226963170844434	1.6927608491005488	2.0386125402642525	-1.0379920704030796	-0.07929705326930386
VUILD110LA_150_29_28	VUILD110LA	VUILD110	fold_1	macrophage_profibrotic	POOLED	0.918051594138248	1.63670997939721	2.185396082638663	2.0688967975273274	2.0039577402790982	1.9349876527096452	2.0373192856530706	1.6367649529207395	1.8456665551286116	1.9746838101632995	1.7403792728879617	2.1779937797570676	-1.1508452033890793	-0.03614796802706408
VUILD110LA_150_29_29	VUILD110LA	VUILD110	fold_1	macrophage_profibrotic	POOLED	0.259528292270413	1.63671138748677	1.9335488936528802	1.9660702252413098	1.6334312222563394	1.6491623703293918	1.7724400822676374	1.6367671081503206	1.7361498722055453	1.666977138710282	1.6324222864943074	1.7836941102732689	-1.7065419329708968	-0.12444001735338525
VUILD110LA_150_29_30	VUILD110LA	VUILD110	fold_1	macrophage_profibrotic	POOLED	0.700043652106024	1.6367127955763303	1.6827382137204134	1.587412487794407	1.7522285188389777	1.6189664372994639	2.1127057516724657	1.6367692633799014	1.9196138666786744	1.5403387801431294	1.8747727857155763	1.730628292799006	-0.8873688356883829	-0.11214860943693872
VUILD110LA_150_29_31	VUILD110LA	VUILD110	fold_1	macrophage_profibrotic	POOLED	0.697376747641636	1.6367142036658906	1.2989817199189941	1.3933978122022008	1.5680116146623975	1.523238923969554	1.8652551761419214	1.6367714186094824	1.8712307354313729	1.4457723032735779	1.919737713949668	1.5699534838009175	-0.6960210645605648	-0.06971431339887926
VUILD110LA_150_29_32	VUILD110LA	VUILD110	fold_1	macrophage_profibrotic	POOLED	2.71162771782025	1.6367156117554509	2.038727559944343	1.8328722938722113	2.1277175948505054	2.1004694187655604	1.8659196564660858	1.6367735738390632	2.1573734312112	2.2210461806187256	2.1793968419944076	2.325813005249294	0.8787554239480386	0.03224502025311651
VUILD110LA_150_29_33	VUILD110LA	VUILD110	fold_1	macrophage_profibrotic	POOLED	1.89951533447857	1.6367170198450112	1.9848310609890039	1.9392836902408948	2.202369057559292	2.121931667583141	1.8869008820558673	1.6367757290686442	2.3265897597128276	2.275165869327237	2.37882524427825	2.3360554806593905	-0.039768355762324736	-0.07722850341984568
VUILD110LA_150_29_34	VUILD110LA	VUILD110	fold_1	macrophage_profibrotic	POOLED	1.91781537639275	1.6367184279345715	1.929811153087112	1.81890200224218	1.9035697997807024	1.893591788027966	1.7154537470317395	1.6367778842982252	1.8068513223568556	1.8688741302041216	1.7180476010048826	2.0273743950793515	0.09891337415056989	-0.12871852614513726
VUILD110LA_150_29_35	VUILD110LA	VUILD110	fold_1	macrophage_profibrotic	POOLED	1.84218727417895	1.6367198360241315	1.9059086950672743	1.9373467353669143	2.0801948677167283	2.0859653206522415	1.7331577844382706	1.636780039527806	2.2029364903802833	1.8763061700136805	2.312872258635177	1.9413790147793981	-0.09515946118796426	-0.04844058573342104
VUILD110LA_150_29_36	VUILD110LA	VUILD110	fold_1	macrophage_profibrotic	POOLED	1.63417032715642	1.6367212441136918	1.9931836142308899	1.799014570477881	2.1274905969557354	2.1043092187247705	1.6882052022910483	1.636782194757387	2.231398860713405	1.932798241675858	2.0953092590595057	2.0858998801808286	-0.16484424332146097	-0.007641013634443798
VUILD110LA_150_30_12	VUILD110LA	VUILD110	fold_1	macrophage_profibrotic	POOLED	1.12873726003203	1.6366891267461714	1.8051966985890984	1.7294569682556504	1.40728096422072	1.4959524259064474	1.505341264678362	1.6367342297629368	1.440749305894201	1.513007671415567	1.2798190934034006	1.4571417114976077	-0.6007197082236204	-0.09903785569858589
VUILD110LA_150_30_13	VUILD110LA	VUILD110	fold_1	macrophage_profibrotic	POOLED	1.05450923179218	1.6366905348357315	1.8387304172473087	1.9261734395315364	2.001941976688369	1.9635903286217191	1.726638032538938	1.6367363849925176	1.7909539379954331	2.104878804260256	1.654625171149615	2.1733177438965647	-0.8716642077393564	0.06078983133914632
VUILD110LA_150_30_14	VUILD110LA	VUILD110	fold_1	macrophage_profibrotic	POOLED	0.837276117048009	1.6366919429252917	1.2089075303869319	1.4265796006178526	1.431133086355801	1.3899875715451921	1.5127688781130684	1.6367385402220986	1.4888300652603044	1.5977409396396003	1.5147235229620255	1.6483472367594063	-0.5893034835698436	-0.10092240096855729
VUILD110LA_150_30_15	VUILD110LA	VUILD110	fold_1	macrophage_profibrotic	POOLED	1.24187358991038	1.636693351014852	1.8472662134948437	1.712344549580938	1.9061944645217463	1.824353856386524	1.4866761704113984	1.6367406954516794	2.0631526604897577	2.145828767681036	2.1376229713068704	2.2934139156374105	-0.47047095967055785	-0.04627225180769221
VUILD110LA_150_30_16	VUILD110LA	VUILD110	fold_1	macrophage_profibrotic	POOLED	1.64054122062135	1.6366947591044123	1.71067780370264	1.7474712001830286	2.0635870474070237	2.002392752934023	1.393925459841179	1.6367428506812605	2.191080162144801	2.1317396943211406	2.4070561417884386	2.2474369592297965	-0.10692997956167849	-0.04506143734214836
VUILD110LA_150_30_17	VUILD110LA	VUILD110	fold_1	macrophage_profibrotic	POOLED	1.59304069504614	1.6366961671939726	2.2451615694983333	2.156816167709147	2.603703326790888	2.4973147415894017	1.8433824083981585	1.6367450059108415	2.56063982636822	2.614877812063292	2.8339519823181014	2.8216284698495055	-0.5637754726630071	0.022136473824680612
VUILD110LA_150_30_18	VUILD110LA	VUILD110	fold_1	macrophage_profibrotic	POOLED	1.57744148399079	1.6366975752835329	1.9867772557002459	1.98949311694416	1.8836603844061683	1.8982985704818454	1.4513347032388597	1.6367471611404223	2.5247148706842095	1.692608525771961	2.2180727390253945	1.6503517140281372	-0.4120516329533701	0.009158443010998933
VUILD110LA_150_30_23	VUILD110LA	VUILD110	fold_1	macrophage_profibrotic	POOLED	2.20562938088005	1.636704615731334	3.3169647164773695	3.229558447814172	2.6553806990478694	2.8965506000078287	2.4765819206746036	1.636757937288327	3.212969764060487	2.7743456086706932	2.519590753300071	2.6738260472131357	-1.0239290669341221	0.09164060766437462
VUILD110LA_150_30_25	VUILD110LA	VUILD110	fold_1	macrophage_profibrotic	POOLED	0.581020607543589	1.6367074319104544	1.4864633260412465	1.536464338666606	1.616452974975423	1.5906832645958202	2.013258578667301	1.6367622477474888	1.9310782197395322	1.5846015596978145	1.9915745655227435	1.529293142129693	-0.955443731123017	-0.04881526056031306
VUILD110LA_150_30_26	VUILD110LA	VUILD110	fold_1	macrophage_profibrotic	POOLED	1.36301356169962	1.6367088400000147	2.2390389211516823	2.1513223314367513	1.97725283820154	2.038990706361888	1.9765242500906646	1.6367644029770698	1.598524007832481	1.8488029968442796	1.4296554808307993	1.8355956187364888	-0.7883087697371314	-0.06660488548996188
VUILD110LA_150_30_27	VUILD110LA	VUILD110	fold_1	macrophage_profibrotic	POOLED	1.00624506347837	1.636710248089575	1.9269332194413717	1.9636648086471005	1.726111266541404	1.8160620116142938	1.9418058924739994	1.6367665582066508	1.4753527263734456	1.877740655068263	1.3494992684945517	1.8719783796389704	-0.9574197451687305	-0.09763612185681353
VUILD110LA_150_30_29	VUILD110LA	VUILD110	fold_1	macrophage_profibrotic	POOLED	0.49466646444736	1.6367130642686956	1.6889302611588544	1.6136187670138922	1.5187125188892094	1.4591091056363366	1.4745241097779132	1.6367708686658127	1.5584117238536388	1.4336221708400476	1.6478350944791362	1.5114636245291535	-1.1189523025665322	-0.17315627596779937
VUILD110LA_150_30_32	VUILD110LA	VUILD110	fold_1	macrophage_profibrotic	POOLED	0.762084528572622	1.6367172885373762	1.5175060166089134	1.4570033315571145	2.0828157896677295	1.9820153398463223	1.4740255965448388	1.6367773343545555	1.9081666053969975	1.5832505149472031	1.8075900991609783	1.7299246729701165	-0.6949188029844925	-0.14283228220359367
VUILD110LA_150_30_33	VUILD110LA	VUILD110	fold_1	macrophage_profibrotic	POOLED	1.77016602882217	1.6367186966269365	1.8566699475766206	1.7554324305299962	1.913233064614455	1.937238624378318	1.3943881527236315	1.6367794895841363	1.8830218441381206	1.6903367979274648	1.9077662516446905	1.7663282744515054	0.014733598292173689	-0.11301041697981012
VUILD110LA_150_30_34	VUILD110LA	VUILD110	fold_1	macrophage_profibrotic	POOLED	0.885126930131431	1.6367201047164968	1.49829458893295	1.6624579721427193	1.5095080595514576	1.4756282153016396	1.4425788232240315	1.6367816448137174	1.5193087180578997	1.5223080397844375	1.5143643337090076	1.573124195500426	-0.7773310420112883	-0.19641698225314974
VUILD110LA_150_30_35	VUILD110LA	VUILD110	fold_1	macrophage_profibrotic	POOLED	0.887424665758717	1.636721512806057	2.0674733375484093	1.8572443384270352	1.781243873162018	1.8467795735519716	1.938465656315321	1.6367838000432982	1.9473699733454517	1.532950413405264	1.7854908242453518	1.4515652520550213	-0.9698196726683181	-0.12254016906262877
VUILD110LA_150_30_36	VUILD110LA	VUILD110	fold_1	macrophage_profibrotic	POOLED	1.77312961448516	1.6367229208956173	1.7777368724574214	1.6663622884343223	1.9057030980173906	1.850923532595938	1.6119212087516006	1.6367859552728792	1.787749807699095	1.6734228094314334	1.8486942277807699	1.7912339397370423	0.10676732605083772	-0.08051971915320662
VUILD110LA_150_31_15	VUILD110LA	VUILD110	fold_1	macrophage_profibrotic	POOLED	1.58279590041515	1.6366950277967776	1.9782522944447753	1.9968873913357945	1.9332047755018045	1.9313099642735494	1.4321736307312067	1.6367444559671716	2.304052027371302	1.9094852075821906	2.2062376278757756	2.033937285889658	-0.41409149092064457	-0.0044973604192341185
VUILD110LA_150_31_16	VUILD110LA	VUILD110	fold_1	macrophage_profibrotic	POOLED	1.90576182154264	1.6366964358863376	2.7634791823766967	2.5549172848778996	2.038389770434406	2.0539328644478347	1.555150455934649	1.6367466111967526	2.505701294037905	2.143635229773839	2.337167949227563	2.190348002560389	-0.6491554633352596	-0.08650213096913856
VUILD110LA_150_31_18	VUILD110LA	VUILD110	fold_1	macrophage_profibrotic	POOLED	0.698898301274515	1.6366992520654582	1.5756744411647248	1.576295132860273	2.0163209451688173	1.9080084513001836	1.3525657792316037	1.6367509216559144	2.5012097501264896	1.6481720222450458	2.146066328749115	1.7810677338318	-0.877396831585758	-0.1073367233019979
VUILD110LA_150_31_19	VUILD110LA	VUILD110	fold_1	macrophage_profibrotic	POOLED	1.0747848087091	1.6367006601550185	1.7168027788700402	1.5881477261470656	1.7892160270112842	1.785024365248987	1.3095066411567384	1.6367530768854954	2.0655519249443044	1.6493757050990587	1.9611991786177916	1.726801052578063	-0.5133629174379655	-0.02450315853824581
VUILD110LA_150_31_23	VUILD110LA	VUILD110	fold_1	macrophage_profibrotic	POOLED	2.04219456380951	1.6367062925132594	3.404873541273168	3.2909173686896924	2.4899162586139134	2.8296567423292465	2.3502753979910973	1.636761697803819	3.0264023015685964	2.6245438303292055	2.3454859043123024	2.4363452076899517	-1.2487228048801824	0.03301772011685527
VUILD110LA_150_31_24	VUILD110LA	VUILD110	fold_1	macrophage_profibrotic	POOLED	0.269756795911864	1.6367077006028197	1.4793369263667968	1.6094599939065488	2.3003644838202826	2.0892242966257184	2.0820489423849313	1.6367638530334	2.389379148500309	1.714463689780623	2.266882232642496	1.8184173837407793	-1.3397031979946847	-0.08218070129145191
VUILD110LA_150_31_25	VUILD110LA	VUILD110	fold_1	macrophage_profibrotic	POOLED	1.52222118776343	1.63670910869238	1.8075370384124934	1.769023785058418	2.46535142269709	2.2611253445252335	2.013404675265266	1.636766008262981	2.3931224178282973	1.8107846941441819	2.468726717852828	1.9241589268248105	-0.2468025972949881	0.0015885619256079883
VUILD110LA_150_31_26	VUILD110LA	VUILD110	fold_1	macrophage_profibrotic	POOLED	1.88994987871986	1.6367105167819402	1.9125321590865911	1.9045307315117967	1.4556577107300785	1.5465544182028748	1.5352554807628458	1.636768163492562	1.3203040965057573	1.6129667068188533	1.3206983227348592	1.471269030986616	-0.01458085279193666	-0.17154845532410326
VUILD110LA_150_31_27	VUILD110LA	VUILD110	fold_1	macrophage_profibrotic	POOLED	2.26257929360658	1.6367119248715005	2.4679363429009564	2.436726973895462	2.0015119558113845	2.0363860426925777	2.031268315502436	1.636770318722143	2.494466554839706	1.8835653330308748	2.127337693689694	1.904243744225573	-0.17414768028888172	-0.051594462577157524
VUILD110LA_150_31_29	VUILD110LA	VUILD110	fold_1	macrophage_profibrotic	POOLED	0.608307904157407	1.6367147410506209	1.3258587052597022	1.5259677466491572	1.6453995379966018	1.5294067525471269	1.674635791343068	1.6367746291813048	1.4372605239821556	1.4862581869388594	1.5688898152407742	1.542023369033472	-0.9176598424917503	-0.17302056749147987
VUILD110LA_150_31_31	VUILD110LA	VUILD110	fold_1	macrophage_profibrotic	POOLED	0.694509833740996	1.6367175572297414	1.3517741982707885	1.4459214821614315	1.7798522865653648	1.7469167245821964	1.9171611522332188	1.6367789396404666	1.8425376206846864	1.4406739304946266	1.7978363770830645	1.5008178918699202	-0.7514116484204355	-0.06157371424616433
VUILD110LA_150_31_32	VUILD110LA	VUILD110	fold_1	macrophage_profibrotic	POOLED	1.28092662525763	1.6367189653193017	1.6072287721352887	1.5607066803641696	1.9499466775016387	1.9761274811351386	1.4364785186570297	1.6367810948700476	2.012340032617097	1.7052213065243915	1.8650171397152036	1.6754356710892733	-0.2797800551065397	-0.024477547812978378
VUILD110LA_150_31_33	VUILD110LA	VUILD110	fold_1	macrophage_profibrotic	POOLED	1.47726674606231	1.636720373408862	1.8992281057272882	1.835103853874163	2.37408130908249	2.410637423156249	1.7233384399065974	1.6367832500996284	2.320200963102272	2.234279936698581	2.0469285797477568	2.4311587596092736	-0.3578371078118532	0.041033325413520234
VUILD110LA_150_31_34	VUILD110LA	VUILD110	fold_1	macrophage_profibrotic	POOLED	1.81690913440267	1.636721781498422	2.2667780506799704	2.0830173706534367	2.3495102429943295	2.2993445735316227	1.601480571073637	1.6367854053292095	2.4434986902519498	2.4387735028054562	2.3809694443794003	2.654559754263906	-0.26610823625076674	-0.011983116453855087
VUILD110LA_150_32_13	VUILD110LA	VUILD110	fold_1	macrophage_profibrotic	POOLED	1.69627915079196	1.6366938883995823	1.8648602851326301	1.816433418643795	1.930721808052078	1.8806030084665628	1.0983193570700034	1.6367439060235018	1.4783267499478272	1.714235164623993	1.681039722598629	1.7441519663816054	-0.12015426785183503	-0.07627185573897206
VUILD110LA_150_32_15	VUILD110LA	VUILD110	fold_1	macrophage_profibrotic	POOLED	0.318873614404763	1.6366967045787029	1.4937788112625976	1.5905008195938277	1.3198624576695863	1.4178986936090496	1.4321804140487915	1.6367482164826639	1.5832239292525507	1.3412952103078881	1.4175282028823593	1.2858590329933959	-1.2716272051890647	-0.14597980553283346
VUILD110LA_150_32_16	VUILD110LA	VUILD110	fold_1	macrophage_profibrotic	POOLED	0.591847213185641	1.6366981126682631	2.3117071860211835	2.2020773819155766	1.6684366254369667	1.6966278203539427	1.417833129181461	1.6367503717122447	2.200334366487736	1.7252155077306432	2.030638978073531	1.6574695124983063	-1.6102301687299354	-0.15315616820861822
VUILD110LA_150_32_17	VUILD110LA	VUILD110	fold_1	macrophage_profibrotic	POOLED	0.0355237952772575	1.6366995207578234	1.454398644735138	1.481953485745119	1.645254279352799	1.6328785418644647	1.3107054586489642	1.6367525269418257	1.8772572104554117	1.6190163450332071	1.889613724969156	1.636245640310386	-1.4464296904678615	-0.0785185503229445
VUILD110LA_150_32_18	VUILD110LA	VUILD110	fold_1	macrophage_profibrotic	POOLED	0.802698160060534	1.6367009288473835	1.6785658802425778	1.5701189010256151	1.919933040174915	1.8156820554637239	1.4394823225184024	1.6367546821714065	2.1465226687208143	1.695488056315946	2.126609375393575	1.872554487226808	-0.7674207409650812	-0.053097448396558805
VUILD110LA_150_32_19	VUILD110LA	VUILD110	fold_1	macrophage_profibrotic	POOLED	0.836903392247479	1.6367023369369438	1.7170554672948024	1.6019539525933042	1.7524572580673679	1.714130828936725	1.5635354344713275	1.6367568374009875	1.749412807853969	1.6303544319850989	1.6268476633419928	1.8031669519859768	-0.7650505603458252	-0.020233362549599888
VUILD110LA_150_32_23	VUILD110LA	VUILD110	fold_1	macrophage_profibrotic	POOLED	2.00436417791136	1.636707969295185	2.698217218504527	2.6640903389271693	2.887390616304472	2.93871558999209	2.282005743106233	1.6367654583193112	3.036682743398644	2.8597154930570197	2.9382404935766444	3.0493052759940737	-0.6597261610158092	0.11998030053475131
VUILD110LA_150_32_25	VUILD110LA	VUILD110	fold_1	macrophage_profibrotic	POOLED	0.529606474789927	1.6367107854743053	1.5376792439222517	1.6338198245054127	2.1883964971240757	2.019597696506755	2.1402051584103066	1.6367697687784732	1.983995501162293	1.8389705085013357	1.9594256236247998	1.9238884132950795	-1.1042133497154858	-0.02906641723068829
VUILD110LA_150_32_28	VUILD110LA	VUILD110	fold_1	macrophage_profibrotic	POOLED	1.85099587893566	1.6367150097429861	1.9272157852097336	1.8939720574286931	2.0623368707510727	1.963403792289909	1.6766755258939179	1.6367762344672159	2.0827039843561934	1.9209451543387073	2.07548066228673	2.001552351309509	-0.042976178493033146	-0.05652205263753525
VUILD110LA_150_32_29	VUILD110LA	VUILD110	fold_1	macrophage_profibrotic	POOLED	1.53704344476807	1.6367164178325464	2.1352323708936516	1.9795786844639118	2.3368230913542063	2.3167458542455432	1.5978686690504855	1.636778389696797	2.306258561998673	2.2003175726986677	2.2644983968825296	2.2676733114822927	-0.44253523969584174	0.05960697424994391
VUILD110LA_150_32_31	VUILD110LA	VUILD110	fold_1	macrophage_profibrotic	POOLED	1.8654240251289	1.6367192340116667	1.9326087982364741	1.7793629086348366	2.1605016034688402	2.1017865771231152	1.9359097459683154	1.6367827001559587	1.886953259817132	1.9111830316233311	1.99488510315518	2.0137233727376436	0.08606111649406345	-0.02614591662458954
VUILD110LA_150_32_32	VUILD110LA	VUILD110	fold_1	macrophage_profibrotic	POOLED	1.66179549887137	1.636720642101227	1.7236149740397055	1.7465674395050932	1.8374653594975452	1.9025499957369507	1.7048898480431285	1.6367848553855397	1.987976439140472	1.711785457506536	1.7955261384647714	1.7094304585170401	-0.08477194063372329	-0.09917889482658207
VUILD110LA_150_32_33	VUILD110LA	VUILD110	fold_1	macrophage_profibrotic	POOLED	1.47025231272543	1.6367220501907873	1.9722214976970194	1.9169733863059761	1.7387145268622597	1.7799124130492672	1.4876162815886336	1.6367870106151206	1.6121883105011932	1.4838962491546503	1.5216084979115412	1.5654970540897883	-0.446721073580546	-0.20781389282258522
VUILD110LA_150_32_34	VUILD110LA	VUILD110	fold_1	macrophage_profibrotic	POOLED	2.15543081856446	1.6367234582803476	2.1830739013217633	2.1507331994042906	2.2133365729248187	2.1636230145888486	1.6544061811619784	1.6367891658447016	2.0812442351404465	2.1517539788438627	1.9913555513698737	2.262996108986829	0.0046976191601695305	-0.05749534983139638
VUILD110LA_150_33_14	VUILD110LA	VUILD110	fold_1	macrophage_profibrotic	POOLED	0.481086868726801	1.6366969732710681	1.3492514569619662	1.3733834924440755	1.6035254935509236	1.4818261104375483	1.1134512603135829	1.636749821768575	1.4724224087002866	1.5337387204414228	1.415045108673897	1.7390720591050501	-0.8922966237172745	-0.14516305119294012
VUILD110LA_150_33_15	VUILD110LA	VUILD110	fold_1	macrophage_profibrotic	POOLED	0.600388725056501	1.6366983813606282	2.1283263472400424	2.054059166431169	1.7336536203925799	1.7699124523816614	1.4797979280387303	1.636751976998156	2.0543029207664354	1.6313568861493883	1.990631886447825	1.6425301161478247	-1.453670441374668	-0.1158595219060832
VUILD110LA_150_33_16	VUILD110LA	VUILD110	fold_1	macrophage_profibrotic	POOLED	0.410321415632072	1.6366997894501885	2.105973949910995	2.0800146084877844	1.6103790604306618	1.675484022284316	1.6026871651677974	1.6367541322277368	2.3737501601833837	1.6202002890736789	1.9975764503383378	1.5184691458457322	-1.6696931928557124	-0.0838750032030233
VUILD110LA_150_33_17	VUILD110LA	VUILD110	fold_1	macrophage_profibrotic	POOLED	0.267937269776438	1.6367011975397487	1.5409491998556928	1.5161030697742324	1.4489557413297585	1.428786416961714	1.2742940467389745	1.6367562874573178	1.741847952065361	1.3707667429062655	1.5028762896810521	1.5086190249575067	-1.2481657999977944	-0.1735748896753237
VUILD110LA_150_33_18	VUILD110LA	VUILD110	fold_1	macrophage_profibrotic	POOLED	1.32698383797928	1.636702605629309	1.7443467228517648	1.6340603221129908	2.082591270825695	2.0287848818634604	1.4968308260184358	1.6367584426868986	2.136723180342564	1.7863170333871825	1.9679458748429095	1.8740412726562417	-0.3070764841337108	-0.09928351767520469
VUILD110LA_150_33_19	VUILD110LA	VUILD110	fold_1	macrophage_profibrotic	POOLED	1.27915331301648	1.6367040137188693	2.0793542885665137	1.9940132978243075	1.8894105227753342	1.8757401024001197	1.781879156851462	1.6367605979164797	2.0449797920973487	1.9048480975375033	2.1435314444852835	1.8940303641035199	-0.7148599848078274	0.0813532308205678
VUILD110LA_150_33_23	VUILD110LA	VUILD110	fold_1	macrophage_profibrotic	POOLED	1.50085667078297	1.6367096460771102	2.5417055212028865	2.5659181901292074	2.6557094790991225	2.6853660476100174	2.1445748070505077	1.6367692188348033	2.806718999027723	2.109459047171803	2.5068049248978883	2.0819236146048152	-1.0650615193462374	0.09813476478254513
VUILD110LA_150_33_24	VUILD110LA	VUILD110	fold_1	macrophage_profibrotic	POOLED	0.326160316400237	1.6367110541666705	1.7868784940432723	1.8505319542720025	2.0071246810919137	1.9327871066985627	2.1052883482878215	1.6367713740643843	2.1409764568152765	1.7344669712220844	2.042577867543719	1.77788392252397	-1.5243716378717656	-0.017498732811604883
VUILD110LA_150_33_25	VUILD110LA	VUILD110	fold_1	macrophage_profibrotic	POOLED	0.514002951326018	1.6367124622562308	1.655830387121135	1.7240791166685097	1.9683429624818691	1.8114313954785903	2.3657849994572424	1.6367735292939654	1.9976791031893537	1.6515277780359683	1.9456204552272844	1.6776508643651247	-1.2100761653424916	-0.06671055248986321
VUILD110LA_150_33_27	VUILD110LA	VUILD110	fold_1	macrophage_profibrotic	POOLED	0.950976309003205	1.6367152784353511	1.74658412312609	1.6097660030542815	1.6522159450625948	1.5944142628574782	1.635345287133997	1.6367778397531272	1.3544041233999282	1.4745152290189025	1.398490560741959	1.4507542390418797	-0.6587896940510766	-0.19597394031652499
VUILD110LA_150_33_28	VUILD110LA	VUILD110	fold_1	macrophage_profibrotic	POOLED	1.41942283189504	1.6367166865249114	1.5401583659157672	1.6313438574401613	2.3251668073051848	2.1896980817803713	1.5278286394325715	1.636779994982708	2.481318117168233	2.176131661084388	2.388435723483248	2.38577788234621	-0.21192102554512138	-0.02230954896241226
VUILD110LA_150_33_30	VUILD110LA	VUILD110	fold_1	macrophage_profibrotic	POOLED	0.843480893414823	1.636719502704032	1.3365524148871417	1.4164656692731863	2.197094371552315	2.018761857909158	1.6189798485329399	1.63678430544187	2.3293794987551397	1.848882585164078	2.4097118321583686	1.9615695736389402	-0.5729847758583633	-0.047162788438853104
VUILD110LA_150_33_31	VUILD110LA	VUILD110	fold_1	macrophage_profibrotic	POOLED	1.49333766214378	1.6367209107935923	1.467530706076385	1.562821995267294	2.0231015001534614	1.8965767925507075	1.7726969678395268	1.6367864606714508	1.8578402877045452	1.8117974535284727	2.007263553825503	1.8586728456919435	-0.06948433312351399	-0.04220477582325824
VUILD110LA_150_33_32	VUILD110LA	VUILD110	fold_1	macrophage_profibrotic	POOLED	2.0967144968458	1.6367223188831526	1.8023094064301082	1.7217589960117148	2.4997920888868705	2.417028013229552	1.7779145816577466	1.6367886159010319	2.315944264398487	2.3092943841788203	2.414880312268736	2.4222367413877866	0.37495550083408524	0.03901074458478828
VUILD110LA_150_33_33	VUILD110LA	VUILD110	fold_1	macrophage_profibrotic	POOLED	0.923216761227494	1.6367237269727128	1.7912995915367413	1.7564177623473742	1.7562181843744835	1.773761882614971	1.4797817222831955	1.6367907711306127	1.954225795585177	1.3823157812118676	1.792179224500413	1.4064199666500463	-0.8332010011198803	-0.18059046103359566
VUILD110LA_150_34_13	VUILD110LA	VUILD110	fold_1	macrophage_profibrotic	POOLED	2.40159348531568	1.6366972419634331	1.9414470930934982	1.6914060069461725	1.9689433515883372	1.8303210007166961	1.2281239535113682	1.6367514270544863	2.015127820606054	1.9114113941784332	2.1006155683333074	2.071330940888021	0.7101874783695077	-0.012043391864660916
VUILD110LA_150_34_14	VUILD110LA	VUILD110	fold_1	macrophage_profibrotic	POOLED	0.555810429757257	1.6366986500529934	1.4891615919597516	1.4422039186433269	1.3906120948999452	1.424443500542809	1.0668131046870812	1.636753582284067	1.6500950771448157	1.2530557862049785	1.5308702493582989	1.1685797597621455	-0.8863934888860698	-0.1879274203060767
VUILD110LA_150_34_15	VUILD110LA	VUILD110	fold_1	macrophage_profibrotic	POOLED	0.968233495653005	1.6367000581425537	2.0196226239990263	1.9986733110240171	2.062728659428996	2.0555314049222995	1.5918795386816325	1.6367557375136481	2.419302066229283	2.010987548149487	2.3667561907319308	2.043435457980733	-1.0304398153710121	-0.07914112807332883
VUILD110LA_150_34_16	VUILD110LA	VUILD110	fold_1	macrophage_profibrotic	POOLED	0.34921844252208	1.636701466232114	1.5940559037489748	1.6095487716656	1.6149364385916793	1.5375271653106968	1.1551383004342728	1.636757892743229	1.547702086243485	1.3135612338433462	1.5948086828778434	1.364195835291045	-1.2603303291435202	-0.2078314375200091
VUILD110LA_150_34_17	VUILD110LA	VUILD110	fold_1	macrophage_profibrotic	POOLED	0.0738533310541288	1.6367028743216743	1.61881996798253	1.592930741294523	1.955326875154738	1.8698288861927228	1.4468942615949092	1.63676004797281	1.9512962592005565	1.5088735885582745	1.7890999438907937	1.6309046441933357	-1.5190774102403943	-0.09151707406730122
VUILD110LA_150_34_18	VUILD110LA	VUILD110	fold_1	macrophage_profibrotic	POOLED	0.694010245805394	1.6367042824112343	1.8246233861617247	1.8215233664806978	2.002518541729562	1.909299059912646	1.5692413294044434	1.636762203202391	2.042633104048363	1.6643665267369843	2.0163334882216457	1.7381851774500838	-1.1275131206753037	-0.0660902351732117
VUILD110LA_150_34_19	VUILD110LA	VUILD110	fold_1	macrophage_profibrotic	POOLED	0.697389689197415	1.6367056905007946	1.792189113564036	1.9078896137885182	1.5536689245040012	1.642394432194893	1.8782541998304394	1.6367643584319718	1.8009369673979034	1.6712462631583673	1.6044752278140881	1.5467638406916127	-1.2104999245911032	0.00545876513276064
VUILD110LA_150_34_22	VUILD110LA	VUILD110	fold_1	macrophage_profibrotic	POOLED	1.48289494779528	1.6367099147694755	2.4345099825454994	2.413914578142588	2.155001392665481	2.1522299769624915	1.8077390313870199	1.6367708241207146	2.5225520770934935	1.9791397584246302	2.2819669737288044	2.0364599858110997	-0.9310196303473082	-0.046973610111368726
VUILD110LA_150_34_23	VUILD110LA	VUILD110	fold_1	macrophage_profibrotic	POOLED	0.941050007688711	1.6367113228590358	1.9348798924375932	2.0318153938374355	1.453246591489974	1.5675479483541006	1.8523789891435918	1.6367729793502956	1.6987161610250303	1.4519493992006327	1.603250251410803	1.288834459794356	-1.0907653861487243	-0.10112017629265982
VUILD110LA_150_34_24	VUILD110LA	VUILD110	fold_1	macrophage_profibrotic	POOLED	1.67335445437453	1.6367127309485958	1.9627086346971923	1.9963977688282228	2.201890620014284	2.18189887357255	1.776702955783416	1.6367751345798764	2.084598315344995	1.821031434350891	2.080285536497843	1.7581958062955994	-0.32304331445369283	-0.10911108575531225
VUILD110LA_150_34_27	VUILD110LA	VUILD110	fold_1	macrophage_profibrotic	POOLED	0.819737438485071	1.6367169552172767	1.8415032249942977	1.8037988060875514	2.0524891251456587	2.029605669160468	1.5968326446855956	1.6367816002686193	1.769383412535611	1.7605113647807478	1.5792404792936794	1.8014834406094462	-0.9840613676024804	-0.09640507312792906
VUILD110LA_150_34_31	VUILD110LA	VUILD110	fold_1	macrophage_profibrotic	POOLED	0.847000036994197	1.6367225875755176	1.569282590714208	1.401081313293762	2.1091411171310708	2.04249525182349	1.8856543028666846	1.636790221186943	2.3574262480382724	1.7593390364343418	2.3780991131899007	1.8908691862660163	-0.554081276299565	-0.11875630747175675
VUILD110LA_150_34_32	VUILD110LA	VUILD110	fold_1	macrophage_profibrotic	POOLED	0.865185574920595	1.6367239956650779	1.6158358626893508	1.5734141271839206	1.7794264541627554	1.6665422845149238	1.178431359764172	1.636792376416524	1.6093552784530523	1.5414540658275717	1.6526682845064837	1.4986178948067252	-0.7082285522633256	-0.2573448764398654
VUILD110LA_150_35_15	VUILD110LA	VUILD110	fold_1	macrophage_profibrotic	POOLED	0.420476776279059	1.636701734924479	1.772068201693311	1.7279552383130665	1.4853741391548416	1.5465888515449076	1.2035854651012061	1.6367594980291402	1.6678206121276664	1.1436712296269083	1.336635314835616	1.0714072573613356	-1.3074784620340076	-0.08984728244194704
VUILD110LA_150_35_18	VUILD110LA	VUILD110	fold_1	macrophage_profibrotic	POOLED	0.698930459634783	1.6367059591931599	1.8948891393814724	1.866474783029514	1.7299888569523334	1.7150092832751236	1.5920189667842337	1.636765963717883	1.800157001287451	1.4396935212182282	1.627089219092519	1.3900761670520125	-1.1675443233947311	-0.17562642563981296
VUILD110LA_150_35_19	VUILD110LA	VUILD110	fold_1	macrophage_profibrotic	POOLED	1.6403131603504	1.6367073672827201	2.4187611346509903	2.4482173401554044	1.9885300853404846	2.0181295934432915	1.779304349439685	1.6367681189474639	2.590574299980741	1.8751996419543726	2.207928773271049	1.7669398705353079	-0.8079041798050044	-0.040797254070731925
VUILD110LA_150_35_20	VUILD110LA	VUILD110	fold_1	macrophage_profibrotic	POOLED	1.68683303143869	1.6367087753722802	2.6496395444174796	2.6893644588711	2.8270754909933826	2.851666711041884	1.8167658250707972	1.636770274177045	2.99250210386353	2.438028495202037	2.5577021703611784	2.4670547173340194	-1.0025314274324102	0.13255349932106084
VUILD110LA_150_35_23	VUILD110LA	VUILD110	fold_1	macrophage_profibrotic	POOLED	1.46087147205734	1.636712999640961	2.0712561745504257	2.1118417503260587	1.8395760525727778	1.8683943178908693	1.4520462297450427	1.6367767398657878	1.852221246383409	2.0131088770990053	1.8995583520022994	2.0604370948737163	-0.6509702782687188	-0.11451563372585005
VUILD110LA_150_35_25	VUILD110LA	VUILD110	fold_1	macrophage_profibrotic	POOLED	0.440878466285283	1.6367158158200816	2.010252942976877	1.9423875848993224	1.7221482807632376	1.7874975032753857	2.1167752482512996	1.6367810503249496	1.3238229043413954	1.3860092114313798	1.5052111633259242	1.246361354130919	-1.5015091186140395	-0.18500608400784652
VUILD110LA_150_35_26	VUILD110LA	VUILD110	fold_1	macrophage_profibrotic	POOLED	2.16064662119837	1.636717223909642	2.0636131175511103	2.059828233804253	2.056589240411471	2.080042196665196	1.7293869902169712	1.6367832055545304	2.0737981447722653	1.970667633468324	1.7629076897809852	2.018939193798583	0.10081838739411708	-0.1241158881342774
VUILD110LA_150_35_27	VUILD110LA	VUILD110	fold_1	macrophage_profibrotic	POOLED	1.4681782747271	1.636718631999202	2.5284295918467197	2.260957123668093	1.8022488387982445	1.8445604533644477	1.5859534578624424	1.6367853607841114	1.6432669719582627	1.610159659248462	1.4795759846027003	1.5835271732515968	-0.792778848940993	-0.16480768727774542
VUILD110LA_150_35_29	VUILD110LA	VUILD110	fold_1	macrophage_profibrotic	POOLED	0.578634956151208	1.6367214481783225	1.721214290016841	1.5562390873931928	1.7152596160497975	1.701112400746029	1.5328819424444984	1.6367896712432732	1.3214879189134392	1.4100049710577656	1.4112240118368362	1.5463812523930816	-0.9776041312419849	-0.13091483615414298
VUILD110LA_150_35_30	VUILD110LA	VUILD110	fold_1	macrophage_profibrotic	POOLED	0.735437515261011	1.6367228562678828	1.5547914712519024	1.4463509602270566	1.8182215932059294	1.7079169261063907	1.4692466276622898	1.6367918264728543	1.4813825354470775	1.4735579949179527	1.7247495874018226	1.6098906008705047	-0.7109134449660456	-0.14438840178474907
VUILD110LA_150_36_17	VUILD110LA	VUILD110	fold_1	macrophage_profibrotic	POOLED	0.603503235437805	1.636706227885525	1.9187301787660669	1.9811800898289602	2.1511580222447506	2.1381260047729977	1.5460308586221614	1.6367675690037942	2.6038500793352477	1.8388791066138312	2.3691001942330328	1.9620206878160507	-1.3776768543911553	-0.01754741283100264
VUILD110LA_150_4_17	VUILD110LA	VUILD110	fold_1	macrophage_profibrotic	POOLED	0.922166606588268	1.636652570863912	1.7500566093179712	1.5134634243917282	1.659816460208683	1.7544954240981259	0.03316316156358212	1.636647232508046	1.6108589618136941	1.5627521334739054	1.467674886782337	1.6077652541279095	-0.5912968178034602	-0.2364437945150144
VUILD110LA_150_5_29	VUILD110LA	VUILD110	fold_1	macrophage_profibrotic	POOLED	0.434265343889142	1.6366711447205604	1.3031630975476562	1.2599017735451887	1.4304876612288053	1.427546386113928	1.2022086736655315	1.6366768557785092	1.6370241890866486	1.3019275277051507	1.7293099802541065	1.3637774047128717	-0.8256364296560468	-0.24970358977742146
VUILD110LA_150_6_28	VUILD110LA	VUILD110	fold_1	macrophage_profibrotic	POOLED	0.954738200094203	1.6366714134129254	1.361948300758201	1.4315354762422947	1.1407300651626613	1.2351596400296994	1.4004452658324684	1.6366784610644205	1.450973493497449	1.3544620334074706	1.4291402884000854	1.2409039655843728	-0.47679727614809175	-0.20016095976465867
VUILD110LA_150_6_31	VUILD110LA	VUILD110	fold_1	macrophage_profibrotic	POOLED	1.15872427117291	1.6366756376816063	1.451622946006598	1.5282712084782935	1.5706011691980544	1.4745630663031182	1.4711086231013275	1.6366849267531631	1.4413611707423082	1.4803398061409145	1.5385224124392853	1.4396558563337023	-0.36954693730538346	-0.10294207587978643
VUILD110LA_150_7_11	VUILD110LA	VUILD110	fold_1	macrophage_profibrotic	POOLED	1.11126097561992	1.6366491526723268	1.5436555298339387	1.4749720242726447	1.7452256709775769	1.6258526866068683	0.9739096038550288	1.6366455826770367	1.6969629422121921	1.6886161565176314	1.950397449726368	1.7507300357776956	-0.36371104865272463	-0.07654245914277813
VUILD110LA_150_7_28	VUILD110LA	VUILD110	fold_1	macrophage_profibrotic	POOLED	1.75673833898689	1.636673090194851	1.5721743253684128	1.580407174104903	1.370681813121597	1.4687326651756147	1.1076587954920163	1.6366822215799126	1.714980649503857	1.4726254541159274	1.769138700020545	1.498344093792589	0.17633116488198697	-0.15019950502993873
VUILD110LA_150_7_33	VUILD110LA	VUILD110	fold_1	macrophage_profibrotic	POOLED	2.9380681772626	1.6366801306426522	2.714000645063127	2.6246352700980315	2.480876571625422	2.5525158824521457	1.3490193000496609	1.6366929977278173	2.493202638831575	2.406083401020851	2.5353962934148484	2.518338504872784	0.3134329071645685	-0.0652738502262381
VUILD110LA_150_7_34	VUILD110LA	VUILD110	fold_1	macrophage_profibrotic	POOLED	3.0233838111079	1.6366815387322124	2.567527258284517	2.5729589975609386	2.459608565106173	2.6478972073291223	2.4074871795029376	1.636695152957398	2.8479543357264423	2.6215479730584628	2.9252629638637497	2.6457762187075735	0.4504248135469613	-0.053605591856003686
VUILD110LA_150_8_25	VUILD110LA	VUILD110	fold_1	macrophage_profibrotic	POOLED	2.13678723232731	1.6366705427080956	1.4775865726701127	1.4797161272007635	2.141980737800173	1.9926755232879378	1.7006366586464785	1.6366795164066619	1.9392645870231116	1.761185310333635	2.080078752051432	1.732392392973015	0.6570711051265463	0.02836583184777338
VUILD110LA_150_8_26	VUILD110LA	VUILD110	fold_1	macrophage_profibrotic	POOLED	2.59873477881924	1.636671950797656	1.772257665178672	1.628323463602605	1.806644811166061	1.7871066290393716	1.600773423022979	1.636681671636243	1.5825424543294242	1.84073321071182	1.7033992652807353	1.9548587043725618	0.9704113152166352	-0.007622549852416557
VUILD110LA_150_8_28	VUILD110LA	VUILD110	fold_1	macrophage_profibrotic	POOLED	2.4974157275272	1.6366747669767763	1.5679222874359886	1.5938159731287564	2.2104638961513103	2.132832648751507	1.6062164531634946	1.6366859820954047	2.0649494855417756	2.028034099366369	2.1752763904927104	2.122390281076171	0.9035997543984435	0.047591933824027884
VUILD110LA_150_8_32	VUILD110LA	VUILD110	fold_1	macrophage_profibrotic	POOLED	1.27333898343643	1.6366803993350174	1.844805097927623	1.837761247172444	1.8852530548364967	1.9338430007097278	1.7384994900424329	1.6366946030137284	2.219879389486623	2.031118402746056	2.073496557970401	2.0122426462722864	-0.5644222637360141	0.029564275719019158
VUILD110LA_150_8_33	VUILD110LA	VUILD110	fold_1	macrophage_profibrotic	POOLED	2.41030334070691	1.6366818074245775	1.6825394761315737	1.6882300374546715	1.975378903808789	1.9479714210346923	1.5265984096077354	1.6366967582433094	2.5480197184102797	1.9790098702719934	2.5543582956895894	2.1788353018712905	0.7220733032522386	-0.07089537312271066
VUILD110LA_150_8_34	VUILD110LA	VUILD110	fold_1	macrophage_profibrotic	POOLED	1.53121190659891	1.6366832155141378	1.5176108210837977	1.6226575308140976	1.7917329311174044	1.8042791487372443	1.248364962045609	1.6366989134728902	1.9700971594490424	1.6839486439728006	2.122105115434438	1.553689595469199	-0.09144562421518754	-0.042202613476463986
VUILD110LA_150_9_17	VUILD110LA	VUILD110	fold_1	macrophage_profibrotic	POOLED	0.65607133739937	1.636660954773539	1.4783214666952271	1.497937075298804	1.1769659535861574	1.2070627997821073	1.299671806940029	1.6366660350855065	1.055560251642789	1.1090691346185393	1.184848229140238	1.0815670716424046	-0.841865737899434	-0.22967698145911414
VUILD110LA_150_9_23	VUILD110LA	VUILD110	fold_1	macrophage_profibrotic	POOLED	0.473683537442914	1.6366694033109004	1.5341944298064347	1.5322806473707085	1.2922887027990053	1.3836667485960636	1.3887213715926272	1.6366789664629922	1.4729373786025652	1.20683429228058	1.5243904303883278	1.13878664851195	-1.0585971099277944	-0.1776855671413055
VUILD110LA_150_9_25	VUILD110LA	VUILD110	fold_1	macrophage_profibrotic	POOLED	0.278269861279582	1.636672219490021	1.4081915519479837	1.5457912858841378	2.083615761367848	2.021905961565455	1.758722931926122	1.636683276922154	1.6758084273205904	1.7057177401315589	1.6727049560474556	1.7504838253617436	-1.2675214246045559	0.036934339993536104
VUILD110LA_150_9_26	VUILD110LA	VUILD110	fold_1	macrophage_profibrotic	POOLED	0.292039354392299	1.6366736275795812	1.0761437734356347	1.068210398581888	1.020931469275955	1.0411294907205064	1.6011865696359315	1.636685432151735	1.1202187448942769	0.9751251247719175	1.0313429163174743	1.0277601956257587	-0.776171044189589	-0.3184314061136209
VUILD110LA_150_9_27	VUILD110LA	VUILD110	fold_1	macrophage_profibrotic	POOLED	1.80189443076154	1.6366750356691415	1.4977262299250613	1.3965137245794925	2.2079101464962063	2.0954164259156456	1.574868240886013	1.6366875873813158	1.914157169319787	1.9319085430513758	2.0071048246381666	2.085412737494326	0.4053807061820476	-0.03398468879691892
VUILD110LA_150_9_29	VUILD110LA	VUILD110	fold_1	macrophage_profibrotic	POOLED	1.14600585941551	1.636677851848262	1.4466013703671396	1.5868015728621678	1.5944239659512118	1.647073894042569	1.3711747641875365	1.6366918978404779	1.8778783536437742	1.555533710911391	1.9250097763844916	1.5766095373510636	-0.4407957134466578	-0.11872216115798534
VUILD110LA_150_9_30	VUILD110LA	VUILD110	fold_1	macrophage_profibrotic	POOLED	2.74778189322172	1.6366792599378222	2.8477246788572494	2.6656444652991818	2.287936894838483	2.3725383305830205	1.5759120896915393	1.6366940530700587	2.567117400044754	2.2905979675860366	2.5052818360027533	2.241872926801036	0.0821374279225382	-0.023429196116589307
VUILD110LA_150_9_31	VUILD110LA	VUILD110	fold_1	macrophage_profibrotic	POOLED	3.05282607746521	1.6366806680273824	2.443516117458602	2.416954207817603	2.380348052720205	2.4262164349789384	1.6187092982389228	1.6366962082996397	2.7701721360426834	2.32378949683293	2.522223065426791	2.380877061997542	0.6358718696476067	0.01639972058211365
VUILD110LA_150_9_34	VUILD110LA	VUILD110	fold_1	macrophage_profibrotic	POOLED	2.7142166223437	1.6366848922960633	1.8551349059206594	1.8419200369290412	2.381123483340671	2.2969116619899275	1.3998547120112577	1.6367026739883825	2.164811926127754	1.9832074035530254	2.245251644562158	2.106340454427921	0.8722965854146589	-0.10555239508081388
VUILD110LA_150_9_35	VUILD110LA	VUILD110	fold_1	macrophage_profibrotic	POOLED	1.45251441437106	1.6366863003856236	1.5168793149545308	1.4840325645151553	1.467548744253197	1.4793567044434763	1.4818670626312163	1.6367048292179633	1.9453915683200922	1.5563079567279905	2.0596459538155614	1.5978907503058988	-0.031518150144095314	-0.1289860288657771
VUILD110LA_150_9_8	VUILD110LA	VUILD110	fold_1	macrophage_profibrotic	POOLED	1.60801820115108	1.6366482819674968	1.801811257725117	1.7579408981133906	1.6188255236507574	1.7744114060417913	1.2845645264707994	1.6366466380192781	1.8043242119816933	1.620920889741047	1.6500435924027155	1.4910860813179942	-0.14992269696231064	0.012738374526411661
VUILD110LA_150_9_9	VUILD110LA	VUILD110	fold_1	macrophage_profibrotic	POOLED	1.58871380998811	1.636649690057057	1.4899561567168267	1.476902806310102	1.1540853022349908	1.271921160524716	1.1888209267461909	1.6366487932488591	1.57303346524709	1.322621105012665	1.4348424226814922	1.1205542585660848	0.111811003678008	-0.05190132662557822
VUILD78LA_150_10_10	VUILD78LA	VUILD78	fold_1	macrophage_profibrotic	POOLED	1.37966316013016	1.6366712468966105	1.948400038156692	1.973291603097987	1.7096396884542044	1.8291425965748696	1.3944971048725687	1.6366640738238365	1.8881905047853678	1.8842920598351858	1.8264187634034317	1.8218021143557284	-0.5936284429678269	0.02532361188139339
VUILD78LA_150_10_12	VUILD78LA	VUILD78	fold_1	macrophage_profibrotic	POOLED	2.15372940452596	1.6366761565876902	2.256178329401422	2.2384104835466507	2.37352416052583	2.4320959904927104	1.7112932167382469	1.6366704775600984	2.674682617183879	2.3419080024243075	2.578374841466473	2.4048981554386017	-0.08468107902069066	0.06421228909761884
VUILD78LA_150_10_14	VUILD78LA	VUILD78	fold_1	macrophage_profibrotic	POOLED	1.00706920309014	1.63668106627877	1.599723127550927	1.8349332450311011	1.8928080418980355	1.8968484191601171	1.5937901142326463	1.6366768812963606	1.722403120772583	1.9729261734715036	1.713736242940131	2.112571014694739	-0.8278640419409611	0.03887257977021328
VUILD78LA_150_10_15	VUILD78LA	VUILD78	fold_1	macrophage_profibrotic	POOLED	1.58984861197992	1.63668352112431	2.3530255022672333	2.097266430405557	2.1408931368702637	2.0674678519051484	2.1068473182229464	1.6366800831644917	2.3522285173951056	2.2137750069997164	2.177439959856197	2.45844967794842	-0.5074178184256368	0.055411574634713225
VUILD78LA_150_10_4	VUILD78LA	VUILD78	fold_1	macrophage_profibrotic	POOLED	1.50145671677194	1.636656517823371	1.7062732241400393	1.562848833758777	1.157787776223873	1.2728804623862595	3.0827212063859077	1.6366448626150505	1.3390199770785123	1.8316880684605954	1.2655637755429356	1.8504393769783856	-0.061392116986837	-0.019927448141460743
VUILD78LA_150_10_5	VUILD78LA	VUILD78	fold_1	macrophage_profibrotic	POOLED	1.59782763169766	1.636658972668911	1.6704142234654378	1.7484488184768088	1.225686082887276	1.2988569004307062	3.1131012278882455	1.6366480644831816	0.8009758752259521	1.7919467243690694	0.8367156773843556	1.8359573408661523	-0.1506211867791487	0.04271793570800731
VUILD78LA_150_10_6	VUILD78LA	VUILD78	fold_1	macrophage_profibrotic	POOLED	1.35095133266795	1.6366614275144509	2.0633762454200983	2.0321380770505844	1.365055715036015	1.4666545760693106	1.7457358242770011	1.6366512663513124	1.2982660017877774	1.540101034955652	1.1589874166743612	1.3786243251443617	-0.6811867443826343	-0.034398552287164555
VUILD78LA_150_10_9	VUILD78LA	VUILD78	fold_1	macrophage_profibrotic	POOLED	1.85639054268153	1.6366687920510705	2.474846393649588	2.344862479995054	2.2082303851301845	2.266419644216482	1.875572470492163	1.6366608719557054	2.2729510932624155	2.132588798784332	1.949614656643955	2.120980386846509	-0.488471937313524	0.03792171711421622
VUILD78LA_150_11_10	VUILD78LA	VUILD78	fold_1	macrophage_profibrotic	POOLED	1.3750509607973	1.6366736361576102	1.7810143037802735	1.790316374306303	1.6950389880278094	1.7260796658268998	1.350978210312823	1.6366685467276298	1.797996693351373	1.7967966799081538	1.8822722785817185	1.8818367940135883	-0.41526541350900303	-0.06290365080937164
VUILD78LA_150_11_11	VUILD78LA	VUILD78	fold_1	macrophage_profibrotic	POOLED	0.73835608460321	1.6366760910031501	1.447602325261745	1.5305504021241572	1.5700570279630035	1.5200132909824786	1.3970272908018755	1.6366717485957607	2.0264690078423713	1.8352086823847857	2.1759639106379836	1.9675805359191103	-0.7921943175209472	-0.05938534224201886
VUILD78LA_150_11_12	VUILD78LA	VUILD78	fold_1	macrophage_profibrotic	POOLED	1.68694158816223	1.63667854584869	1.67281507596629	1.7130879014623723	2.1361244974815583	2.0062160393781605	2.0236839130575737	1.6366749504638918	2.237248699500353	2.3008040465023685	2.422843409371829	2.5016589388180606	-0.026146313300142277	-0.007063754481987015
VUILD78LA_150_11_13	VUILD78LA	VUILD78	fold_1	macrophage_profibrotic	POOLED	1.39745117077929	1.63668100069423	1.838439631158725	1.917202574067223	2.486649022371121	2.420076766794731	1.5395378558759651	1.6366781523320229	2.385595180493472	2.164196825043182	2.3323764460705916	2.3363632204111737	-0.5197514032879329	0.09511640470699201
VUILD78LA_150_11_14	VUILD78LA	VUILD78	fold_1	macrophage_profibrotic	POOLED	1.60643182433858	1.6366834555397698	2.3620512648227514	2.1763642591426513	2.131968486647534	2.152096018560047	2.0976502801399084	1.6366813542001537	2.131809838855293	2.1899910366065267	1.9016430496719712	2.306746529653793	-0.5699324348040713	0.056570028616077635
VUILD78LA_150_11_4	VUILD78LA	VUILD78	fold_1	macrophage_profibrotic	POOLED	2.33767421608709	1.636658907084371	2.8877202282186722	2.6235391833042083	1.1624513952938087	1.4732077275560804	2.133159791966826	1.6366493355188438	1.6163750849511704	1.8878378170066483	1.156100823841201	1.8137645679173056	-0.2858649672171185	-0.02164416353030868
VUILD78LA_150_11_9	VUILD78LA	VUILD78	fold_1	macrophage_profibrotic	POOLED	1.26693002577266	1.6366711813120705	1.913392498065353	2.0266470675730215	1.914273643208773	1.9573085651010629	2.0924326428433675	1.6366653448594988	1.7466095695398611	1.9669033778034375	1.7102826431507008	1.9473505593213507	-0.7597170418003616	-0.03044790263123416
VUILD78LA_150_12_10	VUILD78LA	VUILD78	fold_1	macrophage_profibrotic	POOLED	0.841102300540839	1.6366760254186101	1.6929198002071606	1.8418096592990998	1.6201035783993327	1.6332753772327282	1.6137577740977604	1.636673019631423	2.0944289486400516	1.6871291015053247	2.070034826966686	1.6498465280316308	-1.0007073587582607	0.029917311408169667
VUILD78LA_150_12_11	VUILD78LA	VUILD78	fold_1	macrophage_profibrotic	POOLED	1.63145772005772	1.63667848026415	2.2998380910330294	2.2237411184377045	1.7481243926199146	1.8588292627102432	1.8595197671758756	1.636676221499554	2.0341719222358514	2.156320434330058	1.8532715777935638	2.1209638781041456	-0.5922833983799844	-0.01254080758847479
VUILD78LA_150_12_12	VUILD78LA	VUILD78	fold_1	macrophage_profibrotic	POOLED	1.17244902297581	1.6366809351096898	2.006069640581359	2.076543048173397	1.860629871147554	1.8570281001598505	1.9151244750755767	1.636679423367685	2.042906241552209	2.007715859317894	2.1020883911657933	2.0543014460864977	-0.9040940251975869	-0.06549703586285766
VUILD78LA_150_12_14	VUILD78LA	VUILD78	fold_1	macrophage_profibrotic	POOLED	0.767184716242557	1.6366858448007697	1.6541456455146744	1.7628729629917235	1.4801117723652553	1.3838458039012234	1.5357117168685308	1.636685827103947	1.398523542011005	1.5697218322230377	1.5404334168063134	1.6088198989451987	-0.9956882467491665	-0.004897824514075964
VUILD78LA_150_12_9	VUILD78LA	VUILD78	fold_1	macrophage_profibrotic	POOLED	1.42186170378403	1.6366735705730702	2.3370177048416045	2.4149313446584575	1.5955807751898643	1.6700471684891665	1.7408423796404526	1.636669817763292	1.279773826114746	1.8056627459722767	1.1140193512198402	1.8257598656407084	-0.9930696408744275	-0.1076783467874001
VUILD78LA_150_13_10	VUILD78LA	VUILD78	fold_1	macrophage_profibrotic	POOLED	1.85903265678626	1.6366784146796098	2.033548637613923	2.121041623763748	1.4471003799763422	1.646322038549949	1.456912579307173	1.6366774925352163	2.1757149209028883	1.8059195467455385	1.8429815308349702	1.7775719497851645	-0.2620089669774881	-0.046407928709458916
VUILD78LA_150_13_12	VUILD78LA	VUILD78	fold_1	macrophage_profibrotic	POOLED	1.4513493094875	1.6366833243706898	2.485731219417581	2.4380483255425176	2.146379464129761	2.2033880571422912	2.1646719880537777	1.6366838962714783	2.384472735206002	2.3727942482404396	2.09686396082122	2.4302825346140966	-0.9866990160550175	0.01901737499077772
VUILD78LA_150_13_4	VUILD78LA	VUILD78	fold_1	macrophage_profibrotic	POOLED	1.99443989001925	1.6366636856063705	1.8088088872779906	1.940397747508877	1.5031396549410594	1.6883442315561739	2.657167625424844	1.63665828132643	1.6161490949031143	2.188370869124579	1.1899192471048394	2.280210812184756	0.05404214251037298	0.09092264719682117
VUILD78LA_150_13_5	VUILD78LA	VUILD78	fold_1	macrophage_profibrotic	POOLED	2.4560184235646	1.6366661404519105	2.258417800070076	2.3667007630809365	2.514139054987892	2.5464137566113507	2.7471697309596745	1.6366614831945612	2.7208944431588895	2.4350446402402746	2.393230683167471	2.5657745518582513	0.08931766048366363	0.10404190406127645
VUILD78LA_150_14_11	VUILD78LA	VUILD78	fold_1	macrophage_profibrotic	POOLED	1.04199656984453	1.6366832587861497	2.383381055757987	2.5237930478495887	1.3529981781762555	1.6468835084811557	2.0822256150053806	1.6366851673071405	1.9301133847855387	1.9738943452317708	1.4318414151661407	2.0037677769898607	-1.4817964780050588	-0.07636073551795958
VUILD78LA_150_14_14	VUILD78LA	VUILD78	fold_1	macrophage_profibrotic	POOLED	2.78856721260503	1.6366906233227694	2.581758622726529	2.6962646517873536	1.9157592355361515	2.0444727747102234	1.7652997201225484	1.6366947729115335	2.15520094849005	2.043548515057941	1.8455820404574148	2.1584885155814013	0.0923025608176764	0.04349204462272916
VUILD78LA_150_14_15	VUILD78LA	VUILD78	fold_1	macrophage_profibrotic	POOLED	2.22811906136928	1.6366930781683093	2.1509347597043558	2.290975466329118	2.000989179635508	2.0914376852695775	2.0833405783182584	1.6366979747796644	1.7115989172395962	2.024600193776547	1.419669938263696	2.039506947635561	-0.06285640495983813	-0.02343628563340107
VUILD78LA_150_14_17	VUILD78LA	VUILD78	fold_1	macrophage_profibrotic	POOLED	2.78910599024533	1.636697987859389	2.9910661623799104	2.8098436224168246	1.821867197418193	2.0546712980371895	2.483134097958504	1.6367043785159265	2.3659410005520245	2.299204122359079	1.969552149236011	2.3082367677047992	-0.020737632171494713	-0.04600696611285879
VUILD78LA_150_14_4	VUILD78LA	VUILD78	fold_1	macrophage_profibrotic	POOLED	2.1848518514764	1.6366660748673703	2.6897454096733995	2.621437634173558	1.898366041873474	2.1380798090769844	1.9688829485567383	1.6366627542302234	2.4994024125926186	2.096587048598568	1.9597867335511592	2.122890436182778	-0.43658578269715775	0.0690707802562347
VUILD78LA_150_14_5	VUILD78LA	VUILD78	fold_1	macrophage_profibrotic	POOLED	1.66004980828406	1.6366685297129102	2.3321604135362612	2.2668348676104335	1.3764133519653206	1.5712349557456375	2.4888316496710496	1.6366659560983545	1.6293366144311419	1.833182450213668	1.1538151868372386	1.7725924894483862	-0.6067850593263735	-0.03426784261465505
VUILD78LA_150_14_7	VUILD78LA	VUILD78	fold_1	macrophage_profibrotic	POOLED	1.88432377386224	1.6366734394039901	2.3982073107690685	2.7209468337634655	1.7297120970804982	1.858176517225004	2.0634859191035084	1.6366723598346165	1.8579648584335804	1.8553583634227626	1.6634291686049674	1.7221314851050116	-0.8366230599012254	-0.0558683922790992
VUILD78LA_150_15_14	VUILD78LA	VUILD78	fold_1	macrophage_profibrotic	POOLED	2.85718460974602	1.636693012583769	3.1212512710050344	2.9863159075843546	2.748274161401224	2.789546795308114	2.713622241555051	1.6366992458153267	2.2922440236706563	2.755515536644898	1.9217515307653883	2.7859902604544997	-0.12913129783833455	0.18889444740618477
VUILD78LA_150_15_15	VUILD78LA	VUILD78	fold_1	macrophage_profibrotic	POOLED	2.20396338243032	1.636695467429309	2.2503509753274273	2.389447229955211	2.326789765882918	2.4415150578066847	2.2046753059333795	1.6367024476834577	2.4387591439807204	2.4597121660019203	2.097760810507924	2.512301648527994	-0.18548384752489078	0.04165310589407021
VUILD78LA_150_15_16	VUILD78LA	VUILD78	fold_1	macrophage_profibrotic	POOLED	1.58980931446575	1.636697922274849	2.2689481955141773	2.348681648055163	1.913980043809739	2.0674041395517833	1.7742676256807202	1.6367056495515888	2.5001524629523564	2.2000723497996906	2.232506567126358	2.2899061314174176	-0.758872333589413	0.08319949468524246
VUILD78LA_150_15_3	VUILD78LA	VUILD78	fold_1	macrophage_profibrotic	POOLED	2.27292889409587	1.6366660092828302	2.2923194402954974	2.1857298230677014	1.6649123366175764	1.768225178828751	1.8965424998068032	1.6366640252658857	2.1204229931836363	1.748682701225988	1.746602258834576	1.7555936024711134	0.0871990710281687	-0.028378238848159775
VUILD78LA_150_16_4	VUILD78LA	VUILD78	fold_1	macrophage_profibrotic	POOLED	2.30710016007152	1.63667085338937	1.9078328348691465	1.8553665778959876	1.5904023970210694	1.6582137975419744	1.6252958498886592	1.63667170003781	1.8742478285640094	2.1903245866618892	1.8305495340658533	2.398463325734128	0.4517335821755326	0.04519671389960791
VUILD78LA_150_16_5	VUILD78LA	VUILD78	fold_1	macrophage_profibrotic	POOLED	1.14800298000515	1.6366733082349099	1.6219001216974518	1.7466580534317857	1.4657599425946404	1.5828629643355439	2.4141530514802954	1.636674901905941	1.7850315306093458	1.869724744600711	1.5241663092445379	1.8651972869297817	-0.5986550734266356	0.09689389527568937
VUILD78LA_150_17_4	VUILD78LA	VUILD78	fold_1	macrophage_profibrotic	POOLED	2.21650512008689	1.6366732426503698	1.9170070091794242	2.192469530195547	1.4358407390598895	1.538767622299327	1.465335907945256	1.636676172941603	2.034830626924735	1.9377478424583234	1.8714220849279142	1.900532183165734	0.024035589891342912	-0.06934930249116417
VUILD78LA_150_17_5	VUILD78LA	VUILD78	fold_1	macrophage_profibrotic	POOLED	2.73160409797574	1.6366756974959098	2.667956627941228	2.538302776417665	1.4271320956601885	1.7526084937835584	2.4715432389165737	1.6366793748097341	1.810041048773418	1.9925050720656319	1.4308862361863994	1.8808950715700126	0.19330132155807478	0.0074107065507083986
VUILD78LA_150_18_14	VUILD78LA	VUILD78	fold_1	macrophage_profibrotic	POOLED	1.95117384800461	1.6367001803667687	2.722124030952673	2.774055122945929	2.4737236890918997	2.540587469063998	2.06336788997376	1.6367126645267065	2.3144445060750742	2.44499119107741	1.9684282415828298	2.409600143863684	-0.8228812749413192	0.08399535394896249
VUILD78LA_150_18_15	VUILD78LA	VUILD78	fold_1	macrophage_profibrotic	POOLED	1.24715083468367	1.6367026352123086	2.701833702881719	2.835145026083966	2.2204290750222313	2.3692621382521333	1.783339134180834	1.6367158663948373	2.464367583008409	2.3228758377485823	2.18962975830971	2.2663681892668044	-1.587994191400296	-0.015887561869378834
VUILD78LA_150_18_4	VUILD78LA	VUILD78	fold_1	macrophage_profibrotic	POOLED	2.98992422008316	1.6366756319113696	2.125884090704032	2.1086578916210117	1.6806890981246878	1.8163727822098048	1.9359917263786577	1.6366806458453964	1.7830966909911419	2.3273177090087422	1.636288546534774	2.4208625484677126	0.8812663284621483	0.03348396580871033
VUILD78LA_150_18_5	VUILD78LA	VUILD78	fold_1	macrophage_profibrotic	POOLED	3.3478412149279	1.6366780867569095	2.220353861706025	2.3165216767070795	1.830044793060915	2.004208540013324	2.646228787808333	1.6366838477135275	2.0989425605834797	2.33047993697242	1.9329817279561023	2.2283546525380995	1.0313195382208207	0.13825919952034865
VUILD78LA_150_19_10	VUILD78LA	VUILD78	fold_1	macrophage_profibrotic	POOLED	0.649102203797353	1.6366927502456088	1.6424154926644998	1.7237768377609677	1.568432620956103	1.5732251191078253	1.457438284100332	1.6367043299579758	2.106271850441473	1.8104907831275998	1.9835957632330836	1.8423351644624701	-1.0746746339636148	0.04608480932758608
VUILD78LA_150_19_11	VUILD78LA	VUILD78	fold_1	macrophage_profibrotic	POOLED	0.731143216493789	1.6366952050911487	1.57804960645955	1.5913751337850264	1.6504828422704128	1.5905228323409606	1.6736868456329745	1.6367075318261066	1.9345934392871578	1.8697414064288185	2.070665061543744	2.088529591135542	-0.8602319172912374	-0.07932610748718372
VUILD78LA_150_19_12	VUILD78LA	VUILD78	fold_1	macrophage_profibrotic	POOLED	1.0455525683097	1.6366976599366887	2.2650270415923055	2.108350402784439	1.9005288032163865	1.9991743014394718	2.1844973278621502	1.6367107336942377	2.0969269729429576	2.0965471639977658	1.9018073634287456	2.1189262086023675	-1.0627978344747389	0.0045254161738724
VUILD78LA_150_19_13	VUILD78LA	VUILD78	fold_1	macrophage_profibrotic	POOLED	1.28148623030094	1.6367001147822287	2.0387137850424155	2.117960078109071	1.8796874488957342	1.9973117313885365	1.798572445687675	1.6367139355623688	2.0482965042314967	2.31068903089794	1.9751225210326935	2.4264816218477967	-0.8364738478081308	-0.06779077832530389
VUILD78LA_150_19_16	VUILD78LA	VUILD78	fold_1	macrophage_profibrotic	POOLED	2.05518521558805	1.6367074793188483	2.0596422338078355	2.1261335352272606	1.81439006539563	1.927210578930517	1.7878277303700436	1.6367235411667618	2.6068775301887537	2.067667343197917	2.370431401669852	2.1120103395644527	-0.07094831963921067	-0.03981218832890997
VUILD78LA_150_19_17	VUILD78LA	VUILD78	fold_1	macrophage_profibrotic	POOLED	2.35067539918467	1.6367099341643883	3.4539879267718545	3.5029655281971337	2.3858579317250967	2.647234384970142	1.8909638326731255	1.6367267430348926	3.4104365723568675	2.410283714912876	2.857709964666835	2.284531311049351	-1.1522901290124636	0.013862262471182205
VUILD78LA_150_20_10	VUILD78LA	VUILD78	fold_1	macrophage_profibrotic	POOLED	2.07162756524877	1.6366951395066087	2.12946385238631	2.1038517186432117	2.0331016064853156	2.137996321717265	1.2622251332512444	1.636708802861769	2.390602962087253	2.141570241351692	2.159135152961941	2.162658479244411	-0.032224153394441846	0.15300169204998404
VUILD78LA_150_20_12	VUILD78LA	VUILD78	fold_1	macrophage_profibrotic	POOLED	1.07284118640446	1.6367000491976884	1.8322645217888667	1.9452764078908515	1.4105529376283483	1.5154225601117435	1.2751747239809075	1.6367152065980308	1.654607609281062	1.769326794623456	1.648555051373659	1.8499283340335746	-0.8724352214863915	-0.12374666523896632
VUILD78LA_150_20_15	VUILD78LA	VUILD78	fold_1	macrophage_profibrotic	POOLED	2.17306629259097	1.6367074137343083	2.2060837615251176	2.0587454424482248	2.1326646588395106	2.198639189801682	2.1170318128177867	1.6367248122024238	2.1702688329610518	2.359776819147182	2.0813974992739195	2.408538647381623	0.11432085014274529	0.05461781325333633
VUILD78LA_150_20_17	VUILD78LA	VUILD78	fold_1	macrophage_profibrotic	POOLED	1.33253829634989	1.636712323425388	1.995241153802866	2.0861509342157896	1.602630695719721	1.6449457866483395	1.2124855966875712	1.636731215938686	1.6863727628550433	1.9098812450914426	1.7402556428984983	2.0011991409154004	-0.7536126378658996	-0.11135157758425768
VUILD78LA_150_21_11	VUILD78LA	VUILD78	fold_1	macrophage_profibrotic	POOLED	1.34069726509604	1.6366999836131484	1.960946875703892	2.0088568329293652	1.707180045403052	1.7260241239319019	0.9951549490976339	1.636716477633693	1.872336879518404	1.768919892861914	1.87476826544508	1.8608967229702613	-0.6681595678333252	-0.05721320117264353
VUILD78LA_150_21_12	VUILD78LA	VUILD78	fold_1	macrophage_profibrotic	POOLED	0.566616988411165	1.6367024384586883	1.5615877689714046	1.7978435633574648	1.2834287806901032	1.235532775561337	1.2668044190873553	1.6367196795018242	1.453031569859975	1.4480538383409225	1.7315950654138148	1.3852971507039817	-1.2312265749462998	-0.24227237097473048
VUILD78LA_150_21_9	VUILD78LA	VUILD78	fold_1	macrophage_profibrotic	POOLED	0.888214013957149	1.6366950739220687	1.7162836790230227	1.7887693804395484	1.5166690921702894	1.4711303552058956	1.525667595077195	1.6367100738974312	1.8533516784795854	1.8074537462281237	2.1362596393360618	1.8758962768265801	-0.9005553664823993	-0.05689364482661634
VUILD78LA_150_22_10	VUILD78LA	VUILD78	fold_1	macrophage_profibrotic	POOLED	1.83111670884979	1.6366999180286084	2.211587626640461	2.2576596956454003	2.242114374912987	2.2788239436422266	1.8388223569100344	1.6367177486693554	2.3190705245312806	2.3287052469885587	2.171188040740839	2.4494565549712264	-0.4265429867956103	0.023393269500662457
VUILD78LA_150_22_12	VUILD78LA	VUILD78	fold_1	macrophage_profibrotic	POOLED	2.19767635969242	1.6367048277196883	1.979560281798318	1.9981751386570463	1.9149063778524675	1.9538053739431063	2.117220594419246	1.6367241524056173	2.2638343656309403	2.289208447197544	2.2161373850593526	2.48260250504905	0.1995012210353735	-0.025855236201461504
VUILD78LA_150_22_14	VUILD78LA	VUILD78	fold_1	macrophage_profibrotic	POOLED	2.12732543729118	1.636709737410768	1.5144158544736517	1.7166468100536394	1.740074474750599	1.8019221823927773	1.5310887398809983	1.6367305561418795	1.5203747991220902	1.6187149422476572	1.6348423615328547	1.5417326240481821	0.41067862723754067	-0.016354801730360448
VUILD78LA_150_23_10	VUILD78LA	VUILD78	fold_1	macrophage_profibrotic	POOLED	1.31889217851314	1.636702307289608	1.9720319297775548	2.0900005777251605	1.8492581619798278	1.9834232200912711	1.6837055472389366	1.6367222215731487	2.6162486626423185	2.228355444272082	2.372037872105799	2.2795563324758827	-0.7711083992120205	0.07083001311689871
VUILD78LA_150_23_12	VUILD78LA	VUILD78	fold_1	macrophage_profibrotic	POOLED	2.10728260816514	1.636707216980688	2.207881689152327	2.220705500549827	1.8982826711040772	1.9751128151860688	1.8653523659256168	1.6367286253094107	2.3707978084466	2.3169324660664836	2.21297207828685	2.429010927864215	-0.11342289238468695	0.025920410069611703
VUILD78LA_150_23_13	VUILD78LA	VUILD78	fold_1	macrophage_profibrotic	POOLED	1.94111164412641	1.636709671826228	1.9195829212708646	1.958073690573825	2.1913220695902824	2.2719374173137306	1.7872414719554839	1.6367318271775417	2.2537431686229645	2.2088428324512615	2.133957072551354	2.2916848370618306	-0.016962046447414947	0.055136147457049874
VUILD78LA_150_23_14	VUILD78LA	VUILD78	fold_1	macrophage_profibrotic	POOLED	2.12163072521468	1.636712126671768	2.592706296804366	2.4359875261280384	2.4738540117581653	2.528677652155724	2.1708124901364148	1.6367350290456726	2.6462847480427376	2.379904543558308	2.4064850618396427	2.4546209673743014	-0.3143568009133584	0.13747061164319183
VUILD78LA_150_23_16	VUILD78LA	VUILD78	fold_1	macrophage_profibrotic	POOLED	1.4388441786191	1.6367170363628476	1.9429449344735032	1.9559521021610948	1.4510897047674167	1.639124881475765	1.8129327358489187	1.6367414327819347	2.0130931214821346	2.0981299424849786	1.8595924420374184	2.1453791776281443	-0.5171079235419949	0.006280973237414514
VUILD78LA_150_23_17	VUILD78LA	VUILD78	fold_1	macrophage_profibrotic	POOLED	1.814798798768	1.6367194912083876	2.084239701085395	2.1606979530935626	1.5004338926362046	1.7019255456801836	1.69682522863288	1.6367446346500656	1.8019410593216518	2.0328137736295884	1.6591698944296924	1.9408265765611339	-0.3458991543255625	-0.020992766706158125
VUILD78LA_150_24_10	VUILD78LA	VUILD78	fold_1	macrophage_profibrotic	POOLED	2.36607327419346	1.636704696550608	2.566229240111297	2.6159816579256105	2.2976424682936534	2.478375280856702	1.815420964984897	1.6367266944769419	3.011992559532398	2.441430307129296	2.544518590161605	2.5370101168246966	-0.24990838373215052	0.08646474185663217
VUILD78LA_150_24_12	VUILD78LA	VUILD78	fold_1	macrophage_profibrotic	POOLED	1.46629403012549	1.636709606241688	1.7824628887408709	1.9139366004165814	1.8137279141331517	1.9244542058225949	1.7676228286458073	1.6367330982132038	2.0299973715681294	2.1300935510136347	1.963868147864684	2.168156011912199	-0.44764257029109134	-0.020049043134544062
VUILD78LA_150_24_13	VUILD78LA	VUILD78	fold_1	macrophage_profibrotic	POOLED	1.36482681036847	1.6367120610872277	1.8201022545937644	1.846621273911449	1.7784897207940669	1.8254448654629991	1.449971770142148	1.6367363000813349	2.416697424788417	1.883524452750673	2.325039198013425	1.8707202352616212	-0.48179446354297895	0.10072004597631518
VUILD78LA_150_25_10	VUILD78LA	VUILD78	fold_1	macrophage_profibrotic	POOLED	1.99753209696699	1.636707085811608	2.5836577334886064	2.597173184194899	1.9800894821720898	2.191282544445973	1.656897058846689	1.636731167380735	2.730988989262742	2.648307375766888	2.3982599854331936	2.705866405050652	-0.599641087227909	0.1295451663690118
VUILD78LA_150_25_11	VUILD78LA	VUILD78	fold_1	macrophage_profibrotic	POOLED	2.38687481707829	1.6367095406571477	2.6558444774779484	2.5988101026687636	2.554904831548523	2.5855302946847774	2.054385602477669	1.636734369248866	2.6877901148417296	2.6154184159143172	2.4708633124016837	2.656546685752022	-0.21193528559047348	0.11111128675448298
VUILD78LA_150_25_12	VUILD78LA	VUILD78	fold_1	macrophage_profibrotic	POOLED	1.98387253481817	1.6367119955026876	2.0669770526045403	2.1630705425272234	1.824406490713143	1.9505146996519958	1.9355945866612938	1.6367375711169971	2.228419278927409	2.255455083976866	1.8648953649912756	2.276378706058896	-0.17919800770905336	0.04144795721581986
VUILD78LA_150_25_13	VUILD78LA	VUILD78	fold_1	macrophage_profibrotic	POOLED	1.2115545551671	1.6367144503482276	1.8611716983747497	1.9563547083105426	1.802375482858396	1.9045777462275582	1.5899940109241024	1.6367407729851282	2.054663060520409	2.1069159566531224	1.7557872021657224	2.119046772408076	-0.7448001531434425	0.03830938055199904
VUILD78LA_150_25_14	VUILD78LA	VUILD78	fold_1	macrophage_profibrotic	POOLED	2.02025584416237	1.6367169051937676	2.2374374776770445	2.0992934196022377	2.2732391409398356	2.2744885517508657	1.9141706936593545	1.636743974853259	2.3327118811616288	2.4617511943437567	2.1647057929781894	2.6316885569794937	-0.07903757543986778	0.07392202472657977
VUILD78LA_150_25_16	VUILD78LA	VUILD78	fold_1	macrophage_profibrotic	POOLED	1.89140083081795	1.6367218148848472	2.2105730977113867	2.356714728500325	1.8347711251144394	1.9343734858554344	2.015467236543416	1.6367503785895212	2.5041533617163076	2.3330828609018632	2.3679763196438866	2.4321679661365647	-0.4653138976823752	-0.016651013613140652
VUILD78LA_150_25_9	VUILD78LA	VUILD78	fold_1	macrophage_profibrotic	POOLED	2.20609810665079	1.636704630966068	2.3892931721447295	2.4639110429273523	2.2410192076297872	2.315202640182224	2.1510661513513396	1.6367279655126041	2.881835079703453	2.7262209610412507	2.474278176172657	2.8332987926379904	-0.25781293627656243	0.05599367487722325
VUILD78LA_150_26_10	VUILD78LA	VUILD78	fold_1	macrophage_profibrotic	POOLED	2.0404227928445	1.6367094750726077	2.1711308508172045	2.269240335063432	1.8293224824387584	1.9743593495253773	1.6355706836722195	1.6367356402845283	2.431442343554288	2.1825660656066788	2.1787399671405288	2.189148773501998	-0.22881754221893225	0.06621184070749164
VUILD78LA_150_26_11	VUILD78LA	VUILD78	fold_1	macrophage_profibrotic	POOLED	1.93942033859652	1.6367119299181476	1.9982511121179656	2.1562259292756463	1.6939185915359425	1.8631849601859847	1.6323289748636323	1.6367388421526594	2.134683056168741	2.238645167354946	1.9996546801987578	2.2395405789998097	-0.2168055906791262	-0.013255797304796424
VUILD78LA_150_26_13	VUILD78LA	VUILD78	fold_1	macrophage_profibrotic	POOLED	1.49684501911542	1.6367168396092273	1.926303971436455	1.9283587341458952	2.2840902267834218	2.2357936371635847	1.771227239850803	1.6367452458889213	2.0090576399075086	2.3553461987780135	2.0570213956397767	2.352948180698281	-0.4315137150304753	0.12117100513336684
VUILD78LA_150_3_11	VUILD78LA	VUILD78	fold_1	macrophage_profibrotic	POOLED	2.04390850156612	1.6366569769151516	2.6446494221410166	2.5562353655482255	2.1409418858772264	2.25899478142275	2.32777932846166	1.6366359653654148	2.423948499660149	2.2391123681521274	2.110893224728045	2.2204749665885566	-0.5123268639821057	-0.022354140913637473
VUILD78LA_150_4_10	VUILD78LA	VUILD78	fold_1	macrophage_profibrotic	POOLED	2.11109382572613	1.6366569113306115	2.1100667651177263	2.1026526131448193	1.5683439305825104	1.703441399173089	1.430198524046914	1.636637236401077	1.969196834403684	1.8561888028682758	1.984504577001711	1.9051313736043523	0.008441212581310698	-0.0790017394436891
VUILD78LA_150_4_11	VUILD78LA	VUILD78	fold_1	macrophage_profibrotic	POOLED	1.63361693901699	1.6366593661761515	1.754689275820398	1.966679675842625	1.3164255823486744	1.5569941194302421	1.6193875179015986	1.6366404382692081	1.934912470829903	1.8543053203807225	1.8087644293579777	1.763447473379663	-0.33306273682563514	-0.0746558641195339
VUILD78LA_150_4_12	VUILD78LA	VUILD78	fold_1	macrophage_profibrotic	POOLED	1.49712172814715	1.6366618210216912	2.393641438237881	2.3178752217752034	1.935844948444064	2.0391690594306406	1.5692362021878594	1.6366436401373392	2.65507210349237	2.0452171786442173	2.565277668723242	2.028092623861636	-0.8207534936280534	-0.09460803124373801
VUILD78LA_150_4_13	VUILD78LA	VUILD78	fold_1	macrophage_profibrotic	POOLED	0.779679158934112	1.6366642758672312	2.1336797642327134	2.449700786093522	1.7569216187856924	1.973900172117456	1.3730152821408876	1.63664684200547	2.001837401666848	1.8934777378361727	1.7165655963076183	1.7865332433797656	-1.67002162715941	-0.015965746937568977
VUILD78LA_150_5_10	VUILD78LA	VUILD78	fold_1	macrophage_profibrotic	POOLED	2.44115913087164	1.6366593005916112	2.121836883428607	2.1990333102750004	1.819947330689889	2.017957829682995	1.358924577467809	1.6366417093048704	1.9973870152061126	1.922058380104858	1.8127243632150283	1.897342002259415	0.24212582059663967	0.009422391455400893
VUILD78LA_150_5_11	VUILD78LA	VUILD78	fold_1	macrophage_profibrotic	POOLED	1.45857827551003	1.6366617554371512	1.839325393291152	1.9674319840215047	1.504580407703254	1.6948162634225916	1.2406073193341147	1.6366449111730013	1.9736079861214324	1.5651745846552734	1.7708944811917593	1.5837189922130495	-0.5088537085114746	-0.13800157120336645
VUILD78LA_150_5_13	VUILD78LA	VUILD78	fold_1	macrophage_profibrotic	POOLED	1.43190038729809	1.6366666651282311	2.3489682545473074	2.3367106048928576	1.7719562234848287	2.0296930089504905	1.6861327969022621	1.6366513149092634	2.1031932400287445	1.6739097150663897	1.649566150204449	1.4827387518194615	-0.9048102175947677	0.02496329823843295
VUILD78LA_150_5_14	VUILD78LA	VUILD78	fold_1	macrophage_profibrotic	POOLED	1.29436009077886	1.6366691199737708	1.8019973641701863	1.8468027223182546	2.0491187913975324	2.0030446460038607	1.5544609709993904	1.6366545167773943	1.4406562037874997	1.6269769568801165	1.5588412579732294	1.574989417711406	-0.5524426315393947	0.010959766859025305
VUILD78LA_150_6_10	VUILD78LA	VUILD78	fold_1	macrophage_profibrotic	POOLED	1.76191435340735	1.6366616898526112	1.8790115876349733	1.9499341681129954	1.8165598062094237	1.9007866491046201	1.4434006428274044	1.6366461822086635	2.1058612000472503	2.162573412799589	1.9260895243885017	2.2934298698430933	-0.18801981470564533	-0.04305811025839397
VUILD78LA_150_6_12	VUILD78LA	VUILD78	fold_1	macrophage_profibrotic	POOLED	1.56848319461192	1.6366665995436909	2.050825810906569	2.168501101876144	2.061912998630478	2.1329061094970854	2.0443650283449974	1.6366525859449257	2.343051457479737	2.327187788561762	2.309089009173189	2.4390945958563686	-0.600017907264224	-0.01985272323774789
VUILD78LA_150_6_14	VUILD78LA	VUILD78	fold_1	macrophage_profibrotic	POOLED	0.759188085289995	1.6366715092347708	1.6462436329588848	1.7563233031588648	1.8768730340274618	1.8207668503452359	1.8764205276565589	1.6366589896811876	2.007561270366542	1.9035882216146147	1.8828363114585862	1.8952587340578688	-0.9971352178688697	0.07917793666782966
VUILD78LA_150_6_15	VUILD78LA	VUILD78	fold_1	macrophage_profibrotic	POOLED	0.155670088382334	1.6366739640803107	1.1453705564869554	1.2284250427928036	1.7326419619371851	1.4232448794254569	1.4746628360620142	1.6366621915493187	1.395649517001403	1.8671267469913277	1.957479545976218	2.145975438981888	-1.0727549544104695	-0.058424644976329265
VUILD78LA_150_6_6	VUILD78LA	VUILD78	fold_1	macrophage_profibrotic	POOLED	1.8587992640324	1.6366518704704516	2.1895273013285883	2.1562876216197324	1.8166604354249223	1.885377127142625	2.7458381120321462	1.6366333747361395	1.6180732431237874	2.2783807326700742	1.4498496640140326	2.327504979895081	-0.2974883575873324	0.0961155153302258
VUILD78LA_150_6_8	VUILD78LA	VUILD78	fold_1	macrophage_profibrotic	POOLED	0.927694015267261	1.6366567801615313	1.7510383639132066	1.7572993577811007	1.537190192141387	1.582349323639706	2.304958974281665	1.6366397784724016	1.463270734829912	1.7379344537754746	1.6694414001800373	1.7231715455978314	-0.8296053425138397	0.0924331862500282
VUILD78LA_150_7_12	VUILD78LA	VUILD78	fold_1	macrophage_profibrotic	POOLED	2.50579173120895	1.6366689888046908	2.3838666737336593	2.2435408459806254	2.006007496008192	2.0986231476163844	1.564859849187773	1.6366570588487188	2.348954780578847	2.3473394939256877	2.1502026507997107	2.4605027962497346	0.26225088522832474	0.07937587507560728
VUILD78LA_150_7_13	VUILD78LA	VUILD78	fold_1	macrophage_profibrotic	POOLED	1.17170077092728	1.6366714436502308	1.4875210922499704	1.6342934077654834	1.608604953519709	1.6700534306470705	1.7354082282886236	1.63666026071685	1.5420603228590768	1.8437696943862045	1.4948377347030521	1.8962492900960741	-0.4625926368382034	0.04923935970652107
VUILD78LA_150_7_14	VUILD78LA	VUILD78	fold_1	macrophage_profibrotic	POOLED	1.20879780075064	1.6366738984957705	1.9933531200619643	2.031160788260266	1.7937793006331535	1.822374460842087	1.9840822671356615	1.6366634625849807	1.5341104661753115	1.9365589056389068	1.5494642180633624	1.8904260791055687	-0.8223629875096259	0.04667117213753399
VUILD78LA_150_7_15	VUILD78LA	VUILD78	fold_1	macrophage_profibrotic	POOLED	1.60979367885031	1.6366763533413105	2.2490139803460214	2.225591091182501	2.054356585786647	2.1234967426038702	2.074716324655665	1.6366666644531118	2.210634929426071	2.1880261948372848	1.8434670219294214	2.296636967075796	-0.6157974123321912	0.021569454584108194
VUILD78LA_150_7_16	VUILD78LA	VUILD78	fold_1	macrophage_profibrotic	POOLED	0.836703651733154	1.6366788081868504	1.4989857996631148	1.514846081126602	1.8008914353659804	1.7016077765686735	1.502231145735543	1.636669866321243	1.365299286033966	1.6306538491863625	1.604358194713173	1.6845380182579865	-0.678142429393448	0.03987448108449417
VUILD78LA_150_7_6	VUILD78LA	VUILD78	fold_1	macrophage_profibrotic	POOLED	1.24700515510873	1.6366542597314513	1.5291929966821003	1.696110316946313	1.4818025793065186	1.4926620961263615	2.0818445760730624	1.6366378476399328	1.7815260144227567	1.741789899602768	1.7755506798384137	1.7771799713612801	-0.449105161837583	0.11179922790091112
VUILD78LA_150_7_7	VUILD78LA	VUILD78	fold_1	macrophage_profibrotic	POOLED	1.6643738860884	1.6366567145769912	1.7617238649182165	1.764708280100169	1.5113289692965657	1.5986235989513558	2.8175176685387204	1.6366410495080639	1.0166516623312762	1.9801691668249908	1.0435186297394043	2.1648939018819657	-0.10033439401176891	0.08618143695809088
VUILD78LA_150_7_8	VUILD78LA	VUILD78	fold_1	macrophage_profibrotic	POOLED	1.26694310250994	1.6366591694225312	1.8436420280659243	1.8994010717083711	1.9815341781515725	2.0677738067967524	2.5442421858466084	1.6366442513761947	1.6508243834075302	2.227358850589778	1.588404519689937	2.246103166968925	-0.6324579691984311	0.10372188353845185
VUILD78LA_150_7_9	VUILD78LA	VUILD78	fold_1	macrophage_profibrotic	POOLED	1.46892491156878	1.6366616242680712	1.977535241636062	2.0019411198658092	1.664115326294845	1.7116612965106506	1.611097259978373	1.6366474532443258	2.0092650863678827	1.8839531597651846	1.8911282526025774	1.832973462799247	-0.5330162082970293	-0.11000549200199886
VUILD78LA_150_8_11	VUILD78LA	VUILD78	fold_1	macrophage_profibrotic	POOLED	0.990164488994163	1.6366689232201508	1.8372676567752668	1.872764050382433	1.5164346891794855	1.5837872339723384	1.4172708368770368	1.636658329884381	2.0563023170483867	1.704152766031465	2.146577564245839	1.678100712179753	-0.88259956138827	-0.09400875441849516
VUILD78LA_150_8_13	VUILD78LA	VUILD78	fold_1	macrophage_profibrotic	POOLED	1.23542740170882	1.6366738329112305	1.64589474459259	1.803863691425395	1.8668401696434829	1.8865590176718743	1.4873266874071285	1.636664733620643	2.0481846529735988	1.6901088319847417	2.056010540985842	1.6840242446735632	-0.5684362897165749	0.01205082290711626
VUILD78LA_150_8_14	VUILD78LA	VUILD78	fold_1	macrophage_profibrotic	POOLED	2.62926334234455	1.6366762877567704	2.286027805072466	2.3500072516023924	1.8917962923764253	2.0567436169171263	1.9825451832536038	1.636667935488774	2.3491033819619145	2.0553106740047595	2.132685917689863	1.964797782460784	0.2792560907421575	0.09129730751889778
VUILD78LA_150_8_15	VUILD78LA	VUILD78	fold_1	macrophage_profibrotic	POOLED	2.44590554950123	1.6366787426023104	2.532724817347257	2.4781637510175694	2.0847715893681285	2.3002435829737276	1.9231698929021102	1.6366711373569052	2.60461216300571	2.4420237194203773	2.0594905260702205	2.462768723493067	-0.03225820151633929	0.03707819257008061
VUILD78LA_150_8_5	VUILD78LA	VUILD78	fold_1	macrophage_profibrotic	POOLED	0.881803957122126	1.6366541941469113	1.5341399131836004	1.578800455776832	1.7228806399852508	1.7937818899071545	1.7363673950515603	1.636639118675595	1.7373741216185226	1.5809842796398348	1.4716080129148168	1.4770783511838137	-0.696996498654706	0.09528530449769379
VUILD78LA_150_8_6	VUILD78LA	VUILD78	fold_1	macrophage_profibrotic	POOLED	1.61126519547109	1.6366566489924512	1.7856286182202699	1.761242153803181	1.5737258769824436	1.676964149425785	2.1249370131629246	1.636642320543726	1.601526454653933	2.074042163981354	1.5018912795170782	2.1547006911131725	-0.14997695833209113	-0.011075406081636013
VUILD78LA_150_8_7	VUILD78LA	VUILD78	fold_1	macrophage_profibrotic	POOLED	1.65899533417083	1.6366591038379912	1.6483437176400784	1.7014806441486952	1.3467090647563433	1.4514731813421409	2.6254914357567056	1.636645522411857	1.23686652079684	1.847236429467932	1.169466747936881	1.8209554422962024	-0.04248530997786526	0.0525936902922366
VUILD78LA_150_8_8	VUILD78LA	VUILD78	fold_1	macrophage_profibrotic	POOLED	1.94145906941841	1.636661558683531	2.0814256069462083	2.048003074366083	1.788115099750887	1.8213842493018944	2.167026324470466	1.636648724279988	1.455471478006898	1.5851795378898512	1.2425633609699946	1.4559989453901065	-0.10654400494767313	0.0211620174781764
VUILD78LA_150_9_10	VUILD78LA	VUILD78	fold_1	macrophage_profibrotic	POOLED	2.51664924481241	1.6366688576356105	2.661394306518191	2.572119248729228	2.117926130969629	2.300586897220281	1.5995631614443955	1.6366596009200434	2.592324722358838	2.316821046238978	2.3728231601984504	2.345468257118523	-0.05547000391681811	0.008559016242962757
VUILD78LA_150_9_13	VUILD78LA	VUILD78	fold_1	macrophage_profibrotic	POOLED	1.68363837873754	1.6366762221722304	2.1712905634215716	2.1947623602902704	1.9572389962615335	2.0433449978646037	1.5426304165904934	1.6366692065244364	1.9934380644262708	1.9405092451513362	2.0446665120850263	2.0005686109665497	-0.5111239815527304	-0.00886513686315836
VUILD78LA_150_9_14	VUILD78LA	VUILD78	fold_1	macrophage_profibrotic	POOLED	1.93153676006248	1.6366786770177701	2.119859159293801	2.20215439770891	2.112754828988841	2.232726525605952	1.510526916544747	1.6366724083925672	2.1662867165802284	2.0433282285351093	1.8934978297908596	2.0472986225509384	-0.27061763764643	0.07369600704612439
VUILD78LA_150_9_5	VUILD78LA	VUILD78	fold_1	macrophage_profibrotic	POOLED	1.13256693604748	1.6366565834079112	1.6349251617555962	1.6142922536105007	1.3063237849416431	1.3803483216033747	1.9464136345748275	1.6366435915793882	1.0469264117054669	1.849194690007904	0.9647808079454555	1.979850139274586	-0.4817253175630207	0.0051295694722798615
VUILD78LA_150_9_6	VUILD78LA	VUILD78	fold_1	macrophage_profibrotic	POOLED	1.38246336461204	1.636659038253451	1.963568962840181	2.073424593319717	1.4537686129265144	1.5859606903347714	2.1603089912890128	1.6366467934475193	1.8101216447289266	1.6048943680028807	1.5081032507320613	1.57650569690055	-0.6909612287076772	-0.005941706522546237
VUILD78LA_150_9_7	VUILD78LA	VUILD78	fold_1	macrophage_profibrotic	POOLED	0.646064943795506	1.636661493098991	1.5330324095229764	1.7122333454081464	1.9352159232577348	1.9655375207922945	2.486277944608539	1.6366499953156504	1.2374807969568735	2.1320113140567334	1.27355655766216	2.321050445472139	-1.0661684016126403	0.14623493920338038
VUILD78LA_150_9_8	VUILD78LA	VUILD78	fold_1	macrophage_profibrotic	POOLED	1.6145253607033	1.6366639479445309	1.730962909385605	1.7540518380882957	1.8510949024677412	1.8233509630918465	1.979894468271845	1.6366531971837812	1.4034760724474966	1.754753652557585	1.5972379102187948	1.6810419165643176	-0.13952647738499557	0.023064426528766613
VUILD78LA_150_9_9	VUILD78LA	VUILD78	fold_1	macrophage_profibrotic	POOLED	2.32552075881186	1.6366664027900708	2.155945002449272	2.210841952052088	2.0713946283334406	2.1257696595082276	1.5553028014362598	1.6366563990519123	1.855989721376118	1.9729592319762332	1.7602955176275037	1.992692034563077	0.11467880675977193	-0.08326590408934731
VUILD78MA_150_10_13	VUILD78MA	VUILD78	fold_1	macrophage_profibrotic	POOLED	1.23850099102339	1.6366827592587436	1.8623646282051152	1.861019887052888	1.461461368787092	1.5765598421657074	2.2139887673333503	1.6366746681356137	1.8070592527125031	1.7847631333155023	1.7065946644422965	1.6586842317739838	-0.6225188960294981	0.08174448082335675
VUILD78MA_150_11_14	VUILD78MA	VUILD78	fold_1	macrophage_profibrotic	POOLED	0.84709032331035	1.6366879983540223	1.8376330682166304	1.7862584601204838	1.4045364557573183	1.4186675538570652	1.7858713895152176	1.6366827378459559	1.3497774501558857	1.581365439457518	1.2778555740712094	1.4630847423601254	-0.9391681368101339	-0.04265936604489607
VUILD78MA_150_11_16	VUILD78MA	VUILD78	fold_1	macrophage_profibrotic	POOLED	0.278939727049027	1.636692908340938	1.4205207172458734	1.513166231456277	0.7943653858963863	0.8864032924257013	1.4011287475276335	1.6366891418780205	1.1603450121457615	0.9434551134563993	1.1835806309287495	0.7518642849463679	-1.23422650440725	-0.18459545730068702
VUILD78MA_150_13_15	VUILD78MA	VUILD78	fold_1	macrophage_profibrotic	POOLED	2.55298750510873	1.6366960215511221	2.1543084028934856	1.9164937024267703	2.147755294849342	2.19647303348259	2.105784018070833	1.6366956752506074	2.365496748444094	1.974971889087712	2.285912384174198	1.7645667694624985	0.6364938026819595	0.14903133857264125
VUILD78MA_150_13_18	VUILD78MA	VUILD78	fold_1	macrophage_profibrotic	POOLED	2.60449635999792	1.6367033865314955	2.7380611678291844	2.52093969960465	2.3693659944838963	2.546602592588089	2.023609874448939	1.6367052812987044	2.648266478725639	2.3282789101537187	2.379685698348137	2.284108317766332	0.08355666039327003	0.06109545578315493
VUILD78MA_150_14_15	VUILD78MA	VUILD78	fold_1	macrophage_profibrotic	POOLED	1.36117739855286	1.636698805652943	1.60234744556037	1.7985887625824792	2.1925142334238092	2.1305744852170165	2.4203545103983855	1.6367005429449173	1.9910832333263309	1.877640023266713	2.014092062692916	1.7598256976693545	-0.43741136402961933	0.14033178762912374
VUILD78MA_150_14_16	VUILD78MA	VUILD78	fold_1	macrophage_profibrotic	POOLED	2.3985164906949	1.6367012606464009	1.8132912672333532	1.8945813423649454	1.9414004248571317	1.9855855458118403	2.1158574558317267	1.6367037449609496	2.427819035568717	2.0034701516623596	2.1935667952821825	2.120787369353815	0.5039351483299548	0.015446801421792881
VUILD78MA_150_14_18	VUILD78MA	VUILD78	fold_1	macrophage_profibrotic	POOLED	2.75230403843768	1.6367061706333164	3.271444080260233	3.053608339608223	2.57251032344307	2.7338987562049204	2.2162282407452203	1.6367101489930143	2.860008357893256	2.7925852013829053	2.448084211055128	2.757246573051782	-0.3013043011705432	0.08913768733228977
VUILD78MA_150_15_13	VUILD78MA	VUILD78	fold_1	macrophage_profibrotic	POOLED	2.71087627071485	1.6366966797678484	2.3213531701347745	2.3140531882642903	2.4946583100387394	2.564174958531574	2.2686738616924567	1.6366990066071623	2.4745930330529973	2.4513650018211592	2.420677729734514	2.510894809840045	0.39682308245055964	0.15827753004074013
VUILD78MA_150_15_14	VUILD78MA	VUILD78	fold_1	macrophage_profibrotic	POOLED	2.10356377838191	1.6366991347613062	2.126331749474807	2.1453843375657766	2.390577296717869	2.4492309104238217	2.679212438076452	1.6367022086231946	2.109031832040551	2.0995100567993883	2.1013996433966846	2.0107974102592596	-0.041820559183866735	0.1436466255470066
VUILD78MA_150_15_15	VUILD78MA	VUILD78	fold_1	macrophage_profibrotic	POOLED	2.16770021170354	1.6367015897547639	2.2893556587741495	2.286797453886238	2.7219556634537	2.760457110879062	3.3771563814179384	1.636705410639227	2.11220521935217	2.5425258745302566	2.1130678073145797	2.466438104104642	-0.1190972421826979	0.2141020728872011
VUILD78MA_150_15_16	VUILD78MA	VUILD78	fold_1	macrophage_profibrotic	POOLED	2.4073256845359	1.6367040447482217	2.756557339616293	2.7557217558446423	2.266686401645674	2.415216715709615	2.809344955967533	1.6367086126552592	2.4322700171916143	2.5236962022052136	2.3287077112662056	2.384777832739615	-0.3483960713087422	0.19280651213319616
VUILD78MA_150_15_19	VUILD78MA	VUILD78	fold_1	macrophage_profibrotic	POOLED	2.44939893447295	1.636711409728595	3.090748627531819	2.9028476231331615	2.1613409739619005	2.3931417117766234	2.3124994354055026	1.6367182187033562	2.5984110790793906	1.9467530150799601	2.112954339801883	1.7458504335302085	-0.4534486886602114	0.005569781113166243
VUILD78MA_150_15_20	VUILD78MA	VUILD78	fold_1	macrophage_profibrotic	POOLED	2.75673555400665	1.636713864722053	2.2049578478058303	2.4136993051539726	2.0897237155548827	2.212916975940402	2.1449338802110534	1.6367214207193885	2.617580981044221	2.0837006941597873	2.3884121546576877	1.9011243742486257	0.34303624885267725	0.07492263466182739
VUILD78MA_150_15_3	VUILD78MA	VUILD78	fold_1	macrophage_profibrotic	POOLED	2.37809100665248	1.6366721298332703	2.2489354717013237	2.3917850243278043	1.6025688188193816	1.7731608753743893	1.586744828921179	1.636666986446839	2.1767614768544647	1.7379243207639834	1.827520314785485	1.5747520991614947	-0.01369401767532441	-0.04809494269482166
VUILD78MA_150_15_6	VUILD78MA	VUILD78	fold_1	macrophage_profibrotic	POOLED	1.94459273714193	1.6366794948136436	2.252502490765018	2.372757415979857	2.219679828850229	2.334612060753553	2.4923335720412396	1.636676592494936	2.2734507837838542	2.20998623914343	2.1756851374761372	2.1625465375170165	-0.42816467883792675	0.08001353992919807
VUILD78MA_150_15_8	VUILD78MA	VUILD78	fold_1	macrophage_profibrotic	POOLED	1.93646551880235	1.6366844048005593	2.060984858367502	2.079285450397221	2.052501437106285	2.155543847128822	2.8794530713275917	1.6366829965270007	2.2586396902257677	2.013216376739409	2.1188279113809174	1.7906258372772699	-0.14281993159487083	0.11832766136376288
VUILD78MA_150_16_15	VUILD78MA	VUILD78	fold_1	macrophage_profibrotic	POOLED	2.84996890325293	1.636704373856585	2.5718875475142258	2.594506978490097	3.2959101571122065	3.3095184515100042	3.9826191952295957	1.6367102783335366	3.0449231844391598	3.1122852563692955	3.019281676156747	3.091642741380004	0.2554619247628329	0.2722798278469803
VUILD78MA_150_16_16	VUILD78MA	VUILD78	fold_1	macrophage_profibrotic	POOLED	2.76214972836522	1.6367068288500428	2.3347078301903528	2.33078410079835	2.6964844786020787	2.754147200850538	2.578148041718414	1.6367134803495689	2.5657532818984565	2.7294379624447873	2.619764499005133	2.7142515698073675	0.43136562756687	0.17885136898554926
VUILD78MA_150_16_18	VUILD78MA	VUILD78	fold_1	macrophage_profibrotic	POOLED	1.59207633575486	1.6367117388369583	2.2263601218635194	2.156375927652393	2.721360563310244	2.6717676215688426	2.777343030754185	1.6367198843816335	2.2859304906060043	2.416448551583958	2.164890490057986	2.3956354030754805	-0.5642995918975329	0.13540951645052893
VUILD78MA_150_16_19	VUILD78MA	VUILD78	fold_1	macrophage_profibrotic	POOLED	2.2013913943889	1.6367141938304162	2.384014137097514	2.5751544251555094	2.3130882574415454	2.4730571309791185	2.3594571747114643	1.6367230863976658	2.6097865019781326	2.265029830035122	2.279326667387124	2.1730946164558387	-0.37376303076660955	0.1301984420034188
VUILD78MA_150_16_20	VUILD78MA	VUILD78	fold_1	macrophage_profibrotic	POOLED	2.25475995730072	1.636716648823874	2.4975890314465192	2.4955735643351713	2.0488370300353087	2.2022974162940674	2.0977180763373897	1.6367262884136982	2.4424777086557086	1.9824912318832077	2.0664348699485857	1.8388480876171793	-0.24081360703445132	0.05395398997160051
VUILD78MA_150_17_15	VUILD78MA	VUILD78	fold_1	macrophage_profibrotic	POOLED	2.53994841732634	1.6367071579584058	2.4605950289824916	2.5848761702913277	3.0128975502618327	3.0069792763827565	3.490243253613979	1.6367151460278464	3.094286755157838	2.791298878979231	2.890278769970046	2.731252671151806	-0.04492775296498763	0.27769926553027857
VUILD78MA_150_17_16	VUILD78MA	VUILD78	fold_1	macrophage_profibrotic	POOLED	2.80284834394363	1.6367096129518637	3.3072221278868	3.2304436914275825	3.229013785158082	3.351900256690164	3.298648111472983	1.6367183480438787	3.514350566973861	3.2827019317384174	3.1700060036167654	3.4044303992855327	-0.42759534748395245	0.263828436258193
VUILD78MA_150_17_19	VUILD78MA	VUILD78	fold_1	macrophage_profibrotic	POOLED	2.47249033132346	1.636716977932237	2.3344626568868536	2.4027051853878305	1.8603898117818654	2.054832958825576	1.907071836735176	1.6367279540919757	2.571276423480584	2.1720939969699704	2.291989901395004	2.039202538241851	0.06978514593562934	0.002697620013230581
VUILD78MA_150_17_20	VUILD78MA	VUILD78	fold_1	macrophage_profibrotic	POOLED	1.73065917238206	1.6367194329256949	2.3692545677487526	2.5248304089435907	2.301099626993236	2.4154469932188585	1.931728026835114	1.636731156108008	2.731998822238854	2.3839284127978195	2.523848704634818	2.225300566612184	-0.7941712365615308	0.0879103142743391
VUILD78MA_150_18_14	VUILD78MA	VUILD78	fold_1	macrophage_profibrotic	POOLED	2.52216342254086	1.636707487066769	2.397935072386833	2.448631465690267	2.291144885571788	2.3936317186435767	3.2864686547106423	1.6367168117061237	2.4577585248356395	2.3261342980895234	2.307572385862899	2.1936274717852564	0.073531956850593	0.08555874040100264
VUILD78MA_150_18_20	VUILD78MA	VUILD78	fold_1	macrophage_profibrotic	POOLED	2.09391686986417	1.6367222170275157	2.5901919292521107	2.458023242271562	1.711325201016345	1.9304330666832008	1.7512300298034564	1.6367360238023176	2.3089811452369626	1.753604393430746	2.0856407875537197	1.5218125367410924	-0.3641063724073921	-0.008785313311197359
VUILD78MA_150_19_14	VUILD78MA	VUILD78	fold_1	macrophage_profibrotic	POOLED	1.69484878706334	1.63671027116859	2.0081166749510606	2.0019939300864635	1.9525018355004964	2.010402500081287	3.0593116659188393	1.6367216794004333	2.3224141864306294	2.2712799000191124	2.2933203723533486	2.2678007900427217	-0.30714514302312357	0.06052358105755425
VUILD78MA_150_19_19	VUILD78MA	VUILD78	fold_1	macrophage_profibrotic	POOLED	2.4382313104781	1.636722546135879	3.132081793577794	2.8729244843605795	2.924274984925129	2.9911738172235878	2.940969135854419	1.636737689480595	3.1736076304340486	3.0398417185736077	2.910410489432304	3.086697045349684	-0.4346931738824793	0.13643106125787022
VUILD78MA_150_20_13	VUILD78MA	VUILD78	fold_1	macrophage_profibrotic	POOLED	1.96591373624325	1.6367106002769531	1.8163134221783273	1.8823767877619124	1.795018608689557	1.883669708807012	2.31504198124585	1.6367233450787109	2.1523565683168586	1.8347484760518729	1.9718937133436407	1.7731654886854047	0.08353694848133753	0.04957065128585201
VUILD78MA_150_20_15	VUILD78MA	VUILD78	fold_1	macrophage_profibrotic	POOLED	3.05461013858208	1.6367155102638686	2.588668950361128	2.619410433025399	2.8272818087834426	2.926436529130778	3.710030024066698	1.6367297491107755	2.5800644231455148	2.814373260704852	2.3698611002094006	2.816285686537654	0.43519970555668097	0.18412298997576504
VUILD78MA_150_20_16	VUILD78MA	VUILD78	fold_1	macrophage_profibrotic	POOLED	2.38604340420335	1.6367179652573265	2.0974952367834048	2.072506432986083	1.821443355123006	1.9989815812884402	2.613138429578693	1.6367329511268078	2.4040754197979677	1.9927258418013918	2.1484815929163057	1.8650179168088437	0.31353697121726665	0.04453699017629712
VUILD78MA_150_20_19	VUILD78MA	VUILD78	fold_1	macrophage_profibrotic	POOLED	2.97107143437232	1.6367253302376998	2.925208852813211	2.8767349363666175	2.448183485032181	2.6623907861552594	3.1536665802373833	1.6367425571749048	2.305468405797007	2.578753046390693	2.1727386689712005	2.395956147551174	0.09433649800570265	0.16462983239550666
VUILD78MA_150_21_14	VUILD78MA	VUILD78	fold_1	macrophage_profibrotic	POOLED	1.81597339973468	1.6367158393722319	1.9664706263946143	2.091712766240108	2.262686243301887	2.2891141834382793	2.079419921626021	1.6367314147890528	2.2429744407775187	2.2667720285422917	2.1729991841239027	2.3140030272419234	-0.27573936650542796	0.10889594301264222
VUILD78MA_150_21_15	VUILD78MA	VUILD78	fold_1	macrophage_profibrotic	POOLED	2.87638061860993	1.6367182943656897	2.679227038100856	2.745959638977647	2.505236340958746	2.613398866000683	2.992841897163077	1.6367346168050851	2.791987815292703	2.8869782091569967	2.507041309894578	2.9201866730484802	0.13042097963228327	0.1613953966400638
VUILD78MA_150_21_16	VUILD78MA	VUILD78	fold_1	macrophage_profibrotic	POOLED	2.23694053863448	1.6367207493591474	2.43549707850822	2.461496662473907	2.0070174274256916	2.144640499087447	1.7864098938776898	1.6367378188211175	2.250403396651311	2.100816153150961	1.936980003828829	1.977059882443539	-0.22455612383942736	0.04736944933798252
VUILD78MA_150_21_17	VUILD78MA	VUILD78	fold_1	macrophage_profibrotic	POOLED	2.39767091849139	1.6367232043526052	2.300968779448715	2.375812580237573	2.1929180027709827	2.3677374593461664	2.296539911047805	1.6367410208371498	2.6555312376628533	2.435822321174612	2.5168287603210073	2.409437312331769	0.02185833825381689	0.13175078483268057
VUILD78MA_150_21_5	VUILD78MA	VUILD78	fold_1	macrophage_profibrotic	POOLED	2.81154435992548	1.6366937444311116	2.3576764203618192	2.3912879908836935	2.25122883325705	2.431652776524553	1.7224467879212577	1.636702596644762	2.2113474780312767	2.0566708447561224	2.0868683124818546	1.7956002792192027	0.42025636904178665	0.14986499712799892
VUILD78MA_150_22_14	VUILD78MA	VUILD78	fold_1	macrophage_profibrotic	POOLED	2.69841949712562	1.6367186234740527	2.3506736531432657	2.312001149725426	2.444868358905103	2.5548272926274387	3.1660106178809575	1.6367362824833624	2.8855508471917792	2.7188975316008865	2.6358466617965846	2.702777176087443	0.3864183474001943	0.1839320692906154
VUILD78MA_150_22_15	VUILD78MA	VUILD78	fold_1	macrophage_profibrotic	POOLED	2.9513300151933	1.6367210784675106	2.117065939174522	2.1551215454378743	2.3919688064215614	2.4266309127708894	2.7479830413534927	1.6367394844993948	2.539821594138992	2.3075853417655967	2.470125904330562	2.333333201977984	0.7962084697554257	0.12573837704922422
VUILD78MA_150_22_16	VUILD78MA	VUILD78	fold_1	macrophage_profibrotic	POOLED	2.45749662070727	1.6367235334609684	2.206582128439976	2.3333729195145194	2.44542965758378	2.4587946613019893	2.041637884237913	1.636742686515427	2.386810812546245	2.415413305909116	2.4327779375687735	2.475202718051009	0.12412370119275051	0.11624073818950004
VUILD78MA_150_22_18	VUILD78MA	VUILD78	fold_1	macrophage_profibrotic	POOLED	1.20379811547088	1.636728443447884	2.066275556363157	2.1042156110115267	1.9099167460741044	1.9871319109129693	2.423835749873897	1.6367490905474917	2.009541855252032	1.7774555878712586	1.80545991270806	1.7329612153844312	-0.9004174955406468	0.006042367085097269
VUILD78MA_150_22_5	VUILD78MA	VUILD78	fold_1	macrophage_profibrotic	POOLED	2.70586085422096	1.6366965285329325	2.1781397407807246	2.2794661365785744	1.9114765018210713	2.1303507675212088	1.369900161981895	1.6367074643390718	2.694418246729178	2.110447910254232	2.3432071986603886	2.0887743803257295	0.4263947176423857	0.06147334857072493
VUILD78MA_150_22_8	VUILD78MA	VUILD78	fold_1	macrophage_profibrotic	POOLED	1.80837151743009	1.6367038935133058	2.190204787987356	2.238508596682995	2.5477290407545063	2.5472934554676847	1.7326770455045657	1.6367170703871687	2.3219474200140695	2.5358018418216997	2.3274867277525124	2.7098677238769078	-0.4301370792529049	0.14228559925205395
VUILD78MA_150_23_14	VUILD78MA	VUILD78	fold_1	macrophage_profibrotic	POOLED	2.15780999997248	1.6367214075758738	2.013169420592697	2.128088329700765	1.8658059316987103	1.9321236639439998	1.7487719056265414	1.6367411501776723	1.903833433710297	2.0967969705021585	1.7949180525132973	2.0665121657769943	0.029721670271714906	0.12098192341800679
VUILD78MA_150_4_12	VUILD78MA	VUILD78	fold_1	macrophage_profibrotic	POOLED	1.92395238181057	1.6366635996543601	1.866318717110855	2.0014308081567935	1.7708171290927885	1.9030891585479854	1.9399640661386486	1.6366422599537231	2.139083334689545	2.0460947579730173	1.798192375660728	1.992578181422549	-0.0774784263462236	0.0032989382021585967
VUILD78MA_150_4_13	VUILD78MA	VUILD78	fold_1	macrophage_profibrotic	POOLED	1.59293676783405	1.636666054647818	1.727975857330626	1.8070812355241033	1.5837014624285224	1.6985779598791062	2.0048914185804225	1.6366454619697555	1.8197713000432132	1.724719144769505	1.6283194299146597	1.5286526207473503	-0.21414446769005324	-0.006848119230520262
VUILD78MA_150_5_10	VUILD78MA	VUILD78	fold_1	macrophage_profibrotic	POOLED	2.65103023013864	1.6366614737692655	2.3058041002817764	2.441209001724853	2.7730442846365984	2.751865772234784	2.5650992559296677	1.6366407236159684	2.6540950995056534	2.6911595242768596	2.5949144992432736	2.6995669215729095	0.20982122841378725	0.11652660797488151
VUILD78MA_150_5_11	VUILD78MA	VUILD78	fold_1	macrophage_profibrotic	POOLED	3.47273606978243	1.6366639287627234	2.6893697731594766	2.6020483700249466	2.959575451473402	3.011761657261523	3.245403946577212	1.6366439256320007	3.202424682364681	2.8899762651466494	3.084079943252108	2.90476217307641	0.8706876997574833	0.1993774723510936
VUILD78MA_150_5_12	VUILD78MA	VUILD78	fold_1	macrophage_profibrotic	POOLED	2.90973403629214	1.636666383756181	2.768803848572981	2.718620392962894	3.0581446072442455	3.062429758981887	3.2746184045699076	1.636647127648033	3.0006370375972846	2.6746493746157944	3.1055317690992528	2.5929537691931106	0.19111364332924596	0.15965640898950967
VUILD78MA_150_5_13	VUILD78MA	VUILD78	fold_1	macrophage_profibrotic	POOLED	3.14638741191159	1.6366688387496389	2.128752220591072	2.0002957518432964	2.1670210366316547	2.344320347422493	2.755150667503934	1.6366503296640653	2.4854611548953742	2.2278333504354766	2.227332033921061	2.0685244565728755	1.1460916600682935	0.1576046120671227
VUILD78MA_150_5_8	VUILD78MA	VUILD78	fold_1	macrophage_profibrotic	POOLED	2.56752499778819	1.6366565637823498	1.8445241024081451	1.860184025919546	2.147244079399793	2.1623799308215075	2.3809916325829987	1.6366343195839037	1.8523126810814847	2.1607062845355482	1.9982010153977803	2.1752521094685644	0.7073409718686441	0.1339496218695716
VUILD78MA_150_5_9	VUILD78MA	VUILD78	fold_1	macrophage_profibrotic	POOLED	2.82432170561775	1.6366590187758077	1.9994850302547604	2.0290600247718835	2.1243796504270964	2.1799608968056297	2.727915578227684	1.636637521599936	2.170373955219097	2.2457945206787526	2.10204044403099	2.215402954209792	0.7952616808458663	0.1792648332742057
VUILD78MA_150_6_12	VUILD78MA	VUILD78	fold_1	macrophage_profibrotic	POOLED	1.80735775626287	1.636669167858002	2.34999981558385	2.3004767537827244	2.3130274870216514	2.341491250085305	2.0743257016828944	1.6366519953423426	2.4486484751534525	2.300632900259754	2.235588457985155	2.272358115273917	-0.49311899751985444	0.06357501076705818
VUILD78MA_150_6_7	VUILD78MA	VUILD78	fold_1	macrophage_profibrotic	POOLED	2.04713490076019	1.636656892890713	2.0022703212877224	2.0351428380967582	1.9987485554373974	2.072868867812099	2.09028506438093	1.636635985262181	2.201636181530999	2.1195287459101597	2.281446590545807	1.9740125808412197	0.011992062663431557	0.057993500138530475
VUILD78MA_150_6_8	VUILD78MA	VUILD78	fold_1	macrophage_profibrotic	POOLED	2.00388660621269	1.636659347884171	1.8921135247672218	2.018683542546402	2.1996678931400773	2.2946967658018105	2.162829894561021	1.6366391872782133	2.3507336294743357	2.2850699856295327	2.233328921519064	2.2896763095881787	-0.01479693633371193	0.1655994354139424
VUILD78MA_150_6_9	VUILD78MA	VUILD78	fold_1	macrophage_profibrotic	POOLED	1.91850395487924	1.6366618028776285	2.0571917765409875	2.0480822227099016	2.318624796853634	2.3469436004893076	2.5773419518366047	1.6366423892942457	2.249256321380888	2.4279914227126427	2.2987276606640386	2.5302650955481574	-0.12957826783066162	0.18170995455580372
VUILD78MA_150_7_11	VUILD78MA	VUILD78	fold_1	macrophage_profibrotic	POOLED	1.68130391463861	1.636669496966365	2.0636335154258187	1.9728133056563932	1.668705370733897	1.8529952036942199	2.2514754107501735	1.63665366102062	2.23749428417766	2.008453298814615	2.1287574793194124	1.8713148761401204	-0.2915093910177833	0.1071568993064616
VUILD78MA_150_7_13	VUILD78MA	VUILD78	fold_1	macrophage_profibrotic	POOLED	1.74703318268702	1.6366744069532808	2.1614089892448543	2.2745047279987736	2.1339743469205317	2.2635211570983964	2.0293746748374715	1.6366600650526846	2.47173277865667	2.2143984172420854	2.222521469495057	2.123004966531167	-0.5274715453117536	0.1355875848704654
VUILD78MA_150_7_14	VUILD78MA	VUILD78	fold_1	macrophage_profibrotic	POOLED	1.32348311740916	1.6366768619467387	2.133686743429645	2.215658536043796	1.9012884751518517	2.0698431989603945	2.292201484591028	1.636663267068717	2.3021509502208426	2.0506229410234598	1.919961621012171	1.9641844402945257	-0.892175418634636	0.09416314691687797
VUILD78MA_150_7_15	VUILD78MA	VUILD78	fold_1	macrophage_profibrotic	POOLED	1.84984842756798	1.6366793169401963	1.9957886545083499	1.9973206920419386	1.8594431715436408	1.9361164373360424	2.0825812726394695	1.6366664690847492	1.9913223249596408	2.038955284588675	2.0452877038656614	1.9190191129600092	-0.14747226447395856	0.11187347165605804
VUILD78MA_150_7_7	VUILD78MA	VUILD78	fold_1	macrophage_profibrotic	POOLED	1.38499793392052	1.636659676992534	2.1280758062710614	2.1542287856569704	2.295636443113243	2.3031070519565726	2.201525595059907	1.6366408529564909	2.4209032848344005	2.2194456645506557	2.3907018584493107	2.087634713639342	-0.7692308517364503	0.17345469158770033
VUILD78MA_150_7_8	VUILD78MA	VUILD78	fold_1	macrophage_profibrotic	POOLED	1.8154553438398	1.6366621319859918	2.2836609153949796	2.2943463796816026	2.3498268822597312	2.3780525443064193	2.398913186092904	1.636644054972523	2.262424256543006	2.487618971544288	2.2776621236667527	2.4278737878927017	-0.4788910358418026	0.1506108314140709
VUILD78MA_150_8_12	VUILD78MA	VUILD78	fold_1	macrophage_profibrotic	POOLED	1.38227550486013	1.6366747360616438	1.962825877655876	2.019124554365451	1.904622136386051	2.0234288819880013	1.983715785691699	1.636661730730962	2.2800996023155586	2.147165727893908	2.035498801509972	2.101855007062614	-0.636849049505321	0.09657855603636042
VUILD78MA_150_8_9	VUILD78MA	VUILD78	fold_1	macrophage_profibrotic	POOLED	1.94566751386223	1.6366673710812705	1.9439409315233318	1.9556849048805636	1.8667117439244623	1.9308193191421381	2.369154262409893	1.6366521246828651	2.346854440829542	1.8664514853055012	2.260596244423419	1.7660404860015932	-0.010017391018333655	0.15431163109931906
VUILD78MA_150_9_10	VUILD78MA	VUILD78	fold_1	macrophage_profibrotic	POOLED	2.20049215296512	1.6366726101765492	2.213953562091536	2.2706013406970262	2.2207253497218407	2.3218294315388817	2.4639367282407187	1.636660194393207	2.3546356752971467	2.3798262227894966	2.1919367456819066	2.29273156431307	-0.07010918773190644	0.1687985269716319
VUILD78MA_150_9_11	VUILD78MA	VUILD78	fold_1	macrophage_profibrotic	POOLED	2.17709565686861	1.636675065170007	2.094448915706298	2.1978403732381633	2.5699047100504986	2.533925334313941	2.167793065989253	1.6366633964092394	2.5026653144506055	2.3579086290594873	2.441172680317552	2.4907322043806017	-0.020744716369553107	0.1462370603537192
VUILD78MA_150_9_12	VUILD78MA	VUILD78	fold_1	macrophage_profibrotic	POOLED	2.34828664160322	1.636677520163465	2.96177012383186	2.925631521858948	2.3745125978246038	2.5492125165896162	2.3872425251580585	1.6366665984252717	3.0398819410044675	2.3862702062172003	2.51883314502373	2.190639048771926	-0.5773448802557279	0.09415356786765461
VUILD78MA_150_9_13	VUILD78MA	VUILD78	fold_1	macrophage_profibrotic	POOLED	2.02211086585585	1.6366799751569228	2.7390279256214143	2.696703778735124	2.3752977298501	2.552132154293376	2.2385676342042613	1.636669800441304	2.675409827021231	2.328165910689801	2.2070113894747263	2.188280926769636	-0.6745929128792736	0.10978601516685027
