region_id	sample_id	donor_id	fold	target	analysis_stratum	observed	M0_pred	M1_pred	M2_pred	M3_pred	M4_pred	color_pred	coordinate_pred	grayscale_pred	macenko_pred	M3_grayscale_pred	M3_macenko_pred	heldout_base_residual	morphology_predicted_residual
TILD117LA_150_10_10	TILD117LA	TILD117	fold_5	macrophage_profibrotic	POOLED	4.25989120940944	1.5439849956769187	2.4092661891388985	2.4662639578245407	2.20334397230834	2.302660726527574	2.26792836623462	1.5439682623665507	2.3709677397311983	2.1796138374950766	2.088988242576681	1.9860068388074286	1.793627251584899	0.10428211193779785
TILD117LA_150_10_15	TILD117LA	TILD117	fold_5	macrophage_profibrotic	POOLED	2.11742001517341	1.5439969291654425	1.5649758980070048	1.63282442910491	2.0811632448238155	2.0012354529533884	2.268801284048177	1.5439864663721674	1.9233687280834268	1.9017501169521787	2.0379305556766623	1.9099258040875315	0.48459558606850006	0.04332495874932174
TILD117LA_150_11_12	TILD117LA	TILD117	fold_5	macrophage_profibrotic	POOLED	1.55933528532042	1.5439922807397195	1.2649546711319166	1.3202242716977959	1.5708705751654137	1.5079845573284758	2.115272963212635	1.5439799336608764	1.3885856630918676	1.40649219924684	1.4294463907413046	1.422888380579592	0.2391110136226242	0.024895342077836474
TILD117LA_150_11_15	TILD117LA	TILD117	fold_5	macrophage_profibrotic	POOLED	2.95270732152054	1.5439994408328337	3.7422865312505147	3.6955998280517255	2.66931873603094	3.0611745101879326	2.267894010334051	1.5439908560642464	2.974387479415554	2.893608535435571	2.376778876304518	2.4636921876910733	-0.7428925065311853	0.05861063440267246
TILD117LA_150_11_16	TILD117LA	TILD117	fold_5	macrophage_profibrotic	POOLED	3.63420093551413	1.5440018275305385	2.1573232415236174	2.3082814511258247	2.2924217189854192	2.2408376322436565	2.127614291884849	1.5439944968653696	1.8384448894612369	2.1871781201134644	1.933839955617858	2.2525298070592354	1.3259194843883053	0.10435639080479737
TILD117LA_150_11_17	TILD117LA	TILD117	fold_5	macrophage_profibrotic	POOLED	1.50813466120235	1.5440042142282433	1.676198803321744	1.6795341069940983	1.6118234488442311	1.5821408507401962	1.8220884182648138	1.543998137666493	1.8121130494712103	1.500208510615976	1.9158118637657156	1.562129699075646	-0.17139944579174826	0.04363439145212046
TILD117LA_150_11_7	TILD117LA	TILD117	fold_5	macrophage_profibrotic	POOLED	2.23949879015025	1.5439803472511957	1.877319276113479	1.8902360660334212	1.5987916185065165	1.6769104386109697	1.5237457532364962	1.5439617296552597	1.5013331742900111	1.353898440137607	1.4187877526387305	1.1895166938004826	0.3492627241168287	0.011686256659565613
TILD117LA_150_12_12	TILD117LA	TILD117	fold_5	macrophage_profibrotic	POOLED	2.07538247064123	1.5439947924071107	1.965951827839632	1.9281376185152592	1.664779862376449	1.6855197118144094	1.8068861896057122	1.5439843233529553	1.5647997754254046	1.6686842255142103	1.581932326334104	1.6735288501577732	0.1472448521259706	0.06142264639540812
TILD117LA_150_12_13	TILD117LA	TILD117	fold_5	macrophage_profibrotic	POOLED	1.63927733193857	1.5439971791048153	1.7699689197622346	1.69913077854119	1.196690149410957	1.2830065225127472	1.7503709125435443	1.5439879641540786	1.4614424803223827	1.4499395820272336	1.446326387209399	1.4515967553379707	-0.05985344660261993	0.02094552988532075
TILD117LA_150_12_14	TILD117LA	TILD117	fold_5	macrophage_profibrotic	POOLED	2.0634644423925	1.54399956580252	1.5230866729916956	1.667349688026071	1.3460126898361489	1.3774450878834998	1.760090072300292	1.543991604955202	1.0718176404903985	1.3286191490643582	1.0714289862543553	1.3554829109323987	0.3961147543664292	0.021102330568885955
TILD117LA_150_12_7	TILD117LA	TILD117	fold_5	macrophage_profibrotic	POOLED	1.95232875443875	1.5439828589185869	1.5091065841901306	1.571015550185154	1.490710757788215	1.4528727618682595	1.7605751637603602	1.5439661193473386	1.319468355644937	1.351325832571142	1.4492790705956895	1.4540015094040546	0.38131320425359605	0.02048157596544138
TILD117LA_150_12_8	TILD117LA	TILD117	fold_5	macrophage_profibrotic	POOLED	2.48805286989548	1.5439852456162915	1.7773271374787494	1.8228349610468866	2.223258545836625	2.1167506574108916	1.7007625889989864	1.543969760148462	2.0756953578194475	1.8765673147746513	2.0320315118059447	1.9272419998424621	0.6652179088485932	0.046321804401805416
TILD117LA_150_13_11	TILD117LA	TILD117	fold_5	macrophage_profibrotic	POOLED	1.5604352099331	1.5439949173767968	1.8637353462616981	1.7748702993583754	1.5637144841380946	1.708647505700784	1.9851546559111508	1.5439850722439108	1.394464487967785	1.5404296848405525	1.2344543182396497	1.4044636738742182	-0.21443508942527534	-0.012236358349521031
TILD117LA_150_13_12	TILD117LA	TILD117	fold_5	macrophage_profibrotic	POOLED	1.81476153302639	1.5439973040745016	1.5593647335953182	1.5934141266619637	0.7269687742972273	0.9716362774394796	1.2591798624660084	1.5439887130450343	1.0251557650809242	1.2078842066352282	0.845252799706306	1.061378161480582	0.2213474063644263	-0.09310508346435144
TILD117LA_150_13_13	TILD117LA	TILD117	fold_5	macrophage_profibrotic	POOLED	1.12531877941972	1.5439996907722064	1.096233535704525	1.21155335597699	0.7229867664630623	0.7908325317662565	1.3812279179417353	1.5439923538461575	0.7810032030840373	0.8777203109902897	0.8018740330533489	0.8819235118225037	-0.08623457655727007	-0.08048165863991827
TILD117LA_150_13_14	TILD117LA	TILD117	fold_5	macrophage_profibrotic	POOLED	0.925325792322125	1.5440020774699112	1.3227127010848991	1.2672942126330087	1.2129196503331547	1.0535972110678915	1.5890729246207806	1.5439959946472808	1.0255489903934762	0.9704520045545751	1.239763298720018	1.1337825817166114	-0.3419684203108837	-0.04381415460296146
TILD117LA_150_13_18	TILD117LA	TILD117	fold_5	macrophage_profibrotic	POOLED	1.1011146380702	1.5440116242607302	1.5955485115443828	1.6573271614338432	1.8652285538473652	1.7876463866359702	2.4698795398842504	1.5440105578517742	1.9560029601915838	1.804707731866638	2.158640117114824	1.8546892013260607	-0.5562125233636432	0.04408922779449295
TILD117LA_150_13_3	TILD117LA	TILD117	fold_5	macrophage_profibrotic	POOLED	1.05938080214821	1.5439758237951589	0.7472440496989514	0.8053785265456631	1.3912077032254646	1.1022324343444307	0.7347149926756967	1.5439559458349243	1.1162275109486344	1.052162422414405	1.4798371597952935	1.3218140238470468	0.25400227560254696	-0.024412959152984734
TILD117LA_150_13_9	TILD117LA	TILD117	fold_5	macrophage_profibrotic	POOLED	2.3660460595669	1.5439901439813875	1.5296007698113123	1.583351828843134	2.082820638601654	1.9230835841442748	2.0596477676501777	1.5439777906416643	1.8628090264912274	1.5743936600600172	1.937839687677503	1.7332221362693532	0.7826942307237661	0.07078477857616845
TILD117LA_150_14_11	TILD117LA	TILD117	fold_5	macrophage_profibrotic	POOLED	1.97784602282341	1.543997429044188	1.8420284349092386	1.9572238776459412	1.7126757318899208	1.7870111734538467	1.8525449596782595	1.5439894619359897	1.792507992155519	1.7285587668962612	1.618834751094245	1.5957566873733502	0.020622145177468854	0.0847039868776612
TILD117LA_150_14_12	TILD117LA	TILD117	fold_5	macrophage_profibrotic	POOLED	1.70189279641634	1.5439998157418928	2.370763936176184	2.294387534604982	1.8098130176519165	1.945471806671207	1.7042499164502236	1.5439931027371132	1.943679317051602	2.018480549793649	1.8456897178266634	1.898759734682189	-0.5924947381886421	0.021426157827493603
TILD117LA_150_14_15	TILD117LA	TILD117	fold_5	macrophage_profibrotic	POOLED	0.648004624193682	1.544006975835007	1.5900934873550119	1.5680152453606317	1.5130213606371654	1.4593411746590452	2.108474182581049	1.5440040251404832	1.1936917846494863	1.6346922053854065	1.3303613998178407	1.8047800406229322	-0.9200106211669498	0.021869026293988562
TILD117LA_150_14_19	TILD117LA	TILD117	fold_5	macrophage_profibrotic	POOLED	1.36713769188292	1.5440165226258262	1.353309719571422	1.3550960565910406	0.8580358195451058	0.8083626012234402	1.5754684288419956	1.5440185883449764	1.1505168458474024	0.9396008958165798	1.126525688494744	1.079869944615831	0.012041635291879293	-0.13518940631489482
TILD117LA_150_14_3	TILD117LA	TILD117	fold_5	macrophage_profibrotic	POOLED	2.37984278684971	1.54397833546255	1.7654190559695666	1.6748063067821175	1.8335519501790911	1.619629041049489	1.4758671908567078	1.5439603355270033	1.2329771407285255	1.4369547944524195	1.5386424908835636	1.6333627976321814	0.7050364800675923	0.00015481957032747323
TILD117LA_150_14_4	TILD117LA	TILD117	fold_5	macrophage_profibrotic	POOLED	1.19495450436882	1.5439807221602548	0.8667632694249428	0.9700188552672513	1.2538290283865114	1.0143291921940403	1.5829806210179043	1.5439639763281265	1.128563340490406	0.7695947114347998	1.444312409687432	0.9092474119275792	0.2249356491015686	-0.018936588201805424
TILD117LA_150_15_12	TILD117LA	TILD117	fold_5	macrophage_profibrotic	POOLED	1.2593795699163	1.544002327409284	1.612733426755878	1.6005116168125157	1.785017573976393	1.7905352247128967	1.790672463215111	1.5439974924291922	1.7829674255652848	1.9637995087028781	1.7980602483278896	1.9850348754016884	-0.3411320468962158	0.02004655638254392
TILD117LA_150_15_19	TILD117LA	TILD117	fold_5	macrophage_profibrotic	POOLED	0.95892738344927	1.5440190342932172	0.9597914989615857	1.1236375578275886	1.3362313844636533	1.1948643119731335	1.2906235458995958	1.5440229780370553	0.9785657847344373	1.0441064127868398	1.0250505331102455	1.1382455539267635	-0.16471017437831859	-0.10786554298448622
TILD117LA_150_15_20	TILD117LA	TILD117	fold_5	macrophage_profibrotic	POOLED	0.508280891214134	1.544021420990922	1.2874457633318064	1.408778781521039	1.4413949200196026	1.2910146351622303	1.631576286499373	1.5440266188381786	1.4407124342494453	1.3734782806319983	1.6230050176743431	1.4735468842893047	-0.9004978903069051	-0.08586629469749968
TILD117LA_150_15_3	TILD117LA	TILD117	fold_5	macrophage_profibrotic	POOLED	1.83641326921286	1.5439808471299412	2.7330190444190166	2.625109202788182	2.120097610097792	2.1405029778435907	2.0295524439019195	1.5439647252190822	1.9934617110583321	1.9183194316943493	2.0283405233967584	1.8545569330209626	-0.7886959335753219	-0.012845206821085163
TILD117LA_150_16_3	TILD117LA	TILD117	fold_5	macrophage_profibrotic	POOLED	2.08008431625704	1.5439833587973322	1.7583593564190478	1.7638129092791004	2.5301169832787767	2.375334008786317	2.1625834923375375	1.5439691149111612	2.0665406641484316	2.041959445682429	2.331366875698895	2.1545390445339647	0.31627140697793954	0.10259495298318494
TILD117LA_150_16_4	TILD117LA	TILD117	fold_5	macrophage_profibrotic	POOLED	2.64840171432354	1.543985745495037	2.1814304935074897	2.2572781232081067	2.329681755959422	2.3493063457758545	1.876339714865207	1.5439727557122844	2.070841937035828	1.830416397829599	2.084792674534903	1.7757835371513786	0.3911235911154334	0.1443567991078146
TILD117LA_150_16_8	TILD117LA	TILD117	fold_5	macrophage_profibrotic	POOLED	2.54943418308645	1.543995292285856	1.7777985658196291	1.7854365075636103	1.6329723815109978	1.7097026970555016	1.6779130924042254	1.5439873189167777	2.0023391649608286	1.5693582280651595	2.025858202954563	1.5691428505848044	0.7639976755228399	0.03589905105621661
TILD117LA_150_17_12	TILD117LA	TILD117	fold_5	macrophage_profibrotic	POOLED	1.40359004183301	1.5440073507440661	1.530632210555163	1.6262219326169711	1.8955352854501653	1.86938366068156	1.8351566105722528	1.5440062718133498	1.684179740353505	1.5367156077225446	1.789065024387653	1.5878517808935178	-0.22263189078396106	0.08840532102323186
TILD117LA_150_17_13	TILD117LA	TILD117	fold_5	macrophage_profibrotic	POOLED	2.0849220778551	1.544009737441771	1.4979900664189505	1.5679355655895013	1.2534466342317114	1.3100802676377694	1.7738542357615765	1.5440099126144733	1.2861103769979134	1.263725079145938	1.425123614482933	1.2232608131239964	0.5169865122655986	-0.01199088883877128
TILD117LA_150_17_19	TILD117LA	TILD117	fold_5	macrophage_profibrotic	POOLED	1.88255344616647	1.5440240576279995	1.918499893236838	1.9115508154905292	1.921633712208853	1.843796113942965	2.151099461963737	1.5440317574212132	1.8760632384197489	1.8211140576424145	1.88672054826616	1.8888365737754003	-0.028997369324059274	0.059816337267164704
TILD117LA_150_17_20	TILD117LA	TILD117	fold_5	macrophage_profibrotic	POOLED	2.6751496456486	1.5440264443257044	1.9843711520019132	2.343680679524933	2.651623725315878	2.511260421682665	2.6241463949098955	1.5440353982223365	2.470834587164205	2.752801502540799	2.4807696748630144	2.835708824346929	0.33146896612366694	0.07246869929090442
TILD117LA_150_17_3	TILD117LA	TILD117	fold_5	macrophage_profibrotic	POOLED	0.875565036963718	1.5439858704647234	1.4831429946570416	1.6259113837539154	2.121961859767954	1.9484790396732032	2.0847599225330047	1.54397350460324	1.656665997534773	1.6786993393490488	1.9246488337920544	1.8215230810739624	-0.7503463467901974	0.0791320207584576
TILD117LA_150_17_4	TILD117LA	TILD117	fold_5	macrophage_profibrotic	POOLED	2.0507315491752	1.5439882571624282	1.8374689473470718	1.9812704884626855	2.2837974333836506	2.192877531108705	2.0436409798004997	1.5439771454043634	2.082467304047056	1.9899312851627524	2.0530709316798204	2.003701670202476	0.06946106071251434	0.07293632837962828
TILD117LA_150_18_15	TILD117LA	TILD117	fold_5	macrophage_profibrotic	POOLED	1.47078236062385	1.5440170225045717	1.7309505649045298	1.7263862896914557	2.435885620231092	2.2390000479750967	2.5012326272160514	1.5440215839087987	2.1421617815942158	1.8547722702065272	2.3432135250298316	1.9537170782963182	-0.25560392906760576	0.11667697904811875
TILD117LA_150_18_4	TILD117LA	TILD117	fold_5	macrophage_profibrotic	POOLED	1.64286710616393	1.5439907688298193	1.5021906467800987	1.5535658194328397	0.8502435819657783	0.8722551870566189	1.282175368412966	1.5439815350964423	1.2461137834137883	0.8669646080460787	1.5317028513423152	0.8744013906106662	0.08930128673109028	-0.03534576333666528
TILD117LA_150_18_5	TILD117LA	TILD117	fold_5	macrophage_profibrotic	POOLED	1.17057462329618	1.5439931555275241	1.257503469281703	1.2998166462643126	1.377589398995742	1.2306848806047648	1.523320132365713	1.5439851758975656	1.2627675940077867	1.00230500912373	1.4494291272188013	1.0838102808148717	-0.12924202296813259	0.03844156167928679
TILD117LA_150_19_10	TILD117LA	TILD117	fold_5	macrophage_profibrotic	POOLED	1.52232927093051	1.544007600683439	1.844586605449161	1.731582951753854	2.2565412898220716	2.176486811494676	2.0636428607502557	1.544007769595261	2.0832521871488936	2.237616664728532	2.255118135053607	2.2362366485696756	-0.20925368082334384	0.07869941965980902
TILD117LA_150_19_11	TILD117LA	TILD117	fold_5	macrophage_profibrotic	POOLED	1.31613177687154	1.5440099873811437	2.0924361513348955	2.2093246490041283	2.3412922611424007	2.278318014640798	2.623218132084678	1.5440114103963845	2.279258953593172	2.614193927392318	2.1977434964825693	2.700296898273381	-0.8931928721325884	0.13644176809910014
TILD117LA_150_19_13	TILD117LA	TILD117	fold_5	macrophage_profibrotic	POOLED	3.3573168732635	1.5440147607765533	2.306269370505691	2.3296695778842773	1.7089636305962135	1.8205621158120355	2.00073718183906	1.544018691998631	1.7891999027037557	1.9611099512784045	1.661738789598522	1.8808097244227695	1.0276472953792228	0.007123291139430148
TILD117LA_150_19_4	TILD117LA	TILD117	fold_5	macrophage_profibrotic	POOLED	1.75808305575892	1.5439932804972105	1.7748885960785297	1.8045631322667048	2.031603269580368	1.8562583660291914	1.7170173092350751	1.5439859247885213	2.1542827590386158	1.944600965398565	2.256985700392186	2.136342994335926	-0.04648007650778485	-0.03534632890691043
TILD117LA_150_19_5	TILD117LA	TILD117	fold_5	macrophage_profibrotic	POOLED	1.3155198595424	1.543995667194915	1.535366732264895	1.6654646603970078	1.7409524661162632	1.747175638158601	1.6700407791405505	1.5439895655896445	1.5424380924269212	1.4228679731817655	1.6272147601497486	1.4070316102066582	-0.3499448008546078	0.09773320330625394
TILD117LA_150_19_6	TILD117LA	TILD117	fold_5	macrophage_profibrotic	POOLED	1.9429688078511	1.54399805389262	1.8924388541249098	1.9970393702724345	1.8880377682869431	1.9074053847781114	1.6368663588447339	1.5439932063907678	1.9935117377155127	2.0053446130982704	2.0563475700351264	2.017720263931452	-0.054070562421334456	0.030702540651703546
TILD117LA_150_19_9	TILD117LA	TILD117	fold_5	macrophage_profibrotic	POOLED	2.42570690017239	1.5440052139857343	1.861395929304285	1.8542322255408232	1.3627120160894037	1.4298192224667994	1.71618167463542	1.5440041287941377	1.5595530560676851	1.401819697172888	1.5350504810221444	1.3934444672677493	0.5714746746315666	-0.03082287945645168
TILD117LA_150_20_10	TILD117LA	TILD117	fold_5	macrophage_profibrotic	POOLED	1.98847189045756	1.54401011235083	2.1728587086944837	2.1169964342698435	2.4477477346673	2.3582377743813288	2.6535371858297117	1.54401215928734	2.333368259066901	2.2509183864438076	2.5353936325356385	2.349354118811366	-0.1285245438122835	0.1525865542181695
TILD117LA_150_20_4	TILD117LA	TILD117	fold_5	macrophage_profibrotic	POOLED	2.49814394239589	1.5439957921646015	1.987440186330214	2.000654105662338	2.270873106890302	2.1979464904366255	1.961154214267348	1.5439903144806	2.0288411653303298	1.8711527779764294	2.1398968333245922	1.9056708525416188	0.49748983673355207	0.10755931528172827
TILD117LA_150_20_5	TILD117LA	TILD117	fold_5	macrophage_profibrotic	POOLED	2.10853263771605	1.5439981788623063	2.2340384567194973	2.2102582037920824	2.3178386460832057	2.3125718019310177	1.870114593583325	1.5439939552817235	2.254562510910183	2.1743266644033072	2.364552083365302	2.199974546543616	-0.10172556607603234	0.11896337899530521
TILD117LA_150_20_6	TILD117LA	TILD117	fold_5	macrophage_profibrotic	POOLED	2.57916575407312	1.544000565560011	2.6082876425640533	2.660076562508533	2.116516936222274	2.369584448495079	1.9003020095541219	1.5439975960828467	2.3407751135728625	2.26481202588553	2.1327973449117748	2.02152925871739	-0.0809108084354131	0.08097713433469549
TILD117LA_150_20_9	TILD117LA	TILD117	fold_5	macrophage_profibrotic	POOLED	2.26029680198173	1.5440077256531253	1.1613247752731128	1.3489736821538474	1.733213574821444	1.6524819562946849	1.6119475494139488	1.5440085184862167	1.5297158104661492	1.3485879099393927	1.505683295583209	1.4630405295399294	0.9113231198278828	-0.034992201647744865
TILD117LA_150_21_12	TILD117LA	TILD117	fold_5	macrophage_profibrotic	POOLED	2.9879390486376	1.5440173974136306	2.279044238405659	2.1924115680162206	2.7214925772525125	2.4813237258157477	2.0477935817107795	1.5440238305816656	2.2263458259262	2.57528796379138	2.2829779606933367	2.83511506464831	0.7955274806213795	0.0517789741918957
TILD117LA_150_21_13	TILD117LA	TILD117	fold_5	macrophage_profibrotic	POOLED	2.91031310376108	1.5440197841113354	1.8570996746381563	1.809851762592913	1.7392156103480567	1.6258937068654753	1.7001844254646499	1.5440274713827888	1.7158876180676264	1.7844409789857645	1.8630368320155934	1.9665293664717511	1.1004613411681672	0.03910873066014808
TILD117LA_150_22_3	TILD117LA	TILD117	fold_5	macrophage_profibrotic	POOLED	2.89855127293282	1.543998428801679	2.580615926325873	2.5883921085898858	2.386149015306785	2.42821925207014	1.8681507854316508	1.5439954530636346	2.3670953811829074	2.214306917665608	2.308180807038326	2.114986946979392	0.31015916434293445	0.03757562524205079
TILD117LA_150_22_4	TILD117LA	TILD117	fold_5	macrophage_profibrotic	POOLED	2.62408440382726	1.5440008154993838	1.951786510829856	2.1424849549535168	2.3167535263286245	2.3717845612097994	1.736534033363907	1.5439990938647579	2.2153353584977404	2.1734917851816835	2.275160125964326	2.1113410916781477	0.4815994488737432	0.07669332213789393
TILD117LA_150_22_8	TILD117LA	TILD117	fold_5	macrophage_profibrotic	POOLED	1.75481523557673	1.5440103622902028	1.3637679060426544	1.408209286024483	1.9586581334248856	1.7351655650247444	1.8358605573637408	1.544013657069251	1.7242118477613966	1.6788963791800622	1.8960715260434537	1.8885850131384267	0.3466059495522469	0.0102649645414198
TILD117LA_150_23_10	TILD117LA	TILD117	fold_5	macrophage_profibrotic	POOLED	2.26285102483887	1.5440176473530034	1.4984490884313626	1.5962498524073556	2.356770710469201	2.1994758003035417	1.8941029094656279	1.5440253283635768	2.0186358780483205	2.292629251453231	2.1923487080522617	2.472765680809828	0.6666011724315144	0.11731490903307243
TILD117LA_150_23_11	TILD117LA	TILD117	fold_5	macrophage_profibrotic	POOLED	2.53796892690514	1.5440200340507082	2.2154859370406976	2.07021438894227	2.9132089465244677	2.7553069635199625	1.8909773849519405	1.5440289691647	2.4784304819629988	2.392703446994111	2.615803470107233	2.540249548924035	0.46775453796287003	0.13188982804067786
TILD117LA_150_23_4	TILD117LA	TILD117	fold_5	macrophage_profibrotic	POOLED	2.56218089698598	1.544003327166775	2.5609263396763993	2.5432794024453873	2.195598240919252	2.3003456319222355	1.9743695250877136	1.5440034835568368	2.3200065235474163	2.3150826649107876	2.252039680826877	2.2278190334858032	0.018901494540592534	0.08787269016336327
TILD117LA_150_23_5	TILD117LA	TILD117	fold_5	macrophage_profibrotic	POOLED	2.76002140840526	1.5440057138644796	2.8329495393503508	2.9850243915152648	2.757995685544544	2.956814886625472	2.262730807831675	1.54400712435796	2.867380511328107	2.67698993295956	2.607960380274683	2.5088414447869836	-0.22500298311000488	0.14732665412745546
TILD117LA_150_23_8	TILD117LA	TILD117	fold_5	macrophage_profibrotic	POOLED	2.28678454291011	1.544012873957594	1.6238322270729995	1.5921994637193735	1.9606350600169515	1.8639937236024164	1.6897857016308029	1.54401804676133	2.0458935901842015	2.0144928978638923	2.0570971451331816	2.136737226254655	0.6945850791907366	0.03756959342417005
TILD117LA_150_24_10	TILD117LA	TILD117	fold_5	macrophage_profibrotic	POOLED	2.59100745840995	1.5440201590203946	2.1911481025304815	2.223175373288353	2.2827584178679237	2.222423962287808	2.1971956981952014	1.5440297180556557	2.1654087774693114	2.0599939945038126	2.2229651166148425	2.1183372385618027	0.3678320851215968	0.099128933886387
TILD117LA_150_24_11	TILD117LA	TILD117	fold_5	macrophage_profibrotic	POOLED	2.18319173837507	1.5440225457180994	1.7932535727676686	1.8152548782559206	2.3484248247745203	2.2311741885094705	2.068975283667182	1.544033358856779	2.1707038526412026	2.0468563335031984	2.283119995641143	2.14004383987444	0.3679368601191493	0.1353883864172562
TILD117LA_150_24_12	TILD117LA	TILD117	fold_5	macrophage_profibrotic	POOLED	2.14547385087403	1.5440249324158042	1.5008959944139446	1.5705667163655537	2.384195032000192	2.156880360157295	1.8862193154201052	1.5440369996579022	1.8466471661403085	1.8151153275744316	2.098588649635498	1.9851544114145754	0.5749071345084762	0.11400519254678024
TILD117LA_150_24_5	TILD117LA	TILD117	fold_5	macrophage_profibrotic	POOLED	1.90521617021008	1.5440082255318708	2.237217506773212	2.274258794820942	1.820158988694617	1.921849575466527	2.132750290831551	1.544011514050039	1.8779156910905004	1.7845963814887642	1.6739598316249473	1.729157816017308	-0.369042624610862	0.09422181830708057
TILD117LA_150_24_6	TILD117LA	TILD117	fold_5	macrophage_profibrotic	POOLED	2.32975281222311	1.5440106122295756	3.6549699763480223	3.713527603870993	2.7092912926232504	3.0355030976697277	2.1776368602555283	1.5440151548511625	2.799543971521887	2.8530885069771346	2.2791053780787363	2.546281862341446	-1.3837747916478826	0.1420066247564958
TILD117LA_150_24_8	TILD117LA	TILD117	fold_5	macrophage_profibrotic	POOLED	1.4152824574879	1.5440153856249852	1.2400749010107304	1.2352213152268732	1.4603161984503217	1.3039797449851616	1.8553769070560384	1.544022436453409	1.2694012264440195	1.1329957895033531	1.410940370822785	1.3295796463000125	0.18006114226102676	0.03772865896565879
TILD117LA_150_25_10	TILD117LA	TILD117	fold_5	macrophage_profibrotic	POOLED	3.01810298244955	1.5440226706877858	3.1897376381940385	3.163053334914662	2.4542591809936796	2.6921080086869242	2.1099992417017015	1.5440341077477346	2.593507733338728	2.8656568131146454	2.4140582855874575	2.6625738931134206	-0.1449503524651119	0.10065023467372354
TILD117LA_150_25_11	TILD117LA	TILD117	fold_5	macrophage_profibrotic	POOLED	2.27826282997527	1.5440250573854906	2.031849416897611	2.0407362336693455	2.432625363751305	2.355407784059593	1.8598435714401782	1.544037748548858	2.32352174926258	2.3342819556324086	2.2481038507995676	2.4033222133804024	0.23752659630592454	0.1018102085147733
TILD117LA_150_25_13	TILD117LA	TILD117	fold_5	macrophage_profibrotic	POOLED	2.84968079651578	1.5440298307809	2.733786569037778	2.624688432333262	2.838271872220698	2.798617265805579	2.3521301722148817	1.5440450301511046	2.681002227238774	2.61077875992986	2.7266245396909032	2.6348435361765734	0.22499236418251822	0.08328881383767794
TILD117LA_150_25_14	TILD117LA	TILD117	fold_5	macrophage_profibrotic	POOLED	1.22086543131721	1.5440322174786048	0.9750369196479757	1.024028410811699	1.5281770765996705	1.2618004509463847	1.5314599627255103	1.5440486709522279	1.4253727553155067	1.1521742030960456	1.753566602719361	1.3988400354934345	0.196837020505511	-0.03939005522505908
TILD117LA_150_25_5	TILD117LA	TILD117	fold_5	macrophage_profibrotic	POOLED	1.69339555475196	1.544010737199262	1.7421348936031507	1.6925845282018552	1.0133272109826965	1.124845552107563	1.5282619353016746	1.544015903742118	1.6951540139527372	1.2455130504570429	1.596600901459772	1.0762105807364275	0.0008110265501046765	-0.010098727677817205
TILD117LA_150_25_6	TILD117LA	TILD117	fold_5	macrophage_profibrotic	POOLED	2.31951824876462	1.5440131238969668	2.2565093851453675	2.2564627891434146	2.161255003467618	2.1741125156542145	1.9777988446154933	1.5440195445432412	2.173839826483915	2.182964118657326	2.097859473004563	2.181432553425765	0.0630554596212054	0.07340727998482463
TILD117LA_150_25_9	TILD117LA	TILD117	fold_5	macrophage_profibrotic	POOLED	2.46811080204226	1.544020283990081	2.334366851508084	2.380523593940678	1.9755662044072428	2.136080910053983	2.1269462206686685	1.5440304669466112	2.3534527901467444	2.175049431082644	2.10856403740661	2.0004274707795586	0.08758720810158183	0.08061521233375243
TILD117LA_150_26_10	TILD117LA	TILD117	fold_5	macrophage_profibrotic	POOLED	2.93096526011438	1.544025182355177	3.8340198855819225	3.564944939890684	2.7998388489565746	3.069967140258563	2.5066469664951825	1.5440384974398136	2.9889381094696525	2.9734528679094496	2.5750200091257085	2.6810002790350613	-0.6339796797763042	0.10846205159736325
TILD117LA_150_26_11	TILD117LA	TILD117	fold_5	macrophage_profibrotic	POOLED	1.91831916703232	1.5440275690528817	1.3795261542652175	1.5773746046508987	1.7882520767943073	1.7298437426083682	1.5845187008144976	1.5440421382409368	1.788784710743996	1.6490783385908068	1.802272270190511	1.6462701679107374	0.34094456238142135	0.05829716667151763
TILD117LA_150_26_12	TILD117LA	TILD117	fold_5	macrophage_profibrotic	POOLED	2.69435564837859	1.5440299557505863	2.3922706037516877	2.335519318849586	2.7602826698946776	2.7079640133881977	1.8754379180157212	1.54404577904206	2.6921703026600214	2.5755406674149004	2.5690674025733315	2.5803368048771738	0.35883632952900424	0.10237714153516858
TILD117LA_150_26_13	TILD117LA	TILD117	fold_5	macrophage_profibrotic	POOLED	1.57195152520667	1.5440323424482911	1.6567572751229724	1.6465833853457874	2.1341765359031646	1.8384303086504843	1.8057146251545697	1.5440494198431836	1.8392960797713764	1.867918922366609	2.1040530919492615	2.0598969751493943	-0.07463186013911738	-0.0255221541295114
TILD117LA_150_27_11	TILD117LA	TILD117	fold_5	macrophage_profibrotic	POOLED	2.54820875672484	1.5440300807202727	2.568280885728665	2.5290529706408913	2.694698164718945	2.7601296572465666	1.9722665657611897	1.5440465279330158	2.6583171394345353	2.2993611809640595	2.451623700254415	2.1757991660178515	0.019155786083948634	0.14857953328695242
TILD117LA_150_3_10	TILD117LA	TILD117	fold_5	macrophage_profibrotic	POOLED	2.54096451586552	1.543967414005181	1.8005323165020535	1.8920564505884494	2.2828414229671736	2.181722515511357	2.0401371108471946	1.5439375345219983	2.2033882250105172	1.92949424854857	2.2974057699788446	1.9801084719024442	0.6489080652770705	0.10371463965854814
TILD117LA_150_5_12	TILD117LA	TILD117	fold_5	macrophage_profibrotic	POOLED	2.75599439544031	1.5439772107353726	2.4177231985407444	2.2547857287643502	2.0943885368841695	2.0913922767275093	1.9360351240156062	1.543953595508403	2.011434947441419	2.214190055966576	1.854174627078049	2.226463217015721	0.5012086666759599	0.04789547228768719
TILD117LA_150_5_8	TILD117LA	TILD117	fold_5	macrophage_profibrotic	POOLED	2.31293185765571	1.5439676639445536	2.140927442761117	1.932880461973277	2.1403218344190433	2.1259113261261255	1.7760701681571547	1.5439390323039095	1.999466067992459	2.37212666338183	2.0465308274965768	2.393301160351121	0.38005139568243296	0.037643380593606064
TILD117LA_150_5_9	TILD117LA	TILD117	fold_5	macrophage_profibrotic	POOLED	0.0	1.5439700506422585	0.7770329369627393	0.86958278603879	1.7482503468795785	1.3442169801542172	1.626413353824511	1.543942673105033	1.1247973743925601	1.1849220547420025	1.6619227315669152	1.488284983690685	-0.86958278603879	0.00011734071994724468
TILD117LA_150_6_12	TILD117LA	TILD117	fold_5	macrophage_profibrotic	POOLED	3.34985780268604	1.5439797224027638	3.1980123543186805	3.103350465360178	2.3465621701930304	2.589761160184228	2.0235661887382426	1.5439579852004819	2.7735212188009166	2.5625398030577067	2.487184950936611	2.2779939995959153	0.24650733732586216	0.09060132807842106
TILD117LA_150_6_13	TILD117LA	TILD117	fold_5	macrophage_profibrotic	POOLED	2.50869992471341	1.5439821091004686	1.725666669148628	1.6878630203568752	1.8570202807858331	1.8525913551026334	1.4418515742075688	1.5439616260016051	1.7857630721404172	1.7807909777175408	1.779206957013219	1.7839828987334965	0.8208369043565347	-0.0008357670866593718
TILD117LA_150_6_14	TILD117LA	TILD117	fold_5	macrophage_profibrotic	POOLED	2.17916999238561	1.5439844957981734	1.6186172205584992	1.7125238809674943	1.6856104575238193	1.6302524753749026	1.68640706517941	1.5439652668027284	1.7523842334204323	1.498473099109808	1.6848528218935834	1.5039231328518619	0.46664611141811574	0.029166199276927346
TILD117LA_150_6_8	TILD117LA	TILD117	fold_5	macrophage_profibrotic	POOLED	1.70601712464746	1.5439701756119448	1.2763231271410662	1.323942217988536	1.5725239333530265	1.4549898102346386	1.434514023658574	1.5439434219959884	1.3095199600498142	1.437515112866425	1.4518678861783494	1.6351070942426178	0.38207490665892396	0.0035599414971783302
TILD117LA_150_7_13	TILD117LA	TILD117	fold_5	macrophage_profibrotic	POOLED	2.89718454744081	1.5439846207678596	1.8782600261863935	1.9069822408759691	1.9692399573821748	1.970503662954846	1.9891356977802872	1.543966015693684	1.8924421800573221	1.924044013172506	1.7951736764115385	1.9909305005378626	0.9902023065648411	0.08758998589184669
TILD117LA_150_7_14	TILD117LA	TILD117	fold_5	macrophage_profibrotic	POOLED	1.07593294988983	1.5439870074655644	1.2691824091595365	1.2830105538065166	1.0973074269104492	1.1279673317855115	1.6748171835910892	1.5439696564948073	1.1220213013376912	0.9813302136472939	1.2237075909347306	1.0809166010243776	-0.20707760391668661	0.01197296455621195
TILD117LA_150_7_15	TILD117LA	TILD117	fold_5	macrophage_profibrotic	POOLED	0.581480462454197	1.5439893941632692	1.201235076879032	1.3481898621008719	1.1327618862001763	1.1586696866952049	1.8899744276351127	1.5439732972959306	1.1774008838910937	0.6848733887748122	1.419335364286721	0.6875161748486903	-0.7667093996466748	-0.0673760950767895
TILD117LA_150_7_5	TILD117LA	TILD117	fold_5	macrophage_profibrotic	POOLED	0.979041955610509	1.5439655271862216	1.0171526369079797	1.036535124548707	1.4981969353095987	1.4609499898556824	1.821542925721043	1.5439368892846974	1.4280605010251295	1.4886633497189308	1.4133562699852527	1.6016923208193004	-0.057493168938198114	0.00871158054515049
TILD117LA_150_8_13	TILD117LA	TILD117	fold_5	macrophage_profibrotic	POOLED	1.59635301469296	1.5439871324352508	1.7726847777685772	1.7595047944462425	2.0061047625101	2.0339640797745333	2.0445264306156554	1.543970405385763	1.7342751916183805	1.7859437379563863	1.6826403530173701	1.7142911742406792	-0.16315177975328243	0.08515328359489235
TILD117LA_150_8_14	TILD117LA	TILD117	fold_5	macrophage_profibrotic	POOLED	1.77044756155814	1.5439895191329556	1.4148042290327638	1.4435913710000556	1.6350073690343045	1.6068840481795037	1.77392091494808	1.5439740461868863	1.5785453812452346	1.4767962718029464	1.6533229657127715	1.5597518980425362	0.32685619055808446	-0.01598915282983581
TILD117LA_150_8_16	TILD117LA	TILD117	fold_5	macrophage_profibrotic	POOLED	2.74703442917391	1.5439942925283652	2.526931212670675	2.5648509657311083	2.7278246064790155	2.807268042956637	2.102232657444204	1.543981327789133	2.47793137408148	2.5471520431829826	2.40099400676225	2.436732734540706	0.18218346344280167	0.1303413471327645
TILD117LA_150_9_14	TILD117LA	TILD117	fold_5	macrophage_profibrotic	POOLED	3.10638179222946	1.5439920308003467	2.6527451188667017	2.5712203879956137	2.226156908024173	2.3538730421370295	1.716818022275462	1.5439784358789652	2.7209970903019562	2.2387560865142815	2.373505151718572	2.039190769915502	0.5351614042338464	0.005466331512136793
TILD117LA_150_9_17	TILD117LA	TILD117	fold_5	macrophage_profibrotic	POOLED	2.82997221168762	1.543999190893461	2.002076834345521	2.117594627506448	2.3442422650852937	2.3341952449381105	2.0073571765296743	1.5439893582823352	2.2184289110862077	2.140140508790064	2.1302349225422885	2.13495366481612	0.7123775841811719	0.09116038422830611
TILD117MA1_150_0_5	TILD117MA1	TILD117	fold_5	macrophage_profibrotic	POOLED	1.8809042076625	1.5439455463967044	1.3236822598887446	1.3550196178984966	1.2434447267070095	1.3420159547541808	1.062933792439285	1.5439075014013832	1.2263997013152008	1.0985876458054213	1.3066423429080603	1.03311681198304	0.5258845897640034	0.08787278717115599
TILD117MA1_150_0_7	TILD117MA1	TILD117	fold_5	macrophage_profibrotic	POOLED	2.73609646749839	1.54394937193612	2.4258166079118824	2.370839125763311	2.7425925044763293	2.714438241173073	2.0290026616479473	1.543913835371923	2.7324621832880567	2.616803171517282	2.6169904329457863	2.586797489808067	0.36525734173507907	0.11585806932046161
TILD117MA1_150_0_8	TILD117MA1	TILD117	fold_5	macrophage_profibrotic	POOLED	2.70755009808493	1.5439512847058277	2.429884032335035	2.399705603496532	2.6956883805113905	2.6382812135298295	2.1652893619089615	1.543917002357193	2.4800812871350146	2.3732986540814993	2.4188197131663642	2.304427613818399	0.307844494588398	0.10867032603087362
TILD117MA1_150_10_17	TILD117MA1	TILD117	fold_5	macrophage_profibrotic	POOLED	2.23569529658727	1.5439977660311923	1.4213633155539644	1.4978061836705256	1.425663979221344	1.4223445288450232	1.393415894752662	1.5439935513377876	1.5787668035119415	1.5003789899895819	1.4786149638507435	1.4925415197815242	0.7378891129167444	0.04566889363178646
TILD117MA1_150_10_18	TILD117MA1	TILD117	fold_5	macrophage_profibrotic	POOLED	1.9966784205919	1.5439996788009	1.5495487688538143	1.641939455080614	1.9325205344967864	1.8448499598199233	1.4370456721239624	1.5439967183230576	1.9015114297011264	1.814206837472287	1.8823658000843182	1.8538969908193537	0.35473896551128603	0.0392611423969384
TILD117MA1_150_10_19	TILD117MA1	TILD117	fold_5	macrophage_profibrotic	POOLED	2.99746819947722	1.5440015915706078	1.8218648461625047	1.82677513063769	2.4886964084277814	2.3003706369471018	1.931391113630512	1.5439998853083277	2.2127448780564363	2.152002880981391	2.313268666888348	2.2513936138950372	1.17069306883953	0.11661051455604232
TILD117MA1_150_10_5	TILD117MA1	TILD117	fold_5	macrophage_profibrotic	POOLED	0.863966883510608	1.5439748127946993	0.9072271473865222	1.0906091726175666	0.9652820869559884	0.8740085655988323	1.3030384396731183	1.5439555475145474	1.130239580179803	0.8980959502308598	1.3186371909052341	1.0040395853766992	-0.2266422891069586	0.04330215303896065
TILD117MA1_150_11_12	TILD117MA1	TILD117	fold_5	macrophage_profibrotic	POOLED	2.53785188829841	1.543991128822453	2.464879762764313	2.4390087007357715	1.8457647977178961	1.995339417469771	1.6443526671262	1.543982521022754	2.0618168876248006	2.012491105719941	1.9435266264711377	1.8178123084916389	0.09884318756263832	0.07501082668087664
TILD117MA1_150_11_14	TILD117MA1	TILD117	fold_5	macrophage_profibrotic	POOLED	2.75591526152938	1.5439949543618685	2.051029820345396	2.024321226542482	2.190136972276783	2.079477485611945	1.5656824300519057	1.543988854993294	1.812824100368752	1.8262035650110973	1.8648861980978513	1.8332618073698126	0.7315940349868977	0.022899302707448263
TILD117MA1_150_11_20	TILD117MA1	TILD117	fold_5	macrophage_profibrotic	POOLED	2.88842438718542	1.5440064309801151	1.9506567347139776	1.9921812246443833	2.087244204285875	1.9574172477369665	1.789368526432391	1.544007856904914	1.5695351977748007	1.9433742270105148	1.644479479989456	2.00404369649269	0.8962431625410365	0.035350292827473956
TILD117MA1_150_11_5	TILD117MA1	TILD117	fold_5	macrophage_profibrotic	POOLED	1.70145609995487	1.5439777394344987	1.4700905987611208	1.4134338636037795	1.4375156435489753	1.279624775241054	0.8918593315708769	1.543960352125864	1.474578363829137	1.1354430313045056	1.640113016005072	1.1559253151316686	0.2880222363510905	0.05995619328500512
TILD117MA1_150_11_6	TILD117MA1	TILD117	fold_5	macrophage_profibrotic	POOLED	0.979531323193239	1.5439796522042064	1.4636813948997305	1.3048708443367354	1.5539046438541626	1.4669905536856749	0.9085569793156552	1.543963519111134	1.5502738090596537	1.417650685737157	1.4739046602182742	1.4585577165293084	-0.3253395211434964	0.032266905848940014
TILD117MA1_150_11_7	TILD117MA1	TILD117	fold_5	macrophage_profibrotic	POOLED	2.36369014693498	1.5439815649739141	1.616839732240879	1.7417519810014144	2.0087426232971524	1.8174918697636386	1.6348263636622666	1.5439666860964039	1.593117743352102	1.662734763136454	1.782049098250097	1.7344742764303314	0.6219381659335654	0.0513622998247949
TILD117MA1_150_12_12	TILD117MA1	TILD117	fold_5	macrophage_profibrotic	POOLED	2.23579529274312	1.5439940554622524	1.7093459497267687	1.7563060155476158	1.7055476495905675	1.7448258162988495	1.4049626168758096	1.5439873256340704	1.7296200340911472	1.7217052719709784	1.6619121962602195	1.6505238212839235	0.47948927719550416	0.07630374717936146
TILD117MA1_150_12_13	TILD117MA1	TILD117	fold_5	macrophage_profibrotic	POOLED	2.88213508170125	1.5439959682319602	2.2100745989597	2.2034730341825095	2.084015919518598	2.112437552687207	1.441441518945674	1.5439904926193404	1.8835494248791678	2.071069731669163	1.7454047790548146	2.022322737088476	0.6786620475187406	0.0401250235781616
TILD117MA1_150_12_14	TILD117MA1	TILD117	fold_5	macrophage_profibrotic	POOLED	2.38499145347747	1.5439978810016681	1.690936912145352	1.7105257553171742	1.354616980841111	1.339800091749129	1.1173878490274134	1.5439936596046104	1.4129368703147562	1.2602827441609468	1.4601471680243814	1.2649922615806286	0.6744656981602959	-0.00013867395967652116
TILD117MA1_150_12_19	TILD117MA1	TILD117	fold_5	macrophage_profibrotic	POOLED	2.55002800474235	1.5440074448502068	1.5173488130629522	1.4591222491216493	1.7318666902644033	1.607167949707562	1.4510806649114312	1.5440094945309606	1.6617736677759132	1.5916849770266066	1.7237357386697845	1.7420835814704678	1.0909057556207005	-0.018691661789418917
TILD117MA1_150_12_8	TILD117MA1	TILD117	fold_5	macrophage_profibrotic	POOLED	2.5979317471382	1.5439864043834215	2.0467743114384165	2.043846379478284	2.503391327949753	2.335646609466928	1.831469144960389	1.5439746576929905	2.0105510983286887	2.345694811199506	2.0859141222771145	2.4490466284265033	0.554085367659916	0.036606981132180666
TILD117MA1_150_13_13	TILD117MA1	TILD117	fold_5	macrophage_profibrotic	POOLED	2.4665400968155	1.5439988948717598	1.5803720015056335	1.7709704841949356	1.5315776013942806	1.580971582692337	1.4289860233059983	1.543995297230657	1.4505794713721596	1.7121221652875338	1.3879295653244392	1.6291593602868348	0.6955696126205642	-0.01293253090310248
TILD117MA1_150_13_20	TILD117MA1	TILD117	fold_5	macrophage_profibrotic	POOLED	2.47207318502275	1.544012284259714	1.5940820439560033	1.6608438234456562	1.9193767077247814	1.7772775285529492	1.6457734123518033	1.544017466127547	2.0259037879333146	1.9848530721970494	2.206240272950264	2.120977651495878	0.8112293615770938	0.006731328944091168
TILD117MA1_150_13_22	TILD117MA1	TILD117	fold_5	macrophage_profibrotic	POOLED	3.33301015487643	1.5440161097991296	2.314771863867767	2.2299849399753784	1.7049663872095815	1.80430099377124	1.890296842283581	1.544023800098087	2.2232496711454015	1.9782616747067685	2.063143562480923	1.8709099256736446	1.1030252149010518	0.034241531451647676
TILD117MA1_150_13_6	TILD117MA1	TILD117	fold_5	macrophage_profibrotic	POOLED	2.44151065190033	1.5439855054838054	1.6128699344251476	1.57542968338682	1.652008472614227	1.526789034335285	1.1567188885527449	1.5439731283337668	1.644103768608173	1.6094209443609127	1.682481954303427	1.6721392185841095	0.8660809685135098	0.09093014174968486
TILD117MA1_150_13_7	TILD117MA1	TILD117	fold_5	macrophage_profibrotic	POOLED	1.99322092992319	1.5439874182535132	1.280605061470548	1.3596837864190376	1.537484454875928	1.4521795607721737	1.0222559303538405	1.5439762953190368	1.3641966951541185	1.4095890499011559	1.3727550474419479	1.4521742834852343	0.6335371435041524	-0.026653349057691306
TILD117MA1_150_13_8	TILD117MA1	TILD117	fold_5	macrophage_profibrotic	POOLED	3.12159314584033	1.543989331023221	1.9372082288096921	1.9471957475921222	2.0310053599361018	1.978630005503634	1.6725092587525272	1.5439794623043068	1.4096009480326284	1.8243382256701082	1.3531692928345538	1.7940560752071222	1.1743973982482077	-0.01640635697146318
TILD117MA1_150_14_10	TILD117MA1	TILD117	fold_5	macrophage_profibrotic	POOLED	1.3536666424303	1.543996083202436	1.684783325159439	1.5248635960601726	1.4869730375958328	1.4556920036225016	1.3886670031598778	1.5439906008861632	1.8430741877381212	1.554378093611223	1.862691651019264	1.580915897888918	-0.17119695362987253	0.0008800418491079105
TILD117MA1_150_14_14	TILD117MA1	TILD117	fold_5	macrophage_profibrotic	POOLED	1.54784180047892	1.544003734281267	1.4517248403315954	1.5163756366023362	1.190814666920859	1.2593858985163853	0.6546659118413378	1.5440032688272434	1.1819423767132817	1.2963546702645874	1.001605243204652	1.1872623129279165	0.03146616387658385	-0.15313700982926134
TILD117MA1_150_14_19	TILD117MA1	TILD117	fold_5	macrophage_profibrotic	POOLED	1.44458047126969	1.5440132981298058	1.5233322908308493	1.5066390960600748	1.8032569521105746	1.6650016687474116	1.4650145004526667	1.5440191037535935	1.548404442929933	1.6223504689379662	1.6454389749255796	1.7424428945215102	-0.06205862479038493	0.023630242625020392
TILD117MA1_150_15_14	TILD117MA1	TILD117	fold_5	macrophage_profibrotic	POOLED	1.82522791976068	1.5440066609210665	1.4875708351144838	1.491057791123006	1.8390382186508787	1.7177411651426389	1.4108226544503406	1.5440080734385597	1.2798727876327722	1.5228619732914397	1.2995666820763268	1.499409594184058	0.3341701286376739	-0.04224322367063702
TILD117MA1_150_15_4	TILD117MA1	TILD117	fold_5	macrophage_profibrotic	POOLED	1.35054712668184	1.543987533223989	1.6887569417987893	1.6283482366016755	1.6636899687920308	1.5395554994945357	1.5776257504266877	1.5439764035858596	1.5205853759459902	1.322227442924116	1.5477417930464188	1.386322302228969	-0.2778011099198354	0.06411713293798321
TILD117MA1_150_16_14	TILD117MA1	TILD117	fold_5	macrophage_profibrotic	POOLED	2.30639383041003	1.544009587560866	1.5732166969065984	1.6121073638990486	1.6069409176711478	1.578089303771878	1.1996167630377403	1.5440128780498763	1.3328370702605206	1.5922601741020452	1.3833958827097892	1.578505829080812	0.6942864665109814	-0.017456584506518148
TILD117MA1_150_16_19	TILD117MA1	TILD117	fold_5	macrophage_profibrotic	POOLED	3.59660798238555	1.5440191514094048	2.901196909609487	2.9430133219940893	2.959413973337483	2.9589353751767744	2.0482491315514	1.5440287129762262	2.376609166022237	2.6322848431264707	2.099597924993923	2.5539114240777794	0.6535946603914606	0.1343173951784685
TILD117MA1_150_16_21	TILD117MA1	TILD117	fold_5	macrophage_profibrotic	POOLED	2.1440431022912	1.5440229769488203	2.24827692830943	2.215830450847003	2.078566406237704	2.1781721754090184	2.114703829772419	1.5440350469467663	1.8825090309530483	2.1069244834945082	1.757769639403436	2.0270148579509186	-0.07178734855580293	0.040025732765223365
TILD117MA1_150_16_3	TILD117MA1	TILD117	fold_5	macrophage_profibrotic	POOLED	1.10049584381117	1.5439885470940806	0.7506371250269754	0.6567526203968816	1.3028725942207293	1.092923071052733	1.0540187043600822	1.5439780412119062	1.152124967417578	0.8412516448383811	1.4940394428204093	0.959714300265767	0.4437432234142884	-0.034650622006759925
TILD117MA1_150_16_4	TILD117MA1	TILD117	fold_5	macrophage_profibrotic	POOLED	1.03893827248204	1.5439904598637884	1.306604278217295	1.2130990858635653	1.2264039781610379	1.154982559747338	1.1579103119795842	1.5439812081971762	0.9657266888022062	1.1999319078144233	1.329998825214431	1.316605473169652	-0.17416081338152534	0.0162829818964313
TILD117MA1_150_16_5	TILD117MA1	TILD117	fold_5	macrophage_profibrotic	POOLED	1.96873659459503	1.543992372633496	1.6182648266410251	1.6827901661053795	1.7084976643960492	1.657640359355781	1.4785598008129484	1.5439843751824462	1.5381441565924514	1.747884036444711	1.6172774104828544	1.7477935796520558	0.28594642848965046	0.08303890776463824
TILD117MA1_150_16_6	TILD117MA1	TILD117	fold_5	macrophage_profibrotic	POOLED	2.57434249737276	1.5439942854032038	1.6300106817868836	1.5464306379305905	1.59155782732575	1.6212960836063801	1.663912829679304	1.543987542167716	1.5132314064376098	1.7479981966313547	1.5492112615615867	1.692360464206961	1.0279118594421695	0.07791988348818668
TILD117MA1_150_16_9	TILD117MA1	TILD117	fold_5	macrophage_profibrotic	POOLED	2.74295503685374	1.5440000237123273	2.322438623778327	2.3447222647878223	2.593793632816685	2.464334925750741	1.9064073323707655	1.5439970431235261	2.5203192478238825	2.323444733974508	2.3729175050947022	2.367493970046481	0.39823277206591756	0.07729403546414909
TILD117MA1_150_17_10	TILD117MA1	TILD117	fold_5	macrophage_profibrotic	POOLED	1.68869711363414	1.5440048631218344	1.21683131281844	1.2953981509685393	1.6487894486802692	1.57167668578957	1.010146711014862	1.5440050147201125	1.7949064196924676	1.4340513120063008	1.9255321995162094	1.446264987698067	0.3932989626656007	0.010932168230397554
TILD117MA1_150_17_11	TILD117MA1	TILD117	fold_5	macrophage_profibrotic	POOLED	2.46052258857578	1.5440067758915421	1.9784815889211265	1.8410369120843122	2.201934117341411	2.1262118600427176	1.3847251243284633	1.5440081817053826	2.3517364533293046	2.1177116298334107	2.410682076597916	2.192481373051372	0.619485676491468	0.11005925974114436
TILD117MA1_150_17_12	TILD117MA1	TILD117	fold_5	macrophage_profibrotic	POOLED	1.86080286614898	1.5440086886612499	1.3857609817958612	1.4307371587518416	2.1024319599152306	1.873934434081861	1.4056893042876775	1.5440113486906526	1.7172834555243575	1.9647922703177216	1.8058792839771582	2.17955544924704	0.43006570739713834	0.038427859473338766
TILD117MA1_150_17_5	TILD117MA1	TILD117	fold_5	macrophage_profibrotic	POOLED	1.02721289048792	1.5439952992732957	0.8723471807104664	0.9046626516007744	1.4638819351022958	1.2524177301530943	1.1378311940167918	1.5439891797937626	1.625576555200875	1.1614849810055308	1.9115304953153558	1.3168432691594498	0.12255023888714567	0.04506454621919938
TILD117MA1_150_17_6	TILD117MA1	TILD117	fold_5	macrophage_profibrotic	POOLED	1.91356619970529	1.5439972120430034	1.3237954235986695	1.2755874233749172	1.6216196557661167	1.359661463478113	1.6644418517144077	1.5439923467790326	1.34405236933375	1.5913410487446924	1.6711261814440537	1.7883295938118269	0.6379787763303728	0.027813184150666782
TILD117MA1_150_17_8	TILD117MA1	TILD117	fold_5	macrophage_profibrotic	POOLED	0.602252476560933	1.544001037582419	1.0144274311174568	1.1331582227945924	1.5147174273497264	1.3123409956859795	1.2044988389099542	1.5439986807495727	1.1861807899259975	0.9182093481816364	1.4612164000241767	0.9753141169320853	-0.5309057462336595	-0.007380938463723844
TILD117MA1_150_18_13	TILD117MA1	TILD117	fold_5	macrophage_profibrotic	POOLED	2.27335459063521	1.5440135280707572	1.963087084504372	2.079309301509477	2.7172581697608105	2.5151732395467215	1.871213084161457	1.5440193202872392	2.437930658234156	2.559995700499865	2.481823593719401	2.688786154660225	0.19404528912573316	0.11187699000940812
TILD117MA1_150_18_18	TILD117MA1	TILD117	fold_5	macrophage_profibrotic	POOLED	2.96569214534881	1.5440230919192959	2.3705270437765456	2.284792636030386	2.413699792013953	2.3344836065403163	1.4588170299856233	1.5440351552135891	2.102600782039886	2.4061783397252063	2.057983319964456	2.3795886238172033	0.680899509318424	0.04009125181491206
TILD117MA1_150_18_19	TILD117MA1	TILD117	fold_5	macrophage_profibrotic	POOLED	2.19244696193563	1.5440250046890038	1.8872665510412232	2.1352326303971725	1.5720995659131225	1.6492122486467926	1.4057775913009265	1.5440383221988592	1.7010861650165912	1.6622061578183147	1.6059628410007163	1.5409938045065228	0.057214331538457674	0.0093267956242142
TILD117MA1_150_19_9	TILD117MA1	TILD117	fold_5	macrophage_profibrotic	POOLED	0.667569915485293	1.5440088036317257	0.7038755608812807	0.8289752011710956	1.6133274569382303	1.0842302044796286	1.3946311244306036	1.5440114569574754	1.177898737552508	0.9578940112794081	1.6489240781317622	1.2671045643638226	-0.1614052856858026	-0.02368668635878959
TILD117MA1_150_1_13	TILD117MA1	TILD117	fold_5	macrophage_profibrotic	POOLED	3.76543247618223	1.543963775194166	1.9631394570960097	1.9401392720928	2.0129317178096633	1.9613133990849323	2.0444582584113364	1.5439376418948596	2.0864064846112313	1.9933910545795828	2.0547813447901793	2.004293966828117	1.8252932040894303	0.07745660626874573
TILD117MA1_150_1_14	TILD117MA1	TILD117	fold_5	macrophage_profibrotic	POOLED	2.10164917165338	1.5439656879638737	1.7573031934894061	1.7713345095357333	1.3330056122817429	1.441503852957916	1.406596339832252	1.5439408088801296	1.5723992980419528	1.5985068358047019	1.438257503320284	1.5103784858555152	0.3303146621176467	0.03719755838730613
TILD117MA1_150_1_15	TILD117MA1	TILD117	fold_5	macrophage_profibrotic	POOLED	2.05988551983586	1.5439676007335814	1.7238567951269828	1.8017000844292281	0.9110755224253493	1.0990490186205284	1.1271390258301706	1.5439439758653997	1.013877637273565	1.1440764662263687	1.0767203493330444	1.0317633486617943	0.25818543540663197	-0.01016931996137077
TILD117MA1_150_1_5	TILD117MA1	TILD117	fold_5	macrophage_profibrotic	POOLED	2.16260381846047	1.5439484730365038	1.6842803916358005	1.541932695965876	1.836708347797233	1.8461305552797018	1.286137055394392	1.5439123060126996	1.6127883650216772	1.484788186363328	1.6244486927391653	1.4123372055846133	0.620671122494594	0.126749178170218
TILD117MA1_150_1_6	TILD117MA1	TILD117	fold_5	macrophage_profibrotic	POOLED	2.97839389044097	1.5439503858062116	1.760188985642759	1.6932478136181075	2.041008893977432	2.011368063768336	1.7186646333091424	1.5439154729979696	1.9700977985768837	1.821368621952069	1.9685529865589022	1.8351471945288322	1.2851460768228624	0.10150285481423565
TILD117MA1_150_1_8	TILD117MA1	TILD117	fold_5	macrophage_profibrotic	POOLED	2.60997181344466	1.543954211345627	1.54566083999407	1.6181313046213244	2.3319833030304804	2.2053136042711943	1.6917988921108473	1.5439218069685097	2.2792402534452596	2.1290204906078083	2.3741514553104457	2.2149999063905277	0.9918405088233355	0.09518713932148326
TILD117MA1_150_2_12	TILD117MA1	TILD117	fold_5	macrophage_profibrotic	POOLED	1.37114733574076	1.5439647890642576	1.6754790072694186	1.629567540638633	1.5362681856076998	1.5483202611538762	1.699962098133792	1.5439392795209061	1.6446682788903562	1.3942662807982502	1.7355889074276512	1.3002872876449134	-0.258420204897873	0.05018595129628016
TILD117MA1_150_2_13	TILD117MA1	TILD117	fold_5	macrophage_profibrotic	POOLED	2.7028539896593	1.5439667018339653	1.9832717449556143	2.0354357737252657	2.2049955606280967	2.0806456743136943	1.900504946512518	1.5439424465061762	2.3134621441284255	2.220125969904318	2.408981501237766	2.3061730321113285	0.6674182159340343	0.12110786031724
TILD117MA1_150_2_15	TILD117MA1	TILD117	fold_5	macrophage_profibrotic	POOLED	1.99339276301782	1.5439705273733808	1.6372373003188196	1.74769814993436	1.833291561327719	1.852652213090015	1.754854459282529	1.543948780476716	1.6050717384040547	1.6292811027119347	1.6228499226929431	1.6355601352597369	0.24569461308346008	0.016434086931443444
TILD117MA1_150_2_8	TILD117MA1	TILD117	fold_5	macrophage_profibrotic	POOLED	2.83486983163688	1.5439571379854267	2.436026844823716	2.4664090834732892	2.720064886624071	2.65809230346895	2.244180543538536	1.543926611579826	2.6924381802994337	2.8730224300440916	2.7801984161381683	2.915260314337365	0.36846074816359087	0.10149723161654371
TILD117MA1_150_3_16	TILD117MA1	TILD117	fold_5	macrophage_profibrotic	POOLED	2.77662831304015	1.5439753667828882	1.8653887557154438	1.9978807126175813	1.937242285076385	1.9508674065464957	1.8984298122517358	1.5439567520733026	2.1854324908222686	1.9336593403929987	2.0879336065617	1.9023936528820113	0.7787476004225686	0.07217191009055934
TILD117MA1_150_3_4	TILD117MA1	TILD117	fold_5	macrophage_profibrotic	POOLED	1.57877415769507	1.5439524135463951	1.2050244022459013	1.2616408085737967	1.4422025572506314	1.4589244707835425	1.2564488853198668	1.5439187482500625	1.6122110186558998	1.2033504235523822	1.6671181253643477	1.190453552540268	0.31713334912127333	0.06932951272333229
TILD117MA1_150_3_7	TILD117MA1	TILD117	fold_5	macrophage_profibrotic	POOLED	1.97752848834987	1.5439581518555183	1.4177911492464281	1.4103585596861197	1.0608348779578058	1.057275810034799	0.8271715384076083	1.5439282492058723	1.1327899497025138	0.762653152258673	1.1334865157291807	0.7048199728678924	0.5671699286637504	-0.07058796574113727
TILD117MA1_150_4_15	TILD117MA1	TILD117	fold_5	macrophage_profibrotic	POOLED	2.57183672712671	1.5439763806529798	1.6898239736089193	1.7282257953416484	1.8586770364078102	1.8198404567779596	1.8449058055902894	1.543958389699349	1.9399440205557688	1.8046750342923965	1.9634199892673594	1.8047908387261837	0.8436109317850617	0.022614425888067592
TILD117MA1_150_4_16	TILD117MA1	TILD117	fold_5	macrophage_profibrotic	POOLED	2.91517683279687	1.5439782934226876	2.000538917240076	1.9989834725309534	2.215691287194901	2.2361633321873153	2.0659694349143773	1.543961556684619	2.296428546240132	2.333140651446083	2.1743692754863364	2.266663786420723	0.9161933602659165	0.0988483110430253
TILD117MA1_150_4_4	TILD117MA1	TILD117	fold_5	macrophage_profibrotic	POOLED	2.1881952592465	1.5439553401861945	1.5098444901693289	1.516313695400564	1.7683094265922719	1.7248271998926237	1.669343598291971	1.5439235528613788	1.7543186564523252	1.5825676995025861	1.7840173608557444	1.6423069559465986	0.6718815638459361	0.04711126483588822
TILD117MA1_150_5_4	TILD117MA1	TILD117	fold_5	macrophage_profibrotic	POOLED	2.37288819001273	1.5439582668259941	1.5812120544661965	1.6327041106836433	2.2505825477054677	2.1599677866150087	1.7410894372536874	1.5439283574726952	2.1786180803616557	2.11796461546908	2.1535084639569755	2.1927443868994003	0.7401840793290868	0.0499823131895967
TILD117MA1_150_5_5	TILD117MA1	TILD117	fold_5	macrophage_profibrotic	POOLED	2.31149935124939	1.5439601795957019	1.5876214802813333	1.5149875930462142	1.7934012845632996	1.7049965361017243	1.4090849735990205	1.5439315244579652	1.6282799913603614	1.5327201704579543	1.6331738213994549	1.5373686873334083	0.7965117582031758	0.09736255248245972
TILD117MA1_150_6_11	TILD117MA1	TILD117	fold_5	macrophage_profibrotic	POOLED	0.18083537287633	1.543974582853748	0.7799454966714333	0.9387062414609367	0.9422315949508205	0.7328562652959547	1.4854568600466695	1.5439553309809018	0.9123986800307498	0.6093413826192839	1.3311484113123948	0.8258862405880146	-0.7578708685846067	-0.013029151138557902
TILD117MA1_150_6_4	TILD117MA1	TILD117	fold_5	macrophage_profibrotic	POOLED	2.32356127511086	1.5439611934657935	1.7083968279785455	1.601311713741817	1.713047827506176	1.7470743137699978	1.5397731170799955	1.5439331620840118	1.923782322588381	1.7267518194580986	1.8258714478889229	1.6972898911103034	0.7222495613690432	0.05747268663269242
TILD117MA1_150_6_5	TILD117MA1	TILD117	fold_5	macrophage_profibrotic	POOLED	2.12083414724134	1.5439631062355013	1.0880151003381344	1.3032173827639093	1.8857645015929574	1.7407040765203876	1.598949392605947	1.5439363290692818	1.7299751209227823	1.4197351590249188	1.9127788232434937	1.5009271447049946	0.8176167644774306	0.08742997682716735
TILD117MA1_150_7_2	TILD117MA1	TILD117	fold_5	macrophage_profibrotic	POOLED	2.20071888941762	1.5439602945661774	1.5422283585793453	1.4749776835699282	1.469305860788944	1.439623800726329	1.3192954479466696	1.543931632724788	1.3260236595172827	1.1425631483447174	1.2975453276417726	1.140011763876526	0.725741205847692	0.001226288344659994
TILD117MA1_150_7_4	TILD117MA1	TILD117	fold_5	macrophage_profibrotic	POOLED	1.85310367312357	1.543964120105593	1.4279435196586812	1.4735231010535654	1.55183066222661	1.5584513513209741	1.58650779239336	1.5439379666953281	1.6070191198262354	1.430138220828788	1.624264250934926	1.38782920826918	0.3795805720700045	0.04433403335613779
TILD117MA1_150_7_6	TILD117MA1	TILD117	fold_5	macrophage_profibrotic	POOLED	1.67519902995499	1.5439679456450086	1.6011046230896868	1.620436816920605	1.6220192343980195	1.6049565841470972	1.4675969333711751	1.5439443006658682	1.5787009375647956	1.5000601433254916	1.507647350358032	1.527848557046706	0.054762213034385	0.03607399717490212
TILD117MA1_150_7_9	TILD117MA1	TILD117	fold_5	macrophage_profibrotic	POOLED	2.5858428514629	1.5439736839541318	1.562279182793873	1.524966739436871	2.4496914778782477	2.1220992756797568	1.8458718673784311	1.5439538016216783	1.7379888396563075	2.0331591853510655	2.067876529795146	2.325707437045719	1.060876112026029	0.0391291563136865
TILD117MA1_150_8_11	TILD117MA1	TILD117	fold_5	macrophage_profibrotic	POOLED	1.03614837077366	1.543980436133347	1.1969184219278093	1.0811140195294773	1.9003364197751536	1.523276902107373	1.8238051666102828	1.5439649402035347	1.6577180875889663	1.3901719036067848	1.9239531317473384	1.6520354054864703	-0.04496564875581721	0.09775030669396823
TILD117MA1_150_8_12	TILD117MA1	TILD117	fold_5	macrophage_profibrotic	POOLED	1.12145431696755	1.5439823489030546	0.754768500932123	0.965554799404427	1.176955798971333	0.8789983973253608	1.4707235901606603	1.5439681071888047	1.2743108965319325	0.9944116280301611	1.5460920388201902	1.188905426584294	0.15589951756312292	-0.022384226289947393
TILD117MA1_150_8_13	TILD117MA1	TILD117	fold_5	macrophage_profibrotic	POOLED	2.63791125998964	1.5439842616727624	1.9423680390464841	1.814118021314777	1.6490363287793735	1.5799159201589545	1.567220599704577	1.5439712741740748	1.5680983197369032	1.3752657348139035	1.6420388815908504	1.3988591465622042	0.823793238674863	-0.0075928528191480365
TILD117MA1_150_8_16	TILD117MA1	TILD117	fold_5	macrophage_profibrotic	POOLED	2.56367441583983	1.5439899999818856	1.5662149871736792	1.68955564224676	1.7010013563237825	1.6524683994032088	1.4929487324101482	1.5439807751298849	2.0700382550144436	1.5595066279150116	2.0926741119950467	1.546971614210445	0.87411877359307	0.05914250363807047
TILD117MA1_150_8_17	TILD117MA1	TILD117	fold_5	macrophage_profibrotic	POOLED	3.2706653969351	1.5439919127515933	2.6714104266119385	2.5204859570314584	3.0552855994765413	3.0046295600542168	2.106604668574154	1.5439839421151549	2.676226293609693	2.928182832050166	2.488074394103622	2.8824193195817207	0.7501794399036417	0.1453387934313595
TILD117MA1_150_8_3	TILD117MA1	TILD117	fold_5	macrophage_profibrotic	POOLED	1.68335130257987	1.5439651339756848	1.6980321883732783	1.6680802762871332	1.7266455969942067	1.6271794843784924	1.713902154197299	1.5439396043213747	1.572588880503891	1.3875593644367603	1.7027832312842621	1.3893184436132924	0.015271026292736911	-0.01827967221802158
TILD117MA1_150_8_5	TILD117MA1	TILD117	fold_5	macrophage_profibrotic	POOLED	0.957941225390847	1.5439689595151003	1.546101590094547	1.5071188905063386	1.4130346041322648	1.4388839703191247	1.124800403669575	1.5439459382919147	1.5188747782452163	1.3488334818773076	1.48843549636704	1.2809357176311986	-0.5491776651154916	0.08171178344415575
TILD117MA1_150_8_6	TILD117MA1	TILD117	fold_5	macrophage_profibrotic	POOLED	2.35459341234712	1.543970872284808	2.012094252442675	2.0806670194709653	2.354528601811138	2.2635603603723	1.6471459989405104	1.5439491052771845	2.169948985110037	2.0776543358933335	2.213345674764895	2.070650157151836	0.2739263928761546	0.0747656226683117
TILD117MA1_150_8_7	TILD117MA1	TILD117	fold_5	macrophage_profibrotic	POOLED	2.93705786704867	1.5439727850545157	2.1726587882133166	2.1698275121414707	2.273485301144447	2.2484098437451348	1.4906561775260059	1.5439522722624546	2.227210424461351	2.334313754701303	2.1276472656579166	2.383891299728305	0.7672303549071993	0.037169206159171665
TILD117MA1_150_8_9	TILD117MA1	TILD117	fold_5	macrophage_profibrotic	POOLED	2.55562487479271	1.5439766105939312	1.7636945678020242	1.772822196029978	2.231082404493228	2.1049712507723024	1.9543041354597461	1.5439586062329946	1.7733596307374306	2.0541757153728506	1.880560982892023	2.11474851324122	0.7828026787627322	0.06448952664223583
TILD117MA1_150_9_10	TILD117MA1	TILD117	fold_5	macrophage_profibrotic	POOLED	1.53901077356442	1.5439814500034386	1.631047417008263	1.5057083791888957	1.4719825967896403	1.4743053627140554	1.4054676544065778	1.543966577829581	1.8133542841847308	1.3131962097532444	1.773100531576799	1.271846421213351	0.0333023943755244	0.03133808640401693
TILD117MA1_150_9_17	TILD117MA1	TILD117	fold_5	macrophage_profibrotic	POOLED	2.98512539363879	1.543994839391393	2.3961538030832994	2.383907186403378	2.3931107068132462	2.4533325849270344	1.7726006688502978	1.5439887467264712	2.3192795753745097	2.234392434599323	2.2056849293745	2.1073720327817997	0.6012182072354122	0.10725201853307074
TILD117MA1_150_9_21	TILD117MA1	TILD117	fold_5	macrophage_profibrotic	POOLED	3.48297554302728	1.5440024904702239	2.7372472524712643	2.750631110466398	2.5529053583201753	2.582633968490392	2.2156933543918007	1.5440014146675514	2.4205474255170056	2.596533002295805	2.2910050213255793	2.6009356566216537	0.7323444325608821	0.06435711430071236
VUHD113_150_12_23	VUHD113	VUHD113	fold_5	macrophage_profibrotic	POOLED	0.249085761672309	1.544022338125833	1.5254335342619447	1.4958657241200761	0.7520550857021833	0.8502396743808571	1.245886336392071	1.5440269130111062	1.147773352237226	0.9652296585816955	1.068474413873313	0.8735759973989521	-1.2467799624477671	-0.08517282725943576
VUHD113_150_12_24	VUHD113	VUHD113	fold_5	macrophage_profibrotic	POOLED	1.44819904938905	1.544024250710821	1.181010447793006	1.2076626268437387	1.0710824026629118	1.062681396399723	1.1429180582854908	1.5440300798117004	1.1716363049610763	1.1534357348214228	1.0742293432418697	1.1376427155504574	0.24053642254531127	0.011972712732871493
VUHD113_150_14_6	VUHD113	VUHD113	fold_5	macrophage_profibrotic	POOLED	1.51277060141543	1.5439968369066626	1.0864862591787052	1.0165383086958852	1.5314278389091929	1.4233151090375291	1.2497031367585447	1.5439838459211073	1.493965980305856	1.6177035578666998	1.580537521977998	1.7481185889339768	0.49623229271954483	0.04709309121575167
VUHD113_150_15_10	VUHD113	VUHD113	fold_5	macrophage_profibrotic	POOLED	1.38263147983184	1.5440079936094315	1.1468985498698405	1.1696700085432492	1.2372481901756025	1.2250315436183596	1.0942406102268964	1.5440018973835365	1.1978173841703161	1.2107861793335533	1.1920256253446577	1.2574033828874336	0.21296147128859078	-0.014561997498532942
VUHD113_150_2_9	VUHD113	VUHD113	fold_5	macrophage_profibrotic	POOLED	1.39241468328319	1.54396049830784	1.123614979489145	1.1145968859735609	0.8321366338802907	0.9087338257391766	1.2307509271530495	1.5439287352022655	1.148549434660953	1.2555284706802552	1.071377946671209	1.214047321201603	0.2778177973096292	-0.05150936594068491
VUHD113_150_3_19	VUHD113	VUHD113	fold_5	macrophage_profibrotic	POOLED	0.5755367720494	1.543983130520539	0.7751083936685121	0.7725582784634653	0.5634278655072125	0.560234157032019	1.0077431368798049	1.5439657874682604	0.9779881280644976	1.0046397726764262	1.1274378003224117	1.121780291478339	-0.19702150641406524	-0.012836084711366597
VUHD113_150_5_19	VUHD113	VUHD113	fold_5	macrophage_profibrotic	POOLED	0.965616707241254	1.5439901432461702	0.5367101008682909	0.5442767237158608	1.2204551280735796	1.0751451433702508	1.3282424405786157	1.5439765559883645	1.2003160279496636	1.1896689979471726	1.3579100071843724	1.4020545755483413	0.42133998352539326	0.04694876575975264
VUHD113_150_5_20	VUHD113	VUHD113	fold_5	macrophage_profibrotic	POOLED	1.24163999963123	1.5439920558311584	1.5040379242854027	1.3975372168239077	1.1142753534480825	1.2184948354911338	1.2905027641790032	1.543979722788959	1.4278149724472098	1.2789787897982643	1.345377605468801	1.155008048654607	-0.1558972171926778	-0.030882572562063306
VUHD113_150_5_21	VUHD113	VUHD113	fold_5	macrophage_profibrotic	POOLED	1.46753904101295	1.5439939684161468	0.9341605245558204	1.0627362526628739	0.8841858288514065	0.9875575876277795	1.1767808380213591	1.543982889589553	1.2639635436825558	1.350316939216326	1.284493334605485	1.3738105146836803	0.4048027883500762	-0.017369805525450543
VUHD113_150_6_14	VUHD113	VUHD113	fold_5	macrophage_profibrotic	POOLED	1.58602747931302	1.5439840866840442	1.295207389534486	1.047095856923132	1.0534158788250856	1.0657936668171555	1.2510862202019155	1.543966106245445	1.268876800048463	1.375768377335827	1.252461783836099	1.3760283699618512	0.5389316223898881	-0.010587790767767544
VUHD113_150_6_21	VUHD113	VUHD113	fold_5	macrophage_profibrotic	POOLED	1.46713187156209	1.5439974747789624	1.4056274832321511	1.2892258697582744	1.030914089862919	1.0894373783426041	1.6088956692369454	1.5439882738496051	1.3699285265117873	1.4192837182566482	1.245752127025992	1.4258754554396333	0.17790600180381566	-0.013534662112437817
VUHD113_150_7_11	VUHD113	VUHD113	fold_5	macrophage_profibrotic	POOLED	1.07424398412254	1.543981855291895	0.6828468760904103	0.7427712631880652	1.222453012568085	1.1037163839601503	1.6831400754659733	1.5439619901037143	1.1866471280065518	1.1894678445244744	1.4192761420810511	1.3974028779182277	0.3314727209344748	0.055455844508739305
VUHD113_150_7_12	VUHD113	VUHD113	fold_5	macrophage_profibrotic	POOLED	1.52372436133703	1.543983767876883	0.9676848230560893	0.8483897079646534	1.3831760945701208	1.2024015940368074	1.481648392431178	1.5439651569043087	1.1340627300581363	1.1497593033877505	1.3561611894426513	1.389549569655636	0.6753346533723765	-0.012236069847098456
VUHD113_150_7_15	VUHD113	VUHD113	fold_5	macrophage_profibrotic	POOLED	0.57968564153732	1.543989505631848	0.4114384438923875	0.2802856723872298	0.5804387549143174	0.4463184676053651	1.3107085898793742	1.5439746573060915	0.8408625315564838	0.8145532799296751	1.1876897720170538	1.0330418250078939	0.29939996915009026	-0.019194851729662548
VUHD113_150_7_24	VUHD113	VUHD113	fold_5	macrophage_profibrotic	POOLED	1.40645870096991	1.544006718896743	1.4367331150587193	1.3103274471532107	1.2294788892193718	1.1862022966469976	1.415245788904306	1.54400315851144	1.5087724944278635	1.5835422940893036	1.559723678226987	1.6369181336001157	0.0961312538166994	-0.01927423119158129
VUHD113_150_9_14	VUHD113	VUHD113	fold_5	macrophage_profibrotic	POOLED	2.05016528202716	1.543994605772491	1.3880228269218715	1.3157125008559145	1.2303355893056038	1.3570899992204821	1.4294014192621223	1.5439822590256014	1.5923584315426442	1.713798982153588	1.5677181975383718	1.7135607200212704	0.7344527811712456	0.005859810366134213
VUILD96LA_150_10_10	VUILD96LA	VUILD96	fold_5	macrophage_profibrotic	POOLED	1.35635660106786	1.5439810656523854	1.474392845605814	1.4032838648087052	1.4332650139529661	1.558718413098386	1.4120913959659647	1.5439742816571689	1.61291339486713	1.3082731782878954	1.479465904831252	1.055605620875741	-0.046927263740845104	0.05668738150635591
VUILD96LA_150_10_11	VUILD96LA	VUILD96	fold_5	macrophage_profibrotic	POOLED	1.42166151744127	1.543982662235686	1.14358142314813	1.0726560895507555	1.2797625357228863	1.2811693043082641	1.5889786899975276	1.5439771325308498	1.3384477836383208	1.3123726172071286	1.4438766866039996	1.2639094439789356	0.34900542789051436	0.09754590277047161
VUILD96LA_150_10_16	VUILD96LA	VUILD96	fold_5	macrophage_profibrotic	POOLED	2.55776907315958	1.5439906451521899	3.7437452093081403	3.537985879684753	3.0710603298282786	3.161892257980563	2.7081062651149006	1.5439913868992545	3.1886967105451856	3.354919380049789	2.866076463550299	3.1983358901859273	-0.9802168065251728	0.14998787031334493
VUILD96LA_150_10_19	VUILD96LA	VUILD96	fold_5	macrophage_profibrotic	POOLED	1.48689785856274	1.5439954349020921	3.300575133015938	3.1937240703327348	2.1189426529029114	2.4569111807962285	2.633185275599193	1.5439999395202972	2.567490201414248	2.6895008275419556	2.0734307350113674	2.414813872407393	-1.7068262117699948	0.11845768799213799
VUILD96LA_150_11_16	VUILD96LA	VUILD96	fold_5	macrophage_profibrotic	POOLED	2.597100162003	1.5439935726459342	1.9703881725804324	2.0401517616487874	2.246878713616152	2.3166109989079398	2.178715273854569	1.5439961923644063	2.5426857210153377	2.42543559307535	2.4029469482360155	2.295179793818467	0.5569484003542127	0.17395560193496093
VUILD96LA_150_11_18	VUILD96LA	VUILD96	fold_5	macrophage_profibrotic	POOLED	2.19744926145684	1.5439967658125358	2.2746241205679483	2.2474694797074175	1.7889701243627174	1.973849722494813	1.8009091301774585	1.5440018941117681	2.5172404382824087	2.1950870507881364	2.0958447182132125	2.0975399209489742	-0.050020218250577564	0.034719797808229216
VUILD96LA_150_11_19	VUILD96LA	VUILD96	fold_5	macrophage_profibrotic	POOLED	1.65389207480706	1.5439983623958364	2.188926291175406	2.3000531341522565	1.5098058606599465	1.7278146064024822	1.8125019834417802	1.5440047449854493	1.9270089383108333	1.7746667162716177	1.593148421837969	1.6230887734916717	-0.6461610593451965	0.0654862438290432
VUILD96LA_150_11_20	VUILD96LA	VUILD96	fold_5	macrophage_profibrotic	POOLED	1.93124953326817	1.543999958979137	2.861558253458371	2.8816426908896577	1.1843680424881666	1.617774350344332	1.8309209908598787	1.5440075958591302	2.16250324166735	1.7663724621848496	1.6756844798675834	1.3875389018668443	-0.9503931576214877	0.08730455812657943
VUILD96LA_150_12_15	VUILD96LA	VUILD96	fold_5	macrophage_profibrotic	POOLED	2.11373510097774	1.5439949035563778	1.6798568697207426	1.7054104693069876	1.6376120747384024	1.7642098454088133	1.7223497495483273	1.5439981469558772	1.8701074558670854	1.4946053758413596	1.6561065690699985	1.2507330769909122	0.4083246316707525	0.15149835355815847
VUILD96LA_150_12_19	VUILD96LA	VUILD96	fold_5	macrophage_profibrotic	POOLED	1.78485712570156	1.5440012898895807	1.6892210010024094	1.8883293869572924	1.1131106935157942	1.332428647284334	1.7390895964510478	1.544009550450601	1.6946536040994806	1.4776449337920714	1.5751344959588331	1.2605501748198429	-0.10347226125573239	0.09973249085280056
VUILD96LA_150_12_20	VUILD96LA	VUILD96	fold_5	macrophage_profibrotic	POOLED	1.92765383012742	1.5440028864728814	2.171497242974173	2.2161296028407085	1.597625256801367	1.7447123944219691	1.6937655048456977	1.544012401324282	1.8459266044322864	1.8416055042763393	1.6915174291459711	1.606049283069651	-0.2884757727132885	0.1037388406658879
VUILD96LA_150_12_9	VUILD96LA	VUILD96	fold_5	macrophage_profibrotic	POOLED	1.6172591982836	1.5439853240565733	1.4351049155358646	1.3750923166057165	1.8283639561528902	1.817917923039754	1.7686354299069122	1.5439810417137918	1.4246970767411784	1.5167148326261124	1.4420111947988126	1.4455242557292545	0.24216688167788347	0.12498431923813422
VUILD96LA_150_13_13	VUILD96LA	VUILD96	fold_5	macrophage_profibrotic	POOLED	1.78207364421675	1.5439946378835205	1.7819225385502557	1.886486426514559	1.8317699373298066	1.882136513686719	2.206250695728044	1.5439972506736672	2.046039079107735	1.9437830019195181	2.079986914770993	1.9074494479004473	-0.10441278229780893	0.14669924410783056
VUILD96LA_150_13_14	VUILD96LA	VUILD96	fold_5	macrophage_profibrotic	POOLED	2.288999815241	1.5439962344668214	2.8322904672019287	2.8532484026749168	3.045710657345363	3.1501583718637236	2.153193338899201	1.5440001015473481	2.9598700338377633	2.8825311392095623	2.737222891359658	2.7199705481081207	-0.5642485874339167	0.20230734672085912
VUILD96LA_150_13_15	VUILD96LA	VUILD96	fold_5	macrophage_profibrotic	POOLED	1.35115649313074	1.5439978310501221	2.1323652141910063	2.2251777620654973	1.7050630591296996	1.8416461932361656	1.6282795509030703	1.5440029524210293	1.8509803824143123	1.9050364515296194	1.7350517916684427	1.7324026058555475	-0.8740212689347573	0.11308823188857456
VUILD96LA_150_13_21	VUILD96LA	VUILD96	fold_5	macrophage_profibrotic	POOLED	1.2957983637318	1.5440074105499266	1.9784720358547698	1.9513099447411257	1.1075407292290853	1.2741830804099816	1.6260578830713355	1.5440200576631147	1.2931845797760828	1.2347186396515306	1.2921891270874046	0.995589339461324	-0.6555115810093257	0.08538731263693408
VUILD96LA_150_13_22	VUILD96LA	VUILD96	fold_5	macrophage_profibrotic	POOLED	1.94945047404125	1.5440090071332273	1.8398510330080327	1.962264531401895	2.1145422260152578	2.148995817014639	1.9653214015752782	1.5440229085367958	1.9801048775145937	2.347731814405725	1.9924254012737816	2.3148324126167537	-0.012814057360645004	0.11415087763072082
VUILD96LA_150_13_6	VUILD96LA	VUILD96	fold_5	macrophage_profibrotic	POOLED	2.79769617426176	1.5439834618004153	3.2875043263402706	2.9785265123458595	2.826789474148275	2.911715302820251	2.155769332590123	1.5439772945579007	3.0023329022115712	3.2058605078649904	2.8181058761638997	3.092479566994826	-0.18083033808409965	0.09177095028762335
VUILD96LA_150_13_8	VUILD96LA	VUILD96	fold_5	macrophage_profibrotic	POOLED	2.37337165462734	1.543986654967017	1.8792596747247945	1.7437420246134667	2.112269726706878	2.044637686286726	1.7948728191858545	1.5439829963052627	1.9458082369046314	1.9878365118550094	1.8409447787519653	1.9324684734562385	0.6296296300138733	0.1533339628902397
VUILD96LA_150_14_11	VUILD96LA	VUILD96	fold_5	macrophage_profibrotic	POOLED	1.46824885617831	1.5439943722106635	1.5551514196219045	1.574719952065817	1.0592585241764767	1.1825687366494595	1.8907631838913743	1.5439963543914572	1.7308528180567841	1.4670108774144044	1.7320457196899361	1.3566570765916142	-0.10647109588750703	0.10415293253439237
VUILD96LA_150_14_13	VUILD96LA	VUILD96	fold_5	macrophage_profibrotic	POOLED	1.83303529650589	1.543997565377265	2.5032689465977755	2.5370958522892737	2.1117636591995543	2.291421846261314	2.082760258719679	1.5440020561388192	2.5408567817566996	2.461813507813636	2.311759239837082	2.3720525344553813	-0.7040605557833837	0.15797068821972796
VUILD96LA_150_14_14	VUILD96LA	VUILD96	fold_5	macrophage_profibrotic	POOLED	2.4896393264557	1.5439991619605657	3.4817964078364274	3.4725398406696946	3.454947794938681	3.5721425622365683	2.564335463148142	1.5440049070125001	3.2896803536704646	3.487931410447476	3.0256762120415965	3.3570897709565317	-0.9829005142139944	0.1910828744949952
VUILD96LA_150_14_17	VUILD96LA	VUILD96	fold_5	macrophage_profibrotic	POOLED	2.70687797800683	1.544003951710468	3.0167334028843773	3.11568815298513	3.0249309141908127	3.132384881456215	2.472781173843968	1.5440134596335429	2.9368916219937398	3.0840289057523806	2.643642273481208	2.9983870426667005	-0.40881017497829975	0.16615887582661767
VUILD96LA_150_14_21	VUILD96LA	VUILD96	fold_5	macrophage_profibrotic	POOLED	2.22593155555017	1.544010338043671	2.3364918557168997	2.4781961568611024	2.657973339387314	2.7392780104263763	2.3901497414996467	1.5440248631282667	2.6385280495984325	2.8760601317680403	2.4450861553108854	2.895832139429805	-0.2522646013109324	0.17853166450656746
VUILD96LA_150_14_22	VUILD96LA	VUILD96	fold_5	macrophage_profibrotic	POOLED	2.57158127445137	1.5440119346269716	2.667031268418683	2.776518333428903	2.903287523403818	2.9417168699752523	2.546445912337045	1.5440277140019476	2.9068340590448454	3.1287606405126875	2.7869665688898495	3.199417385602371	-0.20493705897753278	0.17990938405498788
VUILD96LA_150_14_24	VUILD96LA	VUILD96	fold_5	macrophage_profibrotic	POOLED	2.49883825196086	1.5440151277935732	2.7678114394391446	2.888391680068959	2.922453199106172	2.995155101324943	2.6953805392781356	1.5440334157493094	3.023595266481289	2.9953572397296075	2.7899585464887866	2.9654161782227555	-0.389553428108099	0.12447199652679439
VUILD96LA_150_14_7	VUILD96LA	VUILD96	fold_5	macrophage_profibrotic	POOLED	0.839520298889575	1.5439879858774606	1.0544903972206277	1.046035678175366	1.7042200371755367	1.5556806177001565	1.837949102914291	1.5439849508967336	1.4637283633290978	1.4897276012433602	1.6137797046300941	1.5999559716329979	-0.2065153792857909	0.10416129421476128
VUILD96LA_150_14_9	VUILD96LA	VUILD96	fold_5	macrophage_profibrotic	POOLED	1.85488264054884	1.543991179044062	1.5315698365850094	1.3620230999104532	1.9048394656733165	1.7588247699207926	1.4188365412259052	1.5439906526440954	1.5618300074177978	1.4994026693244336	1.7109321526025136	1.549583914554679	0.49285954063838666	0.10205021588030055
VUILD96LA_150_15_15	VUILD96LA	VUILD96	fold_5	macrophage_profibrotic	POOLED	1.95360372318721	1.5440036860376107	1.7620101035822702	1.8827181019055994	1.3508391829973054	1.4522590081556552	1.221298484511139	1.5440125633513329	1.338891087286194	1.1649976177653896	1.2220553353970645	0.9810185180202612	0.07088562128161069	0.04957792791571328
VUILD96LA_150_15_16	VUILD96LA	VUILD96	fold_5	macrophage_profibrotic	POOLED	1.48238565502548	1.5440052826209116	1.7191227161817337	1.7452315832706915	1.6765196763026695	1.846702487846985	1.8480603921979177	1.5440154142250138	2.0101105694327543	1.6918212335058564	1.90369969600376	1.514678687087957	-0.2628459282452116	0.12078817125954869
VUILD96LA_150_15_18	VUILD96LA	VUILD96	fold_5	macrophage_profibrotic	POOLED	2.34745022658713	1.544008475787513	2.518727963969366	2.5473546523322863	2.5991243767429264	2.6950894623241846	2.415822952726655	1.5440211159723758	2.6261472368343823	2.8348354964150158	2.397287509179594	2.7559906174378686	-0.1999044257451561	0.16830308002086095
VUILD96LA_150_16_11	VUILD96LA	VUILD96	fold_5	macrophage_profibrotic	POOLED	2.32094380818642	1.544000227198152	2.7410046019164476	2.6339704320759436	2.521464279446727	2.5612215880971547	2.1963665195287816	1.544005965321761	2.683184387692977	2.9644110722183776	2.474808427391762	3.017168466680758	-0.3130266238895234	0.08987575007282922
VUILD96LA_150_16_14	VUILD96LA	VUILD96	fold_5	macrophage_profibrotic	POOLED	1.50238474024293	1.5440050169480544	1.1560028235278033	1.2804524347618136	1.9555011435178162	1.9112790712378067	1.8899053682139466	1.5440145179428038	1.6243098636542816	1.6368341166292142	1.6984710301815988	1.6464553576668222	0.22193230548111642	0.18454634399053046
VUILD96LA_150_16_17	VUILD96LA	VUILD96	fold_5	macrophage_profibrotic	POOLED	1.65372075928252	1.5440098066979566	1.1766067261317377	1.3286039719901608	1.3552678574759782	1.3577233364031414	1.9209203786626197	1.5440230705638467	1.7413059270372684	1.4484265787745079	1.7023324051924156	1.5023414724402862	0.32511678729235927	-0.0036103660878441454
VUILD96LA_150_16_18	VUILD96LA	VUILD96	fold_5	macrophage_profibrotic	POOLED	1.00053301606952	1.5440114032812573	1.5582106333353996	1.7309992240737104	1.7228005045354695	1.7597893097563524	1.7979369600735933	1.5440259214375276	1.6996382286176106	1.774272570207464	1.7470624775513635	1.7221933038189914	-0.7304662080041904	0.07587604069832965
VUILD96LA_150_16_19	VUILD96LA	VUILD96	fold_5	macrophage_profibrotic	POOLED	1.07126827747639	1.5440129998645582	1.7518074136118962	1.8649683950670781	1.5125603368174045	1.7467350651506923	1.7046714926668671	1.5440287723112085	1.8706642348281737	1.6221767006215797	1.694807765378905	1.4286240096540652	-0.7937001175906881	0.17891494194590501
VUILD96LA_150_16_20	VUILD96LA	VUILD96	fold_5	macrophage_profibrotic	POOLED	1.66624107269492	1.5440145964478589	1.9952280008460168	2.019863455058624	2.075782138555108	2.1227804419724157	2.0531978694804334	1.5440316231848894	1.9676741407853382	2.1954755191409694	1.9841165798988367	2.20045273755126	-0.35362238236370414	0.16794615838131013
VUILD96LA_150_16_23	VUILD96LA	VUILD96	fold_5	macrophage_profibrotic	POOLED	0.718340948433783	1.5440193861977611	1.4673003246461098	1.5724591814525852	1.2624179124626491	1.2868324250691676	1.6672603122822316	1.5440401758059323	1.440424574556711	1.1414042907728859	1.6059478369020082	1.1243710439313819	-0.8541182330188022	0.05139228937750849
VUILD96LA_150_16_7	VUILD96LA	VUILD96	fold_5	macrophage_profibrotic	POOLED	0.905908832891868	1.5439938408649492	1.0516545933876067	0.9237293762741823	0.9931759406849596	0.9722352635444268	1.484980357631103	1.5439945618270374	0.9689076425321944	1.1684295546086685	1.1954197055229727	1.2948954540192146	-0.017820543382314313	0.116221658840652
VUILD96LA_150_16_8	VUILD96LA	VUILD96	fold_5	macrophage_profibrotic	POOLED	1.10431136878313	1.5439954374482499	1.131197842552902	1.0267297302341047	1.6294437124319456	1.5217646737248982	1.4658200082902166	1.5439974127007183	1.3743993508948098	1.428167618601754	1.5015433864904397	1.474230407082395	0.07758163854902533	0.14043736362127351
VUILD96LA_150_17_10	VUILD96LA	VUILD96	fold_5	macrophage_profibrotic	POOLED	1.22708152737471	1.5440015581085957	1.104781258513425	1.1570508407931128	0.9372454361374857	0.976580177531513	1.3513062548174473	1.544007919913232	1.197896779667996	0.8114060121815616	1.246299213117296	0.6455616860229606	0.07003068658159717	0.05656471435529692
VUILD96LA_150_17_11	VUILD96LA	VUILD96	fold_5	macrophage_profibrotic	POOLED	2.00926464948199	1.5440031546918964	2.241586669388303	2.1192845109418963	2.531589619920085	2.5531910024820132	2.2577414806847447	1.5440107707869128	2.557797536548391	2.6344964698493016	2.4487349944831944	2.6266416728524637	-0.11001986145990639	0.15042858877443327
VUILD96LA_150_17_17	VUILD96LA	VUILD96	fold_5	macrophage_profibrotic	POOLED	1.69441373710231	1.544012734191701	1.9091377526475233	1.8094879766378487	1.4207427036678548	1.5228844924421672	1.7239488458579946	1.5440278760289985	1.5569004607663663	1.3810675680479374	1.5586963473986077	1.269767803789506	-0.11507423953553864	0.06030492206159646
VUILD96LA_150_17_21	VUILD96LA	VUILD96	fold_5	macrophage_profibrotic	POOLED	1.94105506634994	1.5440191205249039	1.9168662595652564	1.9752532528752447	1.9347096169084685	2.011797795254377	1.9055172354614378	1.5440392795237223	1.852310252658714	1.9162380233347935	1.7738233479810765	1.8495047662956636	-0.03419818652530471	0.1468897414144982
VUILD96LA_150_17_27	VUILD96LA	VUILD96	fold_5	macrophage_profibrotic	POOLED	1.45845456088208	1.5440287000247084	2.0134508087972005	2.1475418101260493	1.8199297464253714	1.9565118166572664	1.789267628251125	1.544056384765808	1.8810570623506608	1.8031600861284494	1.8568201180190467	1.6346765485491632	-0.6890872492439692	0.1768511135068421
VUILD96LA_150_18_10	VUILD96LA	VUILD96	fold_5	macrophage_profibrotic	POOLED	1.68984661388544	1.54400448560234	1.6998232412022538	1.6540273240590821	1.523036896140763	1.5544464117450518	1.7830531195134525	1.544012725378384	1.9669231226686366	1.5248144005506976	1.893469674464641	1.4266778659602817	0.03581928982635785	0.07148153922251546
VUILD96LA_150_18_18	VUILD96LA	VUILD96	fold_5	macrophage_profibrotic	POOLED	1.53223759007741	1.5440172582687461	2.0048383684531514	1.9717001153683484	1.379708105507605	1.6059988153856732	1.6185646290429772	1.5440355323678314	1.7324144941879	1.7510465739446508	1.5043951616698288	1.586660281722632	-0.43946252529093854	0.06935513057294776
VUILD96LA_150_18_20	VUILD96LA	VUILD96	fold_5	macrophage_profibrotic	POOLED	2.03179978566294	1.5440204514353475	1.6458788311313364	1.5673443194388104	1.8531327666304678	1.9203368568092531	1.6985491127829448	1.5440412341151932	1.7815959664960714	1.584996667328481	1.763787763134184	1.420012317797097	0.4644554662241296	0.15506630605690314
VUILD96LA_150_18_21	VUILD96LA	VUILD96	fold_5	macrophage_profibrotic	POOLED	1.27237949458317	1.5440220480186484	1.6247812567199407	1.7137623512599687	1.6407263528925449	1.6360247507289072	1.5539035889851016	1.5440440849888741	1.7669958849378171	1.7083135490515418	1.7870309107840479	1.7369703838565016	-0.4413828566767988	0.13282778973191156
VUILD96LA_150_18_8	VUILD96LA	VUILD96	fold_5	macrophage_profibrotic	POOLED	0.777992179450969	1.5440012924357387	0.9791110841170265	1.1258085967961282	1.3183657563436617	1.4068117390850818	1.343072141229065	1.544007023631022	1.4692625180572894	1.001400464159526	1.3309325610305125	0.8341671012635058	-0.3478164173451592	0.14832349922122023
VUILD96LA_150_19_16	VUILD96LA	VUILD96	fold_5	macrophage_profibrotic	POOLED	1.34864614357273	1.5440169925958889	1.654474329600703	1.671115246346025	1.66606923359243	1.6659154744979043	1.62998013385255	1.5440346360856214	1.7511239578009201	1.7016423997096672	1.6567680110123768	1.6457841161877929	-0.3224691027732951	0.09654145844246198
VUILD96LA_150_19_20	VUILD96LA	VUILD96	fold_5	macrophage_profibrotic	POOLED	1.86164533132876	1.5440233789290918	1.4397894099351871	1.534470172282538	1.5956798209974246	1.707514094487627	1.7761010982688223	1.544046039580345	1.8778398535734375	1.5382148452407067	1.7719381424252931	1.2830708562658766	0.32717515904622196	0.148339491973248
VUILD96LA_150_19_21	VUILD96LA	VUILD96	fold_5	macrophage_profibrotic	POOLED	1.7877537969483	1.5440249755123927	1.5292967986026196	1.5744899936534011	1.717025917521196	1.6712640786920832	1.4758391720461366	1.544048890454026	1.45986726035772	1.5760446298025177	1.5251380902839429	1.5697377789862106	0.2132638032948988	0.1312694492213662
VUILD96LA_150_19_22	VUILD96LA	VUILD96	fold_5	macrophage_profibrotic	POOLED	1.14939432186665	1.5440265720956934	1.5178621918419086	1.6634010507302006	1.6118284834485574	1.6945549358863976	2.01054714638252	1.544051741327707	1.7679461881356084	1.7479551495959282	1.7632590344128243	1.739804452440794	-0.5140067288635506	0.10711444724669514
VUILD96LA_150_19_9	VUILD96LA	VUILD96	fold_5	macrophage_profibrotic	POOLED	1.91414830724904	1.5440058165127837	1.767372308831089	1.562529647621112	1.8981920620287158	1.9427386119612973	1.66003200254612	1.5440146799698549	1.9120217094320506	1.843577720524868	1.7857806740203304	1.705096801466949	0.35161865962792804	0.12514055558666445
VUILD96LA_150_21_17	VUILD96LA	VUILD96	fold_5	macrophage_profibrotic	POOLED	1.61397775088179	1.5440244441666784	2.928922838196478	3.1526517234282543	1.4763944899876702	1.8631534111156534	2.2895417101244036	1.544047097889606	2.3072420504751525	2.0008743061441834	1.855967665149298	1.629475558426054	-1.5386739725464642	0.06033227802158356
VUILD96LA_150_21_18	VUILD96LA	VUILD96	fold_5	macrophage_profibrotic	POOLED	1.55299000395695	1.544026040749979	2.3623857726718116	2.2094688424498257	1.7433192500608254	1.9058891038788701	1.7082022421013028	1.544049948763287	2.067153702159089	1.8086366952060406	1.8208133616073527	1.6570865505693673	-0.6564788384928757	0.053580821154999986
VUILD96LA_150_2_11	VUILD96LA	VUILD96	fold_5	macrophage_profibrotic	POOLED	1.68909213967668	1.5439592422857313	2.331086460671015	2.369972134853908	0.7296127005869067	1.0682375586152122	1.9350584425729762	1.543938688809635	1.358132759235034	1.3361609803177386	1.1884344742516675	0.9225082635016093	-0.6808799951772277	0.038805165925879195
VUILD96LA_150_3_14	VUILD96LA	VUILD96	fold_5	macrophage_profibrotic	POOLED	1.56087293692918	1.543966959529378	1.496024876295167	1.7173935744706248	1.5431293970631608	1.6602702068869843	1.5414065342285055	1.5439520468958294	1.8140861042776069	1.4846780639920827	1.7294829149369884	1.2683142417396882	-0.15652063754144474	0.14568358371695186
VUILD96LA_150_4_17	VUILD96LA	VUILD96	fold_5	macrophage_profibrotic	POOLED	2.2610065488388	1.5439746767730245	1.8668681283000308	1.7553571380159299	1.922518852493635	1.9062253017854733	2.147128699237852	1.5439654049820242	2.2040026833933792	2.3183000739433948	2.266051244038657	2.3313984293114958	0.50564941082287	0.09939769324725006
VUILD96LA_150_4_21	VUILD96LA	VUILD96	fold_5	macrophage_profibrotic	POOLED	2.34293214013634	1.5439810631062276	2.3472025734918813	2.3855044230490607	2.9766775807263146	2.8601180514571327	2.2572317374794904	1.5439768084767478	2.7119451189608625	2.8621594155933754	2.667011334598054	2.91153202582357	-0.04257228291272064	0.16113136638375217
VUILD96LA_150_4_22	VUILD96LA	VUILD96	fold_5	macrophage_profibrotic	POOLED	2.42149975048268	1.5439826596895283	2.8766828623098526	2.71733430867891	2.5651277651806184	2.586083385227383	2.3408511543624497	1.543979659350429	2.651134526322053	2.6996149592713867	2.5430334059318733	2.6270989701876823	-0.2958345581962303	0.11189803574381568
VUILD96LA_150_4_26	VUILD96LA	VUILD96	fold_5	macrophage_profibrotic	POOLED	2.1702724024368	1.5439890460227312	3.214772513919866	3.239075566692126	2.4773411088468222	2.8381083734313597	2.2034485174558505	1.5439910628451525	3.0185443340335265	2.9235962052165463	2.489632827046391	2.4986041202373617	-1.0688031642553257	0.1445447195111618
VUILD96LA_150_5_11	VUILD96LA	VUILD96	fold_5	macrophage_profibrotic	POOLED	2.20370400074626	1.5439680247669645	1.7712791426580046	1.7308188993323768	1.9742938084212271	1.901377091830132	1.9593462618177897	1.5439531052050903	2.1371468074502844	2.3228938413798543	2.1081124841190646	2.3929383806253024	0.4728851014138833	0.07914773962680152
VUILD96LA_150_5_12	VUILD96LA	VUILD96	fold_5	macrophage_profibrotic	POOLED	2.02613401518184	1.5439696213502652	1.5622177479750885	1.4937201518831702	1.8153881041504853	1.8005730531759323	1.999493533825677	1.5439559560787715	2.2040741888750786	2.4009468901857325	2.2231448130787137	2.5303898414387804	0.5324138632986699	0.11571205279771199
VUILD96LA_150_5_22	VUILD96LA	VUILD96	fold_5	macrophage_profibrotic	POOLED	1.70900856525017	1.5439855871832726	1.8409660334482694	1.8753002991488248	1.5306907773951786	1.6893183320678875	1.1960622983493565	1.5439844648155807	2.0061424587459973	1.8010323061801738	1.824098578248893	1.5457911768478911	-0.1662917338986547	0.10122310074129032
VUILD96LA_150_5_26	VUILD96LA	VUILD96	fold_5	macrophage_profibrotic	POOLED	2.51465958895779	1.5439919735164755	3.4917922409525186	3.437474605547348	3.058249884712884	3.2313885754713225	2.156620890475899	1.5439958683103043	3.0748633123517686	3.217641724496653	2.6980376306385843	3.0417762234213077	-0.9228150165895581	0.16742951194466496
VUILD96LA_150_5_8	VUILD96LA	VUILD96	fold_5	macrophage_profibrotic	POOLED	2.92731102677667	1.5439632350170622	1.586072617966878	1.495279671054565	2.200440938949795	2.0623223493677743	2.006711094794641	1.5439445525840476	1.9787070848744561	2.2335484804971353	2.153024754214845	2.3276784356571527	1.4320313557221052	0.15751204572171004
VUILD96LA_150_6_18	VUILD96LA	VUILD96	fold_5	macrophage_profibrotic	POOLED	1.08251087837913	1.543982128343814	1.5793092641965678	1.3330239082442934	1.2001199796114288	1.2779245510436459	1.741119563382786	1.543977866786009	1.5805948249925534	1.3674414692940409	1.464445238143073	1.2822339368417113	-0.25051302986516344	0.06553306879844004
VUILD96LA_150_7_10	VUILD96LA	VUILD96	fold_5	macrophage_profibrotic	POOLED	0.907618428998841	1.5439722831711524	1.2584957502091554	1.1802137355732105	1.409601072064135	1.4209326178154265	1.45792264729055	1.5439598652617132	1.476473972353891	1.3072696218190467	1.45709522758887	1.1817209510219366	-0.2725953065743695	0.08110596848017632
VUILD96LA_150_7_21	VUILD96LA	VUILD96	fold_5	macrophage_profibrotic	POOLED	1.07326697647202	1.5439898455874606	1.6991195189020611	1.6189391348560147	1.604273516843564	1.7196273316286326	1.2684708423277917	1.5439912248722034	1.8624283380580953	1.402494751780705	1.6553189366321976	1.1887723773149554	-0.5456721583839947	0.11606799118650005
VUILD96LA_150_7_9	VUILD96LA	VUILD96	fold_5	macrophage_profibrotic	POOLED	0.692466541641874	1.5439706865878515	1.1211515537595282	1.056644884400264	1.7761038977366066	1.6063946896088834	1.545447962808578	1.5439570143880323	1.6501774019548408	1.4868481542102878	1.7295689584418605	1.5154290168671947	-0.36417834275839	0.13052153035225542
VUILD96LA_150_8_16	VUILD96LA	VUILD96	fold_5	macrophage_profibrotic	POOLED	2.52660056819807	1.5439847901647012	1.7883284806809345	1.5714138351647273	2.1031006095158737	2.009383634849544	1.9461285109391857	1.5439817759689507	2.0843541597934085	2.0269684762008517	2.152445910552291	2.0612574807146276	0.9551867330333428	0.11513738266203613
VUILD96LA_150_8_27	VUILD96LA	VUILD96	fold_5	macrophage_profibrotic	POOLED	1.58804251667735	1.5440023525810094	1.7322138927923318	1.7832536169268025	1.7517729901323427	1.8695090646402	1.0869030975677316	1.544013135579441	1.8667261673688513	1.7794976359133707	1.7295182713071182	1.5776624689573686	-0.19521110024945254	0.10017721791753732
VUILD96LA_150_8_8	VUILD96LA	VUILD96	fold_5	macrophage_profibrotic	POOLED	0.630131039183965	1.5439720174982952	0.6979491114596776	0.7796331351064718	1.4424342916898676	1.3198621873731238	1.5116301740767273	1.5439589689795032	1.4281252624379412	1.1273304326262008	1.561944814331829	1.1455764838486235	-0.14950209592250685	0.14750447887096077
VUILD96LA_150_9_23	VUILD96LA	VUILD96	fold_5	macrophage_profibrotic	POOLED	2.04563118931511	1.5439988937415507	1.6925784048950356	1.7453665726467325	1.4669937277973004	1.599321336532475	1.3857957676255377	1.544006537549869	1.8417450072238926	1.6846268545497023	1.8677524151761928	1.5649533970563527	0.30026461666837756	0.08254337249829771
VUILD96LA_150_9_24	VUILD96LA	VUILD96	fold_5	macrophage_profibrotic	POOLED	1.56431559229696	1.5440004903248514	1.0384867307455576	1.2228588487562722	1.3577842675672325	1.2447165055302212	1.4423699091367945	1.5440093884235502	1.4929143280053025	1.0460805234229165	1.6720074589149319	1.211351074324917	0.3414567435406879	0.018012827322007277
VUILD96MA_150_10_10	VUILD96MA	VUILD96	fold_5	macrophage_profibrotic	POOLED	2.51205363421552	1.5439767073113204	2.465567780984585	2.554039154621162	2.5759372298849046	2.658490481671712	2.38270370799296	1.543972421447145	2.5805976154798227	2.634941858492313	2.5245149075291313	2.64650341352487	-0.041985520405642074	0.1434329246113242
VUILD96MA_150_10_16	VUILD96MA	VUILD96	fold_5	macrophage_profibrotic	POOLED	1.77705492109585	1.5439862844949048	1.5999953004468865	1.586517021845523	0.7868834766848875	0.9381466572345547	1.2109948547760128	1.5439895243735589	1.2121716533909994	1.2101859533944817	1.2712369610313827	1.1519175655533027	0.19053789925032705	-0.012465920996791035
VUILD96MA_150_10_17	VUILD96MA	VUILD96	fold_5	macrophage_profibrotic	POOLED	1.8523029168136	1.543987880692169	1.614727862448048	1.7052004002056578	1.1167218447025538	1.3415953741421764	1.5293926173524361	1.5439923748612945	1.502578699729503	1.3320453341668945	1.3154990415479888	1.1780956726641745	0.14710251660794227	0.034040830179742715
VUILD96MA_150_10_21	VUILD96MA	VUILD96	fold_5	macrophage_profibrotic	POOLED	2.21096378075895	1.5439942654812253	1.656497830306853	1.5550292411112665	1.4789564060585896	1.4518299912243453	1.4030946244208922	1.5440037768122368	1.7423870250613942	1.892736845827921	1.752305852012391	1.9258116038064124	0.6559345396476834	0.03254631800277398
VUILD96MA_150_10_23	VUILD96MA	VUILD96	fold_5	macrophage_profibrotic	POOLED	1.42961764319114	1.5439974578757534	1.5202663595231969	1.278425840424076	1.5346634528776268	1.3584139336330947	1.6886615481020062	1.544009477787708	1.5974837278271317	1.3490404383272463	1.7370027472607077	1.510515902863029	0.151191802767064	0.005992690585588885
VUILD96MA_150_10_27	VUILD96MA	VUILD96	fold_5	macrophage_profibrotic	POOLED	1.61579115179455	1.5440038426648097	2.1635566885509725	2.0024364271069324	1.6017495382076683	1.734263417321535	1.9329194456543763	1.5440208797386505	1.8902422866412727	2.082541977278639	1.7582958766152883	2.029982566551408	-0.38664527531238235	0.05496773977822551
VUILD96MA_150_10_6	VUILD96MA	VUILD96	fold_5	macrophage_profibrotic	POOLED	1.20594663831562	1.543970322522264	1.6792506652103807	1.683084618310678	1.8405610453128456	1.8863201954608813	1.146767496332127	1.5439610194962026	2.0322235078514694	1.8554206417809564	1.9230935557162285	1.8533633927562105	-0.4771379799950579	0.0013297422141517884
VUILD96MA_150_10_7	VUILD96MA	VUILD96	fold_5	macrophage_profibrotic	POOLED	1.36946197508817	1.5439719187195282	2.892397283552614	2.8332024663580437	2.3024437301139318	2.545281845447672	2.0192082592058367	1.5439638699839382	2.560047685579307	2.786376020829324	2.075113504200754	2.5854467196289432	-1.4637404912698737	0.05365333000203962
VUILD96MA_150_10_9	VUILD96MA	VUILD96	fold_5	macrophage_profibrotic	POOLED	2.85702486885025	1.5439751111140563	3.2813691383005006	3.3125512743519687	3.006977218118859	3.153070245971015	2.2654637391670844	1.5439695709594095	3.1290337980985212	3.0743306060501667	2.7811860851900487	2.9258282013789976	-0.45552640550171875	0.08030268939974694
VUILD96MA_150_11_16	VUILD96MA	VUILD96	fold_5	macrophage_profibrotic	POOLED	1.82819329186986	1.5439887972945845	1.6499529299631714	1.6307053852213584	1.3644935281841506	1.335061133482657	1.600123858449729	1.543993915197781	1.930366184580763	1.6895409275966582	1.871798764644695	1.8356267274821518	0.19748790664850158	0.016124105322255305
VUILD96MA_150_11_17	VUILD96MA	VUILD96	fold_5	macrophage_profibrotic	POOLED	1.56265217141509	1.5439903934918484	2.0414419572430695	2.059546057161757	1.5362043205446965	1.6854452405778941	1.5709566070794196	1.5439967656855167	2.0462855222637164	1.7936447513613496	1.819786765841322	1.758356490891895	-0.49689388574666715	0.006220019344413644
VUILD96MA_150_11_18	VUILD96MA	VUILD96	fold_5	macrophage_profibrotic	POOLED	1.80846460764783	1.5439919896891126	2.174454515370546	2.0886348192952173	1.8564196512612072	1.945406575150415	1.7928466959690814	1.5439996161732523	2.376181965886255	2.235611228006291	2.302289935532948	2.145287513599606	-0.2801702116473874	0.06610386114788984
VUILD96MA_150_11_27	VUILD96MA	VUILD96	fold_5	macrophage_profibrotic	POOLED	1.50814765989878	1.5440063554644894	1.848747628098577	1.9586492558744708	1.601500548154282	1.715506092987795	2.028183902888854	1.5440252705628728	1.9586680429959564	1.8406201616626374	1.797507597171096	1.8473146436923211	-0.45050159597569084	0.0633723436743207
VUILD96MA_150_11_29	VUILD96MA	VUILD96	fold_5	macrophage_profibrotic	POOLED	2.04138007851396	1.5440095478590175	1.8587881867748217	2.1067746875524014	2.0353256432613325	2.0601853700920874	2.140025956391286	1.544030971538344	2.364257805381247	2.4729618729528626	2.21212692967409	2.469357737788161	-0.06539460903844141	0.03038478283193191
VUILD96MA_150_11_6	VUILD96MA	VUILD96	fold_5	macrophage_profibrotic	POOLED	1.1031993420312	1.5439728353219435	1.3633050094351968	1.4532236333391229	1.2962124814987714	1.4270683379508047	1.167790502367951	1.543965410320425	1.5260553837872377	1.6239053350513337	1.4616061327272594	1.5600919996392775	-0.3500242913079228	-0.007909473334263548
VUILD96MA_150_11_7	VUILD96MA	VUILD96	fold_5	macrophage_profibrotic	POOLED	0.698770368533134	1.5439744315192077	1.5840843634432196	1.6748420638186075	1.101851770827394	1.3416786516231425	1.235001602279643	1.5439682608081604	1.5196312480865988	1.439674439785685	1.4179516899273548	1.2758434063906519	-0.9760716952854734	0.06421394850213075
VUILD96MA_150_11_8	VUILD96MA	VUILD96	fold_5	macrophage_profibrotic	POOLED	2.4428622547824	1.5439760277164718	3.2285251918062965	3.2792167111375337	2.689204277327536	2.933800116046137	2.3833557957978115	1.543971111295896	2.6024571938304937	3.3461283745214114	2.2846930595852726	3.165846010583647	-0.8363544563551337	0.141092020513192
VUILD96MA_150_11_9	VUILD96MA	VUILD96	fold_5	macrophage_profibrotic	POOLED	2.98417338720624	1.543977623913736	2.821101767197259	2.8812859700211475	2.488465833972346	2.690428765523558	2.279792135812365	1.5439739617836317	2.5245561955456304	2.663852091154838	2.356645695724853	2.498348274922085	0.10288741718509264	0.1462507370869998
VUILD96MA_150_12_12	VUILD96MA	VUILD96	fold_5	macrophage_profibrotic	POOLED	2.6175407452088	1.5439849253052076	2.302644863075365	2.408380949189335	2.835769332356668	2.8364685446313955	2.4934627607350954	1.543986904071061	2.387684461393945	2.8932471547696115	2.3132034719143793	2.972724384478071	0.2091597960194651	0.17523250422143147
VUILD96MA_150_12_16	VUILD96MA	VUILD96	fold_5	macrophage_profibrotic	POOLED	1.66943246921929	1.543991310094264	1.3699054671792745	1.6770214462929214	0.9431830293723222	0.9777569349517025	1.4135630680666422	1.5439983060220033	1.4730974332218738	1.3130303835838735	1.407557308871708	1.3169235504550532	-0.0075889770736314865	-0.020271489920865273
VUILD96MA_150_12_27	VUILD96MA	VUILD96	fold_5	macrophage_profibrotic	POOLED	2.32822386432591	1.5440088682641688	1.7631800489256257	1.769322112306361	1.4272191671095553	1.3774699402318689	1.957678763707024	1.5440296613870952	1.736487453903306	1.66267288604917	1.7944952061855766	1.7236069141370445	0.558901752019549	0.027292094899628937
VUILD96MA_150_12_6	VUILD96MA	VUILD96	fold_5	macrophage_profibrotic	POOLED	1.14014922010995	1.5439753481216232	1.5647677902893735	1.7130337908563398	1.0107691572327382	1.2091296262760194	1.481255171612819	1.5439698011446472	1.4426867317394119	1.4596128546401923	1.4893317252555145	1.3070573608783222	-0.5728845707463899	0.0862789479993164
VUILD96MA_150_12_7	VUILD96MA	VUILD96	fold_5	macrophage_profibrotic	POOLED	2.29626611075474	1.5439769443188873	2.6884061952278255	2.762391622688357	2.2146716663630563	2.487996271566071	2.3880761248127333	1.5439726516323828	2.3257624738279166	2.787524231787498	2.1519028807829543	2.6976688039630803	-0.46612551193361673	0.1689501081112504
VUILD96MA_150_12_8	VUILD96MA	VUILD96	fold_5	macrophage_profibrotic	POOLED	2.53888451071479	1.5439785405161512	3.297266656210372	3.276685996878393	2.8407670854682383	3.0328667993588727	2.871990411783498	1.5439755021201185	3.2827302776888767	3.155060286130349	2.9609451600930012	3.0736594483192645	-0.7378014861636029	0.14240573766203166
VUILD96MA_150_13_11	VUILD96MA	VUILD96	fold_5	macrophage_profibrotic	POOLED	0.797704043242791	1.5439858419076231	1.5859863424211658	1.5975950188574723	1.0369433169985816	1.066605062301259	1.8503562184470423	1.5439884444075476	1.3002011356181775	1.205495956143445	1.404897109076112	1.1924306758984753	-0.7998909756146814	-0.00208838424643063
VUILD96MA_150_13_6	VUILD96MA	VUILD96	fold_5	macrophage_profibrotic	POOLED	1.67569640341846	1.5439778609213028	1.97949924709594	2.0878826958912677	2.05422505135443	2.139494817549601	2.3171841035798724	1.5439741919688694	1.9216651521456323	2.2019150898504423	1.9371416658595189	2.1583576496849015	-0.4121862924728077	0.12526111643313084
VUILD96MA_150_13_7	VUILD96MA	VUILD96	fold_5	macrophage_profibrotic	POOLED	2.94426398555809	1.5439794571185668	3.5339414733057057	3.5401737118627548	2.9219927674240775	3.146364215297683	2.665346625080188	1.543977042456605	2.971080498778737	3.1073657609331455	2.6871382289459453	3.0235105570832834	-0.5959097263046647	0.12211093967761191
VUILD96MA_150_13_8	VUILD96MA	VUILD96	fold_5	macrophage_profibrotic	POOLED	2.5800269660157	1.543981053315831	3.052488501850445	3.1265253541785727	2.8541985904398857	2.992271816538471	2.248026138637681	1.5439798929443407	2.9905853792610633	2.832348898319673	2.7191167212720337	2.6882813639832994	-0.5464983881628727	0.11515747169323134
VUILD96MA_150_14_13	VUILD96MA	VUILD96	fold_5	macrophage_profibrotic	POOLED	1.94160335777796	1.5439915471018308	1.8694010423378566	2.006720296624485	2.464275349663807	2.304947092243049	2.2488126026225426	1.543998536207241	2.2429525125274004	2.3937015081190274	2.0817923025281737	2.4657110243868825	-0.06511693884652514	0.06554486556392893
VUILD96MA_150_14_15	VUILD96MA	VUILD96	fold_5	macrophage_profibrotic	POOLED	2.32419653608103	1.5439947394963591	1.5615253427489773	1.3905971129899768	1.8054482529763105	1.5796998459448415	2.0375086523393415	1.5440042371827123	1.730282836371474	1.7076209727424905	1.897810871978841	1.9468393078900006	0.9335994230910531	0.05669054872339828
VUILD96MA_150_14_17	VUILD96MA	VUILD96	fold_5	macrophage_profibrotic	POOLED	1.46206153630609	1.5439979318908872	1.4670381855139845	1.5258459298346536	1.3402224331066341	1.3466775592451055	1.396496384867909	1.5440099381581835	1.4350601548238076	1.4864837840728686	1.3534236328745366	1.4605634936952097	-0.06378439352856358	-0.009999816155205723
VUILD96MA_150_14_18	VUILD96MA	VUILD96	fold_5	macrophage_profibrotic	POOLED	2.38227038852786	1.5439995280881513	1.6968289788920288	1.6848336799646777	1.2264536509683392	1.3657741143509536	1.600006036839455	1.5440127886459192	1.6756983658281617	1.4652007872510027	1.6110190451572366	1.3557896820733208	0.6974367085631825	0.024590358584467856
VUILD96MA_150_14_7	VUILD96MA	VUILD96	fold_5	macrophage_profibrotic	POOLED	2.88163011566619	1.5439819699182464	3.742339173879456	3.6869757373023524	2.951045810963799	3.2291032694237365	2.431181745680459	1.5439814332808273	3.1754901330512157	2.966516635406405	2.7082075027806423	2.741431601718582	-0.8053456216361625	0.12334431641886659
VUILD96MA_150_14_8	VUILD96MA	VUILD96	fold_5	macrophage_profibrotic	POOLED	2.5056428735846	1.5439835661155106	3.6703273839890502	3.6884084178099505	2.8764549715418877	3.1859988751277815	2.3458051601270773	1.543984283768563	3.4037278360434358	3.112871610326248	2.771383257484775	2.9200537041938537	-1.1827655442253504	0.10167556536937192
VUILD96MA_150_15_11	VUILD96MA	VUILD96	fold_5	macrophage_profibrotic	POOLED	1.10296567180608	1.5439908675069822	1.815038636344966	1.7934898028758655	1.6588511021052348	1.7597908898517152	1.7185569560231502	1.5439972260559922	1.674838383822125	1.551793449342737	1.4338446807106104	1.467601576175602	-0.6905241310697854	-0.0197195186375512
VUILD96MA_150_15_13	VUILD96MA	VUILD96	fold_5	macrophage_profibrotic	POOLED	1.3432256370146	1.5439940599015105	1.3813620552040817	1.1354579068530306	1.08205360735017	1.04598787893259	1.2625140717239143	1.5440029270314632	1.4777430958466746	1.474152823104895	1.5486256245253731	1.5353203435095915	0.20776773016156946	0.02469966976394801
VUILD96MA_150_15_17	VUILD96MA	VUILD96	fold_5	macrophage_profibrotic	POOLED	1.6152330228916	1.5440004446905669	1.4247096103802999	1.5692877284753894	0.700264143330235	0.8794226314703073	1.3396263689192707	1.5440143289824058	1.3946294602681593	1.4202406469669846	1.4074963441471224	1.3483621629165516	0.04594529441621065	-0.025404633178593483
VUILD96MA_150_15_18	VUILD96MA	VUILD96	fold_5	macrophage_profibrotic	POOLED	1.85871964743541	1.544002040887831	1.8019853994856165	1.8830747432863242	0.9423847018126804	1.0990433491111027	1.6167180543390094	1.5440171794701414	1.4611556077329642	1.3933384757208724	1.408892905419052	1.2226386348837703	-0.02435509585091422	0.039383907299302974
VUILD96MA_150_15_20	VUILD96MA	VUILD96	fold_5	macrophage_profibrotic	POOLED	1.76647407996417	1.544005233282359	1.8242985236257185	1.9811825540386967	1.0025632693348578	1.3518850215712646	1.5122216453921364	1.5440228804456126	1.4475358476650741	1.5271992636186658	1.1955060793954404	1.1758504921192867	-0.21470847407452665	-0.015285607491102134
VUILD96MA_150_15_21	VUILD96MA	VUILD96	fold_5	macrophage_profibrotic	POOLED	0.990953517752842	1.5440068294796232	1.9124031359174052	2.1396680720897434	1.1438108208017774	1.471617798797429	1.9068252612092118	1.5440257309333483	1.6308791741799749	1.5159634622982594	1.467873074191001	1.1936142472158437	-1.1487145543369013	0.03243543621907423
VUILD96MA_150_15_22	VUILD96MA	VUILD96	fold_5	macrophage_profibrotic	POOLED	0.865591306646834	1.5440084256768871	2.1437226620851977	2.1745880528010457	1.553130936011625	1.7508495922550282	1.7322716091949573	1.544028581421084	1.8100399564909961	2.086623125774553	1.5445162859308188	1.969412531778819	-1.3089967461542118	0.009577249182370871
VUILD96MA_150_15_25	VUILD96MA	VUILD96	fold_5	macrophage_profibrotic	POOLED	2.64375308490873	1.5440132142686795	1.7500428427268675	1.8486714726968319	2.0219096334791273	1.9682183368264567	1.9540439497232187	1.5440371328842908	2.1245235055178937	2.5807499978452833	1.9561684049965762	2.5945007893908585	0.7950816122118982	0.053555893781914984
VUILD96MA_150_15_8	VUILD96MA	VUILD96	fold_5	macrophage_profibrotic	POOLED	2.34155087546962	1.54398607891519	2.9942051713387654	3.0141470690497623	2.7469452666071525	2.9473812286246224	2.5080902550001425	1.5439886745927853	2.765125047208152	3.031687043924627	2.4655966286058444	2.8771470102343333	-0.6725961935801421	0.15955657056948364
VUILD96MA_150_16_11	VUILD96MA	VUILD96	fold_5	macrophage_profibrotic	POOLED	1.30281842543345	1.5439933803066619	2.0572110128405408	2.011220000058323	1.5885082349295152	1.7970194266151631	1.8288109625213618	1.5440016168802144	2.0313082169252614	2.1127002889868076	1.8141685756518626	1.9497043468309787	-0.7084015746248729	0.009381142050542371
VUILD96MA_150_16_12	VUILD96MA	VUILD96	fold_5	macrophage_profibrotic	POOLED	1.0021053577062	1.543994976503926	1.055343969705953	1.1196396195716902	0.8993026285618166	0.9004563836123345	1.2422911520364608	1.54400446736795	1.2678685660384375	1.1785371732980479	1.340033049984651	1.1784331234806147	-0.11753426186549021	0.016879017876265973
VUILD96MA_150_16_13	VUILD96MA	VUILD96	fold_5	macrophage_profibrotic	POOLED	1.81648085672457	1.54399657270119	1.0124974401842288	1.2315566111767997	1.4546099384758502	1.3907497054201388	0.9883051925718962	1.5440073178556857	1.4681009077824596	1.6023543349125076	1.5355925881330486	1.69576691761104	0.5849242455477703	0.06523868709494332
VUILD96MA_150_16_14	VUILD96MA	VUILD96	fold_5	macrophage_profibrotic	POOLED	2.38198726756797	1.543998168898454	1.365236653217004	1.277833006664822	1.6501360531896119	1.5057500202104046	1.686073670989689	1.5440101683434213	1.6667989040718827	1.6739006669642122	1.7608258774114383	1.7585301744111685	1.104154260903148	0.04982139159653105
VUILD96MA_150_16_18	VUILD96MA	VUILD96	fold_5	macrophage_profibrotic	POOLED	1.36827816109131	1.5440045536875104	1.8211207322932825	1.9577381341808335	0.9253438992348	1.2369026450962233	1.1370394286252727	1.5440215702943636	1.6760434170538072	1.296708009797747	1.3492948537396927	1.0134215106165296	-0.5894599730895236	0.024100080397401247
VUILD96MA_150_16_20	VUILD96MA	VUILD96	fold_5	macrophage_profibrotic	POOLED	2.10143830931015	1.5440077460820387	1.9823818375810514	2.1270362421097717	2.0102910195802544	2.081330648186742	1.762118159561728	1.5440272712698349	2.1659389237217326	2.361250571435778	1.8868866294582174	2.256257463796909	-0.02559793279962186	0.05274594271989255
VUILD96MA_150_16_21	VUILD96MA	VUILD96	fold_5	macrophage_profibrotic	POOLED	0.802303934063743	1.5440093422793026	1.7472412904478558	1.8054183153048156	0.8259387603852016	1.1580525053688369	1.4209670013373372	1.5440301217575705	1.2453036552335588	1.2304813712620204	1.0056332133233226	0.9550303871147674	-1.0031143812410726	0.033551048500590985
VUILD96MA_150_16_29	VUILD96MA	VUILD96	fold_5	macrophage_profibrotic	POOLED	1.57139652985961	1.5440221118574153	2.3309427359592076	2.451893909765648	2.233751140910776	2.3371305041473196	2.6656178861405566	1.5440529256594555	2.367365240052136	2.3153355264444113	2.153866405028466	2.2083133063044373	-0.8804973799060378	0.11457027690621993
VUILD96MA_150_16_6	VUILD96MA	VUILD96	fold_5	macrophage_profibrotic	POOLED	0.449897488836526	1.5439853993203414	2.0165266787936775	2.156022362062985	1.200197686488631	1.3906390862618923	2.0263153617249667	1.5439873644415363	1.4757476942284635	1.1736284673151696	1.4870985065029454	1.0288105334336781	-1.7061248732264591	0.05696790111946275
VUILD96MA_150_17_13	VUILD96MA	VUILD96	fold_5	macrophage_profibrotic	POOLED	1.75199074131848	1.5439990855008696	1.3586875617982244	1.3813002195263762	1.7528126485526048	1.606873470108038	1.4068989132162824	1.544011708679908	1.7850352011750918	2.0849624718351576	1.8505174350883296	2.2231231929353896	0.37069052179210393	0.05600388758735862
VUILD96MA_150_17_14	VUILD96MA	VUILD96	fold_5	macrophage_profibrotic	POOLED	2.16696353997793	1.5440006816981338	1.5363437535795366	1.3932729772768382	1.4210883839938775	1.3566436785196532	1.9905664839564392	1.5440145591676435	1.561182363171202	1.2934902012929794	1.7574349665555349	1.3084708085653542	0.7736905627010917	0.040916609013217926
VUILD96MA_150_17_17	VUILD96MA	VUILD96	fold_5	macrophage_profibrotic	POOLED	1.41325980467498	1.544005470289926	1.813007389821107	1.9553443406929207	2.1665566634658653	2.152935650507941	2.0922427272196242	1.5440231106308504	2.3440520860339373	2.5474118909849035	2.170409243654956	2.5713441304286917	-0.5420845360179407	0.03018922336738534
VUILD96MA_150_17_23	VUILD96MA	VUILD96	fold_5	macrophage_profibrotic	POOLED	2.4336981655596	1.5440150474735104	2.854902091263509	2.9617145972256944	3.269807724568677	3.2921090018389183	3.21138169314977	1.5440402135572642	3.193932748837042	3.510783410141269	2.982774287250485	3.5298289551146587	-0.5280164316660945	0.14708758854410783
VUILD96MA_150_17_6	VUILD96MA	VUILD96	fold_5	macrophage_profibrotic	POOLED	0.271540301746683	1.543987912120021	2.0093487351495023	2.046834051587699	1.0409009719795879	1.3085563777734859	1.8145132456098934	1.5439917552657585	1.5834820683490585	1.2160458128615832	1.4436925628836286	1.0240642195448668	-1.775293749841016	0.05893121536629373
VUILD96MA_150_18_12	VUILD96MA	VUILD96	fold_5	macrophage_profibrotic	POOLED	1.65416052487235	1.5440000021032851	1.7792123766173766	1.5889735348953797	1.186148681937499	1.2773686725683575	1.4910321436498386	1.5440132490163945	1.7665692610998653	1.582988422252752	1.7738196001798718	1.5604680465396046	0.06518698997697037	0.019183861747748325
VUILD96MA_150_18_13	VUILD96MA	VUILD96	fold_5	macrophage_profibrotic	POOLED	1.75591533339927	1.5440015983005493	2.664185036623392	2.513800190311323	2.564900924603535	2.5736625503258246	2.360470203147358	1.54401609950413	2.395031233928525	2.736663657868049	2.215511606620912	2.705365229643553	-0.7578848569120529	0.06853023797151563
VUILD96MA_150_19_23	VUILD96MA	VUILD96	fold_5	macrophage_profibrotic	POOLED	2.9307053266171	1.5440200730728697	3.479297292664039	3.506572221139393	3.1789522457994277	3.2330075997766468	3.3603112415337058	1.5440489952057086	3.223676187103485	3.050813297945247	2.930693784479965	2.9949179390082836	-0.5758668945222927	0.06947692159124433
VUILD96MA_150_19_8	VUILD96MA	VUILD96	fold_5	macrophage_profibrotic	POOLED	0.927440329861529	1.5439961301139085	1.7453906411522047	1.7536184307530513	1.3291020616787603	1.3396171440804054	1.9865807340167265	1.5440062378896744	1.398744903509427	1.4348144030037238	1.511772718458225	1.490479343508881	-0.8261781008915223	0.04364513270022149
VUILD96MA_150_20_23	VUILD96MA	VUILD96	fold_5	macrophage_profibrotic	POOLED	2.74699034590827	1.5440225858725491	3.0901076802226193	3.176193409732326	3.2089766035091447	3.2119752391849246	3.6415932036621617	1.5440533860299308	2.8635154005419223	2.833731183596715	2.6808577861900247	2.8098194357024977	-0.42920306382405604	0.09535578080458768
VUILD96MA_150_21_12	VUILD96MA	VUILD96	fold_5	macrophage_profibrotic	POOLED	1.84132670084032	1.544007540502324	2.0633682928647685	2.0288474599089388	1.4283157298266753	1.5909136391527252	2.192019589095467	1.5440264214890613	1.8166533091562165	2.174914444416845	1.7116909001612415	2.0443102125926815	-0.18752075906861876	0.06533305567893319
VUILD96MA_150_21_17	VUILD96MA	VUILD96	fold_5	macrophage_profibrotic	POOLED	2.26193626234046	1.5440155214886442	2.4307632237657093	2.431024863220382	2.528181636266028	2.501521748810476	2.1475430028805653	1.5440406739277395	2.5137481090315976	3.0014145966886225	2.331160305431058	3.086157698827861	-0.16908860087992217	0.03426129338801744
VUILD96MA_150_21_18	VUILD96MA	VUILD96	fold_5	macrophage_profibrotic	POOLED	1.03462433075515	1.5440171176859083	1.7895578180887959	1.4986877568655623	1.3190206526399033	1.330709287776888	1.7580205386138754	1.544043524415475	1.6965571055300275	2.050840017901886	1.7777589410955235	2.115761033006023	-0.4640634261104124	0.020658912591158735
VUILD96MA_150_21_21	VUILD96MA	VUILD96	fold_5	macrophage_profibrotic	POOLED	2.50278942779911	1.5440219062777005	2.3151384728349926	2.472693086718437	2.310047410455589	2.4668032218399256	2.267431709170923	1.544052075878682	2.3471278133677864	2.3106829741172357	2.124419013890693	2.216647417735705	0.03009634108067294	0.11775019669137851
VUILD96MA_150_21_24	VUILD96MA	VUILD96	fold_5	macrophage_profibrotic	POOLED	2.64734286927549	1.5440266948694927	2.840072819305661	2.8726365523398645	3.1694409297972284	3.209254713681355	2.7719949847923764	1.5440606273418889	2.796401665749414	3.153807677338299	2.5451644994797515	3.1917444013111167	-0.22529368306437458	0.17344244968954295
VUILD96MA_150_22_17	VUILD96MA	VUILD96	fold_5	macrophage_profibrotic	POOLED	1.6361584588824	1.5440180342883238	1.5894102687455933	1.426578060329599	1.8910529448079874	1.7545531357834658	1.899105359634051	1.5440450647519617	1.782967814020655	2.029995715281223	2.012796362901778	2.173323135852967	0.20958039855280108	0.0005658927361050572
VUILD96MA_150_22_18	VUILD96MA	VUILD96	fold_5	macrophage_profibrotic	POOLED	2.55097867659319	1.544019630485588	1.2830232936283184	1.2540159345888986	1.0533571589623625	1.0334960134821867	1.2436659304459878	1.5440479152396973	1.489908315293265	1.5159412470140945	1.655152832414649	1.5888181155358738	1.2969627420042915	0.035816340842418706
VUILD96MA_150_22_21	VUILD96MA	VUILD96	fold_5	macrophage_profibrotic	POOLED	1.23638072167526	1.5440244190773802	1.6181937786856297	1.8040527094422618	1.6845899528818253	1.7466559186272446	1.8046093008521193	1.5440564667029042	1.8464560585896197	1.7001887212856004	1.8728572526910352	1.6573558205351855	-0.5676719877670018	0.05510558101442534
VUILD96MA_150_22_22	VUILD96MA	VUILD96	fold_5	macrophage_profibrotic	POOLED	1.39649284073917	1.5440260152746443	1.6269263690369913	1.7079717791685212	1.5155057887304006	1.6282383772550006	1.758976859674841	1.5440593171906398	1.6935277632091423	1.6349972745187085	1.6489354617308136	1.645871291321081	-0.31147893842935126	0.04811295477138472
VUILD96MA_150_23_18	VUILD96MA	VUILD96	fold_5	macrophage_profibrotic	POOLED	1.90139450102531	1.5440221432852674	1.4495844621940759	1.3161903617139192	2.0746540478959563	1.876365967522265	1.6585858704056111	1.5440523060639197	2.113249482354273	2.386865955926772	2.040989808704892	2.568357508006531	0.5852041393113907	0.02212578263795381
VUILD96MA_150_23_21	VUILD96MA	VUILD96	fold_5	macrophage_profibrotic	POOLED	1.83946947883285	1.5440269318770596	2.109689070068208	2.0921970889273704	1.8917288590036965	1.9565410788611959	2.0406417869312237	1.5440608575271266	2.0334463682444825	2.208665943377575	2.0008413111507193	2.1574548991622167	-0.2527276100945204	0.04023640076906598
VUILD96MA_150_23_22	VUILD96MA	VUILD96	fold_5	macrophage_profibrotic	POOLED	1.97673506573234	1.5440285280743238	2.2280548031829266	2.3342825902959747	2.0857931988975027	2.1966544436404583	2.2652706715277207	1.544063708014862	2.051707492957969	2.4814639683572093	1.8198090150712212	2.402053882596828	-0.3575475245636348	0.047926504721464494
VUILD96MA_150_24_21	VUILD96MA	VUILD96	fold_5	macrophage_profibrotic	POOLED	1.72422048255854	1.5440294446767393	1.5250055162403449	1.7624455108620434	0.9588097709662158	1.0916902780096955	1.3193422261993415	1.5440652483513488	1.2995382259707446	1.1737066252346136	1.1622715998320372	1.049783347498949	-0.03822502830350327	0.0006381107498019886
VUILD96MA_150_24_22	VUILD96MA	VUILD96	fold_5	macrophage_profibrotic	POOLED	1.82755160538845	1.5440310408740034	1.7896768635690299	1.874384315308379	1.0966351280968234	1.2662101517227724	1.6318743279114394	1.5440680988390845	1.4020747173552277	1.4071688020978148	1.3210053982443741	1.25683538098288	-0.04683270991992905	-0.006369742808101098
VUILD96MA_150_2_11	VUILD96MA	VUILD96	fold_5	macrophage_profibrotic	POOLED	2.21746073452882	1.543958201111148	2.4541921441751064	2.487325499199172	2.677170474599728	2.692673318957549	1.930263898272328	1.5439401453411024	2.6368993792016227	2.8650732636928713	2.541212119225439	2.8815209820082863	-0.26986476467035203	0.10807454744548653
VUILD96MA_150_2_12	VUILD96MA	VUILD96	fold_5	macrophage_profibrotic	POOLED	2.00109289919381	1.5439597973084118	2.4219663855837545	2.48248502047453	2.6535894556429422	2.668505237426294	2.1919257454189647	1.543942995828838	1.9450341701715705	2.720560705896949	1.8938385464803031	2.707783889031361	-0.4813921212807202	0.1449319794767506
VUILD96MA_150_2_13	VUILD96MA	VUILD96	fold_5	macrophage_profibrotic	POOLED	2.39694960285035	1.543961393505676	3.1159544859953012	3.2097964636800977	2.4902782795933294	2.6976154549034255	2.127259515664757	1.5439458463165736	2.5977970188578303	2.988266836235132	2.294691233577265	2.754193051433815	-0.8128468608297479	0.13298608764661843
VUILD96MA_150_2_23	VUILD96MA	VUILD96	fold_5	macrophage_profibrotic	POOLED	1.70390900986801	1.5439773554783167	1.8244272872068914	1.7979400192306823	1.8361220669837006	1.8281537636480074	1.7008529611379577	1.54397435119393	1.8324891392277936	2.152666906772838	1.7889610069264616	2.1183397001578355	-0.09403100936267217	0.011419633784280216
VUILD96MA_150_3_12	VUILD96MA	VUILD96	fold_5	macrophage_profibrotic	POOLED	1.87019984264182	1.5439623101080915	2.208478222381123	2.172367789348722	1.6868565617751767	1.7988183553973622	2.212531471060404	1.5439473866530604	1.9598543255448793	2.0390150163905947	2.0194978447201652	2.0616795044930534	-0.30216794670690184	0.12290052472232896
VUILD96MA_150_3_13	VUILD96MA	VUILD96	fold_5	macrophage_profibrotic	POOLED	2.30371241912895	1.5439639063053556	2.753827933457024	2.824188277064808	2.154489426895327	2.392869101674184	2.182357297189162	1.543950237140796	2.3119494895153485	2.666131474722955	2.0601959280850095	2.518874863713881	-0.5204758579358577	0.15861691227670996
VUILD96MA_150_3_14	VUILD96MA	VUILD96	fold_5	macrophage_profibrotic	POOLED	1.12916879784958	1.5439655025026195	1.8379768930343365	2.062533351353219	1.4794064823685644	1.6462781731842917	2.201527203040543	1.5439530876285317	1.5591993359553356	1.7245066686750465	1.5906220825970425	1.5866936687996585	-0.9333645535036392	0.0904469044082038
VUILD96MA_150_3_21	VUILD96MA	VUILD96	fold_5	macrophage_profibrotic	POOLED	2.12214700548109	1.5439766758834683	1.9485540019998173	1.6527583452042516	1.1370125511517684	1.280827230911364	2.0500440671376623	1.5439730410426808	1.5402817725122353	1.4918807230746787	1.4893527187257294	1.4167537607840308	0.46938866027683823	0.049834822565314976
VUILD96MA_150_4_16	VUILD96MA	VUILD96	fold_5	macrophage_profibrotic	POOLED	2.46133079589937	1.5439712076968275	1.9619223745893881	1.954213051248205	2.1139268064455226	1.997816352356788	2.2824037053535546	1.5439631794282251	2.113254078754997	2.334087627570173	2.1336581287041048	2.4248479171604265	0.5071177446511652	0.1382897511407739
VUILD96MA_150_4_26	VUILD96MA	VUILD96	fold_5	macrophage_profibrotic	POOLED	1.56867392797938	1.5439871696694683	1.7525612373245807	1.4419242896973454	1.4559127071831577	1.5322775271869258	1.60288470287058	1.5439916843055812	1.7478278719140938	1.8177743690104968	1.7421249381698556	1.6494522724443024	0.12674963828203456	0.04550360691574669
VUILD96MA_150_4_9	VUILD96MA	VUILD96	fold_5	macrophage_profibrotic	POOLED	0.69986566492527	1.5439600343159787	1.5834688779429635	1.7191090213926834	1.0581188649168782	1.181596452758002	1.6788187956587706	1.5439432260140757	1.4237348482011862	1.3146157946320687	1.3057205523980293	1.2342875162522478	-1.0192433564674133	0.04250437047003146
VUILD96MA_150_5_15	VUILD96MA	VUILD96	fold_5	macrophage_profibrotic	POOLED	1.46761210853897	1.5439721242992428	1.5731474335893263	1.4784531959738678	1.1321454832444116	1.247911355739142	1.4458026379887092	1.5439647197647117	1.6655280136392598	1.773992819865724	1.4254356047795895	1.7011266627680706	-0.010841087434897867	-0.008111523220781845
VUILD96MA_150_5_24	VUILD96MA	VUILD96	fold_5	macrophage_profibrotic	POOLED	1.38433364483901	1.5439864900746196	1.5572529634589936	1.5117971242078307	1.0020106279497927	1.1840009188441147	1.5598527832888065	1.5439903741543324	1.3608164372571123	1.2533427032424833	1.355015368474424	1.077260472613852	-0.12746347936882074	0.02887092395985305
VUILD96MA_150_6_14	VUILD96MA	VUILD96	fold_5	macrophage_profibrotic	POOLED	0.84076985423064	1.5439730409016583	1.1989334834075325	1.2508360215798258	0.8368879777200102	0.9306602371116053	1.425268748304621	1.5439662601011985	1.3043149806462953	1.0753061709766512	1.4396364957363592	1.0340146665122285	-0.4100661673491858	0.016194405743414853
VUILD96MA_150_6_15	VUILD96MA	VUILD96	fold_5	macrophage_profibrotic	POOLED	1.31501897331013	1.5439746370989225	1.72602248696315	1.7284630578159155	1.6011870474408545	1.6721309258233448	1.4810055107170368	1.543969110588934	1.9010943580735455	1.5656804921796519	1.735534779443469	1.4470753697840109	-0.4134440845057854	-0.0010819327858146502
VUILD96MA_150_6_16	VUILD96MA	VUILD96	fold_5	macrophage_profibrotic	POOLED	1.25262767164888	1.5439762332961866	1.1773911473126901	1.2334950686140451	0.9613203476084862	1.056093422471963	1.3703584779371396	1.5439719610766696	1.277504232561977	0.9920066144908628	1.3455867036091456	0.9341569386390135	0.019132603034834883	-0.006057244154499063
VUILD96MA_150_6_18	VUILD96MA	VUILD96	fold_5	macrophage_profibrotic	POOLED	1.93294429576896	1.5439794256907147	0.9195047650925993	0.9379846448033331	1.152583678151909	1.011849728440144	1.3080841171460507	1.5439776620521408	1.2191507070460514	1.4553205648407415	1.562426302926334	1.596226899357417	0.9949596509656269	0.03661155187551774
VUILD96MA_150_6_19	VUILD96MA	VUILD96	fold_5	macrophage_profibrotic	POOLED	1.72413756273283	1.5439810218879788	1.5263849690494697	1.1537825888021045	1.2384165569919041	1.164911107591553	1.4081686114856835	1.5439805125398764	1.4361514330724743	1.5237184459477007	1.5619477365831378	1.635327437996604	0.5703549739307254	0.04394217607295915
VUILD96MA_150_7_15	VUILD96MA	VUILD96	fold_5	macrophage_profibrotic	POOLED	0.691962337332355	1.5439771498986021	1.421679387472604	1.529718989946489	0.8776673338000766	1.151162133437294	1.200763187086772	1.5439735014131564	1.3629233843025108	1.1403327423445242	1.3388596301051312	0.89780826018927	-0.8377566526141339	0.036420059533884094
VUILD96MA_150_7_20	VUILD96MA	VUILD96	fold_5	macrophage_profibrotic	POOLED	2.00068289977036	1.5439851308849224	1.745638937630216	1.6791192764585772	1.100101658238007	1.2471805738637214	1.7774863421885576	1.5439877538518345	1.3820100469322194	1.5764714908628361	1.4095759317878513	1.5019463801191526	0.3215636233117827	0.04331092673226461
VUILD96MA_150_7_22	VUILD96MA	VUILD96	fold_5	macrophage_profibrotic	POOLED	1.99971975925794	1.5439883232794507	1.3553171141054379	1.094098357363458	1.0604308491254126	0.9867567973203311	1.4849627676306996	1.5439934548273055	1.213421100122659	1.653058067756596	1.3365174367114838	1.831491560787601	0.9056214018944821	0.02412880881580768
VUILD96MA_150_7_24	VUILD96MA	VUILD96	fold_5	macrophage_profibrotic	POOLED	0.694893920472571	1.5439915156739787	0.9625443191680813	0.8419732284115924	0.18332536807023292	0.1589192140796445	1.1445664958463526	1.5439991558027768	0.6519463460624697	0.5042555580420034	0.8906701819739393	0.5694345569968498	-0.14707930793902135	-0.004459532828544553
VUILD96MA_150_7_7	VUILD96MA	VUILD96	fold_5	macrophage_profibrotic	POOLED	2.49774705629151	1.5439643803204894	1.739591111487146	1.6290784944890926	2.356436876983799	2.2445367811847357	1.6647449079353958	1.5439506975112713	2.2086866777068206	2.376720528462572	2.109510825348962	2.432451000376728	0.8686685618024175	0.0237545106941182
VUILD96MA_150_8_11	VUILD96MA	VUILD96	fold_5	macrophage_profibrotic	POOLED	2.52004587885906	1.5439732779092252	2.9336921802814233	2.8803007965406136	2.348609232636826	2.490352537157439	2.425507935240977	1.543966490286436	2.525494695778449	2.732835595688041	2.5109083713547546	2.640187231477101	-0.3602549176815537	0.06489234894415127
VUILD96MA_150_8_19	VUILD96MA	VUILD96	fold_5	macrophage_profibrotic	POOLED	1.54814219070884	1.543986047487338	1.9932865800252235	2.0122698722048624	1.2546872756557046	1.4587041768718387	2.0131142388401218	1.543989294188321	1.505012110282506	1.3556379167657808	1.3893203885813261	1.0856714780998633	-0.46412768149602246	0.05063475849553571
VUILD96MA_150_8_22	VUILD96MA	VUILD96	fold_5	macrophage_profibrotic	POOLED	1.69442706337555	1.5439908360791301	0.9571639414959172	0.9052789637444886	1.1489408448006824	0.9802119035840351	1.2172805970005323	1.543997845651528	1.3294608732908182	1.3080160161732848	1.4871841541056556	1.4881543611943855	0.7891480996310615	-0.011625313248700819
VUILD96MA_150_8_25	VUILD96MA	VUILD96	fold_5	macrophage_profibrotic	POOLED	1.23098932060312	1.5439956246709223	1.2488896416858721	1.2116439082272508	0.7806753276905365	0.8255459391930575	1.1015411396082957	1.5440063971147349	0.9861200407544386	1.0332412036934109	1.1265507609037095	0.9445402898867	0.019345412375869175	0.020202658663149478
VUILD96MA_150_8_26	VUILD96MA	VUILD96	fold_5	macrophage_profibrotic	POOLED	1.26990260683307	1.5439972208681865	1.553761518958987	1.3966359760188616	1.006703344393057	1.1056804722147588	1.6536872230909718	1.5440092476024705	1.1814285906979691	1.123283416870601	1.2753266962160612	1.026055999115634	-0.12673336918579148	0.04408855487784236
VUILD96MA_150_9_10	VUILD96MA	VUILD96	fold_5	macrophage_profibrotic	POOLED	2.61338248038804	1.5439741945116408	2.97051982476236	2.953367912457516	2.2879978096347355	2.4732358782955908	2.2691321579670936	1.5439680306229229	2.5722548920796022	2.5669390151546017	2.5668967513530956	2.486943817226907	-0.33998543206947573	0.0810921932614178
VUILD96MA_150_9_23	VUILD96MA	VUILD96	fold_5	macrophage_profibrotic	POOLED	0.833974747086756	1.543994945076074	1.1708035558383316	0.9300472947313856	1.1119835721526394	0.860450146096955	1.443481679875176	1.5440050869634858	0.9550503677452786	1.0390108912284628	1.3008870202589533	1.282985917484187	-0.09607254764462958	0.0009504267086010154
VUILD96MA_150_9_26	VUILD96MA	VUILD96	fold_5	macrophage_profibrotic	POOLED	1.62223540987659	1.5439997336678661	1.6662684184128829	1.6645284077203768	1.145823098980675	1.3565803677361146	1.322565379843186	1.5440136384266927	1.2287085220256628	0.9908711242739907	1.0706877063129712	0.7613787670632531	-0.042292997843786706	0.04696366579600904
VUILD96MA_150_9_6	VUILD96MA	VUILD96	fold_5	macrophage_profibrotic	POOLED	0.833082546085843	1.5439678097225844	1.4422164233299921	1.53342603891029	1.2998656445570365	1.3862101742483004	1.4544768286552434	1.5439566286719804	1.5047218658335868	1.5814763695429557	1.544113240177512	1.5760349440835906	-0.7003434928244471	-0.0005590660651378122
VUILD96MA_150_9_7	VUILD96MA	VUILD96	fold_5	macrophage_profibrotic	POOLED	1.08114015792077	1.5439694059198485	1.7111309517535411	1.8633107262395225	1.6437149118289156	1.7941858499319112	1.7900218604712963	1.543959479159716	1.8238975465299885	2.0685492279142723	1.67935237906483	2.0247090232743217	-0.7821705683187525	0.08497933053762108
VUILD96MA_150_9_9	VUILD96MA	VUILD96	fold_5	macrophage_profibrotic	POOLED	2.46640789778073	1.5439725983143766	2.9878763588789967	3.0393034583000107	3.024037571596616	3.1386014851556	2.4463367983791775	1.5439651801351872	2.7021969877282483	3.3796755606780664	2.6001326023391265	3.350075777340312	-0.5728955605192807	0.1299716189749683
