region_id	sample_id	donor_id	fold	target	analysis_stratum	observed	M0_pred	M1_pred	M2_pred	M3_pred	M4_pred	color_pred	coordinate_pred	grayscale_pred	macenko_pred	M3_grayscale_pred	M3_macenko_pred	heldout_base_residual	morphology_predicted_residual
THD0011_150_10_3	THD0011	THD0011	fold_4	macrophage_profibrotic	DISEASE_ADJUSTED	1.6624023675224	1.1092150059062664	1.4825185138466621	1.4546418518957345	1.408051573019463	1.484379616226885	1.4057074716402065	1.5571745596270163	1.4940913161895397	1.511171127447271	1.4637249512207602	1.4363479849761869	0.20776051562666553	-0.002457544936886503
THD0011_150_10_4	THD0011	THD0011	fold_4	macrophage_profibrotic	DISEASE_ADJUSTED	1.24274867685143	1.0992881147949947	1.5447727476849382	1.60308804074608	1.3296685257460474	1.4257401461663193	1.205772806459555	1.557171313211784	1.4879964419417233	1.444111140013509	1.4363973039577382	1.3773228309678978	-0.36033936389464993	-0.01153593886012328
THD0011_150_10_5	THD0011	THD0011	fold_4	macrophage_profibrotic	DISEASE_ADJUSTED	0.777978179914905	1.089361223683723	1.5002585643652107	1.552064233930462	1.0736004486872088	1.1951702208271708	1.094946091714684	1.5571680667965517	1.6075020185102156	1.3288003551548848	1.55519595491329	1.2106539525223756	-0.774086054015557	-0.005300815113400206
THD0011_150_10_6	THD0011	THD0011	fold_4	macrophage_profibrotic	DISEASE_ADJUSTED	1.23799297268647	1.079434332572451	1.3794423126582012	1.3787772254690818	0.9649050897508138	1.0560023569458874	0.9666118983849271	1.5571648203813193	1.404518786929915	1.3602969248930628	1.3273150253793113	1.3156996945371358	-0.14078425278261175	-0.014838345599133917
THD0011_150_11_2	THD0011	THD0011	fold_4	macrophage_profibrotic	DISEASE_ADJUSTED	1.3664301912442	1.1210990421852653	2.1338640994584175	2.022238148162057	1.6139809998826913	1.7116510735190373	1.4811072831851877	1.5571808140363055	1.903416215514433	1.7943124598209168	1.8021608986092557	1.6707557745330552	-0.655807956917857	-0.009904525662325692
THD0011_150_11_5	THD0011	THD0011	fold_4	macrophage_profibrotic	DISEASE_ADJUSTED	0.584925783512964	1.09131836885145	1.3847186610162228	1.4431015390576705	1.1253710670545178	1.1864350494418716	0.9701501749732022	1.5571710747906085	1.0860288342276838	1.4146891770487309	1.0586633373641043	1.3944324137408761	-0.8581757555447065	-0.028531233323180173
THD0011_150_11_6	THD0011	THD0011	fold_4	macrophage_profibrotic	DISEASE_ADJUSTED	0.99523868967477	1.081391477740178	1.299264774445015	1.2983251340782005	1.0530980606892926	1.0929176682055581	1.3334999244147598	1.557167828375376	1.3349653714001493	1.2122307372219814	1.2749299343900113	1.1834117788865652	-0.30308644440343047	-0.019807535147320567
THD0011_150_12_2	THD0011	THD0011	fold_4	macrophage_profibrotic	DISEASE_ADJUSTED	1.32759026765259	1.1230561873529923	1.52169781937202	1.5822232520750577	0.7434755891932787	0.8440932239770002	1.0260539003012084	1.5571838220303622	1.3221083295781915	1.070212393719475	1.304542988617362	1.0258981640953355	-0.25463298442246773	-0.03530158396617526
THD0011_150_12_5	THD0011	THD0011	fold_4	macrophage_profibrotic	DISEASE_ADJUSTED	0.885358688101153	1.093275514019177	1.4788933784742468	1.5658487342363165	0.8021602997146301	0.929122051171425	1.107007362135867	1.5571740827846652	1.2394322242844265	1.0758115080257344	1.1530134783737402	0.9937751437500789	-0.6804900461351635	-0.04810779413025324
THD0011_150_13_13	THD0011	THD0011	fold_4	macrophage_profibrotic	DISEASE_ADJUSTED	0.932954235455956	1.0158175302967294	1.338566228139205	1.4179973873783278	0.6890882027310115	0.7955206733090464	1.023685894274182	1.5571511194568635	1.126779427274773	1.0132889770051627	1.0626016204503776	0.9644178986116629	-0.4850431519223718	-0.054841013490738735
THD0011_150_13_2	THD0011	THD0011	fold_4	macrophage_profibrotic	DISEASE_ADJUSTED	0.77953810627485	1.1250133325207194	1.596320670788919	1.5778352130135138	0.7838008497426413	0.9028444542777846	1.063057273717492	1.5571868300244192	1.2631186919906074	1.246915909310946	1.1789925405557298	1.137998568569645	-0.7982971067386638	-0.04504039053248807
THD0011_150_13_5	THD0011	THD0011	fold_4	macrophage_profibrotic	DISEASE_ADJUSTED	0.938252660323652	1.0952326591869042	1.441382439933078	1.4745787740922	0.8805279117528269	1.0110403583407406	1.347925001018377	1.5571770907787221	1.0667984939185002	1.2627244323675058	0.9113284995926755	1.135907429269797	-0.5363261137685481	-0.02415285767963407
THD0011_150_13_6	THD0011	THD0011	fold_4	macrophage_profibrotic	DISEASE_ADJUSTED	0.986078469947391	1.0853057680756324	1.591137915015454	1.6319524512019177	0.98123699499584	1.1320604123299176	1.3661575465553562	1.5571738443634897	1.3400425078722495	1.3631748015792207	1.2118780380735887	1.2188387581329208	-0.6458739812545267	-0.025410043299331653
THD0011_150_14_17	THD0011	THD0011	fold_4	macrophage_profibrotic	DISEASE_ADJUSTED	0.689676596141074	0.9780671110193694	1.2384504496004611	1.1865150288529422	0.8999383784379388	0.983001847196843	1.3713552796212873	1.557141141789991	1.3013639449158916	1.149430758003036	1.25393056115198	1.102581686383831	-0.4968384327118682	-0.03204583650855464
THD0011_150_14_18	THD0011	THD0011	fold_4	macrophage_profibrotic	DISEASE_ADJUSTED	0.927952232691879	0.9681402199080976	1.268403169128252	1.3724050063892672	1.0588507597061154	1.186389554902958	1.1898851230637915	1.5571378953747588	1.0803019424922837	1.1669965785259715	0.9386156072920337	1.0721126798530516	-0.4444527736973882	-0.013325190161699916
THD0011_150_14_19	THD0011	THD0011	fold_4	macrophage_profibrotic	DISEASE_ADJUSTED	1.66056326875126	0.9582133287968257	1.2552559736808344	1.2175016814579773	1.4361607450037213	1.4490725055549252	1.4371284973744451	1.5571346489595264	1.3990739394939822	1.4427290188396138	1.3854611394103424	1.4316485013069828	0.4430615872932826	0.007150229164666811
THD0011_150_14_2	THD0011	THD0011	fold_4	macrophage_profibrotic	DISEASE_ADJUSTED	1.31586538702513	1.1269704776884466	1.6142294863323141	1.6018077073905517	1.0108392192657774	1.1304898232203107	1.0297660263108115	1.5571898380184759	1.1479260206523807	1.2459171237269928	1.0385971968991135	1.1952383055658247	-0.28594232036542166	-0.020645688794420552
THD0011_150_15_12	THD0011	THD0011	fold_4	macrophage_profibrotic	DISEASE_ADJUSTED	0.860132714224557	1.0296587117434555	1.278555971973597	1.2934480651732847	1.1527856051869811	1.2177906309033217	1.736321904201012	1.5571603818602096	1.1784333944644911	0.9640649792231285	1.1154178969032222	0.9132826170440751	-0.43331535094872775	-0.018507219945061305
THD0011_150_15_14	THD0011	THD0011	fold_4	macrophage_profibrotic	DISEASE_ADJUSTED	1.03737315672672	1.0098049295209117	1.36825491954811	1.4255862387548106	1.0526451648871236	1.2124541693973816	1.532438902768707	1.5571538890297447	1.152791818293885	1.28953995510021	1.0325644322719723	1.2138755666755765	-0.3882130820280907	-0.023513058007900912
THD0011_150_15_17	THD0011	THD0011	fold_4	macrophage_profibrotic	DISEASE_ADJUSTED	1.23829399511231	0.9800242561870964	1.1275951896506273	1.1565880170469671	0.8551615175766325	0.948840382066183	1.137349201123005	1.557144149784048	0.9061306614374054	1.305684866551007	0.7742805845730243	1.2660447147091232	0.08170597806534285	-0.02096149033375387
THD0011_150_16_14	THD0011	THD0011	fold_4	macrophage_profibrotic	DISEASE_ADJUSTED	2.01721329934225	1.0117620746886389	1.336470682635813	1.3463473674368203	1.405059983479163	1.4957141599144719	1.8764943241136114	1.5571568970238017	1.5421572582726748	1.4909034164541588	1.492074784360403	1.4735171004657137	0.6708659319054298	-0.011576998187506165
THD0011_150_16_15	THD0011	THD0011	fold_4	macrophage_profibrotic	DISEASE_ADJUSTED	1.38813360918028	1.0018351835773671	1.3354618764444814	1.340541390215805	1.3645053507117348	1.4339240640412172	1.6677489530505674	1.5571536506085693	1.4365834114321372	1.3573220739538754	1.34356545908175	1.3236836700461232	0.047592218964475075	-0.016395808762821457
THD0011_150_16_16	THD0011	THD0011	fold_4	macrophage_profibrotic	DISEASE_ADJUSTED	0.970390946853195	0.9919082924660954	1.0468962375363637	1.1159443293307925	1.3189922690186016	1.3654082110576145	1.938024882253373	1.557150404193337	1.7226045749153867	1.1995742537520293	1.7495449044766416	1.2175618161108572	-0.14555338247759741	-3.5556027941894414e-05
THD0011_150_17_15	THD0011	THD0011	fold_4	macrophage_profibrotic	DISEASE_ADJUSTED	1.63017044223714	1.0037923287450943	1.6198177180019433	1.6166515402914496	1.5732782952345237	1.6378169086118048	2.170344205354911	1.5571566586026262	2.1842000958551067	1.7098169921372786	2.2250694571300063	1.693483356886075	0.013518901945690276	-0.007099730823263213
THD0011_150_17_16	THD0011	THD0011	fold_4	macrophage_profibrotic	DISEASE_ADJUSTED	1.49579555003454	0.9938654376338224	1.5489561997724988	1.5355146399614312	1.343667204728831	1.4067726746535785	1.9868992625985764	1.5571534121873938	1.8572040345045442	1.3949955915452628	1.8472635405341968	1.3626515345988945	-0.03971908992689133	-0.014945073506566386
THD0011_150_17_8	THD0011	THD0011	fold_4	macrophage_profibrotic	DISEASE_ADJUSTED	1.08940513097452	1.073280566523997	1.3399796770156174	1.3079971479800394	0.5619560622226528	0.6397618636071615	1.1393105156132148	1.5571793835092524	0.6023419578392979	0.8169942524482212	0.45742298841113005	0.7206126904961971	-0.21859201700551933	-0.05272415631672816
THD0011_150_17_9	THD0011	THD0011	fold_4	macrophage_profibrotic	DISEASE_ADJUSTED	0.864517108422874	1.063353675412725	1.37958843101122	1.4750718689021167	0.8461762809379194	0.9909476439499985	1.4587407774693948	1.55717613709402	0.770917224255142	1.0305229507224927	0.5956103464424065	0.8618424095359956	-0.6105547604792427	-0.0303391188800107
THD0011_150_18_14	THD0011	THD0011	fold_4	macrophage_profibrotic	DISEASE_ADJUSTED	0.751703974035108	1.0156763650240932	0.890586032898392	0.9749655017879756	1.2604157476108173	1.2735927040358455	2.0399362326810886	1.5571629130119151	1.2873437215987187	1.0433444251142243	1.3001876850874363	1.0674926580043183	-0.22326152775286756	0.0007299085988263076
THD0011_150_19_9	THD0011	THD0011	fold_4	macrophage_profibrotic	DISEASE_ADJUSTED	1.3720036759841	1.0672679657481792	1.4743466984893447	1.502489406590854	1.3185957883950357	1.4269368705960987	1.3461228755532137	1.5571821530821337	1.495234987633213	1.291828221349174	1.357135785727694	1.2124338573039015	-0.13048573060675417	0.001960976740588408
THD0011_150_20_11	THD0011	THD0011	fold_4	macrophage_profibrotic	DISEASE_ADJUSTED	1.87454379926336	1.0493713286933626	1.3801811289886634	1.4767337323935443	1.8990223177191812	1.9124964168010705	1.7934343748363197	1.5571786682457258	1.9879758089922603	1.7065568661686707	1.9968259303671265	1.708929625113645	0.3978100668698157	0.016714653810472227
THD0011_150_20_13	THD0011	THD0011	fold_4	macrophage_profibrotic	DISEASE_ADJUSTED	1.65304775268026	1.029517546470819	1.022164378984539	1.0273157943301143	1.3023507480138434	1.3278264187680096	1.479477583915112	1.5571721754152612	1.2661100728543067	0.9518888854830744	1.275681035509495	0.9726078613942736	0.6257319583501457	-0.0011126778873755145
THD0011_150_20_5	THD0011	THD0011	fold_4	macrophage_profibrotic	DISEASE_ADJUSTED	1.61378627869832	1.1089326753609936	1.2576237588967243	1.3519022636669709	0.879259952798061	0.9808321580522399	1.8048066571970818	1.5571981467371196	1.272419519108654	1.2436114833247627	1.214223111699197	1.2015323333283578	0.26188401503134906	-0.03531930849162401
THD0011_150_20_7	THD0011	THD0011	fold_4	macrophage_profibrotic	DISEASE_ADJUSTED	1.53721863847584	1.08907889313845	1.4372162132310515	1.4744968255277486	1.0704906768119145	1.1772965401063442	1.2739484383891575	1.557191653906655	1.1167480429114998	1.2552505279806199	0.9875057914912375	1.1271340233514422	0.06272181294809132	-0.01844816981470975
THD0011_150_21_10	THD0011	THD0011	fold_4	macrophage_profibrotic	DISEASE_ADJUSTED	1.502093672705	1.0612553649723617	1.2746701519619827	1.3561150512209348	1.424502193820001	1.4443796061896454	1.7007123975442608	1.557184922655015	1.5023101625627675	1.306343372973946	1.494796164870216	1.2579443047193903	0.14597862148406526	-0.006358334315561767
THD0011_150_21_11	THD0011	THD0011	fold_4	macrophage_profibrotic	DISEASE_ADJUSTED	1.96066910000187	1.0513284738610897	1.3764344447032626	1.4046412594347426	1.4813472970901616	1.512961615266798	1.7911444871094115	1.5571816762397825	1.6479162788198696	1.5356054110179775	1.6038864554449428	1.5030972800472644	0.5560278405671273	0.014449566421396194
THD0011_150_21_12	THD0011	THD0011	fold_4	macrophage_profibrotic	DISEASE_ADJUSTED	2.06152596839856	1.041401582749818	1.701006578170777	1.6526996919373036	1.935141573106735	1.9351979082632647	2.0411012450079458	1.5571784298245503	1.7303230396781841	1.664442752442087	1.681312878139173	1.7053088833436707	0.40882627646125647	0.019365387150523855
THD0011_150_21_6	THD0011	THD0011	fold_4	macrophage_profibrotic	DISEASE_ADJUSTED	0.931856251964698	1.100962929417449	1.1096461291924613	1.2826084806789892	0.7351614984795035	0.8385672674978375	1.1432559599708654	1.5571979083159442	1.1273738085614817	1.0008854262641176	1.062933689634873	0.9027695192160792	-0.35075222871429124	-0.0347863010503267
THD0011_150_21_7	THD0011	THD0011	fold_4	macrophage_profibrotic	DISEASE_ADJUSTED	1.59707236025597	1.0910360383061772	1.3367686402632148	1.408950191477389	0.8499411028228254	0.9514045014914614	1.225883106029964	1.557194661900712	1.1344951693411411	1.088924230461752	1.0619186145131183	0.975475684202193	0.188122168778581	-0.02266470587427019
THD0011_150_22_10	THD0011	THD0011	fold_4	macrophage_profibrotic	DISEASE_ADJUSTED	1.46512880751716	1.0632125101400887	1.2552166383520145	1.2638394167044311	1.6539740482406864	1.6743120760341321	1.8690972482868697	1.5571879306490717	1.5184530282880404	1.4689716947719833	1.4572260762997535	1.4496283806581178	0.2012893908127289	-0.0024098938750506515
THD0011_150_22_9	THD0011	THD0011	fold_4	macrophage_profibrotic	DISEASE_ADJUSTED	1.81884252234493	1.0731394012513604	1.5049102998606962	1.5863297725995826	1.7634539193982919	1.7700018051617732	1.4579639793628996	1.557191177064304	1.7307382690381794	1.6612741005599518	1.696909591183009	1.6329209154585864	0.2325127497453474	-0.0009306874100411863
THD0011_150_2_10	THD0011	THD0011	fold_4	macrophage_profibrotic	DISEASE_ADJUSTED	0.645612727493617	1.0240696067855468	1.2481971463295798	1.2921009241742643	1.2709649282800004	1.3144298491477795	1.2499090436042946	1.5571277707679356	1.1135216168649615	1.2836830041992349	1.0651597916823803	1.240503130579896	-0.6464881966806473	-0.014957082305388511
THD0011_150_2_14	THD0011	THD0011	fold_4	macrophage_profibrotic	DISEASE_ADJUSTED	1.37012079515612	0.9843620423404597	1.3951527635341066	1.4581939837309439	1.1069137926141843	1.1690107398455125	0.9699349695211246	1.5571147851070062	1.4384695195503803	1.4117599826007183	1.384336488979138	1.3614058054444274	-0.08807318857482382	-0.008643702289165289
THD0011_150_2_7	THD0011	THD0011	fold_4	macrophage_profibrotic	DISEASE_ADJUSTED	1.64508685129907	1.0538502801193625	1.5954826512674178	1.6505449267234482	0.9948261440532826	1.096532887229035	0.9354779870170605	1.5571375100136324	1.495866261919812	1.4598239617260458	1.4202848597262894	1.3922776482451615	-0.005458075424378261	-0.020959979644247284
THD0011_150_2_8	THD0011	THD0011	fold_4	macrophage_profibrotic	DISEASE_ADJUSTED	1.41784266871279	1.0439233890080906	1.465179910299974	1.5143151809737898	1.1103466580932588	1.191873707022911	0.9178384433634321	1.5571342635984002	1.4295008296049858	1.2767323532501655	1.400530002851753	1.1948351185451398	-0.09647251226099973	-0.011878206591727981
THD0011_150_3_6	THD0011	THD0011	fold_4	macrophage_profibrotic	DISEASE_ADJUSTED	1.55916009856494	1.0657343163983612	1.425884380149996	1.4895824600649514	1.6779830569485874	1.6846762470192722	1.157024889338687	1.5571437644229216	1.5482379282122247	1.5860390262087307	1.511492595698628	1.5744872677970836	0.06957763849998866	0.014381015502353682
THD0011_150_3_7	THD0011	THD0011	fold_4	macrophage_profibrotic	DISEASE_ADJUSTED	0.987236917315908	1.0558074252870897	1.6665002456248028	1.6742702347428515	1.0518442563627297	1.155152794967574	1.2808366531476767	1.5571405180076894	1.256923385485631	1.4505045113817447	1.155407530862997	1.333426838498966	-0.6870333174269435	-0.03247771319919079
THD0011_150_3_8	THD0011	THD0011	fold_4	macrophage_profibrotic	DISEASE_ADJUSTED	0.928756432213884	1.0458805341758177	1.7076632915792904	1.73957885081949	1.5730653151575429	1.6065217581970652	1.317507565646884	1.557137271592457	1.7663909954132224	1.3988935945021017	1.7675052501633888	1.3232297322073365	-0.810822418605606	0.0062450704004866475
THD0011_150_4_10	THD0011	THD0011	fold_4	macrophage_profibrotic	DISEASE_ADJUSTED	1.08193740102782	1.027983897121001	1.4982800499392925	1.521763194316606	0.9768998759267897	1.0781081803465642	1.095105940013409	1.5571337867560493	0.820492406422074	1.2885648502336047	0.6921434711364451	1.175984890960409	-0.4398257932887859	-0.03647871612062477
THD0011_150_4_11	THD0011	THD0011	fold_4	macrophage_profibrotic	DISEASE_ADJUSTED	0.893632264113402	1.0180570060097294	1.4317592464660078	1.466127682179557	0.803965562095579	0.9243557669261302	0.9833053275874982	1.5571305403408169	1.1064865429455604	1.2599557654492408	0.9987211817273187	1.1914182975936323	-0.572495418066155	-0.042475364099317924
THD0011_150_4_13	THD0011	THD0011	fold_4	macrophage_profibrotic	DISEASE_ADJUSTED	1.14454661083398	0.9982032237871856	1.4010465877441844	1.4511456131176725	1.1176517561436285	1.2037728439098148	0.9733586614555623	1.5571240475103523	1.5740924655788633	1.5052133347907204	1.5112491638362058	1.4134487571797978	-0.30659900228369263	-0.020745004066456935
THD0011_150_4_6	THD0011	THD0011	fold_4	macrophage_profibrotic	DISEASE_ADJUSTED	1.19543074631426	1.0676914615660884	1.2482414980316956	1.3369414848176007	1.325598287547574	1.347226897887526	1.2337073118857076	1.5571467724169785	1.2307004547785774	1.2286447262437836	1.1954818893027963	1.180221579926626	-0.14151073850334073	0.011498747770958271
THD0011_150_4_7	THD0011	THD0011	fold_4	macrophage_profibrotic	DISEASE_ADJUSTED	0.904176577323611	1.0577645704548166	1.3787710088456262	1.4660067499300315	1.0005038566383158	1.0999133597971888	1.2398133308498365	1.557143526001746	1.0838157882718964	1.2268972203662138	0.9658432013984902	1.0827451873983425	-0.5618301726064205	-0.012069907537739876
THD0011_150_4_8	THD0011	THD0011	fold_4	macrophage_profibrotic	DISEASE_ADJUSTED	0.862614077791327	1.0478376793435449	1.7095834292451015	1.720006092969021	1.194493072281815	1.3060882946924708	1.3494799768666934	1.557140279586514	1.1893809914412896	1.3898566803688732	1.0440113515485652	1.2743040963020769	-0.857392015177694	-0.02255797821929667
THD0011_150_4_9	THD0011	THD0011	fold_4	macrophage_profibrotic	DISEASE_ADJUSTED	2.03576726144118	1.037910788232273	1.7951454521214136	1.7749924892922007	1.1674290237866702	1.2542952186906065	1.3345898961315485	1.5571370331712815	1.4295005440920505	1.5626379075083383	1.3416094150583655	1.4786907303307133	0.2607747721489795	-0.03602110495122212
THD0011_150_5_10	THD0011	THD0011	fold_4	macrophage_profibrotic	DISEASE_ADJUSTED	1.18374067558917	1.029941042288728	1.4781861774188525	1.5754772696463566	1.261958633505655	1.3880394330796453	1.3817094089234292	1.557136794750106	1.2441269539915	1.4496884478693237	1.0661969314668174	1.300243849049405	-0.39173659405718664	-0.017948587065221885
THD0011_150_5_11	THD0011	THD0011	fold_4	macrophage_profibrotic	DISEASE_ADJUSTED	2.22085171259473	1.0200141511774563	1.4124132640435532	1.4507786273051617	1.215454199545896	1.2907117312809842	1.4922900002927435	1.5571335483348736	1.169895897661614	1.634828267707436	1.0477522356939133	1.5702343545965214	0.7700730852895683	-0.0308432518579026
THD0011_150_5_15	THD0011	THD0011	fold_4	macrophage_profibrotic	DISEASE_ADJUSTED	1.03491188689895	0.9803065867323691	1.100076094056838	1.1689939149633073	1.3150516051642365	1.3724420936451593	1.2840616931171986	1.5571205626739444	1.2304604956230265	1.306845255451494	1.16271552434561	1.2589334629635949	-0.13408202806435732	0.003592595305083714
THD0011_150_5_16	THD0011	THD0011	fold_4	macrophage_profibrotic	DISEASE_ADJUSTED	1.25891329337867	0.9703796956210973	1.16012214705412	1.2316766725242019	1.25555908981686	1.3188435330571622	1.495699657922096	1.557117316258712	1.4725123823944084	1.199039350816443	1.428130352210251	1.121197736422903	0.027236620854468097	-0.0004834487991342666
THD0011_150_5_7	THD0011	THD0011	fold_4	macrophage_profibrotic	DISEASE_ADJUSTED	1.26134818328059	1.0597217156225438	1.2432681472857252	1.2986561106731875	0.9095228396284225	1.013753804807466	1.4995283808680309	1.557146533995803	1.0829139998836625	1.0649139531119718	0.9764391712601882	0.963888892214651	-0.037307927392597584	-0.010301739214542279
THD0011_150_5_8	THD0011	THD0011	fold_4	macrophage_profibrotic	DISEASE_ADJUSTED	1.12184929999245	1.049794824511272	1.153870224216584	1.2627557754920031	0.8139882176937094	0.9045626932890944	1.293414837074086	1.5571432875805706	1.0319516472650316	0.9453734768960749	0.9586117881670061	0.8574286867503503	-0.14090647549955304	-0.023262126200414644
THD0011_150_5_9	THD0011	THD0011	fold_4	macrophage_profibrotic	DISEASE_ADJUSTED	1.4638811764679	1.0398679334	1.8510486993363775	1.8512226578690631	1.2892007483664463	1.3959916511934105	1.422607391389044	1.5571400411653382	1.3050203486016883	1.4758417414044056	1.1255480316883535	1.3308932869454273	-0.3873414814011631	-0.028672479068211174
THD0011_150_6_10	THD0011	THD0011	fold_4	macrophage_profibrotic	DISEASE_ADJUSTED	1.17877268613209	1.0318981874564552	1.5797732017715627	1.5872665490441764	1.1094030929258256	1.1941874886322923	1.222087845910171	1.5571398027441627	1.2916509836752945	1.5179665747821913	1.1734597742385608	1.4204131812459886	-0.40849386291208645	-0.02998601202090275
THD0011_150_6_14	THD0011	THD0011	fold_4	macrophage_profibrotic	DISEASE_ADJUSTED	1.88893735417956	0.9921906230113681	1.9062417589144771	1.8417769983250851	1.5953191709876968	1.6978722565579003	1.4986422919691649	1.5571268170832335	1.7209719325630548	1.6514188595796506	1.6314062495589432	1.5770023245328633	0.04716035585447487	0.0013654370251479052
THD0011_150_6_16	THD0011	THD0011	fold_4	macrophage_profibrotic	DISEASE_ADJUSTED	1.12104362607206	0.9723368407888244	1.106422326354672	1.129841683236	1.0219107927133764	1.094992093785407	1.3422896934736932	1.557120324252769	1.2276485347392185	1.1253135037750888	1.1819173459119092	1.0958206105218913	-0.00879805716394011	-0.023008392162339047
THD0011_150_6_9	THD0011	THD0011	fold_4	macrophage_profibrotic	DISEASE_ADJUSTED	1.56536201991928	1.041825078567727	1.6892507025833117	1.723685944299566	0.9529029509733101	1.0677265870014832	0.950008257485988	1.5571430491593952	1.0880329606679755	1.1103957018054285	0.9735197309799619	0.9570397468921952	-0.15832392438028609	-0.03510096961747497
THD0011_150_7_13	THD0011	THD0011	fold_4	macrophage_profibrotic	DISEASE_ADJUSTED	1.35707296285464	1.0040746592903669	1.1997918565468402	1.268883700002785	0.6906576814671315	0.7646960022421326	0.8757962619287669	1.5571330714925227	1.1613726869353358	1.1470061998789838	1.154894992665429	1.0941508638884199	0.08818926285185502	-0.04218082233737843
THD0011_150_7_16	THD0011	THD0011	fold_4	macrophage_profibrotic	DISEASE_ADJUSTED	1.01996387981373	0.9742939859565515	1.4360248472495871	1.5105944815186974	1.3472933021529923	1.3978673021898969	1.3018107835208341	1.5571233322468256	1.2882904199700353	1.2630447198809345	1.1964308340658867	1.201042306723429	-0.4906306017049673	-0.0010578880436232906
THD0011_150_8_16	THD0011	THD0011	fold_4	macrophage_profibrotic	DISEASE_ADJUSTED	0.832212416359456	0.9762511311242785	1.4544744001042844	1.3423338221700671	1.540126729660227	1.562949869519735	1.5074020915818005	1.5571263402408826	1.5296717962505384	1.5000744131365764	1.541290946109433	1.5131200606917437	-0.5101214058106112	-0.002158073770941545
THD0011_150_9_17	THD0011	THD0011	fold_4	macrophage_profibrotic	DISEASE_ADJUSTED	1.19306503072995	0.9682813851807339	1.321806783676589	1.3019592831500897	1.4139630196715642	1.4603184564193896	1.7850499334009822	1.557126101819707	1.6000068933283145	1.5102098060004416	1.5944463846678059	1.478064994417718	-0.10889425242013973	0.009603694088656215
THD0011_150_9_3	THD0011	THD0011	fold_4	macrophage_profibrotic	DISEASE_ADJUSTED	0.949201468515716	1.1072578607385393	1.4478759775238514	1.5233286568887987	1.4462221360481295	1.5167850459746393	1.333900270976505	1.5571715516329594	1.2574586797890324	1.4310661028201073	1.161789513400968	1.3477223821246367	-0.5741271883730827	0.013036303219466494
THD0011_150_9_4	THD0011	THD0011	fold_4	macrophage_profibrotic	DISEASE_ADJUSTED	1.75851511470222	1.0973309696272675	1.353064553231907	1.403016433330613	1.4379910654813035	1.4859901523740362	1.3939379606840558	1.5571683052177272	1.5684984646515654	1.6648699466582595	1.5274791956723015	1.630938769943302	0.355498681371607	0.0035468004684146136
VUILD102LA_150_10_11	VUILD102LA	VUILD102	fold_4	macrophage_profibrotic	DISEASE_ADJUSTED	2.68440999504287	1.843636468503706	2.531427184182414	2.4523416920798717	2.2010290156688295	2.2992470852454745	2.0992037793997174	1.5571512924725215	2.2227157869113814	2.1724856282134346	2.130977330678258	2.1142452078780662	0.23206830296299819	0.017450834368606984
VUILD102LA_150_10_13	VUILD102LA	VUILD102	fold_4	macrophage_profibrotic	DISEASE_ADJUSTED	2.26192278238791	1.8277287141565226	1.9101755977241583	2.0190256761586696	2.273254694197852	2.2404665186676564	2.2067648356904535	1.5571457056152622	2.165418556196906	2.2534031194075705	2.204960362781017	2.2791182490000534	0.2428971062292402	0.023444944568705835
VUILD102LA_150_10_20	VUILD102LA	VUILD102	fold_4	macrophage_profibrotic	DISEASE_ADJUSTED	2.9513566283137	1.772051573941381	2.4653785545056044	2.41655322566275	2.1939328820326516	2.282321657418262	2.680387892357365	1.5571261516148553	2.183549589156123	2.3994092032333336	2.0993759088892276	2.36585287374242	0.5348034026509496	0.0036542566066261415
VUILD102LA_150_10_22	VUILD102LA	VUILD102	fold_4	macrophage_profibrotic	DISEASE_ADJUSTED	3.14669137953601	1.7561438195941972	2.9557879302594716	2.8388244159500964	2.363077837036495	2.4614468271044823	2.7636019466877686	1.5571205647575963	2.4318652092121873	2.5664136486784157	2.351020171725911	2.4828149881583803	0.3078669635859135	-0.0035368202367793908
VUILD102LA_150_10_25	VUILD102LA	VUILD102	fold_4	macrophage_profibrotic	DISEASE_ADJUSTED	2.49582319901398	1.7322821880734225	2.1196428648009595	2.083827573470866	2.380733266427031	2.377007725239554	2.922205170871233	1.5571121844717075	2.301503459696328	2.2476625103471606	2.302434042183789	2.215927798908654	0.4119956255431143	0.005828499808341195
VUILD102LA_150_10_26	VUILD102LA	VUILD102	fold_4	macrophage_profibrotic	DISEASE_ADJUSTED	2.4582455504554	1.7243283108998306	2.144206090566933	2.2055512539651367	2.313872218246709	2.3769384196797487	2.437541652922013	1.557109391043078	2.41555990571173	2.1780523907157097	2.3689060894391694	2.108057063099285	0.2526942964902634	0.0020939933191318587
VUILD102LA_150_11_12	VUILD102LA	VUILD102	fold_4	macrophage_profibrotic	DISEASE_ADJUSTED	1.66288556835048	1.8376409929818407	1.8366043614206535	1.8446734782522796	1.7836075385269337	1.8031323237050874	1.9235323846703922	1.5571515083430556	1.7343526896962085	1.9278336252372783	1.7285772319597292	1.923920352641029	-0.1817879099017996	0.0068015253104338185
VUILD102LA_150_11_22	VUILD102LA	VUILD102	fold_4	macrophage_profibrotic	DISEASE_ADJUSTED	3.40705088073477	1.7581022212459236	2.011205165428913	1.9783277363450242	1.9420798312962115	1.9987296619332193	2.829897750170942	1.55712357405676	2.0615372667478757	2.2925029553061025	2.0456469326033915	2.329029473511501	1.4287231443897457	0.00945914420586763
VUILD102LA_150_11_25	VUILD102LA	VUILD102	fold_4	macrophage_profibrotic	DISEASE_ADJUSTED	2.81243727518804	1.734240589725149	1.9405841126814214	2.0038177212497654	2.016827556890841	2.036617283818961	2.858672726563635	1.5571151937708712	2.166693107281332	2.046427518803853	2.174076801784431	2.0548496351346808	0.8086195539382746	-0.006617263778377097
VUILD102LA_150_11_26	VUILD102LA	VUILD102	fold_4	macrophage_profibrotic	DISEASE_ADJUSTED	2.95689681224546	1.726286712551557	2.1305350253179602	2.2510231565449814	2.4254592204013736	2.4734486397594315	2.7845588071163694	1.5571124003422416	2.3429093747719785	2.267891216502995	2.305596680355342	2.220674747192489	0.7058736557004788	0.0008019845065090729
VUILD102LA_150_11_5	VUILD102LA	VUILD102	fold_4	macrophage_profibrotic	DISEASE_ADJUSTED	2.54574140336209	1.8933181331969828	2.02668497377715	2.047982223835104	2.2914988410342634	2.349160981678061	2.1576920934612156	1.5571710623434625	2.0750239117420395	2.0652676475032243	2.0163260597330854	2.0414724555554584	0.497759179526986	0.02775572963643045
VUILD102LA_150_11_7	VUILD102LA	VUILD102	fold_4	macrophage_profibrotic	DISEASE_ADJUSTED	0.962679700970196	1.8774103788497993	1.5685171129767288	1.5115771914947773	1.7503249372234353	1.7733810522187827	1.7110443738565277	1.5571654754862032	1.4495960926219056	1.4025443329553746	1.4014596570218756	1.3964516295379519	-0.5488974905245814	0.024527730554562567
VUILD102LA_150_11_9	VUILD102LA	VUILD102	fold_4	macrophage_profibrotic	DISEASE_ADJUSTED	2.67417773566195	1.8615026245026158	2.490363577707457	2.311826994305465	2.126276015848263	2.20339594338057	2.3788175009815973	1.5571598886289442	2.1742619303718804	2.300048965707373	2.1091854629803266	2.265582914777484	0.3623507413564848	0.012867489867764299
VUILD102LA_150_12_11	VUILD102LA	VUILD102	fold_4	macrophage_profibrotic	DISEASE_ADJUSTED	1.96366546483934	1.847553271807159	1.7875417945230159	1.678891702271113	1.8355761345583996	1.8455907533830191	2.373522745380087	1.5571573110708488	1.9259057319446589	1.974719064578545	1.9582128629963838	2.0142948162986585	0.28477376256822695	0.020248893274522423
VUILD102LA_150_12_12	VUILD102LA	VUILD102	fold_4	macrophage_profibrotic	DISEASE_ADJUSTED	1.86984123844742	1.8395993946335674	2.025457090042778	1.9749643415039788	1.552379617928986	1.6392459814361207	1.9525520854024374	1.5571545176422192	1.5410825138931912	1.522573201770771	1.469279230514188	1.4464537722902713	-0.10512310305655892	0.011558169725753317
VUILD102LA_150_12_13	VUILD102LA	VUILD102	fold_4	macrophage_profibrotic	DISEASE_ADJUSTED	1.39718800509968	1.8316455174599755	1.826200796960829	1.9873464606718112	1.6607440003878264	1.7761533220406296	1.8637068595596271	1.5571517242135897	1.8490525499789103	1.8792289978096421	1.7887941036099575	1.8246508276843068	-0.5901584555721311	0.024162247936971117
VUILD102LA_150_12_25	VUILD102LA	VUILD102	fold_4	macrophage_profibrotic	DISEASE_ADJUSTED	2.99526792935838	1.7361989913768754	2.706413719092393	2.586893336243178	2.1877081325463954	2.295661626630641	2.7558889385898686	1.5571182030700348	2.239525530627371	2.2669748434813997	2.130866435495707	2.1837410309189265	0.4083745931152021	-0.00398031550008714
VUILD102LA_150_12_26	VUILD102LA	VUILD102	fold_4	macrophage_profibrotic	DISEASE_ADJUSTED	2.87281000352364	1.7282451142032835	2.1516333253111286	2.1603142927784926	2.318609766110087	2.3324846343310424	2.538244879096769	1.5571154096414053	2.36843020098341	2.140517803975556	2.3673552828657423	2.157666600008534	0.7124957107451473	0.0003715883442279855
VUILD102LA_150_12_6	VUILD102LA	VUILD102	fold_4	macrophage_profibrotic	DISEASE_ADJUSTED	1.25435072512301	1.8873226576751174	1.8588367825111056	1.811369751223806	1.7695454693179815	1.8343799937021557	2.1625466545867003	1.5571712782139966	1.665683896449735	1.9582588957662617	1.6146143260355226	1.956766675663216	-0.5570190261007961	0.012081108837159764
VUILD102LA_150_13_12	VUILD102LA	VUILD102	fold_4	macrophage_profibrotic	DISEASE_ADJUSTED	0.962923113904557	1.8415577962852936	1.7530690251593035	1.6650733581515356	1.5048485466622386	1.5596942807464487	2.0110108582928308	1.5571575269413829	1.5252718922435788	1.5410048278811672	1.5403632211333476	1.55583259711535	-0.7021502442469786	0.016185006816591067
VUILD102LA_150_13_14	VUILD102LA	VUILD102	fold_4	macrophage_profibrotic	DISEASE_ADJUSTED	1.72377497896185	1.8256500419381103	1.7781312954097745	1.7782353613411122	1.4690439649313307	1.580810107021762	2.115186676069725	1.5571519400841236	1.7003525469712382	1.523494755295294	1.640391371998587	1.4598500235241183	-0.05446038237926221	0.009596960354304558
VUILD102LA_150_13_16	VUILD102LA	VUILD102	fold_4	macrophage_profibrotic	DISEASE_ADJUSTED	3.06290369415004	1.8097422875909268	1.9622309485156975	2.0300150676721778	2.137479026834671	2.2194650912146376	2.109812072079838	1.5571463532268646	2.034265663597083	2.269800595248173	1.9552835208661508	2.241900609698792	1.0328886264778623	0.0347069788670877
VUILD102LA_150_13_5	VUILD102LA	VUILD102	fold_4	macrophage_profibrotic	DISEASE_ADJUSTED	2.86912668945822	1.8972349365004357	2.5257399720969476	2.560713697396822	2.676615983736375	2.733843562641378	2.435826618558267	1.5571770809417897	2.4937504356591638	2.70193641119509	2.414333532779559	2.6957362012985424	0.30841299206139805	0.03731132092299636
VUILD102LA_150_14_11	VUILD102LA	VUILD102	fold_4	macrophage_profibrotic	DISEASE_ADJUSTED	1.3529727546306	1.851470075110612	1.352442125134427	1.4405566821598605	1.516261471874554	1.5664006942369333	1.7819111033904658	1.557163329669176	1.324084361170779	1.241774696097496	1.2812603991894735	1.2353416834665922	-0.08758392752926047	0.009305323087306644
VUILD102LA_150_14_12	VUILD102LA	VUILD102	fold_4	macrophage_profibrotic	DISEASE_ADJUSTED	1.47430172420067	1.8435161979370203	1.5255703945001862	1.4784479721704384	1.8677610756943037	1.7995971887716016	2.0799754558967107	1.5571605362405465	1.8782790284704856	1.7039654491852816	1.9935755897925367	1.7824608589084063	-0.0041462479697684795	0.021052318433571145
VUILD102LA_150_14_22	VUILD102LA	VUILD102	fold_4	macrophage_profibrotic	DISEASE_ADJUSTED	3.36221068258026	1.763977426201103	2.7988072874874073	2.6712887267199354	2.252377378364862	2.3663470076254534	2.9301441661623775	1.5571326019542509	2.3608154690655914	2.570080418910239	2.284945080553279	2.5238988904633435	0.6909219558603246	0.010978054855662526
VUILD102LA_150_14_26	VUILD102LA	VUILD102	fold_4	macrophage_profibrotic	DISEASE_ADJUSTED	3.23199451106945	1.7321619175067364	2.446960080839508	2.5140768075968873	2.3566760874805466	2.4362046328539155	2.5932900698213848	1.5571214282397325	2.5583375790839757	2.3896279501577826	2.519472510485704	2.3529618566796326	0.7179177034725628	0.01409310457238242
VUILD102LA_150_14_5	VUILD102LA	VUILD102	fold_4	macrophage_profibrotic	DISEASE_ADJUSTED	2.20452713171378	1.8991933381521622	1.654596277373932	1.642648585160027	1.6426693493831412	1.7022949807258765	1.9027863589793745	1.5571800902409534	1.573171452498675	1.8804594971603876	1.537031650681411	1.8743477003773314	0.561878546553753	0.0029105923129963372
VUILD102LA_150_15_23	VUILD102LA	VUILD102	fold_4	macrophage_profibrotic	DISEASE_ADJUSTED	2.47258571774634	1.757981950679238	1.9301864931509478	1.8594295381830386	1.9762041277818063	1.9692027726640162	2.2702785095760154	1.557132817824785	1.8979790775307877	2.205389782367126	1.9395125442106882	2.273927082004244	0.6131561795633016	0.0031738533835529905
VUILD102LA_150_15_24	VUILD102LA	VUILD102	fold_4	macrophage_profibrotic	DISEASE_ADJUSTED	2.11115472691716	1.7500280735056462	1.666136631802845	1.7035871998951913	1.8692876281092614	1.8496141775138588	2.480652568536417	1.5571300243961554	1.9486285581503813	2.0116198864656822	2.0417074219503024	2.0826082871585334	0.40756752702196897	0.00698045504013097
VUILD102LA_150_15_25	VUILD102LA	VUILD102	fold_4	macrophage_profibrotic	DISEASE_ADJUSTED	2.00484182470388	1.7420741963320547	1.598009329990277	1.6254695923675537	1.6414292682449894	1.654253248021316	2.4675390513239313	1.557127230967526	1.641833962027144	1.7933799635594982	1.7010810759733728	1.8690672853932715	0.37937223233632644	0.008238580500287035
VUILD102LA_150_16_23	VUILD102LA	VUILD102	fold_4	macrophage_profibrotic	DISEASE_ADJUSTED	2.43306335932169	1.7599403523309645	1.8716818307007959	1.9150009420946945	1.8909067951141376	1.862335770779834	2.3465086266812225	1.5571358271239486	1.7067742432850999	1.8248005576942494	1.7491324195764792	1.8792322928134464	0.5180624172269954	0.005144372298298413
VUILD102LA_150_16_24	VUILD102LA	VUILD102	fold_4	macrophage_profibrotic	DISEASE_ADJUSTED	2.32411156428263	1.7519864751573726	1.786366990121209	1.7289538758865137	1.970403636310854	1.9605841474998327	2.3514907660275153	1.557133033695319	1.77030387222639	2.125313534966543	1.7948950660059748	2.1780166458861014	0.5951576883961165	0.0001345299757426685
VUILD102LA_150_16_25	VUILD102LA	VUILD102	fold_4	macrophage_profibrotic	DISEASE_ADJUSTED	2.87192173441801	1.7440325979837812	1.7011061563501597	1.698162145611064	1.5865824656545566	1.6347702737396126	2.1782264198166295	1.5571302402666896	1.643813365307476	1.9035788747192894	1.6809153634754395	1.9640768882587711	1.1737595888069459	0.0023620465334591202
VUILD102LA_150_16_6	VUILD102LA	VUILD102	fold_4	macrophage_profibrotic	DISEASE_ADJUSTED	2.88830471696766	1.8951562642820232	2.7405468110132896	2.513909214806229	2.7427802211319667	2.779125885854744	2.1265160181300913	1.5571833154106511	2.551633731547264	2.610048447360915	2.4582974094638796	2.568416489228416	0.3743955021614309	0.019772660806645567
VUILD102LA_150_16_7	VUILD102LA	VUILD102	fold_4	macrophage_profibrotic	DISEASE_ADJUSTED	2.81003028589128	1.8872023871084318	2.196672550297039	2.2081140018730707	2.2700698965345767	2.3297677736337636	2.149382732739353	1.5571805219820216	2.3146770277511326	2.2137043550824598	2.244290389984151	2.17255876159454	0.6019162840182091	0.03140321319751909
VUILD102LA_150_17_16	VUILD102LA	VUILD102	fold_4	macrophage_profibrotic	DISEASE_ADJUSTED	2.60031463873107	1.8175758941978326	1.9159622816493926	1.8882377481683723	2.2498409421819106	2.254995611744505	2.0543435106384087	1.5571583904235193	2.2249232408555435	2.4867385391323698	2.2363633482817495	2.5570364569388238	0.7120768905626975	0.04407928405108733
VUILD102LA_150_17_17	VUILD102LA	VUILD102	fold_4	macrophage_profibrotic	DISEASE_ADJUSTED	0.878494968246284	1.8096220170242412	1.1253308125329755	1.123767474873808	1.5500134394763718	1.531272248874574	1.6277913864750455	1.5571555969948896	1.293173394748855	1.2872396067725504	1.370483617161025	1.363664111652978	-0.24527250662752398	0.017299137713964345
VUILD102LA_150_17_24	VUILD102LA	VUILD102	fold_4	macrophage_profibrotic	DISEASE_ADJUSTED	2.59756035780685	1.753944876809099	2.542747419752663	2.5359536410663317	2.4424461606318366	2.5023198443546626	2.8367473762872604	1.5571360429944827	2.4443126726838624	2.5377225683405262	2.3771534496732984	2.4750372767694278	0.06160671674051832	0.012513442284121995
VUILD102LA_150_17_25	VUILD102LA	VUILD102	fold_4	macrophage_profibrotic	DISEASE_ADJUSTED	3.13896135213684	1.7459909996355076	2.401790698469897	2.3403229308466784	2.411963420956652	2.4426152154759424	2.6373098883369677	1.5571332495658532	2.4656016326969543	2.579025263289271	2.4824419418507735	2.581492583612695	0.7986384212901614	0.02133133395646409
VUILD102LA_150_18_10	VUILD102LA	VUILD102	fold_4	macrophage_profibrotic	DISEASE_ADJUSTED	2.77480607849956	1.8672575588911093	1.8080811691024246	1.7556218463215019	1.744255830377038	1.8018720545314755	1.94870927693866	1.5571781602944603	1.5519448334553403	1.7534869143238283	1.483121786393421	1.7329862162054754	1.0191842321780582	0.013393748476050535
VUILD102LA_150_18_11	VUILD102LA	VUILD102	fold_4	macrophage_profibrotic	DISEASE_ADJUSTED	2.51508504944582	1.8593036817175177	1.8247642135991349	1.715872247019982	1.762509833300638	1.7721588687093208	2.0493372188675	1.5571753668658308	1.812181780808726	1.7949895920692276	1.8182839057743934	1.831586048170167	0.7992128024258378	0.012352470454587568
VUILD102LA_150_18_14	VUILD102LA	VUILD102	fold_4	macrophage_profibrotic	DISEASE_ADJUSTED	2.7740994586811	1.8354420501967428	2.125323059679729	2.052925658595101	2.0540204576944774	2.0667988247065074	2.0692772118122997	1.557166986579942	2.2328989128912693	2.099594794906953	2.2496184466896842	2.1305628958350873	0.7211738000859991	0.01629020975344008
VUILD102LA_150_18_16	VUILD102LA	VUILD102	fold_4	macrophage_profibrotic	DISEASE_ADJUSTED	2.76963513074914	1.819534295849559	2.6506725670107656	2.433747290488424	2.4029704839916253	2.510360048788481	2.350671284473485	1.557161399722683	2.3290715826680293	2.588097359464917	2.2038637972869624	2.549027688892914	0.33588784026071616	0.02900174173000735
VUILD102LA_150_18_17	VUILD102LA	VUILD102	fold_4	macrophage_profibrotic	DISEASE_ADJUSTED	2.90802070791231	1.8115804186759674	2.3728671902525873	2.2526574545287117	2.1638823921382264	2.2791375562284975	1.8862857922365026	1.5571586062940534	2.268004134712955	2.134967242859686	2.1663558624241483	2.0695285863962334	0.6553632533835985	0.023102658589084016
VUILD102LA_150_19_14	VUILD102LA	VUILD102	fold_4	macrophage_profibrotic	DISEASE_ADJUSTED	2.66691203044017	1.837400451848469	2.5611104757325323	2.2875180339101444	2.1565768110510524	2.2220318371988483	2.24368650117629	1.5571699958791057	2.1892645166097866	2.1009016149747177	2.1481017969704523	2.0469892070787363	0.3793939965300255	0.03102344718379934
VUILD102LA_150_19_17	VUILD102LA	VUILD102	fold_4	macrophage_profibrotic	DISEASE_ADJUSTED	2.94919317997754	1.813538820327694	3.2132091761065267	2.9547883029592956	2.421044341621663	2.59086354858903	2.138978676710841	1.557161615593217	2.477423883613383	2.531763319426487	2.314680920541048	2.3931292632265264	-0.005595122981755463	0.021826280804041025
VUILD102LA_150_19_24	VUILD102LA	VUILD102	fold_4	macrophage_profibrotic	DISEASE_ADJUSTED	2.85324238620902	1.757861680112552	2.0255684068418662	2.1158899202267265	1.8889869842057774	1.980756622745199	2.276797429035662	1.55714206159281	1.9674383389125718	1.8812393728892987	1.9149379092554095	1.828308829965439	0.7373524659822936	0.006865456591183266
VUILD102LA_150_20_12	VUILD102LA	VUILD102	fold_4	macrophage_profibrotic	DISEASE_ADJUSTED	2.45511612212276	1.855266607847379	2.386934481900816	2.2802786409343785	2.2152450355759385	2.2798203389897114	2.0088239003147264	1.5571785920355286	1.9721500501167568	1.9827370370535053	1.8749817097559807	1.9060216821079288	0.17483748118838172	0.0335966653045733
VUILD102LA_150_20_16	VUILD102LA	VUILD102	fold_4	macrophage_profibrotic	DISEASE_ADJUSTED	1.78818866719293	1.823451099153012	1.629186962932269	1.5209002864834391	1.4797923961147788	1.5224426519333414	1.7639965670504258	1.5571674183210102	1.5622724806174015	1.5635963730921505	1.5500722218322034	1.5696603087037688	0.2672883807094908	0.005380538572730865
VUILD102LA_150_21_19	VUILD102LA	VUILD102	fold_4	macrophage_profibrotic	DISEASE_ADJUSTED	2.6401044476113	1.8015478692839637	1.6726455425362121	1.6457257537553451	1.8786500422507149	1.8922340246345444	1.872460354819526	1.5571620473342853	1.9441167161002513	1.7628772395435446	1.9579967469481068	1.7489206104203807	0.9943786938559549	0.0284357896272419
VUILD102LA_150_21_22	VUILD102LA	VUILD102	fold_4	macrophage_profibrotic	DISEASE_ADJUSTED	2.67624474712623	1.7776862377631883	1.8402773316935543	1.8334869859504788	1.7025168620357247	1.7085813608081293	1.9497023790466794	1.5571536670483965	2.052113788866734	1.9075357006995237	2.104521748785835	1.9437140728752915	0.8427577611757511	-0.0046719934093662294
VUILD102LA_150_22_20	VUILD102LA	VUILD102	fold_4	macrophage_profibrotic	DISEASE_ADJUSTED	2.10271469539083	1.7955523937620983	1.671546690880954	1.8747976542283764	1.917694660203515	1.9793316539047536	2.082874393238763	1.5571622632048192	2.137665457951983	2.1672192115177844	2.118723261091671	2.1942947235572015	0.2279170411624536	0.024423653783759817
VUILD102LA_150_3_15	VUILD102LA	VUILD102	fold_4	macrophage_profibrotic	DISEASE_ADJUSTED	2.28220959778133	1.7981121482472542	2.0838986983889125	2.07033514904655	2.3223375016220533	2.334340382873739	2.7446529902981616	1.5571190536638575	2.130770136882621	2.378893639729354	2.089754089620984	2.4041004529776853	0.21187444873478034	0.011486689721764679
VUILD102LA_150_3_16	VUILD102LA	VUILD102	fold_4	macrophage_profibrotic	DISEASE_ADJUSTED	2.24190596368136	1.7901582710736623	2.431443045741543	2.3331245689000637	2.054492710435097	2.131279349334724	2.7274283598489077	1.557116260235228	2.2726541538790577	2.0530694747889195	2.2253273733142787	1.9854243546592347	-0.09121860521870362	-0.004843801673436517
VUILD102LA_150_3_18	VUILD102LA	VUILD102	fold_4	macrophage_profibrotic	DISEASE_ADJUSTED	2.77692434040384	1.774250516726479	2.1319010204939506	2.030218291133523	1.8561916089737887	1.9230001317587408	2.521770595165377	1.557110673377969	1.8771880513040253	2.0093875284142046	1.8424133412130925	1.9834913698187866	0.7467060492703168	0.0032430917322182635
VUILD102LA_150_4_21	VUILD102LA	VUILD102	fold_4	macrophage_profibrotic	DISEASE_ADJUSTED	3.25131260674462	1.7523472868574304	2.1044377656191524	2.2090928872674964	2.1319175635313776	2.1765897949600697	2.68634158398776	1.5571053023912438	1.9345834041192531	2.111621196939172	1.8719456842682058	2.093257422373985	1.0422197194771234	0.003436933711756995
VUILD102LA_150_5_21	VUILD102LA	VUILD102	fold_4	macrophage_profibrotic	DISEASE_ADJUSTED	1.57245210229795	1.7543056885091568	1.5317516336294037	1.5317574199741042	1.694422358337621	1.672034401206137	2.470870366615798	1.5571083116904074	1.673895296274339	1.6316285357189608	1.7380990260780695	1.6940543082162622	0.04069468232384588	-0.009123317764239934
VUILD102LA_150_5_9	VUILD102LA	VUILD102	fold_4	macrophage_profibrotic	DISEASE_ADJUSTED	3.276323105017	1.8497522145922571	2.3642850079610636	2.262913573360612	2.248457390505865	2.3176813215024508	2.848299291000927	1.5571418328339621	2.3033287912215368	2.164801748677785	2.285619832235502	2.0923570228000172	1.013409531656388	0.005858881770827428
VUILD102LA_150_6_11	VUILD102LA	VUILD102	fold_4	macrophage_profibrotic	DISEASE_ADJUSTED	2.17807827764774	1.8358028618968003	2.045859803700162	2.1156209938815067	1.92841600909808	1.9762077151773711	2.6162744235870736	1.5571392552758667	1.9424587235244144	2.1875704915652614	1.92877000352573	2.1723283242468265	0.062457283766233385	0.0023955263730580448
VUILD102LA_150_6_13	VUILD102LA	VUILD102	fold_4	macrophage_profibrotic	DISEASE_ADJUSTED	3.03163882340439	1.8198951075496168	2.5736731429634787	2.459273775617018	2.350909232047157	2.414288574949932	2.769232298457725	1.5571336684186077	2.416520506431026	2.397941102814851	2.3938339546901606	2.333285519805248	0.5723650477873719	0.00983622791761289
VUILD102LA_150_6_17	VUILD102LA	VUILD102	fold_4	macrophage_profibrotic	DISEASE_ADJUSTED	2.77500716498631	1.78807959885525	2.0918977943006505	2.0615451155635074	2.077625016643654	2.0849642056256052	2.624890565621072	1.5571224947040894	2.1038253917902905	2.20814905747648	2.1215842114759056	2.2089389704364786	0.7134620494228026	0.004255401419970627
VUILD102LA_150_6_21	VUILD102LA	VUILD102	fold_4	macrophage_profibrotic	DISEASE_ADJUSTED	1.84689485592682	1.7562640901608833	1.7378154902816796	1.7883461412291788	1.9490608295651985	1.9471085997021462	2.4378548491928007	1.557111320989571	2.0114643448640175	1.942464406802244	2.0456302180320156	1.9577978492993622	0.05854871469764111	0.005632455462419179
VUILD102LA_150_6_22	VUILD102LA	VUILD102	fold_4	macrophage_profibrotic	DISEASE_ADJUSTED	2.8887659744493	1.7483102129872914	2.104233557289046	1.9796855027517335	2.3197742076056773	2.3200898742833984	2.6706200778275986	1.5571085275609415	2.1221211776829927	2.2700072843436665	2.1591418657596275	2.326536846556048	0.9090804716975667	0.008339982467501254
VUILD102LA_150_7_10	VUILD102LA	VUILD102	fold_4	macrophage_profibrotic	DISEASE_ADJUSTED	1.4952605867057	1.8457151407221184	1.7671542612848339	1.8261341785508236	1.5788591464623696	1.6567967713741827	1.887841103927005	1.5571450580036599	1.6661342651294737	1.7219320990936735	1.605959643000085	1.7172290702244561	-0.33087359184512355	0.016344987362447647
VUILD102LA_150_7_22	VUILD102LA	VUILD102	fold_4	macrophage_profibrotic	DISEASE_ADJUSTED	2.67561515146052	1.750268614639018	2.144937486093249	2.1297577551830353	2.1890188727106983	2.2053521960795255	2.754894005695426	1.5571115368601052	2.346552210436666	2.3201046948342756	2.378362998616375	2.331046918180233	0.5458573962774849	0.001812273477146048
VUILD102LA_150_7_24	VUILD102LA	VUILD102	fold_4	macrophage_profibrotic	DISEASE_ADJUSTED	2.92018796562451	1.7343608602918346	2.4852104880953876	2.4523134954774397	2.290412513875239	2.3658078168772434	2.6134895614452986	1.5571059500028461	2.1776638171343	2.1949023460168506	2.129043400512931	2.1440007534725978	0.4678744701470703	0.012817533579979215
VUILD102LA_150_7_8	VUILD102LA	VUILD102	fold_4	macrophage_profibrotic	DISEASE_ADJUSTED	2.87999450283587	1.861622895069302	2.1551198495908683	2.0872287985459135	2.373984938103381	2.4176238944978397	2.364255700443368	1.5571506448609191	2.2887563459878035	2.425406204260103	2.218904174920808	2.403230595180434	0.7927657042899567	0.02882203320795384
VUILD102LA_150_7_9	VUILD102LA	VUILD102	fold_4	macrophage_profibrotic	DISEASE_ADJUSTED	1.67892243272308	1.85366901789571	2.095860722523405	2.0501011414885246	2.0559512207967154	2.118006918169516	2.312894417009859	1.5571478514322896	2.04657460996307	2.110355662012398	1.9815216264266704	2.0705448785884206	-0.37117870876544456	0.021499638632080632
VUILD102LA_150_8_19	VUILD102LA	VUILD102	fold_4	macrophage_profibrotic	DISEASE_ADJUSTED	2.03631240053952	1.7760886478115196	1.8245106866705172	1.8955341176121911	1.9505573083332386	1.9628058572698879	2.6513087145965786	1.5571229264451576	1.7558757753861838	1.8012743074757813	1.7903642972134441	1.8277350512075565	0.14077828292732875	0.006111853317981001
VUILD102LA_150_8_21	VUILD102LA	VUILD102	fold_4	macrophage_profibrotic	DISEASE_ADJUSTED	2.07643951571309	1.7601808934643361	2.032452338343365	1.906645074942038	1.6101290506023986	1.7117188489527893	2.337453980860312	1.5571173395878986	1.791335656222869	1.60271891174031	1.7384838410502756	1.5321876720593244	0.1697944407710521	-0.0033469037331430116
VUILD102LA_150_8_22	VUILD102LA	VUILD102	fold_4	macrophage_profibrotic	DISEASE_ADJUSTED	3.33339563726821	1.7522270162907443	2.6977621988549885	2.6260662634269663	2.492686586516241	2.580073641545929	2.8681032014874654	1.5571145461592688	2.4438730545478435	2.5255673853721117	2.347571699855626	2.4879204926384393	0.7073293738412438	0.021472779336558466
VUILD102LA_150_8_24	VUILD102LA	VUILD102	fold_4	macrophage_profibrotic	DISEASE_ADJUSTED	2.06208560077993	1.736319261943561	1.8103864148056021	1.8199883650404787	1.3839009482861127	1.480936632481315	2.4139743657023915	1.5571089593020098	1.6483960744534705	1.8192479974422766	1.6384509786651298	1.8182193774596187	0.2420972357394513	-0.0012035887741490524
VUILD102LA_150_8_25	VUILD102LA	VUILD102	fold_4	macrophage_profibrotic	DISEASE_ADJUSTED	3.07842041747528	1.7283653847699696	2.67290898609667	2.7331853767238314	2.1619837278902274	2.2996407768879497	2.3965165423058044	1.5571061658733802	2.3577247385952003	2.4838979301917923	2.196876807106531	2.352487802626105	0.3452350407514486	-0.014748223527578402
VUILD102LA_150_9_13	VUILD102LA	VUILD102	fold_4	macrophage_profibrotic	DISEASE_ADJUSTED	2.09411443561163	1.8257703125047962	1.8534194053931417	1.9019734691997146	1.8686500070638672	1.928202496532401	2.0087441108295128	1.5571426963160986	1.8485143710382748	1.8398274640095067	1.776413496120059	1.7964624309806136	0.19214096641191558	0.022595035010981528
VUILD102LA_150_9_20	VUILD102LA	VUILD102	fold_4	macrophage_profibrotic	DISEASE_ADJUSTED	3.23512420695277	1.7700931722896545	1.7988748272829995	1.7625695271003152	1.8896567582875723	1.935476034906712	2.3335481802003164	1.5571231423156917	1.789949308382853	1.9597271070210405	1.7546803221920517	1.9677525794944668	1.4725546798524547	-0.002133787600659468
VUILD102LA_150_9_22	VUILD102LA	VUILD102	fold_4	macrophage_profibrotic	DISEASE_ADJUSTED	2.91255438991973	1.754185417942471	2.4164353163975014	2.2965935160248323	2.4099610291086853	2.458552589069456	2.7009521064922772	1.5571175554584327	2.421983172807117	2.5454335936623638	2.39225594526926	2.5299128325708113	0.6159608738948976	0.023151880487938065
VUILD102LA_150_9_24	VUILD102LA	VUILD102	fold_4	macrophage_profibrotic	DISEASE_ADJUSTED	2.73678119180982	1.7382776635952875	1.656140735736374	1.6985545090408571	2.0411636581615404	2.0428862464708133	2.3843932574997195	1.5571119686011734	1.9206296888297596	2.2047714017004916	1.9555718751643336	2.272121472475383	1.038226682768963	0.007793760307796825
VUILD102LA_150_9_25	VUILD102LA	VUILD102	fold_4	macrophage_profibrotic	DISEASE_ADJUSTED	2.61967068695883	1.730323786421696	2.7324673996336903	2.6532794961545036	2.5403671483407826	2.6630110483603744	3.011946390775508	1.5571091751725439	2.8041121961738416	2.8300545382508933	2.712548443595808	2.766433367862102	-0.03360880919567366	0.01641672031356098
VUILD102LA_150_9_26	VUILD102LA	VUILD102	fold_4	macrophage_profibrotic	DISEASE_ADJUSTED	2.9301151547392	1.7223699092481042	2.6010751716562304	2.696908456071987	2.166391811140058	2.3527940897203994	2.534341047432219	1.5571063817439144	2.263336554719589	2.2858874505273272	2.0642222248784554	2.106395873167554	0.233206698667213	0.0035645740372646176
VUILD102LA_150_9_8	VUILD102LA	VUILD102	fold_4	macrophage_profibrotic	DISEASE_ADJUSTED	1.83009730351151	1.8655396983727548	1.611065833267437	1.4842447837905872	1.8771656387570848	1.8418971099691985	2.244795745293525	1.5571566634592464	1.720166561718494	1.592994305630826	1.7771166119766324	1.6323755712068437	0.3458525197209228	0.014317976148978081
VUILD102LA_150_9_9	VUILD102LA	VUILD102	fold_4	macrophage_profibrotic	DISEASE_ADJUSTED	0.868437582854488	1.8575858211991632	1.3143375283558523	1.3633358820065655	1.4324471601452757	1.3881595818124435	1.8230673702169582	1.557153870030617	1.419336901560188	1.3842085170357976	1.4812428833046336	1.4734863174700608	-0.4948982991520775	-0.00165924446829205
VUILD102MA_150_10_10	VUILD102MA	VUILD102	fold_4	macrophage_profibrotic	DISEASE_ADJUSTED	2.23497389198996	1.8486633062297573	2.037834035401272	2.1272119078639458	1.8762558023885085	1.9125859284094289	2.573248603697788	1.557149310199586	1.5170021363736135	1.4685606442845671	1.3572085182945985	1.347057596571011	0.10776198412601445	-0.026362957922644342
VUILD102MA_150_10_11	VUILD102MA	VUILD102	fold_4	macrophage_profibrotic	DISEASE_ADJUSTED	2.79668131838461	1.8407082769325829	2.6496992726568127	2.588848516476637	1.9009189179764465	2.004378945157728	2.0736033039337634	1.557146516506439	1.8659529589516557	1.8823661973518238	1.6796229778457774	1.7540029764977536	0.20783280190797315	-0.02102916278564214
VUILD102MA_150_10_12	VUILD102MA	VUILD102	fold_4	macrophage_profibrotic	DISEASE_ADJUSTED	3.50484957736938	1.8327532476354085	2.724108549832391	2.6481280582975684	2.051755777944976	2.103848960355879	2.718166086612109	1.557143722813292	2.1605980082014122	2.1590120317440564	2.042446482650517	2.0719661259185456	0.8567215190718116	-0.03573006573135422
VUILD102MA_150_10_17	VUILD102MA	VUILD102	fold_4	macrophage_profibrotic	DISEASE_ADJUSTED	1.42664388727783	1.7929781011495365	1.691104472419592	1.6203432668585125	1.402776347480751	1.422679153192138	2.3861485043300332	1.557129754347557	1.697503083619315	1.6620719644494264	1.7783958114758418	1.7556059857311732	-0.1936993795806825	0.0012343834718508365
VUILD102MA_150_10_19	VUILD102MA	VUILD102	fold_4	macrophage_profibrotic	DISEASE_ADJUSTED	3.06137056705977	1.777068042555188	2.43546615318884	2.3395565226986443	2.1157777812911567	2.1713815548193045	2.5990384043370884	1.5571241669612632	2.4014275157862026	2.1831336705257094	2.372773522171607	2.154128272465859	0.7218140443611256	-0.008647485810729076
VUILD102MA_150_10_2	VUILD102MA	VUILD102	fold_4	macrophage_profibrotic	DISEASE_ADJUSTED	3.04354443337884	1.9123035406071522	2.570908153877024	2.382689328447956	2.1078741304040705	2.128267855099945	2.867730780266135	1.5571716597447618	1.9768896704180525	2.0600908928040877	1.8804632693796484	2.030245648059193	0.6608551049308842	-0.004950053933606692
VUILD102MA_150_10_21	VUILD102MA	VUILD102	fold_4	macrophage_profibrotic	DISEASE_ADJUSTED	2.50288813001603	1.7611579839608391	2.0021133245433176	1.9500013109648018	2.2048226786236524	2.188267230859328	2.697885062349683	1.5571185795749694	2.0893179128017128	1.9408678418677683	2.1445258770753783	1.995071110301876	0.5528868190512282	0.011216245079442968
VUILD102MA_150_10_22	VUILD102MA	VUILD102	fold_4	macrophage_profibrotic	DISEASE_ADJUSTED	1.91621627617875	1.753202954663665	1.5483902277139556	1.5164292747006705	1.9982838884348888	1.9354655226016226	1.9623202297474913	1.5571157858818223	1.7591212076119183	1.8800599587414448	1.8142784387239224	1.9675687815095668	0.39978700147807955	0.007442151372536067
VUILD102MA_150_10_23	VUILD102MA	VUILD102	fold_4	macrophage_profibrotic	DISEASE_ADJUSTED	3.09840455768233	1.7452479253664905	2.702274373499143	2.7066071066878026	2.357170915182338	2.4239925664053943	2.8296686270709612	1.5571129921886753	2.3444077129894243	2.5844485322479356	2.2629259694286166	2.5410390184883616	0.39179745099452745	0.008366309125260147
VUILD102MA_150_10_24	VUILD102MA	VUILD102	fold_4	macrophage_profibrotic	DISEASE_ADJUSTED	2.88996063682151	1.737292896069316	2.1945006118764168	2.1656014946793665	2.2737739691156262	2.296585784484787	2.6162729928823447	1.5571101984955282	2.369925063638494	2.4215260079498027	2.3886150667415205	2.4981349006017486	0.7243591421421436	0.011173632405647149
VUILD102MA_150_10_25	VUILD102MA	VUILD102	fold_4	macrophage_profibrotic	DISEASE_ADJUSTED	3.79645843398862	1.7293378667721415	2.9299585781813926	2.768269605078258	2.5051631771381357	2.6280245816495587	2.8068579453724247	1.5571074048023814	2.841810606500645	2.931553916205361	2.752517732689574	2.8855479160672455	1.0281888289103622	0.02029515213593939
VUILD102MA_150_10_3	VUILD102MA	VUILD102	fold_4	macrophage_profibrotic	DISEASE_ADJUSTED	2.91810803807823	1.9043485113099778	2.080731364431341	2.1171323599442835	1.9012884726508754	1.9112250545819338	3.0984140222064367	1.5571688660516148	1.7105493297768581	2.0985513119563564	1.6627203375412496	2.077020010084894	0.8009756781339465	-0.013658996697896266
VUILD102MA_150_10_9	VUILD102MA	VUILD102	fold_4	macrophage_profibrotic	DISEASE_ADJUSTED	2.63251200951574	1.8566183355269317	3.0323671859389845	2.847269027410677	2.0282463658003334	2.1723800900694235	2.9161783715480185	1.557152103892733	2.1012436018441245	1.8916051150432853	1.8667774200474523	1.6708660848751677	-0.21475701789493717	-0.026809397857579423
VUILD102MA_150_11_10	VUILD102MA	VUILD102	fold_4	macrophage_profibrotic	DISEASE_ADJUSTED	2.32084372044063	1.850344094343396	1.6092155021861043	1.5879193667311575	1.1035074488880428	1.1654869989537617	2.4608124827779845	1.5571520311422473	0.8952409500965762	0.9658979319324413	0.7797062426948262	0.9105157538723513	0.7329243537094723	-0.02833855972880367
VUILD102MA_150_11_16	VUILD102MA	VUILD102	fold_4	macrophage_profibrotic	DISEASE_ADJUSTED	1.4734513156014	1.8026139185603496	1.5308747212354603	1.4622686405849545	1.7213067889443272	1.6672465516852966	2.333357376928151	1.5571352689833655	1.7066943007265074	2.0137986060043187	1.8209004767722219	2.1538499680545895	0.011182675016445431	0.007568967075351778
VUILD102MA_150_11_17	VUILD102MA	VUILD102	fold_4	macrophage_profibrotic	DISEASE_ADJUSTED	2.35042217103665	1.7946588892631752	2.319431245041219	2.1935874330768215	2.0634886888517494	2.060026351379406	2.62395047069254	1.5571324752902185	2.074092250940423	2.1686330558096065	2.0995352273986283	2.2094572785788182	0.15683473795982872	0.011055114794060737
VUILD102MA_150_11_18	VUILD102MA	VUILD102	fold_4	macrophage_profibrotic	DISEASE_ADJUSTED	2.36438855338633	1.7867038599660008	1.3974542159376389	1.440887108672483	1.8261858744393689	1.7114140138611498	2.8057843337612876	1.5571296815970714	1.8835655606471726	1.7647903766573865	2.1086950706143193	1.9286579074319208	0.923501444713847	-0.003960466713110348
VUILD102MA_150_11_19	VUILD102MA	VUILD102	fold_4	macrophage_profibrotic	DISEASE_ADJUSTED	3.37242735584993	1.7787488306688266	2.569796471763543	2.5243812822361056	2.3269099538592637	2.3599512998676335	2.80726047812528	1.5571268879039244	2.5463947073725235	2.517975261424334	2.5462255378301024	2.551728170210736	0.8480460736138244	0.0014423284492536131
VUILD102MA_150_11_23	VUILD102MA	VUILD102	fold_4	macrophage_profibrotic	DISEASE_ADJUSTED	2.98069072879481	1.746928713480129	2.7633148371758374	2.6223186071310796	2.634582230310676	2.6603340412231775	2.9870349676387185	1.5571157131313367	2.5442684187709648	2.4568205460829615	2.4586812307063504	2.418278915603832	0.35837212166373034	0.01517499588158319
VUILD102MA_150_11_25	VUILD102MA	VUILD102	fold_4	macrophage_profibrotic	DISEASE_ADJUSTED	3.12931949969926	1.7310186548857802	2.511785644097907	2.4192642505265045	2.422538589870382	2.457237891577202	2.6728528502810267	1.5571101257450426	2.609698727201507	2.3595137611798727	2.6115911227161357	2.3736243645518225	0.7100552491727554	0.010940832616024554
VUILD102MA_150_11_3	VUILD102MA	VUILD102	fold_4	macrophage_profibrotic	DISEASE_ADJUSTED	2.40876078607029	1.9060292994236165	2.019121264346658	1.9145952141749238	2.4766903137568774	2.350636350455572	2.893623903505145	1.5571715869942762	1.8568526376465764	2.2538047251291298	1.862313680782437	2.3690593249147076	0.49416557189536636	-0.005944253514655113
VUILD102MA_150_11_9	VUILD102MA	VUILD102	fold_4	macrophage_profibrotic	DISEASE_ADJUSTED	3.09954390411776	1.8582991236405704	2.5871049083320576	2.5682194708610067	1.8543180092949278	1.9652907675590747	2.8192609078145674	1.5571548248353944	1.5841615813198038	1.9804753921795364	1.378598723824949	1.8557548050412147	0.5313244332567533	-0.023929226897049242
VUILD102MA_150_12_10	VUILD102MA	VUILD102	fold_4	macrophage_profibrotic	DISEASE_ADJUSTED	2.7738715061598	1.8520248824570344	2.106639367561736	2.064998089759089	1.4651080456157304	1.5497712272895454	2.3389847251285576	1.5571547520849085	1.207955217032123	1.3377459084913692	1.0804861664804388	1.2334733520026437	0.7088734164007109	-0.022334248683582802
VUILD102MA_150_12_11	VUILD102MA	VUILD102	fold_4	macrophage_profibrotic	DISEASE_ADJUSTED	2.67932098926608	1.84406985315986	2.2318390693017314	2.2484660724518077	1.8229611259603264	1.8847253763322118	2.6196232307020453	1.5571519583917617	1.9456079554749859	1.8292028104911369	1.878326784024443	1.7870578154707284	0.4308549168142721	-0.024275927053679657
VUILD102MA_150_12_15	VUILD102MA	VUILD102	fold_4	macrophage_profibrotic	DISEASE_ADJUSTED	3.66421431872152	1.8122497359711627	2.5924518896474207	2.5518719599504585	2.1706013573902236	2.295049460189042	2.6587458367015597	1.5571407836191737	2.2984449395258375	2.473981985020036	2.1952217149142035	2.4098267171888206	1.1123423587710617	0.014341277566120683
VUILD102MA_150_12_17	VUILD102MA	VUILD102	fold_4	macrophage_profibrotic	DISEASE_ADJUSTED	2.88408497699105	1.7963396773768139	1.9832679322313356	1.9181954068487572	1.8429380795417405	1.873026723848448	2.6986283932813357	1.5571351962328797	1.9291651381313133	1.828649334733199	1.98671312524607	1.8521231394219089	0.9658895701422927	0.004383011053630171
VUILD102MA_150_12_2	VUILD102MA	VUILD102	fold_4	macrophage_profibrotic	DISEASE_ADJUSTED	2.60016254544654	1.9156651168344294	2.385111832570143	2.3337434866675437	2.0801123349723847	2.1521713125342528	2.8697206534087565	1.5571771016300844	2.1145283943143798	2.3090635868939486	2.0320358941115155	2.2798135834523654	0.2664190587789963	-0.0018892600197189541
VUILD102MA_150_12_24	VUILD102MA	VUILD102	fold_4	macrophage_profibrotic	DISEASE_ADJUSTED	2.07750630961413	1.740654472296593	2.8451541331461567	2.849639043200597	2.197404305145998	2.2341049710159595	3.008624168209895	1.5571156403808508	2.5272616815055207	2.371249936486792	2.523261350876901	2.3497856381321873	-0.7721327335864672	0.0007207718948089425
VUILD102MA_150_12_25	VUILD102MA	VUILD102	fold_4	macrophage_profibrotic	DISEASE_ADJUSTED	3.03027655561569	1.7326994429994187	1.8083936159977603	1.848597074380705	2.4102339969448434	2.307415493609851	2.5079102636433923	1.557112846687704	2.3212807264599	2.339978634024037	2.4347822433279385	2.47029265547645	1.1816794812349851	-0.003143409138137876
VUILD102MA_150_12_7	VUILD102MA	VUILD102	fold_4	macrophage_profibrotic	DISEASE_ADJUSTED	2.82521398904676	1.8758899703485576	2.1307034237788542	2.1162692595876376	1.3529771218729099	1.4816235051988174	2.7767383572371043	1.5571631331643494	1.7830247864063957	1.9158810916098958	1.6824850915870848	1.7632480326768265	0.7089447294591222	-0.0416999931373821
VUILD102MA_150_13_10	VUILD102MA	VUILD102	fold_4	macrophage_profibrotic	DISEASE_ADJUSTED	3.12259554478589	1.8537056705706731	1.8261469725219472	1.8430060727641069	1.8197799794478557	1.8370792587684663	3.037284790939138	1.55715747302757	1.8286445410831778	1.959203872158937	1.8319174529893751	1.9782780945817555	1.2795894720217833	-0.025796252933086603
VUILD102MA_150_13_14	VUILD102MA	VUILD102	fold_4	macrophage_profibrotic	DISEASE_ADJUSTED	3.10053844310466	1.8218855533819756	2.4783250600687587	2.4859924794135946	2.1870765794900837	2.2942579243155814	2.514697185107948	1.557146298254982	2.0788243816098735	2.4727227296441576	1.9640241330459904	2.447924888822587	0.6145459636910653	0.010538806390308677
VUILD102MA_150_13_15	VUILD102MA	VUILD102	fold_4	macrophage_profibrotic	DISEASE_ADJUSTED	3.41302393886489	1.8139305240848014	2.107139548878719	2.164098000741736	2.2296051267267543	2.2826110269649154	2.4117513617423745	1.557143504561835	2.286115918618896	2.697338222918037	2.2691266408223063	2.7403538243813967	1.2489259381231541	0.007069143013870344
VUILD102MA_150_13_16	VUILD102MA	VUILD102	fold_4	macrophage_profibrotic	DISEASE_ADJUSTED	2.64890776502394	1.805975494787627	2.990724476284398	2.8040341243189095	2.668217653669926	2.679174101514156	2.933942873166304	1.557140710868688	2.655336633989529	2.790009374592254	2.600101700126161	2.8046627305825442	-0.15512635929496943	0.0034864319987531252
VUILD102MA_150_13_17	VUILD102MA	VUILD102	fold_4	macrophage_profibrotic	DISEASE_ADJUSTED	2.83085841102514	1.7980204654904524	2.6020597066427458	2.5550126806541873	2.265552628194915	2.3355631015124834	2.9663716566183385	1.557137917175541	2.571039413316284	2.590925728432946	2.5311185366154785	2.5920086100923827	0.2758457303709525	0.015569126310687234
VUILD102MA_150_13_25	VUILD102MA	VUILD102	fold_4	macrophage_profibrotic	DISEASE_ADJUSTED	2.86458249531739	1.7343802311130574	1.8944403218823025	1.879284874398254	2.489297486691616	2.4144780170415965	2.639429121000393	1.5571155676303652	2.437097331824835	2.1487225628808493	2.52554479758716	2.2307502681458833	0.9852976209191362	0.016404435475576587
VUILD102MA_150_13_6	VUILD102MA	VUILD102	fold_4	macrophage_profibrotic	DISEASE_ADJUSTED	2.70431095315971	1.8855257877593705	2.286632793925357	2.276077157995089	1.5561295288099546	1.6495320873029193	2.739919525281261	1.5571686478001578	1.7411092378585715	1.6752521123835635	1.6091470161565855	1.5218682823905445	0.4282337951646209	-0.037126060314829935
VUILD102MA_150_13_7	VUILD102MA	VUILD102	fold_4	macrophage_profibrotic	DISEASE_ADJUSTED	2.7238889450867	1.8775707584621961	2.9445767901799513	2.923909282591931	1.6069073125588336	1.8240938881601851	2.9402775937415404	1.5571658541070108	1.7356949192020112	1.7446969627784439	1.4809120762718964	1.4882159548489555	-0.20002033750523074	-0.024491176656526795
VUILD102MA_150_13_8	VUILD102MA	VUILD102	fold_4	macrophage_profibrotic	DISEASE_ADJUSTED	2.74221572678371	1.869615729165022	2.098878489863627	2.057004497123235	2.5878860882406958	2.5724598253543385	3.0253960932777124	1.5571630604138638	2.24135549513303	2.5592284475257694	2.213456721007163	2.570614668885823	0.6852112296604749	-0.0032097363323543796
VUILD102MA_150_13_9	VUILD102MA	VUILD102	fold_4	macrophage_profibrotic	DISEASE_ADJUSTED	3.29282816274538	1.8616606998678475	2.3802847617563008	2.3383119451709837	1.9262719878215564	2.055688985383283	2.284912510367129	1.557160266720717	2.196776489554158	2.4573594849384204	2.1136134175457277	2.4589881311083737	0.9545162175743962	0.014828104370894069
VUILD102MA_150_14_14	VUILD102MA	VUILD102	fold_4	macrophage_profibrotic	DISEASE_ADJUSTED	2.17816284125611	1.823566341495614	2.0850729693432477	2.034192535309576	2.4401587624854004	2.38495525577754	2.8553784664368083	1.5571490191976431	2.1882285589628108	2.270454616001256	2.2349486528002624	2.3560465211424138	0.14397030594653382	0.013446086419464732
VUILD102MA_150_14_15	VUILD102MA	VUILD102	fold_4	macrophage_profibrotic	DISEASE_ADJUSTED	2.79838963112502	1.8156113121984399	1.9008637169637879	1.7958050389269367	2.040513433954758	2.0232575665147547	2.4530977548916493	1.5571462255044963	1.935857345863664	2.186053169442247	1.9836536261474789	2.2889761037099747	1.0025845921980834	0.013042883480244906
VUILD102MA_150_14_16	VUILD102MA	VUILD102	fold_4	macrophage_profibrotic	DISEASE_ADJUSTED	3.04755538330795	1.8076562829012655	1.8521477235082058	1.8290045217422526	1.7765101197213153	1.8303053766417676	2.395520448726202	1.5571434318113493	1.8502253824547787	2.050843322331581	1.817564450375559	2.0697888518843377	1.2185508615656973	0.011068129845946488
VUILD102MA_150_14_17	VUILD102MA	VUILD102	fold_4	macrophage_profibrotic	DISEASE_ADJUSTED	2.43783594373722	1.799701253604091	2.0193091391683153	2.0768279749492677	2.2007901478581187	2.2146237692589223	2.5814047111366514	1.5571406381182022	2.513390153413338	2.2127851974455	2.5782374427097894	2.2505135073919904	0.3610079687879524	0.011649455336463754
VUILD102MA_150_14_25	VUILD102MA	VUILD102	fold_4	macrophage_profibrotic	DISEASE_ADJUSTED	3.36157414236153	1.7360610192266959	3.1907211065178505	3.152226996432021	2.7809613099958588	2.8677726433855657	3.0299814335536484	1.5571182885730266	2.9993146343293056	2.8753095097530776	2.923540305245865	2.838947565659087	0.2093471459295091	0.0070766069083517
VUILD102MA_150_14_7	VUILD102MA	VUILD102	fold_4	macrophage_profibrotic	DISEASE_ADJUSTED	2.55774055544332	1.8792515465758348	2.3375195286685724	2.2615589851695876	1.7729787629639204	1.8316955128879635	2.8210565755597803	1.557168575049672	1.7255035006470274	1.8041556824675289	1.5727746892029786	1.6738488680430859	0.2961815702737325	-0.03269451690720158
VUILD102MA_150_14_8	VUILD102MA	VUILD102	fold_4	macrophage_profibrotic	DISEASE_ADJUSTED	3.0300684698958	1.8712965172786604	2.0026213891375764	2.099492723182395	1.77992853639401	1.7847408210086484	2.8489428333126363	1.5571657813565252	1.7737461529360758	1.7569277235214285	1.7349493178372721	1.7227554462322046	0.930575746713405	-0.03576444496273109
VUILD102MA_150_14_9	VUILD102MA	VUILD102	fold_4	macrophage_profibrotic	DISEASE_ADJUSTED	3.04553408774329	1.863341487981486	1.7801529704990764	1.7229681210091392	2.3195886044807708	2.244982567376945	2.663883021105306	1.5571629876633781	2.296496504947605	2.2233273065749164	2.4002635398264767	2.3159053773408607	1.3225659667341507	-0.006666274804617242
VUILD102MA_150_15_14	VUILD102MA	VUILD102	fold_4	macrophage_profibrotic	DISEASE_ADJUSTED	1.51492764552411	1.8252471296092527	1.8023184524462224	1.7320479105139734	2.2940063459185724	2.205582220442826	2.679939455124921	1.5571517401403046	2.2291983884429487	2.2256403450373026	2.352378791817072	2.3410544891618126	-0.21712026498986337	0.02338397618980325
VUILD102MA_150_15_17	VUILD102MA	VUILD102	fold_4	macrophage_profibrotic	DISEASE_ADJUSTED	2.63187776496604	1.8013820417177295	2.0126293152137604	1.9402956092139019	1.8554091514492392	1.8632981442572822	2.706625947302884	1.5571433590608637	2.085411577958322	2.1318583802222975	2.1262951731856257	2.2031830006174635	0.6915821557521382	0.00057420941455384
VUILD102MA_150_15_25	VUILD102MA	VUILD102	fold_4	macrophage_profibrotic	DISEASE_ADJUSTED	2.95748219785818	1.7377418073403346	2.196024090681495	2.1377742300774116	2.605186306555721	2.5764541955325586	2.570023563213146	1.5571210095156878	2.5759216368913673	2.2852682168061325	2.600661911746645	2.2915486149231072	0.8197079677807682	0.01821229111364643
VUILD102MA_150_15_6	VUILD102MA	VUILD102	fold_4	macrophage_profibrotic	DISEASE_ADJUSTED	3.25097585791627	1.888887363986648	2.738374025379575	2.6888319266809466	1.6849020141284459	1.8099828764243715	2.927238287451687	1.5571740896854804	1.7229560725785418	1.772292202587736	1.4865398057112689	1.595049136139416	0.5621439312353234	-0.02299189023980209
VUILD102MA_150_15_7	VUILD102MA	VUILD102	fold_4	macrophage_profibrotic	DISEASE_ADJUSTED	2.76823325462198	1.8809323346894733	2.544431527798704	2.4449122895474042	1.3846949137616142	1.5955649373158456	2.8953776538685068	1.5571712959923334	1.1895177878992078	1.7274173075515262	0.9138914958785969	1.5640798002419805	0.32332096507457564	-0.028220118280913906
VUILD102MA_150_16_13	VUILD102MA	VUILD102	fold_4	macrophage_profibrotic	DISEASE_ADJUSTED	1.75001458713474	1.8348829470200658	1.8511539175522882	1.834528968886318	2.038970108067584	1.995050124330669	2.998846421891355	1.5571572547761128	2.303480452706604	2.285828352881122	2.34288397534695	2.3995646158349437	-0.0845143817515781	-0.005618916944090246
VUILD102MA_150_16_16	VUILD102MA	VUILD102	fold_4	macrophage_profibrotic	DISEASE_ADJUSTED	1.53794032415752	1.8110178591285426	1.2428161785026033	1.3678077905922863	1.3891541662358518	1.3324744025026796	2.236214257356855	1.5571488736966719	1.5067822486416285	1.471539610027886	1.572610960383907	1.6057573793252233	0.17013253356523372	-0.03191654996811287
VUILD102MA_150_16_17	VUILD102MA	VUILD102	fold_4	macrophage_profibrotic	DISEASE_ADJUSTED	1.79913687745605	1.8030628298313682	1.7064946968228274	1.7135899260468852	1.528486094588271	1.5260633010024087	2.3987940473360085	1.5571460800035248	1.8183988176364831	1.818834664588035	1.835809692012501	1.9009645444790548	0.0855469514091649	-0.013451568201390882
VUILD102MA_150_16_18	VUILD102MA	VUILD102	fold_4	macrophage_profibrotic	DISEASE_ADJUSTED	2.37230500860266	1.7951078005341938	1.9413003984684074	1.9395554338361811	2.1902899312435853	2.151096857790709	2.7393520666407083	1.557143286310378	2.1665961924419648	2.2696815961602805	2.232591882786988	2.355065832244437	0.4327495747664787	-0.0010361738553358747
VUILD102MA_150_16_22	VUILD102MA	VUILD102	fold_4	macrophage_profibrotic	DISEASE_ADJUSTED	3.1792004503977	1.7632876833454965	2.0920916516613306	2.084230754244378	2.368710034988144	2.337610971140717	2.846432106288657	1.55713211153779	2.1464385937362565	2.1827310251014236	2.178723712588387	2.223793993562555	1.094969696153322	0.013228544406282643
VUILD102MA_150_16_23	VUILD102MA	VUILD102	fold_4	macrophage_profibrotic	DISEASE_ADJUSTED	3.61812263679762	1.755332654048322	2.3868344485795987	2.3044749547736836	2.754256058627093	2.7088111466104694	2.92197390023248	1.557129317844643	2.5929616508816222	2.49352932609904	2.6342859556745655	2.5343194017160022	1.3136476820239364	0.024779425635038148
VUILD102MA_150_16_24	VUILD102MA	VUILD102	fold_4	macrophage_profibrotic	DISEASE_ADJUSTED	3.44232566539698	1.7473776247511477	2.935098890905319	2.9974937887702726	2.629101168042604	2.734070478085532	2.5701080594134234	1.557126524151496	2.692041959040517	2.545883252980743	2.5763880631395035	2.4247117734346206	0.4448318766267074	0.02852965080020506
VUILD102MA_150_16_25	VUILD102MA	VUILD102	fold_4	macrophage_profibrotic	DISEASE_ADJUSTED	2.20354274583737	1.739422595453973	1.7356652920314808	1.859360290659203	2.3225801714548067	2.2914166184102207	2.5505538945672503	1.5571237304583492	2.3558707931561833	2.3108090982853557	2.4041153972425926	2.3588031599722274	0.34418245517816715	0.024663679677731733
VUILD102MA_150_16_5	VUILD102MA	VUILD102	fold_4	macrophage_profibrotic	DISEASE_ADJUSTED	2.95895432666742	1.8985231813974608	2.82757107339502	2.754764049352712	1.6454292120707894	1.8254255289558072	2.984014054620526	1.5571796043212887	1.8861888509637899	1.7692146881423632	1.6348525312251665	1.5042544794098405	0.20419027731470818	-0.023423644558424786
VUILD102MA_150_16_6	VUILD102MA	VUILD102	fold_4	macrophage_profibrotic	DISEASE_ADJUSTED	1.5578029976011	1.8905681521002864	1.5472430567514275	1.6148215894237252	1.8431279084558445	1.7664760401741402	2.7411119368188386	1.5571768106281416	2.048337587160304	1.5421502872998878	2.1238503028893225	1.5222297059472607	-0.05701859182262514	-0.02893737525790964
VUILD102MA_150_16_7	VUILD102MA	VUILD102	fold_4	macrophage_profibrotic	DISEASE_ADJUSTED	2.69961642834309	1.882613122803112	1.9694129833404157	1.9923283933567113	1.3418034379328034	1.4163102866161332	2.335363489247627	1.5571740169349946	1.6500766607112107	1.2000254239543549	1.567622522569127	1.0638225879571683	0.7072880349863788	-0.03696101037291149
VUILD102MA_150_16_8	VUILD102MA	VUILD102	fold_4	macrophage_profibrotic	DISEASE_ADJUSTED	2.87020726152972	1.8746580935059378	2.0184803075034368	2.0305550130822336	1.575209601760296	1.6539170725508678	2.6932037966451152	1.5571712232418478	1.379750086814521	1.704803345374365	1.2381158496501785	1.6523247486434607	0.8396522484474862	-0.03343007662879087
VUILD102MA_150_17_12	VUILD102MA	VUILD102	fold_4	macrophage_profibrotic	DISEASE_ADJUSTED	3.06070493386762	1.844518764430879	2.9226573224424697	2.8807718954648287	1.7314942639811521	1.9370738422618046	2.712189009134067	1.557162769411921	2.1865200321095877	2.059111536364866	1.9576276229579266	1.9151713537283206	0.1799330384027913	-0.009598201557967295
VUILD102MA_150_17_13	VUILD102MA	VUILD102	fold_4	macrophage_profibrotic	DISEASE_ADJUSTED	3.05668166595207	1.8365637351337043	2.4084068855941374	2.2649198054780113	1.8130927606027984	1.877323086399353	2.808993494072705	1.5571599757187742	2.028793502072094	1.9983996624685432	1.9407001142242963	1.9942423315090445	0.7917618604740588	-0.021412696353054553
VUILD102MA_150_17_23	VUILD102MA	VUILD102	fold_4	macrophage_profibrotic	DISEASE_ADJUSTED	2.51042415695295	1.7570134421619605	2.142196398298575	2.277647984555643	2.2545443431294223	2.2902760249604874	2.3318832139078918	1.5571320387873042	2.3906776054250423	2.1820954331206694	2.360989854123352	2.1465730641701377	0.23277617239730697	0.03181124776067407
VUILD102MA_150_17_24	VUILD102MA	VUILD102	fold_4	macrophage_profibrotic	DISEASE_ADJUSTED	3.07561147339825	1.7490584128647861	2.762729448900342	2.5241032165859334	2.042501480262999	2.1231905546180063	2.6730423431057604	1.5571292450941574	2.401071722176386	2.1983957073084053	2.3332027446527364	2.1721310724675993	0.5515082568123164	-0.00011476535767246561
VUILD102MA_150_17_3	VUILD102MA	VUILD102	fold_4	macrophage_profibrotic	DISEASE_ADJUSTED	2.61917409238725	1.916114028105448	1.8762220911786496	1.9759405065223319	2.3504257546031933	2.2846713202010194	2.9438340341262297	1.557187912650244	2.2239831616257497	2.1458706162362735	2.2057055965995858	2.1740361549603264	0.6432335858649181	-0.018531477764982388
VUILD102MA_150_17_4	VUILD102MA	VUILD102	fold_4	macrophage_profibrotic	DISEASE_ADJUSTED	2.74631434906663	1.9081589988082737	2.9327974776457815	2.7346529136666975	2.0325352549727405	2.144733221372962	2.8782871578221343	1.5571851189570969	2.2485810875904555	1.9612024776902894	2.0839737480047886	1.7724112816618172	0.011661435399932696	-0.02432234183799012
VUILD102MA_150_17_5	VUILD102MA	VUILD102	fold_4	macrophage_profibrotic	DISEASE_ADJUSTED	2.57741420660487	1.9002039695110995	2.5083797788144215	2.3583876375124846	1.9359021522705884	1.990619463309201	2.9116919968923014	1.5571823252639498	1.949412425364938	1.8022805090354668	1.8484939767780064	1.6530574535563345	0.2190265690923856	-0.02909884760637165
VUILD102MA_150_17_6	VUILD102MA	VUILD102	fold_4	macrophage_profibrotic	DISEASE_ADJUSTED	2.31420884264353	1.892248940213925	2.023647340573181	2.0487967470971062	2.035427737464428	1.9860322800133545	2.673389409960161	1.557179531570803	2.3362467762681725	2.121797569545855	2.343832123175221	2.0520506510150494	0.26541209554642364	-0.023001123807429767
VUILD102MA_150_17_7	VUILD102MA	VUILD102	fold_4	macrophage_profibrotic	DISEASE_ADJUSTED	2.76944323179055	1.8842939109167505	1.8223934194220204	1.7407439141797694	2.355983962520177	2.263366669216017	2.3266957569223417	1.557176737877656	2.1957094568252646	2.0348887508697153	2.236335756722027	2.052689176403974	1.0286993176107808	-0.011282871755872996
VUILD102MA_150_18_10	VUILD102MA	VUILD102	fold_4	macrophage_profibrotic	DISEASE_ADJUSTED	2.68551460368673	1.862109611138866	2.273204341936588	2.3013104966724574	1.4899784428579956	1.620516751987491	2.367072393166485	1.5571710777408763	1.4327188274748868	1.7276826983405955	1.227497791194594	1.6123926477614916	0.38420410701427254	-0.043906742723340435
VUILD102MA_150_18_11	VUILD102MA	VUILD102	fold_4	macrophage_profibrotic	DISEASE_ADJUSTED	2.13864187913513	1.8541545818416916	1.7882074143661129	1.8670100572125055	1.7626755483599341	1.798361524410414	2.696905520367177	1.5571682840477292	1.6351501710875442	1.7207672139469132	1.5575506084614283	1.7261057585795527	0.27163182192262436	-0.03225531412003936
VUILD102MA_150_18_12	VUILD102MA	VUILD102	fold_4	macrophage_profibrotic	DISEASE_ADJUSTED	2.7793668941471	1.8461995525445174	2.0981647976873146	2.169350865952854	1.7475025811619609	1.806533317616394	2.7395842216532045	1.5571654903545824	1.916526295401493	1.8530579415612096	1.835199525768678	1.8083720072579264	0.6100160281942459	-0.03133550165970682
VUILD102MA_150_18_13	VUILD102MA	VUILD102	fold_4	macrophage_profibrotic	DISEASE_ADJUSTED	2.32115833113784	1.838244523247343	1.7917369331520874	1.985195653534844	1.8636156624223004	1.8828042909430205	2.5914155470874247	1.5571626966614354	1.8737525754115223	1.8480093438049225	1.812380667021796	1.8421583217766246	0.3359626776029958	-0.02702114097407555
VUILD102MA_150_18_18	VUILD102MA	VUILD102	fold_4	macrophage_profibrotic	DISEASE_ADJUSTED	1.80758067988771	1.798469376761471	2.364933945173158	2.3679374555336934	2.187087266430511	2.221815797287802	2.82621929303194	1.5571487281957004	2.4796071718221917	2.4692240242360692	2.438974378958519	2.461217809751925	-0.5603567756459833	0.005929254656203477
VUILD102MA_150_18_19	VUILD102MA	VUILD102	fold_4	macrophage_profibrotic	DISEASE_ADJUSTED	2.73812094277751	1.7905143474642968	1.8542655078936452	1.8060855160644844	2.245922107585502	2.15880789099713	2.8618424436506533	1.5571459345025536	2.2950077814265466	2.240387784627521	2.404354097121845	2.35051032155806	0.9320354267130257	0.0021328972842460207
VUILD102MA_150_18_20	VUILD102MA	VUILD102	fold_4	macrophage_profibrotic	DISEASE_ADJUSTED	2.03434190512442	1.7825593181671224	1.3589992703872245	1.5365315108132533	2.2762648436396278	2.0932091825247743	2.8555728752906018	1.5571431408094065	2.0152343017062337	2.0326388375701603	2.2371709363848944	2.2390325837564133	0.49781039431116647	0.014193435338970285
VUILD102MA_150_18_23	VUILD102MA	VUILD102	fold_4	macrophage_profibrotic	DISEASE_ADJUSTED	3.43472224184853	1.7586942302755992	2.814687079036408	2.674324576190055	2.457064566082483	2.555047696834729	2.647363439135459	1.5571347597299656	2.4438131832609136	2.6750115039007882	2.2996981445699065	2.604729515574384	0.7603976656584748	0.004946017641393798
VUILD102MA_150_18_3	VUILD102MA	VUILD102	fold_4	macrophage_profibrotic	DISEASE_ADJUSTED	3.0823569006762	1.9177948162190868	2.4738946042233527	2.1733734390271127	1.948236491600583	1.9856901424412436	3.14829573046732	1.557190633592905	1.9948491279876162	1.8018237723128974	1.8941912152809048	1.6932995240939879	0.9089834616490875	-0.025439649845095128
VUILD102MA_150_18_4	VUILD102MA	VUILD102	fold_4	macrophage_profibrotic	DISEASE_ADJUSTED	2.27562439098797	1.9098397869219124	2.2854141187073584	2.3382768887337013	1.6941445739959013	1.795305516676868	2.9463859995049093	1.557187839899758	1.764455226109386	1.571166291549111	1.579427384082513	1.4067362157367875	-0.06265249774573123	-0.018104293499634803
VUILD102MA_150_18_5	VUILD102MA	VUILD102	fold_4	macrophage_profibrotic	DISEASE_ADJUSTED	2.44382591665367	1.901884757624738	2.480393710996618	2.4786728498573325	1.7612600832363423	1.8355023537572293	2.899177875198812	1.5571850462066112	2.0886081348100363	1.5693548366054177	1.991428557218362	1.4174261590334851	-0.03484693320366228	-0.021660027865162815
VUILD102MA_150_18_6	VUILD102MA	VUILD102	fold_4	macrophage_profibrotic	DISEASE_ADJUSTED	2.75856219381679	1.8939297283275636	2.2681566331159524	2.111350610069711	2.2989855683707843	2.2489937814402774	2.2679474902569927	1.5571822525134642	2.36981342598079	2.1002444404018465	2.3542217758546533	2.0466022231463334	0.6472115837470791	-0.011634841372109597
VUILD102MA_150_18_7	VUILD102MA	VUILD102	fold_4	macrophage_profibrotic	DISEASE_ADJUSTED	3.12393344021531	1.8859746990303892	2.1615335505327624	2.0914135983922346	2.20692672095135	2.222359248303957	2.5940078638033874	1.5571794588203172	2.411638126199926	2.392292293788643	2.3766192812897824	2.341142892965248	1.0325198418230754	-0.009448720040216834
VUILD102MA_150_19_13	VUILD102MA	VUILD102	fold_4	macrophage_profibrotic	DISEASE_ADJUSTED	2.8174363541477	1.8399253113609815	2.5903541740610354	2.490274305260328	1.8722245089151373	1.9614092083538124	3.1605671367107226	1.5571654176040965	1.9914138074143477	1.937511714790135	1.8450708569810998	1.8379915666698743	0.3271620488873719	-0.0343709089307716
VUILD102MA_150_19_19	VUILD102MA	VUILD102	fold_4	macrophage_profibrotic	DISEASE_ADJUSTED	2.20901884071031	1.7921951355779353	2.05802886425979	2.041432674692347	2.058883129713471	2.060776664838431	2.8890381678612442	1.5571486554452147	2.3515625295900286	2.3324160830475793	2.4112333859813977	2.402541278392109	0.1675861660179634	0.006821951944909923
VUILD102MA_150_19_21	VUILD102MA	VUILD102	fold_4	macrophage_profibrotic	DISEASE_ADJUSTED	3.30044649869521	1.7762850769835865	2.2873105969211665	2.431108236556452	2.297374334831414	2.293290340641712	2.505518637057968	1.5571430680589209	2.4588060399651734	2.2320363173632933	2.5003895743674294	2.266994128201328	0.8693382621387582	0.022501207916930326
VUILD102MA_150_19_23	VUILD102MA	VUILD102	fold_4	macrophage_profibrotic	DISEASE_ADJUSTED	2.90025234176295	1.760375018389238	2.903137568154319	2.8733313678069488	2.0333839854573172	2.2191838189835966	2.606971503190879	1.5571374806726268	2.3536956207168447	2.455954081199851	2.1847235470407087	2.3311998444368287	0.026920973956001237	0.0033156177290333665
VUILD102MA_150_19_24	VUILD102MA	VUILD102	fold_4	macrophage_profibrotic	DISEASE_ADJUSTED	2.91507778008153	1.7524199890920633	2.727645005820523	2.624316665901845	2.543908772325751	2.606731726777233	2.433953724536386	1.55713468697948	2.4966165000153215	2.5184750439399353	2.427046882240649	2.465271600128923	0.2907611141796851	0.01151346624088794
VUILD102MA_150_19_5	VUILD102MA	VUILD102	fold_4	macrophage_profibrotic	DISEASE_ADJUSTED	2.84211971089177	1.9035655457383767	2.7739726951679127	2.694002816342286	1.992919351919447	2.077423593106912	2.8046439509946897	1.5571877671492724	1.98548048668221	1.7561968882325114	1.799141491527942	1.5839118791229352	0.14811689454948418	-0.022955737919512956
VUILD102MA_150_1_12	VUILD102MA	VUILD102	fold_4	macrophage_profibrotic	DISEASE_ADJUSTED	2.8437889200642	1.8176261546126613	2.3885814794515428	2.413870903514923	2.040893035311039	2.150198696100941	2.8203819188306145	1.5571192343293405	2.1701733278046227	2.3446949697953503	2.0267003807874935	2.2994585819161077	0.42991801654927686	-0.012648938542262785
VUILD102MA_150_20_15	VUILD102MA	VUILD102	fold_4	macrophage_profibrotic	DISEASE_ADJUSTED	3.58209807605049	1.8256960408802716	2.5198187168830875	2.5686986212184255	2.097320392754196	2.250512938660466	2.6139387101143248	1.557162551160464	2.1705560468026097	2.0853402698439263	2.0099725786461695	1.9567509504874694	1.0133994548320646	-0.023663236902188814
VUILD102MA_150_20_19	VUILD102MA	VUILD102	fold_4	macrophage_profibrotic	DISEASE_ADJUSTED	3.30358801385779	1.793875923691574	2.609257822197817	2.6414947403354487	2.5909212430797695	2.63785680364441	2.814645532022275	1.5571513763878762	2.5444271454467384	2.8052232959490038	2.454034716193572	2.7787555325593454	0.6620932735223413	-0.014760186186252303
VUILD102MA_150_20_23	VUILD102MA	VUILD102	fold_4	macrophage_profibrotic	DISEASE_ADJUSTED	2.35212289377326	1.7620558065028764	2.4545184151302317	2.399161153444375	2.598626984955721	2.568217050350934	2.751103667523946	1.5571402016152882	2.3821062805844466	2.5220522933316967	2.3522189075624476	2.5711773184172184	-0.04703825967111497	0.01201331804258461
VUILD102MA_150_20_9	VUILD102MA	VUILD102	fold_4	macrophage_profibrotic	DISEASE_ADJUSTED	2.94089955120705	1.8734262166633178	2.0682809295534756	1.9861474268337482	1.9635177264607566	1.9544407151073362	2.717758561112726	1.557179313319346	2.0637430206574345	1.9746282593515032	2.0789916628014486	1.9870939622715382	0.9547521243733019	-0.024846315292955078
VUILD102MA_150_21_12	VUILD102MA	VUILD102	fold_4	macrophage_profibrotic	DISEASE_ADJUSTED	2.63515337025976	1.8512419168854333	2.0423319486984717	2.0456503466300564	1.806344148581584	1.854895759469409	2.50416542311778	1.5571736531825662	1.9553054856548548	2.125178507059697	1.9108001424581857	2.150494223062503	0.5895030236297036	-0.01914145309717706
VUILD102MA_150_21_13	VUILD102MA	VUILD102	fold_4	macrophage_profibrotic	DISEASE_ADJUSTED	2.0091443681933	1.8432868875882589	1.6877724942025374	1.8333023663565202	1.902385070644757	1.8737211640386464	2.558520837291603	1.5571708594894191	1.7561731642987857	1.934325818711485	1.7711031346899195	1.965599707870996	0.17584200183677967	-0.03130914128338819
VUILD102MA_150_21_14	VUILD102MA	VUILD102	fold_4	macrophage_profibrotic	DISEASE_ADJUSTED	2.65775951671442	1.8353318582910843	2.105273648588745	2.093293218937042	2.1407791384475128	2.176233029808847	2.7726316022264887	1.5571680657962723	1.8278783857834806	1.9620614433819397	1.7427600674501524	1.9397238198396596	0.5644662977773782	-0.027486190110672423
VUILD102MA_150_21_15	VUILD102MA	VUILD102	fold_4	macrophage_profibrotic	DISEASE_ADJUSTED	3.50937324433296	1.82737682899391	2.8739018738301905	2.8527615420581345	2.1942707679166857	2.3760764586786767	2.4953996812019907	1.5571652721031253	2.231787567276892	2.232970260818916	2.0493275032458143	2.0808062424496825	0.6566117022748257	-0.01676195443417889
VUILD102MA_150_21_18	VUILD102MA	VUILD102	fold_4	macrophage_profibrotic	DISEASE_ADJUSTED	3.24351259869373	1.8035117411023869	3.083074700261463	3.053687886902611	1.7551486888970738	1.993842135846089	2.7833464013856464	1.5571568910236844	1.6836479627248118	1.6855783650200447	1.3428999121413412	1.3585211471613632	0.18982471179111915	-0.03567791901871676
VUILD102MA_150_21_22	VUILD102MA	VUILD102	fold_4	macrophage_profibrotic	DISEASE_ADJUSTED	2.48368797291128	1.7716916239136895	2.233265532713666	2.2376092411292605	1.7991495207636647	1.899001655674495	2.697107187235252	1.5571457162510964	1.85729425140941	2.0656092778507786	1.7360171653418148	2.039208223739372	0.24607873178201967	-0.0038334134097192697
VUILD102MA_150_21_9	VUILD102MA	VUILD102	fold_4	macrophage_profibrotic	DISEASE_ADJUSTED	2.08898142976791	1.8751070047769562	1.6298637259526054	1.692748381954338	1.8892869459679065	1.8507592263275188	2.0866498734625707	1.557182034262007	1.886290993815595	1.841669120551393	1.9701635848696335	1.8823806696233778	0.39623304781357205	-0.023535125767651745
VUILD102MA_150_22_13	VUILD102MA	VUILD102	fold_4	macrophage_profibrotic	DISEASE_ADJUSTED	1.77073484690037	1.8449676757018973	1.9657273075395134	1.888072399702273	1.5356716209936838	1.631522624585227	2.417812071429226	1.5571735804320805	2.2243880277582773	2.0582454334584463	2.1657946722839565	2.0482400437649613	-0.11733755280190294	-0.0120186440785858
VUILD102MA_150_22_14	VUILD102MA	VUILD102	fold_4	macrophage_profibrotic	DISEASE_ADJUSTED	2.39188260980799	1.837012646404723	2.0417013789607545	2.1743989431423243	1.627360009228704	1.6959237201308683	2.6551752876717436	1.5571707867389335	1.828129901927825	2.0730262750228396	1.7280853855979807	2.0811187309894974	0.21748366666566588	-0.019307061891683477
VUILD102MA_150_22_17	VUILD102MA	VUILD102	fold_4	macrophage_profibrotic	DISEASE_ADJUSTED	2.82349427401696	1.8131475585131998	2.2933694265823346	2.308289471753929	1.42044298378125	1.5257558375439713	2.725121844868636	1.5571624056594926	1.5620079690367814	1.392780062324193	1.381981350426763	1.1969679663967452	0.5152048022630309	-0.03162273550103093
VUILD102MA_150_22_18	VUILD102MA	VUILD102	fold_4	macrophage_profibrotic	DISEASE_ADJUSTED	2.66305159116036	1.8051925292160254	2.2595726829715495	2.3527716603717153	1.378751402608487	1.5568567614050761	2.868904794784967	1.5571596119663456	1.1908144070286213	1.438301687798535	0.8991003205883066	1.1996584394112353	0.3102799307886448	-0.0435465111508718
VUILD102MA_150_22_9	VUILD102MA	VUILD102	fold_4	macrophage_profibrotic	DISEASE_ADJUSTED	3.38708382979849	1.876787792890595	2.3400356861014266	2.152611259140435	1.6501862971376846	1.6724840365135816	2.3430910368631626	1.5571847552046685	1.7789805215046295	1.8527607237934163	1.7272557076234185	1.8235675642619942	1.2344725706580548	-0.03364156557798077
VUILD102MA_150_23_10	VUILD102MA	VUILD102	fold_4	macrophage_profibrotic	DISEASE_ADJUSTED	2.66056868827041	1.870513551707059	1.5664570597596237	1.6559506852495436	1.5680828286774273	1.5691599611366225	2.402634335758538	1.5571846824541826	1.7873837100302585	1.522950159324744	1.8629585412888325	1.5698884016775794	1.0046180030208665	-0.022288150795422755
VUILD102MA_150_23_11	VUILD102MA	VUILD102	fold_4	macrophage_profibrotic	DISEASE_ADJUSTED	2.94228442910982	1.8625585224098846	2.4033319000601367	2.4136235335715126	1.82961191537383	1.9232417538727136	2.355774492248041	1.5571818887610358	2.185407266886997	2.2867600514108526	2.087903839580385	2.263206460637284	0.5286608955383074	-0.018924555566217603
VUILD102MA_150_23_12	VUILD102MA	VUILD102	fold_4	macrophage_profibrotic	DISEASE_ADJUSTED	2.61506543775963	1.8546034931127104	2.5068652433403273	2.4760563447898782	1.9281429242377341	2.0446093267719503	2.868956326590843	1.5571790950678888	2.3053323685631057	2.524058837107388	2.2241906955380832	2.5206786648760104	0.1390090929697516	0.008706241960248709
VUILD102MA_150_23_15	VUILD102MA	VUILD102	fold_4	macrophage_profibrotic	DISEASE_ADJUSTED	3.5782732579685	1.8307384052211875	3.0840336668655004	2.9988634255112867	1.5832336148229156	1.8318067224003212	2.644528781277046	1.5571707139884479	1.3720777335275858	1.8982899467392613	0.9823115765943472	1.6670551674007217	0.5794098324572134	-0.03084959461093839
VUILD102MA_150_23_8	VUILD102MA	VUILD102	fold_4	macrophage_profibrotic	DISEASE_ADJUSTED	3.49012964094669	1.8864236103014078	2.5863716034315845	2.28782684478331	1.971883332859091	1.9746002111332241	2.1407852748945153	1.5571902698404767	2.233144323837284	2.0286646134099415	2.1664325821740955	1.9949612328472135	1.20230279616338	-0.029376063887806732
VUILD102MA_150_24_13	VUILD102MA	VUILD102	fold_4	macrophage_profibrotic	DISEASE_ADJUSTED	3.38093757413273	1.8483292519291745	2.5821783708035477	2.600778272103529	1.8603778619399338	1.9801891766418624	2.61805004824173	1.5571790223174031	2.276949728340144	2.0960454081101894	2.0919342795654305	2.010413908567977	0.780159302029201	-0.020446222138258686
VUILD102MA_150_24_16	VUILD102MA	VUILD102	fold_4	macrophage_profibrotic	DISEASE_ADJUSTED	3.84594004024596	1.8244641640376515	3.124354584404837	2.9174314254960403	1.8096965546901949	1.9632857572632878	2.8532979049127967	1.5571706412379622	1.9881935449420363	2.095666056423587	1.7705670384732164	1.9139196031353465	0.9285086147499197	-0.02257660735627081
VUILD102MA_150_24_17	VUILD102MA	VUILD102	fold_4	macrophage_profibrotic	DISEASE_ADJUSTED	2.81754583290627	1.816509134740477	2.1955632030129326	2.3300126042749865	1.5246799164636629	1.6416215037782806	2.714916651945194	1.5571678475448152	1.6435845436324608	1.8346718295489202	1.4340455126000755	1.7454873259487207	0.4875332286312837	-0.024753124877812942
VUILD102MA_150_2_10	VUILD102MA	VUILD102	fold_4	macrophage_profibrotic	DISEASE_ADJUSTED	2.55215406892199	1.8352170013206486	2.0467520215780097	2.0573405149967146	1.7968123319677618	1.8500113329133239	2.668351944709716	1.5571275426582958	1.9810229196894742	1.8557597582158742	1.9334632559475022	1.840051385598367	0.4948135539252756	-0.01398964973349434
VUILD102MA_150_2_16	VUILD102MA	VUILD102	fold_4	macrophage_profibrotic	DISEASE_ADJUSTED	2.29989310107052	1.7874868255376022	2.0983660426186224	2.176274042284482	2.2195378496806866	2.227262309320745	2.6716498971846887	1.5571107804994138	2.0655548082785247	1.972316716284132	2.0189989441883176	1.9586571839890103	0.12361905878603796	0.009345160380258044
VUILD102MA_150_2_17	VUILD102MA	VUILD102	fold_4	macrophage_profibrotic	DISEASE_ADJUSTED	3.35524498286768	1.7795317962404278	2.902057326287624	2.95693186814856	2.6703334109655423	2.769330565610684	2.915851095893288	1.557107986806267	2.9318853660733435	2.702278614434096	2.8573968270710624	2.6187614320515564	0.3983131147191199	0.013935102506569414
VUILD102MA_150_2_8	VUILD102MA	VUILD102	fold_4	macrophage_profibrotic	DISEASE_ADJUSTED	2.44145411480867	1.8511270599149974	2.993128306336821	2.947092279024238	1.8519695042861213	2.0219376695016207	2.718354037035047	1.5571331300445896	1.6046597394701296	2.0739225643598025	1.3233401966763816	1.9287938569328578	-0.5056381642155681	-0.02281325751843463
VUILD102MA_150_2_9	VUILD102MA	VUILD102	fold_4	macrophage_profibrotic	DISEASE_ADJUSTED	3.31198549323484	1.843172030617823	1.9976449690242486	1.937724962169594	1.735546006769391	1.785667645181105	2.792604616389156	1.5571303363514426	1.90330053511548	2.0029906220922165	1.8295440272669359	2.004601668186134	1.374260531065246	-0.017221992354681376
VUILD102MA_150_3_11	VUILD102MA	VUILD102	fold_4	macrophage_profibrotic	DISEASE_ADJUSTED	2.18635041251057	1.8289427601371127	2.525323306607111	2.4291418137084784	2.158037170075359	2.260401384888228	3.037235132053656	1.55712746990781	2.111225055462766	2.0143824239417643	1.9789255797326974	1.9078109381464592	-0.2427914011979082	-0.02274405518973248
VUILD102MA_150_3_14	VUILD102MA	VUILD102	fold_4	macrophage_profibrotic	DISEASE_ADJUSTED	3.22700137762596	1.8050776722455895	2.7654145814710533	2.662832014613853	2.4455419694725933	2.4965491274607117	2.8927620469833935	1.557119088828369	2.394935294714232	2.2635054596120256	2.2845388732438066	2.215363500527034	0.5641693630121067	-0.0055561600000862636
VUILD102MA_150_3_18	VUILD102MA	VUILD102	fold_4	macrophage_profibrotic	DISEASE_ADJUSTED	2.7448592098354	1.773257555056892	2.576641078760188	2.7405771234495298	2.4599648949432584	2.5631047418273747	3.0373627307922626	1.557107914055781	2.6944130322668336	2.7206728825203537	2.6246442455528065	2.6888561226703507	0.004282086385870354	0.01320739625876304
VUILD102MA_150_3_7	VUILD102MA	VUILD102	fold_4	macrophage_profibrotic	DISEASE_ADJUSTED	3.0732762013883	1.86076287732581	2.143560649855769	2.076109266719868	1.9694754758700612	1.9597248981398265	2.7814542918020795	1.5571386446803979	1.6444124590175941	2.010207701025254	1.5317884687511303	1.9559267770221922	0.997166934668432	-0.025258381979056145
VUILD102MA_150_3_8	VUILD102MA	VUILD102	fold_4	macrophage_profibrotic	DISEASE_ADJUSTED	3.19772006045852	1.852807848028636	2.9710279691911734	2.840555891162021	1.776940709899248	2.0192967437733986	3.031985618856048	1.557135850987251	1.7584409396989997	2.1401276867492376	1.4114035931193127	1.9350599844020404	0.3571641692964991	-0.020213527164876822
VUILD102MA_150_3_9	VUILD102MA	VUILD102	fold_4	macrophage_profibrotic	DISEASE_ADJUSTED	3.07638121279927	1.8448528187314615	2.6729901947295125	2.6596483356519993	1.729923958283104	1.920436318186353	2.9511826167069475	1.557133057294104	1.8689025646495054	2.0687752875481773	1.6544323107089927	1.9237624320476119	0.4167328771472705	-0.019916452401195814
VUILD102MA_150_4_10	VUILD102MA	VUILD102	fold_4	macrophage_profibrotic	DISEASE_ADJUSTED	2.88350236987784	1.8385785775479255	2.588230966585855	2.5413725568060874	2.1651667370820826	2.2340980358921105	3.033082534758629	1.5571329845436184	1.7811358350401623	2.076555123002738	1.617532129927714	1.9849618899666783	0.3421298130717525	-0.027716776078510343
VUILD102MA_150_4_12	VUILD102MA	VUILD102	fold_4	macrophage_profibrotic	DISEASE_ADJUSTED	1.90544483472054	1.822668518953577	1.93313251390967	1.849760184767484	1.921902918378569	1.9327472891255506	2.7184665994717374	1.5571273971573243	1.8130599717745213	1.857441739839563	1.743021103467784	1.8612581221013729	0.05568464995305589	-0.019013282115493836
VUILD102MA_150_4_13	VUILD102MA	VUILD102	fold_4	macrophage_profibrotic	DISEASE_ADJUSTED	2.65628880391783	1.8147134896564026	2.18048957221112	2.1496006433431414	1.6959114610304162	1.7693088687389198	2.820281213693173	1.5571246034641772	1.616091283083366	1.7494385873960525	1.4773865963104702	1.6845674359518241	0.5066881605746887	-0.024424408025435565
VUILD102MA_150_4_18	VUILD102MA	VUILD102	fold_4	macrophage_profibrotic	DISEASE_ADJUSTED	3.01388993900288	1.7749383431705306	2.7991177081576084	2.7687198822320376	2.2491753366396767	2.3597743043997848	2.5285580761742716	1.5571106349984425	2.59386309420426	2.39663863811164	2.4795924072865017	2.3147053027581115	0.24517005677084258	0.007430659035438209
VUILD102MA_150_4_20	VUILD102MA	VUILD102	fold_4	macrophage_profibrotic	DISEASE_ADJUSTED	2.41068774302339	1.759028284576182	2.223745503512178	2.223479767202083	2.4174394625136744	2.4511872714189895	2.80818472646114	1.5571050476121484	2.307685465229304	2.536689306619104	2.268074205289624	2.5464811371211695	0.18720797582130722	0.026608155285819064
VUILD102MA_150_4_21	VUILD102MA	VUILD102	fold_4	macrophage_profibrotic	DISEASE_ADJUSTED	3.18562330449899	1.7510732552790076	2.090177073104674	2.0830365517440956	2.267791813565884	2.278715979443823	2.5811357928842966	1.5571022539190016	2.1203139684057537	2.339776444875678	2.0919860515376034	2.361795815992132	1.1025867527548945	0.009265251303112043
VUILD102MA_150_4_6	VUILD102MA	VUILD102	fold_4	macrophage_profibrotic	DISEASE_ADJUSTED	3.01838901519805	1.8703986947366231	1.9804230319008398	2.088321467865842	1.9839871729626664	1.9783133131529738	2.7450924857455323	1.557144159316206	1.867109661766195	1.9169616689831237	1.760213666990844	1.8573526279549641	0.9300675473322078	-0.02238904603614814
VUILD102MA_150_4_7	VUILD102MA	VUILD102	fold_4	macrophage_profibrotic	DISEASE_ADJUSTED	3.10722842979037	1.8624436654394487	2.5782276714079644	2.4583739391904964	2.226632925472664	2.308835877338433	2.9315753122374955	1.5571413656230593	2.1166636497222986	2.417296781642289	1.982492405045595	2.3266941354260924	0.6488544905998737	-0.016713008370922176
VUILD102MA_150_4_8	VUILD102MA	VUILD102	fold_4	macrophage_profibrotic	DISEASE_ADJUSTED	3.48635756186818	1.8544886361422745	2.7459467083938884	2.772394623584245	1.9026356238336077	2.016324873391855	2.9193057685118524	1.5571385719299122	2.229144950571938	1.9682490251514422	2.06374266446175	1.8140428941050781	0.713962938283935	-0.0213992391900336
VUILD102MA_150_6_10	VUILD102MA	VUILD102	fold_4	macrophage_profibrotic	DISEASE_ADJUSTED	1.87029151454085	1.841940153775203	1.4581890942909954	1.6053562314843517	1.5519601995511152	1.5536736303491547	2.6804206143417613	1.557138426428941	1.3338616969122752	1.5186355850488642	1.3111689806525337	1.5578893135238547	0.2649352830564984	-0.03144251760087541
VUILD102MA_150_6_13	VUILD102MA	VUILD102	fold_4	macrophage_profibrotic	DISEASE_ADJUSTED	2.83869715605507	1.8180750658836797	2.327914508659041	2.2351921199961438	1.9959024641975025	2.054298410916061	2.8554479652721847	1.5571300453494998	1.9310349510459346	2.196229237303173	1.8029465242600222	2.1269316785558017	0.6035050360589262	-0.002164755151137142
VUILD102MA_150_6_4	VUILD102MA	VUILD102	fold_4	macrophage_profibrotic	DISEASE_ADJUSTED	2.34247175365241	1.889670329558249	1.8616065480983277	1.8553455845071944	1.7013667280091043	1.6792608074554283	3.0816817797544305	1.5571551885878228	1.6281175373604615	1.8001685873746789	1.5856227135195025	1.8161695493259358	0.48712616914521556	-0.022174545987504814
VUILD102MA_150_6_5	VUILD102MA	VUILD102	fold_4	macrophage_profibrotic	DISEASE_ADJUSTED	3.00648231947446	1.881715300261075	2.453787149559311	2.480516256466577	1.863120452467626	1.9723908443074318	2.8482765697605945	1.5571523948946757	1.5394606465674219	1.9160059916213268	1.3059793110187927	1.8104602860760421	0.5259660630078828	-0.01784202896475369
VUILD102MA_150_6_6	VUILD102MA	VUILD102	fold_4	macrophage_profibrotic	DISEASE_ADJUSTED	3.10524146507149	1.8737602709639005	2.794524074959117	2.5352696707073035	1.4059719532294113	1.572665377878162	2.7776328337817295	1.5571496012015287	1.200795639455317	1.6097346265969443	0.9498318912432855	1.407441947210474	0.5699717943641867	-0.037399109867967496
VUILD102MA_150_6_9	VUILD102MA	VUILD102	fold_4	macrophage_profibrotic	DISEASE_ADJUSTED	3.05053686395445	1.8498951830723773	2.619185747006954	2.4788944322467756	1.2391157113472304	1.4049582296165324	2.5364886731138365	1.5571412201220878	1.1073101462221893	1.838854803995544	0.8213544162941815	1.711083175737949	0.5716424317076743	-0.04622347388048819
VUILD102MA_150_7_14	VUILD102MA	VUILD102	fold_4	macrophage_profibrotic	DISEASE_ADJUSTED	3.05247517032573	1.811800824700144	2.367863207717507	2.3390666376671665	2.4229511499420675	2.459607182009105	2.9822392613106956	1.5571299725990142	2.3981920629290214	2.4805929320789444	2.3726376686505133	2.4519576051709855	0.7134085326585633	0.007611847692982733
VUILD102MA_150_7_8	VUILD102MA	VUILD102	fold_4	macrophage_profibrotic	DISEASE_ADJUSTED	2.84046683321133	1.8595310004831904	2.7035196697951434	2.6968641412947294	1.116424388278711	1.3448409059558002	2.556269553369309	1.557146734757896	1.3902028730542941	1.3780214722356248	1.1312578204611707	1.1679132086234918	0.14360269191660047	-0.036372613336368514
VUILD102MA_150_8_10	VUILD102MA	VUILD102	fold_4	macrophage_profibrotic	DISEASE_ADJUSTED	3.07623055120206	1.84530173000248	3.2867147906730425	3.232354873406111	1.9408743708503637	2.1467208488560647	2.6687486256373107	1.5571438683142633	2.2695258487743906	1.8666403863101697	1.978929648646218	1.5620518832831385	-0.15612432220405115	-0.031606496253857225
VUILD102MA_150_8_12	VUILD102MA	VUILD102	fold_4	macrophage_profibrotic	DISEASE_ADJUSTED	3.29495263644346	1.8293916714081315	3.4259348515209056	3.3111344812615213	1.911219463284637	2.1839172166539105	2.7227868816031875	1.5571382809279695	1.7870300622052768	2.2233162346315503	1.3857644737150872	1.957575025209393	-0.016181844818061286	-0.011786633799198459
VUILD102MA_150_8_13	VUILD102MA	VUILD102	fold_4	macrophage_profibrotic	DISEASE_ADJUSTED	3.48503339462773	1.821436642110957	3.4195873233265104	3.3632858141424293	1.940749763656242	2.214054260866744	2.9861223592311394	1.5571354872348224	2.4547539562745486	2.3747643171980135	2.1520678977947627	2.1558953126882194	0.12174758048530077	0.000685199762574069
VUILD102MA_150_8_20	VUILD102MA	VUILD102	fold_4	macrophage_profibrotic	DISEASE_ADJUSTED	1.94126845355084	1.7657514370307363	1.7913408943361955	1.859982282608856	1.9966884343820706	1.9896589807716438	2.556637389509543	1.5571159313827936	1.9898107224495765	2.0768524035706966	2.053668836799565	2.156918934686474	0.08128617094198409	0.01198308805413721
VUILD102MA_150_8_21	VUILD102MA	VUILD102	fold_4	macrophage_profibrotic	DISEASE_ADJUSTED	3.63664319440261	1.757796407733562	2.298108940091459	2.099140449497047	2.4196495264560083	2.403616494828698	2.861404435990476	1.5571131376896468	2.4529695419599	2.4675380960301214	2.4882226309119337	2.54325098391319	1.537502744905563	0.01247832041210807
VUILD102MA_150_8_22	VUILD102MA	VUILD102	fold_4	macrophage_profibrotic	DISEASE_ADJUSTED	2.70722259226044	1.7498413784363878	1.5624471861516098	1.7249361744894822	1.875046964911856	1.865948919203557	2.3237309412179923	1.5571103439964997	2.024613680278871	2.16663178218932	2.078281127060272	2.236541662064141	0.9822864177709578	0.016240747648259828
VUILD102MA_150_8_24	VUILD102MA	VUILD102	fold_4	macrophage_profibrotic	DISEASE_ADJUSTED	2.75514210510419	1.7339313198420387	2.279079688557326	2.1706923927641677	2.2065733421216307	2.244063886652338	2.6704312203123632	1.5571047566102056	2.2378498113903396	2.417806528665662	2.2209624878665135	2.4368021417370684	0.5844497123400223	0.008792374019178628
VUILD102MA_150_8_25	VUILD102MA	VUILD102	fold_4	macrophage_profibrotic	DISEASE_ADJUSTED	3.59734657160801	1.7259762905448643	2.4124611545640566	2.1950761786769086	2.211605249979974	2.2523513340622525	2.384977526414149	1.5571019629170588	2.3801930034761583	2.3196741182048264	2.371978161139499	2.3282252422563774	1.4022703929311016	0.01648730503259274
VUILD102MA_150_8_3	VUILD102MA	VUILD102	fold_4	macrophage_profibrotic	DISEASE_ADJUSTED	2.76271617375044	1.9009869350827007	2.9376471571450926	2.8914418156425308	1.9385576213413465	2.110150163662056	2.8810953731432223	1.5571634241662922	1.96660184056979	1.8523996646038519	1.7237808516579485	1.6875751627361697	-0.1287256418920908	-0.012736167819032482
VUILD102MA_150_8_4	VUILD102MA	VUILD102	fold_4	macrophage_profibrotic	DISEASE_ADJUSTED	2.34396100521609	1.8930319057855263	1.7030750046848135	1.7413502850916758	1.5718611371142024	1.5689068755566549	3.0296404622876603	1.5571606304731453	1.189164821991965	1.7586374475252824	1.0927139224070972	1.7742402890210254	0.6026107201244142	-0.022356789626661856
VUILD102MA_150_8_6	VUILD102MA	VUILD102	fold_4	macrophage_profibrotic	DISEASE_ADJUSTED	2.86078774060397	1.8771218471911777	2.33605620922737	2.3397662116080205	1.4574380964124496	1.5810542412285877	2.3904087167641626	1.5571550430868513	1.1637790368190615	1.3703621280967941	0.9011915695908059	1.1974470662262313	0.5210215289959494	-0.0363298510856973
VUILD102MA_150_8_7	VUILD102MA	VUILD102	fold_4	macrophage_profibrotic	DISEASE_ADJUSTED	2.74550600655234	1.869166817894003	2.7925056743716317	2.6384517150482525	1.4897436304200893	1.6309329206105063	2.4991520386785426	1.5571522493937044	1.627986178618564	1.28787264118227	1.4238283314570441	1.0498243677549066	0.1070542915040873	-0.040517556427709406
VUILD102MA_150_9_10	VUILD102MA	VUILD102	fold_4	macrophage_profibrotic	DISEASE_ADJUSTED	2.77670166298522	1.8469825181161186	2.9776847938586086	2.7978291879519066	2.1270103177917057	2.2638348384951392	2.9993295613170576	1.5571465892569247	2.2151016193670445	2.08633673706317	2.0208362178977524	1.879145930832166	-0.021127524966686462	-0.02438384954594204
VUILD102MA_150_9_12	VUILD102MA	VUILD102	fold_4	macrophage_profibrotic	DISEASE_ADJUSTED	2.78490985222136	1.83107245952177	2.0403033851563337	2.103649872245689	1.7790122971351308	1.7935758655648215	2.567773419237799	1.5571410018706309	1.6758466784242139	2.0225851718462144	1.5851239996309496	2.009308861879317	0.6812599799756711	-0.03655084885994014
VUILD102MA_150_9_13	VUILD102MA	VUILD102	fold_4	macrophage_profibrotic	DISEASE_ADJUSTED	3.09157815351269	1.8231174302245956	2.8733592423517025	2.7784848426800854	2.0369340407202428	2.171297748145311	2.753175511505482	1.5571382081774838	2.1928786807219236	2.2025383570072607	2.0053887919450544	2.1100899043039165	0.3130933108326044	-0.005575242957600592
VUILD102MA_150_9_2	VUILD102MA	VUILD102	fold_4	macrophage_profibrotic	DISEASE_ADJUSTED	3.52163960138463	1.9106227524935138	3.2544060572635196	3.244175531484137	1.8357057619732455	2.024621618563514	2.791556325749	1.5571689388021006	2.000583782415145	2.2191767950634436	1.7333044537277436	2.0125363713150284	0.2774640699004931	-0.01977843395365117
VUILD102MA_150_9_23	VUILD102MA	VUILD102	fold_4	macrophage_profibrotic	DISEASE_ADJUSTED	2.64276062171971	1.7435671372528518	2.16575448632372	2.014423801977317	2.119924224470977	2.107772715822543	2.4547761264889085	1.557110271246014	1.9220872365672539	1.9464663579686157	1.9334228462635163	1.9763605760627065	0.6283368197423931	0.00607673903356208
VUILD102MA_150_9_24	VUILD102MA	VUILD102	fold_4	macrophage_profibrotic	DISEASE_ADJUSTED	2.26553038796007	1.7356121079556774	1.528584475280708	1.563928173127473	2.2594486784719994	2.1800241999020495	2.6282254472614985	1.557107477552867	2.013000741836243	2.247300916371672	2.114138022773063	2.3906689201998206	0.7016022148325969	0.017934699028685976
VUILD102MA_150_9_3	VUILD102MA	VUILD102	fold_4	macrophage_profibrotic	DISEASE_ADJUSTED	3.72539725875169	1.9026677231963394	2.7367966253321216	2.555459165086036	2.0779444927713793	2.2094181771055337	2.9042176647082787	1.5571661451089536	2.213524060895316	2.126097118594655	2.0321355939968484	1.9662335519727634	1.169938093665654	-0.005770331037754024
VUILD102MA_150_9_4	VUILD102MA	VUILD102	fold_4	macrophage_profibrotic	DISEASE_ADJUSTED	3.5577777789223	1.894712693899165	3.123914381055531	2.99719930860324	1.774077853206223	1.9335948840584536	2.9797617869832544	1.5571633514158065	1.6753378155374417	1.8831892498603096	1.4609254186664455	1.6896366992891658	0.5605784703190602	-0.022331350856194664
VUILD102MA_150_9_5	VUILD102MA	VUILD102	fold_4	macrophage_profibrotic	DISEASE_ADJUSTED	1.78630721151868	1.8867576646019906	2.7207752739724134	2.591324760938115	1.9447808138483405	1.9518053716699078	2.5382792922852406	1.5571605577226595	1.3995044993795938	1.822106159257157	1.2782591433643782	1.7192948869451474	-0.8050175494194349	-0.0287565012622061
VUILD102MA_150_9_8	VUILD102MA	VUILD102	fold_4	macrophage_profibrotic	DISEASE_ADJUSTED	2.20694574578552	1.8628925767104676	2.553991728769355	2.5713707739895852	2.0575304229596965	2.062195735083133	3.006415045208099	1.5571521766432186	1.6567228073411686	2.1269039086634214	1.5526987168369846	2.060545418358224	-0.3644250282040651	-0.01997173060136708
VUILD102MA_150_9_9	VUILD102MA	VUILD102	fold_4	macrophage_profibrotic	DISEASE_ADJUSTED	2.99124335707583	1.854937547413293	3.393238607101037	3.294909201043522	2.235797962949694	2.424552981717948	3.1618625910758853	1.5571493829500718	2.344826548069285	2.1525827830459106	2.034490311481006	1.874939445906451	-0.3036658439676918	-0.02194564041081093
VUILD105MA2_150_8_3	VUILD105MA2	VUILD105	fold_4	macrophage_profibrotic	DISEASE_ADJUSTED	0.678255703614242	1.8964357867122987	1.1054942592581856	1.3300875191582688	1.0773130736412972	1.0811278573699479	1.0494694998728944	1.557168560427381	1.2545589111520972	1.0408961303573048	1.2937494553651117	1.0285150884809962	-0.6518318155440268	-0.019830648687580846
VUILD115MA_150_10_16	VUILD115MA	VUILD115	fold_4	macrophage_profibrotic	DISEASE_ADJUSTED	1.41208413632148	1.8460316990607266	1.4479173439541428	1.6639996819629546	1.2344463091526172	1.2907411592390983	0.5450372612824972	1.5571286863017022	1.4709107214091262	1.1953556306635995	1.4339411228117651	1.1142981393931286	-0.25191554564147456	-0.04450013157777722
VUILD115MA_150_10_17	VUILD115MA	VUILD115	fold_4	macrophage_profibrotic	DISEASE_ADJUSTED	1.75784708808789	1.8410461750563156	1.7135947601087274	1.472961355415937	1.2745415039093466	1.3579674382243492	0.458715846625495	1.5571265743807865	1.2980504080376543	1.071637011020408	1.215922859784313	0.9655922943337597	0.28488573267195294	-0.03738715992292224
VUILD115MA_150_10_18	VUILD115MA	VUILD115	fold_4	macrophage_profibrotic	DISEASE_ADJUSTED	1.93836953195532	1.8360606510519044	1.1115119391222987	1.2220886293897015	0.7979639106976028	0.8848766669620535	0.40252935998402983	1.5571244624598706	1.1603290886390292	0.9043818889617601	1.0915476521634842	0.8541464049616462	0.7162809025656185	-0.06254112825288667
VUILD115MA_150_10_19	VUILD115MA	VUILD115	fold_4	macrophage_profibrotic	DISEASE_ADJUSTED	2.6493756476243	1.831075127047493	1.6956108599884927	1.5427233072708284	1.3963553988901156	1.4793527582633694	0.8461482216848333	1.5571223505389549	1.7508548778693986	1.5679001958268652	1.6930499176073806	1.494692161561781	1.1066523403534716	-0.03540070594318034
VUILD115MA_150_10_20	VUILD115MA	VUILD115	fold_4	macrophage_profibrotic	DISEASE_ADJUSTED	2.39443963349036	1.8260896030430818	2.3387972345450465	2.4062740589238567	1.8884186600161221	2.079393090506241	1.4339744176775138	1.5571202386180392	2.2504575928278836	2.1578176653170256	2.0847835288974785	2.0082158053772656	-0.011834425433496776	-0.010542307409860613
VUILD115MA_150_10_21	VUILD115MA	VUILD115	fold_4	macrophage_profibrotic	DISEASE_ADJUSTED	2.7572575903283	1.8211040790386706	2.65981415886824	2.5748167578451175	1.8619912966192307	2.0200861042951583	1.5567626398534897	1.5571181266971232	2.2735317886439863	2.298555240563077	2.1380043747405253	2.1953858100475223	0.18244083248318255	-0.032831008045758094
VUILD115MA_150_10_22	VUILD115MA	VUILD115	fold_4	macrophage_profibrotic	DISEASE_ADJUSTED	2.18037189600956	1.8161185550342591	1.5885137282807849	1.731642861254746	1.2565699344383123	1.3758149005685179	1.1701715329807323	1.5571160147762075	1.41963032466979	1.3744170344569715	1.296186442551252	1.3087188432184707	0.44872903475481385	-0.049552025606923025
VUILD115MA_150_10_34	VUILD115MA	VUILD115	fold_4	macrophage_profibrotic	DISEASE_ADJUSTED	3.04176851409299	1.7562922669813243	3.3893963018232496	3.26850648436209	2.7030814466400104	2.8086747540743024	2.288953393891682	1.557090671725218	2.7626937633429707	2.715078811610381	2.5903387576971646	2.589866224465167	-0.2267379702690997	-0.0018265271479626158
VUILD115MA_150_10_35	VUILD115MA	VUILD115	fold_4	macrophage_profibrotic	DISEASE_ADJUSTED	2.75572887697594	1.7513067429769131	2.7690513499208502	2.7911399526322627	2.590344744984319	2.7002876959202275	1.8782460129127725	1.5570885598043023	2.720032919630202	2.6560457571006735	2.611783363711745	2.553946856028948	-0.035411075656322843	0.0021912677038983756
VUILD115MA_150_10_38	VUILD115MA	VUILD115	fold_4	macrophage_profibrotic	DISEASE_ADJUSTED	1.38917837520049	1.7363501709636793	1.451216415276084	1.6076430434061333	0.7685244723367789	0.8618222564738126	0.8617062699069702	1.5570822240415547	0.9895772131934534	1.0222228715284065	0.9042089516844228	0.938162980781675	-0.21846466820564325	-0.07145101427560122
VUILD115MA_150_10_40	VUILD115MA	VUILD115	fold_4	macrophage_profibrotic	DISEASE_ADJUSTED	1.54336290802037	1.7263791229548568	1.8453824032241128	1.837261053303559	1.7878449734098922	1.8339528839275296	1.1931772844652528	1.5570780001997233	1.4830243361182198	1.9229661359064374	1.385862782449697	1.9041383651634343	-0.293898145283189	-0.011267770269280594
VUILD115MA_150_11_15	VUILD115MA	VUILD115	fold_4	macrophage_profibrotic	DISEASE_ADJUSTED	1.56849380599046	1.8523267474914835	1.894417607584654	1.9065557370188668	1.7078316612555555	1.739453694848948	1.3253319214035573	1.5571331335345961	1.7593465629073148	1.7842660550363663	1.7188776791192755	1.7978294362652183	-0.33806193102840676	-0.026736979311271315
VUILD115MA_150_11_17	VUILD115MA	VUILD115	fold_4	macrophage_profibrotic	DISEASE_ADJUSTED	1.89302670388955	1.842355699482661	1.4682013338420536	1.4612086164948397	1.2473503180881667	1.3187040963573904	0.5928657984473815	1.5571289096927647	1.3591176649423642	1.1085254981059827	1.2661584023549697	1.0200307876179662	0.4318180873947104	-0.042937996113018746
VUILD115MA_150_11_18	VUILD115MA	VUILD115	fold_4	macrophage_profibrotic	DISEASE_ADJUSTED	1.98854048615376	1.83737017547825	1.1797236789740255	1.1645697884517077	0.878917065908704	0.9735173651914303	0.24684851718090872	1.5571267977718488	1.0992582960304405	0.9311316528243996	0.9738044470193511	0.8659585878986835	0.8239706977020522	-0.06469049726361825
VUILD115MA_150_11_19	VUILD115MA	VUILD115	fold_4	macrophage_profibrotic	DISEASE_ADJUSTED	2.31058928388397	1.8323846514738387	1.8845304897107256	1.7382242697508437	1.6367598588404606	1.7550020979129952	1.151572772482221	1.557124685850933	1.9442573567066284	1.926092081316525	1.844356446085083	1.8466320171710704	0.5723650141331262	-0.02681541068187652
VUILD115MA_150_11_20	VUILD115MA	VUILD115	fold_4	macrophage_profibrotic	DISEASE_ADJUSTED	3.03360789922649	1.8273991274694275	3.1545090532005147	3.007813094529504	1.9778806083776945	2.222150520440448	1.7222948330083732	1.5571225739300172	2.440621817919989	2.469839421982323	2.219157952129798	2.295573026220889	0.02579480469698625	0.0030281672386440837
VUILD115MA_150_11_22	VUILD115MA	VUILD115	fold_4	macrophage_profibrotic	DISEASE_ADJUSTED	1.95526440001522	1.8174280794606048	1.724618051279305	1.809497005948652	1.0593201479901964	1.2241056811308288	0.6587919982856453	1.5571183500881858	1.3178814293872372	1.2116342388218428	1.187105380508294	1.0798589846157667	0.14576739406656802	-0.05230853360700971
VUILD115MA_150_11_23	VUILD115MA	VUILD115	fold_4	macrophage_profibrotic	DISEASE_ADJUSTED	1.66381305921754	1.8124425554561936	1.4090409515109212	1.5793994884070328	1.0700835799010737	1.1918349412023073	0.6287108989027098	1.5571162381672699	1.2124489250669856	1.0100554542639868	1.112280518636671	0.8930370463848324	0.08441357081050715	-0.04612776460032444
VUILD115MA_150_11_26	VUILD115MA	VUILD115	fold_4	macrophage_profibrotic	DISEASE_ADJUSTED	1.74680306888242	1.79748598344296	1.5838742804946293	1.6838141748398952	1.1189417233113066	1.217307354492148	1.0090212475095117	1.5571099024045225	1.3736171126490417	1.1350222939426882	1.2962767911597153	1.0772661117300881	0.06298889404252495	-0.044372472680806095
VUILD115MA_150_11_27	VUILD115MA	VUILD115	fold_4	macrophage_profibrotic	DISEASE_ADJUSTED	1.43641961033092	1.7925004594385487	1.454670549673225	1.5135525914671484	1.2971471081723376	1.3687180351574977	0.8838115814378229	1.5571077904836068	1.6065480648824115	1.455929466348974	1.5397859586297777	1.4125255716686986	-0.07713298113622846	-0.02736710910864483
VUILD115MA_150_11_31	VUILD115MA	VUILD115	fold_4	macrophage_profibrotic	DISEASE_ADJUSTED	1.23035319267218	1.7725583634209037	1.746796032759876	1.6885763200796244	1.1946037308306818	1.2754309446867478	0.8058596975569481	1.5570993427999436	1.3133287511999794	1.2128836859901913	1.2023338831350363	1.122138816633988	-0.4582231274074444	-0.03584291715091887
VUILD115MA_150_11_38	VUILD115MA	VUILD115	fold_4	macrophage_profibrotic	DISEASE_ADJUSTED	1.97725477615479	1.737659695390025	0.967446195643649	1.137941614352078	0.8597527016460315	0.8791473314408488	0.669327560269947	1.557084559353533	1.110170268399992	0.9765462214792541	1.1140841691494183	0.9705826647135839	0.8393131618027121	-0.06720915049316903
VUILD115MA_150_11_39	VUILD115MA	VUILD115	fold_4	macrophage_profibrotic	DISEASE_ADJUSTED	0.942600874115277	1.7326741713856137	1.398244580141399	1.3924181339826136	1.1636838222567412	1.1836018346292714	0.8854406357237725	1.5570824474326173	1.404403913461971	1.3512620930092252	1.4182852531997026	1.3631069340775273	-0.44981725986733656	-0.04797442642364186
VUILD115MA_150_11_40	VUILD115MA	VUILD115	fold_4	macrophage_profibrotic	DISEASE_ADJUSTED	2.45976880805222	1.7276886473812025	1.4785759051094227	1.666262432080793	2.058033890116789	2.0571992869345745	1.9533796879250163	1.5570803355117013	1.9004398741852335	1.9691965663224673	1.9063538683063577	1.9952038375366734	0.7935063759714271	-0.009644189103080108
VUILD115MA_150_12_16	VUILD115MA	VUILD115	fold_4	macrophage_profibrotic	DISEASE_ADJUSTED	1.6325948207222	1.848650747913418	1.224656102797053	1.3303399527961084	1.3176937034710212	1.3720303877501336	0.518914300391037	1.5571333569256587	1.4973887036487696	1.3802680858682814	1.4537895100345697	1.3493338701161288	0.3022548679260917	-0.02671093308877677
VUILD115MA_150_12_17	VUILD115MA	VUILD115	fold_4	macrophage_profibrotic	DISEASE_ADJUSTED	1.85205567686769	1.8436652239090068	1.517195723784659	1.5425211082035368	1.6874541599237436	1.7362858092543827	0.9212888730915058	1.5571312450047428	1.7932377177272527	1.6861467171163191	1.7304131507855516	1.6611234191763007	0.3095345686641531	-0.0235963099057582
VUILD115MA_150_12_18	VUILD115MA	VUILD115	fold_4	macrophage_profibrotic	DISEASE_ADJUSTED	1.39610735541929	1.8386796999045956	1.262764109020905	1.2881393276450748	0.8107014723159277	0.9239245879359607	0.40207626608333946	1.557129133083827	0.9802501562417105	0.8889853366387718	0.8587170751032038	0.792593261140552	0.10796802777421521	-0.07347189166423279
VUILD115MA_150_12_20	VUILD115MA	VUILD115	fold_4	macrophage_profibrotic	DISEASE_ADJUSTED	2.5085138629462	1.8287086518957731	2.1053936894996546	2.0114785141311415	1.7523178685800227	1.8942971286587569	1.352123478325601	1.5571249092419954	2.14670359489811	2.018917805354895	2.052402713129647	1.926905297525312	0.4970353488150585	-0.02034377449343906
VUILD115MA_150_12_21	VUILD115MA	VUILD115	fold_4	macrophage_profibrotic	DISEASE_ADJUSTED	3.21708706718521	1.823723127891362	2.727000296408545	2.7911094468406787	2.16753451886325	2.359882262162012	1.9239840497406502	1.5571227973210797	2.3193745248486515	2.575687505222923	2.126132200539031	2.4574354381442474	0.42597762034453135	0.0025582905231088474
VUILD115MA_150_12_26	VUILD115MA	VUILD115	fold_4	macrophage_profibrotic	DISEASE_ADJUSTED	2.03550035332773	1.7987955078693054	1.9375825881852013	1.8573371499324214	1.6217681377015933	1.6942599441922859	1.512459214147566	1.5571122377165008	1.6030381932324482	1.9576691868397533	1.52623042489865	1.9561443839458872	0.17816320339530867	-0.040269366500730944
VUILD115MA_150_12_40	VUILD115MA	VUILD115	fold_4	macrophage_profibrotic	DISEASE_ADJUSTED	1.86515755943617	1.7289981718075482	1.6463575411588267	1.5935797410158907	1.5378081837718	1.556465567713195	1.4253000926638586	1.5570826708236796	1.6712172004716173	1.57256994385253	1.66026596661608	1.575715570869953	0.2715778184202793	-0.03343537595476488
VUILD115MA_150_12_41	VUILD115MA	VUILD115	fold_4	macrophage_profibrotic	DISEASE_ADJUSTED	1.79658566819005	1.7240126478031368	2.0285681870515497	2.053299411634149	2.1365752768785815	2.194704872153853	1.378334783367401	1.5570805589027639	2.014698406687285	2.1145794820694053	2.0052890367662566	2.082623580699878	-0.2567137434440989	-0.003291692597477092
VUILD115MA_150_13_10	VUILD115MA	VUILD115	fold_4	macrophage_profibrotic	DISEASE_ADJUSTED	2.04588709108251	1.8798734163662312	1.4123329380357015	1.4486068284757685	1.2239884477054184	1.251792616554044	0.9410096166682245	1.5571483637631316	1.5127941001658138	1.3817075692151057	1.5033090140531322	1.3889999412525516	0.5972802626067415	-0.03388387749977445
VUILD115MA_150_13_11	VUILD115MA	VUILD115	fold_4	macrophage_profibrotic	DISEASE_ADJUSTED	1.02076517602984	1.8748878923618197	1.535679793207741	1.7399100739712279	1.2329383867189803	1.3146618485202535	0.5757954078965892	1.557146251842216	1.444242517027172	1.261718080513635	1.4087349551766564	1.2182916769004724	-0.7191448979413879	-0.01918186754324034
VUILD115MA_150_13_15	VUILD115MA	VUILD115	fold_4	macrophage_profibrotic	DISEASE_ADJUSTED	1.69625742549382	1.854945796344175	1.2602791486366673	1.233948129162163	0.8161474648441652	0.8711595217902691	0.5753669295800428	1.5571378041585526	0.9707049112830116	0.9244739713625476	0.9603076993320017	0.9237003504015712	0.46230929633165707	-0.0519966320337312
VUILD115MA_150_13_18	VUILD115MA	VUILD115	fold_4	macrophage_profibrotic	DISEASE_ADJUSTED	1.92014006237623	1.8399892243309413	1.752923573940655	1.650074568286001	1.38963264916618	1.4919312598052101	1.0133752076290041	1.5571314683958053	1.7558540273416396	1.5673265998595325	1.7416906082083219	1.5362789261678356	0.27006549409022895	-0.03468147804723996
VUILD115MA_150_13_20	VUILD115MA	VUILD115	fold_4	macrophage_profibrotic	DISEASE_ADJUSTED	1.39992214257974	1.8300181763221186	1.2678965462418543	1.4829142157728625	1.094408230371203	1.1719317067827824	0.7152102323807479	1.5571272445539737	1.1880544408334885	1.2797869231491759	1.1216805462624888	1.2182891987263411	-0.08299207319312263	-0.05549377435897088
VUILD115MA_150_13_26	VUILD115MA	VUILD115	fold_4	macrophage_profibrotic	DISEASE_ADJUSTED	1.86562302166304	1.800105032295651	1.8835213837782576	1.8298682172009078	1.4903021784376493	1.5693382824280873	1.11963274410118	1.557114573028479	1.8726981035791608	1.7718656036158604	1.8116569506611466	1.7316233269470525	0.035754804462132306	-0.04395203915414375
VUILD115MA_150_13_27	VUILD115MA	VUILD115	fold_4	macrophage_profibrotic	DISEASE_ADJUSTED	1.04372890387121	1.79511950829124	1.3037665841715336	1.4648268345288293	1.0240285419334474	1.0794660035432135	0.6070191797391348	1.557112461107563	1.279194211259926	0.9042125079378187	1.2220261805061652	0.8803995616195034	-0.42109793065761925	-0.056792408533217986
VUILD115MA_150_13_28	VUILD115MA	VUILD115	fold_4	macrophage_profibrotic	DISEASE_ADJUSTED	1.67454480800274	1.790133984286829	1.5722114807466037	1.4937168223004864	1.614505590703668	1.6115772680866607	1.2352893404616545	1.5571103491866474	1.8816295029082217	1.5995438619798803	1.9207669906783305	1.6392024259388982	0.18082798570225367	-0.020535200441275134
VUILD115MA_150_13_30	VUILD115MA	VUILD115	fold_4	macrophage_profibrotic	DISEASE_ADJUSTED	2.97879299931165	1.7801629362780063	3.3680938620863556	3.130834359880336	2.580973518541676	2.7648292430529375	1.6426073665870151	1.5571061253448157	2.8817578533794532	2.861894173966731	2.6934547406567266	2.6994283278194953	-0.15204136056868567	-0.0012683999942177584
VUILD115MA_150_14_12	VUILD115MA	VUILD115	fold_4	macrophage_profibrotic	DISEASE_ADJUSTED	2.67723127438153	1.8712118927837542	2.3519229841348093	2.383939780249456	1.8378896253997432	1.9420220617424222	1.1108585526359018	1.5571464752332782	1.8004661118800926	2.0503553934070773	1.6761985221822444	1.9815554569146685	0.2932914941320739	-0.021544345566638933
VUILD115MA_150_14_15	VUILD115MA	VUILD115	fold_4	macrophage_profibrotic	DISEASE_ADJUSTED	2.03686267240144	1.8562553207705206	1.2843021211931522	1.3114921363526473	0.8976457679438677	0.9477877751809732	0.27185415552813263	1.5571401394705309	1.0586856733386152	1.0062962542659546	1.0197623583280673	1.0023427539433714	0.7253705360487928	-0.049218620744887316
VUILD115MA_150_14_16	VUILD115MA	VUILD115	fold_4	macrophage_profibrotic	DISEASE_ADJUSTED	1.61564929641355	1.8512697967661094	1.1254409361199778	1.2248858977055481	0.748068637525189	0.8191636026740645	0.8097041579897221	1.557138027549615	1.3227011647414426	1.2142769781252334	1.3317349299312495	1.2374311960277322	0.3907633987080019	-0.049498278122749435
VUILD115MA_150_14_21	VUILD115MA	VUILD115	fold_4	macrophage_profibrotic	DISEASE_ADJUSTED	1.17325379575996	1.826342176744053	1.7470103002205495	1.6850370966562578	1.2386888239864007	1.3505928490165786	0.9867058746379889	1.557127467945036	1.4931870450243423	1.458325581687398	1.4015103103524387	1.3838319598036033	-0.5117833008962978	-0.04947022165669842
VUILD115MA_150_14_23	VUILD115MA	VUILD115	fold_4	macrophage_profibrotic	DISEASE_ADJUSTED	1.79676012597076	1.8163711287352307	1.4808832971469141	1.7208150184957252	1.1903586563651216	1.3138425439946873	1.14122434726168	1.5571232441032046	1.2663375681937707	1.4622050543220224	1.1687243913212535	1.376007630869128	0.0759451074750348	-0.04585002570912965
VUILD115MA_150_14_26	VUILD115MA	VUILD115	fold_4	macrophage_profibrotic	DISEASE_ADJUSTED	2.94062017127838	1.8014145567219968	2.527576217744855	2.458866123529133	1.955982865069421	2.0821740523799637	1.5182644844780593	1.557116908340457	2.293835841968761	2.3026813834473168	2.1710989497264377	2.2238748532610524	0.4817540477492468	-0.022409874813532165
VUILD115MA_150_14_27	VUILD115MA	VUILD115	fold_4	macrophage_profibrotic	DISEASE_ADJUSTED	1.0571915413514	1.7964290327175856	1.6902075904166525	1.6156085796973478	1.5345676696951063	1.5973747417178428	1.1072679298372554	1.5571147964195413	1.5884528311249895	1.6203917363757165	1.5321781933569372	1.600872298254659	-0.5584170383459479	-0.026259202475924125
VUILD115MA_150_14_28	VUILD115MA	VUILD115	fold_4	macrophage_profibrotic	DISEASE_ADJUSTED	2.11019751127753	1.7914435087131744	2.1228249909166053	2.0463900052524497	1.6751069947174768	1.7966455886115709	1.1273603482366004	1.5571126844986256	1.5843324513237633	1.7455714424884945	1.4158303548227724	1.7161769964065856	0.06380750602508023	-0.006137390443539801
VUILD115MA_150_14_29	VUILD115MA	VUILD115	fold_4	macrophage_profibrotic	DISEASE_ADJUSTED	3.06245350322285	1.7864579847087634	3.3647801329626477	3.2030908597751333	2.694463243840713	2.8515375058078094	1.7280424800669434	1.5571105725777097	2.4446942069297335	2.783238311894846	2.232457086761356	2.6124482430334606	-0.14063735655228315	-0.00032795472529524756
VUILD115MA_150_14_30	VUILD115MA	VUILD115	fold_4	macrophage_profibrotic	DISEASE_ADJUSTED	2.72720711335704	1.781472460704352	3.6162080483867096	3.4516271575744084	2.5514296414360875	2.774191226309874	1.9788182403035974	1.557108460656794	2.8274288292497127	2.827177254526764	2.6006660174790808	2.598858283732996	-0.7244200442173683	-0.015468604391283294
VUILD115MA_150_14_31	VUILD115MA	VUILD115	fold_4	macrophage_profibrotic	DISEASE_ADJUSTED	2.83289802144684	1.7764869366999407	2.8548154844653206	2.784307944837977	2.5712506322788613	2.6935243724592963	1.418691973461235	1.557106348735878	2.517740743258838	2.628781490352578	2.3568975016488536	2.5181602328514963	0.048590076608863164	0.007914061043456091
VUILD115MA_150_14_32	VUILD115MA	VUILD115	fold_4	macrophage_profibrotic	DISEASE_ADJUSTED	2.95223026312036	1.7715014126955295	2.701724987788297	2.6888591994309627	2.424762668129754	2.487830748782314	1.973889398047751	1.5571042368149624	2.258052664099665	2.357153690631314	2.139102468767042	2.279101208095297	0.2633710636893971	-0.014245264183071404
VUILD115MA_150_14_33	VUILD115MA	VUILD115	fold_4	macrophage_profibrotic	DISEASE_ADJUSTED	1.79270370922486	1.766515888691118	2.0304059029447696	1.9437061512854608	1.743707819276011	1.8311042764382222	1.4098773414311436	1.5571021248940466	2.0787803243597613	2.0574508680213626	2.039242615360897	2.0141967570613444	-0.15100244206060065	-0.0062152241320088805
VUILD115MA_150_14_35	VUILD115MA	VUILD115	fold_4	macrophage_profibrotic	DISEASE_ADJUSTED	1.03467066474043	1.7565448406822957	1.5411510400592607	1.7162888581141142	1.2585569138367485	1.3337722339829379	0.7472812329209803	1.557097901052215	1.1796530974636832	1.3925184816914846	1.0831234941617245	1.346996933298329	-0.6816181933736842	-0.03930749078168314
VUILD115MA_150_14_37	VUILD115MA	VUILD115	fold_4	macrophage_profibrotic	DISEASE_ADJUSTED	0.865354407346826	1.7465737926734732	1.536940533191071	1.630257056584045	0.8805609125964282	1.0220135699225412	0.6909591919385167	1.5570936772103834	1.2565839733678748	1.1710478252770617	1.1603721287050974	1.0812669489380644	-0.7649026492372191	-0.04728521104591805
VUILD115MA_150_14_38	VUILD115MA	VUILD115	fold_4	macrophage_profibrotic	DISEASE_ADJUSTED	1.43129814966375	1.7415882686690618	1.3734630924416227	1.3520820446428206	0.7512909757167546	0.8549432521868217	0.3895777235833975	1.5570915652894677	0.8936388703368533	0.7860719229017858	0.7613569295986244	0.6914997915904824	0.07921610502092946	-0.06599051752153562
VUILD115MA_150_14_39	VUILD115MA	VUILD115	fold_4	macrophage_profibrotic	DISEASE_ADJUSTED	1.22590601564988	1.7366027446646508	1.160083546500545	1.4602464481241593	1.194234489796539	1.2502824422312677	0.8086789263328505	1.5570894533685518	1.3970595268947252	1.4778408884721308	1.3688493014112229	1.456909022769529	-0.23434043247427927	-0.050962158292224724
VUILD115MA_150_14_40	VUILD115MA	VUILD115	fold_4	macrophage_profibrotic	DISEASE_ADJUSTED	1.38257796651809	1.7316172206602396	1.7230914142712341	1.5604094863814055	1.6528551286248465	1.675383210049736	1.3776168542934093	1.557087341447636	1.7324348799211453	1.7819192861405073	1.7513184201996153	1.8017942913844098	-0.17783151986331558	-0.022658240684071584
VUILD115MA_150_14_41	VUILD115MA	VUILD115	fold_4	macrophage_profibrotic	DISEASE_ADJUSTED	2.17901243972354	1.7266316966558282	1.4640718390826442	1.6181110567849188	1.7214798478978208	1.763182585297531	1.2316555307701462	1.5570852295267201	1.788858729629105	1.7316168658439295	1.7919360761651273	1.7065096508826014	0.5609013829386211	-0.030463762206350803
VUILD115MA_150_14_42	VUILD115MA	VUILD115	fold_4	macrophage_profibrotic	DISEASE_ADJUSTED	1.76210860851546	1.721646172651417	1.3051791134141433	1.3617845878539405	1.1166998796470837	1.1583274405764274	0.8632815751819088	1.5570831176058044	1.2954385969775986	1.222626899675208	1.2674456519435187	1.1775531339822312	0.4003240206615195	-0.04833348098252922
VUILD115MA_150_15_12	VUILD115MA	VUILD115	fold_4	macrophage_profibrotic	DISEASE_ADJUSTED	2.26523779946483	1.8725214172101	2.768059068454186	2.6002517866591175	2.221458772371371	2.3307744832657353	1.8195152141118345	1.5571488105452564	2.317670326816174	2.426283556082531	2.24047071628618	2.394618436482163	-0.33501398719428765	-0.005279988435388592
VUILD115MA_150_15_14	VUILD115MA	VUILD115	fold_4	macrophage_profibrotic	DISEASE_ADJUSTED	1.63419097179119	1.8625503692012777	1.2854441921101127	1.3166033160490103	1.1282405496161814	1.149997562293606	1.20819207035038	1.5571445867034248	1.5782302374457717	1.311358721018876	1.5922613784780713	1.3338818974086197	0.31758765574217973	-0.05209032477829529
VUILD115MA_150_15_15	VUILD115MA	VUILD115	fold_4	macrophage_profibrotic	DISEASE_ADJUSTED	1.98126256433385	1.8575648451968663	1.7204206720495834	1.529576821543223	1.2219381575474422	1.3094016936341148	0.6205868153533047	1.5571424747825091	1.438257301754905	1.267153135738023	1.4145999326115637	1.2650110290808314	0.4516857427906269	-0.045960366296378626
VUILD115MA_150_15_16	VUILD115MA	VUILD115	fold_4	macrophage_profibrotic	DISEASE_ADJUSTED	1.5096068137718	1.852579321192455	1.652256583291651	1.523351461036773	1.3843653405150442	1.4262633469360584	0.8529965836019159	1.5571403628615932	1.494275799622617	1.6099825456321806	1.4572436605355334	1.6312541610694826	-0.013744647264973153	-0.023608273840829266
VUILD115MA_150_15_18	VUILD115MA	VUILD115	fold_4	macrophage_profibrotic	DISEASE_ADJUSTED	2.34489852019885	1.8426082731836326	1.900978487982218	1.769546725509359	1.3260774181710369	1.4457140321621074	1.4819081917679626	1.5571361390197616	1.498200123389808	1.5185030763432126	1.4021502405994521	1.441864986842125	0.5753517946894908	-0.039862779125604424
VUILD115MA_150_15_20	VUILD115MA	VUILD115	fold_4	macrophage_profibrotic	DISEASE_ADJUSTED	1.32539343016853	1.83263722517481	1.420438839124897	1.4566193585030756	1.0799483186841665	1.1822797160340506	0.6918188403171088	1.5571319151779301	1.0625229034119075	1.1171865766001325	0.9585392147784846	1.0330593457149857	-0.1312259283345456	-0.04360098794957045
VUILD115MA_150_15_26	VUILD115MA	VUILD115	fold_4	macrophage_profibrotic	DISEASE_ADJUSTED	2.06502848166491	1.8027240811483425	1.911409321775626	2.024832673914073	1.971830975157773	2.0566079430853397	1.282626963107033	1.5571192436524353	2.1140277223144053	2.1463647440685296	2.0568487287951007	2.1068301812158117	0.04019580775083709	-0.0037974317145898157
VUILD115MA_150_15_29	VUILD115MA	VUILD115	fold_4	macrophage_profibrotic	DISEASE_ADJUSTED	2.43233575660884	1.7877675091351088	2.515521493028163	2.3867442200080813	1.6026468112956176	1.7679137556867814	0.9823218808584913	1.557112907889688	1.7017221231942141	1.8547529890744148	1.4544125411652196	1.7185373849652898	0.045591536600758875	-0.0198553857392627
VUILD115MA_150_15_34	VUILD115MA	VUILD115	fold_4	macrophage_profibrotic	DISEASE_ADJUSTED	1.58808647687117	1.7628398891130526	1.627178551428673	1.7433643691133671	1.332852437873659	1.4131189927938714	0.7426492832401697	1.557102348285109	1.6640193644603334	1.593134735545239	1.6192461237402533	1.5674315513522348	-0.15527789224219712	-0.025525618262268894
VUILD115MA_150_15_35	VUILD115MA	VUILD115	fold_4	macrophage_profibrotic	DISEASE_ADJUSTED	1.30958401351735	1.7578543651086413	1.6630855135981646	1.6639732355794545	1.4013800828990826	1.47149907873288	0.6890227877242961	1.5571002363641933	1.3055224392548337	1.4567612257710214	1.2221599810688242	1.3979876004958296	-0.35438922206210455	-0.028729422927388643
VUILD115MA_150_15_37	VUILD115MA	VUILD115	fold_4	macrophage_profibrotic	DISEASE_ADJUSTED	1.94606842405905	1.7478833170998187	1.8984422220542676	1.859509494686004	1.389796835396677	1.4910507017472225	0.7729777410160641	1.5570960125223616	1.5522492821335134	1.5730559307376148	1.446158188822471	1.4891699555743843	0.08655892937304599	-0.007233907290310641
VUILD115MA_150_15_39	VUILD115MA	VUILD115	fold_4	macrophage_profibrotic	DISEASE_ADJUSTED	1.42172411430965	1.7379122690909965	1.7833879158680244	1.7525831737572426	1.423089255081276	1.515830088921092	0.9475080660075623	1.55709178868053	1.5183331787482182	1.6307160796768774	1.433323525272604	1.5750310003532906	-0.33085905944759264	-0.03520119311618127
VUILD115MA_150_15_40	VUILD115MA	VUILD115	fold_4	macrophage_profibrotic	DISEASE_ADJUSTED	2.69817304834406	1.7329267450865853	2.447558335357615	2.4835660423325665	2.2121459992183676	2.3323988546878427	1.5067227173651263	1.5570896767596143	2.247348859096249	2.4047214681914473	2.175910042682797	2.331514178730234	0.21460700601149352	-0.003975206577286278
VUILD115MA_150_16_14	VUILD115MA	VUILD115	fold_4	macrophage_profibrotic	DISEASE_ADJUSTED	2.08853953779089	1.8638598936276232	1.0253444957212396	1.0896499271546467	1.1497515447956363	1.1863829410270543	0.26288167861167255	1.557146922015403	1.4277132337703788	1.3175852292959338	1.422348382739736	1.3381335927831808	0.9988896106362433	-0.04683070846089237
VUILD115MA_150_16_15	VUILD115MA	VUILD115	fold_4	macrophage_profibrotic	DISEASE_ADJUSTED	2.23550955810821	1.8588743696232117	1.586282376291423	1.4296504714269245	1.2495358946766768	1.3022038117169898	0.8941599344808153	1.5571448100944871	1.4787818700960258	1.504570646392653	1.4187232261270528	1.5109520882594012	0.8058590866812854	-0.040978006315303656
VUILD115MA_150_16_17	VUILD115MA	VUILD115	fold_4	macrophage_profibrotic	DISEASE_ADJUSTED	2.75917544063843	1.8489033216143893	2.051794711335322	1.8740042731141304	1.4339814125097847	1.5466771006469335	1.4477965537932316	1.5571405862526557	1.6237831138433365	1.69129294668671	1.5391149819734653	1.6649637963081336	0.8851711675242997	-0.024409018557188182
VUILD115MA_150_16_18	VUILD115MA	VUILD115	fold_4	macrophage_profibrotic	DISEASE_ADJUSTED	1.1959501188731	1.8439177976099783	1.2826980198424787	1.304562728917935	0.8771243528027656	0.9632246007555448	0.3279202431832482	1.5571384743317398	1.1122223022857631	1.1087726320028448	1.041275367365496	1.0605123688475144	-0.1086126100448348	-0.05165904047490443
VUILD115MA_150_16_21	VUILD115MA	VUILD115	fold_4	macrophage_profibrotic	DISEASE_ADJUSTED	1.61428261764205	1.8289612255967445	1.2857701816211355	1.3744262692033984	0.973563382546007	1.0556475043815716	0.20363879846911015	1.5571321385689925	1.2048341299144392	1.2520382616903742	1.1277684895881968	1.2393579759765019	0.23985634843865156	-0.058457753755635784
VUILD115MA_150_16_22	VUILD115MA	VUILD115	fold_4	macrophage_profibrotic	DISEASE_ADJUSTED	3.01617908745379	1.823975701592333	2.6387185351554194	2.369216626224311	1.9260060490979576	2.0936502276848556	1.5498689780530661	1.5571300266480768	2.0754353830892507	2.211836491631048	1.9159560554968642	2.146945336827485	0.6469624612294793	-0.019002487195874395
VUILD115MA_150_16_23	VUILD115MA	VUILD115	fold_4	macrophage_profibrotic	DISEASE_ADJUSTED	1.03526403664388	1.8189901775879218	1.3904528311559383	1.535748037441889	1.1986695409514647	1.2948755304026904	0.7152896504094665	1.5571279147271608	1.066737732454905	1.1054285848354988	0.917248786059947	1.0082680886581468	-0.5004840007980091	-0.048833335106339026
VUILD115MA_150_16_26	VUILD115MA	VUILD115	fold_4	macrophage_profibrotic	DISEASE_ADJUSTED	2.01580679101573	1.8040336055746882	1.8495187621960008	1.9167604477258464	1.5505234108900605	1.6340233017098633	1.411088671960416	1.5571215789644135	1.6105176398130743	1.6174749304188878	1.5100981731147847	1.5683092749925056	0.09904634328988338	-0.012536042202678456
VUILD115MA_150_16_27	VUILD115MA	VUILD115	fold_4	macrophage_profibrotic	DISEASE_ADJUSTED	1.38344956569124	1.799048081570277	1.4254962267144844	1.534068441922649	0.6655551386310359	0.804177299640989	0.517800166993907	1.5571194670434978	0.975157839774118	1.0914717244230538	0.864686882084377	1.0165007219697102	-0.1506188762314089	-0.06660086516323688
VUILD115MA_150_16_28	VUILD115MA	VUILD115	fold_4	macrophage_profibrotic	DISEASE_ADJUSTED	1.69239412173063	1.7940625575658657	1.7518450924106272	1.6711296109098537	1.7785477806323036	1.7855212380915981	0.9916127360497481	1.5571173551225819	1.8946322183395925	1.8710369994172902	1.921174893826897	1.914743683568607	0.021264510820776295	-0.02054299247564772
VUILD115MA_150_16_29	VUILD115MA	VUILD115	fold_4	macrophage_profibrotic	DISEASE_ADJUSTED	1.09474679185481	1.7890770335614545	1.4397601547551182	1.601914206636505	1.4152906682300688	1.4725266949465645	0.8224784609300164	1.5571152432016662	1.5687734917193727	1.4770515312657613	1.5439424605959162	1.4419639551682784	-0.5071674147816951	-0.030787836685841223
VUILD115MA_150_16_30	VUILD115MA	VUILD115	fold_4	macrophage_profibrotic	DISEASE_ADJUSTED	1.79392022376385	1.784091509557043	1.7531241737392949	1.7693609201293994	1.3741860622788469	1.470759999144826	0.7485153724281612	1.5571131312807502	1.7977794401181992	1.6698371940980445	1.7594191739087772	1.6199132249785435	0.02455930363445069	-0.043047711962197206
VUILD115MA_150_16_42	VUILD115MA	VUILD115	fold_4	macrophage_profibrotic	DISEASE_ADJUSTED	1.70829006932037	1.7242652215041083	1.3671919034390108	1.4473380294024127	1.0957115879938648	1.196658100276358	0.6352285380533308	1.557087788229761	1.1544675239123388	1.1860197663217251	1.0680267176359177	1.1206747165481556	0.26095203991795723	-0.06100344255286489
VUILD115MA_150_16_43	VUILD115MA	VUILD115	fold_4	macrophage_profibrotic	DISEASE_ADJUSTED	1.73350827918171	1.7192796974996971	1.2195625933616578	1.3735358193883898	1.1299763902845097	1.2242477621921868	0.530556571083745	1.557085676308845	1.192528361355857	1.2593201996935117	1.1175315375300692	1.1894593430587896	0.35997245979332027	-0.04681269092401568
VUILD115MA_150_16_8	VUILD115MA	VUILD115	fold_4	macrophage_profibrotic	DISEASE_ADJUSTED	1.26704496933295	1.8937730376540904	1.7681560986515839	1.6664526816421086	1.1116505669700396	1.1193467886641106	1.1421503124286572	1.5571595935408977	1.204809081346208	1.2645568577301756	1.2052349045376491	1.2824562011757625	-0.3994077123091586	-0.03278318311960924
VUILD115MA_150_16_9	VUILD115MA	VUILD115	fold_4	macrophage_profibrotic	DISEASE_ADJUSTED	2.0548280462698	1.8887875136496795	1.7213587435877258	1.9094786573155869	0.9564343266247631	1.0850828595549964	3.369018988066144	1.557157481619982	1.428782351157986	1.1025977349126688	1.3158355730537126	0.9817940856155922	0.14534938895421323	-0.02694891309996706
VUILD115MA_150_17_14	VUILD115MA	VUILD115	fold_4	macrophage_profibrotic	DISEASE_ADJUSTED	1.24611508039522	1.8651694180539689	1.1723936414303404	1.207720688368731	1.1069033370548202	1.136591715921903	0.023947613398093814	1.5571492573273813	1.353067275980877	1.3190527600110358	1.3054764954472116	1.3369811570424206	0.038394392026488866	-0.03579487993708976
VUILD115MA_150_17_15	VUILD115MA	VUILD115	fold_4	macrophage_profibrotic	DISEASE_ADJUSTED	1.33186068985516	1.8601838940495574	1.1446966956215823	1.2206076152087824	1.014635780818697	1.071280033749955	0.35915452712353924	1.5571471454064654	1.3750260277382242	1.076100982756378	1.359521376651733	1.048400899153807	0.11125307464637757	-0.04217909273619632
VUILD115MA_150_17_16	VUILD115MA	VUILD115	fold_4	macrophage_profibrotic	DISEASE_ADJUSTED	2.34748228636585	1.8551983700451462	1.9407503994021615	1.789322390681087	1.615645741415892	1.6817853629998112	1.0055768623069747	1.5571450334855497	1.699271221734796	1.7341599601572746	1.6627004107130738	1.7097431692190963	0.5581598956847631	-0.017384752248917487
VUILD115MA_150_17_17	VUILD115MA	VUILD115	fold_4	macrophage_profibrotic	DISEASE_ADJUSTED	2.14544944889075	1.850212846040735	1.9537481144470377	2.0899387112944345	2.1753127205502043	2.1705207024722544	1.9461617277779597	1.5571429215646337	2.215768279062615	1.901667212482148	2.261009116328466	1.916121662705257	0.05551073759631553	-0.0012243657571134776
VUILD115MA_150_17_21	VUILD115MA	VUILD115	fold_4	macrophage_profibrotic	DISEASE_ADJUSTED	1.62337608342134	1.8302707500230901	1.2567291426010776	1.2000123963851117	1.00011650032025	1.0526443883096372	-0.34293045481291795	1.5571344738809707	1.1027577634965688	1.0751122581743728	1.0949589008741407	1.0639296407409138	0.4233636870362283	-0.04529809043429049
VUILD115MA_150_17_22	VUILD115MA	VUILD115	fold_4	macrophage_profibrotic	DISEASE_ADJUSTED	1.06740599137563	1.8252852260186787	1.328074373662977	1.4428123492197191	1.045657548367231	1.1326068116449757	0.19997943730948697	1.5571323619600548	1.103055639460337	1.0085404650250813	0.9918294343829341	0.9233203219634379	-0.37540635784408916	-0.04572858323225633
VUILD115MA_150_17_24	VUILD115MA	VUILD115	fold_4	macrophage_profibrotic	DISEASE_ADJUSTED	1.76260442021815	1.8153141780098563	1.3880776314308636	1.379510971615435	0.8979187792758141	0.9657556415229213	0.40976060585920093	1.5571281381182234	0.9774540236620276	1.171368603564611	0.9055227564126772	1.1023311791884562	0.3830934486027149	-0.05417007585463232
VUILD115MA_150_17_25	VUILD115MA	VUILD115	fold_4	macrophage_profibrotic	DISEASE_ADJUSTED	1.51089040434502	1.810328654005445	1.3088308002719953	1.6291933790503306	1.195279021089579	1.2507560804916618	0.11448019854064073	1.5571260261973074	1.0675089659703576	1.039265128977536	0.9756107412571908	0.9603787081605367	-0.11830297470531059	-0.06360011203973816
VUILD115MA_150_17_28	VUILD115MA	VUILD115	fold_4	macrophage_profibrotic	DISEASE_ADJUSTED	1.26202077013507	1.7953720819922114	1.405647815344705	1.4761409496339986	0.8674441056822646	0.9783754685063175	0.32676446101367906	1.55711969043456	1.327771477452042	0.9296732295311447	1.2624564271928285	0.8474261909197455	-0.21412017949892848	-0.06462172673776394
VUILD115MA_150_17_31	VUILD115MA	VUILD115	fold_4	macrophage_profibrotic	DISEASE_ADJUSTED	1.87975816717416	1.7804155099789776	1.2328702825828473	1.5398441259016324	1.0882625729945163	1.2075518748093597	0.20524988598716076	1.5571133546718128	1.439083400868642	1.2432554955700588	1.345990649128105	1.1526581918306504	0.33991404127252767	-0.042078802006104664
VUILD115MA_150_17_36	VUILD115MA	VUILD115	fold_4	macrophage_profibrotic	DISEASE_ADJUSTED	2.5790980332104	1.7554878899569215	1.8458780158630888	1.8521807234443717	1.5465455182575372	1.6125041539202631	1.30097149523915	1.5571027950672338	1.7995126499382799	2.081158063446847	1.7329668030897287	2.0854531821554114	0.7269173097660282	-0.021351377353510927
VUILD115MA_150_17_38	VUILD115MA	VUILD115	fold_4	macrophage_profibrotic	DISEASE_ADJUSTED	1.72043317387739	1.7455168419480989	1.7869688943574196	1.841038657892386	1.5231167910658894	1.634256112549079	1.2904619849906263	1.5570985712254022	1.786611761528431	1.7386010464852426	1.7174686182221242	1.663504178722411	-0.12060548401499616	0.005596358860459441
VUILD115MA_150_17_39	VUILD115MA	VUILD115	fold_4	macrophage_profibrotic	DISEASE_ADJUSTED	1.26518742856757	1.7405313179436877	1.896274447885534	1.9085719631306177	1.6803810829499959	1.7910764398383114	1.40271907251549	1.5570964593044865	1.8141829123731679	1.8942603716171256	1.719522707727832	1.827737557482047	-0.6433845345630478	-0.009708905608880568
VUILD115MA_150_17_40	VUILD115MA	VUILD115	fold_4	macrophage_profibrotic	DISEASE_ADJUSTED	0.970864808656175	1.7355457939392764	1.7112904811896426	1.7834476617920818	1.4228533747098533	1.533016855701868	0.9233500805149447	1.5570943473835706	1.556908654947961	1.4877492506075858	1.4415757363461417	1.3910410981791914	-0.8125828531359068	-0.027830257936721746
VUILD115MA_150_17_41	VUILD115MA	VUILD115	fold_4	macrophage_profibrotic	DISEASE_ADJUSTED	1.77098681242027	1.730560269934865	1.6040733720421902	1.653126067756284	1.4929250811800427	1.5570920312858822	0.9248937398281871	1.5570922354626549	1.5240408422141976	1.5406296977038059	1.4685513710870977	1.5057415000187546	0.11786074466398588	-0.028705644009400247
VUILD115MA_150_17_42	VUILD115MA	VUILD115	fold_4	macrophage_profibrotic	DISEASE_ADJUSTED	1.66808070709614	1.7255747459304538	1.61285500159625	1.6457976534397654	1.6689812322836761	1.7163815790385575	1.2239189394607646	1.557090123541739	1.915891257265576	1.8499811553006738	1.928538050433591	1.8551719380233198	0.02228305365637473	-0.02602349407812848
VUILD115MA_150_17_43	VUILD115MA	VUILD115	fold_4	macrophage_profibrotic	DISEASE_ADJUSTED	1.92052051047029	1.7205892219260428	1.9577599748712875	1.9253503600641335	1.7048770990460733	1.7935457690932932	1.3270183408019354	1.5570880116208232	1.7934544129875423	2.015940532539384	1.656365061493561	1.9465001654783056	-0.004829849593843472	-0.00595025513587873
VUILD115MA_150_17_44	VUILD115MA	VUILD115	fold_4	macrophage_profibrotic	DISEASE_ADJUSTED	2.09739058059736	1.7156036979216316	2.0436427276961133	1.956132726076826	1.7466963533052442	1.8692150192466896	1.6903477235280713	1.5570858996999075	2.049844634239223	1.944325273431324	1.938074776657376	1.8431014184656478	0.14125785452053385	-0.006392062931678228
VUILD115MA_150_18_14	VUILD115MA	VUILD115	fold_4	macrophage_profibrotic	DISEASE_ADJUSTED	1.76505730940197	1.8664789424803145	1.1552779166510105	1.1758513437416866	0.9680907902678079	0.9884396726309452	0.2580103747014224	1.5571515926393593	1.0621248335119486	1.0495449222411335	1.05257055293125	1.019988745607424	0.5892059656602833	-0.04543082298027174
VUILD115MA_150_18_15	VUILD115MA	VUILD115	fold_4	macrophage_profibrotic	DISEASE_ADJUSTED	1.80382455115035	1.861493418475903	1.33246563245419	1.3918567981455598	1.2692054270425113	1.2630915914500225	0.9465219484997893	1.5571494807184436	1.4054228413469005	1.3417201819710207	1.4277097838431887	1.3530557634836022	0.41196775300479005	-0.0344313401948876
VUILD115MA_150_18_31	VUILD115MA	VUILD115	fold_4	macrophage_profibrotic	DISEASE_ADJUSTED	1.98119840141004	1.7817250344053233	1.2532770208811121	1.2717561450267185	0.8084649807773301	0.9268512019704398	0.13550102285223575	1.557115689983791	1.0774705985612663	0.893269740738596	0.9837169196430197	0.8034881128114637	0.7094422563833216	-0.05712900296054766
VUILD115MA_150_18_32	VUILD115MA	VUILD115	fold_4	macrophage_profibrotic	DISEASE_ADJUSTED	1.70749233909863	1.776739510400912	1.5275482930415267	1.6067396042185078	0.9909904199649731	1.132522427219616	0.4717575799493863	1.557113578062875	1.225014587664839	1.0926973068862365	1.0832696893685911	0.971519811911678	0.10075273488012226	-0.051503072717097274
VUILD115MA_150_18_39	VUILD115MA	VUILD115	fold_4	macrophage_profibrotic	DISEASE_ADJUSTED	2.18734776246277	1.7418408423700333	2.0297005735079408	2.0414887610490915	1.6506486273642453	1.7705911936040484	1.1872808482175263	1.5570987946164645	1.805445152690738	1.8463071714374373	1.6687770021163155	1.772742393155162	0.1458590014136787	-0.013516654273435492
VUILD115MA_150_18_40	VUILD115MA	VUILD115	fold_4	macrophage_profibrotic	DISEASE_ADJUSTED	1.76999483731443	1.7368553183656221	1.964821231656357	1.9856436654136655	1.693475785963489	1.8222888584277157	1.1017960336174248	1.5570966826955488	1.9252780277853758	1.8405697424813017	1.8294963247909393	1.7780358421914264	-0.21564882809923547	-0.016759508144303322
VUILD115MA_150_18_42	VUILD115MA	VUILD115	fold_4	macrophage_profibrotic	DISEASE_ADJUSTED	1.94805053007251	1.7268842703567995	1.955885251071144	1.95045765723242	1.7561649850179966	1.8270372258441958	1.1754625325451051	1.5570924588537172	2.0674745901983584	2.1754461998883388	2.0416211449515727	2.193911941252221	-0.002407127159909983	-0.029766777681792082
VUILD115MA_150_18_43	VUILD115MA	VUILD115	fold_4	macrophage_profibrotic	DISEASE_ADJUSTED	1.75971545261135	1.7218987463523883	1.846855747485918	1.8193676825007	1.544751545944824	1.63212805117139	1.399618163357662	1.5570903469328015	1.6979841294936235	1.80385039620448	1.6277977913593815	1.731804049826003	-0.05965222988934982	-0.014145106088615623
VUILD115MA_150_18_44	VUILD115MA	VUILD115	fold_4	macrophage_profibrotic	DISEASE_ADJUSTED	2.78147648171822	1.7169132223479773	2.1004114453953364	2.2508639261801604	2.26772798804996	2.354012667331518	1.5877440934120957	1.5570882350118855	2.088254819706947	2.472136621160454	1.9438414583931205	2.417453994336677	0.5306125555380596	0.014785432722057039
VUILD115MA_150_19_21	VUILD115MA	VUILD115	fold_4	macrophage_profibrotic	DISEASE_ADJUSTED	1.96432121525575	1.8328897988757813	1.9525061958582959	2.0162774081559274	1.535986319907625	1.6730468092994941	0.9987500259208387	1.557139144504927	1.5803326030375604	1.6817271708055057	1.4220754427447626	1.570843290563608	-0.05195619290017728	-0.0238679182137186
VUILD115MA_150_19_23	VUILD115MA	VUILD115	fold_4	macrophage_profibrotic	DISEASE_ADJUSTED	2.87579265016976	1.8229187508669589	2.644761980512818	2.6086536401347544	2.3150382106610348	2.4312645873120493	1.535449659215504	1.5571349206630956	2.1828082308593224	2.415222617607138	2.0211715019912075	2.352042754532446	0.2671390100350055	-0.0060692948699069375
VUILD115MA_150_19_24	VUILD115MA	VUILD115	fold_4	macrophage_profibrotic	DISEASE_ADJUSTED	3.07239595182563	1.8179332268625477	2.754091854422187	2.7619374918647623	2.1137500517002863	2.313814021383437	1.354386142057913	1.5571328087421796	1.848832795762643	2.159900098222739	1.6059451305046628	1.993392522027111	0.31045845996086774	-0.025533614637545998
VUILD115MA_150_19_25	VUILD115MA	VUILD115	fold_4	macrophage_profibrotic	DISEASE_ADJUSTED	2.68451037315996	1.8129477028581364	2.967989976167745	2.9029246654181993	2.069484693471436	2.285750285208984	1.1200605830879722	1.557130696821264	2.0119312142193406	2.2597467797499844	1.7426959244279518	2.073823027166403	-0.21841429225823905	-0.019259464824982846
VUILD115MA_150_19_26	VUILD115MA	VUILD115	fold_4	macrophage_profibrotic	DISEASE_ADJUSTED	2.21478713954396	1.807962178853725	1.9220907345733613	1.9179906146008618	1.8200092495874973	1.8994264982434803	1.1889509592582541	1.557128584900348	1.9206765543882243	1.900305363122434	1.8710259664662587	1.8449373080001197	0.29679652494309794	-0.004222607906461763
VUILD115MA_150_19_29	VUILD115MA	VUILD115	fold_4	macrophage_profibrotic	DISEASE_ADJUSTED	1.8200047905995	1.7930056068404916	1.4775835856762418	1.4448077703393905	1.5027997131274466	1.5518750657542235	0.8172125118672249	1.5571222491376007	1.4844589735681486	1.4443133025893087	1.442535592069318	1.3983104362490766	0.3751970202601096	-0.04413959190750495
VUILD115MA_150_19_32	VUILD115MA	VUILD115	fold_4	macrophage_profibrotic	DISEASE_ADJUSTED	1.89755570531655	1.7780490348272577	1.618823870280865	1.6575448262554318	0.8295577602289192	0.9552873555223806	0.6281404293390721	1.5571159133748533	1.0524389066614799	1.08390760343074	0.9176837462912423	0.9942080202138823	0.24001087906111818	-0.06975747446334059
VUILD115MA_150_19_33	VUILD115MA	VUILD115	fold_4	macrophage_profibrotic	DISEASE_ADJUSTED	2.23134195927494	1.7730635108228463	1.9594568811083164	2.0000448308437733	1.6818157543539656	1.767790336980163	1.0795287497848605	1.5571138014539376	1.8518957179568802	1.6992743343753811	1.7663198772865276	1.6279167498014806	0.23129712843116668	-0.016198593599805855
VUILD115MA_150_19_37	VUILD115MA	VUILD115	fold_4	macrophage_profibrotic	DISEASE_ADJUSTED	2.59073020372278	1.7531214148052015	2.0758584415301935	2.1095522265279607	1.7269733203836046	1.8719229610175665	1.1152685326275744	1.5571053537702744	1.9038203841514072	1.8832657292395338	1.7438370164272115	1.7550216792418303	0.4811779771948195	-0.0025111682559437413
VUILD115MA_150_19_40	VUILD115MA	VUILD115	fold_4	macrophage_profibrotic	DISEASE_ADJUSTED	0.997149722674804	1.7381648427919678	1.7168557212809434	1.7438389322265908	1.1408227087198919	1.2730624174678251	0.8804116868501431	1.557099018007527	1.5245087269001338	1.5046741850927658	1.4467705791028267	1.417346323011909	-0.7466892095517869	-0.0363460087983279
VUILD115MA_150_20_14	VUILD115MA	VUILD115	fold_4	macrophage_profibrotic	DISEASE_ADJUSTED	0.422261193838266	1.869097991333006	0.7023628819284561	0.7904280118073564	0.9091904341925704	0.6150337407072228	1.239559444858096	1.5571562632633158	0.8692035755096555	0.7927411163950657	1.2261195709673216	1.1069891627560946	-0.36816681796909045	-0.04463357090064704
VUILD115MA_150_20_15	VUILD115MA	VUILD115	fold_4	macrophage_profibrotic	DISEASE_ADJUSTED	0.714216004422844	1.8641124673285945	1.2781606484417805	1.0642660379969655	0.8386069929300818	0.7446447489274325	1.4076066842580217	1.5571541513424	0.9178981025998117	1.0538251590869723	1.1143815393137746	1.1737332513342946	-0.35005003357412146	-0.045357244222652096
VUILD115MA_150_20_25	VUILD115MA	VUILD115	fold_4	macrophage_profibrotic	DISEASE_ADJUSTED	2.69526510827116	1.8142572272844821	1.7856633766257115	1.9305003134588412	1.1863706741571263	1.355802534044149	0.700540932959431	1.5571330321332422	1.158889609800437	1.3877955249459515	0.982790820830692	1.2389054471466623	0.7647647948123188	-0.04542600334996425
VUILD115MA_150_20_26	VUILD115MA	VUILD115	fold_4	macrophage_profibrotic	DISEASE_ADJUSTED	2.63279600444365	1.8092717032800707	1.9617096986739193	1.882104856448592	1.9319083425879244	1.9915396673972408	1.2253237882191281	1.5571309202123262	2.217931818362253	2.0549270637390706	2.1993124531589947	2.0375779646859873	0.7506911479950578	-0.027793208376261272
VUILD115MA_150_20_27	VUILD115MA	VUILD115	fold_4	macrophage_profibrotic	DISEASE_ADJUSTED	2.15059864905352	1.8042861792756595	1.5512556809289648	1.7020760305522087	1.4415696100087474	1.5548505151498235	0.6604532138747405	1.5571288082914105	1.501879063043433	1.71896403399853	1.3797562109759092	1.6528225326792791	0.44852261850131114	-0.018535735718663945
VUILD115MA_150_21_15	VUILD115MA	VUILD115	fold_4	macrophage_profibrotic	DISEASE_ADJUSTED	0.446078350464636	1.86542199175494	0.5735333212292023	0.5234088484945072	0.8934931056117821	0.5312769813870015	1.1663838965316837	1.5571564866543781	0.5744739652870806	0.6984469427532904	0.963988875619198	1.1218411982669239	-0.07733049802987119	-0.03961431747744339
VUILD115MA_150_21_16	VUILD115MA	VUILD115	fold_4	macrophage_profibrotic	DISEASE_ADJUSTED	0.727592546294815	1.860436467750529	1.1547045504291529	0.9479962634438739	0.8718758556623262	0.7336526464095793	1.355076727231948	1.5571543747334624	0.8633100575233011	0.8808182209936365	1.0652219719770444	1.0750018717393588	-0.22040371714905893	-0.03451424569828874
VUILD115MA_150_21_17	VUILD115MA	VUILD115	fold_4	macrophage_profibrotic	DISEASE_ADJUSTED	0.78364663457027	1.8554509437461177	1.2464104337482833	1.222598624155725	0.7901448050327121	0.7401588215112748	0.9834586327816826	1.5571522628125467	1.1656756367176526	1.0192015773307577	1.254748922364809	1.0945336107146728	-0.438951989585455	-0.03883858264955223
VUILD115MA_150_21_24	VUILD115MA	VUILD115	fold_4	macrophage_profibrotic	DISEASE_ADJUSTED	1.59147104049034	1.820552275715239	1.341888678514615	1.589943676479932	1.0228530732864765	1.1131694216909827	0.4146053801058007	1.5571374793661361	1.3582173094478969	1.2609818857986361	1.258148203872653	1.1930221191703954	0.0015273640104080943	-0.0459375900344758
VUILD115MA_150_21_26	VUILD115MA	VUILD115	fold_4	macrophage_profibrotic	DISEASE_ADJUSTED	1.7393707770493	1.8105812277064164	1.5323526494362263	1.5647119891808141	1.0247414394418455	1.1478682384789056	0.2762277403803912	1.5571332555243045	1.4930121135571626	1.3101044682453238	1.3820234622617074	1.2077669382752383	0.174658787868486	-0.05015552242956915
VUILD115MA_150_21_31	VUILD115MA	VUILD115	fold_4	macrophage_profibrotic	DISEASE_ADJUSTED	1.43390144035516	1.78565360768436	1.3135031347347943	1.2998734898048205	0.9895380456580337	1.0888196016284288	0.12512296503202003	1.5571226959197255	1.1647633243217712	1.0564454898920812	1.0710441875956067	0.9793357461703776	0.13402795055033945	-0.05918196614485427
VUILD115MA_150_21_32	VUILD115MA	VUILD115	fold_4	macrophage_profibrotic	DISEASE_ADJUSTED	1.37188877293078	1.780668083679949	1.3238912030819496	1.4401037304728501	1.3489421735375475	1.4125680457493852	0.3808801421907728	1.5571205839988098	1.3916269143222086	1.4104926534316684	1.3463803858624481	1.3712666311968007	-0.06821495754207008	-0.02861818858976596
VUILD115MA_150_21_33	VUILD115MA	VUILD115	fold_4	macrophage_profibrotic	DISEASE_ADJUSTED	0.87786547789411	1.7756825596755377	1.5729657201176788	1.6796055873481817	1.0960661610149898	1.2270074204425092	0.21917567063996657	1.557118472077894	1.4941542838726334	1.4736776826771363	1.3776292136774462	1.3833448508894266	-0.8017401094540717	-0.02700075637097725
VUILD115MA_150_21_38	VUILD115MA	VUILD115	fold_4	macrophage_profibrotic	DISEASE_ADJUSTED	2.11861357232782	1.7507549396534814	1.9886944514054676	2.0194857945554396	1.4672333055704192	1.5537484833960993	0.9202332371932812	1.557107912473315	1.8709492626942503	1.7115997629255517	1.7884776700768485	1.6584168312386542	0.09912777777238047	-0.042095634860075296
VUILD115MA_150_22_16	VUILD115MA	VUILD115	fold_4	macrophage_profibrotic	DISEASE_ADJUSTED	0.269241198899121	1.8617459921768744	0.8571122563140534	0.9357968226158856	1.2689904019913172	1.0514376789378606	1.5903197004589533	1.5571567100454407	0.9888841206547672	1.093816465143545	1.2609051305240262	1.380181035549448	-0.6665556237167646	-0.01829445471886631
VUILD115MA_150_22_26	VUILD115MA	VUILD115	fold_4	macrophage_profibrotic	DISEASE_ADJUSTED	1.60700357331109	1.811890752132762	1.1597620891592346	1.3206350350006402	1.0833891960964936	1.179959375417691	0.3309858176376559	1.5571355908362827	1.4061137235770655	1.147251483214796	1.3346437932162805	1.0566274113533254	0.2863685383104497	-0.03202493251271069
VUILD115MA_150_22_27	VUILD115MA	VUILD115	fold_4	macrophage_profibrotic	DISEASE_ADJUSTED	1.48234254951344	1.8069052281283509	1.8218367831673214	1.7718661258528534	1.5438281222651073	1.6062185258532775	0.5208055702008609	1.5571334789153668	1.5050479784329998	1.528886926957046	1.4088775208998878	1.491576269027851	-0.2895235763394135	-0.03963965469749689
VUILD115MA_150_22_30	VUILD115MA	VUILD115	fold_4	macrophage_profibrotic	DISEASE_ADJUSTED	1.7840293594519	1.791948656115117	1.7141312296290374	1.7978482757014012	0.9875222966835232	1.150287148019624	0.1133467546252378	1.5571271431526195	1.35174536880576	1.0660180181140968	1.2240583301393761	0.9405288967870019	-0.013818916249501045	-0.05748086982742733
VUILD115MA_150_22_31	VUILD115MA	VUILD115	fold_4	macrophage_profibrotic	DISEASE_ADJUSTED	1.48401312199659	1.7869631321107058	1.5572355876718667	1.4983645066708762	0.8846938887164469	1.0518703628871247	-0.038751332237840774	1.5571250312317038	1.1136392742185175	0.9345502850509677	0.9485551589897553	0.8079919872599872	-0.014351384674286205	-0.05729731539132369
VUILD115MA_150_22_32	VUILD115MA	VUILD115	fold_4	macrophage_profibrotic	DISEASE_ADJUSTED	0.980492017358726	1.7819776081062946	1.382330115563176	1.3750623239477708	0.6405822681092942	0.756181024624152	0.016305862707556074	1.5571229193107878	0.8758694856513255	0.7221040185763145	0.7608970946415233	0.6264899353758224	-0.3945703065890448	-0.07392523814136044
VUILD115MA_150_22_33	VUILD115MA	VUILD115	fold_4	macrophage_profibrotic	DISEASE_ADJUSTED	1.26044589855773	1.7769920841018834	1.4395446388046915	1.3801009760777023	0.9051629308981927	0.9690960081902398	0.28985397132468815	1.5571208073898721	1.3142770554725969	1.051952212138631	1.2641341460717572	1.0187429478388772	-0.11965507751997229	-0.04557152193611399
VUILD115MA_150_22_34	VUILD115MA	VUILD115	fold_4	macrophage_profibrotic	DISEASE_ADJUSTED	1.34016419297802	1.7720065600974721	1.719075780054116	1.7179218729511887	1.4890766814893686	1.5260013082449455	0.6064468056368535	1.5571186954689564	1.3705065077199192	1.4909221150004868	1.2831745946927204	1.4574414657530612	-0.3777576799731688	-0.026114803944336303
VUILD115MA_150_22_35	VUILD115MA	VUILD115	fold_4	macrophage_profibrotic	DISEASE_ADJUSTED	1.06416958046712	1.767021036093061	1.7592485824156046	1.7374304746244567	1.5376700462842219	1.6100746366875034	0.9159703427393073	1.5571165835480405	1.6499517665665395	1.659663415958974	1.565194173623171	1.5883409126790136	-0.6732608941573366	-0.02881142148689806
VUILD115MA_150_22_37	VUILD115MA	VUILD115	fold_4	macrophage_profibrotic	DISEASE_ADJUSTED	1.72748417411511	1.7570499880842383	1.706591202843379	1.7240577424421162	0.7568434095894144	0.8852473535800351	0.2654185620988996	1.557112359706209	1.059743142748345	1.1751619261565573	0.9132123902377913	1.084179895510529	0.003426431672993724	-0.07052482586404671
VUILD115MA_150_22_38	VUILD115MA	VUILD115	fold_4	macrophage_profibrotic	DISEASE_ADJUSTED	1.52815735378794	1.752064464079827	1.5183689115479295	1.6206616003093943	1.194089088514139	1.3093863206123237	0.5504831790001199	1.5571102477852932	1.3105562661428496	1.3951347989446277	1.1992867649919834	1.3226210160656344	-0.09250424652145428	-0.03693467282000085
VUILD115MA_150_23_26	VUILD115MA	VUILD115	fold_4	macrophage_profibrotic	DISEASE_ADJUSTED	1.57233022449759	1.8132002765591078	1.4790548588839532	1.5230388540958453	0.7696507011177304	0.9079915587799418	-0.07927927096263998	1.557137926148261	1.0082157820147941	0.9842181081535448	0.856642259543689	0.8783981251010842	0.049291370401744805	-0.05495305738657757
VUILD115MA_150_23_27	VUILD115MA	VUILD115	fold_4	macrophage_profibrotic	DISEASE_ADJUSTED	2.19368306751613	1.8082147525546965	2.1088292365975456	2.061094252867579	1.2406497799881537	1.3833373364549777	0.2531770865314129	1.557135814227345	1.170307755277146	1.3030330324091017	0.9704745028078283	1.175142743522022	0.132588814648551	-0.04973275450566568
VUILD115MA_150_23_30	VUILD115MA	VUILD115	fold_4	macrophage_profibrotic	DISEASE_ADJUSTED	1.81725232634369	1.7932581805414627	2.009873192825014	1.942801967440074	1.3651643079747247	1.501234706442379	0.45211085353016656	1.5571294784645977	1.6565393498053016	1.503417055117902	1.5123169697971464	1.3881195874198182	-0.1255496410963841	-0.03488782221716835
VUILD115MA_150_23_31	VUILD115MA	VUILD115	fold_4	macrophage_profibrotic	DISEASE_ADJUSTED	1.79623463625432	1.7882726565370515	2.1295903692902747	2.188135791118733	1.9585876243784301	2.1484838172494176	1.16562706185481	1.557127366543682	2.1375171654544816	2.2120522736927724	1.9319915722835128	2.069244594452141	-0.3919011548644131	0.012942565049726023
VUILD115MA_150_23_33	VUILD115MA	VUILD115	fold_4	macrophage_profibrotic	DISEASE_ADJUSTED	0.972411908175755	1.778301608528229	1.316724370073519	1.3553456595409574	0.8179889063643732	0.8555606482383247	0.054638238957110286	1.5571231427018504	1.1377204037047712	0.6431441061271186	1.0884509864880423	0.5753761085135016	-0.38293375136520247	-0.055161534064436656
VUILD115MA_150_23_34	VUILD115MA	VUILD115	fold_4	macrophage_profibrotic	DISEASE_ADJUSTED	1.45685216521922	1.7733160845238178	1.2787490495514284	1.4503096678012406	0.8320480182245679	0.947896303689474	-0.0227909094440657	1.5571210307809347	0.807525429875281	0.7170470527155357	0.6718368538013799	0.6275099377438309	0.006542497417979298	-0.05006799051588306
VUILD115MA_150_23_35	VUILD115MA	VUILD115	fold_4	macrophage_profibrotic	DISEASE_ADJUSTED	2.14294467930005	1.7683305605194066	1.8650636666237952	1.8220461677050948	1.9948491353769904	2.0279026354319676	1.0683410962824402	1.5571189188600187	2.0094323758144745	1.9116914336355835	1.9851139297469493	1.894410999429328	0.3208985115949552	-0.01651443194717611
VUILD115MA_150_23_36	VUILD115MA	VUILD115	fold_4	macrophage_profibrotic	DISEASE_ADJUSTED	2.37759923138022	1.7633450365149954	2.2447070917919625	2.2311726208809937	1.7113490862172136	1.8422507105192214	1.2258299751778616	1.557116806939103	1.941333473726111	1.912443312210004	1.7649478091960076	1.8206048186012276	0.14642661049922623	-0.034272632259889434
VUILD115MA_150_23_37	VUILD115MA	VUILD115	fold_4	macrophage_profibrotic	DISEASE_ADJUSTED	2.95478673346357	1.758359512510584	2.182899057894045	2.1294200632092766	1.6499736688513134	1.7889261087783812	1.0181802751102105	1.5571146950181871	1.8598999927121262	1.903052793098094	1.7028693823844605	1.813863704138113	0.8253666702542932	-0.009329411695940218
VUILD115MA_150_23_38	VUILD115MA	VUILD115	fold_4	macrophage_profibrotic	DISEASE_ADJUSTED	3.12191166566126	1.7533739885061728	2.1245932358832067	2.0896042471520766	2.0385692862507994	2.1126758875215343	1.4346903501608521	1.5571125830972714	2.1108391245590807	2.2319545049330225	2.023712588392367	2.2357049184037683	1.0323074185091836	-0.0024318431306027052
VUILD115MA_150_23_39	VUILD115MA	VUILD115	fold_4	macrophage_profibrotic	DISEASE_ADJUSTED	2.20194843194426	1.7483884645017616	1.315267005788811	1.512325133778752	1.1499157760376084	1.246765197509282	0.5731699223320201	1.5571104711763557	1.3850773143444393	1.363386835357068	1.3212606421366284	1.3133777630268295	0.6896232981655082	-0.040790728420800185
VUILD115MA_150_23_40	VUILD115MA	VUILD115	fold_4	macrophage_profibrotic	DISEASE_ADJUSTED	2.74765465824405	1.7434029404973503	2.287020102847162	2.2009868341219474	1.5258890565769474	1.6862766148856703	1.1094658739744376	1.5571083592554398	1.90873232664232	1.8341083861661105	1.767064459207437	1.7243234275834627	0.5466678241221028	-0.0176054640010044
VUILD115MA_150_23_41	VUILD115MA	VUILD115	fold_4	macrophage_profibrotic	DISEASE_ADJUSTED	1.34019693733992	1.738417416492939	1.7515571614162637	1.8537392491664368	1.359686060332945	1.5061832194099782	1.0517513996639756	1.557106247334524	1.722076902535226	1.8203283503829604	1.5854736849816036	1.695951724071838	-0.5135423118265168	-0.030563220519389298
VUILD115MA_150_24_18	VUILD115MA	VUILD115	fold_4	macrophage_profibrotic	DISEASE_ADJUSTED	1.81148967302745	1.8543939930207434	1.5021621339864515	1.3456211720188316	1.022836707436135	0.9235972196724418	1.3668986479225553	1.5571571568275655	1.2802911019413452	1.1953431498634075	1.4415120795308756	1.3453489884523564	0.4658685010086183	-0.03941712138868935
VUILD115MA_150_24_19	VUILD115MA	VUILD115	fold_4	macrophage_profibrotic	DISEASE_ADJUSTED	2.00703557406265	1.8494084690163322	1.4009294444193714	1.4811888743897066	0.9336439310692163	0.9774191707328952	4.260360438066662	1.5571550449066496	1.2109136526413478	0.996203246748278	1.2317792170917732	0.9853691340577724	0.5258466996729434	-0.023254734273866463
VUILD115MA_150_24_20	VUILD115MA	VUILD115	fold_4	macrophage_profibrotic	DISEASE_ADJUSTED	1.50014907402299	1.844422945011921	1.3209411017494652	1.3786479389997632	1.1205563519744466	1.111226092005691	3.209802538716346	1.5571529329857339	1.5258259035402986	1.1046710656092915	1.6159875897066585	1.1085046469459727	0.12150113502322668	-0.024545280574519813
VUILD115MA_150_24_26	VUILD115MA	VUILD115	fold_4	macrophage_profibrotic	DISEASE_ADJUSTED	1.12068254406686	1.8145098009854532	1.5548018907995602	1.6010613452087592	1.048286692276696	1.160418747539925	0.20589073010730452	1.557140261460239	1.1936711958906305	1.2162307091428863	1.0764087527767936	1.111002875503601	-0.48037880114189924	-0.03725001957993997
VUILD115MA_150_24_27	VUILD115MA	VUILD115	fold_4	macrophage_profibrotic	DISEASE_ADJUSTED	1.61900489435113	1.8095242769810422	1.8034171853878602	1.806859133491798	1.5503462352195019	1.6234234073006197	0.051956966065082044	1.5571381495393233	1.6773227778797708	1.5727438740358564	1.5853841780761235	1.5312036901481978	-0.18785423914066812	-0.021787166437582134
VUILD115MA_150_24_31	VUILD115MA	VUILD115	fold_4	macrophage_profibrotic	DISEASE_ADJUSTED	3.18093648231971	1.7895821809633972	3.6907016834230633	3.7045985702286535	2.1784602730583376	2.4756474411798264	2.087093584910019	1.5571297018556602	2.8013059417250736	2.8259516577887074	2.468400454515139	2.5945386645622097	-0.5236620879089435	0.005891678916073629
VUILD115MA_150_24_33	VUILD115MA	VUILD115	fold_4	macrophage_profibrotic	DISEASE_ADJUSTED	0.87905650632957	1.7796111329545745	1.368671751175786	1.4194096406637728	0.9470585624735357	0.9993085277575369	0.39214474613996364	1.5571254780138286	1.158451876159889	0.8980174133850573	1.1156168756517237	0.8536686141437552	-0.5403531343342028	-0.039705502438732235
VUILD115MA_150_24_35	VUILD115MA	VUILD115	fold_4	macrophage_profibrotic	DISEASE_ADJUSTED	0.947340698099572	1.7696400849457523	1.217318464479267	1.3375981682106954	1.047701178789254	1.1083369043690623	0.7020322211378742	1.557121254171997	1.5041099481713642	1.0080140532147597	1.4560453992583766	0.981477431667088	-0.39025747011112344	-0.03201156685836804
VUILD115MA_150_24_36	VUILD115MA	VUILD115	fold_4	macrophage_profibrotic	DISEASE_ADJUSTED	2.04568534948404	1.764654560941341	1.6561985072735586	1.7167855903951055	1.3024569710525946	1.4303877202735646	0.7065114504033748	1.5571191422510813	1.6629612787640835	1.396948251200213	1.5390980249820134	1.298481494441666	0.32889975908893465	-0.025426428623751905
VUILD115MA_150_24_37	VUILD115MA	VUILD115	fold_4	macrophage_profibrotic	DISEASE_ADJUSTED	1.82814103633177	1.7596690369369297	1.592142280948678	1.6321020979151524	1.0064552593148148	1.1741092036565979	0.7346847783000754	1.5571170303301654	1.3494436580289104	1.166565507519759	1.2120937932942417	1.0338898192109558	0.19603893841661768	-0.04250183104307961
VUILD115MA_150_24_38	VUILD115MA	VUILD115	fold_4	macrophage_profibrotic	DISEASE_ADJUSTED	2.15947730463629	1.7546835129325185	2.0246317317135687	2.0507499656654553	1.9024339871133178	2.022680075093555	1.4346251475257668	1.5571149184092496	2.053414969901805	1.9373050452106404	1.9452132326293663	1.8466521890684124	0.10872733897083453	0.013927684757848629
VUILD115MA_150_24_39	VUILD115MA	VUILD115	fold_4	macrophage_profibrotic	DISEASE_ADJUSTED	1.46754923154704	1.7496979889281072	1.6569935769099167	1.668634826171178	0.8170720205354114	1.0125516910296806	0.5399967950476277	1.5571128064883337	1.2531657003526437	1.1340726277607485	1.0736424641965112	0.9923451404515236	-0.2010855946241381	-0.042808219404904216
VUILD115MA_150_24_41	VUILD115MA	VUILD115	fold_4	macrophage_profibrotic	DISEASE_ADJUSTED	2.20939023196236	1.7397269409192846	1.908632578164479	2.015032805665335	2.048890812858459	2.097510469212786	1.5655508369168323	1.5571085826465023	2.1274122342938426	2.15817642818706	2.086278288666346	2.1439618556607742	0.1943574262970249	-0.00859388463179447
VUILD115MA_150_24_43	VUILD115MA	VUILD115	fold_4	macrophage_profibrotic	DISEASE_ADJUSTED	2.05648320486685	1.7297558929104624	2.2430955998897604	2.316573197083918	2.0211697674521347	2.160558019625715	1.202816404875732	1.5571043588046707	2.141885228382865	2.2910623276160997	1.9809430386088496	2.1438247462701545	-0.26008999221706786	-0.008263810570202151
VUILD115MA_150_25_20	VUILD115MA	VUILD115	fold_4	macrophage_profibrotic	DISEASE_ADJUSTED	1.36756060511928	1.8457324694382666	1.1608194137683912	1.1523514684901075	1.029996022273565	0.9655534422435672	1.2279202825182456	1.5571552682977121	1.2291440218773237	0.9026389514755558	1.397173076399604	0.9946034647705644	0.2152091366291724	-0.03216720856460069
VUILD115MA_150_25_21	VUILD115MA	VUILD115	fold_4	macrophage_profibrotic	DISEASE_ADJUSTED	1.15841093204865	1.8407469454338554	1.0932739381824148	1.2270617848177812	1.1099126571957116	1.049507295892803	0.0296331551631821	1.5571531563767962	1.3292437867902607	1.1625027844453864	1.4227700337198985	1.216164730596986	-0.06865085276913119	-0.027947026954466256
VUILD115MA_150_25_22	VUILD115MA	VUILD115	fold_4	macrophage_profibrotic	DISEASE_ADJUSTED	0.810491766406242	1.835761421429444	1.0801721417593844	1.199756030939607	1.1903892800506979	1.1080509241834946	0.7779919995422993	1.5571510444558805	1.216085175438498	1.1080940047728338	1.3371279103135818	1.2045514119876228	-0.38926426453336493	-0.027645736369747972
VUILD115MA_150_25_26	VUILD115MA	VUILD115	fold_4	macrophage_profibrotic	DISEASE_ADJUSTED	1.43689313799366	1.8158193254117991	1.7545386539544634	1.7889931392978429	1.1096060343448273	1.2546028345178946	0.6101692520531692	1.5571425967722172	1.3028102758200275	1.4904571844739916	1.138337287976572	1.4062966763788993	-0.35210000130418284	-0.034368447985444216
VUILD115MA_150_25_35	VUILD115MA	VUILD115	fold_4	macrophage_profibrotic	DISEASE_ADJUSTED	1.85782949300736	1.770949609372098	1.5547229361344401	1.628996103774814	0.9596761703462813	1.1221067205180009	0.8450985858300718	1.5571235894839752	1.4428568527478791	1.328925291793744	1.287456010706327	1.179283093808973	0.22883338923254604	-0.034499376713000775
VUILD115MA_150_25_37	VUILD115MA	VUILD115	fold_4	macrophage_profibrotic	DISEASE_ADJUSTED	1.40830698658529	1.7609785613632754	1.501797064942603	1.638961751365928	0.973209596944462	1.1458775270421409	0.4677534407584316	1.5571193656421436	1.427182814643515	1.222283128335679	1.2971845540815132	1.0952324161088587	-0.23065476478063807	-0.05506978664656834
VUILD115MA_150_25_38	VUILD115MA	VUILD115	fold_4	macrophage_profibrotic	DISEASE_ADJUSTED	1.73929145403016	1.7559930373588641	1.8120941424748769	1.8727364054205629	1.202877966316671	1.3256589700233432	0.9395586434910843	1.557117253721228	1.7883603594947843	1.4876298304763484	1.6973316853630143	1.3777194646690567	-0.1334449513904028	-0.03311348087197661
VUILD115MA_150_25_40	VUILD115MA	VUILD115	fold_4	macrophage_profibrotic	DISEASE_ADJUSTED	2.69335413981255	1.7460219893500417	2.3468079183255086	2.362812483251645	1.94158381206052	2.05086730026163	1.1867541028325963	1.5571130298793963	2.0622685108170464	2.2981875742702766	1.9550635021852758	2.2603682709476396	0.33054165656090495	-0.028440306383013626
VUILD115MA_150_25_41	VUILD115MA	VUILD115	fold_4	macrophage_profibrotic	DISEASE_ADJUSTED	1.995863463347	1.7410364653456303	1.8236351364617822	1.8181742918430213	0.9600561732455462	1.1186511049846155	0.8726516270933394	1.5571109179584803	1.3801727781765936	1.2570987946449983	1.240610517753126	1.1398684225700462	0.17768917150397878	-0.04395715912152517
VUILD115MA_150_26_18	VUILD115MA	VUILD115	fold_4	macrophage_profibrotic	DISEASE_ADJUSTED	0.533076982113404	1.8570130418734347	0.473160385317688	0.444577237206667	1.2616460199107837	0.8541423399440028	1.4865459339326403	1.5571618274515218	0.8998391924896197	0.9656338436046202	1.382963938258252	1.429702853596518	0.08849974490673707	-0.00485126932087501
VUILD115MA_150_26_26	VUILD115MA	VUILD115	fold_4	macrophage_profibrotic	DISEASE_ADJUSTED	1.23461542129317	1.8171288498381446	1.9616279262241745	1.9694567577996354	1.4848601490863278	1.5745268320861838	0.7609024555143693	1.5571449320841955	1.7178085662461402	1.614659800899285	1.6179066023559026	1.555309979782506	-0.7348413365064654	-0.025757374200447533
VUILD115MA_150_26_35	VUILD115MA	VUILD115	fold_4	macrophage_profibrotic	DISEASE_ADJUSTED	1.66938469865407	1.7722591337984435	1.5455271369052896	1.6429327006128582	1.2884975929773157	1.4164962552155433	0.47835801533293054	1.5571259247959535	1.5556554950476473	1.1292875896370036	1.4389620314296658	0.9809703873598739	0.026451998041211677	-0.02623196414540678
VUILD115MA_150_26_36	VUILD115MA	VUILD115	fold_4	macrophage_profibrotic	DISEASE_ADJUSTED	2.34864552094485	1.7672736097940323	2.81140669480742	2.7576278654468496	2.635009738573702	2.7603382900060156	1.9962941492427637	1.5571238128750375	2.709446493781816	2.9345251279828157	2.574493790233339	2.8515555820695493	-0.4089823445019998	0.004590586511462569
VUILD115MA_150_26_37	VUILD115MA	VUILD115	fold_4	macrophage_profibrotic	DISEASE_ADJUSTED	2.03201108263789	1.762288085789621	1.9555182145358043	1.9687258954155196	1.5368723477218749	1.718047484059496	1.1312678697679581	1.5571217009541218	1.6329928800359759	1.6772918764756926	1.4478648448185465	1.5089446290213242	0.06328518722237053	-0.0016356845700125303
VUILD115MA_150_26_38	VUILD115MA	VUILD115	fold_4	macrophage_profibrotic	DISEASE_ADJUSTED	1.89944029844926	1.7573025617852098	1.997868372599898	1.9167792107267734	1.5125027528269552	1.6629874654819081	1.19127278843436	1.557119589033206	1.9105493319863394	1.9623811856251658	1.7856256831711668	1.8604434968873502	-0.017338912277513385	-0.0029781974211508556
VUILD115MA_150_26_39	VUILD115MA	VUILD115	fold_4	macrophage_profibrotic	DISEASE_ADJUSTED	2.37481418954405	1.7523170377807986	1.8031660351753331	1.9696083685935215	1.6297056452681686	1.7186870678964852	1.10143596779267	1.5571174771122902	1.9632046924344606	1.8379148942181849	1.8956928685583847	1.7528181402331366	0.4052058209505285	-0.031160589174108452
VUILD115MA_150_27_22	VUILD115MA	VUILD115	fold_4	macrophage_profibrotic	DISEASE_ADJUSTED	0.967227912745832	1.8383804702821354	1.1677142062307029	1.0450469181941	1.073677110439669	0.9375570246586891	1.0912531194120354	1.557155715079837	1.1197811619486517	1.0458966639823433	1.3251826457886722	1.208499919639199	-0.07781900544826803	-0.025401274887068545
VUILD115MA_150_27_35	VUILD115MA	VUILD115	fold_4	macrophage_profibrotic	DISEASE_ADJUSTED	1.57534597918389	1.7735686582247892	1.6129352270767752	1.6987205575926212	1.0690537209911728	1.2075149250452075	0.4779494723990132	1.5571282601079315	1.2747103954040324	1.2640714221380136	1.1355974891324252	1.1612590768038966	-0.12337457840873123	-0.030029408547165043
VUILD115MA_150_27_37	VUILD115MA	VUILD115	fold_4	macrophage_profibrotic	DISEASE_ADJUSTED	2.52989758011844	1.7635976102159665	1.994475780356309	2.1078570469496314	1.7385286189851548	1.8991132537611988	1.300523627145595	1.5571240362661	1.80208335556269	1.8469849452665392	1.6351489974854787	1.7304778688362221	0.42204053316880863	0.013110444872763147
VUILD115MA_150_27_38	VUILD115MA	VUILD115	fold_4	macrophage_profibrotic	DISEASE_ADJUSTED	2.44805139429114	1.7586120862115553	2.372681660563646	2.407784325834332	1.7988540404382944	1.9383810029693422	1.3157440585534483	1.5571219243451841	2.159207708613767	2.2518839410916196	2.0083109754652146	2.1624567691939816	0.040267068456808275	-0.024745131265486674
VUILD115MA_150_28_31	VUILD115MA	VUILD115	fold_4	macrophage_profibrotic	DISEASE_ADJUSTED	1.37560038449501	1.7948202786687797	1.720454505282645	1.9343157924181074	1.3237911194796963	1.4909160863367052	0.4896461031321817	1.557139043103573	1.425068923241719	1.3137261545627676	1.2544548507996143	1.1409754090973283	-0.5587154079230974	-0.018940951013110864
VUILD115MA_150_28_33	VUILD115MA	VUILD115	fold_4	macrophage_profibrotic	DISEASE_ADJUSTED	3.00762492537431	1.7848492306599573	2.8201511249478157	2.8185426848267428	2.0336076174212865	2.2256780851098577	0.8765787779428689	1.5571348192617414	2.3212238104443674	2.2970033671924313	2.1375441442868253	2.1570958455574587	0.18908224054756717	0.003180891241818794
VUILD115MA_150_28_36	VUILD115MA	VUILD115	fold_4	macrophage_profibrotic	DISEASE_ADJUSTED	1.26898436058148	1.7698926586467236	1.8287757915040745	1.922469488980306	1.106693129560317	1.2789376097502758	0.8680469753802326	1.557128483498994	1.7116354675997454	1.4355520941920066	1.5643570860493516	1.2986538949045798	-0.6534851283988261	-0.035612892467284496
VUILD115MA_150_28_37	VUILD115MA	VUILD115	fold_4	macrophage_profibrotic	DISEASE_ADJUSTED	2.31319266472242	1.7649071346423122	1.8540702792012715	1.770396515807998	1.6614259531454647	1.777549704903039	1.194697965190127	1.557126371578078	1.814660179924899	1.7598334128649151	1.6885369547224152	1.656927264293295	0.5427961489144222	-0.020713314323724752
VUILD115MA_150_28_39	VUILD115MA	VUILD115	fold_4	macrophage_profibrotic	DISEASE_ADJUSTED	2.13489533371557	1.7549360866334898	1.6309323854408309	1.7465905924931013	1.5953243011230593	1.6458361270802402	1.0025672139604769	1.5571221477362467	1.7554305067676341	1.8425568160417858	1.7071020598523763	1.8222182086321896	0.3883047412224687	-0.020962183014801412
VUILD115MA_150_29_37	VUILD115MA	VUILD115	fold_4	macrophage_profibrotic	DISEASE_ADJUSTED	3.21476626571648	1.7662166590686579	2.336201374427772	2.40181085381357	2.069341204680554	2.2014705694708754	0.9155712697730372	1.5571287068900563	2.1080755303646055	2.225461636500539	1.9768164459491668	2.135432044177967	0.8129554119029101	-0.002010070465903846
VUILD115MA_150_29_40	VUILD115MA	VUILD115	fold_4	macrophage_profibrotic	DISEASE_ADJUSTED	2.72678294936265	1.7512600870554242	2.308138559120683	2.3320772809548185	1.7187547446019094	1.8613867507707094	1.1832865693326378	1.557122371127309	1.9705510267942894	2.1144406167952523	1.8191057641787276	2.016418665568663	0.3947056684078314	-0.020783545442985177
VUILD115MA_150_29_41	VUILD115MA	VUILD115	fold_4	macrophage_profibrotic	DISEASE_ADJUSTED	1.63337432229184	1.7462745630510128	1.547389406805116	1.6712827836916937	1.6883920883381487	1.7703073182581366	0.9861148666539192	1.5571202592063933	1.6414533392053716	1.7497106180775521	1.529254945542515	1.6905624426984482	-0.03790846139985371	0.003600920282015344
VUILD115MA_150_30_33	VUILD115MA	VUILD115	fold_4	macrophage_profibrotic	DISEASE_ADJUSTED	2.10979521558896	1.7874682795126484	1.514093068867113	1.3832299044843266	1.2495663262502563	1.2912772546752946	0.7160565158987434	1.5571394898856978	1.4805316079063864	1.3586107417626823	1.4709420730357172	1.3552974203406625	0.7265653111046335	-0.01955968524673988
VUILD115MA_150_30_34	VUILD115MA	VUILD115	fold_4	macrophage_profibrotic	DISEASE_ADJUSTED	2.46375350199527	1.7824827555082372	2.013731719243865	2.005424838097964	1.919195895529682	1.993499373785677	1.1630100217903458	1.557137377964782	2.012070318597492	2.0819828140393364	1.9322845079440663	2.0534364883108536	0.45832866389730587	-0.012843060224243596
VUILD115MA_150_31_31	VUILD115MA	VUILD115	fold_4	macrophage_profibrotic	DISEASE_ADJUSTED	1.26626036342698	1.7987488519478168	1.1603773542053333	1.2793236471188454	1.0837260828535658	1.1659111844986818	0.3330504731121815	1.5571460490395075	1.2401208120536105	1.0642625338204634	1.1966057203966904	1.01008546712167	-0.01306328369186538	-0.032127303283524866
VUILD115MA_150_31_32	VUILD115MA	VUILD115	fold_4	macrophage_profibrotic	DISEASE_ADJUSTED	1.57013849519139	1.7937633279434055	1.1606375612192439	1.1712940013442101	0.9583467121090792	1.0379632219219608	0.2702976426855561	1.5571439371185918	1.2491324825882424	0.8770551702598283	1.1891115188887291	0.7956723918886418	0.3988444938471798	-0.039834826569317736
VUILD115MA_150_31_33	VUILD115MA	VUILD115	fold_4	macrophage_profibrotic	DISEASE_ADJUSTED	1.84086669139644	1.788777803938994	1.217756104776642	1.3436035211229431	1.0347404945336844	1.1420126190694855	0.012320611767385525	1.5571418251976759	1.364508471326365	1.1686461352057764	1.232257365115236	1.0717979226562049	0.49726317027349687	-0.042668312862917564
VUILD115MA_150_31_34	VUILD115MA	VUILD115	fold_4	macrophage_profibrotic	DISEASE_ADJUSTED	1.73211165400118	1.783792279934583	1.5703061696938756	1.593822188375982	1.69722782710704	1.7762163065040395	0.7830624936031672	1.5571397132767602	1.8434289157366288	1.754699992762487	1.763686629729454	1.730936495733398	0.13828946562519806	-0.0036086840529440094
VUILD115MA_150_31_35	VUILD115MA	VUILD115	fold_4	macrophage_profibrotic	DISEASE_ADJUSTED	1.91760878019834	1.7788067559301717	1.8613719536002233	1.9532152361319388	1.4717091012912396	1.5924231320012276	0.9821486740182818	1.5571376013558444	1.6678797969883397	1.7993652287618704	1.5665934050506587	1.7220260499729159	-0.0356064559335989	-0.0026569849306076285
VUILD115MA_150_32_31	VUILD115MA	VUILD115	fold_4	macrophage_profibrotic	DISEASE_ADJUSTED	2.47244956146329	1.8000583763741624	1.612659664772061	1.5904930298227262	0.8849762815639785	1.040428518040239	0.19501714115614988	1.5571483843514857	1.2878956568093236	0.8933504977326477	1.1541483225573306	0.7214010034624276	0.881956531640564	-0.03808556019467908
VUILD115MA_150_32_32	VUILD115MA	VUILD115	fold_4	macrophage_profibrotic	DISEASE_ADJUSTED	1.7158129696473	1.7950728523697512	1.6019964206203954	1.624658125084253	1.5250083051008725	1.6218136015992886	0.724847876847027	1.55714627243057	1.6493955463998213	1.4151309591498045	1.5511057112043514	1.3200061123221491	0.09115484456304701	0.0006752250441286554
VUILD115MA_150_32_33	VUILD115MA	VUILD115	fold_4	macrophage_profibrotic	DISEASE_ADJUSTED	2.8470269990312	1.7900873283653398	2.5070480214957946	2.2518386942623083	1.732972153096119	1.9050518803562226	0.9885644710860276	1.557144160509654	2.0943902552534226	2.022629310661255	1.9375023791250632	1.911587895388731	0.5951883047688917	-0.009256070928716257
VUILD115MA_150_32_34	VUILD115MA	VUILD115	fold_4	macrophage_profibrotic	DISEASE_ADJUSTED	2.38729768853229	1.7851018043609286	2.023654065500425	2.0012465473470065	1.4326778521523358	1.5891887564776455	0.7705614471481796	1.5571420485887384	1.6987113522816812	1.6695414049535258	1.5099624623294021	1.5585062860587107	0.3860511411852836	-0.019466510151858216
VUILD115MA_150_32_36	VUILD115MA	VUILD115	fold_4	macrophage_profibrotic	DISEASE_ADJUSTED	2.06335511465102	1.7751307563521062	2.5755661527647202	2.6473531446901175	2.3635357294687633	2.4567704377281965	1.7978757009019894	1.5571378247469068	2.485886720898468	2.6047849249740858	2.4230112717052426	2.6040652138588927	-0.5839980300390977	0.003333276684966373
VUILD115MA_150_33_32	VUILD115MA	VUILD115	fold_4	macrophage_profibrotic	DISEASE_ADJUSTED	1.74690219639025	1.796382376796097	1.3517517207189267	1.4145967861539095	1.0903847327254064	1.1592865840291415	0.16563928147034845	1.557148607742548	1.3412140805051775	1.1791792347810588	1.2778431351387574	1.1233394009383437	0.3323054102363405	-0.029255838917012937
VUILD115MA_150_33_33	VUILD115MA	VUILD115	fold_4	macrophage_profibrotic	DISEASE_ADJUSTED	2.04521894519035	1.7913968527916855	1.8612527798705834	1.7679277084001603	1.584639842216751	1.6565219377301936	1.180829726190134	1.5571464958216323	2.0924850115202887	1.8482271445121854	2.076020888751096	1.8459179737873213	0.27729123679018985	-0.0012362216857221085
VUILD115MA_150_33_34	VUILD115MA	VUILD115	fold_4	macrophage_profibrotic	DISEASE_ADJUSTED	1.75275721257662	1.7864113287872743	1.770223956608734	1.7967120981716542	1.3524361187733134	1.482801657000461	0.5800953771610645	1.5571443839007166	1.622124454883299	1.3526986431973622	1.5199595000598494	1.2397935840196581	-0.04395488559503424	-0.013490971303367011
VUILD115MA_150_33_35	VUILD115MA	VUILD115	fold_4	macrophage_profibrotic	DISEASE_ADJUSTED	1.50438698783343	1.781425804782863	1.524403003600892	1.6017696502668308	1.526517105340197	1.544977339289828	0.7179025774703294	1.5571422719798007	1.5956581237266751	1.6486296958884619	1.5873184385764467	1.6597638280457718	-0.09738266243340088	-0.005371065344569251
VUILD115MA_150_34_32	VUILD115MA	VUILD115	fold_4	macrophage_profibrotic	DISEASE_ADJUSTED	1.5121271367588	1.7976919012224426	1.2851564345831774	1.2882577071067012	1.1320656205455466	1.2197057165454754	0.19650953287704143	1.5571509430545263	1.4615664439995057	1.0557993431912958	1.420083332053086	0.9812276828294144	0.22386942965209888	-0.010979530915225142
VUILD115MA_150_34_33	VUILD115MA	VUILD115	fold_4	macrophage_profibrotic	DISEASE_ADJUSTED	1.59761733803827	1.7927063772180312	1.2159739186748144	1.2485702861062193	1.0890503948579402	1.1417254634953824	0.2549814080378765	1.5571488311336106	1.2856172679646631	1.139007272473889	1.2505439994455823	1.0863239687565578	0.34904705193205077	-0.025961161612705994
VUILD115MA_150_34_34	VUILD115MA	VUILD115	fold_4	macrophage_profibrotic	DISEASE_ADJUSTED	1.61857431638252	1.78772085321362	1.3995060339277963	1.582146348554829	1.2307792741870514	1.3259778998001293	0.36280154863395486	1.5571467192126947	1.5255774591100641	1.3649437819533337	1.4441315842979532	1.2973443377907143	0.036427967827690866	-0.011446499635952406
VUILD115MA_150_34_35	VUILD115MA	VUILD115	fold_4	macrophage_profibrotic	DISEASE_ADJUSTED	1.62714109171443	1.7827353292092087	2.0509922697126703	1.967943307314385	1.7119993467755052	1.8159472279055238	0.7541713412656569	1.557144607291779	1.718734769571043	1.8384322679059908	1.6269327315180864	1.7977296449077818	-0.34080221559995505	0.0011850678493598842
VUILD115MA_150_35_33	VUILD115MA	VUILD115	fold_4	macrophage_profibrotic	DISEASE_ADJUSTED	1.8884679990615	1.7940159016443769	1.330402458825921	1.5949736443149483	1.1155873883602812	1.2061546940278254	-0.009179553387496764	1.5571511664455888	1.4448523913199582	1.165965181969797	1.3766713514857467	1.1034241831964517	0.29349435474655183	-0.019928622948982958
VUILD115MA_150_3_28	VUILD115MA	VUILD115	fold_4	macrophage_profibrotic	DISEASE_ADJUSTED	1.63551054107324	1.7770387400233723	1.380543489952131	1.402664065451242	1.0017484836829125	1.0716285684216376	0.6432349879528337	1.5570869960668654	1.2602350475779391	1.021188214528106	1.1496267280459185	0.930428643225373	0.23284647562199812	-0.038687756145486946
VUILD115MA_150_4_28	VUILD115MA	VUILD115	fold_4	macrophage_profibrotic	DISEASE_ADJUSTED	1.07918478869687	1.778348264449718	1.1326243576206392	1.203144302848942	0.6728276910774182	0.7528746879843771	0.6290876171793236	1.5570893313788434	0.9669754519912948	0.8422989430108592	0.9130010206989007	0.7638983175828661	-0.12395951415207196	-0.050094517814734625
VUILD115MA_150_4_31	VUILD115MA	VUILD115	fold_4	macrophage_profibrotic	DISEASE_ADJUSTED	2.75841609364962	1.763391692436484	2.2231972486344334	2.16493096233876	2.038533541154726	2.124409670587983	1.5842964933199475	1.557082995616096	2.094822681337027	2.28272782819967	1.9816829162320546	2.209002997448353	0.5934851313108602	0.023294817836207037
VUILD115MA_150_5_25	VUILD115MA	VUILD115	fold_4	macrophage_profibrotic	DISEASE_ADJUSTED	1.31983211314439	1.7946143608892973	1.3849876750149246	1.4831867223712891	0.959198907838853	1.0456758142367915	0.7625615358882032	1.557098002453569	1.306221844117592	1.1503909581897167	1.2397723219359607	1.089456005077637	-0.16335460922689915	-0.058439330966223106
VUILD115MA_150_5_27	VUILD115MA	VUILD115	fold_4	macrophage_profibrotic	DISEASE_ADJUSTED	1.05733018035962	1.7846433128804746	1.4065886234649279	1.5540496158159995	1.4755172353167219	1.500914508580661	0.8757708498947475	1.5570937786117376	1.700250962566696	1.476662134099787	1.6886380927225324	1.436982564648189	-0.49671943545637953	-0.021781702893387746
VUILD115MA_150_5_28	VUILD115MA	VUILD115	fold_4	macrophage_profibrotic	DISEASE_ADJUSTED	0.909389900483441	1.7796577888760636	1.334537198237281	1.3741824095376918	0.7747347620150964	0.9149420515229141	0.560204405257091	1.5570916666908217	1.033086054989305	0.9256092437967317	0.8848130259265845	0.7893929878022072	-0.46479250905425074	-0.04737119701695703
VUILD115MA_150_5_29	VUILD115MA	VUILD115	fold_4	macrophage_profibrotic	DISEASE_ADJUSTED	1.51944262766509	1.7746722648716524	1.7935652962328386	1.7786479981287062	1.747727326087703	1.846397601191938	1.0540577525499808	1.557089554769906	1.9072201002208145	1.8135140167873103	1.8317715378648431	1.7236253460182651	-0.25920537046361614	0.01819032550554854
VUILD115MA_150_5_32	VUILD115MA	VUILD115	fold_4	macrophage_profibrotic	DISEASE_ADJUSTED	2.91964135821155	1.7597156928584186	3.2525976089786606	3.1518200293073058	2.976508633453676	3.0172139102111313	2.938144515757696	1.5570832190071586	2.84744305760545	3.2236417974428626	2.735720883409026	3.1692575781661025	-0.23217867109575563	0.009806451295996456
VUILD115MA_150_5_34	VUILD115MA	VUILD115	fold_4	macrophage_profibrotic	DISEASE_ADJUSTED	2.8305724722362	1.749744644849596	3.4883310708738544	3.470737830363513	2.6565212716149267	2.884941237984054	2.1559235085233577	1.557078995165327	2.6284594626862985	2.8685503334585554	2.3419664957721027	2.6418519407050804	-0.6401653581273128	0.010090699163767527
VUILD115MA_150_6_25	VUILD115MA	VUILD115	fold_4	macrophage_profibrotic	DISEASE_ADJUSTED	1.30073518712976	1.795923885315643	1.1841971745869424	1.38248390502405	0.8220722228517612	0.9282305712315226	0.915982778539301	1.5571003377655472	1.0262946240827033	1.0573720436386367	0.9521887281915359	1.0395948694931958	-0.08174871789428995	-0.0693774395997424
VUILD115MA_150_6_26	VUILD115MA	VUILD115	fold_4	macrophage_profibrotic	DISEASE_ADJUSTED	1.46124326860899	1.7909383613112315	1.569048035279006	1.4726141119496172	1.1340377201796774	1.2062333825672558	1.2792224874562619	1.5570982258446315	1.4273103364258966	1.056849835771093	1.3688117245810834	1.0015496129170147	-0.011370843340627212	-0.05481055866236285
VUILD115MA_150_6_31	VUILD115MA	VUILD115	fold_4	macrophage_profibrotic	DISEASE_ADJUSTED	2.38248707421244	1.7660107412891755	1.7310650716607672	1.8279965881492541	1.32811193356474	1.4461904444098461	1.2573962723039598	1.5570876662400526	1.9402032210610307	1.7787314160679848	1.8821801303590528	1.712454632176938	0.5544904860631859	-0.015639742733834505
VUILD115MA_150_7_13	VUILD115MA	VUILD115	fold_4	macrophage_profibrotic	DISEASE_ADJUSTED	1.70495449217114	1.8570596977949236	1.7207037060678927	1.8540217194273678	1.3310545920779913	1.3853050199199495	0.34521448657077736	1.557128016128515	1.2763153557449538	1.4053659457610563	1.1913385105525913	1.3652874656251575	-0.1490672272562279	-0.04988441558679652
VUILD115MA_150_7_25	VUILD115MA	VUILD115	fold_4	macrophage_profibrotic	DISEASE_ADJUSTED	1.2664829889891	1.7972334097419886	1.46478107876985	1.348216229766627	0.8296097563765477	0.9178297050744374	0.8306961613815641	1.5571026730775255	1.073473101304812	1.003457984839502	0.9997497553173215	0.9381224383875205	-0.08173324077752686	-0.062091529101108704
VUILD115MA_150_7_26	VUILD115MA	VUILD115	fold_4	macrophage_profibrotic	DISEASE_ADJUSTED	1.55508414596244	1.7922478857375772	1.2971291524440076	1.4457611917071995	1.3861291241366438	1.4374416049447187	1.079678216712864	1.5571005611566098	1.3989508243910858	1.2005903687760415	1.3512786374218744	1.1642313978180217	0.10932295425524052	-0.050559245758586155
VUILD115MA_150_7_29	VUILD115MA	VUILD115	fold_4	macrophage_profibrotic	DISEASE_ADJUSTED	2.49998317820337	1.7772913137243436	3.5816005283922174	3.4404449773566212	1.926976996547521	2.18873392915727	1.222802350413545	1.5570942253938624	2.0434850605202897	2.2110714905001743	1.7374715798656342	1.9192092755158796	-0.9404617991532511	-0.03277804534521614
VUILD115MA_150_7_30	VUILD115MA	VUILD115	fold_4	macrophage_profibrotic	DISEASE_ADJUSTED	2.24606229302645	1.7723057897199324	3.1122581785809955	3.044358861291784	2.6528806157422387	2.7931894855044272	1.6402577101647475	1.5570921134729465	2.6380082713628994	2.472895834269539	2.4362608532587022	2.2706366900596544	-0.798296568265334	-0.005884924039376922
VUILD115MA_150_7_31	VUILD115MA	VUILD115	fold_4	macrophage_profibrotic	DISEASE_ADJUSTED	1.9124784385962	1.7673202657155211	1.6937778596717914	1.6948022201121309	1.3247619002153659	1.3797391815524966	0.961261594380594	1.5570900015520308	1.6637201557983494	1.670659641967458	1.6063073368775995	1.6097228876895053	0.21767621848406904	-0.01660382431977989
VUILD115MA_150_7_33	VUILD115MA	VUILD115	fold_4	macrophage_profibrotic	DISEASE_ADJUSTED	2.27467813335276	1.7573492177066985	1.7050321538237379	1.6702622706452623	1.397785554268612	1.497850250802767	1.1085210444353537	1.5570857777101992	1.6510561278848117	1.7137085643424022	1.5795716948042435	1.6773727870817587	0.6044158627074978	-0.011075689890534224
VUILD115MA_150_7_34	VUILD115MA	VUILD115	fold_4	macrophage_profibrotic	DISEASE_ADJUSTED	1.65557425245153	1.7523636937022873	1.6906231407462924	1.7321569062686983	1.4561065121047834	1.4968172535237094	0.9740484019700708	1.5570836657892835	1.8940671481234386	1.7057150969631945	1.8822339338775695	1.6808816058111662	-0.07658265381716833	-0.02934764384524978
VUILD115MA_150_7_35	VUILD115MA	VUILD115	fold_4	macrophage_profibrotic	DISEASE_ADJUSTED	1.99054680340589	1.747378169697876	1.5920822284921856	1.6815864034049495	1.2592950228680506	1.3514902139702099	0.909410355078387	1.5570815538683676	1.6135516477197713	1.625289131001547	1.5435355949037397	1.5634808885942282	0.3089604000009405	-0.027681482758397068
VUILD115MA_150_7_36	VUILD115MA	VUILD115	fold_4	macrophage_profibrotic	DISEASE_ADJUSTED	1.75307922015327	1.7423926456934649	1.8811727817373856	1.8186902438976298	1.9628230807917335	1.9907686870601875	2.1038809561779903	1.5570794419474518	2.076121450737598	2.068948314802608	2.1035430208129036	2.011931151686168	-0.0656110237443599	0.00197822640947648
VUILD115MA_150_8_18	VUILD115MA	VUILD115	fold_4	macrophage_profibrotic	DISEASE_ADJUSTED	1.37009495447696	1.833441602199213	1.4139208589700099	1.3421518211052568	1.2861307000540907	1.2688242348304126	0.6618886910316368	1.5571197918359143	1.4461952484243865	0.984573123572426	1.4576404011926687	0.9876598199240013	0.027943133371703288	-0.0371920171283067
VUILD115MA_150_8_19	VUILD115MA	VUILD115	fold_4	macrophage_profibrotic	DISEASE_ADJUSTED	2.30894744296839	1.8284560781948016	1.7161997460022003	1.6302498685971991	1.5277810374585452	1.5702049919176935	1.0545036225738094	1.5571176799149984	1.583688338245887	1.7200823338270166	1.5568556450314714	1.7297632833772607	0.6786975743711907	-0.037777000455429754
VUILD115MA_150_8_20	VUILD115MA	VUILD115	fold_4	macrophage_profibrotic	DISEASE_ADJUSTED	1.46059946512117	1.8234705541903904	1.4519879215175153	1.4717278515317747	1.4024925702571436	1.4608118717285983	1.2898000386330999	1.5571155679940827	1.6566334468621353	1.515631413949977	1.6181146981138075	1.5136903570542644	-0.011128386410604652	-0.0427882299601472
VUILD115MA_150_8_21	VUILD115MA	VUILD115	fold_4	macrophage_profibrotic	DISEASE_ADJUSTED	1.78448458247388	1.8184850301859792	1.3406287757135364	1.463564377037581	0.9957750813888622	1.096030666213746	0.6189127819184688	1.5571134560731668	1.341662076529759	1.1452523976050673	1.2815461381019242	1.070150562379915	0.32092020543629896	-0.044359338159100155
VUILD115MA_150_8_26	VUILD115MA	VUILD115	fold_4	macrophage_profibrotic	DISEASE_ADJUSTED	1.49764164408002	1.793557410163923	1.2586438219565481	1.262456963584041	0.8376458947713082	0.9146929024653238	0.9995454901998012	1.557102896468588	1.2632379642770344	0.8894334908392757	1.2489347489361105	0.8731692640117947	0.23518468049597896	-0.0659913855434471
VUILD115MA_150_8_27	VUILD115MA	VUILD115	fold_4	macrophage_profibrotic	DISEASE_ADJUSTED	1.06479867591166	1.7885718861595117	1.234915989634355	1.3846147179270507	0.9801396305841511	1.1003552844720437	0.9170355936642204	1.557100784547672	1.3636764665467953	1.0316030083373564	1.2843172098758744	0.9722577458041659	-0.3198160420153906	-0.04553174589394046
VUILD115MA_150_8_29	VUILD115MA	VUILD115	fold_4	macrophage_profibrotic	DISEASE_ADJUSTED	2.67061829805279	1.7786008381506893	3.299538372291707	3.3281659667454337	2.482592163874242	2.6469766246293034	1.8904063515808138	1.5570965607058405	2.341148618876826	2.4907911708562422	2.104782790184469	2.291534630614994	-0.6575476686926436	-0.02114121966893992
VUILD115MA_150_8_32	VUILD115MA	VUILD115	fold_4	macrophage_profibrotic	DISEASE_ADJUSTED	2.05920932052044	1.7636442661374556	1.559324116715119	1.6537800955727429	1.5630597038285858	1.599760989477494	1.307009236396904	1.5570902249430931	1.8195008265846897	1.8288544193633962	1.814852750934507	1.837032747087027	0.4054292249476972	-0.01841812877625849
VUILD115MA_150_8_33	VUILD115MA	VUILD115	fold_4	macrophage_profibrotic	DISEASE_ADJUSTED	2.66094319909789	1.7586587421330442	2.3835011821096543	2.259447966956981	2.4869846332318417	2.528174602320937	1.8255174174051576	1.5570881130221774	2.5550780061923537	2.567068571122065	2.5404685427154434	2.5695146292830664	0.4014952321409089	0.022652866977149064
VUILD115MA_150_8_34	VUILD115MA	VUILD115	fold_4	macrophage_profibrotic	DISEASE_ADJUSTED	2.04551585698196	1.753673218128633	1.5558472916694615	1.5051798920765056	1.5476919350980083	1.610780417614837	1.0107548074757413	1.5570860011012615	1.655802607799396	1.6998759788792053	1.6052507123584212	1.6677863000965376	0.5403359649054544	-0.017030054029517416
VUILD115MA_150_8_35	VUILD115MA	VUILD115	fold_4	macrophage_profibrotic	DISEASE_ADJUSTED	2.12576912269812	1.7486876941242218	1.4951851822071174	1.6752405162254551	0.8818866458228392	1.0101535265920671	0.8868013042405354	1.5570838891803458	0.9150576365887192	1.0657599840752934	0.7788422291990034	0.9554948419414817	0.450528606472665	-0.04636697861299894
VUILD115MA_150_8_38	VUILD115MA	VUILD115	fold_4	macrophage_profibrotic	DISEASE_ADJUSTED	1.71705510848929	1.733731122110988	1.421790271274271	1.6295553707560675	0.9796291029557062	1.0491455881652465	1.2070100690630163	1.5570775534175985	1.2981992527336004	1.2524027638791213	1.2162459098599336	1.1567036540110882	0.0874997377332225	-0.05621884492223444
VUILD115MA_150_9_17	VUILD115MA	VUILD115	fold_4	macrophage_profibrotic	DISEASE_ADJUSTED	1.17409034319553	1.83973665062997	1.4591913054241352	1.3570757400395894	1.2566993043321761	1.239768436542628	0.7649801593990171	1.5571242390688083	1.3174521953726377	1.2024981125378946	1.3603546962184276	1.22392696988051	-0.18298539684405934	-0.03548294857065314
VUILD115MA_150_9_18	VUILD115MA	VUILD115	fold_4	macrophage_profibrotic	DISEASE_ADJUSTED	1.82353188749135	1.8347511266255587	1.4752768523939546	1.4831701114997093	1.5584693727321002	1.5410872830339977	0.7715942243672188	1.5571221271478923	1.738391962354429	1.536049514440788	1.7439242070384728	1.5644456750679405	0.34036177599164064	-0.03292991480047293
VUILD115MA_150_9_19	VUILD115MA	VUILD115	fold_4	macrophage_profibrotic	DISEASE_ADJUSTED	2.704916018308	1.8297656026211473	2.2863801928559964	2.1695723033276852	1.8267793429757584	1.9156394100715055	1.4905468056213171	1.5571200152269766	1.9802185363501783	2.016038120280873	1.8796999145934927	1.9563624659385814	0.5353437149803146	-0.024954394356922645
VUILD115MA_150_9_20	VUILD115MA	VUILD115	fold_4	macrophage_profibrotic	DISEASE_ADJUSTED	2.42938638451777	1.824780078616736	2.151478187457842	1.9971520556361577	2.3080191382321655	2.37298148107682	1.5796710545971266	1.557117903306061	2.199834558039118	2.3984347699340955	2.1316382812939256	2.377186215659003	0.4322343288816124	0.0018069437851701026
VUILD115MA_150_9_21	VUILD115MA	VUILD115	fold_4	macrophage_profibrotic	DISEASE_ADJUSTED	2.9574693161226	1.8197945546123249	2.24619230450506	2.2287596472902687	2.093613632673875	2.1819559109030484	1.3354757805388675	1.557115791385145	2.217542751854023	2.2958624764911084	2.154830599082437	2.2405868463859204	0.7287096688323311	-0.011261016466409542
VUILD115MA_150_9_26	VUILD115MA	VUILD115	fold_4	macrophage_profibrotic	DISEASE_ADJUSTED	1.55927430223542	1.7948669345902686	1.251040987168235	1.4086465668876766	1.0241097159812966	1.0828057097977069	0.7986714148967136	1.557105231780566	1.2413841300703723	0.8284088929697346	1.1955492896771842	0.7928404143507836	0.15062773534774343	-0.0553749367211985
VUILD115MA_150_9_27	VUILD115MA	VUILD115	fold_4	macrophage_profibrotic	DISEASE_ADJUSTED	1.24555918271305	1.7898814105858574	1.5373142272411164	1.4571428476286121	1.1669094792336259	1.2289895123391696	0.9361525204017241	1.5571031198596503	1.4110196607360046	1.2005142194154732	1.344893779129508	1.1897224724844073	-0.21158366491556202	-0.03266682560088942
VUILD115MA_150_9_28	VUILD115MA	VUILD115	fold_4	macrophage_profibrotic	DISEASE_ADJUSTED	2.57769895162773	1.7848958865814462	2.2265172092091534	2.1856400110022967	2.0660729213509175	2.1607506217075128	1.7451924559634429	1.5571010079387346	1.785998054604105	1.9128795400815657	1.6556994726205843	1.8242827880305368	0.39205894062543356	-0.02240750455552453
VUILD115MA_150_9_35	VUILD115MA	VUILD115	fold_4	macrophage_profibrotic	DISEASE_ADJUSTED	1.94746142264651	1.7499972185505674	1.8124599205562784	1.7746692864834928	1.4125701465995686	1.5401272195195521	1.2128596110039105	1.557086224492324	1.5061603414579041	1.726086189284993	1.3501750316401357	1.634657151299924	0.17279213616301714	-0.012638243222751856
VUILD115MA_150_9_36	VUILD115MA	VUILD115	fold_4	macrophage_profibrotic	DISEASE_ADJUSTED	1.10434858562806	1.7450116945461562	1.8628094860643403	1.9323834777895939	1.378865269398413	1.4814858286079804	1.0979120576503183	1.557084112571408	1.480489470991189	1.6731838937257555	1.3517949005119057	1.5917962011217701	-0.8280348921615339	-0.04320779961680375
VUILD115MA_150_9_37	VUILD115MA	VUILD115	fold_4	macrophage_profibrotic	DISEASE_ADJUSTED	3.13932971714612	1.7400261705417448	2.7902892440816967	2.8412261687524762	2.843882798170549	2.9849740578070234	2.4812264563473443	1.5570820006504924	2.636062821936732	3.04518599726962	2.452168132067693	2.8827538599752973	0.2981035483936436	0.026495218806080308
VUILD115MA_150_9_38	VUILD115MA	VUILD115	fold_4	macrophage_profibrotic	DISEASE_ADJUSTED	1.31884328377344	1.7350406465373336	1.741597427788617	1.6059766649308482	1.2124990968397467	1.276830410127436	1.2156376494700303	1.5570798887295767	1.3248263119555366	1.4985455888797512	1.2641842975078759	1.4485019739660456	-0.28713338115740816	-0.04528078247980994
VUILD115MA_150_9_39	VUILD115MA	VUILD115	fold_4	macrophage_profibrotic	DISEASE_ADJUSTED	1.76928049719161	1.7300551225329224	1.9491957232248134	2.106388453731843	1.5171363225391992	1.6249709067764115	1.5235555387733015	1.5570777768086608	1.759986355036149	1.8625219549351164	1.63755289557324	1.738798834035499	-0.33710795654023307	-0.01455303103634746
