region_id	sample_id	donor_id	fold	target	analysis_stratum	observed	M0_pred	M1_pred	M2_pred	M3_pred	M4_pred	color_pred	coordinate_pred	grayscale_pred	macenko_pred	M3_grayscale_pred	M3_macenko_pred	heldout_base_residual	morphology_predicted_residual
VUHD069_150_0_13	VUHD069	VUHD069	fold_3	macrophage_profibrotic	DISEASE_ADJUSTED	1.17532629008678	1.0765453568478114	1.07527067006151	1.1194450585723859	1.148662527565957	1.2777473870986331	1.302122321507851	1.5582533123211837	1.5135715392995872	1.42858541123049	1.3837096013537242	1.403966868865876	0.05588123151439417	0.12166432635943789
VUHD069_150_10_10	VUHD069	VUHD069	fold_3	macrophage_profibrotic	DISEASE_ADJUSTED	0.871120893179092	1.1564122995181618	1.0472769101345438	1.0180535217713316	1.1473209882490587	1.1362063034615253	1.368399331237077	1.5582977228801536	1.2186086986824127	1.0162642901829284	1.3004612267734375	1.0387505157769228	-0.14693262859223954	0.10810656153640666
VUHD069_150_10_14	VUHD069	VUHD069	fold_3	macrophage_profibrotic	DISEASE_ADJUSTED	1.38091430062428	1.2143032891536767	1.1561938013707616	1.1048608390070145	1.3860211720463465	1.4626852106972776	1.2693760380004626	1.558307794864311	1.48818849875408	1.409145774268974	1.4052875349562817	1.4084630845063468	0.2760534616172654	0.1629236088851304
VUHD069_150_10_2	VUHD069	VUHD069	fold_3	macrophage_profibrotic	DISEASE_ADJUSTED	0.968060431318833	1.040630320247132	1.141500333430063	1.1088830379792707	0.8281838696321004	0.8611207669819524	0.9655305052120285	1.558277578911839	1.1728632913758483	1.0597504056009384	1.145868190707354	1.1424576822437227	-0.14082260666043767	0.025102045670674786
VUHD069_150_11_10	VUHD069	VUHD069	fold_3	macrophage_profibrotic	DISEASE_ADJUSTED	0.754884012144496	1.1687408180078604	0.9613634425981642	0.9170971767627161	0.819359326003302	0.7902046001924317	1.287453778085085	1.5583029193348623	1.0360438149532674	0.8013029323275546	1.1013335836444669	0.8800859931979063	-0.1622131646182201	0.04191303095592533
VUHD069_150_11_13	VUHD069	VUHD069	fold_3	macrophage_profibrotic	DISEASE_ADJUSTED	1.36099522138739	1.2121590602344967	1.0112744183321771	0.9561572859909621	1.5120942932631731	1.4168569810590899	1.5404937865062727	1.5583104733229802	1.2522277309053726	1.3949699855113302	1.5653212957676192	1.4715129647395555	0.4048379353964279	0.15700476248994463
VUHD069_150_11_2	VUHD069	VUHD069	fold_3	macrophage_profibrotic	DISEASE_ADJUSTED	0.811626162190864	1.052958838736831	1.061341454279612	1.0709595406922618	0.7652632640758145	0.801563805225722	1.0463809202836218	1.5582827753665478	1.083514116747436	0.9779982731300069	1.1552121980300722	0.9641913447172511	-0.2593333785013978	0.00020093271707553179
VUHD069_150_11_7	VUHD069	VUHD069	fold_3	macrophage_profibrotic	DISEASE_ADJUSTED	0.890649403846045	1.1253225757812244	1.116358584481601	1.1346418681335386	1.0671649112805845	1.1581070028189462	1.8151271886870464	1.5582953653467444	1.0349984257931943	1.5979736224145766	1.1699209153748176	1.5893306708095003	-0.24399246428749366	0.04594006240778793
VUHD069_150_11_9	VUHD069	VUHD069	fold_3	macrophage_profibrotic	DISEASE_ADJUSTED	1.20923770699873	1.1542680705989818	1.2408276276424697	1.1801827125948015	1.4805346296178077	1.480506990511431	1.5346877624551984	1.558300401338823	1.4318047697661305	1.4732556774912773	1.4823317924883004	1.5292474946311554	0.029054994403928447	0.15306076073021568
VUHD069_150_12_10	VUHD069	VUHD069	fold_3	macrophage_profibrotic	DISEASE_ADJUSTED	0.748407586112108	1.181069336497559	0.7393639958164413	0.7614986106358865	0.6423348069354772	0.5575750802132906	1.3656939165906032	1.558308115789571	0.9498834141511417	0.8847787651565354	1.197656992198677	1.054937142811795	-0.013091024523778527	0.038237364375478214
VUHD069_150_12_2	VUHD069	VUHD069	fold_3	macrophage_profibrotic	DISEASE_ADJUSTED	0.881166755310486	1.0652873572265293	1.1678565130044558	1.2462798122506222	1.094538668503107	1.1644218458286728	1.1078824616371725	1.5582879718212568	1.3398678969543416	1.237535023318175	1.2876101489784673	1.2008463343868203	-0.3651130569401362	0.05048429052926065
VUHD069_150_12_6	VUHD069	VUHD069	fold_3	macrophage_profibrotic	DISEASE_ADJUSTED	0.659777907892945	1.1231783468620442	1.0072495968943802	0.9689072595321315	0.9528173406329405	0.9203252738329873	1.1363030938477667	1.558298043805414	0.8910037849848934	0.8995812051933173	1.0242722556989512	0.9871357709251474	-0.30912935163918653	0.06498595717450026
VUHD069_150_13_5	VUHD069	VUHD069	fold_3	macrophage_profibrotic	DISEASE_ADJUSTED	1.00143726387024	1.1210341179428642	1.2467059547577821	1.1372579028136687	1.3597368219632453	1.246296811555613	1.7401467465911393	1.5583007222640834	1.1986224849814702	1.3019583733136582	1.4193852590374616	1.481130564237135	-0.13582063894342866	0.15632163127390616
VUHD069_150_13_6	VUHD069	VUHD069	fold_3	macrophage_profibrotic	DISEASE_ADJUSTED	0.561354820139812	1.135506865351743	0.5407562462843005	0.6582688568509761	0.972107688919967	0.754099950639322	1.1321407387874325	1.5583032402601227	0.665920390165238	0.7730382466222595	1.0690621672766527	1.0174053882985734	-0.09691403671116416	-0.022026507592078755
VUHD069_150_14_10	VUHD069	VUHD069	fold_3	macrophage_profibrotic	DISEASE_ADJUSTED	1.07071385836998	1.2057263734769563	0.9358824002789521	0.9355118239298019	0.7333937425865834	0.7478484449846111	1.3304819494856202	1.5583185086989888	0.8858388987647499	0.7697247420790606	0.9219947499542775	0.8603319343684686	0.1352020344401781	0.06770715248601487
VUHD069_150_14_4	VUHD069	VUHD069	fold_3	macrophage_profibrotic	DISEASE_ADJUSTED	0.52941787546516	1.1188898890236842	1.007005387238372	1.0244209743548724	0.8887622951369308	0.7952640214681329	1.0347864647292413	1.5583034007227528	0.7541852593964966	0.8809049957969712	0.9270123106341224	0.9987426211496301	-0.4950030988897125	0.02115352740564454
VUHD069_150_16_12	VUHD069	VUHD069	fold_3	macrophage_profibrotic	DISEASE_ADJUSTED	0.486851563044466	1.259328905274111	0.6227508287208151	0.7726315572112634	1.0322694895086633	0.9757706733187674	1.3018877883395619	1.5583339376004848	0.7090246779626185	1.1742528721679353	1.0206013848544697	1.3124851984862986	-0.28577999416679745	0.07426354430669782
VUHD069_150_16_6	VUHD069	VUHD069	fold_3	macrophage_profibrotic	DISEASE_ADJUSTED	0.533120975531877	1.172492420820839	0.8086325931769656	0.8019331698332062	0.9024875887900616	0.8729523147102403	1.1323257276272063	1.558318829624249	0.6510038450769248	0.9546510279588016	0.8349398044793455	1.054584997824015	-0.2688121943013292	0.12521768992714724
VUHD069_150_16_8	VUHD069	VUHD069	fold_3	macrophage_profibrotic	DISEASE_ADJUSTED	1.01899128292321	1.2014379156385964	1.1216348823879085	1.0908963067419528	1.183270869490695	1.2485421735739088	1.5418794313827426	1.5583238656163276	1.360420818569268	1.4244266067341766	1.5049449084382651	1.4892732056551061	-0.07190502381874286	0.195453816154412
VUHD069_150_18_10	VUHD069	VUHD069	fold_3	macrophage_profibrotic	DISEASE_ADJUSTED	1.1136805339633	1.2550404474357508	0.8034450984676229	0.8010455829080048	0.8141715376892822	0.7580820646680151	1.4282095454241062	1.5583392945178238	0.9932150645280545	0.9851058466499409	1.1856811023162446	1.1296584183343834	0.31263495105529526	0.016831016266885542
VUHD069_150_18_13	VUHD069	VUHD069	fold_3	macrophage_profibrotic	DISEASE_ADJUSTED	0.915050498200275	1.2984586896623869	0.829676682692409	0.9074864490925819	1.3078593060534782	1.2897428190197644	1.3433099399939774	1.5583468485059417	0.9143155630829304	1.2471597460804225	1.1740126868202232	1.2667685740933152	0.007564049107693038	0.22307958923943147
VUHD069_150_1_12	VUHD069	VUHD069	fold_3	macrophage_profibrotic	DISEASE_ADJUSTED	1.0002848648724	1.0744011279286312	1.071523136901585	1.1135265959092138	1.471214460773978	1.4996209004230283	1.1680805944507973	1.5582559907798532	1.293526294404708	1.4414570691670434	1.3435417504574552	1.472709483638181	-0.11324173103681368	0.136068421445229
VUHD069_150_2_11	VUHD069	VUHD069	fold_3	macrophage_profibrotic	DISEASE_ADJUSTED	1.08926313545734	1.0722568990094512	1.2462720925898099	1.2833497285085755	0.9714285740415305	1.1280643336819935	1.1437363018496933	1.5582586692385227	1.3006703022433632	1.1755481489752666	0.9856890381562813	0.9950539116796708	-0.19408659305123543	0.033267429793922484
VUHD069_150_2_12	VUHD069	VUHD069	fold_3	macrophage_profibrotic	DISEASE_ADJUSTED	1.31840073896379	1.08672964641833	1.0180913741381907	0.9827731927595194	0.7640624663734149	0.8672846808323751	1.1208969487119953	1.558261187234562	0.8940477431471034	0.9340459196459975	0.8460537090659599	0.8798080212527668	0.3356275462042706	-0.012050653038676726
VUHD069_150_2_13	VUHD069	VUHD069	fold_3	macrophage_profibrotic	DISEASE_ADJUSTED	1.07286104022097	1.1012023938272086	1.184629113512646	1.1380903751676774	0.8993972176061626	0.9824380266539517	0.987977221087207	1.5582637052306014	0.8150620064943304	0.9675471287933767	0.7090198853457802	0.9451571573708671	-0.06522933494670746	-0.010302187712337142
VUHD069_150_2_8	VUHD069	VUHD069	fold_3	macrophage_profibrotic	DISEASE_ADJUSTED	1.31599512893915	1.0288386567828152	1.314830811826114	1.211725189153264	1.1579095292445303	1.2999535787392342	1.0160073559934848	1.5582511152504048	1.1374161356629886	1.223637814250353	0.9774546790530744	1.14464787435188	0.10426993978588595	-0.021557253829732916
VUHD069_150_2_9	VUHD069	VUHD069	fold_3	macrophage_profibrotic	DISEASE_ADJUSTED	1.19578183774739	1.043311404191694	1.1510117290908866	1.219358227291067	1.0964781009591191	1.1877814566520546	0.8740693194924246	1.558253633246444	1.1850926576566954	1.0859576532965005	1.0967621204104427	1.024193435016631	-0.023576389543676912	0.058157621241161
VUHD069_150_3_6	VUHD069	VUHD069	fold_3	macrophage_profibrotic	DISEASE_ADJUSTED	0.936462666526453	1.0122216804547564	1.1252120020934082	1.2040175288557962	1.184902006029081	1.2597209060380217	1.142539393993445	1.558251275713035	0.9860355686792441	1.4787944564787594	1.0789688612797512	1.459659386001753	-0.2675548623293431	-0.022720317116432718
VUHD069_150_3_8	VUHD069	VUHD069	fold_3	macrophage_profibrotic	DISEASE_ADJUSTED	1.52761916561941	1.0411671752725136	1.141145339452255	1.2647085139711969	1.126575039681384	1.282727600165892	0.9533648136982795	1.5582563117051136	1.461329384073179	1.3409149667441818	1.3099285191036907	1.2538009861399402	0.26291065164821315	0.05989742346270378
VUHD069_150_3_9	VUHD069	VUHD069	fold_3	macrophage_profibrotic	DISEASE_ADJUSTED	1.45653653301452	1.0556399226813924	1.1783413867102968	1.1374874597149507	1.2030399793265998	1.2219361827431952	1.153961529307435	1.5582588297011528	1.1320670728918216	1.0468790787684892	1.1545450037614888	1.0446628997816672	0.3190490732995692	-0.02786230780602265
VUHD069_150_4_5	VUHD069	VUHD069	fold_3	macrophage_profibrotic	DISEASE_ADJUSTED	0.650221577925785	1.0100774515355764	1.0487224487799485	1.0895826775948734	1.0677125675890928	1.1306044470977274	1.1651039714466729	1.5582539541717044	1.2441331114944758	1.1432261036553746	1.2966072739671475	1.1430854478239092	-0.4393610996690883	0.019984918180772995
VUHD069_150_4_6	VUHD069	VUHD069	fold_3	macrophage_profibrotic	DISEASE_ADJUSTED	0.817582413322617	1.0245501989444552	1.562401362940914	1.5003077617274059	1.24141805545436	1.3902966777686092	1.2183724034117935	1.5582564721677437	1.6048307316658017	1.3998079137473851	1.2574262914625578	1.2342546636439145	-0.6827253484047888	0.028666832106840578
VUHD069_150_4_7	VUHD069	VUHD069	fold_3	macrophage_profibrotic	DISEASE_ADJUSTED	1.08659479231034	1.0390229463533336	1.074684774062702	1.1344168637872156	1.5130955655548164	1.4636652613009562	1.425308558723556	1.558258990163783	1.268340674126768	1.441989989821542	1.4014753107921663	1.5130744120370212	-0.04782207147687556	0.08948896944312479
VUHD069_150_4_9	VUHD069	VUHD069	fold_3	macrophage_profibrotic	DISEASE_ADJUSTED	1.12119198023102	1.0679684411710912	1.0694065282006069	1.1497429455470156	0.8360186018044429	0.9428979895118691	1.049141210317008	1.5582640261558616	1.2162602723212694	1.0834079479000533	1.1641468195832205	0.9862271411178324	-0.028550965315995658	-0.030974085640294875
VUHD069_150_5_6	VUHD069	VUHD069	fold_3	macrophage_profibrotic	DISEASE_ADJUSTED	1.09376476977919	1.0368787174341538	0.9621574631054942	1.0497459327744219	0.828471497322359	0.8491490440984136	0.9449447852164067	1.5582616686224524	0.8396152287949067	0.7845132388478036	0.8450196926216428	0.8109148859737954	0.04401883700476805	0.014917944344419835
VUHD069_150_5_7	VUHD069	VUHD069	fold_3	macrophage_profibrotic	DISEASE_ADJUSTED	1.2034416635707	1.0513514648430324	0.7993421123993242	0.8620119519760707	0.9265186510954975	0.9153965147239536	0.9211562696380875	1.5582641866184919	0.7342589192641548	1.0582716982939906	0.8340609411229621	1.1528063224398337	0.3414297115946292	0.005079910562853916
VUHD069_150_5_9	VUHD069	VUHD069	fold_3	macrophage_profibrotic	DISEASE_ADJUSTED	0.834160863376032	1.0802969596607899	1.0945136781398686	1.0457783372725884	0.80465866490659	0.9112144420873233	0.6767814796046242	1.5582692226105703	1.0626652667429393	0.9160421829114894	0.9672610447880748	0.8441143581627095	-0.21161747389655639	-0.061788155570784736
VUHD069_150_6_7	VUHD069	VUHD069	fold_3	macrophage_profibrotic	DISEASE_ADJUSTED	0.901960163161325	1.0636799833327308	1.0514519153527364	1.0684789533195247	0.9271963144321385	0.9304873156910406	0.9933941978444847	1.5582693830732006	0.8182753815677323	0.804572701466898	0.8128997358704898	0.7932739377452771	-0.1665187901581997	0.022968883995846828
VUHD069_150_7_3	VUHD069	VUHD069	fold_3	macrophage_profibrotic	DISEASE_ADJUSTED	0.841034590434685	1.0181175121869148	1.1575291718863658	1.1349474461190003	0.8883587998796163	0.9995367919843617	1.0279026263977833	1.558264507543752	1.2600334120608587	1.128917182050364	1.2528289419982006	1.1370613843629298	-0.29391285568431536	0.0003671112764956977
VUHD069_150_7_8	VUHD069	VUHD069	fold_3	macrophage_profibrotic	DISEASE_ADJUSTED	0.708589104219113	1.0904812492313085	0.8945726188025833	0.9446434468508115	1.011345387126263	1.0564696156637288	1.3256469693390707	1.5582770975239486	0.7988414330260547	0.9918004194898958	0.9621691154278429	0.9668393340709063	-0.23605434263169844	0.1312892051770155
VUHD069_150_9_10	VUHD069	VUHD069	fold_3	macrophage_profibrotic	DISEASE_ADJUSTED	0.88764399767608	1.144083781028463	1.1138227059527959	1.082883745358537	1.2184037523143776	1.2229481288207198	1.343341597890293	1.5582925264254448	1.3664290758146407	1.4295021801582484	1.370470561701803	1.4689220180460043	-0.1952397476824569	0.08561413542375049
VUHD069_150_9_3	VUHD069	VUHD069	fold_3	macrophage_profibrotic	DISEASE_ADJUSTED	0.821300486812058	1.042774549166312	0.9416866549573211	0.9361110262251232	1.0102250411904372	0.9802058004933694	1.344497480712301	1.5582749004531697	0.8668984572184399	1.054714152819789	0.9624809047249716	1.117277222348916	-0.11481053941306518	0.02586972929825136
VUHD069_150_9_4	VUHD069	VUHD069	fold_3	macrophage_profibrotic	DISEASE_ADJUSTED	0.575058272859779	1.057247296575191	1.3906532326663064	1.3406397844045244	0.8222376408486569	0.950768779622849	1.3744747974999025	1.558277418449209	1.2900969231485133	1.0342257460368276	1.068629007395283	0.9597526253477975	-0.7655815115447454	-0.02149487836731788
VUHD069_150_9_7	VUHD069	VUHD069	fold_3	macrophage_profibrotic	DISEASE_ADJUSTED	0.721958963371138	1.100665538801827	0.9018432250414129	0.9557109192294079	0.9839982042014721	0.9623655633799247	1.024776925626352	1.5582849724373269	0.8491971193978147	0.9435946780351059	0.9930308915490261	1.023552070199684	-0.2337519558582699	0.03209588628388947
VUILD106MA_150_0_21	VUILD106MA	VUILD106	fold_3	macrophage_profibrotic	DISEASE_ADJUSTED	1.86202827022796	1.6258300726601391	1.4085218521974228	1.5118019821423248	1.1095735162985987	1.030450587605097	1.4641449071010715	1.5582908261777622	1.0091642430699697	1.1539158476346496	1.2475095766633235	1.1483519046175759	0.3502262880856353	-0.3284080325530263
VUILD106MA_150_0_22	VUILD106MA	VUILD106	fold_3	macrophage_profibrotic	DISEASE_ADJUSTED	2.7323492950476	1.6330988532669102	1.493471264865371	1.4825814888899442	1.2455308479125737	1.204226285109813	1.7918453513878279	1.558292570310904	1.3486588654050438	1.1755880753123373	1.2589973804280519	1.192878865421096	1.2497678061576556	-0.2906492490654422
VUILD106MA_150_10_35	VUILD106MA	VUILD106	fold_3	macrophage_profibrotic	DISEASE_ADJUSTED	1.71721482274511	1.7895864508860018	1.2964124873414598	1.3293925008890881	1.5784875602432158	1.4780771094526826	1.707311041899751	1.558350208554106	1.2054548483674759	1.2440034315147066	1.3510695425427586	1.3163084696202378	0.38782232185602195	-0.13010912272452493
VUILD106MA_150_11_35	VUILD106MA	VUILD106	fold_3	macrophage_profibrotic	DISEASE_ADJUSTED	1.77066863558788	1.7957857958591086	1.5091150687159312	1.477885599686388	1.7449931837414758	1.5863389740290164	1.8101894629757957	1.5583537050053418	1.7128490877725426	1.520313414262219	1.8471822698114273	1.6574885357614715	0.292783035901492	-0.18062004026007925
VUILD106MA_150_12_36	VUILD106MA	VUILD106	fold_3	macrophage_profibrotic	DISEASE_ADJUSTED	2.21150121730644	1.8092539214389864	1.6766597465608102	1.699420886308253	2.014535187196484	1.8061351549145315	1.9295791744271156	1.5583589455897193	2.000701587577628	1.6599421829394483	2.1415679352027563	1.7896960352601532	0.5120803309981872	-0.1362507852533363
VUILD106MA_150_12_37	VUILD106MA	VUILD106	fold_3	macrophage_profibrotic	DISEASE_ADJUSTED	2.36110009247478	1.8165227020457575	2.108478903467642	2.0479621841866376	1.9982948890140437	1.9541908073385492	1.8792970513218277	1.5583606897228612	2.317700497259048	2.072556299733086	2.2816118685830924	2.106243385932874	0.31313790828814225	-0.10409026320284079
VUILD106MA_150_12_38	VUILD106MA	VUILD106	fold_3	macrophage_profibrotic	DISEASE_ADJUSTED	1.3658685670176	1.8237914826525283	1.438068913208368	1.3409317715834133	1.2715778460042606	1.2245454527027881	1.698112767555473	1.5583624338560034	1.181768341864586	1.2163432623013923	1.2919701159984884	1.2299560378609236	0.02493679543418681	-0.2527487475632035
VUILD106MA_150_12_41	VUILD106MA	VUILD106	fold_3	macrophage_profibrotic	DISEASE_ADJUSTED	1.77415387591194	1.8455978244728415	1.8301074845586234	1.9223034895764914	1.3371821937747579	1.3459805764340125	1.853464253632521	1.5583676662554293	1.5778367621548974	1.1454409970034252	1.5495706502803865	1.1200780995590927	-0.14814961366455148	-0.13988073766178885
VUILD106MA_150_13_33	VUILD106MA	VUILD106	fold_3	macrophage_profibrotic	DISEASE_ADJUSTED	2.03854700259749	1.79364692459178	1.636710472406446	1.5405700057739495	2.086522058794939	1.9235457362766546	1.8769536773636277	1.5583572096415288	2.024141246998258	1.9720883798710278	2.2778316466541613	2.1526168273784556	0.4979769968235406	0.014312717856889888
VUILD106MA_150_13_35	VUILD106MA	VUILD106	fold_3	macrophage_profibrotic	DISEASE_ADJUSTED	1.64241836977816	1.8081844858053222	1.5886602930957425	1.4941242417274716	1.2573070167449891	1.1768550924249626	1.866269873525894	1.5583606979078128	1.2754165115867222	1.1927300523353241	1.5002427901155069	1.3283781082029176	0.14829412805068842	-0.27183168244044703
VUILD106MA_150_13_36	VUILD106MA	VUILD106	fold_3	macrophage_profibrotic	DISEASE_ADJUSTED	2.28049874442886	1.815453266412093	1.4586454547703656	1.5128799252283234	1.6454354564777711	1.5513276001459058	1.8317897230753923	1.5583624420409548	1.315458837419668	1.5952973752266257	1.5865787126224762	1.7089390082135867	0.7676188192005367	-0.3029714691277013
VUILD106MA_150_13_38	VUILD106MA	VUILD106	fold_3	macrophage_profibrotic	DISEASE_ADJUSTED	1.8228471427222	1.8299908276256351	1.532468219053517	1.5218660719757167	0.9411448949006251	0.9671872862107646	1.571344128944565	1.5583659303072388	1.0927176013074096	0.8989869993309741	1.1021993687134521	0.8964422094050223	0.3009810707464833	-0.3978876869719926
VUILD106MA_150_13_39	VUILD106MA	VUILD106	fold_3	macrophage_profibrotic	DISEASE_ADJUSTED	2.42089522352014	1.8372596082324062	1.6211664349436972	1.5320908239615536	1.5258153074568688	1.4864987163503809	1.7747782130226226	1.558367674440381	1.5037936624141206	1.5579425554271977	1.4470657017313657	1.6064733525782204	0.8888043995585864	-0.19155084664782615
VUILD106MA_150_14_15	VUILD106MA	VUILD106	fold_3	macrophage_profibrotic	DISEASE_ADJUSTED	2.60200408086743	1.669008218643009	2.075843128585498	2.00644015452926	1.6923860985469394	1.7201489599067725	1.9117528949329776	1.5583293116962083	2.1222030447049676	1.8697921279747853	2.0578024260322287	1.9137778000028944	0.59556392633817	-0.09432681720869235
VUILD106MA_150_14_16	VUILD106MA	VUILD106	fold_3	macrophage_profibrotic	DISEASE_ADJUSTED	2.33571338724485	1.6762769992497801	1.7314680014419115	1.7239273737830723	1.9714321207540102	1.9670811413935763	1.7817929247851043	1.5583310558293504	2.141558868347534	1.8337435006893346	2.217924763468288	1.8269722374081345	0.6117860134617779	-0.033458867410558396
VUILD106MA_150_14_18	VUILD106MA	VUILD106	fold_3	macrophage_profibrotic	DISEASE_ADJUSTED	2.88740871043211	1.690814560463322	3.3004816944768036	3.0690972741968547	2.7680251884939207	2.8333310410617525	1.7793746150820011	1.5583345440956344	3.423418431685816	2.5671264013019996	3.039730759741146	2.5150629120055186	-0.18168856376474496	-0.029987133725513173
VUILD106MA_150_14_20	VUILD106MA	VUILD106	fold_3	macrophage_profibrotic	DISEASE_ADJUSTED	1.40959445080719	1.7053521216768641	1.3355966482355364	1.40507801706969	1.765151019859341	1.6190716843111403	1.597576100764186	1.5583380323619183	1.9158953356803345	1.2021520527089569	1.9722247867718572	1.249229125268344	0.004516433737500103	-0.1417254195363047
VUILD106MA_150_14_33	VUILD106MA	VUILD106	fold_3	macrophage_profibrotic	DISEASE_ADJUSTED	1.82831687460954	1.7998462695648871	1.6329240782012313	1.5710586934705728	1.9709157579625103	1.826324485829952	1.7795897159834633	1.5583607060927644	2.087978412558463	1.6734221327237968	2.1873032616293098	1.765787248156188	0.25725818113896715	-0.11561242967343441
VUILD106MA_150_14_36	VUILD106MA	VUILD106	fold_3	macrophage_profibrotic	DISEASE_ADJUSTED	2.62388759924973	1.8216526113852	2.159390187388623	1.9853597865407515	2.1015005500544284	2.059879505911014	2.0144847828233545	1.5583659384921904	2.2393766344806663	1.7321814780357623	2.380202988055007	1.7380992975406908	0.6385278127089786	-0.024683857632681043
VUILD106MA_150_14_37	VUILD106MA	VUILD106	fold_3	macrophage_profibrotic	DISEASE_ADJUSTED	1.20652485902329	1.8289213919919711	1.4636893979828247	1.530000646203473	1.7254815019987144	1.6205988557268838	1.553956495290542	1.5583676826253325	1.6962794351665638	1.5246247111352487	1.8873898175725308	1.6197406196400217	-0.323475787180183	-0.14165312276617653
VUILD106MA_150_15_15	VUILD106MA	VUILD106	fold_3	macrophage_profibrotic	DISEASE_ADJUSTED	2.15740309737357	1.675207563616116	1.974491492001368	1.9663614855543425	1.6541250442990683	1.6360687763422792	1.687320267589075	1.558332808147444	2.078444635760737	1.60862513382903	2.024241885262664	1.5890154079224028	0.19104161181922752	-0.16278636661940335
VUILD106MA_150_15_16	VUILD106MA	VUILD106	fold_3	macrophage_profibrotic	DISEASE_ADJUSTED	3.21893330614619	1.6824763442228867	2.4833436163120286	2.4647880249430156	2.1251851933275	2.111750859364178	1.7262375550636098	1.558334552280586	2.9661832958973458	1.8869810603176425	2.948790412235372	1.8234299198299246	0.7541452812031744	-0.05007327183406979
VUILD106MA_150_15_23	VUILD106MA	VUILD106	fold_3	macrophage_profibrotic	DISEASE_ADJUSTED	1.94234157556121	1.7333578084702839	1.8131386541721313	1.7870516027000904	1.943262384399057	1.9203869573053833	1.7797413035984797	1.5583467612125799	2.188174926479106	1.822797210433125	2.0983451829086888	1.8466637209457875	0.15528997286111945	-0.0033807740990393527
VUILD106MA_150_15_24	VUILD106MA	VUILD106	fold_3	macrophage_profibrotic	DISEASE_ADJUSTED	2.07186999070512	1.740626589077055	1.6446028861251882	1.6357144199407663	1.7666191744986965	1.7135759774767445	1.7738383148000658	1.558348505345722	1.876394868349288	1.5572291319224567	1.8801472510169341	1.6414604032087847	0.43615557076435385	-0.16564862476570905
VUILD106MA_150_15_27	VUILD106MA	VUILD106	fold_3	macrophage_profibrotic	DISEASE_ADJUSTED	1.77287246633768	1.7624329308973679	1.3366483364915842	1.439945375630141	1.3438375561368499	1.2156042205812625	1.6789904631083905	1.558353737745148	0.9592717621171656	1.1649842935650068	1.02234274513157	1.2185317604069752	0.332927090707539	-0.2615901556696942
VUILD106MA_150_15_33	VUILD106MA	VUILD106	fold_3	macrophage_profibrotic	DISEASE_ADJUSTED	2.50619288377886	1.806045614537994	1.9677720600160293	1.9199059321553331	2.0675799639602657	2.007531233299488	1.7362393654486654	1.558364202544	2.2664654434414224	1.8196057291829952	2.2537989120210957	1.8596943320787223	0.5862869516235267	-0.0845300778989127
VUILD106MA_150_15_37	VUILD106MA	VUILD106	fold_3	macrophage_profibrotic	DISEASE_ADJUSTED	1.87336163571269	1.835120736965078	1.2920326408454426	1.2465850594831815	1.548141068829804	1.375997224200884	1.599236962021094	1.558371179076568	1.6186392622798023	1.2639043585376233	1.8279119185619699	1.4364940018832537	0.6267765762295086	-0.09499103064962906
VUILD106MA_150_16_25	VUILD106MA	VUILD106	fold_3	macrophage_profibrotic	DISEASE_ADJUSTED	0.547474809272328	1.7540947146569326	1.0580829964929128	1.0899052475581736	1.3728890966619083	1.069994338225779	1.7615502166968438	1.5583537459300996	1.0670925715262887	0.9960451642342578	1.3567386317687253	1.3228814322595597	-0.5424304382858457	-0.07828299256059265
VUILD106MA_150_16_26	VUILD106MA	VUILD106	fold_3	macrophage_profibrotic	DISEASE_ADJUSTED	0.43658992377395	1.7613634952637036	0.7790044201207768	0.8990143040053171	1.3010707825563546	0.8309760209320455	1.632150655478591	1.5583554900632415	0.4463118036152389	0.5194662113891857	1.0711047365657014	0.9604901529617911	-0.4624243802313671	-0.332343027432424
VUILD106MA_150_16_27	VUILD106MA	VUILD106	fold_3	macrophage_profibrotic	DISEASE_ADJUSTED	0.695500565803197	1.7686322758704747	0.8970451298197958	0.9929647340899694	1.1839018090923932	0.8863942102173835	1.737267841460481	1.5583572341963836	1.0982020975043245	0.9459081904910978	1.4043167031641193	1.1761506019276378	-0.29746416828677247	-0.21051124503549154
VUILD106MA_150_16_33	VUILD106MA	VUILD106	fold_3	macrophage_profibrotic	DISEASE_ADJUSTED	2.20968935470249	1.8122449595111008	1.86475521048931	1.7190926890968385	1.5911748971718134	1.5243282928956274	1.7900825509620244	1.5583676989952355	1.535299827028087	1.3474923415592817	1.6602186568704185	1.4442648329039982	0.4905966656056515	-0.17087983808011661
VUILD106MA_150_16_34	VUILD106MA	VUILD106	fold_3	macrophage_profibrotic	DISEASE_ADJUSTED	2.41432475562807	1.8195137401178718	1.7815047393449928	1.617862247398474	1.8052539776177579	1.689107355607309	1.7932142694038191	1.5583694431283777	2.0106958253545457	1.6721531006993386	2.1437457868672283	1.8219678468673637	0.796462508229596	-0.11106026689845697
VUILD106MA_150_16_37	VUILD106MA	VUILD106	fold_3	macrophage_profibrotic	DISEASE_ADJUSTED	1.71011837266963	1.8413200819381847	1.662788224527695	1.5636586492897966	1.834709634742099	1.6535616782606113	1.761775693110193	1.5583746755278036	1.8140878830357252	1.5026003311314737	2.2556310613373816	1.6866005245439901	0.14645972337983348	-0.03307251823472238
VUILD106MA_150_16_38	VUILD106MA	VUILD106	fold_3	macrophage_profibrotic	DISEASE_ADJUSTED	1.08559903421136	1.8485888625449558	1.4633018464693905	1.434975639789091	1.3249638529129812	1.1726670107800872	1.6428607292242783	1.5583764196609455	1.0033068152168012	0.9507882499498731	1.2686017928735123	1.106351540461382	-0.349376605577731	-0.19036830242696262
VUILD106MA_150_16_39	VUILD106MA	VUILD106	fold_3	macrophage_profibrotic	DISEASE_ADJUSTED	1.51875385859803	1.8558576431517269	1.319791699128695	1.2665384375036173	1.881846143552121	1.5993109006877484	1.7595914745791732	1.5583781637940877	1.4169678196387472	1.661725465775731	1.8787971503134595	1.9663557499670188	0.25221542109441275	-0.0214281362668595
VUILD106MA_150_17_26	VUILD106MA	VUILD106	fold_3	macrophage_profibrotic	DISEASE_ADJUSTED	0.791677436864975	1.7675628402368104	1.1326171659436521	1.1231587275468264	1.1581485490268242	0.8938034974066916	1.5865609859387035	1.5583589865144771	1.2757134441438422	0.9243531161934537	1.3533150230337088	1.2421678044543236	-0.3314812906818514	-0.3810617072431695
VUILD106MA_150_17_27	VUILD106MA	VUILD106	fold_3	macrophage_profibrotic	DISEASE_ADJUSTED	1.03265243846251	1.7748316208435815	0.9327796105329523	1.0235934763914512	1.1686763596006824	0.8305555880953577	1.537175729004348	1.5583607306476193	0.8115163485788547	0.7193770491633116	1.1883102413503777	1.0303477649044614	0.00905896207105883	-0.3348462806185492
VUILD106MA_150_17_32	VUILD106MA	VUILD106	fold_3	macrophage_profibrotic	DISEASE_ADJUSTED	2.2827548406747	1.8111755238774365	1.811140221035854	1.7397771275203677	1.5429105209153033	1.4699226563520873	1.8669434592997527	1.5583694513133293	1.7142747400124487	1.4550272802514186	1.8250760170639115	1.5482141008019885	0.5429777131543321	-0.15437043687458443
VUILD106MA_150_17_36	VUILD106MA	VUILD106	fold_3	macrophage_profibrotic	DISEASE_ADJUSTED	3.4264514506479	1.8402506463045205	1.6006815309493307	1.603934357781817	1.8705826096668823	1.798701807428207	1.8020293402885363	1.5583764278458971	1.816104394870008	1.71296454511833	1.9099864589544495	1.8503056184040985	1.822517092866083	-0.07817908914095884
VUILD106MA_150_17_37	VUILD106MA	VUILD106	fold_3	macrophage_profibrotic	DISEASE_ADJUSTED	1.53495781130027	1.8475194269112916	1.6257926489800938	1.6062171856296539	1.6397491423214046	1.4816937929280065	1.4082658173558515	1.5583781719790393	1.2330177298029308	1.246630343667045	1.478632103706389	1.3888380517148635	-0.0712593743293839	-0.24789621069158202
VUILD106MA_150_17_38	VUILD106MA	VUILD106	fold_3	macrophage_profibrotic	DISEASE_ADJUSTED	1.34112040002526	1.8547882075180626	1.3844032447497372	1.4118171930301193	1.4901904561079284	1.3112749316741248	1.4524161182902997	1.5583799161121812	1.2263275174553872	1.3185632751180656	1.5226396822491346	1.5281729202385586	-0.07069679300485943	-0.13410804690840414
VUILD106MA_150_18_14	VUILD106MA	VUILD106	fold_3	macrophage_profibrotic	DISEASE_ADJUSTED	1.35680265803521	1.6865368179286655	1.3240805074709372	1.2932583588161743	1.0389843412590538	1.0190504467493733	1.0818812420845119	1.5583415533680087	0.900138159814962	0.8174031841282663	0.8839293662108628	0.8033792491067077	0.0635442992190356	-0.2650694543169802
VUILD106MA_150_18_25	VUILD106MA	VUILD106	fold_3	macrophage_profibrotic	DISEASE_ADJUSTED	0.613622509666106	1.7664934046031464	1.010666586250994	1.1303888807237576	1.0356539562314109	0.6940917764401919	1.4644427279956502	1.5583607388325706	0.5870666292943402	0.47182802663268686	1.0807415534434648	0.8026764080873092	-0.5167663710576517	-0.3285993537237749
VUILD106MA_150_18_26	VUILD106MA	VUILD106	fold_3	macrophage_profibrotic	DISEASE_ADJUSTED	0.473133755489159	1.7737621852099175	1.1123135700825042	1.127828957882542	1.1433718052839605	0.7701825810552662	1.3991341618608266	1.5583624829657128	0.7740587282625401	0.5851256184262306	1.3363147889183602	0.9560200331621288	-0.654695202393383	-0.2541347642854936
VUILD106MA_150_18_27	VUILD106MA	VUILD106	fold_3	macrophage_profibrotic	DISEASE_ADJUSTED	0.396893128970499	1.7810309658166885	0.8663945081454294	0.8606319983231369	1.1868437695275302	0.7483450053733711	1.5665098533921276	1.5583642270988547	0.6995018287640994	0.6186313394302067	1.3149985113170262	1.0949086809483994	-0.46373886935263786	-0.22747616538057094
VUILD106MA_150_18_28	VUILD106MA	VUILD106	fold_3	macrophage_profibrotic	DISEASE_ADJUSTED	0.660030404874078	1.7882997464234596	0.9907957760054282	1.076890387132732	1.2090784023411825	0.8368753385936075	1.5151302439923962	1.5583659712319968	0.6640409093132058	0.6012974855273272	1.2168991813463435	0.980253173737914	-0.41685998225865395	-0.19635628938335672
VUILD106MA_150_18_32	VUILD106MA	VUILD106	fold_3	macrophage_profibrotic	DISEASE_ADJUSTED	2.10390151099604	1.8173748688505436	1.7686798809096476	1.7864913750900524	1.8956673280641694	1.7769630219595947	1.8316877825281592	1.5583729477645647	2.101224162625475	1.589571687228297	2.235085087802008	1.7072708145485789	0.31741013590598777	-0.03432611520538201
VUILD106MA_150_18_35	VUILD106MA	VUILD106	fold_3	macrophage_profibrotic	DISEASE_ADJUSTED	2.32211565996074	1.8391812106708567	1.2083268986084554	1.1921479232025005	1.2603130384370294	1.2036505680507728	1.235847353789492	1.5583781801639909	1.2363985859907451	0.9417305363202053	1.29242104797371	1.0091119036801213	1.1299677367582395	-0.19088302733342818
VUILD106MA_150_18_37	VUILD106MA	VUILD106	fold_3	macrophage_profibrotic	DISEASE_ADJUSTED	0.723148515139006	1.8537187718843986	1.579884313832316	1.638207646852994	1.2327345151724416	1.088604648656628	1.2634857146983216	1.5583816684302747	1.0082222984450944	0.7627103469881713	1.055696192122378	0.8140518747831937	-0.915059131713988	-0.27963165495338244
VUILD106MA_150_18_38	VUILD106MA	VUILD106	fold_3	macrophage_profibrotic	DISEASE_ADJUSTED	0.858828460250741	1.8609875524911696	1.0593603322461305	1.0901852225682434	0.7649732301266701	0.6584579930425399	1.4496625376050996	1.5583834125634168	0.5059300292659585	0.609070341388431	0.8690589344959901	0.6746393863633617	-0.23135676231750235	-0.2599190972829929
VUILD106MA_150_19_14	VUILD106MA	VUILD106	fold_3	macrophage_profibrotic	DISEASE_ADJUSTED	2.08085227534031	1.692736162901772	1.2910166316534877	1.2551792660655523	1.0439926415043952	1.0092030781951882	1.243106336581478	1.5583450498192444	0.660088486521992	0.9284117753145146	0.7317021056673854	0.9392852116770865	0.8256730092747575	-0.3205985651523002
VUILD106MA_150_19_25	VUILD106MA	VUILD106	fold_3	macrophage_profibrotic	DISEASE_ADJUSTED	0.452598529752764	1.7726927495762532	1.2573097917919793	1.1215122906597383	1.445148889931156	1.0903073073946434	1.736014540613331	1.5583642352838063	0.7644747529022902	0.9640652276201535	1.2827939836329496	1.3032367739231379	-0.6689137609069744	-0.11876532679099298
VUILD106MA_150_19_26	VUILD106MA	VUILD106	fold_3	macrophage_profibrotic	DISEASE_ADJUSTED	0.675561749547642	1.7799615301830243	1.3254551608825882	1.3385938026264552	1.4212451476827075	1.0537736565714	1.4246613746667351	1.5583659794169484	1.0957397566972653	1.1056638007529145	1.603939746570415	1.5120781266158618	-0.6630320530788132	-0.24194618634139312
VUILD106MA_150_19_27	VUILD106MA	VUILD106	fold_3	macrophage_profibrotic	DISEASE_ADJUSTED	0.587824148661174	1.7872303107897953	1.000527471655015	1.040153417254266	1.5752191934034034	1.1193402127431866	1.2136494044219366	1.5583677235500903	0.9681610107172404	0.9512363836716133	1.5818135972798923	1.427716461982207	-0.45232926859309186	-0.10622094078772332
VUILD106MA_150_19_28	VUILD106MA	VUILD106	fold_3	macrophage_profibrotic	DISEASE_ADJUSTED	0.896535678661523	1.7944990913965664	0.8211057702146076	0.8740524102213327	1.4422218675946985	0.9219495606098654	1.479289353036489	1.5583694676832323	0.6613193948468024	0.830753570940086	1.3851736628005207	1.4108233853027798	0.02248326844019022	-0.07341342416369152
VUILD106MA_150_19_30	VUILD106MA	VUILD106	fold_3	macrophage_profibrotic	DISEASE_ADJUSTED	3.14424079727157	1.8090366526101083	2.3040897550666957	2.161623173696923	2.2217434519772956	2.153695112811085	1.9715046565361578	1.5583729559495163	2.4575503131974545	2.0447180507857103	2.441428007253074	2.079550185343663	0.9826176235746469	-0.043767174665199575
VUILD106MA_150_19_36	VUILD106MA	VUILD106	fold_3	macrophage_profibrotic	DISEASE_ADJUSTED	1.12062339573635	1.8526493362507344	1.8630361240636293	1.6836320571114138	2.029780946748814	1.891787543458736	2.0264740968637422	1.5583834207483684	1.9115018492942546	1.7701158549533806	2.095101785296637	1.9072162480739794	-0.5630086613750638	-0.004929304182714318
VUILD106MA_150_19_37	VUILD106MA	VUILD106	fold_3	macrophage_profibrotic	DISEASE_ADJUSTED	2.499527957788	1.8599181168575054	2.0276952864062663	2.0674314421947355	1.918536933787097	1.753215808821774	1.6263142870188765	1.5583851648815104	1.761953500130629	1.6731568616408172	1.9209521986040679	1.7848196331291706	0.43209651559326456	-0.156406127571493
VUILD106MA_150_19_40	VUILD106MA	VUILD106	fold_3	macrophage_profibrotic	DISEASE_ADJUSTED	0.977437461336143	1.8817244586778183	1.4416338824746202	1.4769985465105782	2.0532331388487473	1.972220724486613	1.5760102514441783	1.5583903972809363	1.9500810039606686	1.7710711044089464	2.0513179574877736	1.8306486936082798	-0.4995610851744352	-0.015062082144311076
VUILD106MA_150_1_28	VUILD106MA	VUILD106	fold_3	macrophage_profibrotic	DISEASE_ADJUSTED	2.10067902921259	1.682910881880643	1.7726075632349396	1.908614424288552	1.6227298311012792	1.6522892271322578	1.5309305369338189	1.5583065315609919	1.8735837733926715	1.6298060286265859	1.75300992160112	1.5917312930998981	0.19206460492403798	-0.07582778012396986
VUILD106MA_150_20_24	VUILD106MA	VUILD106	fold_3	macrophage_profibrotic	DISEASE_ADJUSTED	0.651104472920237	1.771623313942589	0.8596762602828085	0.8246425946893838	1.4695108370184558	1.134076326017043	1.6543810777315087	1.5583659876018998	0.660996200612109	1.0155585371403215	1.3125834050878848	1.309350660692614	-0.17353812176914685	-0.24941707416183642
VUILD106MA_150_20_26	VUILD106MA	VUILD106	fold_3	macrophage_profibrotic	DISEASE_ADJUSTED	0.8712627544417	1.786160875156131	1.0865361294582287	1.1365277239346967	1.3950766901550653	1.0286822675925227	1.4053311497355907	1.5583694758681839	1.0733182604606495	1.0252161692811708	1.5864949119700016	1.4180494450433014	-0.2652649694929967	-0.11656504032438675
VUILD106MA_150_20_27	VUILD106MA	VUILD106	fold_3	macrophage_profibrotic	DISEASE_ADJUSTED	0.839806153621152	1.7934296557629021	1.1435957945705815	1.1327103303321788	1.396114434763406	0.8751812350824711	1.5604081846222002	1.558371220001326	0.8653378044937723	0.986895523093538	1.608730444457913	1.5774682995194855	-0.29290417671102686	-0.03819238036245012
VUILD106MA_150_20_28	VUILD106MA	VUILD106	fold_3	macrophage_profibrotic	DISEASE_ADJUSTED	0.40161893745866	1.8006984363696732	0.574867113219709	0.6748504160568423	1.0498797650849578	0.3708337531285142	1.7861048002255444	1.558372964134468	0.29860713661440563	0.48007880726301777	1.36515973273922	1.1348433286019604	-0.27323147859818225	-0.21666136023018193
VUILD106MA_150_20_39	VUILD106MA	VUILD106	fold_3	macrophage_profibrotic	DISEASE_ADJUSTED	2.13558488408294	1.880655023044154	1.77151233662057	1.8276479275256943	2.1339162902212547	2.005576873901106	1.774161435162707	1.55839214959903	1.5620869030001596	1.6381739954023276	1.6429810735224333	1.7569966035388707	0.3079369565572456	0.05893011118603765
VUILD106MA_150_21_25	VUILD106MA	VUILD106	fold_3	macrophage_profibrotic	DISEASE_ADJUSTED	0.68292103595921	1.7850914395224668	1.0386475863504114	1.0291147793065143	1.2590742565548236	0.9197018078092732	1.4950597638825494	1.5583712281862776	0.671142466223183	0.6962611960367958	1.275192197478541	1.0253810032522224	-0.34619374334730424	-0.22141068085183072
VUILD106MA_150_21_26	VUILD106MA	VUILD106	fold_3	macrophage_profibrotic	DISEASE_ADJUSTED	0.54845487268303	1.792360220129238	0.9318482829968917	0.9633044562852937	0.9632402954064314	0.5839185631705315	1.46619169114966	1.5583729723194195	0.46849683599435643	0.20391590514738378	1.0644766735535265	0.5506783384072933	-0.41484958360226376	-0.33851671310937886
VUILD106MA_150_21_27	VUILD106MA	VUILD106	fold_3	macrophage_profibrotic	DISEASE_ADJUSTED	0.885678828648473	1.799629000736009	1.1585435610976005	1.1147806629696915	1.1856908427612258	0.774653816344565	1.559660739312564	1.5583747164525614	0.6650002174021823	0.7240145659056496	1.2871245378423146	1.1252030699989577	-0.22910183432121844	-0.1877542078502141
VUILD106MA_150_21_28	VUILD106MA	VUILD106	fold_3	macrophage_profibrotic	DISEASE_ADJUSTED	0.479627097059132	1.80689778134278	0.8821664927681173	0.969946209491304	1.461754997645904	0.8974641177607561	1.8159863155262292	1.5583764605857036	0.7212164139772754	0.8925863178336904	1.58063107979933	1.4044923016142412	-0.49031911243217197	-0.16495425475850814
VUILD106MA_150_21_35	VUILD106MA	VUILD106	fold_3	macrophage_profibrotic	DISEASE_ADJUSTED	2.52911573698381	1.857779245590177	2.522028665606096	2.316059599560151	2.555851564768834	2.472434762016375	1.7856260211115922	1.5583886695176976	2.3564386212066264	2.726220414505688	2.4167346909088767	2.8529705436125554	0.21305613742365903	0.07964598680991086
VUILD106MA_150_22_25	VUILD106MA	VUILD106	fold_3	macrophage_profibrotic	DISEASE_ADJUSTED	0.699984808311682	1.7912907844955739	0.9110117523401459	0.9498464752016496	1.2591852036691287	0.8914621023943263	1.5224809669032553	1.558374724637513	0.49256121668112507	0.5308022416424183	1.2006114172839741	0.9400550289507486	-0.24986166688996758	-0.1864302652931731
VUILD106MA_150_22_26	VUILD106MA	VUILD106	fold_3	macrophage_profibrotic	DISEASE_ADJUSTED	0.718757240933293	1.798559565102345	0.8944235335491834	0.7627515269772315	1.2228999773842262	0.8119874918583846	1.507457465536	1.5583764687706552	0.6120557931223842	0.518412071382987	1.2435328539891972	0.9147993580246309	-0.04399428604393851	-0.3158571751436962
VUILD106MA_150_22_27	VUILD106MA	VUILD106	fold_3	macrophage_profibrotic	DISEASE_ADJUSTED	0.841164287884821	1.805828345709116	0.9836785976479012	0.9962045396091652	1.0948402650430538	0.9096170378411317	1.4803889149426774	1.558378212903797	0.7311337409180027	0.6425223328741486	1.1676559769639732	0.8248118356302717	-0.1550402517243442	-0.21634390566169637
VUILD106MA_150_22_28	VUILD106MA	VUILD106	fold_3	macrophage_profibrotic	DISEASE_ADJUSTED	1.78340738288266	1.813097126315887	1.330725506213022	1.2738907696660176	1.8246069782561563	1.5789800345441634	1.5899752907067728	1.558379957036939	1.5403404072099804	1.4158723873891461	1.9786970554520993	1.7312323885109233	0.5095166132166424	-0.08979362561774104
VUILD106MA_150_22_35	VUILD106MA	VUILD106	fold_3	macrophage_profibrotic	DISEASE_ADJUSTED	2.74793625150912	1.863978590563284	1.9465986506253612	2.0781017434353046	1.8792749339308858	1.814494558739841	1.8917200668137406	1.558392165968933	1.8119723764657438	1.8838078662520146	1.922374537043622	1.9854906231464213	0.6698345080738153	-0.13560620894421838
VUILD106MA_150_22_36	VUILD106MA	VUILD106	fold_3	macrophage_profibrotic	DISEASE_ADJUSTED	3.21618243355609	1.871247371170055	3.409962928183525	3.119110006948552	2.8624196458708013	2.8325641628127594	1.8381721513017135	1.5583939101020752	2.7468268461123646	2.510805818456813	2.6675541862454635	2.5139483574978274	0.09707242660753801	-0.042635117178897015
VUILD106MA_150_22_37	VUILD106MA	VUILD106	fold_3	macrophage_profibrotic	DISEASE_ADJUSTED	2.00073135664341	1.878516151776826	1.2280121645468722	1.3831597991600628	1.8601551865310304	1.761647651587732	1.5683378674008668	1.558395654235217	1.5083613320506395	1.6301430423644234	1.701256561912848	1.7500519563733261	0.6175715574833471	-0.004775544659584246
VUILD106MA_150_22_38	VUILD106MA	VUILD106	fold_3	macrophage_profibrotic	DISEASE_ADJUSTED	0.980363033459343	1.8857849323835971	1.4889979612290134	1.4443731857908995	1.839112160465042	1.7432439092112952	1.3402606699808768	1.5583973983683592	1.3040934310169863	1.5224737178338887	1.521661343571938	1.6217432905865048	-0.4640101523315565	-0.028980757131881058
VUILD106MA_150_22_39	VUILD106MA	VUILD106	fold_3	macrophage_profibrotic	DISEASE_ADJUSTED	1.41760255248856	1.893053712990368	1.657886284857347	1.6132602517341668	1.8713959434182241	1.7521148024091775	1.5412972536493879	1.5583991425015011	1.485412826699627	1.354226929595227	1.6794913765010144	1.4056414087247002	-0.19565769924560672	-0.061380062498642085
VUILD106MA_150_23_25	VUILD106MA	VUILD106	fold_3	macrophage_profibrotic	DISEASE_ADJUSTED	0.310131849166102	1.7974901294686807	0.7788330491329125	0.7247356833497414	1.5806265931911392	1.0777063411508427	1.7179743569406356	1.5583782210887487	0.2855658561790748	0.7019130945021234	1.2618428540243762	1.2525753022055066	-0.4146038341836394	-0.1554699919919949
VUILD106MA_150_23_26	VUILD106MA	VUILD106	fold_3	macrophage_profibrotic	DISEASE_ADJUSTED	0.175942141942702	1.8047589100754517	0.7562675991984	0.7899357980613931	1.0135585139906933	0.6638630508263828	1.3442530007614897	1.5583799652218906	0.5757801460153853	0.6257708683497785	1.1559087427631527	0.9793664447516395	-0.6139936561186912	-0.381032967461166
VUILD106MA_150_25_29	VUILD106MA	VUILD106	fold_3	macrophage_profibrotic	DISEASE_ADJUSTED	3.02399783069067	1.8389639418419783	2.0953757123213435	1.9984055061553905	1.8645275172070856	1.8518463037627084	1.3682906923637128	1.5583921905237879	2.0616404543917284	1.737623061415638	1.9332423900733051	1.7754207028014164	1.0255923245352796	-0.11674029533067645
VUILD106MA_150_25_30	VUILD106MA	VUILD106	fold_3	macrophage_profibrotic	DISEASE_ADJUSTED	2.27336214834916	1.8462327224487494	1.9046703044138518	1.9856004908222031	1.5484511615991199	1.478648913204124	1.3314521513602435	1.5583939346569298	1.418127164954758	1.4277812550631603	1.5361986195443011	1.5460616157562308	0.28776165752695704	-0.20530966497515904
VUILD106MA_150_25_31	VUILD106MA	VUILD106	fold_3	macrophage_profibrotic	DISEASE_ADJUSTED	3.2924186594901	1.8535015030555204	2.7825239116623823	2.655125013157254	2.873865824515246	2.835233200562688	1.755444916161748	1.558395678790072	2.6112028900216115	2.709255033388158	2.421133177746793	2.81452500870708	0.637293646332846	0.054568910339809096
VUILD106MA_150_25_32	VUILD106MA	VUILD106	fold_3	macrophage_profibrotic	DISEASE_ADJUSTED	1.1486097809997	1.8607702836622912	1.2145851213905712	1.1821586269198994	1.3997097649504768	1.2961856197326016	0.9754023273428178	1.5583974229232138	1.2674861121175454	1.1296255138270435	1.4956375251147596	1.2634944670724038	-0.033548845920199355	-0.23374564781945198
VUILD106MA_150_25_40	VUILD106MA	VUILD106	fold_3	macrophage_profibrotic	DISEASE_ADJUSTED	2.11329761398787	1.9189205285164594	1.7203490775887003	1.7748590571719762	1.8922657628625505	1.8130860312310104	1.7635201732989056	1.55841137598835	1.89660273573212	1.8941774849225315	2.0474422051775276	1.9309560586127918	0.33843855681589385	-0.07643958187621946
VUILD106MA_150_26_20	VUILD106MA	VUILD106	fold_3	macrophage_profibrotic	DISEASE_ADJUSTED	0.101888556409376	1.7797442613541463	1.065271392416368	0.9692945988048415	0.8486089183584363	0.7047258572585621	1.0512404128791732	1.5583799897767454	0.840087410150722	0.8436823648068423	1.0516216218267023	1.0000444925761274	-0.8674060423954655	-0.308469861856904
VUILD106MA_150_26_26	VUILD106MA	VUILD106	fold_3	macrophage_profibrotic	DISEASE_ADJUSTED	3.12683111945772	1.8233569449947722	1.5239581223328336	1.4303714067318942	1.0924519759611298	1.096313291128103	1.01347368688188	1.5583904545755976	1.2542087720338368	0.9990542200499536	1.3319597434188188	0.9836564186835267	1.6964597127258256	-0.26925106963498263
VUILD106MA_150_26_27	VUILD106MA	VUILD106	fold_3	macrophage_profibrotic	DISEASE_ADJUSTED	1.32696475585121	1.8306257256015432	1.5718587303050866	1.5596862802226867	0.8645423746155264	0.9124063792574746	1.0603713921906217	1.5583921987087395	1.210111636652616	1.024841775221189	1.4106155767987123	1.060574507668757	-0.23272152437147664	-0.20202503353166393
VUILD106MA_150_26_29	VUILD106MA	VUILD106	fold_3	macrophage_profibrotic	DISEASE_ADJUSTED	2.1976822179769	1.8451632868150853	1.8429027633697417	1.9257357620638418	1.2047766105776374	1.2759098971858789	1.1437933820361847	1.5583956869750235	1.6181200234198254	1.1185911867861458	1.5475384662109617	1.03742249256015	0.2719464559130582	-0.2529457531314683
VUILD106MA_150_26_30	VUILD106MA	VUILD106	fold_3	macrophage_profibrotic	DISEASE_ADJUSTED	2.23835179015671	1.8524320674218564	2.150692675145333	2.1201897902741544	1.8846998307811513	1.8942926455877382	1.6369985851643227	1.5583974311081654	1.9724239009155957	1.7377734339861741	1.9657923597050433	1.8098798607252717	0.1181619998825556	-0.1656696444655332
VUILD106MA_150_26_31	VUILD106MA	VUILD106	fold_3	macrophage_profibrotic	DISEASE_ADJUSTED	2.76476207709181	1.8597008480286275	2.481515546833328	2.4501782386083217	2.2446787552046557	2.258477747655724	1.7389472194631415	1.5583991752413076	1.7908115047831012	2.2422050863917122	1.845485034743114	2.2905511145149977	0.31458383848348825	-0.0413662481362565
VUILD106MA_150_27_13	VUILD106MA	VUILD106	fold_3	macrophage_profibrotic	DISEASE_ADJUSTED	1.13084124139673	1.735062142079856	1.3329597093826022	1.3924944582234313	2.1525531605496817	2.037931445750675	1.2808383167890804	1.558371277295987	2.445269911016846	2.0582252412894455	2.552115723935875	2.1066709283935223	-0.2616532168267014	-0.0007654640080081154
VUILD106MA_150_27_20	VUILD106MA	VUILD106	fold_3	macrophage_profibrotic	DISEASE_ADJUSTED	0.75498846312234	1.785943606327253	0.9318568902697585	0.8591295339514272	1.0714598779722349	0.907383466846486	1.28040370563069	1.558383486227981	0.7180463791979184	0.7579467046825424	0.9035345153921944	0.9270650133524231	-0.10414107082908719	-0.3424049522446701
VUILD106MA_150_27_21	VUILD106MA	VUILD106	fold_3	macrophage_profibrotic	DISEASE_ADJUSTED	0.888675468709589	1.793212386934024	0.9006585580764016	0.8290005198024009	1.119283869418957	0.9796840482774242	0.8816281134937256	1.558385230361123	0.602944051768334	0.8734484641313421	0.8066739587145516	1.051382895735157	0.05967494890718816	-0.3641240630564162
VUILD106MA_150_27_31	VUILD106MA	VUILD106	fold_3	macrophage_profibrotic	DISEASE_ADJUSTED	2.39987242096431	1.865900193001734	2.206654396977208	2.1675836350104873	1.8179381796609209	1.7976448056487624	1.4174647949170347	1.558402671692543	1.5051116995016387	1.58812395768773	1.7485185149001574	1.635748510132977	0.23228878595382252	-0.10998260171051502
VUILD106MA_150_28_13	VUILD106MA	VUILD106	fold_3	macrophage_profibrotic	DISEASE_ADJUSTED	1.2559235590332	1.7412614870529628	1.5559097441727172	1.5607916150156107	1.9232354224181596	1.7989477214234115	1.487108185926293	1.5583747737472227	2.2093697092593234	2.1248145655521187	2.4956822812137602	2.2013983300461057	-0.3048680559824106	-0.020090408280331984
VUILD106MA_150_28_20	VUILD106MA	VUILD106	fold_3	macrophage_profibrotic	DISEASE_ADJUSTED	1.49897483713544	1.7921429513003597	0.8881673296062996	0.8671907292227281	1.1362472753356319	1.0821450061149065	1.0660483480386227	1.5583869826792165	1.1430843092969538	0.8853583377150757	1.1571331310108521	0.9200546129716921	0.631784107912712	-0.3137301854531721
VUILD106MA_150_28_24	VUILD106MA	VUILD106	fold_3	macrophage_profibrotic	DISEASE_ADJUSTED	2.12903644601362	1.821218073727444	1.732806211864922	1.5792023355100349	1.6838595089238437	1.6355813852826404	1.5915565108210217	1.5583939592117846	1.5856455394746536	1.5620708270146746	1.767174730173696	1.6601651853525148	0.5498341105035851	-0.06705547632791706
VUILD106MA_150_28_25	VUILD106MA	VUILD106	fold_3	macrophage_profibrotic	DISEASE_ADJUSTED	2.17292056748894	1.8284868543342148	1.728655746932802	1.7105060076473746	1.9058049235405	1.6719479406397162	1.4905958335538332	1.5583957033449267	1.6162989770839666	1.345941990201783	1.8347983452491887	1.5620577835660971	0.4624145598415652	-0.08997294144335621
VUILD106MA_150_28_32	VUILD106MA	VUILD106	fold_3	macrophage_profibrotic	DISEASE_ADJUSTED	2.81360967755539	1.879368318581612	2.4714682164989084	2.3220146591894695	2.296467699241972	2.3106464402868774	1.5206645690913239	1.5584079122769205	2.192107362090026	1.949153919398989	2.1556918015151316	1.9118388412285088	0.49159501836592057	0.0075618228138896355
VUILD106MA_150_29_25	VUILD106MA	VUILD106	fold_3	macrophage_profibrotic	DISEASE_ADJUSTED	1.03670379445263	1.8346861993073218	1.723336730639944	1.6919811329725518	1.740371346084743	1.5475876220990246	1.22337895931785	1.5583991997961621	1.114344956606286	1.330388761140891	1.4884353487908895	1.5014855355258625	-0.6552773385199218	-0.04524586926862794
VUILD106MA_150_29_32	VUILD106MA	VUILD106	fold_3	macrophage_profibrotic	DISEASE_ADJUSTED	2.3974535378816	1.8855676635547187	1.7262441607370687	1.7679945981147396	1.9248767947961967	1.8907540722362035	1.6132059184564156	1.5584114087281562	1.6036385155454427	1.6348786279388714	1.846120781122162	1.714920989882342	0.6294589397668606	-0.003206452503134758
VUILD106MA_150_2_29	VUILD106MA	VUILD106	fold_3	macrophage_profibrotic	DISEASE_ADJUSTED	2.25570910269497	1.696379007460521	2.050975723072178	2.021953316031582	2.0809107193232004	2.0192229191365096	1.6893753423378421	1.5583117721453694	1.9657031311408883	1.975478190707931	1.932799321637225	2.032206961593041	0.2337557866633877	-0.0968178257980997
VUILD106MA_150_30_15	VUILD106MA	VUILD106	fold_3	macrophage_profibrotic	DISEASE_ADJUSTED	1.15913091329379	1.7681977382127185	1.0569945894925423	1.1428499881678849	1.4896452297610665	1.4429594902678173	1.5980695474103046	1.5583852549159778	1.2485403360803515	1.5919402713311557	1.3905758133824047	1.6471895548480113	0.016280925125905066	-0.155886304938905
VUILD106MA_150_30_25	VUILD106MA	VUILD106	fold_3	macrophage_profibrotic	DISEASE_ADJUSTED	0.951107319325173	1.8408855442804288	1.3684911176162309	1.3942106242241747	1.0659049882388927	0.9428617023713155	1.240087170113369	1.5584026962473978	0.6523507644343155	0.8966938653162387	1.203062227810439	1.0381769009337396	-0.44310330489900174	-0.24923801925306202
VUILD106MA_150_31_25	VUILD106MA	VUILD106	fold_3	macrophage_profibrotic	DISEASE_ADJUSTED	1.75321363571552	1.8470848892535354	1.5217411076604006	1.5149962809603992	1.2864753351996627	1.2443339921903562	1.6071406973284572	1.5584061926986335	1.4170937883441175	1.1658646838328375	1.7640476853365687	1.2642431111824652	0.23821735475512074	-0.13078532543601876
VUILD106MA_150_32_14	VUILD106MA	VUILD106	fold_3	macrophage_profibrotic	DISEASE_ADJUSTED	0.721376675183146	1.773327647552161	1.017023059477144	1.1389383893690024	1.4087104438410956	1.274367268248173	1.332223059841355	1.558390503685307	1.5992496465975263	1.6463912025491105	1.7079984807342663	1.7962845123101407	-0.4175617141858564	-0.14425574141491396
VUILD106MA_150_32_36	VUILD106MA	VUILD106	fold_3	macrophage_profibrotic	DISEASE_ADJUSTED	3.83240529414603	1.9332408209011234	3.276373190005727	3.163160723506476	2.6099662309609646	2.786344007948787	1.9018476439299414	1.558428874614431	2.3481073047042678	2.8499618076820052	2.109497018806492	2.704726398416489	0.6692445706395538	0.07521302418932153
VUILD106MA_150_32_37	VUILD106MA	VUILD106	fold_3	macrophage_profibrotic	DISEASE_ADJUSTED	3.37582498860684	1.9405096015078944	2.707535907228415	2.511904117752034	2.8113695365782663	2.8572643606063517	1.7475953405421292	1.558430618747573	2.453591706143149	2.618120165566509	2.425044876874475	2.532812428441202	0.8639208708548063	0.21352593094168773
VUILD106MA_150_33_31	VUILD106MA	VUILD106	fold_3	macrophage_profibrotic	DISEASE_ADJUSTED	2.51019916446768	1.9030962628403751	1.3997068218780344	1.322709679791237	1.6157059906950149	1.5219488099659315	1.4431238323671836	1.5584236503999567	1.534290187792023	1.222518044382874	1.4860050687458701	1.294479527460756	1.187489484676443	-0.16241465201329067
VUILD106MA_150_3_30	VUILD106MA	VUILD106	fold_3	macrophage_profibrotic	DISEASE_ADJUSTED	2.70304316742713	1.7098471330403986	1.7702027501569366	1.7737701720192711	2.1833520654530476	1.9875895624017306	1.9564261484764112	1.558317012729747	1.8614702162394507	1.9397913211044382	2.054443655971524	2.113587003955919	0.9292729954078589	-0.13914153108096206
VUILD106MA_150_3_33	VUILD106MA	VUILD106	fold_3	macrophage_profibrotic	DISEASE_ADJUSTED	1.47086674153486	1.7316534748607117	1.4056376050473525	1.3907295430959612	0.9748894749714141	0.9554158564918969	1.3067497251082258	1.558322245129173	1.1316404159342928	0.7573707878536425	1.0232849279242524	0.6735060924156596	0.08013719843889877	-0.3318157974914558
VUILD106MA_150_4_30	VUILD106MA	VUILD106	fold_3	macrophage_profibrotic	DISEASE_ADJUSTED	1.96790048174325	1.7160464780135056	1.8425232782235488	1.8009741715412062	2.26664952825104	2.0438577457480047	2.1498159460055444	1.5583205091809826	1.722515111021387	1.8468628662180175	2.067635126350392	1.9808115637305557	0.16692631020204374	-0.11961883562089262
VUILD106MA_150_4_34	VUILD106MA	VUILD106	fold_3	macrophage_profibrotic	DISEASE_ADJUSTED	2.07835862093155	1.7451216004405896	1.3089556176592656	1.2623098599254128	1.9325405940644003	1.7402700938046416	1.9591614114528806	1.5583274857135505	1.92281685601597	1.6889771299502887	2.108791745573491	1.8619017179556283	0.8160487610061371	-0.11639840440898817
VUILD106MA_150_4_35	VUILD106MA	VUILD106	fold_3	macrophage_profibrotic	DISEASE_ADJUSTED	1.18351771800459	1.7523903810473607	1.6932837045229105	1.6376344924880477	1.7577475853094688	1.6652514038163555	1.7734576054554676	1.5583292298466926	1.8240241660640049	1.7598057914760568	1.951627851691376	1.8573619765599574	-0.4541167744834578	-0.12315875756727604
VUILD106MA_150_5_34	VUILD106MA	VUILD106	fold_3	macrophage_profibrotic	DISEASE_ADJUSTED	1.27812894247294	1.7513209454136964	1.296181880174047	1.3706365163284597	1.3235419009758767	1.261087141048228	1.784206527648246	1.5583309821647862	1.2852824787613892	1.1000117913806313	1.2873806233935254	1.191823863959703	-0.09250757385551966	-0.16140940690207548
VUILD106MA_150_5_35	VUILD106MA	VUILD106	fold_3	macrophage_profibrotic	DISEASE_ADJUSTED	0.534805895641167	1.7585897260204675	1.2809758130578783	1.3740730155115417	1.652391792361773	1.4535979018653484	1.7854940071475829	1.558332726297928	1.5088348761077701	1.3246274673081961	1.6399832858968781	1.4527233862126698	-0.8392671198703747	-0.15123301246399498
VUILD106MA_150_6_33	VUILD106MA	VUILD106	fold_3	macrophage_profibrotic	DISEASE_ADJUSTED	1.49155362427548	1.7502515097800324	1.593187222150687	1.6514277697098643	1.8195129282371612	1.7250088078728614	1.8692061765200747	1.5583327344828797	1.620316368639754	1.5544320808136818	1.7187133431954185	1.6420996211541474	-0.15987414543438416	-0.11785022974217518
VUILD106MA_150_6_37	VUILD106MA	VUILD106	fold_3	macrophage_profibrotic	DISEASE_ADJUSTED	2.72736582122192	1.7793266322071164	1.654782260855651	1.732132913605172	1.811776759360657	1.7532051419855759	2.003773072427701	1.5583397110154478	1.9257088812294212	1.6004552662330225	1.9724293714568304	1.654163288984778	0.9952329076167481	-0.15434667694088758
VUILD106MA_150_7_38	VUILD106MA	VUILD106	fold_3	macrophage_profibrotic	DISEASE_ADJUSTED	2.17208807465481	1.7927947577869943	1.8357856822185172	1.950619550750559	2.1690855971049374	2.089972899766297	1.9538245975962623	1.5583449515998253	2.1671145448004108	1.931259863233136	2.2225613728509335	1.9851997749747552	0.22146852390425087	-0.009913794498433475
VUILD48LA2_150_10_10	VUILD48LA2	VUILD48	fold_3	macrophage_profibrotic	DISEASE_ADJUSTED	2.86568347531169	1.6964061634402683	1.685296600150671	1.6853612556549398	1.8629164056305534	1.8798750779849585	1.6811543484491365	1.558296962415298	1.735708321267304	1.5832711147744525	1.8393528227514662	1.5658345274654122	1.1803222196567504	0.052169476469327236
VUILD48LA2_150_10_11	VUILD48LA2	VUILD48	fold_3	macrophage_profibrotic	DISEASE_ADJUSTED	2.3794785533538	1.7080098085708146	2.0361299784104885	1.9158525622314897	2.2094853777580306	2.26348183420731	1.4898186031016096	1.5582991722072792	2.1865233754545796	2.2661665155154926	2.1148837528383506	2.1979638584490924	0.4636259911223102	0.13473739457232303
VUILD48LA2_150_10_4	VUILD48LA2	VUILD48	fold_3	macrophage_profibrotic	DISEASE_ADJUSTED	1.84609838420397	1.6267842926569906	1.7557754487586323	1.704572776861475	2.0443449536265854	2.0209350509055977	1.6844157735810819	1.5582837036634098	1.9467493257557655	2.215405247256754	1.8300347987937118	2.0905406671702007	0.14152560734249509	0.1169037754605142
VUILD48LA2_150_10_7	VUILD48LA2	VUILD48	fold_3	macrophage_profibrotic	DISEASE_ADJUSTED	1.49687525104737	1.6615952280486295	1.6087794421609358	1.6172986166698209	1.2204056559587377	1.2539786885928774	1.4650892220275913	1.5582903330393538	1.6376559178688808	1.4308576725154774	1.6353535774407768	1.3512562760842532	-0.12042336562245093	-0.15616194249717055
VUILD48LA2_150_10_8	VUILD48LA2	VUILD48	fold_3	macrophage_profibrotic	DISEASE_ADJUSTED	1.05067494470709	1.6731988731791758	1.4196660491281787	1.3647834565502208	1.019112649189238	0.9940905956216404	1.493768378298331	1.5582925428313352	1.2816018313521607	1.1283645719457076	1.3824302544564573	1.0791185847121108	-0.3141085118431308	-0.2788771882505005
VUILD48LA2_150_11_11	VUILD48LA2	VUILD48	fold_3	macrophage_profibrotic	DISEASE_ADJUSTED	2.04213227842499	1.7183065964223885	1.5983840318304647	1.6490437553086168	1.8823957277076822	1.8584380761526427	1.5667517264521371	1.5583038051359055	1.6418887326449063	1.7736728336043026	1.6895711847022714	1.7289864290874801	0.393088523116373	0.0802265550218697
VUILD48LA2_150_11_12	VUILD48LA2	VUILD48	fold_3	macrophage_profibrotic	DISEASE_ADJUSTED	2.03813838730987	1.7299102415529348	1.9219373657915821	1.9010183861627348	1.938689672879295	1.9760873428233703	1.6736810347539937	1.558306014927887	1.7622935277042318	1.922649933420745	1.7420994066847109	1.8024331430239109	0.13712000114713518	0.08764254110199865
VUILD48LA2_150_11_20	VUILD48LA2	VUILD48	fold_3	macrophage_profibrotic	DISEASE_ADJUSTED	0.84463970280208	1.8227394025973047	1.7380998939912784	1.6555594984430857	1.4627345273683021	1.506818939928277	1.4953259567842383	1.5583236932637377	1.407241831869047	1.6295805183051135	1.3808760839010992	1.5671399486496767	-0.8109197956410057	0.011364549054506592
VUILD48LA2_150_11_4	VUILD48LA2	VUILD48	fold_3	macrophage_profibrotic	DISEASE_ADJUSTED	1.15811077441347	1.6370810805085647	1.8380666383072635	1.744556772533149	1.3953752657333864	1.5036893377881695	1.5740947465007884	1.558288336592036	1.8053834662752275	1.7631812780266642	1.6291667257307068	1.6169826303646895	-0.586445998119679	0.029565141053723498
VUILD48LA2_150_11_5	VUILD48LA2	VUILD48	fold_3	macrophage_profibrotic	DISEASE_ADJUSTED	1.3583326058669	1.6486847256391108	1.524843100953677	1.5459221559708431	1.6124293062487807	1.744115048481242	1.549607385344656	1.5582905463840173	1.4783915134661159	1.7888374059897005	1.364183609132857	1.6955858207545769	-0.18758955010394307	0.04199444545262944
VUILD48LA2_150_11_9	VUILD48LA2	VUILD48	fold_3	macrophage_profibrotic	DISEASE_ADJUSTED	2.71864250645871	1.695099306161296	2.3286030631285204	2.2535482127368667	2.253793546721119	2.372321436823955	1.912032807727268	1.5582993855519427	2.5016450062426343	2.1276060058707316	2.30397913597829	1.9466826850645529	0.4650942937218434	0.15849183389799457
VUILD48LA2_150_12_10	VUILD48LA2	VUILD48	fold_3	macrophage_profibrotic	DISEASE_ADJUSTED	1.7665961056227	1.716999739143416	2.0613671847521435	2.0216225582809417	1.9348064574642783	2.0351272598917953	1.6739744708498476	1.5583062282725504	2.0302961910857142	1.8098191366821628	1.8418406194247539	1.663959111061139	-0.25502645265824175	0.06708757116524676
VUILD48LA2_150_12_11	VUILD48LA2	VUILD48	fold_3	macrophage_profibrotic	DISEASE_ADJUSTED	2.1661352673346	1.728603384273962	1.9575083614689897	1.9855387382465892	1.88726172501385	2.032824900279771	1.5423330223486993	1.5583084380645316	2.1268893828214672	1.8240436739712873	1.825556910260004	1.620352475349847	0.18059652908801072	0.13272486366602265
VUILD48LA2_150_12_12	VUILD48LA2	VUILD48	fold_3	macrophage_profibrotic	DISEASE_ADJUSTED	1.15265571128737	1.7402070294045084	1.6137578415652496	1.645780392745341	1.5132522571469822	1.5518996218536447	1.3934967964486673	1.558310647856513	1.5892921116998087	1.7071237055175592	1.4613434998235588	1.6317045793275229	-0.49312468145797084	0.04508071539667123
VUILD48LA2_150_12_13	VUILD48LA2	VUILD48	fold_3	macrophage_profibrotic	DISEASE_ADJUSTED	1.46550016666778	1.7518106745350543	1.9955297363031197	1.919669626937888	1.7172535969521652	1.8018000498952849	1.5760064935960456	1.5583128576484944	1.8593329764516344	1.7770631356572069	1.811121225277375	1.5803474144992349	-0.45416946027010785	0.003965156362737542
VUILD48LA2_150_12_15	VUILD48LA2	VUILD48	fold_3	macrophage_profibrotic	DISEASE_ADJUSTED	1.92737307029539	1.775017964796147	2.6094875392257744	2.4407587673098936	1.968270598459064	1.9714491552948097	2.2704353557235555	1.5583172772324572	2.0697136494235235	1.9488711851349068	1.8488924808789224	1.8356835306393984	-0.5133856970145037	0.017540789458169472
VUILD48LA2_150_12_16	VUILD48LA2	VUILD48	fold_3	macrophage_profibrotic	DISEASE_ADJUSTED	2.04073089930529	1.7866216099266932	1.7854997055852764	1.7581196857723587	1.8076019919789683	1.7987366146241641	1.8765757669677374	1.5583194870244383	1.4654754280112212	1.654633198544965	1.501827526726488	1.6797726533596238	0.2826112135329315	0.10141908302892066
VUILD48LA2_150_12_17	VUILD48LA2	VUILD48	fold_3	macrophage_profibrotic	DISEASE_ADJUSTED	1.28810372276411	1.7982252550572395	1.5874958379353863	1.5616229649083417	1.5874032688057331	1.6351293148817068	1.402629776373375	1.5583216968164197	1.4215520432358348	1.5213886209163423	1.3623483000849907	1.3677385133460844	-0.27351924214423184	0.12073866331126487
VUILD48LA2_150_12_18	VUILD48LA2	VUILD48	fold_3	macrophage_profibrotic	DISEASE_ADJUSTED	0.50607462694914	1.8098289001877856	1.4016401994435237	1.4492973399940836	1.632558607035224	1.6013820239129999	1.429237225605325	1.5583239066084011	1.607611796475602	1.7036449384693702	1.7919583663278211	1.7201638556088619	-0.9432227130449437	0.06203681380053412
VUILD48LA2_150_12_21	VUILD48LA2	VUILD48	fold_3	macrophage_profibrotic	DISEASE_ADJUSTED	1.44215228841529	1.8446398355794247	1.8485050723525434	1.8751387420027994	1.7131052034209664	1.7422676859687256	1.7352203859562343	1.5583305359843451	1.5926301661627456	1.792851876405395	1.472477055135085	1.7223205126527212	-0.4329864535875094	0.05718382337721886
VUILD48LA2_150_12_23	VUILD48LA2	VUILD48	fold_3	macrophage_profibrotic	DISEASE_ADJUSTED	1.1224165907807	1.8678471258405172	1.4601125165552054	1.5651582971512619	1.8219617970418287	1.7720270254319619	1.5588943642946271	1.558334955568308	1.7585898790001924	1.6805600570199277	1.813811499307963	1.6624825253885258	-0.44274170637056187	0.06387342903269337
VUILD48LA2_150_12_4	VUILD48LA2	VUILD48	fold_3	macrophage_profibrotic	DISEASE_ADJUSTED	1.25211590363439	1.6473778683601383	1.4298158878453209	1.4984453836528946	1.1748860620064479	1.2932380920354745	1.3163436170804315	1.5582929695206622	1.3679355711043863	1.3130750622181144	1.487214334408224	1.158625455039831	-0.24632948001850452	-0.03519278695715698
VUILD48LA2_150_12_5	VUILD48LA2	VUILD48	fold_3	macrophage_profibrotic	DISEASE_ADJUSTED	1.65806890204246	1.6589815134906845	1.8411091839483495	1.7464223171095725	1.4960613541815653	1.6503807632095169	1.5060383519155711	1.5582951793126436	1.379173321511305	1.691618673105786	1.2627697726274678	1.5431984477350955	-0.08835341506711258	0.06202614329087794
VUILD48LA2_150_12_8	VUILD48LA2	VUILD48	fold_3	macrophage_profibrotic	DISEASE_ADJUSTED	1.07716352595808	1.6937924488823235	1.7379605364352309	1.6939075899888794	1.343019500630369	1.3901649120836743	1.3404401681895917	1.5583018086885876	1.36489957615007	1.4320727822359098	1.261184380547161	1.312492774822335	-0.6167440640307993	-0.17603158545572073
VUILD48LA2_150_12_9	VUILD48LA2	VUILD48	fold_3	macrophage_profibrotic	DISEASE_ADJUSTED	1.70790852945494	1.7053960940128696	1.9967900675025767	1.977892077959516	1.6851162493807978	1.8435648223173053	1.5494713635337303	1.558304018480569	1.9896316929458058	1.7302164039101622	1.8036934646711524	1.6158554686765476	-0.26998354850457584	0.004249063122365979
VUILD48LA2_150_13_11	VUILD48LA2	VUILD48	fold_3	macrophage_profibrotic	DISEASE_ADJUSTED	1.48577397341634	1.738900172125536	2.0446495512074785	2.075375970535549	1.7443344232718507	1.9199450704016512	1.6132202172369245	1.5583130709931579	2.034505107531132	2.085247265111411	1.9292894840771724	1.89405287022226	-0.589601997119209	0.09059462705677465
VUILD48LA2_150_13_12	VUILD48LA2	VUILD48	fold_3	macrophage_profibrotic	DISEASE_ADJUSTED	2.0140066098142	1.750503817256082	1.8913517270699736	1.8545742657986766	1.8203551214165543	1.7750888276096584	1.8080780389935265	1.5583152807851393	1.7433153652947402	1.9028411903061122	1.821626171571664	1.9020837934941917	0.15943234401552364	-0.010590068523360256
VUILD48LA2_150_13_14	VUILD48LA2	VUILD48	fold_3	macrophage_profibrotic	DISEASE_ADJUSTED	1.46498049956558	1.7737111075171743	1.8279638804816374	1.716232499517449	1.732943966716283	1.75965575323747	1.4698766193669954	1.5583197003691018	1.7683254987837354	1.92390056796273	1.7642845934528233	1.904076097192625	-0.251251999951869	-0.10116893732785992
VUILD48LA2_150_13_15	VUILD48LA2	VUILD48	fold_3	macrophage_profibrotic	DISEASE_ADJUSTED	1.36798529096347	1.7853147526477207	1.6529880417590868	1.7046548910578616	1.7030672540974994	1.658315883598379	1.8783009602842573	1.5583219101610832	1.4218851151903393	1.594330579927255	1.5187417325863068	1.4918152985278128	-0.3366696000943916	-0.08233111032441831
VUILD48LA2_150_13_16	VUILD48LA2	VUILD48	fold_3	macrophage_profibrotic	DISEASE_ADJUSTED	0.873287582849296	1.7969183977782668	1.58914384996864	1.6165354299778139	1.406418778415005	1.3278089723919337	1.913349461777142	1.5583241199530646	1.2011028047962455	1.521279719178129	1.3636517526777938	1.6123181985403114	-0.7432478471285179	0.05429673525248749
VUILD48LA2_150_13_17	VUILD48LA2	VUILD48	fold_3	macrophage_profibrotic	DISEASE_ADJUSTED	0.794029457793401	1.8085220429088131	1.356428936604798	1.3552086696104737	1.3016883187042014	1.297980087370029	1.1948524108675822	1.558326329745046	1.3966490839889834	1.3682659037981364	1.4876928951755193	1.3635945694543528	-0.5611792118170728	0.07047798741064407
VUILD48LA2_150_13_18	VUILD48LA2	VUILD48	fold_3	macrophage_profibrotic	DISEASE_ADJUSTED	1.15736117938499	1.8201256880393595	1.392021941650297	1.3442514077630972	1.396665428499449	1.3689534861233263	1.2470675261376387	1.5583285395370272	1.1261054257325411	1.375835731063857	1.2577712392564089	1.3491673182672557	-0.1868902283781071	0.06195030531406687
VUILD48LA2_150_13_19	VUILD48LA2	VUILD48	fold_3	macrophage_profibrotic	DISEASE_ADJUSTED	1.45377923510765	1.8317293331699056	2.0346689038032446	1.8829174232956079	1.6612872650955373	1.6657186577615823	1.7302929295683434	1.5583307493290086	1.867595360368945	1.8296480002135886	1.8565994360875182	1.844581632861034	-0.4291381881879579	-0.04289719754662878
VUILD48LA2_150_13_21	VUILD48LA2	VUILD48	fold_3	macrophage_profibrotic	DISEASE_ADJUSTED	0.847104242858124	1.8549366234309983	1.4948517280460076	1.5045965494896028	1.250848728959713	1.2950984503773622	1.5414732942826062	1.5583351689129714	1.5395675880866926	1.1745113615354927	1.3753117500273624	1.0937678050503774	-0.6574923066314787	-0.028942657828615076
VUILD48LA2_150_13_4	VUILD48LA2	VUILD48	fold_3	macrophage_profibrotic	DISEASE_ADJUSTED	1.2043317575016	1.657674656211712	1.7489630634612154	1.7034352064753462	1.4990906936165262	1.5959760006817707	1.2760834396672185	1.5582976024492883	1.3125225763597141	1.54708959206672	1.3862289972567394	1.3935987465080006	-0.49910344897374626	0.11689179163328695
VUILD48LA2_150_13_5	VUILD48LA2	VUILD48	fold_3	macrophage_profibrotic	DISEASE_ADJUSTED	1.32593631690038	1.6692783013422583	1.6759199271367307	1.7195671100678753	1.092259256424899	1.291623773968211	1.3211870066502873	1.5582998122412697	1.7055638564200815	1.3228956421596432	1.456378460408215	1.115407474314867	-0.3936307931674954	-0.016161902299013705
VUILD48LA2_150_14_10	VUILD48LA2	VUILD48	fold_3	macrophage_profibrotic	DISEASE_ADJUSTED	1.11140435729566	1.7375933148465632	1.6391275761166189	1.7217711879095856	1.503894880250412	1.5567439686193414	1.3761110539756753	1.5583154941298027	1.599252176839678	1.4108096904330312	1.486871060780234	1.331939898809402	-0.6103668306139256	-0.20924829719295066
VUILD48LA2_150_14_12	VUILD48LA2	VUILD48	fold_3	macrophage_profibrotic	DISEASE_ADJUSTED	1.27702279775062	1.7608006051076557	1.5854651948755945	1.6326015344508846	1.3163155018012043	1.2955406397864935	1.7385915036108932	1.5583199137137653	1.3524590487347088	1.4559571792784691	1.3145834081069259	1.427841167051125	-0.3555787367002645	-0.2005413092119138
VUILD48LA2_150_14_14	VUILD48LA2	VUILD48	fold_3	macrophage_profibrotic	DISEASE_ADJUSTED	2.31718245110628	1.784007895368748	1.8071561625288444	1.8261172706458384	1.869687053226429	1.9814509710721682	1.748670863993714	1.5583243332977281	1.8060398362205747	1.8866822067170788	1.873873442598121	1.7203165722038876	0.4910651804604418	0.06515777025863147
VUILD48LA2_150_14_15	VUILD48LA2	VUILD48	fold_3	macrophage_profibrotic	DISEASE_ADJUSTED	2.24415400643997	1.7956115404992943	1.8025279266294065	1.823779175176928	1.5959114674227264	1.6213860832496798	1.6836922540302413	1.5583265430897095	1.8829464311303559	1.8509532653875682	1.8092408776095468	1.8386937742300637	0.420374831263042	-0.15553217808785055
VUILD48LA2_150_14_17	VUILD48LA2	VUILD48	fold_3	macrophage_profibrotic	DISEASE_ADJUSTED	0.649090657352297	1.8188188307603868	1.4537107307571564	1.39925550860446	1.400917750883648	1.3629860015338595	1.5010423628654073	1.558330962673672	1.297702509856303	1.4807549286471617	1.3136883792936032	1.4707219987067004	-0.750164851252163	0.05173106144496738
VUILD48LA2_150_14_4	VUILD48LA2	VUILD48	fold_3	macrophage_profibrotic	DISEASE_ADJUSTED	1.4382596974415	1.6679714440632856	1.744268132033775	1.6538062212548088	1.6422548785996915	1.5869197550869523	1.6574474078373855	1.5583022353779146	0.9159496015537155	1.2831253396227915	1.1225405694126263	1.1759152121011296	-0.21554652381330874	0.06604365753938143
VUILD48LA2_150_14_5	VUILD48LA2	VUILD48	fold_3	macrophage_profibrotic	DISEASE_ADJUSTED	1.52626785372781	1.679575089193832	2.0029253752855185	2.000789270854198	2.279119741904739	2.2741635026837845	1.4887838426785909	1.558304445169896	2.491360563898485	2.267780800001036	2.524956449917735	2.2237089746053	-0.47452141712638785	0.04184184765755518
VUILD48LA2_150_14_9	VUILD48LA2	VUILD48	fold_3	macrophage_profibrotic	DISEASE_ADJUSTED	1.62029427700644	1.7259896697160169	1.9544253287019948	1.8833672747564996	1.9498441365645311	1.9338159510565625	1.6749430681831439	1.5583132843378213	1.8587717751466668	1.742763267788786	2.0628564685297954	1.7471892220759637	-0.26307299775005966	0.04684624002669133
VUILD48LA2_150_15_12	VUILD48LA2	VUILD48	fold_3	macrophage_profibrotic	DISEASE_ADJUSTED	1.23187301505665	1.7710973929592297	1.871006203152603	1.8626964082959452	1.2437823026958186	1.303225837834786	1.5787530030807857	1.5583245466423916	1.5501683842274354	1.600668564856157	1.4107951524159543	1.5207246026732086	-0.6308233932392953	-0.1410897765729877
VUILD48LA2_150_15_13	VUILD48LA2	VUILD48	fold_3	macrophage_profibrotic	DISEASE_ADJUSTED	2.12942113672779	1.7827010380897756	2.166879669605898	2.2463856134774565	1.9476451589232235	2.133377805913562	1.5953061432229554	1.5583267564343728	1.9787384305373708	2.0008540040301606	1.8593212425264722	1.7961286346254186	-0.11696447674966626	0.028799310285118163
VUILD48LA2_150_15_14	VUILD48LA2	VUILD48	fold_3	macrophage_profibrotic	DISEASE_ADJUSTED	2.61623664864999	1.794304683220322	2.157028861579133	2.1385114551127082	2.2589086730148797	2.2937145328328707	1.7222466564023866	1.5583289662263542	2.269485608206079	2.0163574276033756	2.314149491013273	1.9127312235303264	0.4777251935372817	0.1295877919355981
VUILD48LA2_150_15_15	VUILD48LA2	VUILD48	fold_3	macrophage_profibrotic	DISEASE_ADJUSTED	1.55630348447027	1.8059083283508681	1.8290514180288855	1.74765689045633	1.070158652562562	1.139968704528273	1.6879382343376723	1.5583311760183356	1.2653239248279593	1.3983327032311168	1.2248565195022367	1.3292575156211017	-0.1913534059860602	-0.2952496273931333
VUILD48LA2_150_15_16	VUILD48LA2	VUILD48	fold_3	macrophage_profibrotic	DISEASE_ADJUSTED	1.38319652075182	1.8175119734814145	1.754189912391783	1.8582940378632076	1.1824976313331845	1.2789874489749673	1.645530768339996	1.558333385810317	1.3077676881632916	1.220140451028114	1.123022084900726	1.0504182092654113	-0.4750975171113876	-0.19734714507528375
VUILD48LA2_150_15_17	VUILD48LA2	VUILD48	fold_3	macrophage_profibrotic	DISEASE_ADJUSTED	0.946087452224205	1.8291156186119606	1.6583131521846222	1.719778473419509	1.3927145461544275	1.416441874191306	1.4854037975108383	1.5583355956022984	1.1080079102095175	1.4229147792143164	0.9609073977190413	1.3434312869159346	-0.773691021195304	-0.06248083435201268
VUILD48LA2_150_15_9	VUILD48LA2	VUILD48	fold_3	macrophage_profibrotic	DISEASE_ADJUSTED	1.14353959440342	1.736286457567591	1.6079574037228088	1.6180694472556516	1.0727900431786663	1.124408207698045	1.5135874039006951	1.5583179172664474	1.3700374849629198	1.168105483302906	1.2446497964854075	1.0937622848994333	-0.4745298528522317	-0.09847311077815599
VUILD48LA2_150_16_21	VUILD48LA2	VUILD48	fold_3	macrophage_profibrotic	DISEASE_ADJUSTED	2.27927972936586	1.8858269869857194	1.6629906957176392	1.7045923062395045	1.9177653525878546	1.957199740966784	1.6664737029191643	1.5583490676988498	1.9781225046415871	1.7319965075456425	1.840462780526866	1.66193766854193	0.5746874231263555	0.015075546622809629
VUILD48LA2_150_16_7	VUILD48LA2	VUILD48	fold_3	macrophage_profibrotic	DISEASE_ADJUSTED	1.03298513744943	1.723375955158072	1.624491815862592	1.5687510759731884	1.114733366578685	1.1930067509732816	1.284444216909078	1.558318130611111	1.4051692094637922	1.209010484720624	1.3221856696593912	1.155491542468419	-0.5357659385237583	-0.21447561622905414
VUILD48LA2_150_17_21	VUILD48LA2	VUILD48	fold_3	macrophage_profibrotic	DISEASE_ADJUSTED	1.54538694259588	1.8961237748372932	1.6863973791936917	1.7011941787833023	1.5248051510900493	1.580372180969857	1.5791796226752701	1.5583537006274761	1.9480642755182256	1.5454223215186906	1.8338675387126149	1.4715918813216895	-0.15580723618742232	-0.05290766227243082
VUILD48LA2_150_17_6	VUILD48LA2	VUILD48	fold_3	macrophage_profibrotic	DISEASE_ADJUSTED	0.860951387959185	1.7220690978790993	1.3618200324610834	1.4651516064438006	1.401233686284398	1.4249347918143147	1.3118998274779095	1.5583205537477558	1.527457681090613	1.4480324857546663	1.4050471657168984	1.362718695141291	-0.6042002184846156	-0.06368845382779834
VUILD48LA2_150_17_7	VUILD48LA2	VUILD48	fold_3	macrophage_profibrotic	DISEASE_ADJUSTED	1.29836555537618	1.7336727430096457	1.5064204981727858	1.4867611939693575	1.5790988044325232	1.5216025163911309	1.5530867123982512	1.5583227635397372	1.3777911749902287	1.5903483068930682	1.5926149589039047	1.6720930326051446	-0.18839563859317754	-0.0065046895916519906
VUILD48LA2_150_17_8	VUILD48LA2	VUILD48	fold_3	macrophage_profibrotic	DISEASE_ADJUSTED	2.37011806529039	1.7452763881401918	1.9025615938924105	1.7900384373608837	2.1147847447720003	2.137510271938634	1.6745143106895695	1.5583249733317184	2.3630264400243464	2.243783264609958	2.3586136466259924	2.21148700152866	0.5800796279295064	0.10290188366399541
VUILD48LA2_150_17_9	VUILD48LA2	VUILD48	fold_3	macrophage_profibrotic	DISEASE_ADJUSTED	2.14986655607348	1.7568800332707382	1.8155929624175857	1.7642952327535142	1.8229153998642373	1.9038319450702605	1.6909003259721809	1.5583271831236998	1.927345364516212	1.9198442202536259	1.896017138393958	1.8429264407658157	0.3855713233199658	0.07489574635696444
VUILD48LA2_150_18_12	VUILD48LA2	VUILD48	fold_3	macrophage_profibrotic	DISEASE_ADJUSTED	1.65311707393863	1.8019877565139506	2.127221334480455	2.089679968694795	1.664549395006944	1.8750238843052645	1.7457651827160923	1.55833844542827	1.9985374632724138	1.876257849184601	1.8071802821530663	1.6696361755338427	-0.43656289475616483	0.08763696867877285
VUILD48LA2_150_18_17	VUILD48LA2	VUILD48	fold_3	macrophage_profibrotic	DISEASE_ADJUSTED	2.46575328601688	1.8600059821666817	2.2314008822587788	2.192173627707737	2.192514768759694	2.2898636561562453	1.6301456379641281	1.5583494943881768	2.2374147470211243	2.1108874914078157	2.0948479134467974	1.9359973691184833	0.273579658309143	0.187880814601508
VUILD48LA2_150_18_18	VUILD48LA2	VUILD48	fold_3	macrophage_profibrotic	DISEASE_ADJUSTED	2.0340179688586	1.8716096272972278	2.0902112913333997	2.0257135673495856	1.963513182618753	2.0088134387835166	1.7391810003765737	1.5583517041801582	2.09731312280449	2.2160833723364854	2.0931346136620363	2.2079100433032477	0.008304401509014347	0.15404728709779733
VUILD48LA2_150_18_8	VUILD48LA2	VUILD48	fold_3	macrophage_profibrotic	DISEASE_ADJUSTED	1.185135893897	1.7555731759917657	1.4353838820264773	1.3874670326446248	1.5254457039444607	1.5258944404069577	1.337384285228858	1.5583296062603447	1.1250189906448502	1.4826579502843893	1.1067496909264587	1.448924686027142	-0.20233113874762476	-0.07020527590816514
VUILD48LA2_150_18_9	VUILD48LA2	VUILD48	fold_3	macrophage_profibrotic	DISEASE_ADJUSTED	1.21858530684898	1.7671768211223118	1.8088329695081704	1.7776969968566751	1.5450164411655254	1.581788403662849	1.4726703927508826	1.558331816052326	1.8403159794060147	1.508590811536616	1.7207103823727552	1.411951347153036	-0.5591116900076951	-0.03833624558468671
VUILD48LA2_150_19_12	VUILD48LA2	VUILD48	fold_3	macrophage_profibrotic	DISEASE_ADJUSTED	1.95087241059742	1.8122845443655247	2.2538001957481573	2.253072832477856	1.9820805233302468	2.088305662466189	1.6652383798418549	1.5583430783568963	2.0330256842524235	2.3011460220814044	1.8555661224698428	2.1881545798919393	-0.30220042188043594	-0.013454664015288949
VUILD48LA2_150_19_13	VUILD48LA2	VUILD48	fold_3	macrophage_profibrotic	DISEASE_ADJUSTED	2.20104590700186	1.8238881894960706	2.7956647586448904	2.651759227694284	2.527842120006353	2.6511633929822067	1.603121537624414	1.5583452881488775	2.7169505538869023	2.7013067218738858	2.436292389962372	2.5630971728707763	-0.4507133206924241	0.03864299686763556
VUILD48LA2_150_19_14	VUILD48LA2	VUILD48	fold_3	macrophage_profibrotic	DISEASE_ADJUSTED	2.38999335312522	1.8354918346266167	2.4652852256489703	2.3713438853658833	2.03735209445161	2.1828383245006537	1.8514446662597062	1.558347497940859	2.067954448519663	2.079158085879741	1.9099641759145096	1.8771612475043074	0.018649467759336957	0.08251446095177034
VUILD48LA2_150_19_18	VUILD48LA2	VUILD48	fold_3	macrophage_profibrotic	DISEASE_ADJUSTED	1.5613071089456	1.8819064151488019	1.7144420931787887	1.6473718029372408	1.3238951633917755	1.4483124762084851	1.8165624131414124	1.5583563371087843	1.7753297018996972	1.8463599709010137	1.4643403455912434	1.786351614461576	-0.08606469399164074	-0.1723513150925585
VUILD48LA2_150_2_13	VUILD48LA2	VUILD48	fold_3	macrophage_profibrotic	DISEASE_ADJUSTED	1.44742709628802	1.6488427960193175	1.9874083449311977	1.8939488714740638	1.8127922776501137	1.9169233426993804	1.5219141255080348	1.5582665283622326	2.002132896491551	1.6331426280150412	1.7966948901358166	1.520667139667384	-0.44652177518604375	0.06272334761893297
VUILD48LA2_150_2_14	VUILD48LA2	VUILD48	fold_3	macrophage_profibrotic	DISEASE_ADJUSTED	1.96901383968675	1.6604464411498636	2.053857128585233	2.0703728044978265	2.3026774588960146	2.3157938225872914	1.6816572872666982	1.558268738154214	2.3334158373533964	2.337750596446486	2.3508326892720994	2.2794272838249667	-0.10135896481107642	0.10450212744662421
VUILD48LA2_150_2_15	VUILD48LA2	VUILD48	fold_3	macrophage_profibrotic	DISEASE_ADJUSTED	1.82920837418662	1.67205008628041	1.9042903470297738	1.959947039298647	2.0083198766749732	2.0778943347536214	1.4668184774837245	1.5582709479461954	1.876043953096759	1.8984131284434336	1.757476200160658	1.7566877489745276	-0.13073866511202703	0.11212416495451358
VUILD48LA2_150_3_11	VUILD48LA2	VUILD48	fold_3	macrophage_profibrotic	DISEASE_ADJUSTED	1.19271469575216	1.6359322936097989	1.4607184279072225	1.4206868765150915	1.0318869435004512	1.1054388382771507	1.133052598709551	1.558266741706896	1.2512475676230275	1.3890783962733955	1.1385633207260115	1.304386050320463	-0.22797218076293158	-0.06020171599576528
VUILD48LA2_150_3_14	VUILD48LA2	VUILD48	fold_3	macrophage_profibrotic	DISEASE_ADJUSTED	1.93083251887222	1.6707432290014372	1.5010318793926114	1.4944283407632133	1.658900955295597	1.6177860119870913	1.41431068999341	1.5582733710828403	1.6139030168823867	1.5531566364533707	1.6603846036538141	1.5470453966492341	0.43640417810900667	0.04984764478400944
VUILD48LA2_150_3_15	VUILD48LA2	VUILD48	fold_3	macrophage_profibrotic	DISEASE_ADJUSTED	1.73670380870485	1.6823468741319836	1.652546361635216	1.681861585065109	1.8729848584650914	1.7976855628079695	1.6439464044457228	1.5582755808748214	1.5526096315064462	1.5456982976549012	1.674089103104577	1.4714213161444303	0.054842223639741006	0.08548587022001819
VUILD48LA2_150_4_14	VUILD48LA2	VUILD48	fold_3	macrophage_profibrotic	DISEASE_ADJUSTED	1.06106656024171	1.6810400168530109	1.6688960624116482	1.7168300015143787	1.5340454963213497	1.5114387174951818	1.5087966273066369	1.5582780040114663	1.764881887006628	1.6951902768735105	1.7141987943087678	1.6159196131015348	-0.6557634412726687	-0.1017037375651016
VUILD48LA2_150_4_18	VUILD48LA2	VUILD48	fold_3	macrophage_profibrotic	DISEASE_ADJUSTED	0.786056970527772	1.727454597375196	1.5226944059866858	1.6268739583854666	1.3279624119919233	1.2348834488864615	1.4911663535015915	1.5582868431793917	1.2717697003321566	1.5211833848970646	1.3562239997525822	1.5702983817420373	-0.8408169878576945	-0.24383999077409882
VUILD48LA2_150_4_19	VUILD48LA2	VUILD48	fold_3	macrophage_profibrotic	DISEASE_ADJUSTED	0.746717179232991	1.7390582425057424	1.8144163940222466	1.859516365805269	1.5457727609817562	1.5410214592916187	1.6322986683901195	1.558289052971373	1.4541791229114023	1.7145944020638515	1.3100356065167793	1.6883640556183808	-1.112799186572278	-0.046031540070970385
VUILD48LA2_150_4_20	VUILD48LA2	VUILD48	fold_3	macrophage_profibrotic	DISEASE_ADJUSTED	1.0254970718967	1.7506618876362885	1.8976418992933919	1.8945365645517414	1.8716695101522407	1.9319601648600047	1.755849942655543	1.5582912627633545	1.936036077246338	1.7404585637256038	1.8556702941663863	1.6525376108969296	-0.8690394926550413	0.19195407989814808
VUILD48LA2_150_5_11	VUILD48LA2	VUILD48	fold_3	macrophage_profibrotic	DISEASE_ADJUSTED	1.38369440000329	1.656525869312946	2.3319190905904863	2.2779584854019532	1.8358537066879472	1.9831589450745883	1.7062960674761178	1.5582760075641484	2.135681216806778	2.043596597591356	1.9882182081018087	1.9107958924511663	-0.8942640853986632	0.07082903111366604
VUILD48LA2_150_5_14	VUILD48LA2	VUILD48	fold_3	macrophage_profibrotic	DISEASE_ADJUSTED	0.844188943550955	1.6913368047045847	1.5082453509628493	1.6009743606999194	1.3120485683388907	1.405184455833591	1.5215999333151928	1.5582826369400926	1.5037831681013443	1.5039689813945092	1.4528599059154754	1.337908823769093	-0.7567854171489644	0.04586493740176138
VUILD48LA2_150_5_15	VUILD48LA2	VUILD48	fold_3	macrophage_profibrotic	DISEASE_ADJUSTED	2.24374998735075	1.7029404498351308	1.9697980861367088	1.9815965512441682	2.1376282436033183	2.0815765334480476	1.6678177385882154	1.5582848467320738	2.246160432563136	1.8897156092859209	2.144197260353745	1.8541562504284674	0.2621534361065816	0.03626153080132315
VUILD48LA2_150_5_16	VUILD48LA2	VUILD48	fold_3	macrophage_profibrotic	DISEASE_ADJUSTED	1.83689962023839	1.7145440949656772	1.8054984869837967	1.9014963113655259	1.6616712840075414	1.6788456113193175	1.5631867378929125	1.5582870565240552	1.610833922068727	1.4789221090693627	1.5063191852359585	1.3677443286719004	-0.06459669112713584	-0.12669225401069178
VUILD48LA2_150_5_19	VUILD48LA2	VUILD48	fold_3	macrophage_profibrotic	DISEASE_ADJUSTED	0.579824654235877	1.749355030357316	1.7565425153688885	1.7067242787576238	1.3848471142279974	1.4094109822362155	1.58432974381993	1.5582936858999994	1.6506619318915374	1.590524470134488	1.5162726753043712	1.5424065293925022	-1.1268996245217466	-0.1260044365031612
VUILD48LA2_150_5_20	VUILD48LA2	VUILD48	fold_3	macrophage_profibrotic	DISEASE_ADJUSTED	0.949199421346532	1.7609586754878621	1.4570003643007041	1.5887440001456603	1.4613802405459018	1.471332266910454	1.6333980345987091	1.5582958956919806	1.587136436385651	1.6058383815047095	1.700629553310728	1.620304190178172	-0.6395445787991283	-0.035966836944297004
VUILD48LA2_150_5_21	VUILD48LA2	VUILD48	fold_3	macrophage_profibrotic	DISEASE_ADJUSTED	1.78084332714053	1.7725623206184085	1.6151392826143325	1.7320965581798757	1.8128044893241035	1.7939340536989414	1.6577223902964304	1.558298105483962	2.017306210533606	1.7233920781338605	1.9123295470583264	1.6585906249917117	0.04874676896065422	0.11530505411989034
VUILD48LA2_150_5_5	VUILD48LA2	VUILD48	fold_3	macrophage_profibrotic	DISEASE_ADJUSTED	2.36886781643332	1.5869039985296685	1.5129971938135518	1.7362320393919422	1.7676264355918843	1.9102247269213062	1.3523205369852	1.5582627488122602	2.126837526424648	2.0370812093162294	1.92586703379631	1.9022020393831027	0.6326357770413777	0.14449224946962128
VUILD48LA2_150_5_8	VUILD48LA2	VUILD48	fold_3	macrophage_profibrotic	DISEASE_ADJUSTED	0.836349849107497	1.6217149339213073	1.6001179004382866	1.5739059241521136	1.3833422161973756	1.399919417777622	1.360009116630948	1.5582693781882044	1.4635970309939297	1.573060605096942	1.5581070024508117	1.487087531464593	-0.7375560750446166	-0.07605917306265265
VUILD48LA2_150_5_9	VUILD48LA2	VUILD48	fold_3	macrophage_profibrotic	DISEASE_ADJUSTED	1.06980212864504	1.6333185790518536	1.701853673703648	1.7382070301911092	1.8422372827384759	1.7451329815935888	1.334555329546958	1.5582715879801858	1.6312970893552288	1.5738461984772258	1.7322087878586232	1.6167434985775848	-0.6684049015460691	-0.05005281238434044
VUILD48LA2_150_6_11	VUILD48LA2	VUILD48	fold_3	macrophage_profibrotic	DISEASE_ADJUSTED	1.89987867804644	1.66682265716452	1.9049837418569893	1.9358215004046673	2.042447284230261	2.1057361848102354	1.3777841698156486	1.5582806404927747	1.984665013541435	2.012063330363829	1.9008031870497109	1.8985698880539106	-0.03594282235822721	0.1481061692210293
VUILD48LA2_150_6_12	VUILD48LA2	VUILD48	fold_3	macrophage_profibrotic	DISEASE_ADJUSTED	2.30242138965661	1.6784263022950663	2.215655065486564	2.153082961063441	2.075878848072946	2.2303119380946574	1.7677146457613222	1.5582828502847559	2.288404746783864	2.079430925101085	2.0254213845912608	1.8943184497822045	0.1493384285931687	0.16705557909499527
VUILD48LA2_150_6_15	VUILD48LA2	VUILD48	fold_3	macrophage_profibrotic	DISEASE_ADJUSTED	0.910159880988877	1.7132372376867047	1.4972988998523435	1.7054093739572909	1.2848048652946675	1.3702488080600672	1.3243180128545047	1.5582894796607	1.342999730508125	1.5330733714391946	1.2056765777032177	1.3653106265517954	-0.7952494929684139	-0.09681629510163153
VUILD48LA2_150_6_16	VUILD48LA2	VUILD48	fold_3	macrophage_profibrotic	DISEASE_ADJUSTED	2.40325820771473	1.724840882817251	2.728472850509075	2.6976674069655253	2.549323084627477	2.6154653114592605	1.6232859306214966	1.5582916894526815	2.5791702278703874	2.5492448897623965	2.4509256642708936	2.386703793104993	-0.29440919925079534	0.06115153426279599
VUILD48LA2_150_6_17	VUILD48LA2	VUILD48	fold_3	macrophage_profibrotic	DISEASE_ADJUSTED	3.01555033144749	1.7364445279477974	3.2756009373107204	3.2957151051752263	2.7255268487127564	2.9165460304584334	1.9975502643594054	1.5582938992446627	2.7069778999300063	2.9629892145749768	2.276310029859637	2.635354987188629	-0.2801647737277362	0.2414609053947063
VUILD48LA2_150_6_22	VUILD48LA2	VUILD48	fold_3	macrophage_profibrotic	DISEASE_ADJUSTED	1.31787426364541	1.7944627536005286	1.4440459594615793	1.5940274983258924	1.5250259803964041	1.5287480374234999	1.5580609612994392	1.5583049482045694	1.4078008985579413	1.298799519555464	1.4890753360411593	1.2493369257432674	-0.2761532346804825	0.06474497941060235
VUILD48LA2_150_6_4	VUILD48LA2	VUILD48	fold_3	macrophage_profibrotic	DISEASE_ADJUSTED	1.1378492476144	1.5855971412506962	1.678480061011236	1.7064266240315868	1.9116441313228556	1.8836044302831598	1.7293030941710907	1.5582651719489051	1.4481109388439768	1.9626194490843325	1.6303912847070483	1.9141282688206416	-0.5685773764171869	0.11170496441098265
VUILD48LA2_150_6_5	VUILD48LA2	VUILD48	fold_3	macrophage_profibrotic	DISEASE_ADJUSTED	1.68370111185151	1.5972007863812423	1.9610092038888807	1.8857531299361763	1.4134019790178705	1.5656910685954306	1.6543681248550395	1.5582673817408865	1.7153613255058178	1.7951072197862854	1.5712480861157947	1.6335632263423725	-0.20205201808466633	0.04489216832604659
VUILD48LA2_150_6_6	VUILD48LA2	VUILD48	fold_3	macrophage_profibrotic	DISEASE_ADJUSTED	2.70481202118429	1.6088044315117886	2.3356085770755275	2.3080157033677073	2.251496347623874	2.37258892281318	1.856406776442503	1.558269591532868	2.409670953250813	2.515640192281637	2.2532109049642184	2.3893950411529374	0.39679631781658253	0.19725872192438823
VUILD48LA2_150_6_7	VUILD48LA2	VUILD48	fold_3	macrophage_profibrotic	DISEASE_ADJUSTED	1.80325814322929	1.620408076642335	1.898801462642088	1.8264610066255151	1.8221188803074655	1.8925325179978245	1.7260425091840228	1.558271801324849	2.2902890950736197	1.8488486549175456	2.012568941300219	1.756176358263467	-0.023202863396225126	0.07607170107112365
VUILD48LA2_150_6_9	VUILD48LA2	VUILD48	fold_3	macrophage_profibrotic	DISEASE_ADJUSTED	1.02914552149554	1.6436153669034275	1.7035276500739467	1.6264374737339138	1.5174136568839134	1.535660118404108	1.2180969896307552	1.558276220908812	1.5862280894401466	1.4695532909611881	1.4981818465361347	1.3896752802054602	-0.5972919522383737	-0.028609797221636875
VUILD48LA2_150_7_11	VUILD48LA2	VUILD48	fold_3	macrophage_profibrotic	DISEASE_ADJUSTED	1.96764525746721	1.6771194450160938	2.218769278045771	2.120133816112137	1.7911951372231518	1.960851941599424	1.4674100976217481	1.5582852734214008	2.0258530218125426	1.838881221372874	1.7569281963605499	1.6652454111327444	-0.15248855864492694	0.10257947815516211
VUILD48LA2_150_7_12	VUILD48LA2	VUILD48	fold_3	macrophage_profibrotic	DISEASE_ADJUSTED	1.1375705620311	1.68872309014664	1.7619810147528436	1.7765661403484871	1.251798190407189	1.3162919864193356	1.2980045927006212	1.5582874832133822	1.3670711847191146	1.3429269059705982	1.260132521859484	1.2814911418829724	-0.6389955783173871	-0.11373464404804948
VUILD48LA2_150_7_13	VUILD48LA2	VUILD48	fold_3	macrophage_profibrotic	DISEASE_ADJUSTED	2.08052480213537	1.7003267352771858	2.166604750783761	2.1330249830915418	1.9923450947590955	2.090166254425154	1.5177880481654604	1.5582896930053636	1.8669799836364098	1.9522122740833108	1.6383944487743771	1.7505771905343013	-0.052500180956171594	0.13298978674538967
VUILD48LA2_150_7_16	VUILD48LA2	VUILD48	fold_3	macrophage_profibrotic	DISEASE_ADJUSTED	1.47054886183254	1.7351376706688246	1.7434210673141088	1.8338300948242288	1.6187346995063099	1.6571060806892024	1.8630924252790875	1.5582963223813076	1.5371956596564986	1.5733765928915031	1.4831410745131282	1.5030095841884767	-0.3632812329916888	-0.06653047426863903
VUILD48LA2_150_7_22	VUILD48LA2	VUILD48	fold_3	macrophage_profibrotic	DISEASE_ADJUSTED	0.154811120320724	1.8047595414521023	1.0823888249646116	1.159996000488244	1.4681856511505849	1.2463628360147208	1.4675514549685422	1.5583095811331957	1.1033961032236403	1.1718765784508136	1.2354859880817919	1.3112584383977988	-1.0051848801675198	0.03149246288763151
VUILD48LA2_150_7_4	VUILD48LA2	VUILD48	fold_3	macrophage_profibrotic	DISEASE_ADJUSTED	1.2107047447697	1.5958939291022698	1.6984215061695822	1.6550018485490035	1.6596522140798344	1.6841639227667915	1.3846545025708297	1.5582698048775314	1.9686359063389405	1.931413646690769	1.79603124621421	1.8563629870242018	-0.44429710377930354	0.00812683905919014
VUILD48LA2_150_7_5	VUILD48LA2	VUILD48	fold_3	macrophage_profibrotic	DISEASE_ADJUSTED	1.44384121507613	1.6074975742328161	1.5285360936961627	1.616647346541541	0.8918610762841751	1.0225824356064965	1.5224426332538432	1.5582720146695126	1.2721667382187978	0.9900339209929104	1.1483833761457842	0.881004458441057	-0.17280613146541102	-0.2224058891857543
VUILD48LA2_150_7_7	VUILD48LA2	VUILD48	fold_3	macrophage_profibrotic	DISEASE_ADJUSTED	0.889856785782815	1.6307048644939086	1.523349233990509	1.5574640259624828	1.160602301340608	1.1387592388940813	1.463085053047389	1.5582764342534754	1.4633670220775699	1.3276791868957185	1.4104445376745312	1.300286901115026	-0.6676072401796678	-0.1152343758651633
VUILD48LA2_150_7_8	VUILD48LA2	VUILD48	fold_3	macrophage_profibrotic	DISEASE_ADJUSTED	1.10345560889549	1.642308509624455	1.6614949129756733	1.6412219267891914	1.3252938701357626	1.3259901721605625	1.2437794748776783	1.5582786440454568	1.4724400523057204	1.5397914342507923	1.4466712163851956	1.5228562479044467	-0.5377663178937013	-0.06780269204240151
VUILD48LA2_150_7_9	VUILD48LA2	VUILD48	fold_3	macrophage_profibrotic	DISEASE_ADJUSTED	0.932468307000037	1.653912154755001	1.5082688129352717	1.507161812924845	1.705292629657339	1.7286367789882588	1.5336064034774548	1.558280853837438	1.75552514552846	1.527226081899092	1.7187436842872412	1.4511777864604776	-0.574693505924808	0.07151528581724817
VUILD48LA2_150_8_12	VUILD48LA2	VUILD48	fold_3	macrophage_profibrotic	DISEASE_ADJUSTED	0.94859897931182	1.6990198779982135	1.6184187256055436	1.6581235731534023	1.2136477636600618	1.2627619435748738	1.6357227315961302	1.5582921161420082	1.3280614813636733	1.4368205370576304	1.3444844701206438	1.406451357769732	-0.7095245938415823	-0.21385877443165305
VUILD48LA2_150_8_13	VUILD48LA2	VUILD48	fold_3	macrophage_profibrotic	DISEASE_ADJUSTED	2.71649594503338	1.7106235231287594	2.1401665214199497	2.0747581188530066	2.411595990444771	2.3929194758280676	1.7125553804480527	1.5582943259339896	2.2867639830076425	2.4587885918259835	2.2915232136132255	2.5499178917136787	0.6417378261803734	0.049951423533780376
VUILD48LA2_150_8_15	VUILD48LA2	VUILD48	fold_3	macrophage_profibrotic	DISEASE_ADJUSTED	0.453411361089006	1.7338308133898521	1.7751587314663997	1.7379827213600145	1.1947858504695998	1.183616822240414	1.530185120240576	1.5582987455179524	1.2397392650226502	1.1354493771046994	1.299076108377833	1.1109567501431061	-1.2845713602710085	-0.19656473252345305
VUILD48LA2_150_8_16	VUILD48LA2	VUILD48	fold_3	macrophage_profibrotic	DISEASE_ADJUSTED	1.32827543982963	1.7454344585203985	1.601553059462052	1.6922575466298613	1.5968382641300765	1.6210793411853146	1.585419414356543	1.5583009553099338	1.5626259225492938	1.4366951486018793	1.5191083867455988	1.3485995618941553	-0.36398210680023135	-0.0012359734828345497
VUILD48LA2_150_8_17	VUILD48LA2	VUILD48	fold_3	macrophage_profibrotic	DISEASE_ADJUSTED	1.09196908428457	1.7570381036509446	1.6480430777214863	1.8035848426148016	1.569513495181213	1.6745279735498175	1.7442235124090002	1.558303165101915	1.3726438815296846	1.828491209956474	1.213785716326531	1.6953947176538373	-0.7116157583302316	-0.01745976754311529
VUILD48LA2_150_8_18	VUILD48LA2	VUILD48	fold_3	macrophage_profibrotic	DISEASE_ADJUSTED	1.48667047093927	1.768641748781491	1.6734977663166708	1.7334511455753705	1.2109583331316203	1.2573248420737722	1.6957685936626263	1.5583053748938964	1.6288826159865653	1.5588322042737603	1.4586476891572362	1.5193213106012131	-0.24678067463610054	-0.10918307516998192
VUILD48LA2_150_8_22	VUILD48LA2	VUILD48	fold_3	macrophage_profibrotic	DISEASE_ADJUSTED	0.645404698448778	1.815056329303676	1.4058421880322558	1.3444591051230865	1.3051906062068053	1.233859980606704	1.5310607588522749	1.5583142140618218	1.1294549138800702	1.1900033179654215	1.2795603347132765	1.2359467707529297	-0.6990544066743085	-0.004582267222650285
VUILD48LA2_150_8_4	VUILD48LA2	VUILD48	fold_3	macrophage_profibrotic	DISEASE_ADJUSTED	1.256566742356	1.6061907169538434	1.8389131565225223	1.90152689605304	1.276006677588216	1.3852586119353494	1.2879562507509372	1.5582744378061575	1.0421471804400848	1.447118480544834	1.1029634725733213	1.274035384003544	-0.64496015369704	-0.061150293347165735
VUILD48LA2_150_8_5	VUILD48LA2	VUILD48	fold_3	macrophage_profibrotic	DISEASE_ADJUSTED	2.75383305575653	1.6177943620843898	2.7498248890384467	2.633869072945975	2.471717204712496	2.6401821456911865	1.7887974847738102	1.5582766475981389	2.6390945180634273	2.3587485588967088	2.286608683798696	2.132250298285287	0.11996398281055498	0.213814024796703
VUILD48LA2_150_8_6	VUILD48LA2	VUILD48	fold_3	macrophage_profibrotic	DISEASE_ADJUSTED	2.10001266492724	1.6293980072149359	2.372857909173758	2.381647027739577	2.072654619447324	2.248330418496449	1.6382567997322055	1.5582788573901203	2.21611001503618	2.3253291389713597	1.9755881985350388	2.1387111550637377	-0.281634362812337	0.07557438028136858
VUILD48LA2_150_8_7	VUILD48LA2	VUILD48	fold_3	macrophage_profibrotic	DISEASE_ADJUSTED	1.09264794415803	1.6410016523454822	2.033517102601253	2.0550300671229706	1.5361833919964212	1.6840350449508619	1.536715141649273	1.5582810671821015	1.94685956656584	1.5577142120039564	1.6382470900406003	1.4114099765343724	-0.9623821229649407	-0.008008353839320009
VUILD48LA2_150_8_8	VUILD48LA2	VUILD48	fold_3	macrophage_profibrotic	DISEASE_ADJUSTED	1.28163700119922	1.6526052974760286	1.7470690026649442	1.6729731040984233	1.4965878385876221	1.4833658539214172	1.855701037698422	1.5582832769740829	1.5573250399432272	1.6221250142710797	1.4729786831100655	1.5950873341644438	-0.3913361028992033	-0.17383767334343822
VUILD48LA2_150_8_9	VUILD48LA2	VUILD48	fold_3	macrophage_profibrotic	DISEASE_ADJUSTED	0.942890578795391	1.6642089426065747	1.6458183959352175	1.649360171648521	1.5397184503999142	1.5622253937558264	1.568081175791866	1.5582854867660643	1.5434031545131675	1.6111991468940265	1.5916213995903106	1.5765089156270213	-0.7064695928531299	-0.03498634370797092
VUILD48LA2_150_9_10	VUILD48LA2	VUILD48	fold_3	macrophage_profibrotic	DISEASE_ADJUSTED	1.70034540365485	1.6861093755886947	1.6390829748556586	1.582692001816603	1.541139903044061	1.5775860282404448	1.5711627333193576	1.5582923294866717	1.52743163767093	1.511941971747223	1.5592037717226122	1.4105595611809152	0.11765340183824691	0.003754758116953947
VUILD48LA2_150_9_11	VUILD48LA2	VUILD48	fold_3	macrophage_profibrotic	DISEASE_ADJUSTED	2.09838426599566	1.697713020719241	1.8223205830429432	1.8003501328824787	1.6864493008470982	1.8434465010865178	1.575392492649208	1.5582945392786531	1.930398601634606	1.734733275515804	1.6018652493386205	1.552361224011032	0.2980341331131813	0.11363800707219229
VUILD48LA2_150_9_12	VUILD48LA2	VUILD48	fold_3	macrophage_profibrotic	DISEASE_ADJUSTED	2.50603617383579	1.7093166658497871	2.04159001659814	1.9577628045919715	1.8701802412975164	2.0356761402353003	1.701008419608361	1.5582967490706345	2.1061608033128696	2.0477190940290884	1.9218946170896647	1.9211565656352354	0.5482733692438186	0.13366790575902232
VUILD48LA2_150_9_15	VUILD48LA2	VUILD48	fold_3	macrophage_profibrotic	DISEASE_ADJUSTED	1.3061098166081	1.7441276012414257	1.6149886094018264	1.6701787083183905	1.7107816161542853	1.6791508054354676	1.5580333592841469	1.5583033784465785	1.6724151732674437	1.7078835102347703	1.7162772159505615	1.7414304359348396	-0.36406889171029055	-0.10021285668087067
VUILD48LA2_150_9_16	VUILD48LA2	VUILD48	fold_3	macrophage_profibrotic	DISEASE_ADJUSTED	0.680309905240653	1.755731246371972	1.8087340249990391	1.770144762918859	1.181769131752476	1.2326248255841177	1.5679005037020868	1.55830558823856	1.5005906768215391	1.4578958084950986	1.3522400358203155	1.4056132620621695	-1.089834857678206	-0.2399344927833573
VUILD48LA2_150_9_18	VUILD48LA2	VUILD48	fold_3	macrophage_profibrotic	DISEASE_ADJUSTED	0.182708093770877	1.7789385366330646	0.6076955543110694	0.8719514969532214	1.7211271962251768	1.1825229847023229	1.8524945171450264	1.5583100078225227	0.38755180441460757	1.0083635997585765	1.205478203029253	1.4611901045751157	-0.6892434031823444	-0.16749080130783486
VUILD48LA2_150_9_20	VUILD48LA2	VUILD48	fold_3	macrophage_profibrotic	DISEASE_ADJUSTED	1.66747111226366	1.802145826894157	1.848217021755445	1.8593585649271236	1.772849016684509	1.829577430599657	1.6957895567185788	1.5583144274064853	1.8624670636222047	1.9627794561169933	1.8186569795122598	1.8117409618039275	-0.19188745266346352	0.020562445431596413
VUILD48LA2_150_9_22	VUILD48LA2	VUILD48	fold_3	macrophage_profibrotic	DISEASE_ADJUSTED	1.71944658069572	1.8253531171552497	1.756927357619629	1.7301421092407345	1.7812629285487553	1.7893579749048052	1.5392344988135291	1.558318846990448	1.8852234743098686	1.6465035353002342	1.8342821387096508	1.6116407659465577	-0.010695528545014543	0.05636786727508859
VUILD48LA2_150_9_4	VUILD48LA2	VUILD48	fold_3	macrophage_profibrotic	DISEASE_ADJUSTED	1.0797406672854	1.616487504805417	1.736056161540193	1.7189724050296367	1.718809247168636	1.7572369169714341	1.5366614756068973	1.5582790707347836	1.7434956031770759	1.9592182185196445	1.8764258318667077	1.8500827595947489	-0.6392317377442367	0.138369993724858
VUILD48LA2_150_9_6	VUILD48LA2	VUILD48	fold_3	macrophage_profibrotic	DISEASE_ADJUSTED	1.17833145920142	1.6396947950665097	1.7174563345761023	1.7518138400078342	1.3162846828690584	1.5179145239394471	1.5444423318905751	1.5582834903187464	1.7038120698910941	1.5386934938279646	1.3964426420314529	1.3070999328149313	-0.5734823808064142	-0.07171541821748406
VUILD48LA2_150_9_7	VUILD48LA2	VUILD48	fold_3	macrophage_profibrotic	DISEASE_ADJUSTED	1.69426530162117	1.6512984401970559	1.9006415795241831	1.8728320812235104	1.622115766298865	1.7313826544634552	1.4674007874088844	1.5582857001107278	1.866888708098197	1.6605084314059724	1.5416154562071909	1.5819856414122835	-0.17856677960234046	-0.02752692581073506
VUILD48LA2_150_9_8	VUILD48LA2	VUILD48	fold_3	macrophage_profibrotic	DISEASE_ADJUSTED	1.42127458903596	1.6629020853276022	1.4954018707612218	1.5676920845974425	1.2507800318601863	1.281633100817792	1.340197395610582	1.5582879099027092	1.4474156741113695	1.3505190087839931	1.225883565997588	1.2807297513113889	-0.14641749556148254	-0.1971014102796664
VUILD48LA2_150_9_9	VUILD48LA2	VUILD48	fold_3	macrophage_profibrotic	DISEASE_ADJUSTED	1.25237226161492	1.6745057304581485	1.889672081339711	1.811252694154331	1.6603176387874503	1.6441243898127202	1.4179211710539121	1.5582901196946903	1.5771907558821654	1.296191843286795	1.6669421375919182	1.214780782491726	-0.558880432539411	-0.10403483760425128
VUILD91LA_150_11_1	VUILD91LA	VUILD91	fold_3	macrophage_profibrotic	DISEASE_ADJUSTED	3.24909462645488	1.6371522263223262	2.048288889500256	2.1278617786227887	1.9939263849928446	1.7793578751882682	1.7637627468530117	1.5582738443573698	1.5473314916851637	1.776227923237575	2.0745785182471885	1.9930550610891358	1.1212328478320912	-0.014885161765293337
VUILD91LA_150_11_13	VUILD91LA	VUILD91	fold_3	macrophage_profibrotic	DISEASE_ADJUSTED	2.24330871774526	1.8680577003619623	1.8905702689683717	1.9056902438691772	2.1499255169300575	1.926521101732237	1.7624772880055692	1.5583102083271019	2.052133735383425	2.0018157621149384	1.9783306296569954	2.1377579187523543	0.3376184738760828	0.009042455682730242
VUILD91LA_150_18_8	VUILD91LA	VUILD91	fold_3	macrophage_profibrotic	DISEASE_ADJUSTED	2.6540570544087	1.8581829100549143	2.391299372948984	2.389720940354187	2.3125916988765676	2.3459462560620223	1.7662124110265238	1.5583314418949945	2.2976599015050545	2.246542948691807	2.0702607898784913	2.198439004139315	0.26433611405451307	0.10626152174091089
VUILD91LA_150_19_13	VUILD91LA	VUILD91	fold_3	macrophage_profibrotic	DISEASE_ADJUSTED	2.18557732562302	1.966727213363258	2.28038017787024	2.3897882277426925	1.9352183278632595	2.0262168278995487	1.8882900459836303	1.558351791437899	2.372965433003234	1.9118472281472425	2.0628160254449477	1.795024973954719	-0.20421090211967252	-0.007314584062659951
VUILD91LA_150_19_7	VUILD91LA	VUILD91	fold_3	macrophage_profibrotic	DISEASE_ADJUSTED	2.76045463183515	1.85127447634344	2.356613928785321	2.3498083886574737	2.4137417168649833	2.382273455755652	1.8324107834760146	1.5583336094530331	2.276179683532929	2.1999498992072493	2.248116855849568	2.253582338817405	0.4106462431776765	0.1841809073321409
VUILD91LA_150_19_8	VUILD91LA	VUILD91	fold_3	macrophage_profibrotic	DISEASE_ADJUSTED	3.21061514458527	1.8705165991800763	2.2757496769328527	2.301015187345855	2.084440329633385	2.1450677132512377	1.679488802102132	1.558336639783844	2.355068669357071	2.0700931754816247	2.1069858571595845	2.033322796226636	0.9095999572394153	0.12414187519267872
VUILD91LA_150_3_10	VUILD91LA	VUILD91	fold_3	macrophage_profibrotic	DISEASE_ADJUSTED	2.98877290829159	1.7116618188507577	2.0107203062108843	1.9333129900780275	1.8105727633628173	1.8287378809004315	1.6701068075957044	1.5582595342238719	1.70119048709258	1.5566762589501675	1.616167682816088	1.4882424466561115	1.0554599182135624	0.1923877950552759
VUILD91LA_150_3_12	VUILD91LA	VUILD91	fold_3	macrophage_profibrotic	DISEASE_ADJUSTED	1.73507299063557	1.7501460645240303	1.8787619552408634	1.9325143749940872	1.9928282856894117	2.013898758234537	1.5135034122172875	1.5582655948854938	2.162179369439599	1.8650622503100116	2.0941212124509274	1.8039825652047294	-0.1974413843585172	0.11580637283453385
VUILD91LA_150_3_2	VUILD91LA	VUILD91	fold_3	macrophage_profibrotic	DISEASE_ADJUSTED	2.35014425471911	1.5577248361576668	2.530759810650095	2.428775297216575	1.9064520559182703	1.9893555327084949	1.7286129573084774	1.5582352915773838	2.215978081958343	2.195298976037207	1.9699939927190644	2.099995326675333	-0.07863104249746478	0.001920504807616446
VUILD91LA_150_4_13	VUILD91LA	VUILD91	fold_3	macrophage_profibrotic	DISEASE_ADJUSTED	1.09617631821062	1.7817218764858285	1.812672853490063	1.8476777479234086	1.5438231961915043	1.4864409468115807	1.6827450634366394	1.5582738231051545	1.425846464591231	1.4767456744913774	1.5627526160328893	1.5074183935484669	-0.7515014297127887	-0.13472352611481125
VUILD91LA_150_4_14	VUILD91LA	VUILD91	fold_3	macrophage_profibrotic	DISEASE_ADJUSTED	1.58377773892725	1.800963999322465	1.9555356094539988	2.04515165919421	2.116362638931019	2.0960156980115414	1.5675067971322865	1.5582768534359654	1.944108695279297	1.8132748615232783	1.8724229219414108	1.7732357405524812	-0.46137392026696	0.021891052101200518
VUILD91LA_150_4_2	VUILD91LA	VUILD91	fold_3	macrophage_profibrotic	DISEASE_ADJUSTED	1.33869752549545	1.5700585252828287	1.9819555371754825	2.0515080957786687	1.6004647108005496	1.5707590257233788	2.097888441471217	1.5582404894662334	1.6840706435004322	1.83974000318537	1.7316856054416716	1.8140434354821386	-0.7128105702832186	0.12041141631416305
VUILD91LA_150_4_3	VUILD91LA	VUILD91	fold_3	macrophage_profibrotic	DISEASE_ADJUSTED	2.37718620249219	1.589300648119465	1.9250365402937977	2.0163251260986566	1.841764208698199	1.7685297125571537	2.020583253932158	1.5582435197970443	1.926664731261551	1.9109839083818623	1.887289210495881	2.0067407106382134	0.3608610763935336	0.03386960905464499
VUILD91LA_150_5_1	VUILD91LA	VUILD91	fold_3	macrophage_profibrotic	DISEASE_ADJUSTED	2.71446234636767	1.5631500915713543	2.933015573912269	2.861687187570931	2.0791923498846305	2.1675086650351965	2.1183616270553536	1.558242657024272	2.1666290282016463	2.496041708293362	2.0272425822223403	2.3697896201857582	-0.1472248412032613	0.02419319850650382
VUILD91LA_150_5_14	VUILD91LA	VUILD91	fold_3	macrophage_profibrotic	DISEASE_ADJUSTED	1.63837849751759	1.813297688447627	1.7429133684134508	1.717405653945328	1.5053923314338054	1.4842888392789853	1.4410654708530999	1.558282051324815	1.4081391318458574	1.2206982880646966	1.4386731213843993	1.2970268716654902	-0.07902715642773805	-0.003914019853030259
VUILD91LA_150_9_9	VUILD91LA	VUILD91	fold_3	macrophage_profibrotic	DISEASE_ADJUSTED	3.58194606547503	1.7664218307650927	3.0687497868160314	2.9267802051837792	2.3605529983171123	2.5529888419199644	1.8706659565100676	1.5582876912261587	2.813590970875537	2.6902517520416263	2.4070088523631945	2.4633328101526004	0.6551658602912509	0.1025764829247888
VUILD91MA_150_10_0	VUILD91MA	VUILD91	fold_3	macrophage_profibrotic	DISEASE_ADJUSTED	2.75336847224638	1.581781648756391	2.286996496394615	2.178821698500899	2.2156053449246533	2.2600415956527686	1.5893376550328027	1.5582678251700863	2.5137900324115745	2.2179600875752397	2.4360007601621994	2.1874139564597472	0.5745467737454808	0.12113453702726235
VUILD91MA_150_10_14	VUILD91MA	VUILD91	fold_3	macrophage_profibrotic	DISEASE_ADJUSTED	1.78365381249317	1.7844733833812678	1.5285058974119299	1.7289123908601702	1.4525798281859221	1.4004332415714278	1.6556535933441052	1.5583030849855268	1.8268480702027392	1.4802319036209441	1.7167171448256586	1.4811966692515717	0.054741421632999776	-0.180989920579491
VUILD91MA_150_11_12	VUILD91MA	VUILD91	fold_3	macrophage_profibrotic	DISEASE_ADJUSTED	2.82968850388875	1.7658118061592438	1.316904163033086	1.3946210831710133	1.6194691418329488	1.6106970000154786	1.0741075784371241	1.5583026801311637	1.1288020011797606	1.4617592394484913	1.117389309346674	1.5278482686829418	1.4350674207177365	-0.07516684153287462
VUILD91MA_150_11_13	VUILD91MA	VUILD91	fold_3	macrophage_profibrotic	DISEASE_ADJUSTED	2.02626771591877	1.780289787203878	2.342286681229093	2.343183163635621	1.6744155273711858	1.7339384768218074	2.008614422459978	1.5583051986894094	1.2956005081053508	1.6242637872721155	1.193313733234855	1.5600823200066367	-0.316915447716851	0.05694743729693509
VUILD91MA_150_12_10	VUILD91MA	VUILD91	fold_3	macrophage_profibrotic	DISEASE_ADJUSTED	1.61084155697463	1.74715022893722	1.443043458465503	1.4595045985223458	1.2443468846947183	1.1955910377582808	1.628647119632566	1.5583022752768003	0.9375609779781057	1.2335229004366326	1.1500685211423445	1.3480158572915117	0.15133695845228412	-0.15618458249302225
VUILD91MA_150_12_11	VUILD91MA	VUILD91	fold_3	macrophage_profibrotic	DISEASE_ADJUSTED	1.86743828376449	1.7616282099818543	1.4772944161978274	1.5596487349700865	1.2949890902231114	1.3378446657324328	1.4156876379060912	1.558304793835046	1.2772348571109862	1.40010767506298	1.189255043754529	1.3971477279189948	0.30778954879440357	-0.029233609979818883
VUILD91MA_150_12_12	VUILD91MA	VUILD91	fold_3	macrophage_profibrotic	DISEASE_ADJUSTED	2.83849389471215	1.7761061910264884	1.9834306006579352	2.0103298684250284	1.6721688164518111	1.69310508916077	1.705811176315941	1.5583073123932918	1.2454347561416823	1.740553456687092	1.2585966592870115	1.7660780734099504	0.8281640262871215	0.020767384221673926
VUILD91MA_150_12_13	VUILD91MA	VUILD91	fold_3	macrophage_profibrotic	DISEASE_ADJUSTED	2.41796414656201	1.7905841720711224	2.784154263088274	2.837107564840988	2.36637755129575	2.370746024743437	1.977961720303309	1.5583098309515375	2.217470450348712	2.315075350128449	2.2215248483021366	2.3259644389779535	-0.4191434182789777	0.1240330995040014
VUILD91MA_150_12_15	VUILD91MA	VUILD91	fold_3	macrophage_profibrotic	DISEASE_ADJUSTED	2.09192802795533	1.8195401341603907	2.0933254677644193	2.2544840994798956	1.7077125036425305	1.8421466096956958	2.0223038868625673	1.558314868068029	1.837342204876135	1.8103663566527228	1.61667895566093	1.732714101778406	-0.16255607152456575	-0.014860693465261823
VUILD91MA_150_12_16	VUILD91MA	VUILD91	fold_3	macrophage_profibrotic	DISEASE_ADJUSTED	1.94557751655184	1.8340181152050246	2.0377694081205524	2.0179283173002136	1.5365196052744465	1.6240975238941735	1.6505736341865203	1.5583173866262747	1.6779040587421281	1.3921053259996545	1.5134158498735115	1.2929870887566997	-0.07235080074837352	-0.12031510186538112
VUILD91MA_150_12_4	VUILD91MA	VUILD91	fold_3	macrophage_profibrotic	DISEASE_ADJUSTED	2.75404883720286	1.6602823426694158	1.9462805108414623	1.915774994810966	1.927116218906409	1.8616784315143193	1.8553562587423498	1.558287163927326	1.9723599902896525	1.7373958058236174	2.048495009593093	1.8173703031071988	0.8382738423918941	-0.07673305948269718
VUILD91MA_150_13_11	VUILD91MA	VUILD91	fold_3	macrophage_profibrotic	DISEASE_ADJUSTED	2.19554131406597	1.7719225948490984	1.9801727586253577	2.0317672788846455	1.7182634082229424	1.6339985052290558	2.00889265983563	1.5583094260971742	1.4127476961365648	1.3386246027373687	1.3446403150675121	1.3581491283930158	0.1637740351813246	0.1185177940383495
VUILD91MA_150_13_2	VUILD91MA	VUILD91	fold_3	macrophage_profibrotic	DISEASE_ADJUSTED	2.67040067901248	1.6416207654473918	2.1356581997685873	2.092508933317431	1.9053464915428955	1.8746113160535858	1.7874101313883666	1.5582867590729625	1.6212181824603458	1.7325097133077392	1.6192379430090056	1.801704976733379	0.577891745695049	-0.004542793843893632
VUILD91MA_150_14_10	VUILD91MA	VUILD91	fold_3	macrophage_profibrotic	DISEASE_ADJUSTED	1.45027383137914	1.7677389986717085	1.4601543217376391	1.6838992056057103	2.1322354719561676	1.9094454055021952	2.0166510670266824	1.5583115398010567	2.03116681344365	1.858398905429706	2.4674798795385646	2.0901601079725345	-0.23362537422657037	0.14445503356145875
VUILD91MA_150_14_11	VUILD91MA	VUILD91	fold_3	macrophage_profibrotic	DISEASE_ADJUSTED	1.56821832764445	1.7822169797163427	1.783106824873676	1.8738827219746415	1.8826196526431798	1.7051389392748528	1.997891732964906	1.5583140583593025	1.916391066108	1.4311241520715072	2.1751060158441367	1.5976983521569925	-0.30566439433019155	0.08527015985134603
VUILD91MA_150_14_12	VUILD91MA	VUILD91	fold_3	macrophage_profibrotic	DISEASE_ADJUSTED	1.48342559224254	1.7966949607609766	1.7189545489162548	1.9117325421316795	1.5083725811398372	1.4785990683858252	1.787654070340032	1.5583165769175482	1.455262124310704	1.2704642613964452	1.3023705091942208	1.2555579427955452	-0.42830694988913964	-0.03635239778796161
VUILD91MA_150_14_16	VUILD91MA	VUILD91	fold_3	macrophage_profibrotic	DISEASE_ADJUSTED	3.04878315720556	1.854606884939513	2.2957534221136906	2.2906564462017185	2.36600485738538	2.5139329108484123	1.539217221085347	1.5583266511505312	2.6203582591077605	2.587665666829235	2.517354031097756	2.495219248069425	0.7581267110038414	0.07327553822370253
VUILD91MA_150_14_2	VUILD91MA	VUILD91	fold_3	macrophage_profibrotic	DISEASE_ADJUSTED	2.90407536162551	1.651915150314636	2.2971528697622343	2.445671168481889	2.223378751534074	2.2751329283667845	1.8465644587983485	1.5582913913350906	1.9831935638724913	1.8719726382820252	1.8056167182911884	1.8328729188362183	0.45840419314362135	0.06215830672617362
VUILD91MA_150_14_3	VUILD91MA	VUILD91	fold_3	macrophage_profibrotic	DISEASE_ADJUSTED	3.41618024859259	1.6663931313592704	2.76961459250873	2.6789332224860134	2.342345347284558	2.4036999224644884	1.9800220591094397	1.5582939098933364	2.8454534414656942	2.6126893786406074	2.698977351969159	2.542026369492811	0.7372470261065764	0.10477712228026081
VUILD91MA_150_14_4	VUILD91MA	VUILD91	fold_3	macrophage_profibrotic	DISEASE_ADJUSTED	2.52089161691203	1.6808711124039042	2.076401881367347	2.1215385325872065	1.6628962834526684	1.6837566907291688	1.7301551560602866	1.5582964284515821	1.7438718225513827	1.466482914882551	1.659465076711391	1.3852109083956587	0.39935308432482364	-0.0794493511518625
VUILD91MA_150_14_5	VUILD91MA	VUILD91	fold_3	macrophage_profibrotic	DISEASE_ADJUSTED	2.99932836369421	1.6953490934485385	2.3023904179831574	2.2537062806006123	1.9234472729092873	2.046211960402978	1.698381207084041	1.5582989470098279	2.5137212705180794	1.9604273657351805	2.2705705224496024	1.8642244587827195	0.7456220830935978	0.09865464753745116
VUILD91MA_150_14_6	VUILD91MA	VUILD91	fold_3	macrophage_profibrotic	DISEASE_ADJUSTED	2.49387225194637	1.7098270744931723	2.250496465158854	2.2771706097227904	2.024604829331368	2.085414634717425	1.7477889253860646	1.5583014655680738	2.24212036124768	1.8433616728999367	2.0989167391798667	1.760013665122688	0.21670164222357968	0.0005198612932253155
VUILD91MA_150_14_7	VUILD91MA	VUILD91	fold_3	macrophage_profibrotic	DISEASE_ADJUSTED	2.91430794950267	1.7243050555378066	2.1585274472026983	2.294822145274966	2.7964381161521343	2.7382881719665546	1.7621995762289417	1.5583039841263195	2.716586155575258	2.5841392550898687	2.4966109767218585	2.578530484322468	0.6194858042277036	0.10759897240034125
VUILD91MA_150_15_11	VUILD91MA	VUILD91	fold_3	macrophage_profibrotic	DISEASE_ADJUSTED	1.51126113309322	1.792511364583587	1.7641266739084438	1.7502798613610706	1.7878514250102187	1.6528866396763844	1.7052745193402938	1.5583186906214306	1.889161158895716	1.4257186323075923	2.170649360589497	1.597706228543657	-0.23901872826785064	0.013452780094497237
VUILD91MA_150_15_12	VUILD91MA	VUILD91	fold_3	macrophage_profibrotic	DISEASE_ADJUSTED	1.80805342302011	1.8069893456282209	1.734199231647462	1.9537948671068093	1.2765345053519797	1.2682079193026818	1.419410986174851	1.5583212091796763	1.2666296489073097	1.1744848466873767	1.2667486297863895	1.2038011313229202	-0.1457414440866993	-0.18000560486286285
VUILD91MA_150_15_15	VUILD91MA	VUILD91	fold_3	macrophage_profibrotic	DISEASE_ADJUSTED	2.40730871937707	1.8504232887621233	1.9032474739421965	1.93094288890492	1.3564790372800029	1.5217431545306752	1.2975674651504683	1.5583287648544137	1.4551082012508312	1.347776202284399	1.35849309843605	1.2708814370616022	0.47636583047214986	0.05296713111783678
VUILD91MA_150_15_7	VUILD91MA	VUILD91	fold_3	macrophage_profibrotic	DISEASE_ADJUSTED	3.36205692864489	1.7345994404050509	2.635631321718464	2.6366432956467167	2.6080275665076176	2.647832803285058	1.7985011882297002	1.5583086163884476	2.8268591052854477	2.453625300378995	2.6384616739331905	2.3692530962604303	0.7254136329981731	0.06964512729115974
VUILD91MA_150_15_8	VUILD91MA	VUILD91	fold_3	macrophage_profibrotic	DISEASE_ADJUSTED	2.63154463244429	1.7490774214496847	2.242317786841528	2.3029534254606587	2.38304419883146	2.396301756287524	1.7572633997201415	1.5583111349466934	1.7899450593396162	1.6648124584558501	1.7883429488529619	1.619081740747556	0.3285912069836314	0.11911952253758865
VUILD91MA_150_15_9	VUILD91MA	VUILD91	fold_3	macrophage_profibrotic	DISEASE_ADJUSTED	3.46881833422192	1.763555402494319	2.778191325853107	2.773863802918311	2.6445201761146935	2.779537119119243	1.9747594378337867	1.5583136535049391	2.6978731976384065	2.6700300081030024	2.493796780670886	2.583056310859508	0.6949545313036092	0.15286375231501595
VUILD91MA_150_16_11	VUILD91MA	VUILD91	fold_3	macrophage_profibrotic	DISEASE_ADJUSTED	1.50323216496269	1.8028057494508314	1.732356214752255	1.8524723236445286	1.8850085530341576	1.8085301600788228	1.6398756765754163	1.558323322883559	1.8893923708079694	1.6635677105657216	1.8567856839882115	1.7443282599871135	-0.34924015868183855	0.08536664998097261
VUILD91MA_150_16_12	VUILD91MA	VUILD91	fold_3	macrophage_profibrotic	DISEASE_ADJUSTED	1.79627987077571	1.8172837304954652	2.2613252220871805	2.171794975292322	1.8833069335571628	1.824137197491361	1.5726528467647163	1.5583258414418046	1.7501222863858468	1.594632945717542	1.8343371512806674	1.7094507991250187	-0.37551510451661185	0.05443781423689928
VUILD91MA_150_16_7	VUILD91MA	VUILD91	fold_3	macrophage_profibrotic	DISEASE_ADJUSTED	3.32534250283632	1.7448938252722952	3.081996506435769	2.95920175156471	2.699006872182151	2.7574097566667497	1.850951924906468	1.558313248650576	2.8009629138935517	2.719374293551528	2.680059557370419	2.6072842430687806	0.36614075127160994	0.1559241868245408
VUILD91MA_150_16_9	VUILD91MA	VUILD91	fold_3	macrophage_profibrotic	DISEASE_ADJUSTED	2.33819985639024	1.7738497873615633	1.801304447413327	1.941777764485691	2.0283183671570217	1.954488707030825	1.862322153187357	1.5583182857670674	1.9400469487122254	1.7547910468095134	2.02132966844036	1.9354286267225376	0.3964220919045489	0.05369367037466394
VUILD91MA_150_17_11	VUILD91MA	VUILD91	fold_3	macrophage_profibrotic	DISEASE_ADJUSTED	1.96857021592764	1.8131001343180757	1.6335118177681416	1.7181710317172527	1.244879397003195	1.2372540895311652	1.3430786950131557	1.558327955145687	1.2981587944411763	0.8313475078505079	1.1847968417898442	0.8031163715577366	0.2503991842103872	-0.11858288338975564
VUILD91MA_150_17_12	VUILD91MA	VUILD91	fold_3	macrophage_profibrotic	DISEASE_ADJUSTED	1.73159179922525	1.8275781153627095	2.224139245628266	2.235630806587629	1.7026181659323734	1.7847806558673678	1.717888872755579	1.5583304737039327	2.101681262774003	1.633379558113318	2.0031680346436356	1.5714253546591503	-0.504039007362379	0.038067048694868946
VUILD91MA_150_17_15	VUILD91MA	VUILD91	fold_3	macrophage_profibrotic	DISEASE_ADJUSTED	1.70326597753231	1.871012058496612	2.2086508722675555	2.305195428186554	1.3716612971058633	1.4462051929653772	1.783415787189344	1.5583380293786702	1.4172957580258545	0.9961374100259441	1.2442728772112597	0.8785238460889787	-0.6019294506542441	-0.09557615834757727
VUILD91MA_150_17_4	VUILD91MA	VUILD91	fold_3	macrophage_profibrotic	DISEASE_ADJUSTED	2.95518254843817	1.7117542670056372	2.2829158568204204	2.272599336192921	2.2481760614856747	2.258243148229063	1.6405154046657677	1.5583103252379669	2.1523828710566812	2.136323254582982	2.0303785511319616	2.0949214352121697	0.6825832122452491	-0.009123119910675867
VUILD91MA_150_17_5	VUILD91MA	VUILD91	fold_3	macrophage_profibrotic	DISEASE_ADJUSTED	3.31642914887649	1.7262322480502714	2.310673752435951	2.30838274028226	1.5944508009200842	1.7505370861558993	1.710540581032646	1.5583128437962126	1.7734991236763193	1.6986964905918749	1.525973200271466	1.4985358458596172	1.0080464085942302	-0.03266129819862629
VUILD91MA_150_17_6	VUILD91MA	VUILD91	fold_3	macrophage_profibrotic	DISEASE_ADJUSTED	2.81374203352019	1.7407102290949052	2.655306388438973	2.578924854496952	2.241941446530383	2.2930400380191553	1.6362987093647827	1.5583153623544583	2.2020091190037085	2.0603604376909352	2.1241458562953257	1.996741671581328	0.23481717902323807	0.08264079227558882
VUILD91MA_150_17_7	VUILD91MA	VUILD91	fold_3	macrophage_profibrotic	DISEASE_ADJUSTED	1.84296394894501	1.7551882101395395	1.0500511232001513	1.3138463285183322	2.380254600353818	1.809674818846283	1.8229431631101236	1.558317880912704	1.6297147750002845	1.6480087386099158	2.626908612249164	2.201847211774732	0.5291176204266779	0.08758513661581835
VUILD91MA_150_17_8	VUILD91MA	VUILD91	fold_3	macrophage_profibrotic	DISEASE_ADJUSTED	2.16861132709333	1.7696661911841733	2.0270329826639806	2.0973611298675126	1.9352151194072735	1.7366654196508116	1.746289296894688	1.5583203994709498	1.8604644497412046	1.73034130943752	2.007678947070108	1.8736008347379542	0.07125019722581749	-0.0990840212897548
VUILD91MA_150_18_10	VUILD91MA	VUILD91	fold_3	macrophage_profibrotic	DISEASE_ADJUSTED	2.54526489668196	1.8089165381406858	2.3338190483965993	2.2925732459383497	1.6198008243089872	1.661384773574366	1.857490385814424	1.5583300688495696	1.7961374843611686	1.4110023098915891	1.637738652846185	1.4110657043008714	0.25269165074361055	-0.0668676386570215
VUILD91MA_150_18_4	VUILD91MA	VUILD91	fold_3	macrophage_profibrotic	DISEASE_ADJUSTED	2.68028910303528	1.7220486518728815	1.8993940989345566	1.976726527613997	1.749702417330112	1.824804754482192	1.445097948325345	1.558314957500095	1.6880777832216411	1.4183225717508519	1.5772233151275215	1.349212296344389	0.7035625754212831	0.020033409394315246
VUILD91MA_150_18_8	VUILD91MA	VUILD91	fold_3	macrophage_profibrotic	DISEASE_ADJUSTED	2.14627002586658	1.7799605760514177	2.1940047706037507	2.293532518232306	2.03000095230869	1.99679971124172	1.6742336279592493	1.5583250317330781	2.10708813741618	1.7949709392762245	2.085859337104015	1.820141930913643	-0.14726249236572597	-0.09149841985174553
VUILD91MA_150_18_9	VUILD91MA	VUILD91	fold_3	macrophage_profibrotic	DISEASE_ADJUSTED	2.06325809924115	1.794438557096052	2.0468242513160226	2.103526160778623	1.5442255133713245	1.5344149473515138	1.8229229281644517	1.5583275502913239	1.6301254465047808	1.39164436217707	1.6421034405873502	1.47383721316472	-0.04026806153747309	-0.11896237676377577
VUILD91MA_150_19_10	VUILD91MA	VUILD91	fold_3	macrophage_profibrotic	DISEASE_ADJUSTED	2.10947254293264	1.81921092300793	2.092521682987262	2.12831880409272	1.6160560022205188	1.5434801604316937	1.7163502967346065	1.5583347011116977	1.295833909245074	0.9926092555245034	1.3189451604115798	1.0129193948521298	-0.018846261160080147	-0.07235613018486482
VUILD91MA_150_19_11	VUILD91MA	VUILD91	fold_3	macrophage_profibrotic	DISEASE_ADJUSTED	1.41232334064487	1.8336889040525644	1.6154791114934657	1.7608105217849255	1.7804081002647902	1.5523200508287924	1.688228384972294	1.5583372196699434	1.4542074587882632	1.1270797677753608	1.6580735002372193	1.3628085292883647	-0.3484871811400554	0.06006476899242544
VUILD91MA_150_19_12	VUILD91MA	VUILD91	fold_3	macrophage_profibrotic	DISEASE_ADJUSTED	1.18264394345775	1.8481668850971982	1.9499151247649587	2.0493428107158254	1.666047290369574	1.5280807857794003	1.7155783022310818	1.5583397382281892	1.4862239160788564	1.413721762311296	1.709195381806936	1.6251067054829489	-0.8666988672580753	0.066545336529462
VUILD91MA_150_19_13	VUILD91MA	VUILD91	fold_3	macrophage_profibrotic	DISEASE_ADJUSTED	1.22377713149641	1.8626448661418324	1.893602671846516	1.9784865090355166	1.9258814796386525	1.6339373763291918	1.8316494737752163	1.558342256786435	1.6329894778973733	1.2073934567352436	2.177636050253522	1.4862448331048157	-0.7547093775391065	-0.023719726396287624
VUILD91MA_150_19_9	VUILD91MA	VUILD91	fold_3	macrophage_profibrotic	DISEASE_ADJUSTED	2.38869816790661	1.8047329419632963	1.8828107394887317	2.020432793984452	1.603652386482667	1.5578550656879426	1.7087056053876128	1.558332182553452	1.15172194412713	1.372807731018173	1.1836863661327028	1.460730674223301	0.3682653739221582	-0.035390112514077456
VUILD91MA_150_1_11	VUILD91MA	VUILD91	fold_3	macrophage_profibrotic	DISEASE_ADJUSTED	2.33402681932536	1.648389976442167	1.5324361495103556	1.6445809702237533	1.6717489807145394	1.7255072967101612	1.93803932754966	1.5582538389516358	1.6299049053668244	1.4418627180731505	1.5511699405796073	1.3602615297500604	0.6894458491016069	0.036424084517470035
VUILD91MA_150_1_8	VUILD91MA	VUILD91	fold_3	macrophage_profibrotic	DISEASE_ADJUSTED	1.78822265989082	1.6049560333082646	1.5181082972394673	1.708045159958251	1.2527161293922489	1.361385262126962	1.9386417200095007	1.5582462832768986	1.4119892313883209	1.3334252323327478	1.4186322513305964	1.2715518597410749	0.08017749993256906	-0.1160672952520424
VUILD91MA_150_20_11	VUILD91MA	VUILD91	fold_3	macrophage_profibrotic	DISEASE_ADJUSTED	2.25243871653767	1.8439832889198084	1.9465971834685907	1.9172977006412475	1.8532489179963192	1.7406353023223038	1.6614644273751165	1.5583418519320718	1.9729515931704893	1.5213952125985113	2.192308481991413	1.621136080816713	0.3351410158964223	0.005113937777993228
VUILD91MA_150_20_7	VUILD91MA	VUILD91	fold_3	macrophage_profibrotic	DISEASE_ADJUSTED	2.35257848809416	1.7860713647412723	1.8291444304147917	1.840964179910434	2.2649341250249684	1.8410713453952121	1.7473838907889776	1.5583317776990886	1.685509326958525	1.5402886284127555	2.2938417324708613	1.9819920692482134	0.5116143081837261	0.05453687515776354
VUILD91MA_150_20_8	VUILD91MA	VUILD91	fold_3	macrophage_profibrotic	DISEASE_ADJUSTED	1.6601976289328	1.800549345785906	1.6338362192009346	1.72729408705886	2.0504073104937133	1.6494383557029122	1.977397945875212	1.5583342962573343	1.3996396940609688	1.4954664379116969	1.925913237077754	1.8423320905279528	-0.06709645812606002	-0.033941140718944905
VUILD91MA_150_21_7	VUILD91MA	VUILD91	fold_3	macrophage_profibrotic	DISEASE_ADJUSTED	2.5348803039817	1.7963657496085166	1.6981687278713697	1.78622512748018	2.0109055133526903	1.6824062358138576	1.7216566195344878	1.558336409961217	1.5242429075301553	1.4359840488317495	2.004790507175119	1.7189648361824783	0.7486551765015201	-0.06872685999299005
VUILD91MA_150_2_11	VUILD91MA	VUILD91	fold_3	macrophage_profibrotic	DISEASE_ADJUSTED	2.54175928099512	1.6586843613094113	1.76849704168683	1.7753909354335315	1.5702937908926116	1.5889091263484638	1.8334129928549152	1.558258471213764	1.7912894992942974	1.3626121477603648	1.8545311107387195	1.3282876159507784	0.7663683455615884	0.045974944836416023
VUILD91MA_150_2_6	VUILD91MA	VUILD91	fold_3	macrophage_profibrotic	DISEASE_ADJUSTED	1.62591010642748	1.5862944560862409	2.3919324977506156	2.368775815811095	2.048646376952396	2.1078251144041182	1.706308166024869	1.5582458784225353	2.73864639920409	1.949278202211987	2.49231186929035	1.888861328060758	-0.7428657093836151	0.10578227570694641
VUILD91MA_150_2_7	VUILD91MA	VUILD91	fold_3	macrophage_profibrotic	DISEASE_ADJUSTED	2.03030480824928	1.6007724371308751	2.067255157708837	2.127590981287037	2.113088134330218	2.071722880692046	1.6954560078698175	1.558248396980781	2.16609806444647	1.9748275415185474	2.0757954619529877	1.942278791965557	-0.097286173037757	0.06808811664594139
VUILD91MA_150_2_8	VUILD91MA	VUILD91	fold_3	macrophage_profibrotic	DISEASE_ADJUSTED	1.58660952224627	1.615250418175509	1.59883373317063	1.6109376193365603	1.1270580275055204	1.16463381444244	1.7809984428045595	1.5582509155390267	0.9556572233160174	1.2194375863116114	1.0334999509397298	1.2506098082857913	-0.02432809709029038	-0.09347934630111433
VUILD91MA_150_3_2	VUILD91MA	VUILD91	fold_3	macrophage_profibrotic	DISEASE_ADJUSTED	1.713416991299	1.538676916774949	2.043903650102762	2.1442981250316566	2.1142576890874327	2.0626848449417343	1.8123268489470068	1.5582404364516804	2.0065087991245694	1.8424976044623325	2.1923252711413275	1.8397418435218125	-0.4308811337326566	-0.0010062278846543656
VUILD91MA_150_4_15	VUILD91MA	VUILD91	fold_3	macrophage_profibrotic	DISEASE_ADJUSTED	2.86199575490982	1.7371850552224362	2.0549089835461647	2.022306390875093	2.570328798620988	2.58154589018232	1.7160076248802225	1.5582778099710035	2.8382654360815716	2.5561659563422716	2.7054191092711966	2.6151725372626107	0.8396893640347267	0.24029025936071605
VUILD91MA_150_5_6	VUILD91MA	VUILD91	fold_3	macrophage_profibrotic	DISEASE_ADJUSTED	2.3400336149846	1.6171776106879738	2.2653383270512166	2.291346717700292	2.306216007422657	2.454153644467321	1.7128034214003554	1.5582597752089198	2.8311670566396856	2.2600628520416333	2.5440358442238753	2.088615449154931	0.048686897284308195	0.16509562236405032
VUILD91MA_150_5_7	VUILD91MA	VUILD91	fold_3	macrophage_profibrotic	DISEASE_ADJUSTED	2.4671779695549	1.631655591732608	2.7918994819579126	2.7638591047738394	2.6891084385262287	2.8572218699223466	1.641565679620942	1.5582622937671655	3.1784480643270347	2.8911284942334596	2.96886886319766	2.7407735517245997	-0.2966811352189396	0.1995923965499353
VUILD91MA_150_5_8	VUILD91MA	VUILD91	fold_3	macrophage_profibrotic	DISEASE_ADJUSTED	2.50447521381063	1.646133572777242	2.756156848225137	2.731229799152147	2.573812740802742	2.691016924353178	1.5914764940175736	1.5582648123254115	3.0156567540003403	2.610441694879719	2.7055945085059117	2.518312082072107	-0.22675458534151716	0.0947663715303717
VUILD91MA_150_6_3	VUILD91MA	VUILD91	fold_3	macrophage_profibrotic	DISEASE_ADJUSTED	2.62790904771244	1.5840380524213162	2.041490843091858	2.07317834972929	1.8579553698809517	1.9508305110593096	1.9256182573616674	1.558256851796311	1.6267315544173593	1.647085414782002	1.5450812277568595	1.5650957748187828	0.5547306979831501	0.016338605232467655
VUILD91MA_150_7_0	VUILD91MA	VUILD91	fold_3	macrophage_profibrotic	DISEASE_ADJUSTED	2.42879839151337	1.550898494154658	2.994784666208728	2.924338765773154	2.6195357345409143	2.8450568335085475	1.7284049541877953	1.5582539283837018	3.149661829381394	2.7061133226158463	2.8665592076317754	2.5639871086809523	-0.4955403742597837	0.15368157653029144
VUILD91MA_150_7_1	VUILD91MA	VUILD91	fold_3	macrophage_profibrotic	DISEASE_ADJUSTED	2.48918509471369	1.565376475199292	3.234778168146258	3.124128947326515	2.7250939679360293	2.8672363960983698	1.9313848614538758	1.5582564469419475	3.405687537037897	2.5738045109226575	3.006818604602296	2.3889245734303186	-0.6349438526128246	0.08265272239174104
VUILD91MA_150_7_11	VUILD91MA	VUILD91	fold_3	macrophage_profibrotic	DISEASE_ADJUSTED	2.6257204349067	1.7101562856456327	2.1535316057178386	2.1318584206806017	1.6432243610822392	1.749527928439051	1.85332802641889	1.558281632524405	1.2794708602743519	1.4711848924569197	1.052197350566911	1.4176527108380321	0.4938620142260981	0.008079746282815534
VUILD91MA_150_7_3	VUILD91MA	VUILD91	fold_3	macrophage_profibrotic	DISEASE_ADJUSTED	2.30650402693571	1.5943324372885601	2.521066142386876	2.529210661534632	2.272632722469264	2.3298260279049807	1.8118489893536558	1.558261484058439	2.6534757184961	2.222605203325892	2.6082469291470947	2.1556536905048187	-0.22270663459892193	0.005884587931392089
VUILD91MA_150_7_7	VUILD91MA	VUILD91	fold_3	macrophage_profibrotic	DISEASE_ADJUSTED	2.66551769932285	1.6522443614670965	2.201130010890356	2.176741019030189	2.3345772120351667	2.3440120460189906	1.750834147641287	1.558271558291422	2.4799608656873824	2.243926984448658	2.298381280780319	2.184990843568629	0.4887766802926614	0.07228771944766756
VUILD91MA_150_8_11	VUILD91MA	VUILD91	fold_3	macrophage_profibrotic	DISEASE_ADJUSTED	2.50791383994682	1.720450670512877	1.5595681983128582	1.629453932837768	1.42362501201918	1.3385794332323304	1.935229136408005	1.5582862647865332	0.7733854374302526	1.037076466793566	0.9590371094063741	1.1128494250061083	0.878459907109052	-0.0882263894675562
VUILD91MA_150_8_2	VUILD91MA	VUILD91	fold_3	macrophage_profibrotic	DISEASE_ADJUSTED	0.907882905518778	1.5901488411111702	1.291698844332836	1.4122493334327142	1.6427446931618377	1.5769985624063731	1.3664077663093137	1.5582635977623216	1.334834477211402	1.5417807283835427	1.3360607145126238	1.6132406045606846	-0.5043664279139362	-0.02962611380094802
VUILD91MA_150_8_3	VUILD91MA	VUILD91	fold_3	macrophage_profibrotic	DISEASE_ADJUSTED	2.02516796492222	1.6046268221558044	2.3441905503987126	2.318599464623494	1.9123454611361868	2.007622097735789	1.7647159940656554	1.5582661163205673	2.4474947760416708	2.116389801016627	2.280462967848753	2.097952972970732	-0.29343149970127413	0.02030200231255207
VUILD91MA_150_8_8	VUILD91MA	VUILD91	fold_3	macrophage_profibrotic	DISEASE_ADJUSTED	3.26809137434367	1.6770167273789747	2.3414515103879	2.337046053159387	1.928450468590089	2.0248940566330753	1.8116693100516683	1.558278709111796	2.0071156544284263	2.1723449891407727	1.674353374058903	2.0158917217638668	0.9310453211842828	-0.10273952702286149
VUILD91MA_150_9_1	VUILD91MA	VUILD91	fold_3	macrophage_profibrotic	DISEASE_ADJUSTED	2.73364319239302	1.5859652449337807	1.6287621824605532	1.5199911677370557	1.4182259763547918	1.385784367341849	1.5793215959417723	1.558265711466204	1.3392837169257825	1.3210822748934465	1.3247239729811024	1.375972909066617	1.2136520246559643	-0.16013905255716357
