region_id	sample_id	donor_id	fold	target	analysis_stratum	observed	M0_pred	M1_pred	M2_pred	M3_pred	M4_pred	color_pred	coordinate_pred	grayscale_pred	macenko_pred	M3_grayscale_pred	M3_macenko_pred	heldout_base_residual	morphology_predicted_residual
VUILD102LA_150_10_11	VUILD102LA	VUILD102	fold_4	macrophage_profibrotic	PF_ONLY	2.68440999504287	1.834833367181319	2.5259774337034657	2.584943522572751	2.7445687885579524	2.785219866115862	2.2349715440409472	1.857583213502668	2.4398234348775767	2.3070298357211843	2.438150691419219	2.317706360045	0.09946647247011908	0.0014696332332798
VUILD102LA_150_10_13	VUILD102LA	VUILD102	fold_4	macrophage_profibrotic	PF_ONLY	2.26192278238791	1.823096704682649	1.8921291473711837	1.9988451117423234	2.4503613028543576	2.3460948989029804	2.5772656304867545	1.851030674749987	2.2554314211728905	2.5463427595168038	2.3201538859843978	2.6248319297162346	0.2630776706455864	0.002191940837606745
VUILD102LA_150_10_20	VUILD102LA	VUILD102	fold_4	macrophage_profibrotic	PF_ONLY	2.9513566283137	1.782018385937304	2.468280877507519	2.51542763075346	2.385786180231648	2.4938682878532794	2.1627148977387467	1.8280967891156032	2.1007720842468984	2.3020516522619934	2.02592835935562	2.2498121778466276	0.43592899756023984	0.0009672189415791721
VUILD102LA_150_10_22	VUILD102LA	VUILD102	fold_4	macrophage_profibrotic	PF_ONLY	3.14669137953601	1.7702817234386339	2.939373183966042	3.0184302398032172	2.344384226899481	2.5198972921258376	2.235971322933482	1.8215442503629222	2.3962172586064128	2.406731752213084	2.3187421730018056	2.3332771874730125	0.12826113973279263	0.0008851051794505627
VUILD102LA_150_10_25	VUILD102LA	VUILD102	fold_4	macrophage_profibrotic	PF_ONLY	2.49582319901398	1.7526767296906292	2.143536460197544	2.1061797120520485	2.4054991884666213	2.4042167697914936	2.437623757329777	1.8117154422339008	2.378119463904437	2.348233699975095	2.3718361910689914	2.332698169930384	0.38964348696193163	0.0018821648259383203
VUILD102LA_150_10_26	VUILD102LA	VUILD102	fold_4	macrophage_profibrotic	PF_ONLY	2.4582455504554	1.746808398441294	2.184126781239429	2.2621257256260874	2.3692448875564844	2.4750928971638064	2.3690997002596164	1.8084391728575602	2.395712408478357	2.201055370518699	2.360827420924746	2.1612951697314466	0.19611982482931278	0.000810776045441851
VUILD102LA_150_11_12	VUILD102LA	VUILD102	fold_4	macrophage_profibrotic	PF_ONLY	1.66288556835048	1.8323222992497872	1.8373492468963384	1.8314269474891092	2.0176090267428464	1.954492561349084	2.4302986710416623	1.8551651452964915	1.9568773967069726	2.2418119121867393	2.018607647990817	2.3376036518576497	-0.1685413791386292	0.0012651744362693843
VUILD102LA_150_11_22	VUILD102LA	VUILD102	fold_4	macrophage_profibrotic	PF_ONLY	3.40705088073477	1.7736389867564373	2.026428283085718	2.017342843646366	2.101105078986705	2.1724107153792342	2.304011119688606	1.822402451533086	2.1022224372277685	2.330848316896666	2.0975244850086816	2.3588561919061104	1.389708037088404	0.001089168255805331
VUILD102LA_150_11_25	VUILD102LA	VUILD102	fold_4	macrophage_profibrotic	PF_ONLY	2.81243727518804	1.7560339930084323	1.9624362019369113	2.039008188921653	1.8250206853028248	1.9198569030781836	2.364850743500566	1.8125736434040645	2.158736489807273	2.0257064812778984	2.1487688547021984	2.017378745361858	0.7734290862663871	0.0012717550890599927
VUILD102LA_150_11_26	VUILD102LA	VUILD102	fold_4	macrophage_profibrotic	PF_ONLY	2.95689681224546	1.7501656617590973	2.162792560013296	2.353093170672068	2.641914566166417	2.7325420505447324	2.3693723450900634	1.809297374027724	2.345616524529336	2.288777003016154	2.2961192312477836	2.2402690593004433	0.6038036415733923	0.0008476431034993008
VUILD102LA_150_11_5	VUILD102LA	VUILD102	fold_4	macrophage_profibrotic	PF_ONLY	2.54574140336209	1.8734006179951324	2.028593135437714	2.070220826499507	2.5952671839053796	2.6133270614239983	2.6104407360561703	1.8780990309308752	2.2780057730480205	2.187488434666042	2.2861210842054165	2.2172134923338565	0.475520576862583	0.0016004920692319702
VUILD102LA_150_11_7	VUILD102LA	VUILD102	fold_4	macrophage_profibrotic	PF_ONLY	0.962679700970196	1.8616639554964625	1.5579766865325237	1.5163886000823839	2.2027535577641677	2.1385600490111205	2.3343940605388447	1.8715464921781941	1.5861285531949305	1.6707690279299947	1.6053718629203833	1.7449148677567619	-0.5537088991121879	0.002679504890491574
VUILD102LA_150_11_9	VUILD102LA	VUILD102	fold_4	macrophage_profibrotic	PF_ONLY	2.67417773566195	1.8499272929977923	2.477854071625357	2.4126562224403574	2.242786066019071	2.299608969863945	2.352443943521104	1.8649939534255129	2.296146595222157	2.4296618679278206	2.2885179796507873	2.441242552715645	0.26152151322159245	0.0010182361188884534
VUILD102LA_150_12_11	VUILD102LA	VUILD102	fold_4	macrophage_profibrotic	PF_ONLY	1.96366546483934	1.8415478938169259	1.7867281885656945	1.706573242588591	2.0678984342388	2.0337384612855773	2.347954405375621	1.859299615842996	2.079536494922838	2.116008914750871	2.155744010334599	2.203879936144582	0.2570922222507488	0.0015255399012274419
VUILD102LA_150_12_12	VUILD102LA	VUILD102	fold_4	macrophage_profibrotic	PF_ONLY	1.86984123844742	1.8356795625675908	2.0137857176671963	1.9742783446101426	1.6848790268151772	1.7329239401170717	2.2830821733038014	1.8560233464666553	1.7019849085983096	1.580768857141067	1.7067746904412966	1.5864772848677524	-0.10443710616272273	0.0017853781190719353
VUILD102LA_150_12_13	VUILD102LA	VUILD102	fold_4	macrophage_profibrotic	PF_ONLY	1.39718800509968	1.8298112313182557	1.8187540960762165	1.93732704181652	1.91508586588025	1.9568547854074967	2.3584980001070277	1.8527470770903147	2.0444930801317502	2.057880253986428	2.0486787373144812	2.0687059404308488	-0.5401390367168399	0.0023387795421090807
VUILD102LA_150_12_25	VUILD102LA	VUILD102	fold_4	macrophage_profibrotic	PF_ONLY	2.99526792935838	1.759391256326236	2.711067245683214	2.7068115029383835	2.3139289878034113	2.46301748535362	2.3220678620849813	1.8134318445742286	2.4024868195196607	2.319163716306372	2.341226239917829	2.2720891262966814	0.2884564264199967	0.0018105405613633354
VUILD102LA_150_12_26	VUILD102LA	VUILD102	fold_4	macrophage_profibrotic	PF_ONLY	2.87281000352364	1.7535229250769009	2.0993664778560137	2.1081796593540076	2.468119092918259	2.4357284261101237	2.1958101693957404	1.810155575197888	2.227358942195278	2.091272405166681	2.222021428591795	2.0982064919640395	0.7646303441696323	0.0008705165614458197
VUILD102LA_150_12_6	VUILD102LA	VUILD102	fold_4	macrophage_profibrotic	PF_ONLY	1.25435072512301	1.8708895500636007	1.8993181529530219	1.8751552067741961	1.8658340830541875	1.951961673378801	2.172880482418014	1.8756809627246984	1.7954086185357907	1.987613373421271	1.7780553433703599	1.9995256012353804	-0.6208044816511862	0.0015160948764525628
VUILD102LA_150_13_12	VUILD102LA	VUILD102	fold_4	macrophage_profibrotic	PF_ONLY	0.962923113904557	1.8390368258853942	1.770247242924421	1.658094815756392	1.7206397983993815	1.760231152933087	2.0501696324085197	1.8568815476368192	1.5688372938343296	1.530193780259683	1.5964026225201167	1.563715343109195	-0.695171701851835	0.0017983137554630321
VUILD102LA_150_13_14	VUILD102LA	VUILD102	fold_4	macrophage_profibrotic	PF_ONLY	1.72377497896185	1.827300163386724	1.8032052885897807	1.8127061896472099	1.5516607079266067	1.6911461932608622	2.3114714469412094	1.8503290088841382	1.834739761254602	1.612771682551127	1.8231225416471402	1.5921738848086122	-0.08893121068535992	0.0011032030543301435
VUILD102LA_150_13_16	VUILD102LA	VUILD102	fold_4	macrophage_profibrotic	PF_ONLY	3.06290369415004	1.815563500888054	1.9472979011183016	2.0529352568958728	2.2667733160024475	2.3202241628380014	2.614084804111233	1.8437764701314572	2.2071626572141105	2.4350025780513063	2.2158963220359587	2.4733298435368485	1.0099684372541673	0.0013986650559543049
VUILD102LA_150_13_5	VUILD102LA	VUILD102	fold_4	macrophage_profibrotic	PF_ONLY	2.86912668945822	1.8801151446307391	2.5387299703909454	2.7029444218917367	2.8845110215564356	2.9317714179049026	2.5076055903142977	1.879815433271203	2.606501765386404	2.6907830648364173	2.5624704299792675	2.6810349606128976	0.16618226756648324	0.0017701711599070948
VUILD102LA_150_14_11	VUILD102LA	VUILD102	fold_4	macrophage_profibrotic	PF_ONLY	1.3529727546306	1.8482624204525324	1.341023635043881	1.382665909490069	1.930998450144452	1.8854471722122148	2.1476496832941363	1.8610160181833235	1.4946839142511776	1.4843799436148308	1.5445855615494315	1.565892463764009	-0.029693154859468995	0.001161227695151162
VUILD102LA_150_14_12	VUILD102LA	VUILD102	fold_4	macrophage_profibrotic	PF_ONLY	1.47430172420067	1.8423940892031974	1.520727700425218	1.49751885960274	2.080293618099399	1.901020752756898	2.5627439020753373	1.8577397488069831	2.130329665082841	2.0161623763038845	2.2699593197692995	2.1553438697768645	-0.023217135402070044	0.0016858833558538156
VUILD102LA_150_14_22	VUILD102LA	VUILD102	fold_4	macrophage_profibrotic	PF_ONLY	3.36221068258026	1.7837107767098475	2.787545297399636	2.846084750099104	2.43392496662703	2.608611426762555	2.4585674602266225	1.8249770550435778	2.2999945273314557	2.4675088465155026	2.208638560650706	2.417101952438945	0.516125932481156	0.0012189805432089966
VUILD102LA_150_14_26	VUILD102LA	VUILD102	fold_4	macrophage_profibrotic	PF_ONLY	3.23199451106945	1.7602374517125075	2.474439670766082	2.6527906048482426	2.4356775352157545	2.5943768080347063	2.175239524896101	1.8118719775382157	2.484989055793373	2.3336520019048184	2.406994758297441	2.264949265527302	0.5792039062212075	0.0012370884349695978
VUILD102LA_150_14_5	VUILD102LA	VUILD102	fold_4	macrophage_profibrotic	PF_ONLY	2.20452713171378	1.8834724079485425	1.6349735269528478	1.6409923044473151	1.825915137847964	1.8824606022322596	2.0601238617433806	1.8806736344413668	1.7654232129874723	2.0159816741617615	1.7818589547391797	2.0561143658955117	0.5635348272664649	0.0010451615251417898
VUILD102LA_150_15_23	VUILD102LA	VUILD102	fold_4	macrophage_profibrotic	PF_ONLY	2.47258571774634	1.781199708778316	1.9080975872661043	1.811037165994879	2.0558024133149773	2.02493201810588	2.027967510257374	1.8225589868374013	1.973269305904122	2.1258598510413718	2.0146290944947465	2.1754512771822707	0.6615485517514612	0.0012239252207216702
VUILD102LA_150_15_24	VUILD102LA	VUILD102	fold_4	macrophage_profibrotic	PF_ONLY	2.11115472691716	1.775331377528981	1.7079423846511648	1.7643719188883167	1.8059903540032474	1.8327335252566141	2.1434330347064603	1.8192827174610606	1.9277082547624662	1.9824753410742484	1.9798796589635055	2.0284970254207044	0.34678280802884354	0.0015658433271761893
VUILD102LA_150_15_25	VUILD102LA	VUILD102	fold_4	macrophage_profibrotic	PF_ONLY	2.00484182470388	1.7694630462796461	1.6283895155747115	1.6542121427319263	1.5547377022381634	1.6034005532767417	2.175609087795312	1.8160064480847202	1.6696641455089603	1.7494249332156404	1.708294530749585	1.7886313497649735	0.3506296819719539	0.002100145144020271
VUILD102LA_150_16_23	VUILD102LA	VUILD102	fold_4	macrophage_profibrotic	PF_ONLY	2.43306335932169	1.7845569720961194	1.794836790374118	1.9118158048476424	1.9832527576708954	1.8901626155625981	2.2337892173153744	1.8234171880075651	1.743208025560274	1.8634200045120346	1.8119011446241702	1.9360522086621277	0.5212475544740476	0.0009934307484119123
VUILD102LA_150_16_24	VUILD102LA	VUILD102	fold_4	macrophage_profibrotic	PF_ONLY	2.32411156428263	1.7786886408467844	1.8115482635745903	1.7173013598697677	2.0520808549802863	1.9918824328381755	2.03981176808328	1.8201409186312245	1.823167053879366	2.0941908065784114	1.857700682557726	2.1420032992921465	0.6068102044128625	0.0013120738468713677
VUILD102LA_150_16_25	VUILD102LA	VUILD102	fold_4	macrophage_profibrotic	PF_ONLY	2.87192173441801	1.7728203095974493	1.6859301658213524	1.7277470749585906	1.6012228288274428	1.6760748393532265	1.9293590443082558	1.8168646492548841	1.6582569596327663	1.8672622656282472	1.6908563944372956	1.898613440807702	1.1441746594594193	0.001901667672768384
VUILD102LA_150_16_6	VUILD102LA	VUILD102	fold_4	macrophage_profibrotic	PF_ONLY	2.88830471696766	1.8843186033348143	2.7327774400707643	2.654232407550483	3.1170524993664657	3.0916088538836433	2.3858227434653667	1.879113767405354	2.6958650211186685	2.7149581889893906	2.665032986092101	2.711999807652832	0.23407230941717705	0.0015897088529416938
VUILD102LA_150_16_7	VUILD102LA	VUILD102	fold_4	macrophage_profibrotic	PF_ONLY	2.81003028589128	1.8784502720854794	2.208159521842729	2.260423710531595	2.502851791663084	2.5288109378454937	2.4931396741685106	1.8758374980290136	2.5715550229228312	2.4597751468514173	2.5666934452048142	2.482676398562231	0.5496065753596846	0.0021543190562815628
VUILD102LA_150_17_16	VUILD102LA	VUILD102	fold_4	macrophage_profibrotic	PF_ONLY	2.60031463873107	1.8289925541592675	1.9487916193859796	2.014194615102605	2.678290295067462	2.626463910925099	2.6421833785138458	1.8472092748121127	2.5091809797189724	2.7577150802243544	2.5847729707231863	2.876414972166881	0.5861200236284647	0.0018987777929985838
VUILD102LA_150_17_17	VUILD102LA	VUILD102	fold_4	macrophage_profibrotic	PF_ONLY	0.878494968246284	1.8231242229099327	1.1225278029191017	1.0521390058174596	1.9340229138684943	1.8023853116466941	2.05385941735265	1.843933005435772	1.48375545394597	1.4114863910633408	1.6251384353482297	1.5385054986991236	-0.17364403757117552	0.0014625646643616202
VUILD102LA_150_17_24	VUILD102LA	VUILD102	fold_4	macrophage_profibrotic	PF_ONLY	2.59756035780685	1.7820459041645875	2.565708938585636	2.7226724275738814	2.5060029161910222	2.62158449978343	2.26564811689163	1.8209991198013884	2.3522779921461465	2.4929762918784	2.2582479917026506	2.4246484215835036	-0.12511206976703138	0.0014973195730679542
VUILD102LA_150_17_25	VUILD102LA	VUILD102	fold_4	macrophage_profibrotic	PF_ONLY	3.13896135213684	1.7761775729152527	2.413274251986831	2.3649548120197297	2.383074369676561	2.4415233127747302	2.198364914351546	1.817722850425048	2.390453745894791	2.5295210873012173	2.3603824535572744	2.5131981364646463	0.7740065401171101	0.002306581052370239
VUILD102LA_150_18_10	VUILD102LA	VUILD102	fold_4	macrophage_profibrotic	PF_ONLY	2.77480607849956	1.867559804973081	1.8068281829963306	1.8351863624047497	1.9062865610903672	1.93787882742093	2.2330161123604846	1.8677250922403197	1.6460653890348418	1.7884662355514425	1.633171186985619	1.8076265930024402	0.9396197160948103	0.0010214976097429626
VUILD102LA_150_18_11	VUILD102LA	VUILD102	fold_4	macrophage_profibrotic	PF_ONLY	2.51508504944582	1.861691473723746	1.8549924332175924	1.8432795360126717	1.8947387017988682	1.9173211391029075	2.2520064434008433	1.8644488228639793	1.9911683820538797	1.8536402131125929	2.026167200916344	1.8981594346388244	0.6718055134331482	0.0012758387140563083
VUILD102LA_150_18_14	VUILD102LA	VUILD102	fold_4	macrophage_profibrotic	PF_ONLY	2.7740994586811	1.844086479975741	2.1296934891863413	2.1316741788881997	2.275540287527998	2.2143302305059036	2.105223221335201	1.8546200147349576	2.3200543856711513	2.171065325025298	2.3722891572488294	2.2229208967712064	0.6424252797929002	0.0011987411764655316
VUILD102LA_150_18_16	VUILD102LA	VUILD102	fold_4	macrophage_profibrotic	PF_ONLY	2.76963513074914	1.832349817477071	2.647197598724582	2.5156505697384475	2.671651669516261	2.7637322641248763	2.408960837097913	1.8480674759822766	2.389614648475524	2.7198297056558	2.3383508184288946	2.737605240147418	0.25398456101069256	0.0014910261612843508
VUILD102LA_150_18_17	VUILD102LA	VUILD102	fold_4	macrophage_profibrotic	PF_ONLY	2.90802070791231	1.826481486227736	2.3630084575710084	2.268896496237672	2.730396736344983	2.7120626701121218	2.5320568779847474	1.844791206605936	2.4348863061712165	2.3398571211246777	2.439291228973091	2.3681671277022236	0.6391242116746381	0.0014197664504980276
VUILD102LA_150_19_14	VUILD102LA	VUILD102	fold_4	macrophage_profibrotic	PF_ONLY	2.66691203044017	1.8474437432935444	2.5627707102683783	2.418321699840301	2.487014695416245	2.5099603636823424	2.710259840726577	1.8554782159051215	2.4944283073404945	2.3616774223979897	2.538498854534428	2.3997938531885366	0.2485903305998689	0.0014808588777652917
VUILD102LA_150_19_17	VUILD102LA	VUILD102	fold_4	macrophage_profibrotic	PF_ONLY	2.94919317997754	1.8298387495455395	3.1642914127228714	3.148229389330216	2.9720206221458607	3.1212039603881077	2.595146962931544	1.8456494077760999	2.6999438150471127	2.6855766096560085	2.6249548975846966	2.6239461116657217	-0.19903620935267563	0.001740805704796441
VUILD102LA_150_19_24	VUILD102LA	VUILD102	fold_4	macrophage_profibrotic	PF_ONLY	2.85324238620902	1.7887604308001943	2.043639095728708	2.2118603243952384	1.881692863941985	2.0718587535476494	2.103261474476441	1.8227155221417162	1.9204941410155028	1.8834912834769133	1.84205492631406	1.8130740310942037	0.6413820618137818	0.0014250673751503974
VUILD102LA_150_20_12	VUILD102LA	VUILD102	fold_4	macrophage_profibrotic	PF_ONLY	2.45511612212276	1.8625376691100177	2.3655538835349708	2.340983295899116	2.3979111369250665	2.387709894438169	2.479041326415328	1.8628889558279664	2.1599451131138396	2.1910528600947776	2.1612702580106102	2.213810258373532	0.11413282622364429	0.0016664297266735044
VUILD102LA_150_20_16	VUILD102LA	VUILD102	fold_4	macrophage_profibrotic	PF_ONLY	1.78818866719293	1.8390643441126777	1.6752621645071326	1.6238880505903037	1.6375842803634246	1.6668078592050506	2.1738080084905262	1.8497838783226044	1.8533009407286276	1.7094374718402419	1.9063961945302312	1.7521578234971638	0.16430061660262618	0.0009368355260170318
VUILD102LA_150_21_19	VUILD102LA	VUILD102	fold_4	macrophage_profibrotic	PF_ONLY	2.6401044476113	1.8248166136824764	1.6790989992008243	1.7188828513174685	2.0972803908969135	2.0986898432406744	2.376416164658762	1.8408132713637466	2.1293850428718555	1.9513500161523103	2.187264911102133	2.002702401299363	0.9212215962938315	0.0023125377627820002
VUILD102LA_150_21_22	VUILD102LA	VUILD102	fold_4	macrophage_profibrotic	PF_ONLY	2.67624474712623	1.8072116199344712	1.8492716987446332	1.886170821840266	1.8085669311887997	1.7837079279148944	2.1114286879025093	1.830984463234725	2.031091607517115	1.912927085606067	2.0813475612260373	1.9634432540879676	0.7900739252859639	0.0006665025146385263
VUILD102LA_150_22_20	VUILD102LA	VUILD102	fold_4	macrophage_profibrotic	PF_ONLY	2.10271469539083	1.8223055457509445	1.7031819314524534	1.9832685770787455	2.0596592341442346	2.1306317229733542	2.150057875894901	1.83839520315757	2.3126304019709782	2.2288002721743747	2.3110571150857195	2.2365934479294847	0.11944611831208451	0.001264463509236531
VUILD102LA_150_3_15	VUILD102LA	VUILD102	fold_4	macrophage_profibrotic	PF_ONLY	2.28220959778133	1.7878591989593553	2.096780435249396	2.124999253783912	2.4446282955611105	2.5032891310040415	2.271198914332515	1.8384707278061587	2.155806089092764	2.3704897873176836	2.120853744170443	2.3757971400625677	0.15721034399741818	0.0010878646792761963
VUILD102LA_150_3_16	VUILD102LA	VUILD102	fold_4	macrophage_profibrotic	PF_ONLY	2.24190596368136	1.7819908677100202	2.4593274095346116	2.4220724310301582	2.1100306608342687	2.2450690774889184	2.2495668143395697	1.835194458429818	2.2645816423906022	2.1608519514749736	2.198737732304084	2.11013500863917	-0.18016646734879815	0.0006622568851954388
VUILD102LA_150_3_18	VUILD102LA	VUILD102	fold_4	macrophage_profibrotic	PF_ONLY	2.77692434040384	1.7702542052113504	2.1342812126069286	2.0139835117454403	1.7218366724170284	1.8623052793122374	2.1576949203441416	1.828641919677137	1.8982175764152742	2.0194867411738078	1.8516135403665128	1.9805314736564585	0.7629408286583996	0.0013538335763939114
VUILD102LA_150_4_21	VUILD102LA	VUILD102	fold_4	macrophage_profibrotic	PF_ONLY	3.25131260674462	1.7560064747811486	2.1206705047598176	2.2547953174223485	2.160478972317545	2.2137986087345842	2.1909006730090725	1.8196713127182793	1.8929446528626235	2.083859994922191	1.8545322450168602	2.0670808884603957	0.9965172893222713	0.0007400102696147958
VUILD102LA_150_5_21	VUILD102LA	VUILD102	fold_4	macrophage_profibrotic	PF_ONLY	1.57245210229795	1.759363738098952	1.514570843521026	1.5068492248878365	1.6898517248829628	1.6450659989134566	2.115889023996295	1.8205295138884432	1.6088189894540073	1.5936141791591745	1.66410433375115	1.65081323587615	0.06560287741011361	0.00037712744908986674
VUILD102LA_150_5_9	VUILD102LA	VUILD102	fold_4	macrophage_profibrotic	PF_ONLY	3.276323105017	1.829783713090972	2.38283381025483	2.306760433652731	2.2275571251597572	2.3410387746125667	2.292641904912402	1.8598447464045296	2.275440387444638	2.193927734380396	2.253356379113349	2.145135798874637	0.9695626713642689	0.0008197083766663463
VUILD102LA_150_6_11	VUILD102LA	VUILD102	fold_4	macrophage_profibrotic	PF_ONLY	2.17807827764774	1.8214043139101055	2.107437698108614	2.222164197172935	2.095804002570395	2.1640650976962985	2.2051065548441278	1.8541504088220124	1.9575860718174942	2.255951319542	1.9288032505507087	2.248721457183373	-0.04408591952519503	0.0009232841177299648
VUILD102LA_150_6_13	VUILD102LA	VUILD102	fold_4	macrophage_profibrotic	PF_ONLY	3.03163882340439	1.8096676514114354	2.5750329447464764	2.5884070656744655	2.1785476841543816	2.3602807072897702	2.48346552524735	1.8475978700693314	2.2746670127681323	2.325714344289442	2.2178458536534036	2.27173577655676	0.4432317577299245	0.0020087314289326096
VUILD102LA_150_6_17	VUILD102LA	VUILD102	fold_4	macrophage_profibrotic	PF_ONLY	2.77500716498631	1.7861943264140956	2.1039588443573183	2.1153549546664197	2.085286427409575	2.1339596760460555	2.2167072962757772	1.8344927925639694	2.115775690882825	2.2723944479335443	2.122530551651925	2.291442668200555	0.6596522103198903	0.0008175373794296638
VUILD102LA_150_6_21	VUILD102LA	VUILD102	fold_4	macrophage_profibrotic	PF_ONLY	1.84689485592682	1.7627210014167554	1.744327664954173	1.8043638358542613	1.966647958382385	1.9770293678342785	2.180540640387976	1.8213877150586073	1.9239580150516324	1.980384148176512	1.9313116439914892	2.0050353774691083	0.0425310200725586	0.0007533322731176483
VUILD102LA_150_6_22	VUILD102LA	VUILD102	fold_4	macrophage_profibrotic	PF_ONLY	2.8887659744493	1.7568526701674203	2.092354958291333	2.0020091499246484	2.3743183881203787	2.441773736415235	2.315272547046778	1.8181114456822667	1.9934495360480993	2.15994884287855	2.004509128992488	2.176652852411586	0.8867568245246518	0.00112188384884816
VUILD102LA_150_7_10	VUILD102LA	VUILD102	fold_4	macrophage_profibrotic	PF_ONLY	1.4952605867057	1.8306299084772437	1.8277037914132048	1.8718314688545652	1.6643857610760378	1.7341967037138883	2.2194297704623596	1.858284879368517	1.7793994079990785	1.7491990102044084	1.7569357277560538	1.7709117778179724	-0.37657088214886514	0.0010706409415280175
VUILD102LA_150_7_22	VUILD102LA	VUILD102	fold_4	macrophage_profibrotic	PF_ONLY	2.67561515146052	1.7602099334852237	2.156320208663496	2.189081360534122	2.2114828744369173	2.2321243933555786	2.2048655886010877	1.8189696468524306	2.3112938340315483	2.282562410531948	2.3202153243207726	2.3020357488677687	0.48653379092639826	0.0009422840529292097
VUILD102LA_150_7_24	VUILD102LA	VUILD102	fold_4	macrophage_profibrotic	PF_ONLY	2.92018796562451	1.7484732709865538	2.5212185843213817	2.5887431594979526	2.2945466654473385	2.457867574715511	2.174349801017079	1.8124171080997495	2.1561876737501344	2.1545886837727295	2.0787486644898925	2.095563371777636	0.33144480612655736	0.002093733203319047
VUILD102LA_150_7_8	VUILD102LA	VUILD102	fold_4	macrophage_profibrotic	PF_ONLY	2.87999450283587	1.8423665709759138	2.146990651371611	2.116042937306517	2.7734144819842075	2.761425806400395	2.535878951972774	1.864837418121198	2.4549870726038505	2.6222655132379606	2.440565258117115	2.6519094319250254	0.7639515655293532	0.0013464673099496413
VUILD102LA_150_7_9	VUILD102LA	VUILD102	fold_4	macrophage_profibrotic	PF_ONLY	1.67892243272308	1.8364982397265788	2.0738859570509227	2.044880232953901	2.2818708869702546	2.282173246998963	2.5719032370364374	1.8615611487448573	2.144957630445478	2.145741999260869	2.138994942774942	2.154781414084724	-0.36595780023082103	0.0011038908642540873
VUILD102LA_150_8_19	VUILD102LA	VUILD102	fold_4	macrophage_profibrotic	PF_ONLY	2.03631240053952	1.7811721905510323	1.80878449984255	1.913307966550037	1.8261477493608904	1.8670167475254316	2.2572919618386895	1.829656656151616	1.717167554193687	1.7951889768086702	1.7337783442943433	1.8227729174581806	0.12300443398948291	0.0020864843433080716
VUILD102LA_150_8_21	VUILD102LA	VUILD102	fold_4	macrophage_profibrotic	PF_ONLY	2.07643951571309	1.7694355280523621	2.038053381536854	1.8854135302988517	1.5851671652058257	1.7282463879954943	2.0101997738291963	1.823104117398935	1.8737681773370645	1.5695532013576552	1.839412303781287	1.511546435522971	0.19102598541423843	0.0006071888877568804
VUILD102LA_150_8_22	VUILD102LA	VUILD102	fold_4	macrophage_profibrotic	PF_ONLY	3.33339563726821	1.763567196803027	2.653799797946892	2.690764094477478	2.716667886186046	2.8298257655339114	2.5073413907068796	1.8198278480225945	2.436488562333382	2.530887342141404	2.3609249050148096	2.4947588440944806	0.6426315427907321	0.0014446986298018829
VUILD102LA_150_8_24	VUILD102LA	VUILD102	fold_4	macrophage_profibrotic	PF_ONLY	2.06208560077993	1.7518305343043572	1.8048123700227952	1.7737374218139634	1.2683761006104852	1.4200602104184936	2.062040830186154	1.8132753092699134	1.6195182252600981	1.7045041483075227	1.6048931513147162	1.6900234949861075	0.28834817896596654	0.0011751704111107853
VUILD102LA_150_8_25	VUILD102LA	VUILD102	fold_4	macrophage_profibrotic	PF_ONLY	3.07842041747528	1.7459622030550224	2.663030661402355	2.827014955560399	2.1433290212384004	2.3335012404866884	2.093719926626035	1.8099990398935728	2.3335449149679803	2.3709413332937093	2.1905095235601086	2.2667243434614655	0.2514054619148811	0.00148691396967529
VUILD102LA_150_9_13	VUILD102LA	VUILD102	fold_4	macrophage_profibrotic	PF_ONLY	2.09411443561163	1.8197394413648456	1.8846720089222995	1.9450360619245912	2.3142658439753006	2.2971253556457536	2.5231441851989684	1.850172473579823	2.1538651744378003	2.0798159030826424	2.161029971619673	2.1119723369279813	0.1490783736870389	0.0025424496679951063
VUILD102LA_150_9_20	VUILD102LA	VUILD102	fold_4	macrophage_profibrotic	PF_ONLY	3.23512420695277	1.7786611226195006	1.8019971879410273	1.8118297955183456	1.98767364466659	2.080724372470354	2.0568639931654156	1.8272385879454394	1.879193968233419	1.9071962450337114	1.870762311034337	1.912259016885939	1.4232944114344244	0.0007851616910708511
VUILD102LA_150_9_22	VUILD102LA	VUILD102	fold_4	macrophage_profibrotic	PF_ONLY	2.91255438991973	1.7669244601208305	2.36632213257907	2.2479730206738164	2.5460002349012596	2.5964135139102726	2.415816451750462	1.8206860491927583	2.3905038377330383	2.5462896985006607	2.3679798918952817	2.5481659913089727	0.6645813692459135	0.0015298888712051164
VUILD102LA_150_9_24	VUILD102LA	VUILD102	fold_4	macrophage_profibrotic	PF_ONLY	2.73678119180982	1.7551877976221606	1.61775832809991	1.6424853731248885	2.111710002234714	2.1070621163995495	2.119578600248674	1.8141335104400773	1.9108847937878934	2.1844580251909766	1.9536985181448345	2.23847217336857	1.0942958186849316	0.0015398694023622825
VUILD102LA_150_9_25	VUILD102LA	VUILD102	fold_4	macrophage_profibrotic	PF_ONLY	2.61967068695883	1.7493194663728258	2.746923921063355	2.745292758721126	2.5635861872354337	2.757743562577654	2.313819080882861	1.810857241063737	2.7333874364232615	2.768972799316707	2.6313831039378583	2.699140043410024	-0.125622071762296	0.0023101135907725445
VUILD102LA_150_9_26	VUILD102LA	VUILD102	fold_4	macrophage_profibrotic	PF_ONLY	2.9301151547392	1.7434511351234907	2.5753628470417804	2.7500899929059472	2.5222783317990927	2.737438451027149	2.700298408296672	1.8075809716873963	2.3710170886220183	2.3896988631732468	2.2418567582172275	2.2879563500874376	0.18002516183325268	0.000797489935619378
VUILD102LA_150_9_8	VUILD102LA	VUILD102	fold_4	macrophage_profibrotic	PF_ONLY	1.83009730351151	1.8490810976115206	1.5932269945066646	1.4493705380666135	2.198698950891804	2.051596990900955	2.4670586664324796	1.8665538204615257	1.8908653561018183	1.75482455748834	1.995027246696715	1.8492339483453841	0.3807267654448965	0.0009966588895070532
VUILD102LA_150_9_9	VUILD102LA	VUILD102	fold_4	macrophage_profibrotic	PF_ONLY	0.868437582854488	1.8432127663621856	1.2818965640645636	1.3034304251598625	1.5817917794384255	1.446888847132166	1.9616473986006773	1.8632775510851853	1.6250122242939102	1.5786930841484854	1.7383725634916634	1.7027668350362595	-0.4349928423053745	0.0008077685241039755
VUILD102MA_150_10_10	VUILD102MA	VUILD102	fold_4	macrophage_profibrotic	PF_ONLY	2.23497389198996	1.8356957244422705	2.000879478147619	2.0465203873350317	1.8187475947867056	1.839182161312582	2.2809296236591408	1.8417621097432755	1.455584736477214	1.4223285483598147	1.3677885354298285	1.3744870012924701	0.1884535046549285	0.000557982829886224
VUILD102MA_150_10_11	VUILD102MA	VUILD102	fold_4	macrophage_profibrotic	PF_ONLY	2.79668131838461	1.829826543161853	2.635150625686898	2.6720043930134776	1.8913633222484707	2.0115151530722	2.029239590672443	1.838485645540426	1.766570757802667	1.81229393778099	1.6480896069078579	1.7379706254408156	0.12467692537113262	0.0007793772348592481
VUILD102MA_150_10_12	VUILD102MA	VUILD102	fold_4	macrophage_profibrotic	PF_ONLY	3.50484957736938	1.8239573618814358	2.6925227749882836	2.7295646393169566	2.2973004109819057	2.2831028386141785	2.968373896828659	1.8352091813375764	2.1379053264854844	2.129245157682115	2.082551945633521	2.0975525119586655	0.7752849380524234	0.0002851776975689844
VUILD102MA_150_10_17	VUILD102MA	VUILD102	fold_4	macrophage_profibrotic	PF_ONLY	1.42664388727783	1.7946114554793486	1.685922120706244	1.5813002295066494	1.325249616395806	1.3103770503311984	2.112902522750163	1.8188268603233284	1.705869277083128	1.6700364186028502	1.7761074365415328	1.7402980683673492	-0.1546563422288194	0.0014847268282489482
VUILD102MA_150_10_19	VUILD102MA	VUILD102	fold_4	macrophage_profibrotic	PF_ONLY	3.06137056705977	1.7828730929185137	2.452865098656889	2.420933201593265	2.335960323349843	2.3710503696542418	2.2860659008396786	1.8122739319176293	2.4500297023810127	2.1837545653930723	2.4329488967836808	2.1566049382754526	0.640437365466505	0.0008362827848854782
VUILD102MA_150_10_2	VUILD102MA	VUILD102	fold_4	macrophage_profibrotic	PF_ONLY	3.04354443337884	1.8826491746856098	2.5351746215023034	2.326794189240043	2.0723976827150565	2.0408067725729957	2.5435532551919584	1.8679738233660723	1.934740942749376	2.0833120348344702	1.8980894278130265	2.0857098655554287	0.716750244138797	0.0007221101986787279
VUILD102MA_150_10_21	VUILD102MA	VUILD102	fold_4	macrophage_profibrotic	PF_ONLY	2.50288813001603	1.7711347303576788	1.9773469955682235	1.962463659660341	2.183786578342978	2.154866354979501	2.419516632207507	1.8057210035119302	2.119235477826662	1.9638000652157992	2.1800743882474616	2.0118097532069634	0.5404244703556889	0.0012175381284587135
VUILD102MA_150_10_22	VUILD102MA	VUILD102	fold_4	macrophage_profibrotic	PF_ONLY	1.91621627617875	1.7652655490772615	1.5546336087174522	1.4823685815909209	2.0020697704072714	1.9245180390079426	2.0886687337415437	1.8024445393090807	1.8130756383359614	1.8523607165847682	1.8648323306465624	1.8959981025911163	0.4338476945878291	0.0011217729298087444
VUILD102MA_150_10_23	VUILD102MA	VUILD102	fold_4	macrophage_profibrotic	PF_ONLY	3.09840455768233	1.759396367796844	2.7101852874838066	2.846748884032642	2.2001643312387644	2.328649516403231	2.565235509794275	1.799168075106231	2.2911719515809588	2.5197846903633785	2.219573184964843	2.4756027021397244	0.251655673649688	0.0013141796391483683
VUILD102MA_150_10_24	VUILD102MA	VUILD102	fold_4	macrophage_profibrotic	PF_ONLY	2.88996063682151	1.7535271865164266	2.180443914110267	2.136094422835937	2.5188809256432982	2.485623889771386	2.243664417423335	1.7958916109033813	2.4192476907778526	2.3015177882919313	2.448024296463308	2.347723407086757	0.7538662139855732	0.001913188390389814
VUILD102MA_150_10_25	VUILD102MA	VUILD102	fold_4	macrophage_profibrotic	PF_ONLY	3.79645843398862	1.7476580052360091	2.9011393073490974	2.832078480344972	2.7260357519775456	2.8724353252615717	2.4459623779103206	1.7926151467005318	2.852233265337727	2.866159427836261	2.7823218647324923	2.814680360685693	0.9643799536436481	0.0014263086802860925
VUILD102MA_150_10_3	VUILD102MA	VUILD102	fold_4	macrophage_profibrotic	PF_ONLY	2.91810803807823	1.8767799934051925	2.0652677845635874	2.1188476687234425	1.735000647068831	1.7592467272805994	2.7356768664537503	1.8646973591632228	1.633825574781778	2.0538572411155007	1.621652158833092	2.057715584490402	0.7992603693547875	0.0006317109896488312
VUILD102MA_150_10_9	VUILD102MA	VUILD102	fold_4	macrophage_profibrotic	PF_ONLY	2.63251200951574	1.841564905722688	3.0339424616787283	2.9126349427488645	2.1174235425834103	2.259447660958176	2.438147426756955	1.8450385739461252	2.04076621037566	1.8736196988407545	1.8757417744117688	1.755163610867658	-0.28012293323312454	0.00046479231874095464
VUILD102MA_150_11_10	VUILD102MA	VUILD102	fold_4	macrophage_profibrotic	PF_ONLY	2.32084372044063	1.8385770783636912	1.6200631963782555	1.5486119554238877	0.9990295244517672	1.0474934332666186	2.2985809639387713	1.842366943708883	0.7637305867485626	1.0261350045447344	0.7041258011977349	1.0488074151393545	0.7722317650167421	0.0006157010717550428
VUILD102MA_150_11_16	VUILD102MA	VUILD102	fold_4	macrophage_profibrotic	PF_ONLY	1.4734513156014	1.8033619906811869	1.5558882916851635	1.4047802734547195	1.818616679186151	1.7144264806576344	2.1955879815700383	1.8227081584917855	1.7669041282108486	1.9858826056185568	1.8687082962320172	2.091472595430475	0.06867104214668052	0.0012130678448306997
VUILD102MA_150_11_17	VUILD102MA	VUILD102	fold_4	macrophage_profibrotic	PF_ONLY	2.35042217103665	1.7974928094007694	2.28860834818897	2.290130666125404	2.0262640778120873	2.0652576259423086	2.36273459574583	1.819431694288936	2.095054379981522	2.1588423436951727	2.1062208804068683	2.1825237137272047	0.06029150491124602	0.0018643607295449113
VUILD102MA_150_11_18	VUILD102MA	VUILD102	fold_4	macrophage_profibrotic	PF_ONLY	2.36438855338633	1.791623628120352	1.3573976092568314	1.2863286698515082	1.7306363007035306	1.5120572451359018	2.465629511743513	1.8161552300860864	1.9449002280492926	1.7411327387636921	2.1432950798018884	1.8817553441022503	1.0780598835348219	0.0015609627009145121
VUILD102MA_150_11_19	VUILD102MA	VUILD102	fold_4	macrophage_profibrotic	PF_ONLY	3.37242735584993	1.7857544468399347	2.5556483712410607	2.6060753745267795	2.304852042109077	2.3524225034359016	2.5134189729394563	1.8128787658832368	2.4950883111516764	2.424144358585042	2.498560921552138	2.4367481343792434	0.7663519813231505	0.0009931321980817395
VUILD102MA_150_11_23	VUILD102MA	VUILD102	fold_4	macrophage_profibrotic	PF_ONLY	2.98069072879481	1.7622777217182648	2.770174976156748	2.6805758862099305	2.570749182793004	2.659182871376322	2.594799360921348	1.7997729090718384	2.5158611205742023	2.378048247610675	2.4294358572978916	2.317599713788956	0.3001148425848794	0.001548997735382651
VUILD102MA_150_11_25	VUILD102MA	VUILD102	fold_4	macrophage_profibrotic	PF_ONLY	3.12931949969926	1.7505393591574299	2.445173411526743	2.360350115176476	2.6348006992002118	2.6461888056716782	2.3970414953286125	1.7932199806661393	2.5205394566210226	2.2521957718391334	2.525851285612896	2.2485963987797706	0.7689693845227841	0.0011186599268866778
VUILD102MA_150_11_3	VUILD102MA	VUILD102	fold_4	macrophage_profibrotic	PF_ONLY	2.40876078607029	1.8796613473266133	1.9774491234301301	1.8647161885985872	2.5598612598615	2.353815906286912	2.6987339815323397	1.86530219312883	1.8687849082871926	2.3361078253469887	1.923953279062067	2.451823386180577	0.544044597471703	0.000994182866722567
VUILD102MA_150_11_9	VUILD102MA	VUILD102	fold_4	macrophage_profibrotic	PF_ONLY	3.09954390411776	1.8444462596441087	2.5787574809811002	2.6535998394036397	1.7110395939714027	1.8702003764259802	2.5349425303927857	1.8456434079117325	1.4526403086099984	1.870210389373671	1.3066955353647485	1.793021598925107	0.4459440647141202	0.0005999850252812173
VUILD102MA_150_12_10	VUILD102MA	VUILD102	fold_4	macrophage_profibrotic	PF_ONLY	2.7738715061598	1.841458432285112	2.133958984105469	2.1320548869945632	1.525493961079305	1.6337674121729717	2.2732646856794463	1.8429717776744903	1.1754634961733095	1.415538025870216	1.10404387316317	1.3833215260744534	0.6418166191652368	0.0005739835509048333
VUILD102MA_150_12_11	VUILD102MA	VUILD102	fold_4	macrophage_profibrotic	PF_ONLY	2.67932098926608	1.8355892510046945	2.2428070129272464	2.332831173870219	1.8435597659368474	1.9172176985562643	2.6421556829557513	1.8396953134716407	1.9145951159499563	1.7777910541786301	1.8857772979271978	1.7470916336040285	0.34648981539586066	0.0006803334717959356
VUILD102MA_150_12_15	VUILD102MA	VUILD102	fold_4	macrophage_profibrotic	PF_ONLY	3.66421431872152	1.812112525883025	2.610046954469722	2.698412515478796	2.411806342637238	2.612701870240179	2.2893108338979613	1.8265894566602425	2.3330876750617673	2.4963257390347224	2.2484983090239417	2.4261925306203262	0.9658018032427242	0.0012392210808270408
VUILD102MA_150_12_17	VUILD102MA	VUILD102	fold_4	macrophage_profibrotic	PF_ONLY	2.88408497699105	1.8003741633221901	1.9958152118004637	1.8942343336624134	1.7429550031623369	1.8030803501421464	2.3599771860346896	1.8200365282545432	1.8952768877131683	1.7842409403268382	1.923165082797675	1.7951853238408175	0.9898506433286365	0.0015700482833686186
VUILD102MA_150_12_2	VUILD102MA	VUILD102	fold_4	macrophage_profibrotic	PF_ONLY	2.60016254544654	1.8884118825284513	2.3608824881885657	2.3784024598156304	2.0928011553806734	2.1695490738117487	2.495794811314248	1.8691834912972871	1.9089397025400237	2.2944850417413285	1.8439142885063036	2.2709704251610576	0.22176008563090965	0.0007651581739783516
VUILD102MA_150_12_24	VUILD102MA	VUILD102	fold_4	macrophage_profibrotic	PF_ONLY	2.07750630961413	1.759289894359268	2.718672998928044	2.7752731043249845	2.2045540508738926	2.213038704093792	2.779087167279603	1.7971012788345961	2.5194365944959562	2.2900917897773025	2.5170863708271978	2.255599696838127	-0.6977667947108546	0.0018799264543271255
VUILD102MA_150_12_25	VUILD102MA	VUILD102	fold_4	macrophage_profibrotic	PF_ONLY	3.03027655561569	1.7534207130788506	1.8144303211060466	1.8469151067210552	2.5994506715863666	2.4277702960926444	2.319605419310209	1.7938248146317466	2.3905893462774914	2.2497377458740235	2.4922735695467395	2.332249988426679	1.183361448894635	0.0008582958256432217
VUILD102MA_150_12_7	VUILD102MA	VUILD102	fold_4	macrophage_profibrotic	PF_ONLY	2.82521398904676	1.8590659761263642	2.1440806381769972	2.128902021805949	1.3236767851586357	1.4778262621998235	2.407574007293479	1.8528011702830391	1.7470363460034029	1.8047465576552433	1.670782900153439	1.709709951327553	0.6963119672408107	-4.575319428316328e-05
VUILD102MA_150_13_10	VUILD102MA	VUILD102	fold_4	macrophage_profibrotic	PF_ONLY	3.12259554478589	1.8443397862065327	1.8236194574518976	1.83421390131336	1.8861827878541007	1.9074411026892801	2.6388864251706283	1.8435766116400978	1.8417892664924747	1.9496765988709988	1.9008195726984614	1.9904056064850126	1.2883816434725301	0.0005520113754954384
VUILD102MA_150_13_14	VUILD102MA	VUILD102	fold_4	macrophage_profibrotic	PF_ONLY	3.10053844310466	1.820863061084863	2.4562462235607687	2.5573839315785385	2.462409941851023	2.5759715156213847	2.2327746506755144	1.8304707548286994	2.1099371763988364	2.475133395787861	2.022901198119888	2.437770069921231	0.5431545115261214	0.0012845524031399064
VUILD102MA_150_13_15	VUILD102MA	VUILD102	fold_4	macrophage_profibrotic	PF_ONLY	3.41302393886489	1.8149938798044456	2.095717292250686	2.1759223133012084	2.4083879755788975	2.461159493826467	2.067074676854882	1.8271942906258498	2.235172099948202	2.623642359995462	2.2191168373996013	2.6413752150286034	1.2371016255636818	0.00116692286311361
VUILD102MA_150_13_16	VUILD102MA	VUILD102	fold_4	macrophage_profibrotic	PF_ONLY	2.64890776502394	1.8091246985240281	2.928344147117833	2.8191665731903006	2.7963798444933645	2.7760740742299927	2.36419808999226	1.8239178264230003	2.597581270056992	2.7484344477100247	2.5618361251192088	2.754889346821829	-0.17025880816636052	0.0012322301609923247
VUILD102MA_150_13_17	VUILD102MA	VUILD102	fold_4	macrophage_profibrotic	PF_ONLY	2.83085841102514	1.8032555172436107	2.5967574970720384	2.63733671681815	2.2739311576117403	2.395155074700109	2.466884189840367	1.8206413622201507	2.5184095969647022	2.4954650481286906	2.4713842624261932	2.469212759911591	0.19352169420698973	0.001707201966650257
VUILD102MA_150_13_25	VUILD102MA	VUILD102	fold_4	macrophage_profibrotic	PF_ONLY	2.86458249531739	1.7563020670002714	1.8546644337184006	1.8091609179362205	2.699682515583743	2.575282992864258	2.471626174365538	1.7944296485973539	2.423281521728078	2.249371612809253	2.506159442143102	2.3178459368723523	1.0554215773811697	0.0014435364790140164
VUILD102MA_150_13_6	VUILD102MA	VUILD102	fold_4	macrophage_profibrotic	PF_ONLY	2.70431095315971	1.8678165113282024	2.283586756803767	2.301479484607628	1.4379153052307088	1.5840678931955559	2.358129834272135	1.856682468451496	1.742587134357594	1.6825039751977502	1.6428199551062181	1.606637465502571	0.40283146855208196	0.00020034867919758938
VUILD102MA_150_13_7	VUILD102MA	VUILD102	fold_4	macrophage_profibrotic	PF_ONLY	2.7238889450867	1.861947330047785	2.943217834653179	3.0612339435714215	1.5987843951427159	1.8610807670096345	2.4489392575338274	1.8534060042486464	1.6941177444920663	1.7596046512538788	1.5021506021901119	1.5858264707001428	-0.33734499848472144	0.0004060947408922644
VUILD102MA_150_13_8	VUILD102MA	VUILD102	fold_4	macrophage_profibrotic	PF_ONLY	2.74221572678371	1.8560781487673677	2.1369706918743	2.0754455085335417	2.6196078367161526	2.6129643317584423	2.527533154576653	1.8501295400457969	2.1846840352656733	2.5178617786414623	2.170553818714264	2.526483901050766	0.6667702182501682	0.0010254007256438834
VUILD102MA_150_13_9	VUILD102MA	VUILD102	fold_4	macrophage_profibrotic	PF_ONLY	3.29282816274538	1.8502089674869502	2.389404912627396	2.4489231464152605	2.148203078473452	2.3462064963754017	2.1222956249756457	1.8468530758429473	2.194789966451041	2.393851090905062	2.111909439648156	2.377196808525383	0.8439050163301194	0.001759270827324203
VUILD102MA_150_14_14	VUILD102MA	VUILD102	fold_4	macrophage_profibrotic	PF_ONLY	2.17816284125611	1.8237444150062836	2.033480270248947	2.0299646958651865	2.6437105832076977	2.5290833226950316	2.4972792542486317	1.8310755887943067	2.215747942982672	2.3414459107554455	2.2608321495536847	2.415860958625558	0.14819814539092357	0.0014020457014875631
VUILD102MA_150_14_15	VUILD102MA	VUILD102	fold_4	macrophage_profibrotic	PF_ONLY	2.79838963112502	1.8178752337258663	1.9160598670837528	1.8039851374338813	2.1399226044688247	2.094329931271964	2.131097361857558	1.827799124591457	1.9616027757640457	2.1732304634415778	2.0176248860202732	2.2433379543512313	0.9944044936911387	0.0012443395849282746
VUILD102MA_150_14_16	VUILD102MA	VUILD102	fold_4	macrophage_profibrotic	PF_ONLY	3.04755538330795	1.8120060524454489	1.8485270441985127	1.816248353342344	1.9797821504702655	2.070906755865125	2.328069568175011	1.8245226603886076	1.9415162616243726	1.9806942700306855	1.9289133066797115	1.9716582326156222	1.231307029965606	0.0014443149520747592
VUILD102MA_150_14_17	VUILD102MA	VUILD102	fold_4	macrophage_profibrotic	PF_ONLY	2.43783594373722	1.8061368711650314	1.9963688496719665	2.085540635921082	2.327535669495041	2.357805572125351	2.348443013921763	1.821246196185758	2.4294847649369298	2.2236830228399613	2.4650894272996755	2.2470103494230136	0.35229530781613816	0.0014741546390624085
VUILD102MA_150_14_25	VUILD102MA	VUILD102	fold_4	macrophage_profibrotic	PF_ONLY	3.36157414236153	1.759183420921692	3.1837199548409645	3.3745094273498433	3.1754482065889764	3.2262915150135276	2.5432245238706486	1.7950344825629614	3.0704072650417977	2.8624255702350165	3.030112762609981	2.8254803149644863	-0.01293528498831309	0.0010505109429700275
VUILD102MA_150_14_7	VUILD102MA	VUILD102	fold_4	macrophage_profibrotic	PF_ONLY	2.55774055544332	1.8648286839692056	2.4104798805186984	2.298083463832496	1.6988734722686416	1.7743023924088979	2.361742581585106	1.854010838214254	1.6657953009573232	1.772642641168343	1.5465220435399791	1.6971672855172655	0.25965709161082406	0.0002818507722665535
VUILD102MA_150_14_8	VUILD102MA	VUILD102	fold_4	macrophage_profibrotic	PF_ONLY	3.0300684698958	1.8589595026887884	2.0312012744832346	2.185046242057361	1.7747593949153482	1.7658906795106226	2.462504030032486	1.8507343740114044	1.7702319790755596	1.799132835282854	1.7568360303317059	1.792781880706599	0.8450222278384389	9.982638263070459e-05
VUILD102MA_150_14_9	VUILD102MA	VUILD102	fold_4	macrophage_profibrotic	PF_ONLY	3.04553408774329	1.853090321408371	1.7960833275447963	1.7578755338165204	2.59759015790184	2.4827688490626962	2.3313013855528233	1.8474579098085546	2.425145752574635	2.1446211887241935	2.560071667095392	2.2113560911702277	1.2876585539267695	0.0010343224617516851
VUILD102MA_150_15_14	VUILD102MA	VUILD102	fold_4	macrophage_profibrotic	PF_ONLY	1.51492764552411	1.8266257689277043	1.8221154179633374	1.7560145436821168	2.334456250332158	2.2358673272549434	2.445371667058339	1.8316804227599142	2.1476299106625873	2.272800470605605	2.2307156145298914	2.358273074539176	-0.24108689815800677	0.0014041018954138395
VUILD102MA_150_15_17	VUILD102MA	VUILD102	fold_4	macrophage_profibrotic	PF_ONLY	2.63187776496604	1.8090182250864522	2.0415634254805304	2.0090686183986404	1.8676533376136617	1.9060615755835877	2.2891086820995312	1.8218510301513653	2.1327409597798357	2.070743580879687	2.159370230548064	2.098200446862866	0.6228091465673997	0.0011768832187471507
VUILD102MA_150_15_25	VUILD102MA	VUILD102	fold_4	macrophage_profibrotic	PF_ONLY	2.95748219785818	1.7620647748431126	2.167775924996112	2.151090072283223	2.8680998011583405	2.8431179646593336	2.3685125824319933	1.7956393165285687	2.6351895370823293	2.2842185655328406	2.6534016029696224	2.275945429608395	0.8063921255749569	0.0013628592057598073
VUILD102MA_150_15_6	VUILD102MA	VUILD102	fold_4	macrophage_profibrotic	PF_ONLY	3.25097585791627	1.8735792191710439	2.7536385320409074	2.8141570535503897	1.396281583581421	1.60919793171955	2.506616676466015	1.8578921363827108	1.6672296009654817	1.7589774251098764	1.4906019226464584	1.653124770093359	0.4368188043658803	0.0006302924801485283
VUILD102MA_150_15_7	VUILD102MA	VUILD102	fold_4	macrophage_profibrotic	PF_ONLY	2.76823325462198	1.8677100378906264	2.623349076313641	2.574828088078138	1.2455469954055043	1.5824215111522821	2.444687692549948	1.8546156721798612	1.1843545832351503	1.7515116751354707	0.9739127206286751	1.636112546821304	0.1934051665438421	0.0003705334283621613
VUILD102MA_150_16_13	VUILD102MA	VUILD102	fold_4	macrophage_profibrotic	PF_ONLY	1.75001458713474	1.8353763041295426	1.8208729954757517	1.780493304332994	1.9166810703406008	1.849631496296477	2.544320128135396	1.835561720928371	2.2235279870431355	2.1959027379845737	2.271646517885853	2.2789722949825526	-0.030478717198254124	0.0010659233532062736
VUILD102MA_150_16_16	VUILD102MA	VUILD102	fold_4	macrophage_profibrotic	PF_ONLY	1.53794032415752	1.8177687602882904	1.213072411935248	1.319136025367939	1.309225654765501	1.1926017659834685	2.005470891774491	1.8257323283198224	1.5179731130374572	1.4439968650010095	1.620426457576934	1.5702358261757812	0.21880429878958108	0.00018988928718057419
VUILD102MA_150_16_17	VUILD102MA	VUILD102	fold_4	macrophage_profibrotic	PF_ONLY	1.79913687745605	1.811899579007873	1.7269131161715725	1.723672312886939	1.552757424348436	1.5205955203448869	2.1373827783251445	1.8224558641169728	1.908837941586994	1.7013303793149799	1.940803114648009	1.737932200572525	0.07546456456911121	0.000952918719234031
VUILD102MA_150_16_18	VUILD102MA	VUILD102	fold_4	macrophage_profibrotic	PF_ONLY	2.37230500860266	1.8060303977274554	1.9631192744585397	2.0193531939164546	2.1651173700232302	2.1316947543756286	2.3136658436809183	1.8191793999141233	2.0989749316845705	2.221069544852415	2.110837742554294	2.259930015735763	0.3529518146862052	0.0016030570494102864
VUILD102MA_150_16_22	VUILD102MA	VUILD102	fold_4	macrophage_profibrotic	PF_ONLY	3.1792004503977	1.7825536726057858	2.074162885754402	2.121686274549893	2.4722557358519137	2.4428022318020703	2.3791449012692674	1.8060735431027248	2.197236833962618	2.1538951474432846	2.2302766252791937	2.171787630256614	1.0575141758478068	0.0012849791035282445
VUILD102MA_150_16_23	VUILD102MA	VUILD102	fold_4	macrophage_profibrotic	PF_ONLY	3.61812263679762	1.7766844913253683	2.4063692591169588	2.2979274427078487	2.792623223558467	2.7153445521090926	2.6336177266215293	1.8027970788998753	2.5287107981171406	2.3838434708702523	2.5539287201395893	2.420879746140564	1.3201951940897714	0.0017231379954207597
VUILD102MA_150_16_24	VUILD102MA	VUILD102	fold_4	macrophage_profibrotic	PF_ONLY	3.44232566539698	1.7708153100449509	2.873402453102301	3.08017645277946	2.902304667933004	2.980662516991231	2.6638834973425736	1.7995206146970257	2.779527836239238	2.527405932241657	2.7078743951702795	2.445943700447278	0.3621492126175201	0.0026306024103024102
VUILD102MA_150_16_25	VUILD102MA	VUILD102	fold_4	macrophage_profibrotic	PF_ONLY	2.20354274583737	1.7649461287645334	1.7555370392145544	1.8350758984831632	2.4512768825218374	2.406499658443475	2.3565830290952796	1.796244150494176	2.4288216721925138	2.246373205357756	2.4725856224877387	2.2585234329798003	0.368466847354207	0.0013867435721714202
VUILD102MA_150_16_5	VUILD102MA	VUILD102	fold_4	macrophage_profibrotic	PF_ONLY	2.95895432666742	1.8823297543728819	2.847211871523772	2.923442855087184	1.4265856203950167	1.7072145128920242	2.5967152894127334	1.8617734345511678	1.8606253039028726	1.85541262023698	1.6724658676019952	1.6991780500623799	0.035511471580236265	0.0005647907369521149
VUILD102MA_150_16_6	VUILD102MA	VUILD102	fold_4	macrophage_profibrotic	PF_ONLY	1.5578029976011	1.8764605730924644	1.5423399841731136	1.4654750988002079	1.6509177647979183	1.4862411483811688	2.4924414532445307	1.8584969703483183	2.0248716520839354	1.6857043592298198	2.1082292806731417	1.7380293408932423	0.0923278988008922	0.0004045170908617238
VUILD102MA_150_16_7	VUILD102MA	VUILD102	fold_4	macrophage_profibrotic	PF_ONLY	2.69961642834309	1.870591391812047	2.001036369365229	2.059978625432423	1.129128664503272	1.1965339214033075	2.3338825211298433	1.8552205061454685	1.6014817850892002	1.2600402392752819	1.5633142965244695	1.2284100240839493	0.6396378029106673	8.071235825182614e-05
VUILD102MA_150_16_8	VUILD102MA	VUILD102	fold_4	macrophage_profibrotic	PF_ONLY	2.87020726152972	1.8647222105316297	2.0308729926630353	2.096865475399439	1.7369969701370316	1.8107937989716099	2.349702009000466	1.851944041942619	1.2226080614022832	1.7990572641503026	1.1218190040538905	1.796899798496837	0.7733417861302807	8.023049922135158e-05
VUILD102MA_150_17_12	VUILD102MA	VUILD102	fold_4	macrophage_profibrotic	PF_ONLY	3.06070493386762	1.8441268393313808	2.9374261091257354	3.00795653816779	1.691263216898816	1.8824796675167197	2.487030862807707	1.839443019096828	2.0886570647957923	2.004496064605667	1.9166413161193485	1.8989483451415095	0.05274839569983003	0.0007713730509231109
VUILD102MA_150_17_13	VUILD102MA	VUILD102	fold_4	macrophage_profibrotic	PF_ONLY	3.05668166595207	1.8382576580509633	2.422703051371817	2.33938512802416	1.6292651709217936	1.7128746886578745	2.418754470680049	1.8361665548939785	1.9024144894940587	1.8733779958546732	1.8556449988701056	1.85925994936072	0.7172965379279099	0.0006174720943107383
VUILD102MA_150_17_23	VUILD102MA	VUILD102	fold_4	macrophage_profibrotic	PF_ONLY	2.51042415695295	1.779565845246789	2.0848483222260574	2.20207804449222	2.286497553889573	2.2822433964406432	2.6017911029209673	1.8034019128654826	2.4120791289547903	2.1181205130670855	2.4069752583193615	2.107759423793845	0.3083461124607303	0.002110388821899362
VUILD102MA_150_17_24	VUILD102MA	VUILD102	fold_4	macrophage_profibrotic	PF_ONLY	3.07561147339825	1.7736966639663716	2.7640868027551817	2.5973014649620056	1.9409676325241545	2.056989589678835	2.3288279101175027	1.800125448662633	2.3446531158791375	2.1503338437226303	2.291114161907765	2.118162581502391	0.47831000843624416	0.0014162774946450659
VUILD102MA_150_17_3	VUILD102MA	VUILD102	fold_4	macrophage_profibrotic	PF_ONLY	2.61917409238725	1.8969494708551375	1.87379117372602	1.9243000005844535	2.436305529871062	2.3302663014136913	2.4837355724929764	1.8689311969224744	2.0876672518975674	2.1037805232780125	2.098860637382681	2.1516968474326883	0.6948740918027965	0.0006841732171470064
VUILD102MA_150_17_4	VUILD102MA	VUILD102	fold_4	macrophage_profibrotic	PF_ONLY	2.74631434906663	1.89108028957472	2.9102749742575558	2.8122527382639086	1.9776030551082044	2.1089297267139724	2.5866339049705678	1.8656547327196247	2.265839892084122	2.0685560138851233	2.1685667483884066	1.959695869108543	-0.06593838919727846	0.0006202046973061259
VUILD102MA_150_17_5	VUILD102MA	VUILD102	fold_4	macrophage_profibrotic	PF_ONLY	2.57741420660487	1.8852111082943028	2.5392475394339145	2.3301322412123824	1.8752197140565559	1.9091383788873715	2.5825942815650285	1.8623782685167751	1.970501952414811	1.8527236990540124	1.9125491206562435	1.785482953707755	0.2472819653924878	0.0005537545058880582
VUILD102MA_150_17_6	VUILD102MA	VUILD102	fold_4	macrophage_profibrotic	PF_ONLY	2.31420884264353	1.8793419270138854	1.9885753517180673	2.031097598303042	2.2326454369891224	2.0329050593732987	3.1544724328955644	1.8591018043139256	2.436332762082824	2.3105734325456067	2.497617245439766	2.333627751111234	0.28311124434048773	0.0006018197097691119
VUILD102MA_150_17_7	VUILD102MA	VUILD102	fold_4	macrophage_profibrotic	PF_ONLY	2.76944323179055	1.873472745733468	1.8159035424142411	1.696997783836313	2.2865269855346444	2.1668935500999114	3.1244852584276623	1.855825340111076	2.1614450160694747	2.1943589389704927	2.2274729211061253	2.2691420110477387	1.0724454479542371	0.0007591374512214442
VUILD102MA_150_18_10	VUILD102MA	VUILD102	fold_4	macrophage_profibrotic	PF_ONLY	2.68551460368673	1.8587465558136362	2.287576069244269	2.3897178564241948	1.5235425739317003	1.6902659397187463	2.0692820705342023	1.8466007814681347	1.361469278812573	1.736512994188472	1.2169371450770687	1.656732267185044	0.29579674726253513	-2.140273809179635e-05
VUILD102MA_150_18_11	VUILD102MA	VUILD102	fold_4	macrophage_profibrotic	PF_ONLY	2.13864187913513	1.8528773745332188	1.7920218733101578	1.816206832280125	1.7085167616475805	1.747611613318345	2.1953611593464855	1.8433243172652851	1.5650145039522696	1.7846748532251964	1.5274026840654684	1.7989442228134314	0.3224350468550048	0.00036399594222891646
VUILD102MA_150_18_12	VUILD102MA	VUILD102	fold_4	macrophage_profibrotic	PF_ONLY	2.7793668941471	1.8470081932528015	2.082293952922516	2.166901016540809	1.8182400649917962	1.8231178548395182	2.327071122040116	1.8400478530624356	1.8574658677404294	1.9203030227637157	1.819764444564704	1.9090611570359028	0.612465877606291	0.0003002656058623466
VUILD102MA_150_18_13	VUILD102MA	VUILD102	fold_4	macrophage_profibrotic	PF_ONLY	2.32115833113784	1.841139011972384	1.8060503355347293	1.9759298043128288	1.7968396172834333	1.7975402171137163	2.290470542076378	1.8367713888595858	1.8758365768740988	1.9025156938420118	1.8549169214553702	1.917091064137102	0.34522852682501104	0.0005018204106960217
VUILD102MA_150_18_18	VUILD102MA	VUILD102	fold_4	macrophage_profibrotic	PF_ONLY	1.80758067988771	1.811793105570297	2.3729427779446866	2.440400969658331	2.2297834900830953	2.236091344697446	2.44088844740899	1.820389067845338	2.4050324362366124	2.4786913084205606	2.3485730260663127	2.463492360031817	-0.6328202897706208	0.0013638221685562816
VUILD102MA_150_18_19	VUILD102MA	VUILD102	fold_4	macrophage_profibrotic	PF_ONLY	2.73812094277751	1.8059239242898795	1.8349609130761493	1.741070221894439	2.1158388686297807	1.9900472377913014	2.5418972685124626	1.8171126036424885	2.3042927844115986	2.281298441599695	2.409227153866212	2.375137774369735	0.9970507208830712	0.0012346520467420219
VUILD102MA_150_18_20	VUILD102MA	VUILD102	fold_4	macrophage_profibrotic	PF_ONLY	2.03434190512442	1.800054743009462	1.2809212113075317	1.3195615052407983	2.359302728632707	2.018911600362789	2.509065240478111	1.8138361394396387	2.077800483201027	2.126176888988314	2.2856090607373174	2.317013723849419	0.7147803998836215	0.0012397883106794933
VUILD102MA_150_18_23	VUILD102MA	VUILD102	fold_4	macrophage_profibrotic	PF_ONLY	3.43472224184853	1.7824471991682098	2.800913872216139	2.7569990102287187	2.7637614631321687	2.822442090672238	2.211756059829736	1.80400674683109	2.50065764227412	2.6400516476100133	2.425153133621535	2.596520195909143	0.6777232316198112	0.0012586016319750977
VUILD102MA_150_18_3	VUILD102MA	VUILD102	fold_4	macrophage_profibrotic	PF_ONLY	3.0823569006762	1.8998308247765583	2.518697646643768	2.2248964839574903	2.0118787305314005	2.0563214230196496	2.5351414476536003	1.8695360308880817	1.9574461200707822	1.804202714215668	1.899584309464316	1.755620849952999	0.8574604167187099	0.0006141908908212329
VUILD102MA_150_18_4	VUILD102MA	VUILD102	fold_4	macrophage_profibrotic	PF_ONLY	2.27562439098797	1.8939616434961408	2.2745956759449992	2.3475227398776406	1.5148755674891672	1.6271143258063134	2.506069682578925	1.8662595666852322	1.6617952560827334	1.6151848399020925	1.549109131723162	1.5552121073761063	-0.0718983488896705	0.0007408146863327006
VUILD102MA_150_18_5	VUILD102MA	VUILD102	fold_4	macrophage_profibrotic	PF_ONLY	2.44382591665367	1.8880924622157234	2.433117924495513	2.4264865411178986	1.5438888989225092	1.568402642019901	2.5463852453446796	1.8629831024823826	2.0464386995852735	1.5905597880304372	2.0069959532400157	1.5448027622254774	0.017339375535771584	0.0006090011567388491
VUILD102MA_150_18_6	VUILD102MA	VUILD102	fold_4	macrophage_profibrotic	PF_ONLY	2.75856219381679	1.8822232809353059	2.289364227215871	2.1332716443841626	2.375152419714727	2.199810329090296	3.015571341500269	1.859706638279533	2.4682945640742044	2.3725242354683607	2.5022202873392843	2.401343293490378	0.6252905494326275	0.0007519133612141144
VUILD102MA_150_18_7	VUILD102MA	VUILD102	fold_4	macrophage_profibrotic	PF_ONLY	3.12393344021531	1.8763540996548884	2.15822466455582	2.0919944820069185	2.431550306916983	2.353038188091395	3.2352459645235037	1.8564301740766833	2.4576384298389238	2.5242470456403514	2.487065192475922	2.548620175361499	1.0319389582083915	0.0010492005401758616
VUILD102MA_150_19_13	VUILD102MA	VUILD102	fold_4	macrophage_profibrotic	PF_ONLY	2.8174363541477	1.8440203658938048	2.6031335192678426	2.5716595097161816	2.1800169720611535	2.21312247016572	2.6619745479829016	1.8373762228251933	2.1514677190607	2.263544476320016	2.055713621919873	2.2239210496734274	0.24577684443151826	0.00032144435120502843
VUILD102MA_150_19_19	VUILD102MA	VUILD102	fold_4	macrophage_profibrotic	PF_ONLY	2.20901884071031	1.8088052782113002	2.082277946904027	2.050911387221206	2.1037429519472557	2.1102899212485675	2.5551276933989833	1.8177174376080958	2.3129134845369337	2.378797654039697	2.369962593661437	2.429745575156601	0.15810745348910427	0.0011224491972539117
VUILD102MA_150_19_21	VUILD102MA	VUILD102	fold_4	macrophage_profibrotic	PF_ONLY	3.30044649869521	1.7970669156504653	2.2589720713502373	2.5422782802045027	2.3433170992595964	2.2580848903389494	2.6468336810735655	1.8111645092023965	2.4618497714068104	2.2450168666086965	2.5359623975218724	2.3049122848563735	0.7581682184907073	0.0013783505351264071
VUILD102MA_150_19_23	VUILD102MA	VUILD102	fold_4	macrophage_profibrotic	PF_ONLY	2.90025234176295	1.7853285530896306	2.8873160397970308	2.945233534086957	2.1869515454375645	2.4160856292409	2.243660646691913	1.8046115807966974	2.2733567774686483	2.358803098891274	2.117010570038122	2.2434759154259223	-0.04498119232400688	0.0013583348857479894
VUILD102MA_150_19_24	VUILD102MA	VUILD102	fold_4	macrophage_profibrotic	PF_ONLY	2.91507778008153	1.779459371809213	2.737048508938852	2.725715636165325	2.678892808284985	2.800552899556043	2.5475105242439264	1.8013351165938478	2.471475976272256	2.4946982582415096	2.4032690238578156	2.434507059103748	0.1893621439162052	0.0016506274748706276
VUILD102MA_150_19_5	VUILD102MA	VUILD102	fold_4	macrophage_profibrotic	PF_ONLY	2.84211971089177	1.890973816137144	2.8200523441380896	2.862424946093684	1.8654451154239993	1.9939771665557111	2.519486948230413	1.86358793644799	1.936249935457277	1.7897065289724527	1.8075593771576755	1.697951036410965	-0.020305235201913963	0.0005522740732433009
VUILD102MA_150_1_12	VUILD102MA	VUILD102	fold_4	macrophage_profibrotic	PF_ONLY	2.8437889200642	1.7980251765886492	2.38197418747021	2.4311075726964013	1.6580805729642523	1.8089381264760445	2.465683578930999	1.8297656756471101	2.106065299648293	2.2943063246058064	2.010789735339159	2.25508948633008	0.4126813473677986	0.0010000641539192714
VUILD102MA_150_20_15	VUILD102MA	VUILD102	fold_4	macrophage_profibrotic	PF_ONLY	3.58209807605049	1.8351633572543906	2.5409636525221706	2.6804002478480857	2.38390409595998	2.5629804542888945	2.295931314558824	1.8314281283851015	2.131017164636966	2.084412821066562	2.012475844539607	1.9840662368998077	0.9016978282024044	0.0007011199639752799
VUILD102MA_150_20_19	VUILD102MA	VUILD102	fold_4	macrophage_profibrotic	PF_ONLY	3.30358801385779	1.811686632132721	2.634419226994806	2.806237961398651	2.682433060746588	2.6848329674785374	2.6550553940646773	1.818322271573703	2.4972763840916032	2.766176904073351	2.432655429772763	2.7348371120775554	0.4973500524591392	0.0007498094810887226
VUILD102MA_150_20_23	VUILD102MA	VUILD102	fold_4	macrophage_profibrotic	PF_ONLY	2.35212289377326	1.7882099070110513	2.3949495478177973	2.4048862685445	2.708509051353682	2.639443515326289	2.4774516069610466	1.8052164147623049	2.5248959619668554	2.4122659754430456	2.5199068215398914	2.4374687959272796	-0.052763374771239935	0.0015808376628916052
VUILD102MA_150_20_9	VUILD102MA	VUILD102	fold_4	macrophage_profibrotic	PF_ONLY	2.94089955120705	1.8703784449368952	2.105648570353357	2.0416613982812146	1.9289564300479454	1.876889313369736	2.7986022719433654	1.851086913602199	2.1200916201123587	2.062256598596535	2.1541625867723444	2.075847643684895	0.8992381529258355	0.0003464608108346913
VUILD102MA_150_21_12	VUILD102MA	VUILD102	fold_4	macrophage_profibrotic	PF_ONLY	2.63515337025976	1.8556522550170635	2.0263067218255273	2.0672438752904982	1.892280728578359	1.900369308180087	2.1675615183249635	1.8418623549592577	1.9055578491468488	2.1459025067983375	1.8974620192394782	2.18002108797959	0.5679094949692618	0.0006421439204240806
VUILD102MA_150_21_13	VUILD102MA	VUILD102	fold_4	macrophage_profibrotic	PF_ONLY	2.0091443681933	1.849783073736646	1.6582644574956604	1.799613719345223	2.017020232831297	1.944753591250973	2.267320904648122	1.838585890756408	1.7098935326761064	2.0114166094087436	1.7345465217515834	2.055078369909596	0.20953064884807682	0.0004115699667812079
VUILD102MA_150_21_14	VUILD102MA	VUILD102	fold_4	macrophage_profibrotic	PF_ONLY	2.65775951671442	1.8439138924562286	2.1568495347845946	2.1310221492168293	2.4144262456999788	2.441741279919034	2.3072490877412037	1.8353094265535583	1.87693211246932	2.075852312431019	1.8107780904072042	2.063374474708944	0.5267373674975908	0.0005107201951215397
VUILD102MA_150_21_15	VUILD102MA	VUILD102	fold_4	macrophage_profibrotic	PF_ONLY	3.50937324433296	1.8380447111758114	2.892957481432152	3.0035502258714293	2.4542043736821126	2.7028445459162462	2.2153482268742204	1.8320329623507088	2.2171976601834555	2.335418532497741	2.072975411970353	2.208853664430042	0.5058230184615309	0.0008116010154894098
VUILD102MA_150_21_18	VUILD102MA	VUILD102	fold_4	macrophage_profibrotic	PF_ONLY	3.24351259869373	1.820437167334559	3.075419301722546	3.181700415037062	1.9193780275873475	2.1541271671584057	2.3588810152700646	1.8222035697421601	1.646887451100989	1.7586966881180475	1.4035412078410063	1.571692565074677	0.061812183656668296	9.778342272390118e-05
VUILD102MA_150_21_22	VUILD102MA	VUILD102	fold_4	macrophage_profibrotic	PF_ONLY	2.48368797291128	1.7969604422128893	2.241313632817169	2.3686398495170273	2.0177062670894657	2.1751121417533503	2.41918043763203	1.8090977129307617	1.853670972903907	2.060745844856586	1.747692193717828	2.027465962083217	0.11504812339425285	0.0009008984223849651
VUILD102MA_150_21_9	VUILD102MA	VUILD102	fold_4	macrophage_profibrotic	PF_ONLY	2.08898142976791	1.8732597988583157	1.6761399806669748	1.7488851199203732	1.9009307341400008	1.8453449078119828	2.6253996973682856	1.8516917475678063	1.9185728966669178	1.8980018706054715	2.011152931346168	1.9485022613442375	0.3400963098475369	0.0005064799581605752
VUILD102MA_150_22_13	VUILD102MA	VUILD102	fold_4	macrophage_profibrotic	PF_ONLY	1.77073484690037	1.8526644276580668	2.0067554209885357	1.9279998531724387	1.557585160040331	1.6704040278757222	2.156544154611114	1.8391907247220154	2.0979508743077457	2.072838768315743	2.066802042946507	2.0734653027785406	-0.15726500627206863	0.001081536031564164
VUILD102MA_150_22_14	VUILD102MA	VUILD102	fold_4	macrophage_profibrotic	PF_ONLY	2.39188260980799	1.8467952463776494	2.06022097259678	2.2491088275466335	1.5218886543490147	1.6022881164745482	2.2846224522738687	1.8359142605191658	1.6864968091200465	1.9627372024180647	1.6169118145064425	1.9541305020434199	0.14277378226135662	0.0006640376518213512
VUILD102MA_150_22_17	VUILD102MA	VUILD102	fold_4	macrophage_profibrotic	PF_ONLY	2.82349427401696	1.8291877025363972	2.271261518156651	2.3430143127822785	1.1939965477495798	1.3294542187493135	2.419263034944076	1.826084867910617	1.457446579403305	1.3805169241156938	1.3218643629106195	1.289111890409951	0.4804799612346815	0.0004527098768634234
VUILD102MA_150_22_18	VUILD102MA	VUILD102	fold_4	macrophage_profibrotic	PF_ONLY	2.66305159116036	1.8233185212559797	2.28232603740458	2.401646997777139	1.374788515436446	1.5748507813048647	2.3802207059495553	1.8228084037077674	1.1004559983681153	1.421000842625047	0.9006468217788453	1.2890092820810946	0.261404593383221	-0.00017484962252003685
VUILD102MA_150_22_9	VUILD102MA	VUILD102	fold_4	macrophage_profibrotic	PF_ONLY	3.38708382979849	1.8761411527797367	2.3781215658623713	2.2866079345965717	1.700629745326244	1.6779624316396478	2.301403572878071	1.8522965815334138	1.8705235709257297	1.9579398791794234	1.8687326382413971	1.974767978454859	1.1004758952019182	0.000148547437662937
VUILD102MA_150_23_10	VUILD102MA	VUILD102	fold_4	macrophage_profibrotic	PF_ONLY	2.66056868827041	1.8731533254207398	1.5938926140849663	1.6657641438290782	1.5447424535407546	1.5280299031901134	2.2275537042214086	1.8496249512961715	1.7242221450595783	1.5451556417108725	1.8000771379994824	1.593474515436545	0.9948045444413318	0.0005867765754173867
VUILD102MA_150_23_11	VUILD102MA	VUILD102	fold_4	macrophage_profibrotic	PF_ONLY	2.94228442910982	1.8672841441403223	2.4423510664143433	2.512856539694967	1.6775760063425236	1.7990077074489066	2.158669873748326	1.846348487093322	2.113329943448858	2.2200272495673405	2.052270064368353	2.1881470746943226	0.4294278894148529	0.0008030935061703993
VUILD102MA_150_23_12	VUILD102MA	VUILD102	fold_4	macrophage_profibrotic	PF_ONLY	2.61506543775963	1.861414962859905	2.5313386771794413	2.5859294389260015	2.0240844646560587	2.169095806326064	2.4042987261552797	1.8430720228904725	2.1940740627700266	2.3914433812840312	2.1144072641071614	2.3627940486781887	0.029135998833628385	0.0017380909527604158
VUILD102MA_150_23_15	VUILD102MA	VUILD102	fold_4	macrophage_profibrotic	PF_ONLY	3.5782732579685	1.8438074190186529	3.090657922012249	3.1485280748276834	1.3349323322974636	1.6886738894631328	2.3210982818341312	1.8332426302819236	1.1993383432056803	1.8317765340681604	0.8986205228605112	1.6740032232927198	0.4297451831408168	0.0002482885874547819
VUILD102MA_150_23_8	VUILD102MA	VUILD102	fold_4	macrophage_profibrotic	PF_ONLY	3.49012964094669	1.8848916879815747	2.6378904928557496	2.4799793704412663	2.177628460147954	2.1402704757558184	1.8758779714000167	1.8561778797018706	2.328390838115939	2.253109129677253	2.307056857361798	2.2657851788978296	1.0101502705054237	0.000584317915575469
VUILD102MA_150_24_13	VUILD102MA	VUILD102	fold_4	macrophage_profibrotic	PF_ONLY	3.38093757413273	1.8584271355009083	2.632911182731182	2.7548417784540504	1.7522955876958544	1.9167423362939568	2.238862054306571	1.8404003926532302	2.2005518376753725	2.016250661693654	2.073898807804905	1.936348085534551	0.6260957956786797	0.0006357279963450424
VUILD102MA_150_24_16	VUILD102MA	VUILD102	fold_4	macrophage_profibrotic	PF_ONLY	3.84594004024596	1.8408195916596561	3.1441164714587284	3.035267450520582	1.7523770129689726	1.9320788700859928	2.580233095610821	1.8305710000446815	1.8203636115636417	2.0287559799396173	1.6541378758510823	1.9311235234819726	0.8106725897253781	0.0005718620593254196
VUILD102MA_150_24_17	VUILD102MA	VUILD102	fold_4	macrophage_profibrotic	PF_ONLY	2.81754583290627	1.8349504103792387	2.2080475634279373	2.380343877863697	1.25329565984193	1.4209965475761068	2.6202331399937804	1.8272945358418318	1.5080419386100432	1.7551978032852427	1.3788253879156902	1.7081164550844148	0.437201955042573	0.0004782941684918871
VUILD102MA_150_2_10	VUILD102MA	VUILD102	fold_4	macrophage_profibrotic	PF_ONLY	2.55215406892199	1.8126448930709047	2.055824800146491	2.1057737949545725	1.5234268389217602	1.6269551738012655	2.351320446310007	1.8369234380184165	1.832326241163308	1.8177297983326544	1.7787148084688595	1.7758238592004278	0.44638027396741764	0.0007145781999280824
VUILD102MA_150_2_16	VUILD102MA	VUILD102	fold_4	macrophage_profibrotic	PF_ONLY	2.29989310107052	1.7774298053884003	2.0906927545731757	2.2179097469755993	2.057259654037394	2.117676045774174	2.428053514627024	1.817264652801319	2.0386774345730196	1.9671046224785158	1.9923735610230353	1.9311077706631237	0.08198335409492064	0.001206165901839044
VUILD102MA_150_2_17	VUILD102MA	VUILD102	fold_4	macrophage_profibrotic	PF_ONLY	3.35524498286768	1.7715606241079829	2.883946256821376	3.0684637066548026	2.5827547548459773	2.775414654680512	2.562702556976001	1.8139881885984694	2.80716882788822	2.6573952449917275	2.7000958610150105	2.560589042298195	0.2867812762128774	0.0015925800135675474
VUILD102MA_150_2_8	VUILD102MA	VUILD102	fold_4	macrophage_profibrotic	PF_ONLY	2.44145411480867	1.8243832556317396	2.9230303592774476	3.011922609646885	1.8507621598228134	2.028037881185555	2.419462315212589	1.8434763664241158	1.3900679913319363	2.0424211124455645	1.1858831591503165	1.9550524949168617	-0.5704684948382153	0.00024322683003365458
VUILD102MA_150_2_9	VUILD102MA	VUILD102	fold_4	macrophage_profibrotic	PF_ONLY	3.31198549323484	1.8185140743513222	1.9565539042922178	1.8339673246859165	1.7241688636268984	1.7365804224330346	2.430539062721552	1.840199902221266	1.7709152857884611	2.011464319419811	1.7288174433722034	2.0189482363853073	1.4780181685489235	0.0004392038119767479
VUILD102MA_150_3_11	VUILD102MA	VUILD102	fold_4	macrophage_profibrotic	PF_ONLY	2.18635041251057	1.809657065711908	2.543918643155359	2.5028548592402267	2.327459989850467	2.480314456458331	2.5068853838928664	1.8342518077811742	2.0129772031757156	2.0971688041896166	1.8955773659032993	2.013559881860319	-0.3165044467296565	0.0004396349418147171
VUILD102MA_150_3_14	VUILD102MA	VUILD102	fold_4	macrophage_profibrotic	PF_ONLY	3.22700137762596	1.7920495218706558	2.719131375131341	2.7338887299257877	2.6076747749535047	2.668395405688115	2.5037395394841457	1.8244224151726256	2.36511898010109	2.2691585140598143	2.297325565197161	2.2353932530835583	0.49311264770017216	0.000832860672171661
VUILD102MA_150_3_18	VUILD102MA	VUILD102	fold_4	macrophage_profibrotic	PF_ONLY	2.7448592098354	1.7685727967489862	2.566278963265221	2.845775260811651	2.376609423979084	2.583766496583733	2.615854397422524	1.8113165583612272	2.699979426329362	2.782825099672624	2.604934477796517	2.724063267338499	-0.100916050976251	0.002021034957895461
VUILD102MA_150_3_7	VUILD102MA	VUILD102	fold_4	macrophage_profibrotic	PF_ONLY	3.0732762013883	1.8331337908335776	2.116658093717909	2.034800385841155	1.9653837945597463	1.958146952082105	2.5080281030045275	1.8473576645925727	1.572633602694843	2.0547989192555427	1.505992337443045	2.0552985310743934	1.038475815547145	0.0005108248719073731
VUILD102MA_150_3_8	VUILD102MA	VUILD102	fold_4	macrophage_profibrotic	PF_ONLY	3.19772006045852	1.8272646095531604	2.929782060015212	2.848053318589404	1.8119778078159083	2.085053338120014	2.498048156438992	1.8440812003897231	1.6354660111231805	2.11504520802028	1.407247269178828	1.9957423792469453	0.34966674186911595	0.000544820293220685
VUILD102MA_150_3_9	VUILD102MA	VUILD102	fold_4	macrophage_profibrotic	PF_ONLY	3.07638121279927	1.821395428272743	2.703144604555897	2.7620489127471304	1.742576200299384	2.0233696367759664	2.490992589876938	1.8408047361868736	1.8072791532270707	2.0532045639627348	1.6359170425299285	1.9427991459733136	0.3143323000521394	0.0005891524079082093
VUILD102MA_150_4_10	VUILD102MA	VUILD102	fold_4	macrophage_profibrotic	PF_ONLY	2.88350236987784	1.8184076009137462	2.5655811573164966	2.657895579585268	2.4491747869900693	2.5453617770979937	2.4290567082412813	1.8381331059496313	1.8570278982189647	2.1733049695646227	1.7292433390752906	2.115412925773388	0.2256067902925718	0.0004674394039883169
VUILD102MA_150_4_12	VUILD102MA	VUILD102	fold_4	macrophage_profibrotic	PF_ONLY	1.90544483472054	1.8066692383529115	1.9336537033613808	1.869044843386102	1.8545142116628668	1.8585719305186825	2.3240225472544767	1.8315801775439322	1.7313651099024763	1.8280386327151055	1.6904188986431048	1.8327875567869027	0.03639999133443794	0.0005694614759066473
VUILD102MA_150_4_13	VUILD102MA	VUILD102	fold_4	macrophage_profibrotic	PF_ONLY	2.65628880391783	1.800800057072494	2.1663122995596535	2.131863137035449	1.6906482083843741	1.730359757371121	2.3916767266688974	1.8283037133410824	1.644183543108132	1.7653907214028601	1.5751415007798681	1.7334289861790755	0.5244256668823812	0.0004169122250240239
VUILD102MA_150_4_18	VUILD102MA	VUILD102	fold_4	macrophage_profibrotic	PF_ONLY	3.01388993900288	1.771454150670407	2.790576148590957	2.8747870682017425	2.2304295115625425	2.4141187419813672	2.252969055514454	1.8119213923268347	2.649759295332566	2.334422670955381	2.54294724610747	2.2358613624160295	0.1391028708011377	0.0017057326508799855
VUILD102MA_150_4_20	VUILD102MA	VUILD102	fold_4	macrophage_profibrotic	PF_ONLY	2.41068774302339	1.759715788109572	2.2208807914279873	2.2713687648238854	2.481963544123393	2.5763867674867544	2.4569822776189847	1.8053684639211354	2.393540630865508	2.544763208275123	2.346528044998733	2.5170979380510206	0.13931897819950478	0.001367646097842408
VUILD102MA_150_4_21	VUILD102MA	VUILD102	fold_4	macrophage_profibrotic	PF_ONLY	3.18562330449899	1.7538466068291545	2.0745222914800383	2.1036210192863987	2.261922080363202	2.3158024219756337	2.2470570086661423	1.8020919997182858	2.160408220945035	2.386597134549888	2.1338463572702735	2.385653286792509	1.0820022852125915	0.000888139082579511
VUILD102MA_150_4_6	VUILD102MA	VUILD102	fold_4	macrophage_profibrotic	PF_ONLY	3.01838901519805	1.8418843260354159	1.9441028345448894	2.0986617223105246	1.8921643851194263	1.8987309707110054	2.302187111349506	1.8512389627610297	1.7602681304886612	1.9005897367498679	1.6906583146530358	1.8864072766786828	0.9197272928875253	0.000540632248048881
VUILD102MA_150_4_7	VUILD102MA	VUILD102	fold_4	macrophage_profibrotic	PF_ONLY	3.10722842979037	1.8360151447549984	2.55482911744997	2.5051938777221894	2.353434644139642	2.432083899514545	2.561238233603279	1.84796249855818	2.0220857514676913	2.4838411024703424	1.9277749231535837	2.463341078990065	0.6020345520681807	0.0006146277064733858
VUILD102MA_150_4_8	VUILD102MA	VUILD102	fold_4	macrophage_profibrotic	PF_ONLY	3.48635756186818	1.8301459634745811	2.6915562499768964	2.8290572488716688	1.7523602318488563	1.8721008188457129	2.420469296003059	1.8446860343553304	2.099427105843876	1.9819339276549943	1.9753470927168169	1.887685396910768	0.6573003129965111	0.0005886981661904904
VUILD102MA_150_6_10	VUILD102MA	VUILD102	fold_4	macrophage_profibrotic	PF_ONLY	1.87029151454085	1.8241703087565877	1.434746866697985	1.5247981920458935	1.4393825419832553	1.3956970113407399	2.408354603268821	1.839342773880846	1.2812969806380083	1.6012648596234969	1.2761001948713493	1.6615936416113675	0.34549332249495657	0.00017274229160371083
VUILD102MA_150_6_13	VUILD102MA	VUILD102	fold_4	macrophage_profibrotic	PF_ONLY	2.83869715605507	1.8065627649153355	2.315945719707796	2.248362784130853	1.9439165187569039	2.0631939043384704	2.525662774968101	1.8295133812722972	1.84544943096709	2.2201139924094044	1.7467777769079778	2.183852837770225	0.5903343719242171	0.0009045282678309786
VUILD102MA_150_6_4	VUILD102MA	VUILD102	fold_4	macrophage_profibrotic	PF_ONLY	2.34247175365241	1.859385396439092	1.839778818913389	1.8421150472370007	1.5799283964322524	1.5271145133577533	2.63198191664115	1.8590015590979436	1.6232603978729059	1.8701068737395377	1.6238690066477943	1.9176179035380996	0.5003567064154093	0.0005695539123939164
VUILD102MA_150_6_5	VUILD102MA	VUILD102	fold_4	macrophage_profibrotic	PF_ONLY	3.00648231947446	1.8535162151586748	2.401747461077226	2.507403621249307	1.8719198513886128	1.9626548511788249	2.4767060159744725	1.855725094895094	1.4442234700586754	1.904024614405573	1.3010656480921043	1.865568674397845	0.4990786982251527	0.0004983037851295715
VUILD102MA_150_6_6	VUILD102MA	VUILD102	fold_4	macrophage_profibrotic	PF_ONLY	3.10524146507149	1.8476470338782573	2.7991665686023524	2.6461596567555246	1.3150437414215164	1.5181537545843908	2.3837999293679193	1.8524486306922445	1.0944627214832563	1.5623261527601253	0.9211178146182964	1.4556411681488541	0.45908180831596557	9.911670858512558e-05
VUILD102MA_150_6_9	VUILD102MA	VUILD102	fold_4	macrophage_profibrotic	PF_ONLY	3.05053686395445	1.8300394900370052	2.6082862455952567	2.608176036726556	1.1901885670564445	1.3768767493446135	2.3174115770616104	1.8426192380836957	0.959231502228111	1.7962197929629107	0.7334808941275941	1.7145382113587444	0.44236082722789405	-0.00034055974345361263
VUILD102MA_150_7_14	VUILD102MA	VUILD102	fold_4	macrophage_profibrotic	PF_ONLY	3.05247517032573	1.8035749375563386	2.3885487934579333	2.465493183685764	2.5944231193906973	2.6757001704600194	2.4927414996097528	1.8268417510350552	2.361049451431156	2.5437091691284563	2.3219151717126008	2.526656049451367	0.5869819866399659	0.0011721088996089813
VUILD102MA_150_7_8	VUILD102MA	VUILD102	fold_4	macrophage_profibrotic	PF_ONLY	2.84046683321133	1.8387900252388434	2.691012882813915	2.866848633077659	0.9259986983126514	1.1921055177204896	2.2950540454416255	1.8465005362521527	1.296293120901115	1.3827607387477427	1.0890674946593102	1.2531587225245038	-0.026381799866328937	3.0013671337152494e-05
VUILD102MA_150_8_10	VUILD102MA	VUILD102	fold_4	macrophage_profibrotic	PF_ONLY	3.07623055120206	1.8299330165994292	3.238168173484622	3.388676936621162	2.0766390245550133	2.2995034804620005	2.3890805554502217	1.840552441812061	2.345803481158829	2.0467193036492817	2.134854124178949	1.8542174893326873	-0.3124463854191024	0.0004122417066317977
VUILD102MA_150_8_12	VUILD102MA	VUILD102	fold_4	macrophage_profibrotic	PF_ONLY	3.29495263644346	1.8181946540385943	3.364317223767961	3.4011272248170648	2.0043224265452224	2.313991159714714	2.4548097302252696	1.8339995134063616	1.6667501987225595	2.2318716391286553	1.38800347161944	2.0690835081905234	-0.10617458837360472	0.0009558793795978141
VUILD102MA_150_8_13	VUILD102MA	VUILD102	fold_4	macrophage_profibrotic	PF_ONLY	3.48503339462773	1.8123254727581768	3.3917617483021667	3.526761503824845	1.8596785963817357	2.224389441966882	2.4256186820948136	1.830723049203512	2.3539210337381387	2.375217367830029	2.113166239757933	2.2068889164736554	-0.04172810919711489	0.0015895227800469466
VUILD102MA_150_8_20	VUILD102MA	VUILD102	fold_4	macrophage_profibrotic	PF_ONLY	1.94126845355084	1.771241203795255	1.7726276254358593	1.8911697357090291	2.0556137809847765	2.0483713735449363	2.2319654754692673	1.807787799783565	2.0047377084819167	2.0988252617067094	2.0430448380296458	2.1457174073377066	0.05009871784181086	0.0009632711234352695
VUILD102MA_150_8_21	VUILD102MA	VUILD102	fold_4	macrophage_profibrotic	PF_ONLY	3.63664319440261	1.7653720225148375	2.2766324995434695	2.1636812784846846	2.5067802469548495	2.4646099575953038	2.4416977119360577	1.8045113355807154	2.529367079080499	2.486389073033556	2.5725932792844217	2.535539276009667	1.4729619159179252	0.000998888041273864
VUILD102MA_150_8_22	VUILD102MA	VUILD102	fold_4	macrophage_profibrotic	PF_ONLY	2.70722259226044	1.7595028412344202	1.561418825819521	1.7172119691340932	1.834507788146042	1.852562385624076	2.1297779806545267	1.8012348713778659	2.0792719304263305	2.165379380852347	2.1019241839375526	2.195784574243109	0.9900106231263468	0.0014364701152094453
VUILD102MA_150_8_24	VUILD102MA	VUILD102	fold_4	macrophage_profibrotic	PF_ONLY	2.75514210510419	1.7477644786735853	2.241962613472254	2.1654921296435123	2.321623508126023	2.351423900550631	2.438941081625482	1.7946819429721665	2.277607635550217	2.4046721773510176	2.279489749749967	2.4081269135629797	0.5896499754606777	0.002088597663201983
VUILD102MA_150_8_25	VUILD102MA	VUILD102	fold_4	macrophage_profibrotic	PF_ONLY	3.59734657160801	1.7418952973931678	2.3926247918623846	2.260653974948281	2.5711286493546472	2.5675455078649527	2.6163798378741916	1.791405478769317	2.549987979936325	2.308834711011231	2.578672884409513	2.3262676458939806	1.3366925966597294	0.00115350292824995
VUILD102MA_150_8_3	VUILD102MA	VUILD102	fold_4	macrophage_profibrotic	PF_ONLY	2.76271617375044	1.871017285562351	2.8790035843368873	2.893463687452109	1.9203566745546103	2.097320378935484	2.6034522402236426	1.863487691232008	1.907435427781072	1.8636764623848696	1.7546619293139387	1.7695554283104045	-0.13074751370166915	0.0008166936447111374
VUILD102MA_150_8_4	VUILD102MA	VUILD102	fold_4	macrophage_profibrotic	PF_ONLY	2.34396100521609	1.8651481042819336	1.6025953407955316	1.5428719466919474	1.4920386293660681	1.4138127847657485	2.648935277864312	1.8602112270291584	1.0714347718280242	1.6629412691213996	1.0411854757535417	1.7167029575360155	0.8010890585241426	0.00040545685205844876
VUILD102MA_150_8_6	VUILD102MA	VUILD102	fold_4	macrophage_profibrotic	PF_ONLY	2.86078774060397	1.8534097417210988	2.2862381648902854	2.30967277331749	1.4077965403805264	1.5146614354492052	2.2953386866382366	1.853658298623459	1.0275071529925142	1.3284985907421978	0.8705908320450602	1.2529735023024322	0.5511149672864799	-1.548804698941217e-05
VUILD102MA_150_8_7	VUILD102MA	VUILD102	fold_4	macrophage_profibrotic	PF_ONLY	2.74550600655234	1.8475405604406814	2.7864516291061796	2.772464089022952	1.3275500887006102	1.4894246461366198	2.246098658625039	1.8503818344206096	1.5614018712575295	1.3046009617226384	1.4289777414389553	1.188316925929945	-0.026958082470612155	6.987849819828731e-05
VUILD102MA_150_9_10	VUILD102MA	VUILD102	fold_4	macrophage_profibrotic	PF_ONLY	2.77670166298522	1.8328143705208497	3.006386647578622	2.881610311864437	2.156576437423976	2.3002915338937786	2.5167496208681173	1.8411572757776682	2.2680956651362107	2.170478828619718	2.1178367656382937	2.0309712749713595	-0.10490864887921703	0.000663148910929648
VUILD102MA_150_9_12	VUILD102MA	VUILD102	fold_4	macrophage_profibrotic	PF_ONLY	2.78490985222136	1.821076007960015	2.026329655625082	2.0308256371196483	1.8091284110725927	1.7897577599898433	2.3746154211833015	1.834604347371969	1.582205123814827	2.0026677880182326	1.550693545728463	2.0107775591659496	0.7540842151017118	0.00021986500620353527
VUILD102MA_150_9_13	VUILD102MA	VUILD102	fold_4	macrophage_profibrotic	PF_ONLY	3.09157815351269	1.8152068266795975	2.86231470683642	2.8550728467168467	2.1191824584815104	2.300875844888144	2.5121476007459878	1.8313278831691195	2.1766137309375897	2.185290647254045	2.051026399579247	2.1028789896302174	0.23650530679584314	0.0008449572834553943
VUILD102MA_150_9_2	VUILD102MA	VUILD102	fold_4	macrophage_profibrotic	PF_ONLY	3.52163960138463	1.8797678207641892	3.1993526536503665	3.2769054773687367	1.8309998091497035	2.0043150954989555	2.5785341390381924	1.8673689894004648	1.8327338901424512	2.12261741375972	1.6451554957649996	1.9923608076725634	0.24473412401589334	0.00029822605009745815
VUILD102MA_150_9_23	VUILD102MA	VUILD102	fold_4	macrophage_profibrotic	PF_ONLY	2.64276062171971	1.7565150138754233	2.121082076063031	1.9765894339895058	2.22559435410237	2.2155537914451156	2.27188823765997	1.7985632411406236	1.9221683697790126	1.9370463987413535	1.9432298617889248	1.9642486542776005	0.6661711877302041	0.0014892288382128576
VUILD102MA_150_9_24	VUILD102MA	VUILD102	fold_4	macrophage_profibrotic	PF_ONLY	2.26553038796007	1.7506458325950058	1.5067231294050272	1.547368803995802	2.328475669251621	2.291343136848386	2.410303030621393	1.795286776937774	2.0866986675039847	2.3011989790911427	2.163264419751221	2.3880355714997368	0.7181615839642679	0.002185825638287496
VUILD102MA_150_9_3	VUILD102MA	VUILD102	fold_4	macrophage_profibrotic	PF_ONLY	3.72539725875169	1.8738986394837718	2.6804951770452643	2.483328738992798	1.9578112717260132	2.1019751389933274	2.620685565828607	1.8640925251976153	2.116631172998735	2.0945998159208177	2.01309304319574	2.0174367674996514	1.242068519758892	0.0010091076172010834
VUILD102MA_150_9_4	VUILD102MA	VUILD102	fold_4	macrophage_profibrotic	PF_ONLY	3.5577777789223	1.8680294582033543	3.0661526878266785	3.0448859658653245	1.77878233129631	1.9134746516138073	2.5788239852118986	1.8608160609947657	1.6251577800513441	1.8385019542628451	1.49756406254378	1.7299847207745676	0.5128918130569757	0.0006106690235795672
VUILD102MA_150_9_5	VUILD102MA	VUILD102	fold_4	macrophage_profibrotic	PF_ONLY	1.78630721151868	1.862160276922937	2.637516947081855	2.561040055346864	2.033194897304362	1.9129761534055885	2.3471619476065646	1.8575395967919162	1.487094982795456	1.8169414064454588	1.4460076804836386	1.787508107044942	-0.7747328438281842	0.00035248271800871335
VUILD102MA_150_9_8	VUILD102MA	VUILD102	fold_4	macrophage_profibrotic	PF_ONLY	2.20694574578552	1.8445527330816847	2.4703851731589186	2.5269714965070658	1.9228097715215011	1.855163986590451	2.723453108667435	1.8477102041833673	1.5461766618081096	2.0613912201699933	1.4845238400029608	2.0644894096627313	-0.3200257507215456	0.0006176652930268785
VUILD102MA_150_9_9	VUILD102MA	VUILD102	fold_4	macrophage_profibrotic	PF_ONLY	2.99124335707583	1.8386835518012672	3.3666401856774644	3.4105128999923515	2.385417792038847	2.557019000159136	2.6083922127468706	1.8444337399805177	2.375336172169011	2.229835932022574	2.1687624680125897	2.0665589217238267	-0.4192695429165214	0.0006856204837829713
VUILD105MA2_150_8_3	VUILD105MA2	VUILD105	fold_4	macrophage_profibrotic	PF_ONLY	0.678255703614242	1.8699627659057432	1.0505970329114849	1.260875500317454	1.034733932999928	1.0556786934604732	1.4560320386069172	1.9048141740392508	1.2288290807377809	1.0583761951147626	1.2643791369674464	1.0558278343312872	-0.5826197967032121	0.0006417370968611254
VUILD115MA_150_10_16	VUILD115MA	VUILD115	fold_4	macrophage_profibrotic	PF_ONLY	1.41208413632148	1.8299475080423584	1.417908775777968	1.637488170194437	1.1528970829000762	1.265412715044855	1.05637264475028	1.7223437046021945	1.5355996319689238	1.1469252561884795	1.4870272978652461	1.0903907122564722	-0.22540403387295704	0.00039613756266424486
VUILD115MA_150_10_17	VUILD115MA	VUILD115	fold_4	macrophage_profibrotic	PF_ONLY	1.75784708808789	1.826269213083702	1.6674609988813185	1.331968034563917	1.1204169992474604	1.2717158200464675	1.042291126633398	1.7195693899590911	1.2922891295974477	1.0370979916646947	1.2226108289050788	0.9642919253215565	0.42587905352397293	0.0008981989617792142
VUILD115MA_150_10_18	VUILD115MA	VUILD115	fold_4	macrophage_profibrotic	PF_ONLY	1.93836953195532	1.8225909181250453	1.0615296968396963	1.0445520977508473	0.8302348262047811	0.9218711976666345	1.055976521392925	1.7167950753159877	1.1480712720089148	1.0628495740861186	1.1042739265125212	1.056481469677182	0.8938174342044727	-0.00015417042160156987
VUILD115MA_150_10_19	VUILD115MA	VUILD115	fold_4	macrophage_profibrotic	PF_ONLY	2.6493756476243	1.8189126231663886	1.680393731155225	1.421013803623553	1.4603685587462716	1.5872637968426362	1.3986136099986461	1.7140207606728841	1.7875581217301328	1.7330875220005768	1.7615592317059077	1.7000084143896674	1.228361844000747	0.0004107673857845677
VUILD115MA_150_10_20	VUILD115MA	VUILD115	fold_4	macrophage_profibrotic	PF_ONLY	2.39443963349036	1.815234328207732	2.4118748158878756	2.518236416876328	1.9689809244816905	2.242383105966372	1.657429533846174	1.7112464460297807	2.1945058323014504	2.177898810866733	2.053234614167596	2.0609198065473215	-0.12379678338596811	0.0010593145515846
VUILD115MA_150_10_21	VUILD115MA	VUILD115	fold_4	macrophage_profibrotic	PF_ONLY	2.7572575903283	1.8115560332490754	2.696800860201364	2.717371078444372	1.9889851323300825	2.2132418381939964	1.6078287664344004	1.7084721313866773	2.2561111160933978	2.3487535814461507	2.11911129838984	2.2591337801308238	0.03988651188392822	0.0007326959753172287
VUILD115MA_150_10_22	VUILD115MA	VUILD115	fold_4	macrophage_profibrotic	PF_ONLY	2.18037189600956	1.8078777382904188	1.5957519624779832	1.676082780131638	1.3938786790630497	1.5809039785690158	1.5546239285881716	1.7056978167435737	1.5159548505146223	1.4778462967047783	1.4226395952076527	1.4363128510335657	0.5042891158779219	0.0002591377109442775
VUILD115MA_150_10_34	VUILD115MA	VUILD115	fold_4	macrophage_profibrotic	PF_ONLY	3.04176851409299	1.7637381987865393	3.3713527807950565	3.43538793545864	2.9400621418623447	2.977492379794656	2.263508488966718	1.672406041026332	2.963147645640875	2.819623934281093	2.858485458795929	2.7446544992430275	-0.39361942136564965	0.0014222437881229047
VUILD115MA_150_10_35	VUILD115MA	VUILD115	fold_4	macrophage_profibrotic	PF_ONLY	2.75572887697594	1.7600599038278828	2.7857470963548105	2.8999700345612016	2.8958395431001143	2.988777232484553	2.03254698521804	1.6696317263832285	2.8504646296475684	2.719268279092046	2.7425767787137563	2.6509355355920166	-0.1442411575852618	0.0016506246630294502
VUILD115MA_150_10_38	VUILD115MA	VUILD115	fold_4	macrophage_profibrotic	PF_ONLY	1.38917837520049	1.749025018951913	1.417647418584284	1.51778528663852	0.6695149125863609	0.8215124353649776	0.7917886953899005	1.661308782453918	0.9365848572611659	1.0727907574269158	0.8378499293218424	0.9935613640882076	-0.12860691143802994	-0.0012107640667682082
VUILD115MA_150_10_40	VUILD115MA	VUILD115	fold_4	macrophage_profibrotic	PF_ONLY	1.54336290802037	1.7416684290345998	1.8488428710658922	1.7599552033269035	1.9060663917455607	1.9622870499692844	1.4187586724950638	1.655760153167711	1.5306838602975066	1.9402937337560549	1.4565216247027868	1.9250933755753055	-0.21659229530653357	0.0009561709540361425
VUILD115MA_150_11_15	VUILD115MA	VUILD115	fold_4	macrophage_profibrotic	PF_ONLY	1.56849380599046	1.835870704253249	1.9201216930054694	1.8956960731604184	1.7990373939366144	1.8365553941781354	1.731242841190703	1.7253840151151458	1.798489231796513	1.807666251130612	1.7524416965131617	1.8097427105792117	-0.32720226716995837	0.0008071707989683131
VUILD115MA_150_11_17	VUILD115MA	VUILD115	fold_4	macrophage_profibrotic	PF_ONLY	1.89302670388955	1.8285141143359358	1.4471928983725737	1.3676729763001647	1.2578035200784436	1.396633718158205	1.238463711746709	1.719835385828939	1.4182300533582715	1.1156620410577045	1.3456134346187543	1.0538663853946915	0.5253537275893854	0.0009111138581216994
VUILD115MA_150_11_18	VUILD115MA	VUILD115	fold_4	macrophage_profibrotic	PF_ONLY	1.98854048615376	1.8248358193772793	1.1760673573292426	1.0094706177408976	0.8500310275271197	0.9969641394711806	0.9805708114497371	1.7170610711858354	1.1133360560857224	1.0002225606148423	1.0232470446490367	0.9588165531165753	0.9790698684128623	-6.057946191210292e-05
VUILD115MA_150_11_19	VUILD115MA	VUILD115	fold_4	macrophage_profibrotic	PF_ONLY	2.31058928388397	1.8211575244186224	1.9179788460381113	1.6807041957447435	1.6768302233587418	1.8440361775500338	1.4271460840539265	1.714286756542732	1.9294547537868256	2.001355153571129	1.8524998213084127	1.945012653443661	0.6298850881392264	0.0004892250327049708
VUILD115MA_150_11_20	VUILD115MA	VUILD115	fold_4	macrophage_profibrotic	PF_ONLY	3.03360789922649	1.817479229459966	3.16735860324565	3.171865190043812	2.0723896994353415	2.45032124334039	1.9589791202462703	1.7115124418996286	2.5619452174569983	2.5047394672517345	2.3821228011286912	2.3567209437756427	-0.13825729081732208	0.0012511654254093905
VUILD115MA_150_11_22	VUILD115MA	VUILD115	fold_4	macrophage_profibrotic	PF_ONLY	1.95526440001522	1.8101226395426526	1.75190071491262	1.825686405049234	1.0566715471877202	1.357641543634803	1.177823042319187	1.7059638126134216	1.4076290281077646	1.1933562239722075	1.2619162465069957	1.0699369533074055	0.12957799496598588	9.85732307393247e-05
VUILD115MA_150_11_23	VUILD115MA	VUILD115	fold_4	macrophage_profibrotic	PF_ONLY	1.66381305921754	1.8064443445839962	1.392988637233477	1.6013143810625259	1.1172200031593662	1.3290480002371232	1.1421696025443997	1.7031894979703182	1.1852720219965627	1.0681904001628402	1.0729124983039156	0.9916297817273789	0.06249867815501409	0.0007626282116627622
VUILD115MA_150_11_26	VUILD115MA	VUILD115	fold_4	macrophage_profibrotic	PF_ONLY	1.74680306888242	1.7954094597080261	1.5699396692959784	1.678602303759123	1.042990637547193	1.2220691986006207	1.301846161468009	1.6948665540410075	1.365591308126809	1.2353967311095855	1.2784189985060999	1.1875264029456223	0.0682007651232972	0.00020922220350348968
VUILD115MA_150_11_27	VUILD115MA	VUILD115	fold_4	macrophage_profibrotic	PF_ONLY	1.43641961033092	1.7917311647493697	1.4452229729506854	1.449601785800209	1.2483403087630451	1.383491293713761	1.2194212539912435	1.692092239397904	1.608480253599435	1.4681317714666997	1.541794763013553	1.4334065045073363	-0.013182175469289126	0.0007011351489746283
VUILD115MA_150_11_31	VUILD115MA	VUILD115	fold_4	macrophage_profibrotic	PF_ONLY	1.23035319267218	1.7770179849147432	1.7243704492858727	1.599064302145861	1.2758955057940025	1.4094462152664784	1.1998667881676544	1.6809949808254903	1.2792462155980782	1.2366357778244315	1.1796628207027493	1.1779482335584652	-0.368711109473681	7.98616951818411e-05
VUILD115MA_150_11_38	VUILD115MA	VUILD115	fold_4	macrophage_profibrotic	PF_ONLY	1.97725477615479	1.7512699202041468	0.9431377733322639	1.0677147995667893	0.936393481143254	0.945768301443423	0.7481778307947577	1.6615747783237658	1.081910825377487	1.0458608573122157	1.0615054138000495	1.0309868093432308	0.9095399765880008	-0.0009622812139174173
VUILD115MA_150_11_39	VUILD115MA	VUILD115	fold_4	macrophage_profibrotic	PF_ONLY	0.942600874115277	1.7475916252454904	1.391665266310565	1.308763765588718	1.3819499728687696	1.3737109773855973	0.8697557439493265	1.6588004636806624	1.31402803434353	1.288572908212187	1.2863391986609676	1.275861597728754	-0.36616289147344105	-0.0003447109671430947
VUILD115MA_150_11_40	VUILD115MA	VUILD115	fold_4	macrophage_profibrotic	PF_ONLY	2.45976880805222	1.7439133302868337	1.503873402197355	1.6008038566386515	2.268595338654909	2.241748685784771	2.0909025290154566	1.656026149037559	1.8750548958007383	1.9992329181192403	1.8533619833339308	2.004187370822477	0.8589649514135687	0.0009801060931839928
VUILD115MA_150_12_16	VUILD115MA	VUILD115	fold_4	macrophage_profibrotic	PF_ONLY	1.6325948207222	1.8344373105468263	1.2219821989990405	1.2025642180779523	1.462048544171523	1.5709058554552555	1.2172875207626417	1.7228756963418903	1.5739614194625753	1.495011022582734	1.548060331923741	1.4959126206876616	0.43003060264424775	0.0012361860817677885
VUILD115MA_150_12_17	VUILD115MA	VUILD115	fold_4	macrophage_profibrotic	PF_ONLY	1.85205567686769	1.83075901558817	1.4913903261158246	1.4126382575744498	1.8449614779224743	1.890489276735027	1.5796302505314666	1.720101381698787	1.9266098603280764	1.7757790428811917	1.8940505627330855	1.7827053459116615	0.4394174192932401	0.0011995795470439346
VUILD115MA_150_12_18	VUILD115MA	VUILD115	fold_4	macrophage_profibrotic	PF_ONLY	1.39610735541929	1.8270807206295132	1.2339342352872966	1.1448593934407887	0.6729499025466805	0.8594116257283515	1.010714924759713	1.7173270670556833	0.9378875506134678	0.9006110194157109	0.8334595704540928	0.8245850643167193	0.2512479619785013	-0.00046816986134123786
VUILD115MA_150_12_20	VUILD115MA	VUILD115	fold_4	macrophage_profibrotic	PF_ONLY	2.5085138629462	1.8197241307121998	2.146676210223941	1.9852159746783236	1.8433008125560206	2.0499543975511685	1.550867794255769	1.7117784377694765	2.1078365615389787	1.9531562980881982	2.0153390911979248	1.8672998155696254	0.5232978882678765	0.0005923490814320361
VUILD115MA_150_12_21	VUILD115MA	VUILD115	fold_4	macrophage_profibrotic	PF_ONLY	3.21708706718521	1.8160458357535434	2.7469609959975427	2.9675049120517043	2.3272557965834064	2.6618094089115267	2.1520591612066595	1.7090041231263728	2.549367225911314	2.589015331775771	2.3739869274305905	2.4731556939186126	0.2495821551335058	0.0012232558362333576
VUILD115MA_150_12_26	VUILD115MA	VUILD115	fold_4	macrophage_profibrotic	PF_ONLY	2.03550035332773	1.7976543609602602	1.9710789928210894	1.8570562996852944	1.7567966799685335	1.8471989011081154	1.654024460406962	1.6951325499108554	1.668593017810546	2.092539403955164	1.6030863679804572	2.0942368234808177	0.17844405364243565	0.00026708777502532175
VUILD115MA_150_12_40	VUILD115MA	VUILD115	fold_4	macrophage_profibrotic	PF_ONLY	1.86515755943617	1.7461582315390678	1.6348097419758012	1.574662620096212	1.705263419217301	1.6887316521091706	1.491457408041896	1.6562921449074066	1.666316183165286	1.6069408456800185	1.6609374351429873	1.6082995413005081	0.29049493933995807	0.0003497385343405418
VUILD115MA_150_12_41	VUILD115MA	VUILD115	fold_4	macrophage_profibrotic	PF_ONLY	1.79658566819005	1.742479936580411	2.035545002404157	2.041581316540085	2.384906804149178	2.4196804831191416	1.502584975609212	1.6535178302643032	2.046372757948193	2.2102008037906202	2.0221470323589683	2.195162684251987	-0.24499564835003507	0.001682042897363253
VUILD115MA_150_13_10	VUILD115MA	VUILD115	fold_4	macrophage_profibrotic	PF_ONLY	2.04588709108251	1.858751981551	1.3644762372709287	1.3879569829080816	1.2014669668357256	1.2895964174714778	1.3361251472511564	1.739787580070359	1.5554698411507952	1.4356556652983414	1.5552117771393739	1.456985802250809	0.6579301081744284	0.0008022670947692456
VUILD115MA_150_13_11	VUILD115MA	VUILD115	fold_4	macrophage_profibrotic	PF_ONLY	1.02076517602984	1.8550736865923434	1.5317744808395275	1.6970391350000165	1.300455557409809	1.4007107607249307	1.1691154492447131	1.7370132654272554	1.5538967333391034	1.3346806672920857	1.515709192916955	1.3331532246881395	-0.6762739589701765	0.0016154137696454715
VUILD115MA_150_13_15	VUILD115MA	VUILD115	fold_4	macrophage_profibrotic	PF_ONLY	1.69625742549382	1.840360506757717	1.1951925517211577	1.0469733110609476	0.7333430871770128	0.864826101998539	1.0327635692405617	1.7259160068548416	0.9145421238096575	0.8336349810738157	0.9026362462680474	0.8357955873063063	0.6492841144328725	0.00014738196832030516
VUILD115MA_150_13_18	VUILD115MA	VUILD115	fold_4	macrophage_profibrotic	PF_ONLY	1.92014006237623	1.8293256218817473	1.764845851995197	1.5879051316276451	1.4314916623613474	1.6058320969900999	1.3856495504754234	1.7175930629255312	1.806332802365494	1.536608962310035	1.7805029923766285	1.500888753032183	0.3322349307485848	0.0004871958656048182
VUILD115MA_150_13_20	VUILD115MA	VUILD115	fold_4	macrophage_profibrotic	PF_ONLY	1.39992214257974	1.821969031964434	1.2908279930055264	1.475438017773603	1.1187736460809177	1.2995089077410986	1.1825777771053037	1.7120444336393241	1.1671029889124425	1.2787476946320933	1.0763862912993978	1.203841343135741	-0.07551587519386316	-0.00017907663821706786
VUILD115MA_150_13_26	VUILD115MA	VUILD115	fold_4	macrophage_profibrotic	PF_ONLY	1.86562302166304	1.799899262212494	1.8749699497025865	1.7803257624728068	1.5760050575418052	1.6833431319449568	1.4517826655693393	1.6953985457807033	2.032447639496877	1.825668795324679	2.0227275504745292	1.8089050590332019	0.08529725919023323	-1.4654835584148544e-05
VUILD115MA_150_13_27	VUILD115MA	VUILD115	fold_4	macrophage_profibrotic	PF_ONLY	1.04372890387121	1.7962209672538376	1.3416203907193824	1.469896733378029	1.0886068993553257	1.1764125213919	0.9814586622636083	1.6926242311375999	1.3478651379831592	0.9874512258308249	1.3009074870768509	0.9672693536517221	-0.426167829506819	9.8420352465622e-05
VUILD115MA_150_13_28	VUILD115MA	VUILD115	fold_4	macrophage_profibrotic	PF_ONLY	1.67454480800274	1.792542672295181	1.6037616003412574	1.4741503126545994	1.7105887137710436	1.7109815883823674	1.5188525346806399	1.6898499164944965	1.9778162967483555	1.6004771614961961	2.0001080876976416	1.6267489571385547	0.2003944953481407	0.0008796220234296903
VUILD115MA_150_13_30	VUILD115MA	VUILD115	fold_4	macrophage_profibrotic	PF_ONLY	2.97879299931165	1.7851860823778678	3.3306710683661844	3.2650559452351926	2.975446548611783	3.176174573269037	2.056977901053968	1.6843012872082894	3.0417515106061077	3.007960070457413	2.906874329556733	2.9140207923740498	-0.2862629459235424	0.0012706390505740728
VUILD115MA_150_14_12	VUILD115MA	VUILD115	fold_4	macrophage_profibrotic	PF_ONLY	2.67723127438153	1.8536402928859208	2.35596877732408	2.4309350661765414	2.0513805250066555	2.155824196497486	1.4067651071301055	1.734504946654	1.9901350322142366	2.203005154045637	1.907631767876528	2.1611239627922094	0.24629620820498843	0.0009602918778268001
VUILD115MA_150_14_15	VUILD115MA	VUILD115	fold_4	macrophage_profibrotic	PF_ONLY	2.03686267240144	1.842605408009951	1.1844624582272438	1.1626939311556175	0.8145984842168628	0.9256677991011302	0.906410776562206	1.7261820027246895	1.0413368337669116	0.9406554641052056	1.0135937007202351	0.9455835074064911	0.8741687412458226	0.00010453811646713785
VUILD115MA_150_14_16	VUILD115MA	VUILD115	fold_4	macrophage_profibrotic	PF_ONLY	1.61564929641355	1.8389271130512943	1.0669148874583292	1.056058745735358	0.617837074030662	0.7640288929699037	1.31707241104274	1.723407688081586	1.300169392359254	1.1669090236455428	1.3115835468033223	1.1907671208443076	0.559590550678192	0.00038781498151401795
VUILD115MA_150_14_21	VUILD115MA	VUILD115	fold_4	macrophage_profibrotic	PF_ONLY	1.17325379575996	1.8205356382580113	1.753739315965651	1.6545289748247887	1.2343441331758527	1.453435626836533	1.3421309480223156	1.7095361148660686	1.545834013668775	1.456937802051159	1.4432824001930924	1.3767787868720065	-0.48127517906482864	0.00020582007562041185
VUILD115MA_150_14_23	VUILD115MA	VUILD115	fold_4	macrophage_profibrotic	PF_ONLY	1.79676012597076	1.813179048340698	1.4797787213330504	1.7589867237179484	1.210054301186026	1.462192259930043	1.4511649854877982	1.7039874855798616	1.2767344218248333	1.4374126997738244	1.1650862196294098	1.3578317305835657	0.03777340225281156	0.000496071496576864
VUILD115MA_150_14_26	VUILD115MA	VUILD115	fold_4	macrophage_profibrotic	PF_ONLY	2.94062017127838	1.8021441634647282	2.5600083184381486	2.582891642085749	2.2736165623924167	2.4220781904802546	1.7753216023292866	1.6956645416505511	2.404537485165556	2.472606232049807	2.309356089091953	2.4178760881479167	0.3577285291926309	0.0006617359558408577
VUILD115MA_150_14_27	VUILD115MA	VUILD115	fold_4	macrophage_profibrotic	PF_ONLY	1.0571915413514	1.7984658685060715	1.7228787811270176	1.529934868875187	1.8214469480428586	1.859094650293179	1.5139269128660198	1.6928902270074477	1.728865404540457	1.688803478552117	1.7085267366035142	1.6951020249733613	-0.4727433275237871	0.0003965774410202159
VUILD115MA_150_14_28	VUILD115MA	VUILD115	fold_4	macrophage_profibrotic	PF_ONLY	2.11019751127753	1.794787573547415	2.1450119053669336	2.031938165612021	1.8571365852180493	1.9635165286558351	1.9982010630930325	1.690115912364344	1.9443512536904972	1.891585587505787	1.8734911678543433	1.8844571744213001	0.07825934566550918	0.0011429941547038336
VUILD115MA_150_14_29	VUILD115MA	VUILD115	fold_4	macrophage_profibrotic	PF_ONLY	3.06245350322285	1.7911092785887583	3.3377773917521276	3.310963786506285	3.0688188216279126	3.1918536200223864	1.9349222210205854	1.6873415977212407	2.658103416639051	2.951904526687499	2.5385362290329474	2.8721556416136904	-0.24851028328343494	0.0018615155824304123
VUILD115MA_150_14_30	VUILD115MA	VUILD115	fold_4	macrophage_profibrotic	PF_ONLY	2.72720711335704	1.7874309836301017	3.587736089442218	3.55694346551192	2.9044560173604577	3.1058555045330967	2.0185474950281765	1.6845672830781373	2.880870660174341	2.919093268985765	2.715799702940922	2.7714347749579247	-0.82973635215488	0.0009593459570339266
VUILD115MA_150_14_31	VUILD115MA	VUILD115	fold_4	macrophage_profibrotic	PF_ONLY	2.83289802144684	1.7837526886714452	2.8470263597390835	2.84974941976001	2.880681723712418	2.9928721417630104	1.6010000933287227	1.6817929684350337	2.550468704746367	2.7410453193914237	2.4378749392303862	2.6778546862529966	-0.016851398313169952	0.0012374608663844302
VUILD115MA_150_14_32	VUILD115MA	VUILD115	fold_4	macrophage_profibrotic	PF_ONLY	2.95223026312036	1.7800743937127885	2.6929534904466457	2.8083091944589667	2.7111766163173128	2.7387412370829054	2.4132911372762376	1.6790186537919303	2.467863925998958	2.4973894764934768	2.405620264236266	2.4774038604481468	0.1439210686613932	0.0008283911733445841
VUILD115MA_150_14_33	VUILD115MA	VUILD115	fold_4	macrophage_profibrotic	PF_ONLY	1.79270370922486	1.7763960987541318	2.0515184963487645	2.0148797464794597	1.7977946814859775	1.9600095073660992	1.6200998352986655	1.6762443391488269	2.1475245941858274	2.012422638077956	2.1025628545532014	1.9608911764005013	-0.22217603725459956	0.0010136257996704334
VUILD115MA_150_14_35	VUILD115MA	VUILD115	fold_4	macrophage_profibrotic	PF_ONLY	1.03467066474043	1.7690395088368187	1.556362664143208	1.7422585756724898	1.212111867309292	1.3665213677165555	0.9957880317259165	1.6706957098626198	1.1623078987165865	1.3267750738666668	1.0548226911220908	1.2541388796821793	-0.7075879109320597	0.0005012072923214852
VUILD115MA_150_14_37	VUILD115MA	VUILD115	fold_4	macrophage_profibrotic	PF_ONLY	0.865354407346826	1.7616829189195053	1.5743306221748707	1.6683405845047752	0.8128282588305342	1.0540157943576307	1.1045278488554577	1.6651470805764128	1.2862650743402757	1.1314270567865607	1.201292385270742	1.0423325517226454	-0.8029861771579492	-0.0006219294668709359
VUILD115MA_150_14_38	VUILD115MA	VUILD115	fold_4	macrophage_profibrotic	PF_ONLY	1.43129814966375	1.7580046239608489	1.3758835535106284	1.2941266318924987	0.7564135706591222	0.9512646334062963	0.8658960648955899	1.6623727659333094	0.8627253820835532	0.7529324185876238	0.7217619925893786	0.6494922401100727	0.13717151777125136	-0.0008649587708177306
VUILD115MA_150_14_39	VUILD115MA	VUILD115	fold_4	macrophage_profibrotic	PF_ONLY	1.22590601564988	1.7543263290021922	1.1811440871677006	1.4448404468065592	1.3392170863977648	1.402142145758182	1.0960145787467854	1.659598451290206	1.4517392335610362	1.522134903706184	1.4204994709741876	1.4948333525000506	-0.2189344311566792	-0.00013584250884987007
VUILD115MA_150_14_40	VUILD115MA	VUILD115	fold_4	macrophage_profibrotic	PF_ONLY	1.38257796651809	1.7506480340435358	1.7159007403438826	1.4536757274200613	1.8164518383938022	1.8321580769096062	1.5289990100150201	1.6568241366471024	1.7047374869059144	1.7915432080898057	1.7146039491006257	1.8005814676643161	-0.0710977609019714	0.0008824913011385392
VUILD115MA_150_14_41	VUILD115MA	VUILD115	fold_4	macrophage_profibrotic	PF_ONLY	2.17901243972354	1.7469697390848788	1.4470164431201211	1.593681899025135	1.8296438039317993	1.8921877812834111	1.3637379664900795	1.654049822003999	1.7888028884961509	1.9040366486529154	1.7656123066604146	1.895492658345545	0.5853305406984051	0.0006555760355198262
VUILD115MA_150_14_42	VUILD115MA	VUILD115	fold_4	macrophage_profibrotic	PF_ONLY	1.76210860851546	1.7432914441262224	1.3057144151167868	1.285265830681359	1.1490112292068375	1.2011831931029358	1.1714382395019565	1.6512755073608956	1.284993307325435	1.3542413493675063	1.2520095385084085	1.3336906974370626	0.4768427778341011	5.2836585938364675e-05
VUILD115MA_150_15_12	VUILD115MA	VUILD115	fold_4	macrophage_profibrotic	PF_ONLY	2.26523779946483	1.8558851941381547	2.7938061110670436	2.7227063615373543	2.5819796917680105	2.681807120761753	2.2256236639914366	1.7347709425238478	2.4788445566653143	2.499852649002821	2.416136061033803	2.4759730516712963	-0.4574685620725245	0.0014125422396121605
VUILD115MA_150_15_14	VUILD115MA	VUILD115	fold_4	macrophage_profibrotic	PF_ONLY	1.63419097179119	1.8485286042208415	1.246594186322372	1.2081496142615047	1.06347730647979	1.1229864083505032	1.6629996163243204	1.7292223132376408	1.6152314024181347	1.3111195872091965	1.6412483687646628	1.3302938956722155	0.4260413575296853	6.880638343553542e-05
VUILD115MA_150_15_15	VUILD115MA	VUILD115	fold_4	macrophage_profibrotic	PF_ONLY	1.98126256433385	1.8448503092621849	1.69180854722095	1.4126385333200022	1.2834257506871554	1.4100819191230154	1.193992934119602	1.7264479985945373	1.4369338710099817	1.30839867520462	1.420696152983341	1.3115027064057814	0.5686240310138477	0.00035637793587488763
VUILD115MA_150_15_16	VUILD115MA	VUILD115	fold_4	macrophage_profibrotic	PF_ONLY	1.5096068137718	1.8411720143035284	1.6720358310353267	1.465093021656756	1.3480386891156202	1.4702010270976018	1.2731566419384521	1.7236736839514337	1.5097759368999768	1.6374394405285542	1.46831386468406	1.649174906779677	0.044513792115044026	0.0010278106946416013
VUILD115MA_150_15_18	VUILD115MA	VUILD115	fold_4	macrophage_profibrotic	PF_ONLY	2.34489852019885	1.8338154243862153	1.8689081366644005	1.6802306116108479	1.2532744484501297	1.4927015643827362	1.559757355816481	1.718125054665227	1.570061355080068	1.499204783767973	1.5041032610497065	1.4301966598958895	0.6646679085880021	0.0006345672300077496
VUILD115MA_150_15_20	VUILD115MA	VUILD115	fold_4	macrophage_profibrotic	PF_ONLY	1.32539343016853	1.826458834468902	1.390388697036176	1.3446682036839874	1.052465392127011	1.2639309774366287	1.1092008242664466	1.7125764253790199	1.1191874313782952	1.0229318128954579	1.018978710901462	0.939688077230894	-0.019274773515457477	0.00017952925882536695
VUILD115MA_150_15_26	VUILD115MA	VUILD115	fold_4	macrophage_profibrotic	PF_ONLY	2.06502848166491	1.804389064716962	1.979460960480874	2.11686258360525	2.081683354483563	2.2480471238363933	1.5745880009989155	1.695930537520399	2.1457796572386663	2.1650141459972048	2.074704932471662	2.113429094262628	-0.051834101940340105	0.001106993920727742
VUILD115MA_150_15_29	VUILD115MA	VUILD115	fold_4	macrophage_profibrotic	PF_ONLY	2.43233575660884	1.7933541798409924	2.5038818723669514	2.427003608119316	1.8507915308613252	2.015580717188466	1.7547017631460378	1.6876075935910886	2.0793574444713743	2.072165125302989	1.9562135919060715	2.016648676713089	0.0053321484895243465	0.0012964538897968915
VUILD115MA_150_15_34	VUILD115MA	VUILD115	fold_4	macrophage_profibrotic	PF_ONLY	1.58808647687117	1.7749627050477093	1.6632033066721736	1.8017970432708796	1.3599657074088154	1.5124318684693991	1.3570253445874991	1.6737360203755711	1.7075716385232242	1.5577268060897789	1.6463007359113688	1.5053411557853749	-0.21371056639970964	0.0007347912909787997
VUILD115MA_150_15_35	VUILD115MA	VUILD115	fold_4	macrophage_profibrotic	PF_ONLY	1.30958401351735	1.7712844100890526	1.6982624874321224	1.6639061966743836	1.4586117530054907	1.6048285738592274	1.1305602954819425	1.6709617057324677	1.3206758627091797	1.4947388423617132	1.2256236531803744	1.4468185319278868	-0.35432218315703357	0.0008832611549139782
VUILD115MA_150_15_37	VUILD115MA	VUILD115	fold_4	macrophage_profibrotic	PF_ONLY	1.94606842405905	1.7639278201717394	1.9421389336522665	1.9097541341220625	1.3787372900004586	1.555173151311762	1.145163457064947	1.6654130764462607	1.5231626129500668	1.6079972846047734	1.4072444110542721	1.530542641645892	0.03631428993698749	0.000395972121633555
VUILD115MA_150_15_39	VUILD115MA	VUILD115	fold_4	macrophage_profibrotic	PF_ONLY	1.42172411430965	1.7565712302544263	1.8213249613128522	1.7575260606122467	1.6161648707492524	1.7553247250071304	1.3097251438522393	1.6598644471600537	1.5184399489333744	1.6042178893270405	1.414184218564539	1.537164670030719	-0.33580194630259674	0.0002886176005704896
VUILD115MA_150_15_40	VUILD115MA	VUILD115	fold_4	macrophage_profibrotic	PF_ONLY	2.69817304834406	1.7528929352957696	2.4877693715183833	2.6302030087994748	2.4442582049681034	2.6163505754100527	1.5015952325239863	1.6570901325169503	2.2889366589229976	2.475925127560156	2.1918637570452577	2.3990498991218687	0.06797003954458525	0.0013580159925577638
VUILD115MA_150_16_14	VUILD115MA	VUILD115	fold_4	macrophage_profibrotic	PF_ONLY	2.08853953779089	1.8507735054730754	0.9880625783204042	0.9495944527335045	1.1578360208645933	1.252681320091889	0.9834302465713516	1.7294883091074886	1.5182539667782247	1.343634142411545	1.5298538630635574	1.3594428883650735	1.1389450850573855	0.0004496719311667824
VUILD115MA_150_16_15	VUILD115MA	VUILD115	fold_4	macrophage_profibrotic	PF_ONLY	2.23550955810821	1.8470952105144187	1.5977786555231037	1.3486423653984287	1.24287402669373	1.3578631010355493	1.4240941682370059	1.726713994464385	1.560676670229073	1.585339150649324	1.5225981794755619	1.5871403600093945	0.8868671927097811	0.00035375656402888425
VUILD115MA_150_16_17	VUILD115MA	VUILD115	fold_4	macrophage_profibrotic	PF_ONLY	2.75917544063843	1.8397386205971056	2.0806652450490306	1.8916815242585705	1.482084871004081	1.6998584855711385	1.6945963243950972	1.7211653651781782	1.7635923803564297	1.6792901164231762	1.6933467601154673	1.6422338474373583	0.8674939163798596	0.0012748703940984954
VUILD115MA_150_16_18	VUILD115MA	VUILD115	fold_4	macrophage_profibrotic	PF_ONLY	1.1959501188731	1.8360603256384491	1.2502004013715298	1.1543969126891072	0.7341786810459061	0.8992817493037208	0.9151675204645151	1.7183910505350746	1.1585899727305773	1.0821090084103557	1.1008493698540573	1.0405329205880944	0.04155320618399294	0.000256265939653812
VUILD115MA_150_16_21	VUILD115MA	VUILD115	fold_4	macrophage_profibrotic	PF_ONLY	1.61428261764205	1.825025440762479	1.2831712613968422	1.3046807234901334	0.984871136623894	1.1359102137892894	0.8144461425492844	1.7100681066057641	1.2722120660679817	1.2110114481093257	1.2033179638215845	1.1904284052785015	0.3096018941519165	-5.302770952608966e-05
VUILD115MA_150_16_22	VUILD115MA	VUILD115	fold_4	macrophage_profibrotic	PF_ONLY	3.01617908745379	1.8213471458038224	2.6691170040293946	2.4199522713236767	2.0925608311521926	2.360820300729514	1.6108110311890238	1.7072937919626607	2.127877028156034	2.140293121660516	1.9988430457912931	2.06226939405638	0.5962268161301134	0.0010698122842498763
VUILD115MA_150_16_23	VUILD115MA	VUILD115	fold_4	macrophage_profibrotic	PF_ONLY	1.03526403664388	1.817668850845166	1.3454263054558542	1.400039947310265	1.1592808612388672	1.3131840608111696	1.2029066975481086	1.7045194773195573	1.1225889544806273	1.0195754372106562	1.0028277366883869	0.9304961093641522	-0.36477591066638504	0.0003789724456408781
VUILD115MA_150_16_26	VUILD115MA	VUILD115	fold_4	macrophage_profibrotic	PF_ONLY	2.01580679101573	1.806633965969196	1.8759445460310678	1.8621951424430874	1.5151273528750882	1.646448864324489	1.7827973140602953	1.6961965333902467	1.6813770946724858	1.6073303009765265	1.6044562274303764	1.5627520301860651	0.15361164857264242	0.0007620576872456474
VUILD115MA_150_16_27	VUILD115MA	VUILD115	fold_4	macrophage_profibrotic	PF_ONLY	1.38344956569124	1.8029556710105394	1.416961615760755	1.4899587764963336	0.6010621710091717	0.8107403927984287	1.0977124910400855	1.6934222187471433	1.0943373915377443	1.0539876046545855	1.009766968787365	0.9968117622832491	-0.10650921080509357	-0.0002770670091775876
VUILD115MA_150_16_28	VUILD115MA	VUILD115	fold_4	macrophage_profibrotic	PF_ONLY	1.69239412173063	1.799277376051883	1.7901960776773926	1.6615127892422388	1.8354355314116322	1.8612257456134038	1.4999286406254169	1.6906479041040399	1.872952792755751	1.8877066598849432	1.8789846253783355	1.9109935780747858	0.0308813324883912	0.0010190607361271102
VUILD115MA_150_16_29	VUILD115MA	VUILD115	fold_4	macrophage_profibrotic	PF_ONLY	1.09474679185481	1.7955990810932263	1.4572022076652962	1.5092356900066128	1.3413548526707704	1.4039417152848535	1.4330270446301623	1.6878735894609362	1.6101447453480882	1.6228342467535717	1.6032408938485845	1.6291090734774896	-0.4144888981518029	0.001103540509670195
VUILD115MA_150_16_30	VUILD115MA	VUILD115	fold_4	macrophage_profibrotic	PF_ONLY	1.79392022376385	1.7919207861345696	1.7843235116012515	1.8062870256533978	1.3782289266625947	1.5420525495549795	1.1441332560030735	1.6850992748178328	1.8437357056435821	1.6208107948959374	1.8044361812380811	1.5597601563290948	-0.012366801889547752	0.0002676920897904
VUILD115MA_150_16_42	VUILD115MA	VUILD115	fold_4	macrophage_profibrotic	PF_ONLY	1.70829006932037	1.7477812466306903	1.3429306321408774	1.4122106985383736	1.1482398346397158	1.2970143203033366	0.9874750562094206	1.651807499100591	1.1996147860968112	1.217337275132865	1.1464620983419573	1.1669012523093176	0.2960793707819964	-0.0002512828635541888
VUILD115MA_150_16_43	VUILD115MA	VUILD115	fold_4	macrophage_profibrotic	PF_ONLY	1.73350827918171	1.7441029516720337	1.1973588937345707	1.269898886709348	1.2190076039466633	1.328617653505936	0.7532658443327793	1.6490331844574877	1.1369243254741563	1.2760471145567736	1.075792439107071	1.2112538008556748	0.4636093924723621	-0.00041104490951907144
VUILD115MA_150_16_8	VUILD115MA	VUILD115	fold_4	macrophage_profibrotic	PF_ONLY	1.26704496933295	1.872843275225015	1.7759573097743295	1.6092357403019026	0.9952233776740145	1.0400497693820738	0.787489907323297	1.7461341969661095	1.1832657439406915	1.2577372375699531	1.2036492258930327	1.287338137516388	-0.3421907709689527	0.00029247715872553215
VUILD115MA_150_16_9	VUILD115MA	VUILD115	fold_4	macrophage_profibrotic	PF_ONLY	2.0548280462698	1.8691649802663586	1.7242663356023362	1.9328447890589169	0.7626174220796071	0.9802275176898296	-0.38427395990778623	1.7433598823230059	1.4936927550221981	1.1309946303924474	1.4150019544002925	1.0555837045271605	0.12198325721088321	0.0008168492592276899
VUILD115MA_150_17_14	VUILD115MA	VUILD115	fold_4	macrophage_profibrotic	PF_ONLY	1.24611508039522	1.8530184067253095	1.1883113357438253	1.0945876782286672	0.9528857713649233	1.0163033306036637	0.6316615306869604	1.7297543049773365	1.4235379778509243	1.2863451049046155	1.418616274776622	1.3038542876530081	0.1515274021665527	0.00039929366455645034
VUILD115MA_150_17_15	VUILD115MA	VUILD115	fold_4	macrophage_profibrotic	PF_ONLY	1.33186068985516	1.8493401117666528	1.1394503714712827	1.1052243285158747	0.8265343946326109	0.9458908767799467	0.8658808041541908	1.7269799903342329	1.460517010528081	1.0840729112199214	1.4473898214584693	1.0646366605332362	0.22663636133928522	0.0004083226799034941
VUILD115MA_150_17_16	VUILD115MA	VUILD115	fold_4	macrophage_profibrotic	PF_ONLY	2.34748228636585	1.8456618168079961	1.977520514081512	1.7927704490060905	1.4775600122134849	1.6379839002411516	1.4606838182900421	1.7242056756911295	1.8831751727024897	1.8002673699609102	1.8485797017081504	1.784649984866252	0.5547118373597595	0.0010431528789504683
VUILD115MA_150_17_17	VUILD115MA	VUILD115	fold_4	macrophage_profibrotic	PF_ONLY	2.14544944889075	1.8419835218493397	1.9228912755268965	2.0571494564021275	2.3150589209662886	2.3357075226593187	2.0846609274802335	1.721431361048026	2.2578441176983857	1.9864826179944224	2.251364593303866	1.998125298985217	0.08829999248862253	0.0019360152134822689
VUILD115MA_150_17_21	VUILD115MA	VUILD115	fold_4	macrophage_profibrotic	PF_ONLY	1.62337608342134	1.8272703420147132	1.29332398353871	1.112996503242983	0.9242936894627952	1.0566053743817223	0.7419564589111463	1.710334102475612	1.114924392973923	1.1001268896461252	1.098406136785432	1.0868371121760387	0.510379580178357	0.00025136675147568674
VUILD115MA_150_17_22	VUILD115MA	VUILD115	fold_4	macrophage_profibrotic	PF_ONLY	1.06740599137563	1.8235920470560565	1.326650850042335	1.3459088235518637	0.9567416283947716	1.0980019107433212	0.8232179422180621	1.7075597878325086	1.1688722492996	0.9631899253092857	1.090053889713733	0.8959698640195451	-0.27850283217623373	0.0005167079025757777
VUILD115MA_150_17_24	VUILD115MA	VUILD115	fold_4	macrophage_profibrotic	PF_ONLY	1.76260442021815	1.8162354571387433	1.3695237575297206	1.3001780543183026	0.6010692636196251	0.7744451636535483	0.941399899368394	1.7020111585463016	0.8874008311250909	1.1302536047865228	0.8186306504325742	1.0795647214646398	0.4624263658998473	7.800585730691244e-05
VUILD115MA_150_17_25	VUILD115MA	VUILD115	fold_4	macrophage_profibrotic	PF_ONLY	1.51089040434502	1.8125571621800867	1.311034375361445	1.5988222310695903	1.2681906893241195	1.3439645249953895	0.7581576624651569	1.6992368439031982	1.0650128765318168	1.0598139030369997	0.9653996964998572	0.9948433733077044	-0.08793182672457034	-0.0005083132370604886
VUILD115MA_150_17_28	VUILD115MA	VUILD115	fold_4	macrophage_profibrotic	PF_ONLY	1.26202077013507	1.8015222773041168	1.3673644689825086	1.363946416268143	0.8066242081609949	0.9634796021601902	1.0219560941307924	1.6909138999738877	1.329929265369097	0.8986485056226706	1.2846228053408704	0.8556505321126685	-0.10192564613307287	-0.00019357537264292127
VUILD115MA_150_17_31	VUILD115MA	VUILD115	fold_4	macrophage_profibrotic	PF_ONLY	1.87975816717416	1.790487392428147	1.2205891739897843	1.4358851797364827	1.029982534141567	1.2204496022525275	0.6216026561992256	1.6825909560445773	1.380448663535352	1.1775695071164005	1.2796441915643952	1.075239850155155	0.44387298743767745	-0.0002467669318596933
VUILD115MA_150_17_36	VUILD115MA	VUILD115	fold_4	macrophage_profibrotic	PF_ONLY	2.5790980332104	1.7720959176348638	1.8789502316184292	1.8972416015905458	1.7214132549385637	1.8425152075947622	1.7011687969719902	1.6687193828290598	2.0153569644316707	2.1126612483558875	1.9613949475328731	2.1038184581457546	0.6818564316198541	0.0008654021021044968
VUILD115MA_150_17_38	VUILD115MA	VUILD115	fold_4	macrophage_profibrotic	PF_ONLY	1.72043317387739	1.7647393277175507	1.8077508784074376	1.8966683709967818	1.5150804763993153	1.7026608463791262	1.5538402313965656	1.6631707535428528	1.8438575077443375	1.6458086540809644	1.779760559666726	1.5687091901285657	-0.17623519711939184	0.0009218628516259405
VUILD115MA_150_17_39	VUILD115MA	VUILD115	fold_4	macrophage_profibrotic	PF_ONLY	1.26518742856757	1.761061032758894	1.9111038451515805	1.9302466455898197	1.8400745671560745	2.0143370489152996	1.6595466387653097	1.6603964388997494	1.9358649564037276	1.852400449786655	1.854229621287075	1.7880732090747042	-0.6650592170222498	0.0008804358491464947
VUILD115MA_150_17_40	VUILD115MA	VUILD115	fold_4	macrophage_profibrotic	PF_ONLY	0.970864808656175	1.7573827378002376	1.721493386901568	1.8021590222284305	1.3707025773286987	1.5640233288049152	1.3898950349798393	1.6576221242566458	1.6682126888994873	1.6722561586359137	1.5602874097310333	1.6092846727318875	-0.8312942135722555	0.00086789483396067
VUILD115MA_150_17_41	VUILD115MA	VUILD115	fold_4	macrophage_profibrotic	PF_ONLY	1.77098681242027	1.7537044428415807	1.6247801635113395	1.6416343252544587	1.6077554441040456	1.725764865384715	1.2594383670090392	1.6548478096135424	1.5527084858011588	1.529745020808679	1.4831787328762607	1.4892254011096426	0.12935248716581116	0.0009315451278792265
VUILD115MA_150_17_42	VUILD115MA	VUILD115	fold_4	macrophage_profibrotic	PF_ONLY	1.66808070709614	1.7500261478829242	1.669936360775574	1.6697416892286308	1.7358398424581727	1.782110876850697	1.3352327140326812	1.652073494970439	1.8698617159608757	1.8276793565833445	1.8674216496897498	1.8182504816439597	-0.0016609821324906626	0.0005609847867626507
VUILD115MA_150_17_43	VUILD115MA	VUILD115	fold_4	macrophage_profibrotic	PF_ONLY	1.92052051047029	1.7463478529242678	2.015047841459589	1.959265067156962	1.6219311039087057	1.7410387749885945	1.4309843901209687	1.6492991803273354	1.7606466066014053	1.9744114249097453	1.6388708516672377	1.9084428086743557	-0.03874455668667198	0.0006137048091949854
VUILD115MA_150_17_44	VUILD115MA	VUILD115	fold_4	macrophage_profibrotic	PF_ONLY	2.09739058059736	1.742669557965611	2.0127672817745723	1.9195405308352291	1.8195814854067136	1.9843147167087318	1.8966966161051875	1.646524865684232	2.0286492805954857	1.9592750409227853	1.961810936527542	1.903322341468246	0.1778500497621307	0.0006258656204475628
VUILD115MA_150_18_14	VUILD115MA	VUILD115	fold_4	macrophage_profibrotic	PF_ONLY	1.76505730940197	1.8552633079775434	1.084465373083836	1.0550489510230616	0.7632493434223635	0.8580335196878172	0.7337365116650536	1.7300203008471842	1.0555077592022053	1.0061336148332143	1.0507748792292437	0.9837091387491638	0.7100083583789083	0.0003431719180946297
VUILD115MA_150_18_15	VUILD115MA	VUILD115	fold_4	macrophage_profibrotic	PF_ONLY	1.80382455115035	1.8515850130188867	1.3133300486667059	1.3019536403172287	1.2298569194800368	1.251376034350812	1.3304369808988037	1.7272459862040808	1.6007105255056777	1.3562938875768829	1.6313065541211242	1.3729247067680017	0.5018709108331212	0.000761938299726994
VUILD115MA_150_18_31	VUILD115MA	VUILD115	fold_4	macrophage_profibrotic	PF_ONLY	1.98119840141004	1.792732293680381	1.194439655564222	1.1251465901150035	0.7028243519815176	0.915508217455975	0.6124052436829266	1.682856951914425	0.9938120639662125	0.8414463331503228	0.8965197630975105	0.7524535568340016	0.8560518112950366	-0.0003693363515691444
VUILD115MA_150_18_32	VUILD115MA	VUILD115	fold_4	macrophage_profibrotic	PF_ONLY	1.70749233909863	1.7890539987217244	1.5215545889060111	1.5152647467012654	1.0024666404582305	1.2469465253278726	0.9669218191789852	1.6800826372713216	1.2136028923751305	1.0692029905368967	1.0914251264530128	0.9577875847655719	0.19222759239736464	-0.0003372238660700337
VUILD115MA_150_18_39	VUILD115MA	VUILD115	fold_4	macrophage_profibrotic	PF_ONLY	2.18734776246277	1.7633059340111281	2.0569277953246865	2.0864788283530373	1.7934806575816171	1.9665424379786807	1.4160277949188678	1.6606624347695973	1.8890988165090987	1.8432128492505349	1.7735168385651718	1.7595870699082603	0.10086893410973286	0.0007430800538988691
VUILD115MA_150_18_40	VUILD115MA	VUILD115	fold_4	macrophage_profibrotic	PF_ONLY	1.76999483731443	1.7596276390524714	1.9907510290751056	2.066715442887582	1.9291597563605634	2.1090800574647512	1.3316645636599844	1.6578881201264937	2.0602862299839555	1.9223601919987332	1.9823267182085627	1.8761076224132947	-0.29672060557315194	0.0012281517033931007
VUILD115MA_150_18_42	VUILD115MA	VUILD115	fold_4	macrophage_profibrotic	PF_ONLY	1.94805053007251	1.752271049135158	2.0210575626984553	2.0493855341673504	1.869489121263334	1.9821890521214385	1.385253645391877	1.6523394908402869	2.0565107987945823	2.2270894658928966	2.0142385597248835	2.2233562496626176	-0.10133500409484042	0.0005213864763975206
VUILD115MA_150_18_43	VUILD115MA	VUILD115	fold_4	macrophage_profibrotic	PF_ONLY	1.75971545261135	1.7485927541765016	1.8769618660920602	1.8409189202419547	1.402367135467109	1.5624191790673447	1.3621144930670823	1.6495651761971832	1.6406543116511365	1.7728342203485783	1.5695379975837922	1.708693216201278	-0.0812034676306046	0.000602627626146054
VUILD115MA_150_18_44	VUILD115MA	VUILD115	fold_4	macrophage_profibrotic	PF_ONLY	2.78147648171822	1.7449144592178452	2.1577538155127884	2.3358194006913546	2.5037430869220874	2.598486193391575	1.8868293357253219	1.6467908615540798	2.219220203914329	2.601137196040571	2.123816025209428	2.5724069965488585	0.4456570810268654	0.0011111591310196296
VUILD115MA_150_19_21	VUILD115MA	VUILD115	fold_4	macrophage_profibrotic	PF_ONLY	1.96432121525575	1.8317601445191811	2.0157938872835297	2.0906597936542894	1.4061566452931114	1.7113955394005325	1.3353887947088285	1.7108660942153078	1.642019238938596	1.6810073183361005	1.4838072180254733	1.5733524220857609	-0.12633857839853935	0.0009996019436839026
VUILD115MA_150_19_23	VUILD115MA	VUILD115	fold_4	macrophage_profibrotic	PF_ONLY	2.87579265016976	1.8244035546018678	2.6513266506497013	2.6727570001686285	2.462855464828433	2.6679381485946827	1.562730977086297	1.7053174649291007	2.2573464201609186	2.299804727949026	2.122491557817072	2.2290067514414567	0.20303565000113144	0.0014214896388561897
VUILD115MA_150_19_24	VUILD115MA	VUILD115	fold_4	macrophage_profibrotic	PF_ONLY	3.07239595182563	1.8207252596432113	2.7876726713665647	2.8894928349883253	2.2574711389814386	2.5469387776240304	1.398821650616517	1.7025431502859973	1.9242161121191188	2.0401410355122094	1.7254189204321746	1.8791552010457933	0.18290311683730476	0.0008932532743278367
VUILD115MA_150_19_25	VUILD115MA	VUILD115	fold_4	macrophage_profibrotic	PF_ONLY	2.68451037315996	1.8170469646845546	2.98626316360288	3.050977710864426	2.194739125108774	2.537763299915881	1.397497518230924	1.6997688356428937	2.1231423086838035	2.271737662226317	1.9142637234304365	2.11815659711155	-0.3664673377044658	0.0007977852991785973
VUILD115MA_150_19_26	VUILD115MA	VUILD115	fold_4	macrophage_profibrotic	PF_ONLY	2.21478713954396	1.813368669725898	1.9972966275274118	2.0054035483226693	1.9035367197415196	2.057044214591861	1.4741376737235494	1.6969945209997903	1.9798048345008308	1.912803671185468	1.9217872930120274	1.8511389724771823	0.20938359122129047	0.0009628277918019095
VUILD115MA_150_19_29	VUILD115MA	VUILD115	fold_4	macrophage_profibrotic	PF_ONLY	1.8200047905995	1.8023337848499281	1.4689803618375359	1.3975555739405432	1.5295408090880538	1.6518259880023252	1.2762394890702269	1.6886715770704799	1.5821452693980373	1.488857308608898	1.54451044951238	1.4496718972531477	0.42244921665895685	0.0003030463088549652
VUILD115MA_150_19_32	VUILD115MA	VUILD115	fold_4	macrophage_profibrotic	PF_ONLY	1.89755570531655	1.7912988999739583	1.6145278940497871	1.607664548254538	0.9000036903141754	1.0833917815066223	1.1638812606402855	1.6803486331411694	1.0081399283393657	1.054525166528978	0.8976372346013585	0.991037019779773	0.28989115706201196	-0.0009856369337095847
VUILD115MA_150_19_33	VUILD115MA	VUILD115	fold_4	macrophage_profibrotic	PF_ONLY	2.23134195927494	1.7876206050153016	1.9965240657234946	2.014858693285309	1.6651165039489677	1.8030532080393513	1.3893043760004087	1.677574318498066	1.7979305513188002	1.559634518561971	1.6887167194149366	1.4708519417806838	0.21648326598963097	0.0005167492405931034
VUILD115MA_150_19_37	VUILD115MA	VUILD115	fold_4	macrophage_profibrotic	PF_ONLY	2.59073020372278	1.7729074251806751	2.147665064985507	2.1793061639700992	1.8084688393520738	2.043548375877956	1.4046968645597089	1.666477059925652	1.8570146900691475	1.810033191092956	1.6992440841783205	1.687743245054358	0.41142403975268094	0.0007637448046034798
VUILD115MA_150_19_40	VUILD115MA	VUILD115	fold_4	macrophage_profibrotic	PF_ONLY	0.997149722674804	1.7618725403047055	1.7571546554519113	1.720447987640689	1.2726646717675898	1.4658877999338031	1.263321208114871	1.6581541159963415	1.552759364206509	1.5078719130227105	1.4566591117497492	1.4137037194835615	-0.7232982649658851	0.0004992145662837197
VUILD115MA_150_20_14	VUILD115MA	VUILD115	fold_4	macrophage_profibrotic	PF_ONLY	0.422261193838266	1.8597531104820113	0.6261022435252743	0.44852048315524073	1.0492654094882132	0.41148324909344147	1.909260812005504	1.73055229258688	1.072936038563601	0.9744221887027205	1.4630788560766932	1.3245336725693462	-0.026259289316974743	5.375327663246121e-05
VUILD115MA_150_20_15	VUILD115MA	VUILD115	fold_4	macrophage_profibrotic	PF_ONLY	0.714216004422844	1.8560748155233546	1.2571965593423453	0.950084810548222	0.7250040541281715	0.602156628819235	1.7242823661747742	1.7277779779437765	1.0717049490977726	1.08182239889207	1.2657818321070868	1.2178650701069698	-0.23586880612537797	0.00031968353017449824
VUILD115MA_150_20_25	VUILD115MA	VUILD115	fold_4	macrophage_profibrotic	PF_ONLY	2.69526510827116	1.8192918659367887	1.7855482851911588	1.941312906935266	1.2299438863125518	1.5110571475422638	1.1396572358979955	1.7000348315127416	1.1482297404610233	1.343829530061002	0.9944478501465711	1.2076067333469958	0.7539522013358941	-3.55155061830709e-05
VUILD115MA_150_20_26	VUILD115MA	VUILD115	fold_4	macrophage_profibrotic	PF_ONLY	2.63279600444365	1.8156135709781318	2.017070141604245	1.8826786395505846	2.146999328006985	2.252026839217676	1.4928875257041154	1.6972605168696382	2.23551752992297	2.081336651804658	2.2050881030916005	2.0546888304769473	0.7501173648930652	0.0005661970616125942
VUILD115MA_150_20_27	VUILD115MA	VUILD115	fold_4	macrophage_profibrotic	PF_ONLY	2.15059864905352	1.8119352760194753	1.5691732002733458	1.7783544290670161	1.3284256959454432	1.561012105411776	1.1637520708033653	1.6944862022265346	1.5262731802605836	1.663489173000123	1.3922572054673177	1.5822054862713248	0.3722442199865037	0.0008775121723980561
VUILD115MA_150_21_15	VUILD115MA	VUILD115	fold_4	macrophage_profibrotic	PF_ONLY	0.446078350464636	1.8583197167755887	0.5694888037779884	0.3288461006782406	0.9211673403374088	0.24111789010713514	1.759962248921932	1.7280439738136242	0.857107675172365	0.8303710669816207	1.2832674637323773	1.2457566810127156	0.1172322497863954	0.00023404345684899643
VUILD115MA_150_21_16	VUILD115MA	VUILD115	fold_4	macrophage_profibrotic	PF_ONLY	0.727592546294815	1.854641421816932	1.121936328911869	0.7396877040457706	0.8607071525157471	0.6069255883776277	1.6369461985008211	1.7252696591705208	1.0369095963910495	0.9288625899388294	1.2553499819150598	1.1363944962423584	-0.012095157750955599	0.000786292353109131
VUILD115MA_150_21_17	VUILD115MA	VUILD115	fold_4	macrophage_profibrotic	PF_ONLY	0.78364663457027	1.8509631268582756	1.2104384964965664	1.1646431276348446	0.6751889351631191	0.6601064145237088	1.368815052438348	1.7224953445274174	1.2671728503883792	1.0600869796999497	1.350618763921983	1.1437614189824254	-0.3809964930645746	0.000953467642856491
VUILD115MA_150_21_24	VUILD115MA	VUILD115	fold_4	macrophage_profibrotic	PF_ONLY	1.59147104049034	1.8252150621476793	1.3790596341864458	1.6783055240337745	0.9260097731704217	1.1351484465186088	0.9627231750210336	1.7030751420256929	1.398523926211527	1.3112999919668606	1.290138887595564	1.2286584754353325	-0.08683448354343448	0.0005265489079408871
VUILD115MA_150_21_26	VUILD115MA	VUILD115	fold_4	macrophage_profibrotic	PF_ONLY	1.7393707770493	1.817858472230366	1.5433198417864091	1.602900724711502	0.9362274807702378	1.177840755326493	0.9753784792293622	1.697526512739486	1.4927729965753556	1.3557220967102586	1.3736226678449195	1.2623001473593898	0.1364700523377982	-9.440613759511922e-05
VUILD115MA_150_21_31	VUILD115MA	VUILD115	fold_4	macrophage_profibrotic	PF_ONLY	1.43390144035516	1.799466997437083	1.3009204722618266	1.1762116689264173	0.87333199969275	1.072263306279632	0.8392142522174992	1.6836549395239686	1.0589326878428427	0.9877283016033791	0.978538436539605	0.91271604868938	0.2576897714287427	-0.0004419608881728042
VUILD115MA_150_21_32	VUILD115MA	VUILD115	fold_4	macrophage_profibrotic	PF_ONLY	1.37188877293078	1.7957887024784263	1.3348327624837302	1.3134877909432041	1.3625404131934034	1.4513572954541814	1.0214785773841473	1.6808806248808652	1.3682291108415505	1.4210451445318728	1.3285785077247951	1.385683620957634	0.05840098198757593	0.00025627767451696785
VUILD115MA_150_21_33	VUILD115MA	VUILD115	fold_4	macrophage_profibrotic	PF_ONLY	0.87786547789411	1.7921104075197696	1.5962317029123303	1.640708415895694	1.01877428593359	1.2102141640483668	0.8039262690375197	1.6781063102377616	1.4558265734194187	1.4024403527981983	1.3411304794490042	1.3187092833927783	-0.762842938001584	0.00026658197918738385
VUILD115MA_150_21_38	VUILD115MA	VUILD115	fold_4	macrophage_profibrotic	PF_ONLY	2.11861357232782	1.7737189327264866	2.0531882501225995	2.071797526164246	1.350971576357582	1.5257829509900938	0.9742949972571511	1.6642347370222441	1.7523655906154216	1.6445145901926264	1.6312050632698123	1.5608594329142766	0.04681604616357404	-3.255157663184288e-05
VUILD115MA_150_22_16	VUILD115MA	VUILD115	fold_4	macrophage_profibrotic	PF_ONLY	0.269241198899121	1.8568863230691661	0.8238107278966853	0.7097433550022312	1.5845366267601197	1.1432085898180762	2.2114219846125938	1.7255356550403687	1.333313666859178	1.3040565065183565	1.636422369714699	1.6010017079345342	-0.44050215610311017	0.0013568845419921448
VUILD115MA_150_22_26	VUILD115MA	VUILD115	fold_4	macrophage_profibrotic	PF_ONLY	1.60700357331109	1.8201033734825998	1.1821991111934609	1.3182458644289854	1.006528172444272	1.1727792233188166	0.7329475527883067	1.697792508609334	1.3839540052075052	1.1117197996232484	1.3126250314080714	1.0274535254580246	0.2887577088821045	0.0002776963212389173
VUILD115MA_150_22_27	VUILD115MA	VUILD115	fold_4	macrophage_profibrotic	PF_ONLY	1.48234254951344	1.8164250785239433	1.8426467523226646	1.7793479174268043	1.6275476909816844	1.726425759276717	1.2102798466566553	1.6950181939662303	1.5564050554349276	1.5508669900975418	1.474817287025943	1.5055565359980128	-0.2970053679133644	0.0003430509196916424
VUILD115MA_150_22_30	VUILD115MA	VUILD115	fold_4	macrophage_profibrotic	PF_ONLY	1.7840293594519	1.8053901936479735	1.730623995929481	1.797734366197469	0.8870245999079412	1.1327512429913367	0.545118968199952	1.68669525003692	1.3387426320993658	1.054037893066566	1.219596027564641	0.9636184027271575	-0.013705006745568848	-0.00015913624333420623
VUILD115MA_150_22_31	VUILD115MA	VUILD115	fold_4	macrophage_profibrotic	PF_ONLY	1.48401312199659	1.8017118986893168	1.5303082663126266	1.3543831361393461	0.897952708316168	1.1500131263967006	0.3827388501771398	1.6839209353938165	1.036177689201557	0.8551306003966602	0.9038684785209579	0.7383973229658147	0.12962998585724383	-0.0002543897166961121
VUILD115MA_150_22_32	VUILD115MA	VUILD115	fold_4	macrophage_profibrotic	PF_ONLY	0.980492017358726	1.7980336037306603	1.3704726674934464	1.2461792667325704	0.5814055666935112	0.7502105467809239	0.5188058903890855	1.6811466207507129	0.8361791375080224	0.7412593776067378	0.7312061052930985	0.661022150044323	-0.26568724937384436	-0.0008626451684895872
VUILD115MA_150_22_33	VUILD115MA	VUILD115	fold_4	macrophage_profibrotic	PF_ONLY	1.26044589855773	1.7943553087720034	1.4586605407248898	1.3046574299523102	0.830949372276677	0.9240042075113012	0.7474114363964286	1.6783723061076095	1.2987958296249182	0.9587219372964046	1.244008652383409	0.9171464171254233	-0.04421153139458012	5.361718733632793e-05
VUILD115MA_150_22_34	VUILD115MA	VUILD115	fold_4	macrophage_profibrotic	PF_ONLY	1.34016419297802	1.790677013813347	1.7764948482425447	1.6719370537713882	1.5180226116222961	1.586083584170975	1.1642900007920005	1.675597991464506	1.3586882694431726	1.4144912236171054	1.2719614947110127	1.373650412854292	-0.3317728607933683	0.000808775518452299
VUILD115MA_150_22_35	VUILD115MA	VUILD115	fold_4	macrophage_profibrotic	PF_ONLY	1.06416958046712	1.7869987188546903	1.796582168616021	1.7796669901943731	1.5766848277494878	1.7300731112894405	1.190950500894619	1.6728236768214024	1.6860707357083708	1.6270699493442597	1.601631735891135	1.5497928397374827	-0.7154974097272531	0.0009952655817688065
VUILD115MA_150_22_37	VUILD115MA	VUILD115	fold_4	macrophage_profibrotic	PF_ONLY	1.72748417411511	1.7796421289373772	1.7681352058385116	1.7527580116940804	0.7129483147581546	0.9564901756598043	0.7756558136893574	1.6672750475351956	1.0856005211749142	1.15130734357451	0.9508819982122513	1.047072345819118	-0.025273837578970504	-0.0008409938985025411
VUILD115MA_150_22_38	VUILD115MA	VUILD115	fold_4	macrophage_profibrotic	PF_ONLY	1.52815735378794	1.7759638339787205	1.534300724155281	1.5806855696323867	1.1377532732248297	1.3339150305233782	0.9179516989515071	1.664500732892092	1.3236497159296399	1.2298153389739337	1.2251204296812592	1.1298813910635357	-0.05252821584444667	0.00016742467185012382
VUILD115MA_150_23_26	VUILD115MA	VUILD115	fold_4	macrophage_profibrotic	PF_ONLY	1.57233022449759	1.8223482747348339	1.48227799681363	1.468001258563094	0.6988697114946372	0.8916608395764982	0.3697469959509512	1.6980585044791816	1.006725512347507	0.9615865364949854	0.874591758667308	0.8674019659073925	0.10432896593449614	-0.0002998635219526386
VUILD115MA_150_23_27	VUILD115MA	VUILD115	fold_4	macrophage_profibrotic	PF_ONLY	2.19368306751613	1.8186699797761772	2.1353212924924474	2.115305868973488	1.1716102644836073	1.3901652266229223	0.9310418188685776	1.6952841898360782	1.18874879051859	1.2433575637966607	1.0132970320575223	1.1267924414713462	0.07837719854264202	0.00020060373869683682
VUILD115MA_150_23_30	VUILD115MA	VUILD115	fold_4	macrophage_profibrotic	PF_ONLY	1.81725232634369	1.8076350949002074	2.047950055565485	1.870451695047153	1.4472390681384901	1.6317017653581847	0.987173561078635	1.6869612459067678	1.700567493869339	1.508874936417853	1.59016517886886	1.4262420414168968	-0.05319936870346309	0.0003366185320064038
VUILD115MA_150_23_31	VUILD115MA	VUILD115	fold_4	macrophage_profibrotic	PF_ONLY	1.79623463625432	1.803956799941551	2.128662351178827	2.151327509859482	2.1618947127406964	2.3955290779089546	1.700948013362508	1.6841869312636644	2.2064776456748456	2.2385178435404005	2.0781779217561547	2.154347811462262	-0.35509287360516195	0.0012335321393641876
VUILD115MA_150_23_33	VUILD115MA	VUILD115	fold_4	macrophage_profibrotic	PF_ONLY	0.972411908175755	1.7966002100242375	1.2968742028026952	1.225282793117593	0.7795652208621238	0.8203802024570706	0.7519946722072193	1.6786383019774573	1.0595599649270642	0.5856765782397153	1.025633764882035	0.5469312359408245	-0.25287088494183796	-0.0003360844313576979
VUILD115MA_150_23_34	VUILD115MA	VUILD115	fold_4	macrophage_profibrotic	PF_ONLY	1.45685216521922	1.7929219150655809	1.2422278988371964	1.4091418536199927	0.8652367080861211	1.0540303689251673	0.6380069643031681	1.675863987334354	0.7261953045711507	0.6463394690920568	0.6250410739555567	0.5710583956212176	0.04771031159922723	5.9839667943397e-05
VUILD115MA_150_23_35	VUILD115MA	VUILD115	fold_4	macrophage_profibrotic	PF_ONLY	2.14294467930005	1.7892436201069244	1.8983713347887314	1.800083056192584	2.1043954415718256	2.150738684575625	1.239867834068662	1.6730896726912503	1.9449110693414304	1.833372440218362	1.9030412890462425	1.8074962745609127	0.34286162310746593	0.0012984362751124548
VUILD115MA_150_23_36	VUILD115MA	VUILD115	fold_4	macrophage_profibrotic	PF_ONLY	2.37759923138022	1.7855653251482677	2.28638909722747	2.2943823265781695	1.8633970134427147	2.0774109279312687	1.3639667159010245	1.670315358048147	2.021770215077865	1.857141265982952	1.8797314034940935	1.782872864521938	0.08321690480205035	0.0004536518587594159
VUILD115MA_150_23_37	VUILD115MA	VUILD115	fold_4	macrophage_profibrotic	PF_ONLY	2.95478673346357	1.781887030189611	2.2094667911412906	2.213317649808813	1.6347320798226455	1.8685849812968633	1.3168524645700597	1.6675410434050433	1.9001033238828897	1.9001130326889137	1.778928769183584	1.8192899451216926	0.7414690836547568	0.0006539923084444762
VUILD115MA_150_23_38	VUILD115MA	VUILD115	fold_4	macrophage_profibrotic	PF_ONLY	3.12191166566126	1.7782087352309546	2.139695884508625	2.118088531682003	2.240249125028159	2.327950140591079	1.6973212812048228	1.6647667287619399	2.2171334051111833	2.236461786098366	2.1690180677088304	2.2315662851804436	1.0038231339792572	0.0008736035698278931
VUILD115MA_150_23_39	VUILD115MA	VUILD115	fold_4	macrophage_profibrotic	PF_ONLY	2.20194843194426	1.774530440272298	1.3399753604469389	1.4744100734638592	1.0412407876974623	1.2365366357752385	0.9906333724564647	1.6619924141188365	1.3990321981408114	1.212390824378047	1.3290241380261707	1.1449366126136862	0.7275383584804009	8.525573926164627e-06
VUILD115MA_150_23_40	VUILD115MA	VUILD115	fold_4	macrophage_profibrotic	PF_ONLY	2.74765465824405	1.7708521453136414	2.3017639434986745	2.263240445887451	1.459212847642199	1.7438671142219806	1.2242221785023888	1.659218099475733	1.9516922969207031	1.7021561622572983	1.8162584106697202	1.5861795881912788	0.4844142123565991	0.0009751730336352781
VUILD115MA_150_23_41	VUILD115MA	VUILD115	fold_4	macrophage_profibrotic	PF_ONLY	1.34019693733992	1.7671738503549845	1.7939962647344156	1.8649129841330163	1.4245333226605201	1.6947776811602662	1.145684169147376	1.6564437848326294	1.8028439142933546	1.7085070880573294	1.6677487401040434	1.5789946037959781	-0.5247160467930962	0.0006729770349940392
VUILD115MA_150_24_18	VUILD115MA	VUILD115	fold_4	macrophage_profibrotic	PF_ONLY	1.81148967302745	1.854019535656321	1.547131397490539	1.4195628141636465	0.861277179515808	0.7316087496750134	1.206355597681613	1.7205190174938574	1.4431177728111915	1.3208042774965698	1.5910346663810904	1.4583642196752282	0.3919268588638034	0.0006528866693283364
VUILD115MA_150_24_19	VUILD115MA	VUILD115	fold_4	macrophage_profibrotic	PF_ONLY	2.00703557406265	1.850341240697664	1.4103397987658615	1.4370584686900525	0.8151590495218337	0.8797604673336237	-1.1637719099591688	1.717744702850754	1.2624962272520066	1.057220951718922	1.3038278477304104	1.0786636953764352	0.5699771053725975	0.0006044509613437408
VUILD115MA_150_24_20	VUILD115MA	VUILD115	fold_4	macrophage_profibrotic	PF_ONLY	1.50014907402299	1.8466629457390076	1.291243517347661	1.3061101537991484	1.0222541599033024	0.998034912519167	-0.6299588093978377	1.7149703882076504	1.4799615629939926	1.0369473710632833	1.5483413339326715	1.0503363145475482	0.1940389202238415	0.0003320293945863075
VUILD115MA_150_24_26	VUILD115MA	VUILD115	fold_4	macrophage_profibrotic	PF_ONLY	1.12068254406686	1.8245931759870677	1.5539446692120904	1.5564152736349923	0.9396664053143361	1.1046314822164793	0.7554567613570908	1.6983245003490295	1.208645395250285	1.1621403525174372	1.1109402312066348	1.08793314815424	-0.43573272956813236	0.0003604151921016319
VUILD115MA_150_24_27	VUILD115MA	VUILD115	fold_4	macrophage_profibrotic	PF_ONLY	1.61900489435113	1.8209148810284113	1.7950129373045434	1.7860964391971659	1.5205183731324077	1.6470564780452612	0.8782082758483327	1.695550185705926	1.6591949164670576	1.4240215634306796	1.5791597832080324	1.3714518074505868	-0.16709154484603594	0.0008295038967629206
VUILD115MA_150_24_31	VUILD115MA	VUILD115	fold_4	macrophage_profibrotic	PF_ONLY	3.18093648231971	1.8062017011937848	3.6659826206340487	3.8973470178790457	2.072945441597447	2.4416796419745546	2.3892220648119986	1.684452927133512	2.8184266393963973	2.734863574212752	2.580468992769091	2.5458905414912105	-0.7164105355593358	0.0009647415072154196
VUILD115MA_150_24_33	VUILD115MA	VUILD115	fold_4	macrophage_profibrotic	PF_ONLY	0.87905650632957	1.7988451112764714	1.3624259326619979	1.3167895384969455	0.8432162530747925	0.9427842622790533	1.1412226641096193	1.6789042978473052	1.0628319633693544	0.808425433024156	1.0118200476463526	0.7712386400907079	-0.43773303216737547	0.0001883172884263977
VUILD115MA_150_24_35	VUILD115MA	VUILD115	fold_4	macrophage_profibrotic	PF_ONLY	0.947340698099572	1.7914885213591583	1.2106869606905404	1.1937531194306459	0.9872301927012392	1.1120904081107426	1.2562703926744283	1.6733556685610982	1.423890735733447	1.0013663604555447	1.3786667788668832	0.9828963767745165	-0.24641242133107388	0.0008289842059197232
VUILD115MA_150_24_36	VUILD115MA	VUILD115	fold_4	macrophage_profibrotic	PF_ONLY	2.04568534948404	1.7878102264005018	1.6629412500437273	1.7412844171585586	1.3284927237955726	1.5639878777614096	1.1668631599952424	1.6705813539179948	1.6813370560698702	1.4293709016378273	1.5637961176711788	1.3321268242089026	0.3044009323254815	0.0006178420007784362
VUILD115MA_150_24_37	VUILD115MA	VUILD115	fold_4	macrophage_profibrotic	PF_ONLY	1.82814103633177	1.7841319314418451	1.626526493006378	1.5731679642249383	0.9542832988070911	1.245591888517088	1.1020415567321569	1.6678070392748912	1.2888733101752292	1.165414147146806	1.1627428724243776	1.0450137607105265	0.25497307210683173	-0.00021656380685916435
VUILD115MA_150_24_38	VUILD115MA	VUILD115	fold_4	macrophage_profibrotic	PF_ONLY	2.15947730463629	1.7804536364831884	2.1014585688143685	2.107805749061593	2.060798471864384	2.239778622516603	1.771534862738961	1.6650327246317878	2.0253744005059824	1.892141109812893	1.9221048814860566	1.8108861710473385	0.051671555574696715	0.0012593173602273627
VUILD115MA_150_24_39	VUILD115MA	VUILD115	fold_4	macrophage_profibrotic	PF_ONLY	1.46754923154704	1.776775341524532	1.6481605935713801	1.647572565516185	0.8095326555630549	1.1393475174086822	1.1684787811442665	1.6622584099886843	1.3345206978270925	1.0497773551464062	1.1897449212373408	0.923626393363804	-0.18002333396914505	7.229210617736156e-05
VUILD115MA_150_24_41	VUILD115MA	VUILD115	fold_4	macrophage_profibrotic	PF_ONLY	2.20939023196236	1.7694187516072186	1.9479844465506617	2.0453654974894064	2.153307532877248	2.235851782156117	1.5155846072364123	1.6567097807024773	2.263247537514957	2.2341292060024927	2.22532744834286	2.219595619258344	0.16402473447295352	0.0013831147674057969
VUILD115MA_150_24_43	VUILD115MA	VUILD115	fold_4	macrophage_profibrotic	PF_ONLY	2.05648320486685	1.7620621616899055	2.2699522821163987	2.3116768755272785	2.1539966987210555	2.327593117056944	2.027387349551115	1.6511611514162703	2.274114098987515	2.440191567990598	2.1709353523099777	2.363009887413467	-0.2551936706604283	0.0006970070425718352
VUILD115MA_150_25_20	VUILD115MA	VUILD115	fold_4	macrophage_profibrotic	PF_ONLY	1.36756060511928	1.8489078469912414	1.1274104048411342	1.0632963912771038	0.9527124726779302	0.8639074321938653	0.8746429350069969	1.7152363840774982	1.2702477773378429	0.8684147265607496	1.4448722165508956	0.9861623009738424	0.30426421384217606	0.0002858465259950631
VUILD115MA_150_25_21	VUILD115MA	VUILD115	fold_4	macrophage_profibrotic	PF_ONLY	1.15841093204865	1.845229552032585	1.0417102264692504	1.1307123907111811	0.8968895119457471	0.8334891848178041	0.9465952311277297	1.7124620694343948	1.4232112993035246	1.061290035651393	1.5144788258418491	1.1198172294331836	0.02769854133746885	0.0005981874228726833
VUILD115MA_150_25_22	VUILD115MA	VUILD115	fold_4	macrophage_profibrotic	PF_ONLY	0.810491766406242	1.8415512570739283	1.0105238462953423	1.1009622793983735	1.1389097631069567	1.0181502093861385	0.9794545365848688	1.7096877547912912	1.1634599322704222	1.0622860553430875	1.2496964237397785	1.1495126298382035	-0.29047051299213156	0.000739215396254188
VUILD115MA_150_25_26	VUILD115MA	VUILD115	fold_4	macrophage_profibrotic	PF_ONLY	1.43689313799366	1.8268380772393018	1.7331141164648034	1.737826189673994	1.1223031723234103	1.3188705440745934	1.120332452827836	1.6985904962188774	1.3067099744056185	1.4582272554996947	1.1894020522815487	1.39905045642554	-0.3009330516803339	0.00036640867924061496
VUILD115MA_150_25_35	VUILD115MA	VUILD115	fold_4	macrophage_profibrotic	PF_ONLY	1.85782949300736	1.7937334226113923	1.5318796942006552	1.5886956830711718	0.8290020335636763	1.0853442105557929	1.247348807244974	1.673621664430946	1.3963291576902077	1.277150353213523	1.2846742857769313	1.1581986542955274	0.2691338099361882	0.0008295701411013556
VUILD115MA_150_25_37	VUILD115MA	VUILD115	fold_4	macrophage_profibrotic	PF_ONLY	1.40830698658529	1.786376832694079	1.5062642422265484	1.6406830145227553	1.0211983702884044	1.3091418560820731	1.0063318164663402	1.668073035144739	1.3646912304544303	1.184925454396979	1.2388739355783798	1.069125581893609	-0.23237602793746537	-0.0006334854460592949
VUILD115MA_150_25_38	VUILD115MA	VUILD115	fold_4	macrophage_profibrotic	PF_ONLY	1.73929145403016	1.7826985377354225	1.8500407332861712	1.9107197337170483	1.274715252100045	1.4155160449322732	1.3319589237859897	1.6652987205016356	1.7281958960335202	1.4895737767512482	1.633492135009273	1.3994016968705179	-0.17142827968688823	-0.00024823936319915676
VUILD115MA_150_25_40	VUILD115MA	VUILD115	fold_4	macrophage_profibrotic	PF_ONLY	2.69335413981255	1.7753419478181094	2.3922782460234346	2.4677957130033508	2.2077695147810408	2.379591565679688	1.3534848222968592	1.6597500912154286	2.2833256500285635	2.3089725810356603	2.191306018991143	2.2630379404571395	0.22555842680919902	0.0009464058013514164
VUILD115MA_150_25_41	VUILD115MA	VUILD115	fold_4	macrophage_profibrotic	PF_ONLY	1.995863463347	1.7716636528594525	1.8355418017521832	1.8368800563182335	0.9950759103396964	1.2062220254191216	1.0931611438449589	1.6569757765723252	1.3837764801440628	1.2019799120222776	1.2702149546197354	1.1089228895427172	0.15898340702876657	0.00022117555659284397
VUILD115MA_150_26_18	VUILD115MA	VUILD115	fold_4	macrophage_profibrotic	PF_ONLY	0.533076982113404	1.858509338160789	0.45407228454293347	0.30576723196008504	1.4057292956207355	0.640297746064604	2.23636200870467	1.7210510092335531	1.225392559892861	1.2668930303334218	1.730226034136757	1.7445571543992742	0.227309750153319	0.0012044742281767716
VUILD115MA_150_26_26	VUILD115MA	VUILD115	fold_4	macrophage_profibrotic	PF_ONLY	1.23461542129317	1.8290829784915357	1.9534425902441042	1.990736565177086	1.4288064138448031	1.60312898502872	1.1421477413417533	1.6988564920887252	1.7714517211696967	1.6510857782589083	1.689722834898562	1.5998598654589937	-0.7561211438839162	0.0005812473851327522
VUILD115MA_150_26_35	VUILD115MA	VUILD115	fold_4	macrophage_profibrotic	PF_ONLY	1.66938469865407	1.7959783238636262	1.5766121522473866	1.5793164196897322	1.288787810901142	1.4603508812533268	0.8891768577078847	1.673887660300794	1.5812601095250787	1.116641631822246	1.4815174153733308	1.0137263957129297	0.09006827896433767	0.0013745817310701642
VUILD115MA_150_26_36	VUILD115MA	VUILD115	fold_4	macrophage_profibrotic	PF_ONLY	2.34864552094485	1.7923000289049698	2.8397658746692827	2.9259821173741845	2.8085570717246906	3.014029919998239	1.9730512707959904	1.6711133456576903	2.8149185326480204	3.040152667956839	2.69354030435046	2.9628359795944146	-0.5773365964293347	0.0017741734490246872
VUILD115MA_150_26_37	VUILD115MA	VUILD115	fold_4	macrophage_profibrotic	PF_ONLY	2.03201108263789	1.788621733946313	1.9841405480476477	1.9576769315084068	1.5841984752119607	1.840484864433237	1.409159423423468	1.668339031014587	1.6231083583778654	1.624737774640011	1.4537353326668327	1.481044566722069	0.07433415112948327	0.0006302892461449322
VUILD115MA_150_26_38	VUILD115MA	VUILD115	fold_4	macrophage_profibrotic	PF_ONLY	1.89944029844926	1.7849434389876564	2.026494745621731	1.8981304973588597	1.5710562124904144	1.8214681545741678	1.478013403056227	1.6655647163714835	1.9542614594950773	1.8718888031363963	1.8420375017785973	1.7788592649009427	0.0013098010904002422	0.000822012691599177
VUILD115MA_150_26_39	VUILD115MA	VUILD115	fold_4	macrophage_profibrotic	PF_ONLY	2.37481418954405	1.781265144029	1.8110781370840594	2.0072838720282737	1.830422298249806	1.9582109487858093	1.3663628322381434	1.6627904017283799	1.9752467708922121	1.791720635027207	1.8986955962470515	1.7178646479167414	0.36753031751577625	0.0003339913595040658
VUILD115MA_150_27_22	VUILD115MA	VUILD115	fold_4	macrophage_profibrotic	PF_ONLY	0.967227912745832	1.846041059578396	1.1996606709730733	0.9705842967476062	1.1397725949133262	0.9340021158496872	1.6596024115837809	1.710219746530987	1.240498325119847	1.1543662136654056	1.421825486962884	1.3437509353546693	-0.003356384001774182	0.0010723764740293113
VUILD115MA_150_27_35	VUILD115MA	VUILD115	fold_4	macrophage_profibrotic	PF_ONLY	1.57534597918389	1.7982232251158603	1.6261031859389792	1.7443231835357453	1.0405840895274954	1.2949933681993162	0.9955276223617435	1.6741536561706416	1.2576496805567636	1.2989421114026758	1.1316185969743227	1.2183851184467258	-0.16897720435185537	0.0013883468828838307
VUILD115MA_150_27_37	VUILD115MA	VUILD115	fold_4	macrophage_profibrotic	PF_ONLY	2.52989758011844	1.790866635198547	2.0273616758160227	2.1752551514244773	1.8797002650957404	2.102842422181779	1.5163239828946904	1.6686050268844346	1.8481380194331252	1.8620090901931512	1.732452789437227	1.7722565909426207	0.3546424286939627	0.0011002926153361582
VUILD115MA_150_27_38	VUILD115MA	VUILD115	fold_4	macrophage_profibrotic	PF_ONLY	2.44805139429114	1.7871883402398903	2.3536072817698863	2.510344031305701	2.1501170997754153	2.308410308554813	1.6356824148225058	1.6658307122413312	2.3108130487499774	2.3387026956627652	2.200012529248146	2.2761321498624136	-0.06229263701456089	0.0004333247073187575
VUILD115MA_150_28_31	VUILD115MA	VUILD115	fold_4	macrophage_profibrotic	PF_ONLY	1.37560038449501	1.8151813062027207	1.7488187628187162	2.0236776902966667	1.2104783886397348	1.5392573031956345	0.9769311418417725	1.6855169106129035	1.4839706009165516	1.272768724945554	1.3291499251400103	1.1316315292497945	-0.6480773058016567	0.0006697223891799605
VUILD115MA_150_28_33	VUILD115MA	VUILD115	fold_4	macrophage_profibrotic	PF_ONLY	3.00762492537431	1.8078247162854073	2.824696906715029	3.0393640069513825	2.247620836832085	2.504482389089403	1.519583032448971	1.6799682813266965	2.587979281056836	2.3656549566417135	2.442294540931278	2.25486462954058	-0.031739081577072614	0.001492110286949035
VUILD115MA_150_28_36	VUILD115MA	VUILD115	fold_4	macrophage_profibrotic	PF_ONLY	1.26898436058148	1.7967898314094375	1.910728488330672	2.0568898073766007	1.172070323313806	1.4319819465168868	1.1416777179858004	1.671645337397386	1.7990919528943765	1.477003717247002	1.6899259171141208	1.366365191395023	-0.7879054467951208	0.0007144300215681609
VUILD115MA_150_28_37	VUILD115MA	VUILD115	fold_4	macrophage_profibrotic	PF_ONLY	2.31319266472242	1.7931115364507808	1.8924248229080296	1.7939005031614899	1.8030824946922552	1.986399244261982	1.3524952146368485	1.6688710227542825	1.81579999140055	1.7700238864249376	1.7031655865062443	1.6930311736475896	0.5192921615609303	0.0003976491199321867
VUILD115MA_150_28_39	VUILD115MA	VUILD115	fold_4	macrophage_profibrotic	PF_ONLY	2.13489533371557	1.7857549465334677	1.6674971324969057	1.7826210703522931	1.764739829721056	1.854988213566842	1.4441872702723095	1.6633223934680756	1.919239919809656	1.7997259418266838	1.872816813754814	1.7663412948889146	0.35227426336327694	0.0007483114487490913
VUILD115MA_150_29_37	VUILD115MA	VUILD115	fold_4	macrophage_profibrotic	PF_ONLY	3.21476626571648	1.795356437703015	2.345966921079183	2.5497681277700766	2.2650846897408345	2.4733438727631443	1.0890509525690821	1.6691370186241303	2.0463130776822047	2.2198933526160216	1.9063913927840144	2.1381669760421347	0.6649981379464034	0.0009105610930717913
VUILD115MA_150_29_40	VUILD115MA	VUILD115	fold_4	macrophage_profibrotic	PF_ONLY	2.72678294936265	1.784321552827045	2.3199617729653603	2.404498930752532	1.8252559550477478	2.0150851426295353	1.399665237996771	1.66081407469482	2.0133309368566947	2.173462186639543	1.872177152116832	2.0983211385037657	0.3222840186101177	0.0009065019556846319
VUILD115MA_150_29_41	VUILD115MA	VUILD115	fold_4	macrophage_profibrotic	PF_ONLY	1.63337432229184	1.7806432578683884	1.5705148022118471	1.6328376305437042	1.7961908917544798	1.9397100359773753	1.433487973034404	1.6580397600517165	1.9249618813145708	1.719844184001597	1.8601009424173622	1.68410992369754	0.0005366917481357536	0.0019683492440026617
VUILD115MA_150_30_33	VUILD115MA	VUILD115	fold_4	macrophage_profibrotic	PF_ONLY	2.10979521558896	1.8123145187898753	1.550353094499627	1.363860040576771	1.2441722345407236	1.3307986762244395	1.2964481368667204	1.680500273066392	1.6147526994923194	1.4129997506487957	1.6118001736313239	1.427938054546476	0.7459351750121892	0.0009145854630203647
VUILD115MA_150_30_34	VUILD115MA	VUILD115	fold_4	macrophage_profibrotic	PF_ONLY	2.46375350199527	1.8086362238312186	2.043282508800748	2.0928101919485074	2.0515826282222758	2.1902033251929907	1.8865606697012416	1.6777259584232886	2.237345005652929	2.1936023104475355	2.1688891005962025	2.175091312058184	0.3709433100467625	0.001265672575727336
VUILD115MA_150_31_31	VUILD115MA	VUILD115	fold_4	macrophage_profibrotic	PF_ONLY	1.26626036342698	1.8219160099594225	1.182941917863789	1.1935679772292775	1.13253466280264	1.268481971875945	1.03359148878988	1.686314898222447	1.212881768921266	1.1542727197827811	1.1878451068708396	1.125503422050112	0.07269238619770246	0.0002910162677496054
VUILD115MA_150_31_32	VUILD115MA	VUILD115	fold_4	macrophage_profibrotic	PF_ONLY	1.57013849519139	1.818237715000766	1.1711473337309455	1.0731521920265525	0.869914519764516	1.0388854059689465	0.403789357645435	1.6835405835793436	1.2990541767367163	0.901016125814424	1.262412783251623	0.8562236590061724	0.4969863031648374	0.0003802965080697176
VUILD115MA_150_31_33	VUILD115MA	VUILD115	fold_4	macrophage_profibrotic	PF_ONLY	1.84086669139644	1.8145594200421091	1.2670717130203824	1.327387013405942	1.0738544739719065	1.2598644230173721	0.6419884766368742	1.68076626893624	1.5725947277517411	1.2137784602991963	1.4813926369359445	1.1329125518217213	0.513479677990498	0.0005935851847889821
VUILD115MA_150_31_34	VUILD115MA	VUILD115	fold_4	macrophage_profibrotic	PF_ONLY	1.73211165400118	1.8108811250834527	1.6243181370896045	1.5736161959945634	1.8230489982254587	1.960983679632322	1.3149597449975956	1.6779919542931365	2.0098428353465443	1.7314691314155837	1.971425628739573	1.713889403157122	0.15849545800661669	0.0012820972918026312
VUILD115MA_150_31_35	VUILD115MA	VUILD115	fold_4	macrophage_profibrotic	PF_ONLY	1.91760878019834	1.807202830124796	1.8917010571098272	2.044054809582002	1.603970888934198	1.7851236399614105	1.4137973756742586	1.6752176396500331	1.8205633104493837	1.8447207872416513	1.7356585374052302	1.797903089000317	-0.126446029383662	0.001912465000768087
VUILD115MA_150_32_31	VUILD115MA	VUILD115	fold_4	macrophage_profibrotic	PF_ONLY	2.47244956146329	1.8241609112116566	1.6408971105644787	1.6505729964168556	0.860703738129588	1.1175191692530986	0.8141803818054705	1.6865808940922948	1.354582875110896	0.8598580675292768	1.2586343102121422	0.7353801040650583	0.8218765650464346	0.00014750228169416396
VUILD115MA_150_32_32	VUILD115MA	VUILD115	fold_4	macrophage_profibrotic	PF_ONLY	1.7158129696473	1.820482616253	1.6419717462303114	1.61403288810691	1.5345987921633615	1.6967222033897724	1.1286961253119125	1.6838065794491914	1.6903994756924137	1.397194427200691	1.6190365766375716	1.321153353151709	0.10178008154038998	0.0010689683175603675
VUILD115MA_150_32_33	VUILD115MA	VUILD115	fold_4	macrophage_profibrotic	PF_ONLY	2.8470269990312	1.8168043212943432	2.570770977206135	2.33162217632576	1.8457366441369945	2.130915659012627	1.447832734370288	1.6810322648060878	2.3721126357822264	2.1803890582593213	2.2532828087269867	2.1000389630791987	0.51540482270544	0.0012995322245713216
VUILD115MA_150_32_34	VUILD115MA	VUILD115	fold_4	macrophage_profibrotic	PF_ONLY	2.38729768853229	1.8131260263356865	2.0339973134062235	2.055457416978919	1.5282092291546698	1.774553051015451	1.3603378687348422	1.6782579501629844	1.9433524686908032	1.6703325488269762	1.8040702678471654	1.5827683173302245	0.33184027155337104	0.001256713942987593
VUILD115MA_150_32_36	VUILD115MA	VUILD115	fold_4	macrophage_profibrotic	PF_ONLY	2.06335511465102	1.8057694364183734	2.562185242235388	2.759816966430453	2.739506255584319	2.8488508025744075	2.5570017900731483	1.6727093208767774	2.7917643337600073	2.724296366861123	2.7663680200377883	2.725268127280177	-0.696461851779433	0.0018846425872424077
VUILD115MA_150_33_32	VUILD115MA	VUILD115	fold_4	macrophage_profibrotic	PF_ONLY	1.74690219639025	1.822727517505234	1.3512534598061179	1.3890529839522023	1.1014279282435844	1.2015100365266955	0.373882916729009	1.684072575319039	1.3327106229009686	1.108769372267191	1.2796184306384522	1.0675144479329646	0.3578492124380477	0.0003308818464606263
VUILD115MA_150_33_33	VUILD115MA	VUILD115	fold_4	macrophage_profibrotic	PF_ONLY	2.04521894519035	1.819049222546577	1.8864398120312353	1.7232011581975248	1.653920486173227	1.7595333223203664	1.5381829415779584	1.6812982606759357	2.2411002018130146	1.8781867659197062	2.217273318975022	1.8784515878444659	0.32201778699282535	0.001303653085171881
VUILD115MA_150_33_34	VUILD115MA	VUILD115	fold_4	macrophage_profibrotic	PF_ONLY	1.75275721257662	1.8153709275879206	1.8316172219524263	1.8421705671253286	1.4022308763558367	1.6174313224274766	0.9286585899032909	1.6785239460328323	1.6699753358609413	1.3076060046176	1.572259128433715	1.2101212285015337	-0.08941335454870858	0.0011983594452743371
VUILD115MA_150_33_35	VUILD115MA	VUILD115	fold_4	macrophage_profibrotic	PF_ONLY	1.50438698783343	1.811692632629264	1.55209969890414	1.5901063752271918	1.6272239519983611	1.653912993394674	1.1538739287942223	1.6757496313897287	1.777336095457805	1.7237297189908378	1.7775468104217107	1.752676606013098	-0.08571938739376184	0.0017359940392561116
VUILD115MA_150_34_32	VUILD115MA	VUILD115	fold_4	macrophage_profibrotic	PF_ONLY	1.5121271367588	1.8249724187574679	1.2982515547942315	1.2449839703161314	1.1737371501992349	1.3134882982976097	0.5389142117522097	1.684338571188887	1.5204680204392385	1.0726992168412166	1.4960412755112085	1.026968199181118	0.26714316644266867	0.000879237220076701
VUILD115MA_150_34_33	VUILD115MA	VUILD115	fold_4	macrophage_profibrotic	PF_ONLY	1.59761733803827	1.8212941237988112	1.241102818647313	1.1564055017440902	0.9781869355808628	1.0897742384910298	0.6474273710190233	1.6815642565457836	1.30260542566337	1.0484703127633	1.265447722655209	1.0118918442400278	0.4412118362941799	0.0006773580971228833
VUILD115MA_150_34_34	VUILD115MA	VUILD115	fold_4	macrophage_profibrotic	PF_ONLY	1.61857431638252	1.8176158288401545	1.4373030729338956	1.533354754767312	1.142837068523757	1.3069089478869769	0.928392725990754	1.67878994190268	1.6568267581827538	1.3279971200050933	1.6054462408835177	1.2699847467031478	0.08521956161520783	0.0013446838074088114
VUILD115MA_150_34_35	VUILD115MA	VUILD115	fold_4	macrophage_profibrotic	PF_ONLY	1.62714109171443	1.813937533881498	2.082864966987417	2.026510716242829	1.8727838841612596	2.0203714757207827	1.1380380046482181	1.6760156272595765	1.8154318235808924	1.8696887308045236	1.7446775791712177	1.8600573110224123	-0.3993696245283991	0.001835366266939174
VUILD115MA_150_35_33	VUILD115MA	VUILD115	fold_4	macrophage_profibrotic	PF_ONLY	1.8884679990615	1.823539025051045	1.305431752645415	1.5066136156899068	0.9248186870017814	1.0788716476957807	0.36180950303807147	1.6818302524156312	1.3913296752764177	0.9986508819785829	1.3511895884159184	0.9462471265723348	0.3818543833715933	0.0008139712729480406
VUILD115MA_150_3_28	VUILD115MA	VUILD115	fold_4	macrophage_profibrotic	PF_ONLY	1.63551054107324	1.7700936597728414	1.3196629804425597	1.2986517879086266	1.065915644233863	1.1612911397376076	0.6975729948208707	1.6871899577960179	1.2598596911836126	1.0334592822512025	1.1792591522622478	0.9774574732452095	0.33685875316461344	0.00013365337267719267
VUILD115MA_150_4_28	VUILD115MA	VUILD115	fold_4	macrophage_profibrotic	PF_ONLY	1.07918478869687	1.7723385610250753	1.0685651143223116	0.9773096596588221	0.4847005278016956	0.6060370821894807	0.8685609831958399	1.6874559536658658	0.9233709387736282	0.7573920505032314	0.8793206930795138	0.7186588298146692	0.10187512903804785	0.00019242032687754728
VUILD115MA_150_4_31	VUILD115MA	VUILD115	fold_4	macrophage_profibrotic	PF_ONLY	2.75841609364962	1.7613036761491054	2.2204026845628038	2.2237921976418145	2.146470148799592	2.2476173844032092	1.8308730589307367	1.6791330097365553	2.162729801988152	2.4320583907264366	2.080759336700888	2.39716606241252	0.5346238960078056	0.001201616735365146
VUILD115MA_150_5_25	VUILD115MA	VUILD115	fold_4	macrophage_profibrotic	PF_ONLY	1.31983211314439	1.7856183471532792	1.3525379774007606	1.4262247483046084	0.8729100064135357	1.0323628306134363	0.885163710085467	1.696044893465024	1.2411865107891902	1.128830848973057	1.1676975707810928	1.075086808729413	-0.10639263516021846	-0.0004575684485392731
VUILD115MA_150_5_27	VUILD115MA	VUILD115	fold_4	macrophage_profibrotic	PF_ONLY	1.05733018035962	1.7782617572359658	1.3889150945510917	1.4659577113478142	1.4799754368178606	1.5015621038806801	1.1015104554078503	1.690496264178817	1.69942233866598	1.4565975434543563	1.6653532571603282	1.4272653294539606	-0.40862753098819415	0.0004069781676074916
VUILD115MA_150_5_28	VUILD115MA	VUILD115	fold_4	macrophage_profibrotic	PF_ONLY	0.909389900483441	1.7745834622773093	1.2699756586662123	1.1776077158248728	0.5637451140570164	0.8223620982715645	0.9073076921224514	1.6877219495357136	1.0036032216344637	0.9155513547065186	0.8655581303344899	0.8208010787706124	-0.26821781534143174	0.00033720083453868193
VUILD115MA_150_5_29	VUILD115MA	VUILD115	fold_4	macrophage_profibrotic	PF_ONLY	1.51944262766509	1.7709051673186527	1.8063659269755146	1.731982360847463	1.7665603637806842	1.9040990952938641	1.7555522622064512	1.6849476348926102	2.0345260811326877	1.845483755675327	1.9676787142369745	1.782956104240327	-0.21253973318237285	0.0020245075993381013
VUILD115MA_150_5_32	VUILD115MA	VUILD115	fold_4	macrophage_profibrotic	PF_ONLY	2.91964135821155	1.7598702824426828	3.2474468471707647	3.3273413782036902	2.989162000241903	3.017603547670417	2.793853584957327	1.6766246909632998	2.9623229479835658	3.306656815818978	2.8777278247536424	3.2629078346085656	-0.4077000199921401	0.0015656199764894903
VUILD115MA_150_5_34	VUILD115MA	VUILD115	fold_4	macrophage_profibrotic	PF_ONLY	2.8305724722362	1.7525136925253695	3.4117099132628397	3.5928718722271302	2.9745323483289288	3.2021468134278432	2.289134856533039	1.6710760616770928	2.865673567600041	2.9260522402273352	2.672483083188678	2.778282234112756	-0.7622993999909302	0.0017564478181722328
VUILD115MA_150_6_25	VUILD115MA	VUILD115	fold_4	macrophage_profibrotic	PF_ONLY	1.30073518712976	1.787863248405513	1.1279940543001263	1.2357058275690476	0.7739703879777413	0.9424993285748565	0.9772762418299423	1.696310889334872	0.9946920352666577	1.1026763973029226	0.9389122673820488	1.1051835104139787	0.06502935956071254	-0.0004936873318749558
VUILD115MA_150_6_26	VUILD115MA	VUILD115	fold_4	macrophage_profibrotic	PF_ONLY	1.46124326860899	1.7841849534468563	1.5596732674342575	1.374028210478938	1.1169722355582887	1.2028569621220024	1.3421505107533118	1.6935365746917683	1.3912771118422271	1.1860666450826698	1.3250769721195832	1.1679047742788766	0.08721505813005193	-9.950353332794379e-05
VUILD115MA_150_6_31	VUILD115MA	VUILD115	fold_4	macrophage_profibrotic	PF_ONLY	2.38248707421244	1.7657934786535734	1.7432075665667326	1.817186665458059	1.3298696061361905	1.4947420431490248	1.264486629754341	1.679665001476251	1.9301867683885983	1.785417272237597	1.8573782419938094	1.725759710782075	0.5653004087543809	0.00028232112561357985
VUILD115MA_150_7_13	VUILD115MA	VUILD115	fold_4	macrophage_profibrotic	PF_ONLY	1.70495449217114	1.8342476891616264	1.705850229753068	1.8340515117946075	1.500255884672352	1.5277958416243052	0.9541449474090004	1.7298686609219616	1.2404568807916063	1.4269927866850882	1.1577161303699364	1.4058383873208982	-0.12909701962346753	-0.00027487073438087065
VUILD115MA_150_7_25	VUILD115MA	VUILD115	fold_4	macrophage_profibrotic	PF_ONLY	1.2664829889891	1.7901081496577471	1.3956226063884256	1.257045018193696	0.6814072386142807	0.8351389208596456	1.0340363716159895	1.6965768852047198	1.1061071795379558	1.0213108187096342	1.056978206925296	0.9926715689095058	0.009437970795403983	-0.00039092681566617186
VUILD115MA_150_7_26	VUILD115MA	VUILD115	fold_4	macrophage_profibrotic	PF_ONLY	1.55508414596244	1.7864298546990902	1.2810815197761298	1.3396465071155164	1.337649606159288	1.4512263812093191	1.1127432862949127	1.6938025705616162	1.4071247085219192	1.2008188337431382	1.3610410522099852	1.1667546343750956	0.21543763884692368	-9.670384078898451e-05
VUILD115MA_150_7_29	VUILD115MA	VUILD115	fold_4	macrophage_profibrotic	PF_ONLY	2.49998317820337	1.7753949698231206	3.543773136792262	3.533445394360129	1.9673968630471566	2.233928135939449	1.423398369129362	1.6854796266323058	2.0806740884945656	2.2899536600049624	1.851947716457905	2.112897981234277	-1.0334622161567588	0.0010863382543592
VUILD115MA_150_7_30	VUILD115MA	VUILD115	fold_4	macrophage_profibrotic	PF_ONLY	2.24606229302645	1.771716674864464	3.104608760606515	3.1080621368565806	3.0101137640557605	3.0954774587173155	2.169344465405222	1.6827053119892024	2.909487739151057	2.7435450376711437	2.7892135522252586	2.647561836105232	-0.8619998438301306	0.0015470707164591878
VUILD115MA_150_7_31	VUILD115MA	VUILD115	fold_4	macrophage_profibrotic	PF_ONLY	1.9124784385962	1.7680383799058073	1.7173119174421518	1.6436258699391062	1.2844765096368342	1.3768196270731297	1.3176415604234033	1.6799309973460987	1.6966825732828963	1.6326204277578484	1.6427140477870579	1.5859524963230642	0.2688525686570937	0.00039097365177550284
VUILD115MA_150_7_33	VUILD115MA	VUILD115	fold_4	macrophage_profibrotic	PF_ONLY	2.27467813335276	1.7606817899884941	1.7054307999321825	1.6189119139023445	1.4976498333546329	1.6551944993308068	1.5911944072523323	1.674382368059892	1.7428530379480573	1.7168162229779504	1.6799286861811282	1.6823392677764528	0.6557662194504157	0.0005497012819760045
VUILD115MA_150_7_34	VUILD115MA	VUILD115	fold_4	macrophage_profibrotic	PF_ONLY	1.65557425245153	1.7570034950298374	1.664567022764667	1.7078952244812726	1.3928721914052846	1.467362123356514	1.0922702822274575	1.6716080534167883	1.845450360590226	1.648681229760061	1.8037044801737598	1.6177390744547595	-0.05232097202974262	0.0004246081457769768
VUILD115MA_150_7_35	VUILD115MA	VUILD115	fold_4	macrophage_profibrotic	PF_ONLY	1.99054680340589	1.7533252000711808	1.6050795612488193	1.6421008793420624	1.2952343869673348	1.4313677141870726	1.2171553111058269	1.668833738773685	1.7451326343587168	1.589348454470607	1.6839890761109841	1.5285068553065289	0.3484459240638276	0.0006001272754213213
VUILD115MA_150_7_36	VUILD115MA	VUILD115	fold_4	macrophage_profibrotic	PF_ONLY	1.75307922015327	1.7496469051125243	1.8759657668114134	1.798021714574287	2.067481583707498	2.107962642402366	2.102161366081915	1.6660594241305815	2.254625467825029	2.2558257233394996	2.264503542414513	2.2445539954899907	-0.044942494421017054	0.0016802898064555572
VUILD115MA_150_8_18	VUILD115MA	VUILD115	fold_4	macrophage_profibrotic	PF_ONLY	1.37009495447696	1.8181011156205773	1.4029186106680345	1.226421080900536	1.3774103859825133	1.3060578892427226	1.247470183506061	1.716263083576292	1.420839507390919	1.1040090945644148	1.4449029856185034	1.1428540135643268	0.14367387357642403	0.000628252370933688
VUILD115MA_150_8_19	VUILD115MA	VUILD115	fold_4	macrophage_profibrotic	PF_ONLY	2.30894744296839	1.8144228206619206	1.7320106869043377	1.6175361485166315	1.5744911440218794	1.6193963512620906	1.5687249594123505	1.7134887689331886	1.590398703019182	1.8924358178595317	1.571043887338668	1.91494442819781	0.6914112944517583	0.00017701676956737337
VUILD115MA_150_8_20	VUILD115MA	VUILD115	fold_4	macrophage_profibrotic	PF_ONLY	1.46059946512117	1.810744525703264	1.4807424335556558	1.4389767456506437	1.3774591488509915	1.4902733272645823	1.713039317245868	1.710714454290085	1.6633835518816142	1.5689330146303355	1.6214580989312848	1.5646164047665967	0.021622719470526297	0.0001485346938878804
VUILD115MA_150_8_21	VUILD115MA	VUILD115	fold_4	macrophage_profibrotic	PF_ONLY	1.78448458247388	1.8070662307446075	1.2993225011269827	1.3944650910311591	1.1431513544348286	1.294842199205736	1.1562582959130538	1.7079401396469815	1.4114956342221747	1.1467395492211718	1.357649597339014	1.0982266885870926	0.39001949144272086	0.00020243694651102598
VUILD115MA_150_8_26	VUILD115MA	VUILD115	fold_4	macrophage_profibrotic	PF_ONLY	1.49764164408002	1.7886747559513243	1.1906068268681604	1.0757446074564185	0.8402249503628287	0.9350227215144173	1.0074617593360036	1.694068566431464	1.1460474633892488	0.9158632423985374	1.1116797306558237	0.9016839200171672	0.42189703662360145	-0.00040656889513182744
VUILD115MA_150_8_27	VUILD115MA	VUILD115	fold_4	macrophage_profibrotic	PF_ONLY	1.06479867591166	1.7849964609926676	1.1754475896562926	1.2391059773192121	0.8953611179336438	1.078865967685862	1.2289789455799482	1.6912942517883607	1.3621307550061297	1.0766269909821238	1.308186241487694	1.040122580967835	-0.17430730140755202	0.00011062561155224043
VUILD115MA_150_8_29	VUILD115MA	VUILD115	fold_4	macrophage_profibrotic	PF_ONLY	2.67061829805279	1.7776398710753545	3.2704429930809003	3.4280747718111413	2.6085442440761155	2.7439939240037354	1.9682873958419325	1.6857456225021537	2.386648231294076	2.637509293529603	2.2107357462825687	2.5064467885831245	-0.7574564737583511	0.0013037611075069461
VUILD115MA_150_8_32	VUILD115MA	VUILD115	fold_4	macrophage_profibrotic	PF_ONLY	2.05920932052044	1.7666049861993847	1.5559753548227329	1.584806655035678	1.6476588983160698	1.6681826660257146	1.5874190615364054	1.6774226785728432	1.8228099793010337	1.8457702546904895	1.7852752340147313	1.8403779309814499	0.47440266548476195	0.00048170829638112674
VUILD115MA_150_8_33	VUILD115MA	VUILD115	fold_4	macrophage_profibrotic	PF_ONLY	2.66094319909789	1.762926691240728	2.378247990337388	2.3271763168960247	2.616297386651504	2.6996524565137268	2.089822779215097	1.6746483639297396	2.587193680788104	2.5397408742137104	2.537468014206457	2.5241634812312395	0.3337668822018651	0.0017952235356091235
VUILD115MA_150_8_34	VUILD115MA	VUILD115	fold_4	macrophage_profibrotic	PF_ONLY	2.04551585698196	1.7592483962820713	1.5741320027254777	1.3979942579640552	1.6500070342499304	1.7266846447407656	1.258170137272933	1.6718740492866362	1.675767786668318	1.7251295226924814	1.6215947013470011	1.6905564429484194	0.6475215990179048	0.00077956264575413
VUILD115MA_150_8_35	VUILD115MA	VUILD115	fold_4	macrophage_profibrotic	PF_ONLY	2.12576912269812	1.7555701013234148	1.4817287608318066	1.6344460604931625	0.823670714712472	1.031093402002668	1.0786727778276097	1.6690997346435328	0.8161888989937944	1.028864489866915	0.6838617877260336	0.9368204870964074	0.4913230622049576	0.00014742392434003565
VUILD115MA_150_8_38	VUILD115MA	VUILD115	fold_4	macrophage_profibrotic	PF_ONLY	1.71705510848929	1.744535216447445	1.4234999257065473	1.5946848544641714	0.8127248005418457	0.9198689402754067	0.8606931485302645	1.6607767907142224	1.2317077189025751	1.2429266110410175	1.1293156145554906	1.159981269398878	0.12237025402511859	-0.0006532981588334416
VUILD115MA_150_9_17	VUILD115MA	VUILD115	fold_4	macrophage_profibrotic	PF_ONLY	1.17409034319553	1.8240243118314678	1.4093411026170621	1.1757633406814147	1.3523418144252934	1.333052408420496	1.4105842972633862	1.7193033940892433	1.249065755165378	1.2604013468952264	1.2711455552470605	1.2986466295040642	-0.0016729974858846752	0.0009729831083693985
VUILD115MA_150_9_18	VUILD115MA	VUILD115	fold_4	macrophage_profibrotic	PF_ONLY	1.82353188749135	1.8203460168728114	1.512626806736332	1.4310779104021016	1.6549465231807188	1.5594666775617565	1.2265471207290666	1.7165290794461399	1.6304057387091828	1.6683094295834286	1.6433712500372568	1.7004628334439977	0.39245397708924834	0.0007399376189925893
VUILD115MA_150_9_19	VUILD115MA	VUILD115	fold_4	macrophage_profibrotic	PF_ONLY	2.704916018308	1.8166677219141545	2.3396068014471405	2.253512057824368	1.922051835615779	2.009868455277835	1.6039411787871656	1.7137547648030362	1.976010984746401	2.0691313176568467	1.923527682363551	2.0321233268445344	0.45140396048363174	0.0005663253692344771
VUILD115MA_150_9_20	VUILD115MA	VUILD115	fold_4	macrophage_profibrotic	PF_ONLY	2.42938638451777	1.812989426955498	2.2176401849435114	2.0332606497830743	2.525183447480453	2.6243969373964764	1.6653878510079307	1.7109804501599328	2.2167907215902893	2.44161027366365	2.158932673243235	2.42040454455248	0.3961257347346958	0.0013395773501695273
VUILD115MA_150_9_21	VUILD115MA	VUILD115	fold_4	macrophage_profibrotic	PF_ONLY	2.9574693161226	1.8093111319968413	2.2633073331721407	2.239231643756024	2.2969581632542573	2.3879253774786666	1.615081467266954	1.7082061355168294	2.272967536318341	2.3769297196731314	2.2081834666563975	2.3420861996721403	0.718237672366576	0.001208741547846108
VUILD115MA_150_9_26	VUILD115MA	VUILD115	fold_4	macrophage_profibrotic	PF_ONLY	1.55927430223542	1.7909196572035582	1.2460729602759757	1.2879750607642273	0.9500635263730252	1.024315060755153	1.011031254904314	1.694334562301312	1.2176501584910238	0.9020132307655726	1.1778479992609454	0.8875483389779344	0.2712992414711928	-0.0002521927466788363
VUILD115MA_150_9_27	VUILD115MA	VUILD115	fold_4	macrophage_profibrotic	PF_ONLY	1.24555918271305	1.7872413622449017	1.4823255395302104	1.3365270748593086	1.1057556758293685	1.183214307511353	1.2236380156127709	1.6915602476582086	1.4005279040007137	1.2330163224230253	1.3386714209462682	1.2331965088799226	-0.09096789214625844	0.0003525173349360328
VUILD115MA_150_9_28	VUILD115MA	VUILD115	fold_4	macrophage_profibrotic	PF_ONLY	2.57769895162773	1.783563067286245	2.2541851418178283	2.1944650233643523	2.2737128008234704	2.417341062002108	1.707666901002241	1.688785933015105	1.9164653064066555	2.0007654076899146	1.804624990539788	1.9403154298244738	0.3832339282633779	0.0010646598808674774
VUILD115MA_150_9_35	VUILD115MA	VUILD115	fold_4	macrophage_profibrotic	PF_ONLY	1.94746142264651	1.757815002575649	1.822352000481006	1.705620342725311	1.4132444079500301	1.6163693584422694	1.5120892111023818	1.6693657305133807	1.536447678444193	1.7250114197615825	1.40094989687584	1.653680410199561	0.24184107992119896	0.0009308332194487307
VUILD115MA_150_9_36	VUILD115MA	VUILD115	fold_4	macrophage_profibrotic	PF_ONLY	1.10434858562806	1.7541367076169923	1.8849560434593216	1.900741042048984	1.3724188536473663	1.5182519060346436	1.114939126713195	1.6665914158702773	1.442546737930766	1.6533372389450403	1.3000444559917987	1.5661817706594245	-0.7963924564209242	9.8927584467785e-05
VUILD115MA_150_9_37	VUILD115MA	VUILD115	fold_4	macrophage_profibrotic	PF_ONLY	3.13932971714612	1.7504584126583356	2.803549341862412	2.972341252380697	3.124645217650296	3.313106350820271	2.209640712996172	1.6638171012271736	2.680564570557362	3.1861229412062393	2.5175929844317615	3.0737151614101865	0.16698846476542295	0.0016662033659964617
VUILD115MA_150_9_38	VUILD115MA	VUILD115	fold_4	macrophage_profibrotic	PF_ONLY	1.31884328377344	1.746780117699679	1.7445692185552335	1.4657611516332438	1.1905650902958065	1.2760231660809191	1.0419785494334521	1.6610427865840702	1.1806843611293028	1.4066195292136925	1.1001343896180589	1.3580979916176696	-0.14691786785980376	-0.0005333863479013065
VUILD115MA_150_9_39	VUILD115MA	VUILD115	fold_4	macrophage_profibrotic	PF_ONLY	1.76928049719161	1.7431018227410224	1.9572239351579692	2.1187729434073495	1.3949426251968071	1.5793296053363146	1.6002246675174694	1.6582684719409666	1.682638165898697	1.9754444464736203	1.5569940280520829	1.8905213099893547	-0.3494924462157394	0.0005577645417488723
