region_id	sample_id	donor_id	fold	target	analysis_stratum	observed	M0_pred	M1_pred	M2_pred	M3_pred	M4_pred	color_pred	coordinate_pred	grayscale_pred	macenko_pred	M3_grayscale_pred	M3_macenko_pred	heldout_base_residual	morphology_predicted_residual
THD0011_150_10_3	THD0011	THD0011	fold_4	macrophage_profibrotic	POOLED	1.6624023675224	1.6184892095168895	1.5935903089293193	1.4973963564139008	1.420664171759739	1.4930609392206122	1.4057074716402065	1.5571745596270163	1.507495304859197	1.5239778877280505	1.4839743033988586	1.4541766112220618	0.16500601110849922	-0.00547907509415162
THD0011_150_10_4	THD0011	THD0011	fold_4	macrophage_profibrotic	POOLED	1.24274867685143	1.6098124596464467	1.6411693956122961	1.6539701429701648	1.3395312626775542	1.4328295014098154	1.205772806459555	1.557171313211784	1.5000518306058486	1.4563917438771046	1.4533536974188384	1.3944019350299293	-0.4112214661187348	-0.014469235682503877
THD0011_150_10_5	THD0011	THD0011	fold_4	macrophage_profibrotic	POOLED	0.777978179914905	1.6011357097760037	1.614884203507891	1.6103788386516653	1.0816952728983122	1.201004439637764	1.094946091714684	1.5571680667965517	1.6192880674202514	1.3392863969280655	1.573051766709812	1.224616199729453	-0.8324006587367603	-0.006713898393970833
THD0011_150_10_6	THD0011	THD0011	fold_4	macrophage_profibrotic	POOLED	1.23799297268647	1.592458959905561	1.4689013433542457	1.415708464270169	0.9743105719495553	1.062118501073011	0.9666118983849271	1.5571648203813193	1.4145548383877482	1.3708063898699507	1.342690815672403	1.331072832229669	-0.17771549158369893	-0.01633539590244788
THD0011_150_11_2	THD0011	THD0011	fold_4	macrophage_profibrotic	POOLED	1.3664301912442	1.6349184843766809	2.2814208213558684	2.0659685440743596	1.6318744372396878	1.723146057197502	1.4811072831851877	1.5571808140363055	1.9199222305017742	1.8095279813052279	1.827263557293977	1.6928737833014496	-0.6995383528301595	-0.010371538844985505
THD0011_150_11_5	THD0011	THD0011	fold_4	macrophage_profibrotic	POOLED	0.584925783512964	1.6088882347653524	1.4379591112817887	1.4762128293817471	1.1388450645232175	1.1952596345856026	0.9701501749732022	1.5571710747906085	1.0990374630761495	1.427135778574721	1.0792969070043696	1.412547527452167	-0.8912870458687832	-0.02890369743445449
THD0011_150_11_6	THD0011	THD0011	fold_4	macrophage_profibrotic	POOLED	0.99523868967477	1.6002114848949094	1.343987284206711	1.3192560985533404	1.0620279504019847	1.098500839870032	1.3334999244147598	1.557167828375376	1.342839000964748	1.2211550447283188	1.2872198047320325	1.1968117554056275	-0.32401740887857033	-0.021183358128212076
THD0011_150_12_2	THD0011	THD0011	fold_4	macrophage_profibrotic	POOLED	1.32759026765259	1.642671009366029	1.5909752166607554	1.6304341794102883	0.7542921559918155	0.851582387121024	1.0260539003012084	1.5571838220303622	1.3347642359913758	1.082485891252908	1.324056431200683	1.0433152072521554	-0.3028439117576984	-0.038597724772246225
THD0011_150_12_5	THD0011	THD0011	fold_4	macrophage_profibrotic	POOLED	0.885358688101153	1.6166407597547006	1.5924869304625313	1.6251423852495561	0.8126455224981473	0.9366420471326469	1.107007362135867	1.5571740827846652	1.2520880260836926	1.0882742732404314	1.1715640449056925	1.010716222245584	-0.7397836971484031	-0.048719845004000034
THD0011_150_13_13	THD0011	THD0011	fold_4	macrophage_profibrotic	POOLED	0.932954235455956	1.554979285780506	1.4181813372509755	1.4576135886283599	0.6951750523017817	0.799818216613686	1.023685894274182	1.5571511194568635	1.1375503401068032	1.0245386148630187	1.0788367532929901	0.9806691270410005	-0.5246593531724039	-0.05673971242957791
THD0011_150_13_2	THD0011	THD0011	fold_4	macrophage_profibrotic	POOLED	0.77953810627485	1.6504235343553775	1.6837960282706725	1.628567258731856	0.7930469077912352	0.9093029922288391	1.063057273717492	1.5571868300244192	1.2744054374997948	1.2576780353479895	1.1956918229134739	1.1529188280252836	-0.849029152457006	-0.04734977647025426
THD0011_150_13_5	THD0011	THD0011	fold_4	macrophage_profibrotic	POOLED	0.938252660323652	1.624393284744049	1.5409799782469729	1.5275830430131991	0.8873342041049586	1.0160931491149463	1.347925001018377	1.5571770907787221	1.0739318077178466	1.270829222578338	0.9209434320849283	1.1464159941907994	-0.5893303826895472	-0.025723110948923742
THD0011_150_13_6	THD0011	THD0011	fold_4	macrophage_profibrotic	POOLED	0.986078469947391	1.6157165348736062	1.6659676221108788	1.6719975076149982	0.9873499558503489	1.1366044133053823	1.3661575465553562	1.5571738443634897	1.3498663935125927	1.3708841399336393	1.2261683029837442	1.2289275912920923	-0.6859190376676072	-0.02715468990591727
THD0011_150_14_17	THD0011	THD0011	fold_4	macrophage_profibrotic	POOLED	0.689676596141074	1.5280248112880832	1.293288845479237	1.1792112267204673	0.9057087727969141	0.9867826019866148	1.3713552796212873	1.557141141789991	1.307694568639075	1.1571186673057985	1.2641246319235386	1.1142223032962018	-0.4895346305793933	-0.03406368216031454
THD0011_150_14_18	THD0011	THD0011	fold_4	macrophage_profibrotic	POOLED	0.927952232691879	1.5193480614176402	1.2986961894005238	1.3991327012308175	1.065802377263637	1.1912711628030612	1.1898851230637915	1.5571378953747588	1.08693919828667	1.1756506978016776	0.9476305959018788	1.0840763804205098	-0.47118046853893847	-0.01535317727119647
THD0011_150_14_19	THD0011	THD0011	fold_4	macrophage_profibrotic	POOLED	1.66056326875126	1.5106713115471975	1.3156677706092845	1.2248615893513155	1.441679687105154	1.4525136638513791	1.4371284973744451	1.5571346489595264	1.4047752689674704	1.4503292371663943	1.3945211764432068	1.4427954134155647	0.4357016793999444	0.003733522251405434
THD0011_150_14_2	THD0011	THD0011	fold_4	macrophage_profibrotic	POOLED	1.31586538702513	1.6581760593447261	1.7337239426902624	1.6731084800885956	1.0204813678006524	1.137583087069046	1.0297660263108115	1.5571898380184759	1.158591336381996	1.2580702738301073	1.053407139651632	1.2117289015384638	-0.3572430930634656	-0.023969986806407745
THD0011_150_15_12	THD0011	THD0011	fold_4	macrophage_profibrotic	POOLED	0.860132714224557	1.5791610856296456	1.3399549335769105	1.3272189576182762	1.1613333890253834	1.2238915115967735	1.736321904201012	1.5571603818602096	1.190422618767691	0.9733464171029319	1.1328503200623257	0.9257425661001065	-0.4670862433937193	-0.019694150239821673
THD0011_150_15_14	THD0011	THD0011	fold_4	macrophage_profibrotic	POOLED	1.03737315672672	1.5618075858887601	1.4054538103361587	1.4527507389219239	1.0566052193804156	1.2157318790976346	1.532438902768707	1.5571538890297447	1.1596489951648858	1.2994907737152492	1.0417413647349256	1.227726910007528	-0.41537758219520393	-0.026313293285482948
THD0011_150_15_17	THD0011	THD0011	fold_4	macrophage_profibrotic	POOLED	1.23829399511231	1.5357773362774314	1.162130261878207	1.1732546404638942	0.8608258653489321	0.9528418753743648	1.137349201123005	1.557144149784048	0.9092181725447174	1.3150247380746096	0.7779686376107375	1.2796053812104526	0.06503935464841581	-0.02291481300569842
THD0011_150_16_14	THD0011	THD0011	fold_4	macrophage_profibrotic	POOLED	2.01721329934225	1.5695601108781085	1.4149779134259544	1.3759309866846325	1.4113644616944512	1.5004240787948473	1.8764943241136114	1.5571568970238017	1.5539604966959248	1.5027462251923682	1.5090571587088635	1.4901785717777398	0.6412823126576175	-0.013847577855789633
THD0011_150_16_15	THD0011	THD0011	fold_4	macrophage_profibrotic	POOLED	1.38813360918028	1.5608833610076656	1.413602325020554	1.3713193372293033	1.3715991813927142	1.4388799655455289	1.6677489530505674	1.5571536506085693	1.4488292428778151	1.3687693568237127	1.3611782111684663	1.3397612595063544	0.016814271950976734	-0.01943804500779943
THD0011_150_16_16	THD0011	THD0011	fold_4	macrophage_profibrotic	POOLED	0.970390946853195	1.5522066111372228	1.0907970880871516	1.1436667286136282	1.3272716649952485	1.3712858093049223	1.938024882253373	1.557150404193337	1.7369675468425974	1.2141131457907575	1.7709816607879356	1.2381090450629784	-0.17327578176043312	-0.0020278988945354407
THD0011_150_17_15	THD0011	THD0011	fold_4	macrophage_profibrotic	POOLED	1.63017044223714	1.5686358859970142	1.7317025513328281	1.6637707371513728	1.5837003572018165	1.645210461414556	2.170344205354911	1.5571566586026262	2.200998769669261	1.7249667685789871	2.2505109575809934	1.7148211634984514	-0.03360029491423289	-0.010003265716562005
THD0011_150_17_16	THD0011	THD0011	fold_4	macrophage_profibrotic	POOLED	1.49579555003454	1.5599591361265712	1.6469742286423181	1.5682329065936966	1.3511991292589516	1.4121340256439696	1.9868992625985764	1.5571534121873938	1.8691580912863435	1.4073978690178952	1.8647951405665433	1.3802676425265912	-0.07243735655915673	-0.01804750870949513
THD0011_150_17_8	THD0011	THD0011	fold_4	macrophage_profibrotic	POOLED	1.08940513097452	1.6293731350901142	1.4054604407156954	1.341147859704488	0.5713793854297888	0.6459927592147849	1.1393105156132148	1.5571793835092524	0.6100736027262552	0.824606581701781	0.4687595961254971	0.7311018801972091	-0.25174272872996784	-0.05438301532672253
THD0011_150_17_9	THD0011	THD0011	fold_4	macrophage_profibrotic	POOLED	0.864517108422874	1.6206963852196712	1.4518220467920409	1.5193089773801283	0.8495754862830593	0.9938139012446927	1.4587407774693948	1.55717613709402	0.7777416126953351	1.0363599841525106	0.6046812183760172	0.8686504594665833	-0.6547918689572543	-0.033639753914090076
THD0011_150_18_14	THD0011	THD0011	fold_4	macrophage_profibrotic	POOLED	0.751703974035108	1.5850651608568054	0.9049742799452257	0.992108849201819	1.2650277261243672	1.2768939238303698	2.0399362326810886	1.5571629130119151	1.296121698443078	1.0522015109789842	1.3133635889418618	1.0802919516159373	-0.24040487516671094	-0.0027912654319310146
THD0011_150_19_9	THD0011	THD0011	fold_4	macrophage_profibrotic	POOLED	1.3720036759841	1.636201435198368	1.6047109768194991	1.5627754213558833	1.3282455015171992	1.4335861663263396	1.3461228755532137	1.5571821530821337	1.5034966121207698	1.3003641487988327	1.3688682227951494	1.2242184854119578	-0.19077174537178343	-0.0006499551318100098
THD0011_150_20_11	THD0011	THD0011	fold_4	macrophage_profibrotic	POOLED	1.87454379926336	1.6266004604468307	1.5133982297507116	1.537411676306668	1.915933688118538	1.92386691301602	1.7934343748363197	1.5571786682457258	2.005601609516955	1.7231693348623376	2.023323336945584	1.732233297492565	0.3371321229566919	0.01566709041136082
THD0011_150_20_13	THD0011	THD0011	fold_4	macrophage_profibrotic	POOLED	1.65304775268026	1.609246960705945	1.073191530570025	1.0519565096363452	1.306776459877723	1.3308332153879774	1.479477583915112	1.5571721754152612	1.2707058312830464	0.9591763320616841	1.2823934128445915	0.9829606489258403	0.6010912430439148	-0.004925603692725756
THD0011_150_20_5	THD0011	THD0011	fold_4	macrophage_profibrotic	POOLED	1.61378627869832	1.678660959669488	1.3260421088716052	1.4119351392120616	0.8812308211984966	0.982792998021761	1.8048066571970818	1.5571981467371196	1.2794529700627548	1.2511597054158288	1.224131627878955	1.2114887845562308	0.20185113948625832	-0.03843211673168017
THD0011_150_20_7	THD0011	THD0011	fold_4	macrophage_profibrotic	POOLED	1.53721863847584	1.6613074599286024	1.56031588210194	1.5323286972728933	1.0762278615150138	1.1815208858311932	1.2739484383891575	1.557191653906655	1.12449865129636	1.2595218915092867	0.9982230159435994	1.1319962963655792	0.004889941202946613	-0.02110436983138115
THD0011_150_21_10	THD0011	THD0011	fold_4	macrophage_profibrotic	POOLED	1.502093672705	1.643029735306622	1.4288716005496314	1.4244616375955583	1.436698415020778	1.4531065454740708	1.7007123975442608	1.557184922655015	1.5169817248888666	1.318989149284114	1.5161576502628442	1.2747842038933497	0.07763203510944172	-0.008974045723385837
THD0011_150_21_11	THD0011	THD0011	fold_4	macrophage_profibrotic	POOLED	1.96066910000187	1.6343529854361791	1.4937402920175313	1.4681446263075764	1.4985622639138438	1.52453545606406	1.7911444871094115	1.5571816762397825	1.6615720518431607	1.5525361657350114	1.6235527215781769	1.5264976872577194	0.49252447369429353	0.014924425236018852
THD0011_150_21_12	THD0011	THD0011	fold_4	macrophage_profibrotic	POOLED	2.06152596839856	1.6256762355657364	1.8687580502914303	1.7127331150357943	1.9504789631508088	1.9455001435413481	2.0411012450079458	1.5571784298245503	1.742791345369009	1.6793343467873132	1.6993333667088542	1.7267103390217047	0.3487928533627658	0.01929509859363782
THD0011_150_21_6	THD0011	THD0011	fold_4	macrophage_profibrotic	POOLED	0.931856251964698	1.6777367347883936	1.1410190812979806	1.3316552187715627	0.7406604285816113	0.8427670323370904	1.1432559599708654	1.5571979083159442	1.1351581433333298	1.0062069986818933	1.0741829457503442	0.9090847527679351	-0.39979896680686466	-0.03710449153977781
THD0011_150_21_7	THD0011	THD0011	fold_4	macrophage_profibrotic	POOLED	1.59707236025597	1.6690599849179508	1.4243382343412043	1.4573303060489264	0.8540387766321571	0.95452994949626	1.225883106029964	1.557194661900712	1.1395058616976979	1.092764682724221	1.0687570075756223	0.9796291084992892	0.13974205420704355	-0.026060208611998918
THD0011_150_22_10	THD0011	THD0011	fold_4	macrophage_profibrotic	POOLED	1.46512880751716	1.6507822602959703	1.3372050600592953	1.311728409779382	1.6631585722737618	1.6807509798895448	1.8690972482868697	1.5571879306490717	1.5274431468518714	1.4781909945992133	1.4695514521345163	1.4619105989550136	0.15340039773777803	-0.0044586040839298645
THD0011_150_22_9	THD0011	THD0011	fold_4	macrophage_profibrotic	POOLED	1.81884252234493	1.6594590101664133	1.6312064991878346	1.6474345530796388	1.7811585843050508	1.7816320416414706	1.4579639793628996	1.557191177064304	1.7472892730643008	1.6769917827469583	1.7222373183940811	1.6553386215979666	0.17140796926529123	-0.001961396136310632
THD0011_150_2_10	THD0011	THD0011	fold_4	macrophage_profibrotic	POOLED	0.645612727493617	1.495731760509002	1.329479841967753	1.3367239196593368	1.2811277484246317	1.3215108856050082	1.2499090436042946	1.5571277707679356	1.1240499756098643	1.2938507422110532	1.0803617474070406	1.2544881477440173	-0.6911111921657198	-0.01814982793867717
THD0011_150_2_14	THD0011	THD0011	fold_4	macrophage_profibrotic	POOLED	1.37012079515612	1.4610247610272307	1.4799046743105666	1.514429008543944	1.1156770158348446	1.1748433862004832	0.9699349695211246	1.5571147851070062	1.4493855469070247	1.4221186353798485	1.400754905034916	1.376360024916885	-0.14430821338782396	-0.01163218949106782
THD0011_150_2_7	THD0011	THD0011	fold_4	macrophage_profibrotic	POOLED	1.64508685129907	1.5217620101203306	1.7242999641227514	1.722364591194404	1.005982688479373	1.1042652611351036	0.9354779870170605	1.5571375100136324	1.5095091509142207	1.473364773872746	1.4399257863441306	1.4107904056306886	-0.07727773989533415	-0.022268660090824545
THD0011_150_2_8	THD0011	THD0011	fold_4	macrophage_profibrotic	POOLED	1.41784266871279	1.5130852602498879	1.5503266395980877	1.5638299067383483	1.1203126942040658	1.1987544394848682	0.9178384433634321	1.5571342635984002	1.4410550798342003	1.2874289288359742	1.41800107857484	1.2095895622672608	-0.14598723802555824	-0.015029684395617048
THD0011_150_3_6	THD0011	THD0011	fold_4	macrophage_profibrotic	POOLED	1.55916009856494	1.538191284980122	1.5384705236786036	1.5595826783043674	1.689781619377683	1.6930656294595092	1.157024889338687	1.5571437644229216	1.5605234336474094	1.5985817925646613	1.5283583915846422	1.5910553160381582	-0.00042257973942727567	0.013520098186326466
THD0011_150_3_7	THD0011	THD0011	fold_4	macrophage_profibrotic	POOLED	0.987236917315908	1.529514535109679	1.7999833767086488	1.7398156370890046	1.0656832617947662	1.1645272248087788	1.2808366531476767	1.5571405180076894	1.269635308968216	1.4632773987380001	1.1736685866546535	1.3508640404012757	-0.7525787197730965	-0.03302590657984767
THD0011_150_3_8	THD0011	THD0011	fold_4	macrophage_profibrotic	POOLED	0.928756432213884	1.5208377852392363	1.8574152235861598	1.8063929379880772	1.5915137134746455	1.61856712048827	1.317507565646884	1.557137271592457	1.7826572411880126	1.413834786400425	1.7928225616490399	1.3443038042031943	-0.8776365057741932	0.004953255369509718
THD0011_150_4_10	THD0011	THD0011	fold_4	macrophage_profibrotic	POOLED	1.08193740102782	1.511236810487699	1.5833173496790933	1.5754118962186574	0.9884369318470159	1.0861407340458378	1.095105940013409	1.5571337867560493	0.833324185825864	1.3013424037836097	0.7111426281561997	1.1933769895926596	-0.4934744951908374	-0.03843638783653898
THD0011_150_4_11	THD0011	THD0011	fold_4	macrophage_profibrotic	POOLED	0.893632264113402	1.502560060617256	1.498245791790634	1.511360471430817	0.8155500954553118	0.9322121791997665	0.9833053275874982	1.5571305403408169	1.12162480903396	1.2726109592011916	1.022260407252512	1.2094922108913924	-0.6177282073174151	-0.0427269883923303
THD0011_150_4_13	THD0011	THD0011	fold_4	macrophage_profibrotic	POOLED	1.14454661083398	1.4852065608763703	1.4984093598350987	1.50206070562983	1.1286785322703963	1.211348164180487	0.9733586614555623	1.5571240475103523	1.5866262392469899	1.517294484611749	1.5303336267836338	1.430113129846781	-0.35751409479585017	-0.022434414961366635
THD0011_150_4_6	THD0011	THD0011	fold_4	macrophage_profibrotic	POOLED	1.19543074631426	1.5459438099694705	1.3188377772258697	1.3862885832338696	1.3381744284186874	1.3556750785362168	1.2337073118857076	1.5571467724169785	1.2428871399164492	1.2367593142232538	1.213542330189167	1.191021072337425	-0.19085783691960967	0.010981669610170261
THD0011_150_4_7	THD0011	THD0011	fold_4	macrophage_profibrotic	POOLED	0.904176577323611	1.5372670600990277	1.4380930809158943	1.5115129803749947	1.0121408638924292	1.1077838626471985	1.2398133308498365	1.557143526001746	1.0956183686866168	1.2354760086949677	0.9829034914275662	1.0936892528690538	-0.6073364030513837	-0.013262506935977653
THD0011_150_4_8	THD0011	THD0011	fold_4	macrophage_profibrotic	POOLED	0.862614077791327	1.5285903102285847	1.8231235893054305	1.7775000123328686	1.210275067083887	1.3165541506722709	1.3494799768666934	1.557140279586514	1.2045818361757243	1.4030838904339176	1.0668228552698942	1.292824499006428	-0.9148859345415415	-0.023661728850308067
THD0011_150_4_9	THD0011	THD0011	fold_4	macrophage_profibrotic	POOLED	2.03576726144118	1.5199135603581417	1.9770665057762784	1.848722473411351	1.1816313108202952	1.2638689904387277	1.3345898961315485	1.5571370331712815	1.4439661143196059	1.5753740375821228	1.3635692426750337	1.4963736533180532	0.18704478802982916	-0.03781432857752648
THD0011_150_5_10	THD0011	THD0011	fold_4	macrophage_profibrotic	POOLED	1.18374067558917	1.5189893354770472	1.5512935581164977	1.630438628433941	1.2717009883745174	1.3951484322399428	1.3817094089234292	1.557136794750106	1.2547424830420586	1.4591719591232577	1.0804187637779226	1.312310873883715	-0.446697952844771	-0.020234394801527153
THD0011_150_5_11	THD0011	THD0011	fold_4	macrophage_profibrotic	POOLED	2.22085171259473	1.5103125856066044	1.4810563542306159	1.4878795039334294	1.2260240403328333	1.2977798309616604	1.4922900002927435	1.5571335483348736	1.1783159919536423	1.644167041213169	1.0600545880383163	1.5834209340024048	0.7329722086613006	-0.031188776895892063
THD0011_150_5_15	THD0011	THD0011	fold_4	macrophage_profibrotic	POOLED	1.03491188689895	1.475605586124833	1.2048875413783209	1.2061257029634378	1.3214904279242483	1.3769738333187456	1.2840616931171986	1.5571205626739444	1.2367761230835774	1.313700688984757	1.1719087070785354	1.2683119274059436	-0.17121381606448782	-0.001207984289882079
THD0011_150_5_16	THD0011	THD0011	fold_4	macrophage_profibrotic	POOLED	1.25891329337867	1.4669288362543902	1.1893422337778556	1.2517295517777531	1.2615576024718025	1.3230064246794253	1.495699657922096	1.557117316258712	1.4798617266300158	1.2059345619292627	1.4390143869917464	1.1303277977075068	0.0071837416009168376	-0.003734349698505505
THD0011_150_5_7	THD0011	THD0011	fold_4	macrophage_profibrotic	POOLED	1.26134818328059	1.545019585088376	1.3321146426586226	1.3433129488265458	0.914365930768209	1.0174020837750688	1.4995283808680309	1.557146533995803	1.0889469514840484	1.0706989469100574	0.9844367246381844	0.9708951399930524	-0.08196476554595589	-0.01291246600745492
THD0011_150_5_8	THD0011	THD0011	fold_4	macrophage_profibrotic	POOLED	1.12184929999245	1.5363428352179331	1.1939244665933175	1.3005700339040966	0.8196285848718958	0.9087314879446711	1.293414837074086	1.5571432875805706	1.0387518571224486	0.9519389865107746	0.9679579446238293	0.8657211635170633	-0.17872073391164656	-0.02610528795412561
THD0011_150_5_9	THD0011	THD0011	fold_4	macrophage_profibrotic	POOLED	1.4638811764679	1.52766608534749	1.9754322077744468	1.91602115600791	1.3071237216141232	1.4078713238059486	1.422607391389044	1.5571400411653382	1.3217911399085023	1.4904378239067575	1.1502328905582833	1.3512442992035572	-0.45213997954000984	-0.029050121749466924
THD0011_150_6_10	THD0011	THD0011	fold_4	macrophage_profibrotic	POOLED	1.17877268613209	1.5267418604663956	1.7303157180300381	1.6549654738882986	1.1213461657573733	1.202685084700224	1.222087845910171	1.5571398027441627	1.3053923526060025	1.5307068154746595	1.1927404385282003	1.4372826923020343	-0.47619278775620866	-0.0324676581967229
THD0011_150_6_14	THD0011	THD0011	fold_4	macrophage_profibrotic	POOLED	1.88893735417956	1.4920348609846243	2.0545981484549616	1.8891286107757885	1.608861537843162	1.706862164521187	1.4986422919691649	1.5571268170832335	1.7345783197831612	1.6662342549327545	1.652435424449567	1.598675364491988	-0.00019125659622853952	0.0008859879139421489
THD0011_150_6_16	THD0011	THD0011	fold_4	macrophage_profibrotic	POOLED	1.12104362607206	1.4746813612437386	1.1974763741022938	1.1698934088325867	1.0283136348593043	1.0997232655492737	1.3422896934736932	1.557120324252769	1.2383337515510986	1.135492716299448	1.1975866179295365	1.1100773247497895	-0.04884978276052676	-0.025348809656746553
THD0011_150_6_9	THD0011	THD0011	fold_4	macrophage_profibrotic	POOLED	1.56536201991928	1.5354186103368386	1.8206201422447719	1.7851366093896717	0.9682786496283166	1.078152386501956	0.950008257485988	1.5571430491593952	1.1034692684367675	1.1231225013294104	0.9969459569111393	0.9744104398811336	-0.21977458947039175	-0.03799720667650045
THD0011_150_7_13	THD0011	THD0011	fold_4	macrophage_profibrotic	POOLED	1.35707296285464	1.5084641358444155	1.2682635891381344	1.3052208192145884	0.7009142658977519	0.7715773648417045	0.8757962619287669	1.5571330714925227	1.174282275326219	1.1586508171534462	1.1749553790878424	1.1105662978850899	0.05185214364005164	-0.04352222279482533
THD0011_150_7_16	THD0011	THD0011	fold_4	macrophage_profibrotic	POOLED	1.01996387981373	1.482433886233087	1.5188924320855437	1.5523589976287062	1.3567522378233892	1.4043244273174165	1.3018107835208341	1.5571233322468256	1.2986187336859172	1.2737276350576923	1.2115698170871179	1.215953814668242	-0.5323951178149762	-0.003851958664231976
THD0011_150_8_16	THD0011	THD0011	fold_4	macrophage_profibrotic	POOLED	0.832212416359456	1.4901864112224354	1.5543377863942172	1.383955301282335	1.551755511682774	1.5710371043767641	1.5074020915818005	1.5571263402408826	1.5454582187512886	1.5138396495936643	1.565137889153031	1.5327400814890189	-0.5517428849228789	-0.004762984352849824
THD0011_150_9_17	THD0011	THD0011	fold_4	macrophage_profibrotic	POOLED	1.19306503072995	1.4892621863413409	1.363936446334029	1.3290588990507155	1.42153998304772	1.465590650668465	1.7850499334009822	1.557126101819707	1.6102050304520859	1.5218528549193553	1.6100264472085868	1.4945210259714052	-0.13599386832076554	0.007843637855749121
THD0011_150_9_3	THD0011	THD0011	fold_4	macrophage_profibrotic	POOLED	0.949201468515716	1.610736684527541	1.5297227004408553	1.57531310343913	1.4578377115540586	1.5249903529544397	1.333900270976505	1.5571715516329594	1.269835194594862	1.442273979313215	1.1796551298211233	1.3625336751933368	-0.6261116349234139	0.010568931293254622
THD0011_150_9_4	THD0011	THD0011	fold_4	macrophage_profibrotic	POOLED	1.75851511470222	1.602059934657098	1.4527606986041153	1.462617788485845	1.4495348034900164	1.4941998282020614	1.3939379606840558	1.5571683052177272	1.579499682857706	1.6797531775705303	1.5425875815194445	1.6511155120908814	0.2958973262163751	0.001448607060839404
VUILD102LA_150_10_11	VUILD102LA	VUILD102	fold_4	macrophage_profibrotic	POOLED	2.68440999504287	1.5689597122010779	2.4750800998233915	2.410239443084559	2.195328277631739	2.295682968679695	2.0992037793997174	1.5571512924725215	2.2167622202984023	2.1685248504875334	2.1218571105068644	2.1085923643328504	0.27417055195831086	0.016178253009197754
VUILD102LA_150_10_13	VUILD102LA	VUILD102	fold_4	macrophage_profibrotic	POOLED	2.26192278238791	1.5550552980271142	1.8625887337705826	2.0070050531558703	2.271236374396997	2.2392387484986345	2.2067648356904535	1.5571457056152622	2.162588022578076	2.252172682472704	2.2002409803915755	2.2768032700537146	0.2549177292320395	0.02134580286629267
VUILD102LA_150_10_20	VUILD102LA	VUILD102	fold_4	macrophage_profibrotic	POOLED	2.9513566283137	1.506389848418242	2.460235728417284	2.4045425041687283	2.192691088317465	2.2815449924447675	2.680387892357365	1.5571261516148553	2.182532104234384	2.399332210426164	2.097677817509272	2.366318355763	0.5468141241449715	0.0037599890884259905
VUILD102LA_150_10_22	VUILD102LA	VUILD102	fold_4	macrophage_profibrotic	POOLED	3.14669137953601	1.4924854342442784	2.958622843430047	2.8225878269237024	2.364016015039456	2.461899498490542	2.7636019466877686	1.5571205647575963	2.430788797593079	2.567557262355868	2.349983597802332	2.4847638029954497	0.3241035526123075	-0.003192868040127691
VUILD102LA_150_10_25	VUILD102LA	VUILD102	fold_4	macrophage_profibrotic	POOLED	2.49582319901398	1.4716288129833333	2.094210944710457	2.0720746403696926	2.3801371008964285	2.3761121222939234	2.922205170871233	1.5571121844717075	2.301229929688322	2.2486865407550862	2.302717273933913	2.2177315733571015	0.4237485586442875	0.004115684739897086
VUILD102LA_150_10_26	VUILD102LA	VUILD102	fold_4	macrophage_profibrotic	POOLED	2.4582455504554	1.4646766058963514	2.0866106902740906	2.2035686189694035	2.313465857675029	2.376636855585166	2.437541652922013	1.557109391043078	2.4148820637073514	2.1790296204375754	2.3679382872516674	2.1089362613258564	0.2546769314859967	0.002094793409762947
VUILD102LA_150_11_12	VUILD102LA	VUILD102	fold_4	macrophage_profibrotic	POOLED	1.66288556835048	1.5697650072118186	1.7610754985481782	1.8084059185034476	1.7770195536224038	1.7988850667664642	1.9235323846703922	1.5571515083430556	1.7275708214999126	1.9216002981206903	1.7182578198139031	1.9147905308132083	-0.1455203501529676	0.005176548639083293
VUILD102LA_150_11_22	VUILD102LA	VUILD102	fold_4	macrophage_profibrotic	POOLED	3.40705088073477	1.500242936342001	1.9546847956613118	1.9521023779645947	1.9392995846070948	1.996730777412671	2.829897750170942	1.55712357405676	2.0576096998896585	2.2913394043616595	2.0403232981366504	2.328100882887259	1.4549485027701752	0.009277609161472248
VUILD102LA_150_11_25	VUILD102LA	VUILD102	fold_4	macrophage_profibrotic	POOLED	2.81243727518804	1.4793863150810558	1.8775036385768948	1.9905273108137127	2.017332757998061	2.036630973410886	2.858672726563635	1.5571151937708712	2.1670245944506314	2.0486709732152106	2.175511256286037	2.058564010443118	0.8219099643743273	-0.007165606595386969
VUILD102LA_150_11_26	VUILD102LA	VUILD102	fold_4	macrophage_profibrotic	POOLED	2.95689681224546	1.472434107994074	2.1426314678909684	2.2602030348829443	2.424185955797236	2.4725223363327826	2.7845588071163694	1.5571124003422416	2.3420714246819463	2.2678112581425376	2.3046227966414827	2.2206706961772698	0.6966937773625159	0.0006000295653297554
VUILD102LA_150_11_5	VUILD102LA	VUILD102	fold_4	macrophage_profibrotic	POOLED	2.54574140336209	1.618430456820691	1.9590562898471289	2.0300996081220752	2.2858944211548087	2.345769745073892	2.1576920934612156	1.5571710623434625	2.070403799107405	2.0644523171777203	2.008737304474078	2.040022241514545	0.5156417952400147	0.025795561871600318
VUILD102LA_150_11_7	VUILD102LA	VUILD102	fold_4	macrophage_profibrotic	POOLED	0.962679700970196	1.6045260426467276	1.5078293162689984	1.4701121729511633	1.7423441355384308	1.7684433023937962	1.7110443738565277	1.5571654754862032	1.439109873142177	1.396655521768396	1.3846571593380643	1.3876643592713849	-0.5074324719809673	0.020640643622359182
VUILD102LA_150_11_9	VUILD102LA	VUILD102	fold_4	macrophage_profibrotic	POOLED	2.67417773566195	1.590621628472764	2.463474877531285	2.2786664442822513	2.1190627376551094	2.198688130200361	2.3788175009815973	1.5571598886289442	2.167249121999426	2.297829647324545	2.0985121462582703	2.262598861876163	0.39551129137969854	0.011053132493896507
VUILD102LA_150_12_11	VUILD102LA	VUILD102	fold_4	macrophage_profibrotic	POOLED	1.96366546483934	1.5844747163965232	1.69117741667387	1.6246974322503895	1.8295350291950123	1.8415761797154917	2.373522745380087	1.5571573110708488	1.920288352058223	1.9690214428939956	1.9497266442739802	2.006549749585689	0.33896803258895036	0.018669444273089645
VUILD102LA_150_12_12	VUILD102LA	VUILD102	fold_4	macrophage_profibrotic	POOLED	1.86984123844742	1.5775225093095413	1.9767694973959464	1.9473418553744808	1.5453453723541706	1.6350448702632876	1.9525520854024374	1.5571545176422192	1.5358916898027137	1.5185075678823812	1.4606488378484879	1.439705506875487	-0.0775006169270609	0.008352961026289029
VUILD102LA_150_12_13	VUILD102LA	VUILD102	fold_4	macrophage_profibrotic	POOLED	1.39718800509968	1.5705703022225594	1.804576977005028	1.9912191290263046	1.6526216925553319	1.7718245066170586	1.8637068595596271	1.5571517242135897	1.8434862258622013	1.8781209807337993	1.7783383521818812	1.8216241679524325	-0.5940311239266245	0.020936667752366512
VUILD102LA_150_12_25	VUILD102LA	VUILD102	fold_4	macrophage_profibrotic	POOLED	2.99526792935838	1.4871438171787785	2.7032313503298697	2.5729622821520683	2.1851160709400483	2.2939156257085207	2.7558889385898686	1.5571182030700348	2.235533527515606	2.2652754570177267	2.1251292128863257	2.181566069782708	0.4223056472063118	-0.006184007770233816
VUILD102LA_150_12_26	VUILD102LA	VUILD102	fold_4	macrophage_profibrotic	POOLED	2.87281000352364	1.4801916100917967	2.1525393899164063	2.16999714834362	2.31811362592769	2.3322065134512324	2.538244879096769	1.5571154096414053	2.3696137233924013	2.1416947772949255	2.3694248737178016	2.1592549370965415	0.7028128551800199	0.0006841209204215219
VUILD102LA_150_12_6	VUILD102LA	VUILD102	fold_4	macrophage_profibrotic	POOLED	1.25435072512301	1.619235751831432	1.8086749782828875	1.7831195912647513	1.7659481237001415	1.8318710732152161	2.1625466545867003	1.5571712782139966	1.6588403595388497	1.9559299591855903	1.6043457633834048	1.9538869081676355	-0.5287688661417413	0.010467163497418885
VUILD102LA_150_13_12	VUILD102LA	VUILD102	fold_4	macrophage_profibrotic	POOLED	0.962923113904557	1.5852800114072638	1.714511603677817	1.636158909883077	1.5014284092591805	1.5576220460616257	2.0110108582928308	1.5571575269413829	1.52245234768218	1.5397677002392336	1.536239087322365	1.5542632063313755	-0.6732357959785201	0.01411717298071791
VUILD102LA_150_13_14	VUILD102LA	VUILD102	fold_4	macrophage_profibrotic	POOLED	1.72377497896185	1.5713755972333003	1.7689339417257053	1.772510933693011	1.4609112830178617	1.5762126511924324	2.115186676069725	1.5571519400841236	1.6959254685367675	1.520689611016205	1.6323537840422901	1.454691997713079	-0.04873595473116099	0.00853695057624625
VUILD102LA_150_13_16	VUILD102LA	VUILD102	fold_4	macrophage_profibrotic	POOLED	3.06290369415004	1.5574711830593366	1.8214093341668458	1.9842516734638038	2.1310476424424736	2.215231017214362	2.109812072079838	1.5571463532268646	2.0272043607612407	2.2655108842354332	1.9443142641328577	2.235861579427735	1.0786520206862362	0.03380563847896283
VUILD102LA_150_13_5	VUILD102LA	VUILD102	fold_4	macrophage_profibrotic	POOLED	2.86912668945822	1.6339454610161364	2.460885716269956	2.5484321049438803	2.6754377003720506	2.733224733095347	2.435826618558267	1.5571770809417897	2.491771221780298	2.7050325744099983	2.4110647589681093	2.70058907650486	0.32069458451433963	0.036226575350904525
VUILD102LA_150_14_11	VUILD102LA	VUILD102	fold_4	macrophage_profibrotic	POOLED	1.3529727546306	1.5999897205919682	1.2103325161140979	1.3846102004060314	1.5022151536257617	1.5575351907599002	1.7819111033904658	1.557163329669176	1.3100618051915014	1.2317634769372607	1.2590461796429981	1.2205341830805772	-0.03163744577543137	0.006403214283958968
VUILD102LA_150_14_12	VUILD102LA	VUILD102	fold_4	macrophage_profibrotic	POOLED	1.47430172420067	1.5930375135049863	1.4068495500658855	1.4172668508019743	1.8627921243405925	1.796079031323921	2.0799754558967107	1.5571605362405465	1.8731069426958868	1.6994024965351178	1.9873406596771614	1.7767428515245345	0.05703487339869562	0.020032812697423432
VUILD102LA_150_14_22	VUILD102LA	VUILD102	fold_4	macrophage_profibrotic	POOLED	3.36221068258026	1.5235154426351687	2.752241318191432	2.636503760582067	2.250850770568306	2.3652244187133813	2.9301441661623775	1.5571326019542509	2.361233814280185	2.571226654923818	2.286623595510056	2.5262199068788957	0.7257069219981931	0.011150024769186771
VUILD102LA_150_14_26	VUILD102LA	VUILD102	fold_4	macrophage_profibrotic	POOLED	3.23199451106945	1.4957066142872417	2.4681671837840966	2.5323482692737036	2.356584314847128	2.4364566568751984	2.5932900698213848	1.5571214282397325	2.5609520943342385	2.393663893529556	2.5231985983366063	2.3586323081573988	0.6996462417957465	0.014125486409106571
VUILD102LA_150_14_5	VUILD102LA	VUILD102	fold_4	macrophage_profibrotic	POOLED	2.20452713171378	1.6417029631138589	1.6079137280493836	1.614020295385333	1.6369399107340907	1.698976540708897	1.9027863589793745	1.5571800902409534	1.568792763720373	1.8794240086239042	1.5298829395306983	1.8727542092855225	0.5905068363284469	0.0011034599412060378
VUILD102LA_150_15_23	VUILD102LA	VUILD102	fold_4	macrophage_profibrotic	POOLED	2.47258571774634	1.5243207376459098	1.8486643231008626	1.8163534331177815	1.9746194483746478	1.9676421495477667	2.2702785095760154	1.557132817824785	1.894590846428258	2.206716769375137	1.9363726199555042	2.2774285616575436	0.6562322846285586	0.0030044609887331774
VUILD102LA_150_15_24	VUILD102LA	VUILD102	fold_4	macrophage_profibrotic	POOLED	2.11115472691716	1.517368530558928	1.6162223642966231	1.6773108674731378	1.870290124605369	1.8498788028403716	2.480652568536417	1.5571300243961554	1.9476017974050492	2.0124474216831096	2.041764025182251	2.084885775490471	0.4338438594440224	0.006550396980441218
VUILD102LA_150_15_25	VUILD102LA	VUILD102	fold_4	macrophage_profibrotic	POOLED	2.00484182470388	1.5104163234719463	1.5682713544357654	1.6172674858250053	1.6394456007397666	1.6531072485499199	2.4675390513239313	1.557127230967526	1.6408422584488698	1.7956553048213035	1.6997319520856602	1.872887426947177	0.3875743388788748	0.006174927416970059
VUILD102LA_150_16_23	VUILD102LA	VUILD102	fold_4	macrophage_profibrotic	POOLED	2.43306335932169	1.5320782397436323	1.799089943890773	1.8905474230557702	1.8868172991765793	1.8597168987824921	2.3465086266812225	1.5571358271239486	1.701946927016671	1.8235137275500228	1.7422000670600517	1.8775589153870995	0.5425159362659198	0.004267056439380235
VUILD102LA_150_16_24	VUILD102LA	VUILD102	fold_4	macrophage_profibrotic	POOLED	2.32411156428263	1.5251260326566505	1.7145482087801767	1.7012176134423318	1.9673116615333113	1.9583165921400099	2.3514907660275153	1.557133033695319	1.7663840079033428	2.1258900148878364	1.7894349112098324	2.1795696254538353	0.6228939508402984	-0.001393380311261544
VUILD102LA_150_16_25	VUILD102LA	VUILD102	fold_4	macrophage_profibrotic	POOLED	2.87192173441801	1.5181738255696688	1.6671191192249766	1.673081915461305	1.5830044375790724	1.632278776640241	2.1782264198166295	1.5571302402666896	1.641166346941718	1.9056158164067305	1.67785068828867	1.968109996393869	1.1988398189567049	0.00019476999756157416
VUILD102LA_150_16_6	VUILD102LA	VUILD102	fold_4	macrophage_profibrotic	POOLED	2.88830471696766	1.650265760222322	2.7596557118782195	2.492751084416241	2.739915459826946	2.7771236429548085	2.1265160181300913	1.5571833154106511	2.546320743817237	2.610405321768824	2.4498738778377747	2.56922765084573	0.3955536325514193	0.017696685179444515
VUILD102LA_150_16_7	VUILD102LA	VUILD102	fold_4	macrophage_profibrotic	POOLED	2.81003028589128	1.6433135531353407	2.171649163610084	2.2123279310964774	2.264739895033435	2.3270717073675957	2.149382732739353	1.5571805219820216	2.3092827449244444	2.2119420791985114	2.2338750722951177	2.1682009431817777	0.5977023547948024	0.028807225944878976
VUILD102LA_150_17_16	VUILD102LA	VUILD102	fold_4	macrophage_profibrotic	POOLED	2.60031463873107	1.588501191450227	1.7904765889721646	1.8391615450566812	2.244566931067151	2.251464795595335	2.0543435106384087	1.5571583904235193	2.2196640291982064	2.481976453580573	2.2291178063096244	2.5510525779300615	0.7611530936743887	0.04370293003983605
VUILD102LA_150_17_17	VUILD102LA	VUILD102	fold_4	macrophage_profibrotic	POOLED	0.878494968246284	1.5815489843632453	0.9959860189625815	1.0489982417261192	1.5386599246634016	1.5237597146729673	1.6277913864750455	1.5571555969948896	1.2828856335447214	1.2805593984189594	1.35590865663784	1.3546044686277607	-0.17050327347983518	0.014594403209560416
VUILD102LA_150_17_24	VUILD102LA	VUILD102	fold_4	macrophage_profibrotic	POOLED	2.59756035780685	1.532883534754373	2.530651623607632	2.5203375155480106	2.444375790938693	2.503318835223813	2.8367473762872604	1.5571360429944827	2.4461212835518555	2.541045348273499	2.3805808740702123	2.4802451940228933	0.07722284225883946	0.012570885972719204
VUILD102LA_150_17_25	VUILD102LA	VUILD102	fold_4	macrophage_profibrotic	POOLED	3.13896135213684	1.5259313276673914	2.3578869285488	2.331782296665438	2.414204883120447	2.4437678425204226	2.6373098883369677	1.5571332495658532	2.467713145531069	2.5824362827656824	2.4869901438877533	2.587107380550886	0.8071790554714018	0.02049393855966707
VUILD102LA_150_18_10	VUILD102LA	VUILD102	fold_4	macrophage_profibrotic	POOLED	2.77480607849956	1.6379719360698404	1.717771679001842	1.7118364441345433	1.7387936262226058	1.7982701621557464	1.94870927693866	1.5571781602944603	1.5435299696892826	1.7490452200161897	1.4700283268820622	1.7267106188897667	1.0629696343650168	0.011633593915472588
VUILD102LA_150_18_11	VUILD102LA	VUILD102	fold_4	macrophage_profibrotic	POOLED	2.51508504944582	1.6310197289828587	1.7440684983807315	1.661117047484038	1.7563079964302384	1.767732109796632	2.0493372188675	1.5571753668658308	1.8053804066942734	1.79362283551565	1.8087835212494974	1.8309728366891656	0.8539680019617819	0.01022959664426416
VUILD102LA_150_18_14	VUILD102LA	VUILD102	fold_4	macrophage_profibrotic	POOLED	2.7740994586811	1.6101631077219134	2.050060088071464	2.0031584116908125	2.0524875152676283	2.06546922795493	2.0692772118122997	1.557166986579942	2.229375042942431	2.0986397489402044	2.2452072364700784	2.1305434058755903	0.7709410469902873	0.016330464713190537
VUILD102LA_150_18_16	VUILD102LA	VUILD102	fold_4	macrophage_profibrotic	POOLED	2.76963513074914	1.5962586935479497	2.6230053154359063	2.387364864156488	2.39665781342624	2.506280021411342	2.350671284473485	1.557161399722683	2.3223397458128914	2.5838645930533533	2.193596235191797	2.5433111943867672	0.38227026659265206	0.0277251864512062
VUILD102LA_150_18_17	VUILD102LA	VUILD102	fold_4	macrophage_profibrotic	POOLED	2.90802070791231	1.589306486460968	2.314997060162143	2.229700823670946	2.153193412486429	2.272828521410136	1.8862857922365026	1.5571586062940534	2.2613227614553417	2.130391084380504	2.154807957028677	2.0617445960680274	0.6783198842413642	0.02024158105531901
VUILD102LA_150_19_14	VUILD102LA	VUILD102	fold_4	macrophage_profibrotic	POOLED	2.66691203044017	1.617920609819636	2.5136197897993977	2.236372773363538	2.1534043859475154	2.2196348474019674	2.24368650117629	1.5571699958791057	2.183431459433214	2.0945680504618456	2.14010038186951	2.038466108798751	0.430539257076632	0.0315851182209977
VUILD102LA_150_19_17	VUILD102LA	VUILD102	fold_4	macrophage_profibrotic	POOLED	2.94919317997754	1.5970639885586906	3.2468951058992586	2.9210450603356746	2.4142362414731755	2.586758491087668	2.138978676710841	1.557161615593217	2.4725648683955113	2.5286755302479786	2.307109675506814	2.388329332057866	0.028148119641865588	0.019642945631046464
VUILD102LA_150_19_24	VUILD102LA	VUILD102	fold_4	macrophage_profibrotic	POOLED	2.85324238620902	1.5483985389498183	2.0138721698471755	2.112185644385475	1.8873585056748494	1.979791367168297	2.276797429035662	1.55714206159281	1.9663687120832267	1.883958585139929	1.9135381092676447	1.8325027754614462	0.7410567418235452	0.00503376011732903
VUILD102LA_150_20_12	VUILD102LA	VUILD102	fold_4	macrophage_profibrotic	POOLED	2.45511612212276	1.639582526091322	2.3241360851258923	2.2485870972473316	2.2077123664256	2.275102292384496	2.0088239003147264	1.5571785920355286	1.9649460667471668	1.9763002201454034	1.8633100561800262	1.8960154335199744	0.20652902487542857	0.03065024786157169
VUILD102LA_150_20_16	VUILD102LA	VUILD102	fold_4	macrophage_profibrotic	POOLED	1.78818866719293	1.6117736977433947	1.5156288435064271	1.4416001229850937	1.4698193743667496	1.5156483771402112	1.7639965670504258	1.5571674183210102	1.551518961477371	1.5587633764622417	1.5346333701815067	1.5637009748275026	0.34658854420783625	0.0027107450868383114
VUILD102LA_150_21_19	VUILD102LA	VUILD102	fold_4	macrophage_profibrotic	POOLED	2.6401044476113	1.5986745785801724	1.5152137409174886	1.5800574373089262	1.8708033387677543	1.8869310710733767	1.872460354819526	1.5571620473342853	1.9365804757468077	1.756230357690786	1.9473934692087265	1.739616913965683	1.0600470103023738	0.0257571951071786
VUILD102LA_150_21_22	VUILD102LA	VUILD102	fold_4	macrophage_profibrotic	POOLED	2.67624474712623	1.5778179573192268	1.7858255877710265	1.8146962078442326	1.6964528451924712	1.704662493254573	1.9497023790466794	1.5571536670483965	2.0493110416337306	1.906960905208305	2.1014456939124178	1.9435660557632668	0.8615485392819973	-0.005939161234695749
VUILD102LA_150_22_20	VUILD102LA	VUILD102	fold_4	macrophage_profibrotic	POOLED	2.10271469539083	1.599479873590913	1.6053696846681251	1.8639739941651312	1.9117546284926519	1.9757218887649324	2.082874393238763	1.5571622632048192	2.133611983254221	2.1682641243121488	2.112552748693543	2.196372376704504	0.2387407012256988	0.023651505904268847
VUILD102LA_150_3_15	VUILD102LA	VUILD102	fold_4	macrophage_profibrotic	POOLED	2.28220959778133	1.4868483691690928	2.025866925319847	2.04649552298451	2.325419882580285	2.336096461997113	2.7446529902981616	1.5571190536638575	2.130401275037034	2.3804394910938487	2.089519670441056	2.407120905812596	0.23571407479682005	0.012250381745149027
VUILD102LA_150_3_16	VUILD102LA	VUILD102	fold_4	macrophage_profibrotic	POOLED	2.24190596368136	1.479896162082111	2.429085594714259	2.3196799593953514	2.0532293126322605	2.1300819695007913	2.7274283598489077	1.557116260235228	2.2721815069780136	2.053859241674792	2.2258730173522077	1.9870159078438643	-0.07777399571399135	-0.004528627058887493
VUILD102LA_150_3_18	VUILD102LA	VUILD102	fold_4	macrophage_profibrotic	POOLED	2.77692434040384	1.4659917479081475	2.1258499412209373	2.020425250808321	1.8583656555924577	1.9242912824152003	2.521770595165377	1.557110673377969	1.8773232241550084	2.0120109556268675	1.8430692521302245	1.9877349720913882	0.7564990895955188	0.0029918039375212094
VUILD102LA_150_4_21	VUILD102LA	VUILD102	fold_4	macrophage_profibrotic	POOLED	3.25131260674462	1.4528926287449246	2.0217708648595756	2.1874451025060306	2.1307381740550584	2.1757657536716875	2.68634158398776	1.5571053023912438	1.9316677478833744	2.111636322705223	1.8672863328391405	2.0935184347920046	1.0638675042385892	0.0038666001376093453
VUILD102LA_150_5_21	VUILD102LA	VUILD102	fold_4	macrophage_profibrotic	POOLED	1.57245210229795	1.4606501308426472	1.439678203031997	1.4967823208452429	1.6916714950248908	1.6699521598848808	2.470870366615798	1.5571083116904074	1.6716567259416555	1.6309687935964081	1.7358732032875381	1.693888746279358	0.0756697814527072	-0.00909710414087181
VUILD102LA_150_5_9	VUILD102LA	VUILD102	fold_4	macrophage_profibrotic	POOLED	3.276323105017	1.5440766158864285	2.366844542121343	2.25949426184764	2.247387814825277	2.3168816767241167	2.848299291000927	1.5571418328339621	2.302256408511865	2.1638705770673994	2.2845251045051524	2.0911179074571864	1.01682884316936	0.006112037841173978
VUILD102LA_150_6_11	VUILD102LA	VUILD102	fold_4	macrophage_profibrotic	POOLED	2.17807827764774	1.5379297038101878	2.0389709242990195	2.1194426137189377	1.9263722118027797	1.9746602316382713	2.6162744235870736	1.5571392552758667	1.9398364125226921	2.1857754812036947	1.925533895633909	2.1698570447855783	0.05863566392880237	0.0022215899874297677
VUILD102LA_150_6_13	VUILD102LA	VUILD102	fold_4	macrophage_profibrotic	POOLED	3.03163882340439	1.524025289636224	2.5819412319954225	2.448804168794055	2.3511039511044767	2.4143319128128247	2.769232298457725	1.5571336684186077	2.419509144268841	2.398746102853664	2.3986969833578518	2.3344784292645953	0.5828346546103349	0.00817396234775945
VUILD102LA_150_6_17	VUILD102LA	VUILD102	fold_4	macrophage_profibrotic	POOLED	2.77500716498631	1.496216461288297	2.0687712721872673	2.03945182819436	2.0770917681060435	2.0842485584449726	2.624890565621072	1.5571224947040894	2.103160749716526	2.2083434564152777	2.1216339472084753	2.2097834650804113	0.7355553367919501	0.004237657668392996
VUILD102LA_150_6_21	VUILD102LA	VUILD102	fold_4	macrophage_profibrotic	POOLED	1.84689485592682	1.46840763294037	1.6751577865477558	1.762577846974231	1.9491995732231477	1.946824438521064	2.4378548491928007	1.557111320989571	2.0117139429026416	1.9403180213770201	2.0472247934636183	1.9551191448728478	0.08431700895258887	0.006522482003589809
VUILD102LA_150_6_22	VUILD102LA	VUILD102	fold_4	macrophage_profibrotic	POOLED	2.8887659744493	1.461455425853388	2.0789328835432768	1.954453841489344	2.3194235199050217	2.319539239159047	2.6706200778275986	1.5571085275609415	2.120900557063925	2.2712455364193453	2.158567849928583	2.3294178664649285	0.9343121329599562	0.00838550347955003
VUILD102LA_150_7_10	VUILD102LA	VUILD102	fold_4	macrophage_profibrotic	POOLED	1.4952605867057	1.5526394129948917	1.7775789851998811	1.8313658135653479	1.5740905827533447	1.654092798000311	1.887841103927005	1.5571450580036599	1.662141895962959	1.72112035680705	1.5988599137029005	1.715786961581583	-0.33610522685964783	0.015385357304878697
VUILD102LA_150_7_22	VUILD102LA	VUILD102	fold_4	macrophage_profibrotic	POOLED	2.67561515146052	1.4692129279511106	2.0981830540498927	2.1132056243576054	2.1902849400853723	2.2059990620343797	2.754894005695426	1.5571115368601052	2.3476521270852726	2.3207548030598906	2.3811858170740967	2.3320947952058715	0.5624095271029148	0.0023435338340640904
VUILD102LA_150_7_24	VUILD102LA	VUILD102	fold_4	macrophage_profibrotic	POOLED	2.92018796562451	1.455308513777147	2.4956662129524028	2.4465643708604805	2.291528900675551	2.3665383240022764	2.6134895614452986	1.5571059500028461	2.1787119091530007	2.1966200878432196	2.1310484294203187	2.1468687025016866	0.4736235947640295	0.011526036861259286
VUILD102LA_150_7_8	VUILD102LA	VUILD102	fold_4	macrophage_profibrotic	POOLED	2.87999450283587	1.5665438271688554	2.1660348519857724	2.0766668451705383	2.3714661607705834	2.4162080353874065	2.364255700443368	1.5571506448609191	2.2861093890804742	2.423708428066358	2.214122179154946	2.4006705187190476	0.8033276576653319	0.028976470735718737
VUILD102LA_150_7_9	VUILD102LA	VUILD102	fold_4	macrophage_profibrotic	POOLED	1.67892243272308	1.5595916200818736	2.067347332437352	2.0447946410548523	2.051413609070989	2.115486611013979	2.312894417009859	1.5571478514322896	2.044449632786644	2.1103959744578944	1.9772551238398879	2.0699007832092926	-0.36587220833177225	0.020480401914774054
VUILD102LA_150_8_19	VUILD102LA	VUILD102	fold_4	macrophage_profibrotic	POOLED	2.03631240053952	1.4978270513097787	1.8082330567029323	1.8848794470702734	1.9480370786788104	1.9610499182779377	2.6513087145965786	1.5571229264451576	1.753548632121209	1.7994608189047336	1.7879135347273998	1.8257879528943695	0.15143295346924646	0.003960434556316481
VUILD102LA_150_8_21	VUILD102LA	VUILD102	fold_4	macrophage_profibrotic	POOLED	2.07643951571309	1.483922637135815	2.0518828668422384	1.8986312349835923	1.6092042002098004	1.711150488215717	2.337453980860312	1.5571173395878986	1.7889413682081228	1.6021199014573266	1.7348612021296645	1.53133348070399	0.17780828072949784	-0.0028907267738382154
VUILD102LA_150_8_22	VUILD102LA	VUILD102	fold_4	macrophage_profibrotic	POOLED	3.33339563726821	1.476970430048833	2.72537839268985	2.6305207758325793	2.495586339126982	2.5820134159714785	2.8681032014874654	1.5571145461592688	2.4448552287520666	2.5291392304585343	2.348649061129581	2.4931028449082184	0.7028748614356308	0.022162794861821867
VUILD102LA_150_8_24	VUILD102LA	VUILD102	fold_4	macrophage_profibrotic	POOLED	2.06208560077993	1.4630660158748696	1.7423545667937144	1.8020980860232314	1.3824791730585446	1.4801950633998946	2.4139743657023915	1.5571089593020098	1.6472768381670755	1.820423109254582	1.6374851866378608	1.8200093674406885	0.25998751475669857	-0.0018260742979773065
VUILD102LA_150_8_25	VUILD102LA	VUILD102	fold_4	macrophage_profibrotic	POOLED	3.07842041747528	1.456113808787888	2.6855614485601214	2.745742713772085	2.159828712232791	2.298411713116743	2.3965165423058044	1.5571061658733802	2.3582032697253497	2.484498075141581	2.197323183632375	2.3530300787874108	0.33267770370319516	-0.017120660571367765
VUILD102LA_150_9_13	VUILD102LA	VUILD102	fold_4	macrophage_profibrotic	POOLED	2.09411443561163	1.5472977959293917	1.8403013105573698	1.8993141043944042	1.8595864399472182	1.9229277132777325	2.0087441108295128	1.5571426963160986	1.8404095197785981	1.833672518043729	1.7623356261542864	1.7864929017260671	0.19480033121722595	0.018333120527942882
VUILD102LA_150_9_20	VUILD102LA	VUILD102	fold_4	macrophage_profibrotic	POOLED	3.23512420695277	1.4986323463205196	1.768562523670521	1.7481061438363676	1.8862025098180424	1.9332784769963598	2.3335481802003164	1.5571231423156917	1.7857178717424544	1.957946745993389	1.7482958131048838	1.9654174420794277	1.4870180631164023	-0.0023945411919170344
VUILD102LA_150_9_22	VUILD102LA	VUILD102	fold_4	macrophage_profibrotic	POOLED	2.91255438991973	1.4847279321465559	2.376175207288532	2.2806727653503467	2.411289154368117	2.4594697263936496	2.7009521064922772	1.5571175554584327	2.4236846763926643	2.5476897164743857	2.3948995355141727	2.5332958859661616	0.6318816245693832	0.023620636759821293
VUILD102LA_150_9_24	VUILD102LA	VUILD102	fold_4	macrophage_profibrotic	POOLED	2.73678119180982	1.4708235179725924	1.5633391692236633	1.6672889720102466	2.0405011222457135	2.042322657246753	2.3843932574997195	1.5571119686011734	1.917701216302797	2.2061228602712513	1.9516344163630839	2.275048107046886	1.0694922197995735	0.006757723443637464
VUILD102LA_150_9_25	VUILD102LA	VUILD102	fold_4	macrophage_profibrotic	POOLED	2.61967068695883	1.4638713108856107	2.7331451460485665	2.6545594045230296	2.5409612879179706	2.6634997716623943	3.011946390775508	1.5571091751725439	2.804036962699603	2.832284697343453	2.712558942385642	2.7696431923385223	-0.034888717564199645	0.01525075496305987
VUILD102LA_150_9_26	VUILD102LA	VUILD102	fold_4	macrophage_profibrotic	POOLED	2.9301151547392	1.4569191037986289	2.6461147706258927	2.7287032659018093	2.164274073275025	2.352184628742245	2.534341047432219	1.5571063817439144	2.2634936060272235	2.2864424616310632	2.062668106044242	2.105221349956519	0.20141188883739058	0.0037471701619977184
VUILD102LA_150_9_8	VUILD102LA	VUILD102	fold_4	macrophage_profibrotic	POOLED	1.83009730351151	1.5820588313643007	1.492566488642177	1.4236955314562605	1.8707944933216387	1.8375281376427894	2.244795745293525	1.5571566634592464	1.7152366083167492	1.5902927553509894	1.7704118613923694	1.6288581219573288	0.4064017720552495	0.013149512341273147
VUILD102LA_150_9_9	VUILD102LA	VUILD102	fold_4	macrophage_profibrotic	POOLED	0.868437582854488	1.5751066242773188	1.1982651918581666	1.3148820423442715	1.4251407720548617	1.3833229510833518	1.8230673702169582	1.557153870030617	1.410588464744526	1.3787098575974959	1.4682862006219144	1.4660721893204673	-0.4464444594897835	-0.0025824987407928185
VUILD102MA_150_10_10	VUILD102MA	VUILD102	fold_4	macrophage_profibrotic	POOLED	2.23497389198996	1.5643548530333724	1.9631866421945454	2.1215180276758927	1.8742511179283938	1.9109887448025957	2.573248603697788	1.557149310199586	1.511946106539749	1.4628524469857258	1.3494670013101426	1.3385090604373975	0.11345586431406751	-0.027248126507029707
VUILD102MA_150_10_11	VUILD102MA	VUILD102	fold_4	macrophage_profibrotic	POOLED	2.79668131838461	1.5574016389152834	2.6340379903549254	2.576330123629633	1.898626986449007	2.0025381718092246	2.0736033039337634	1.557146516506439	1.8606982358400628	1.8784073238745178	1.671707203398771	1.7487646094106803	0.220351194754977	-0.022083876616765287
VUILD102MA_150_10_12	VUILD102MA	VUILD102	fold_4	macrophage_profibrotic	POOLED	3.50484957736938	1.5504484247971946	2.760071966468684	2.65757858535799	2.048928546893164	2.102279049306868	2.718166086612109	1.557143722813292	2.1580022282916858	2.156846516831867	2.037627264862243	2.0682112124587935	0.8472709920113899	-0.03640100593481687
VUILD102MA_150_10_17	VUILD102MA	VUILD102	fold_4	macrophage_profibrotic	POOLED	1.42664388727783	1.5156823542067497	1.5941962876221794	1.5796247906648575	1.4001553782732234	1.4207645243193192	2.3861485043300332	1.557129754347557	1.6961615397988739	1.6645191257136633	1.7779125812089118	1.7608944666918105	-0.15298090338702752	-0.00027533908264043214
VUILD102MA_150_10_19	VUILD102MA	VUILD102	fold_4	macrophage_profibrotic	POOLED	3.06137056705977	1.5017759259705719	2.4191632290300182	2.320740604580812	2.114436340720068	2.170083251409979	2.5990384043370884	1.5571241669612632	2.401416952800006	2.1853395275206156	2.3743653621568863	2.158409122117891	0.7406299624789581	-0.00889688918690563
VUILD102MA_150_10_2	VUILD102MA	VUILD102	fold_4	macrophage_profibrotic	POOLED	3.04354443337884	1.619980565978084	2.5865418795847916	2.3916400639105313	2.1081901182192144	2.1283818236858223	2.867730780266135	1.5571716597447618	1.9739308929992954	2.061166704800982	1.8748594756091987	2.0313812475292794	0.6519043694683089	-0.0044782900533452095
VUILD102MA_150_10_21	VUILD102MA	VUILD102	fold_4	macrophage_profibrotic	POOLED	2.50288813001603	1.4878694977343938	1.8940967595723817	1.9042562612745226	2.2047198931284218	2.1876390699178865	2.697885062349683	1.5571185795749694	2.0910015913817257	1.942066166717266	2.149224115858871	1.9985578618692308	0.5986318687415073	0.011076646236458421
VUILD102MA_150_10_22	VUILD102MA	VUILD102	fold_4	macrophage_profibrotic	POOLED	1.91621627617875	1.480916283616305	1.543276037502788	1.5120646860034135	1.9984522378119938	1.9353126416959205	1.9623202297474913	1.5571157858818223	1.7573441167437958	1.8832668289125793	1.8124544016608515	1.9731936853059118	0.40415159017533653	0.0069373090418769
VUILD102MA_150_10_23	VUILD102MA	VUILD102	fold_4	macrophage_profibrotic	POOLED	3.09840455768233	1.473963069498216	2.717358061894828	2.7140876577553703	2.3583286185221635	2.425043312984303	2.8296686270709612	1.5571129921886753	2.346402018200871	2.588467326830159	2.2658460925282764	2.5466937079857677	0.3843168999269597	0.007619611798881744
VUILD102MA_150_10_24	VUILD102MA	VUILD102	fold_4	macrophage_profibrotic	POOLED	2.88996063682151	1.467009855380127	2.133898123113643	2.1493073881274207	2.271773954459321	2.2951810526909204	2.6162729928823447	1.5571101984955282	2.368331385710521	2.4261542473401168	2.3874531671409223	2.5062381116034222	0.7406532486940893	0.008933779141978994
VUILD102MA_150_10_25	VUILD102MA	VUILD102	fold_4	macrophage_profibrotic	POOLED	3.79645843398862	1.460056641262038	2.9567636283004783	2.76404782460081	2.5059266316375464	2.628672669069568	2.8068579453724247	1.5571074048023814	2.845434746435941	2.937187194962604	2.7579849519187154	2.8939863703549205	1.03241060938781	0.020889379886114324
VUILD102MA_150_10_3	VUILD102MA	VUILD102	fold_4	macrophage_profibrotic	POOLED	2.91810803807823	1.613027351859995	2.1143418707549793	2.138717737235159	1.9016210215194007	1.9114963560331355	3.0984140222064367	1.5571688660516148	1.7092502827347114	2.0997492007207903	1.6601806237347525	2.078400800079522	0.7793903008430711	-0.013298627198003298
VUILD102MA_150_10_9	VUILD102MA	VUILD102	fold_4	macrophage_profibrotic	POOLED	2.63251200951574	1.5713080671514612	3.0640485642421282	2.8563006165538045	2.0270567841602576	2.1716170994572463	2.9161783715480185	1.557152103892733	2.098663425140317	1.885775697708437	1.862518403541424	1.6615665927532106	-0.22378860703806458	-0.02725468995691201
VUILD102MA_150_11_10	VUILD102MA	VUILD102	fold_4	macrophage_profibrotic	POOLED	2.32084372044063	1.5710126891855654	1.5726082100556245	1.5744004705007608	1.0946610995810084	1.1596529995433127	2.4608124827779845	1.5571520311422473	0.8873118938253948	0.9573146203275498	0.7676505187960349	0.8980364663020605	0.746443249939869	-0.030050071157130084
VUILD102MA_150_11_16	VUILD102MA	VUILD102	fold_4	macrophage_profibrotic	POOLED	1.4734513156014	1.5292934044770317	1.4713977139012673	1.43523760267841	1.7193457108624364	1.665744747712079	2.333357376928151	1.5571352689833655	1.705275001220401	2.017403895179009	1.8199015271289425	2.1604882002630723	0.03821371292299003	0.006451674351353676
VUILD102MA_150_11_17	VUILD102MA	VUILD102	fold_4	macrophage_profibrotic	POOLED	2.35042217103665	1.5223401903589426	2.2844917751237697	2.164845280631973	2.0644077609789955	2.0601097966512922	2.62395047069254	1.5571324752902185	2.0744316021504434	2.1714305033816546	2.102137507819504	2.2149182887902015	0.18557689040467729	0.010665803321715663
VUILD102MA_150_11_18	VUILD102MA	VUILD102	fold_4	macrophage_profibrotic	POOLED	2.36438855338633	1.5153869762408536	1.3016767252282557	1.413450927225396	1.824446720036863	1.7100265553054559	2.8057843337612876	1.5571296815970714	1.883386510678228	1.7668206964361	2.1103437048914957	1.9327427663466534	0.9509376261609341	-0.005823350769532449
VUILD102MA_150_11_19	VUILD102MA	VUILD102	fold_4	macrophage_profibrotic	POOLED	3.37242735584993	1.5084337621227648	2.5351366560396555	2.5077867704492323	2.325917999756542	2.3591393682972983	2.80726047812528	1.5571268879039244	2.547841809700878	2.521282989848796	2.5495649055835665	2.557526375931129	0.8646405854006978	0.0015714688773027317
VUILD102MA_150_11_23	VUILD102MA	VUILD102	fold_4	macrophage_profibrotic	POOLED	2.98069072879481	1.480620905650409	2.783257968795478	2.6305859029016574	2.6378327503587258	2.662006084149068	2.9870349676387185	1.5571157131313367	2.545771473688796	2.4603831305168633	2.4614701437085573	2.424084779980524	0.3501048258931525	0.01501377987190899
VUILD102MA_150_11_25	VUILD102MA	VUILD102	fold_4	macrophage_profibrotic	POOLED	3.12931949969926	1.4667144774142309	2.468086332813816	2.4137115462018	2.4232861471733558	2.4575850041485543	2.6728528502810267	1.5571101257450426	2.613646339583653	2.365363787631735	2.618469282275687	2.382708895971635	0.71560795349746	0.011306427980733978
VUILD102MA_150_11_3	VUILD102MA	VUILD102	fold_4	macrophage_profibrotic	POOLED	2.40876078607029	1.619685188012188	1.9869598863640756	1.8901154591824998	2.475633800558168	2.349302060353132	2.893623903505145	1.5571715869942762	1.8519185021073756	2.2521376755058937	1.8552551634076018	2.3677715370567003	0.5186453268877904	-0.0057525072485562
VUILD102MA_150_11_9	VUILD102MA	VUILD102	fold_4	macrophage_profibrotic	POOLED	3.09954390411776	1.5779659033036544	2.615146410853166	2.5836267399283614	1.8518971010588499	1.9638695878605068	2.8192609078145674	1.5571548248353944	1.5798842979843848	1.9771362628357914	1.3713812579472482	1.850402187601141	0.5159171641893985	-0.02477744019990633
VUILD102MA_150_12_10	VUILD102MA	VUILD102	fold_4	macrophage_profibrotic	POOLED	2.7738715061598	1.577670525337758	2.0556872835878917	2.0415098606692856	1.4604683338217601	1.5466878712517873	2.3389847251285576	1.5571547520849085	1.202970845427497	1.3333319806257211	1.0730987127522729	1.227225662099154	0.7323616454905144	-0.022463092277267213
VUILD102MA_150_12_11	VUILD102MA	VUILD102	fold_4	macrophage_profibrotic	POOLED	2.67932098926608	1.570717311219669	2.1739810129021357	2.221357476006701	1.819498890653144	1.882141591640893	2.6196232307020453	1.5571519583917617	1.942054284676766	1.8250101014258677	1.8738393249748264	1.7820317189390262	0.4579635132593789	-0.025078620083022425
VUILD102MA_150_12_15	VUILD102MA	VUILD102	fold_4	macrophage_profibrotic	POOLED	3.66421431872152	1.5429044547473136	2.566244788434782	2.5439606595296236	2.1721157089451957	2.296048102352554	2.6587458367015597	1.5571407836191737	2.297095782737684	2.477672821497287	2.1936372306040357	2.4160132531390746	1.1202536591918966	0.014546603991541687
VUILD102MA_150_12_17	VUILD102MA	VUILD102	fold_4	macrophage_profibrotic	POOLED	2.88408497699105	1.5289980265111356	1.9521192552975843	1.9023283313078325	1.8418720076062416	1.8723339021312713	2.6986283932813357	1.5571351962328797	1.9302739133326448	1.8318983431768685	1.989786355878596	1.8573190949914398	0.9817566456832174	0.0033613178569827703
VUILD102MA_150_12_2	VUILD102MA	VUILD102	fold_4	macrophage_profibrotic	POOLED	2.60016254544654	1.6332962382824698	2.406622055429882	2.333197380820195	2.079446038379179	2.151688720081955	2.8697206534087565	1.5571771016300844	2.1153096143733388	2.3103665991719673	2.0338804058631372	2.282092217317074	0.2669651646263449	-0.00091901519592099
VUILD102MA_150_12_24	VUILD102MA	VUILD102	fold_4	macrophage_profibrotic	POOLED	2.07750630961413	1.4803255276845129	2.7605521273752953	2.8384827579036207	2.199096354639813	2.2351552066114047	3.008624168209895	1.5571156403808508	2.529744853913402	2.3739102863684343	2.5280301842356674	2.3541593348703214	-0.7609764482894907	-0.0011136264351306532
VUILD102MA_150_12_25	VUILD102MA	VUILD102	fold_4	macrophage_profibrotic	POOLED	3.03027655561569	1.4733723135664238	1.8046890899303973	1.842137070481931	2.411940746991182	2.308213420935592	2.5079102636433923	1.557112846687704	2.321077684752936	2.343719993706966	2.4354368231843377	2.4764832786992717	1.188139485133759	-0.0031952172259420777
VUILD102MA_150_12_7	VUILD102MA	VUILD102	fold_4	macrophage_profibrotic	POOLED	2.82521398904676	1.598530167692025	2.0648879367944786	2.1022082521647807	1.34922408621022	1.4790128817845325	2.7767383572371043	1.5571631331643494	1.7797946374671838	1.908966088416082	1.6782069929517662	1.752765168374745	0.7230057368819791	-0.0420313651700092
VUILD102MA_150_13_10	VUILD102MA	VUILD102	fold_4	macrophage_profibrotic	POOLED	3.12259554478589	1.584328361489951	1.724108755274357	1.8023334731716139	1.8159453873227478	1.8341677667825809	3.037284790939138	1.55715747302757	1.8237324353641111	1.9548334130413578	1.8255846586566644	1.973180072463854	1.3202620716142763	-0.026362289404227413
VUILD102MA_150_13_14	VUILD102MA	VUILD102	fold_4	macrophage_profibrotic	POOLED	3.10053844310466	1.5565155050175952	2.4454817705929206	2.485773624374816	2.185879618255804	2.2936063198357175	2.514697185107948	1.557146298254982	2.0773403009834395	2.477349947608218	1.9616453155246478	2.455369882915727	0.614764818729844	0.00997986088640427
VUILD102MA_150_13_15	VUILD102MA	VUILD102	fold_4	macrophage_profibrotic	POOLED	3.41302393886489	1.5495622908995064	2.0349738601472787	2.1454923635296983	2.2294160173798683	2.2825386337036777	2.4117513617423745	1.557143504561835	2.285987450261542	2.7014270009308645	2.269331578495338	2.7471957489676013	1.267531575335192	0.006930720259326003
VUILD102MA_150_13_16	VUILD102MA	VUILD102	fold_4	macrophage_profibrotic	POOLED	2.64890776502394	1.5426090767814173	2.9464093441904615	2.779804687374844	2.6698699957719976	2.6799067533737095	2.933942873166304	1.557140710868688	2.6546879745891445	2.7925529057708536	2.599850474966093	2.8093900893018287	-0.130896922350904	0.003086478026433824
VUILD102MA_150_13_17	VUILD102MA	VUILD102	fold_4	macrophage_profibrotic	POOLED	2.83085841102514	1.5356558626633283	2.597971465226224	2.5490439272403322	2.269110835687665	2.337741539639379	2.9663716566183385	1.557137917175541	2.572715590451142	2.5973045218822497	2.5341724234546454	2.6021414008267043	0.28181448378480756	0.015786974367392726
VUILD102MA_150_13_25	VUILD102MA	VUILD102	fold_4	macrophage_profibrotic	POOLED	2.86458249531739	1.4800301497186168	1.88107529482661	1.8902237193803844	2.4915714275397463	2.415919766540427	2.639429121000393	1.5571155676303652	2.4406890083910495	2.152437790251382	2.5311507166338045	2.2361831651253192	0.9743587759370058	0.016650444167447303
VUILD102MA_150_13_6	VUILD102MA	VUILD102	fold_4	macrophage_profibrotic	POOLED	2.70431095315971	1.612141217962307	2.3410157983824447	2.3014944469743845	1.5542087116433354	1.6484334023813287	2.739919525281261	1.5571686478001578	1.7395863921315682	1.6679571598395917	1.6060177258929162	1.509960020487992	0.4028165061853253	-0.037668020386171605
VUILD102MA_150_13_7	VUILD102MA	VUILD102	fold_4	macrophage_profibrotic	POOLED	2.7238889450867	1.605188003844218	2.9540438294156184	2.9308884421636865	1.606379059804814	1.823807284037743	2.9402775937415404	1.5571658541070108	1.7348822772031447	1.7395727464716053	1.4795471818507173	1.4803282274318696	-0.2069994970769864	-0.024868156497806045
VUILD102MA_150_13_8	VUILD102MA	VUILD102	fold_4	macrophage_profibrotic	POOLED	2.74221572678371	1.598234789726129	2.0446965558554147	2.0362467645203663	2.5883735828313794	2.57211609934538	3.0253960932777124	1.5571630604138638	2.2382171874616894	2.5574803678600793	2.2094131920611795	2.5694418353940396	0.7059689622633436	-0.0028480355216779288
VUILD102MA_150_13_9	VUILD102MA	VUILD102	fold_4	macrophage_profibrotic	POOLED	3.29282816274538	1.59128157560804	2.3121256362530147	2.308371717020691	1.9223195691144688	2.053051611197391	2.284912510367129	1.557160266720717	2.1954200030187607	2.4593921387606557	2.1129880744939995	2.4635872476881673	0.9844564457246889	0.013868809532152023
VUILD102MA_150_14_14	VUILD102MA	VUILD102	fold_4	macrophage_profibrotic	POOLED	2.17816284125611	1.5631733411697881	2.0286566976171785	2.0156519005417697	2.441246835945376	2.3852927792946486	2.8553784664368083	1.5571490191976431	2.189645395278099	2.2718228497647583	2.2379725428588984	2.3590892072174787	0.16251094071434036	0.01347554181769205
VUILD102MA_150_14_15	VUILD102MA	VUILD102	fold_4	macrophage_profibrotic	POOLED	2.79838963112502	1.5562201270516993	1.8325652588792956	1.7537452118776722	2.0391569037660395	2.0219872433893484	2.4530977548916493	1.5571462255044963	1.9318229819969068	2.189069091100967	1.9790496398608068	2.295231166433955	1.0446444192473479	0.013193184461170276
VUILD102MA_150_14_16	VUILD102MA	VUILD102	fold_4	macrophage_profibrotic	POOLED	3.04755538330795	1.5492669129336103	1.7609186690848024	1.7988155937409098	1.7768670405333338	1.8305574997381502	2.395520448726202	1.5571434318113493	1.8490514002374	2.0552775441397344	1.8159495611465668	2.077191320873952	1.24873978956704	0.011011997800771941
VUILD102MA_150_14_17	VUILD102MA	VUILD102	fold_4	macrophage_profibrotic	POOLED	2.43783594373722	1.5423136988155213	1.9482160267525805	2.0597360498930684	2.2019398792566114	2.215116562225816	2.5814047111366514	1.5571406381182022	2.514930621331711	2.2161351920802965	2.5821429667719578	2.256205650200583	0.37809989384415177	0.011540804134696391
VUILD102MA_150_14_25	VUILD102MA	VUILD102	fold_4	macrophage_profibrotic	POOLED	3.36157414236153	1.4866879858708095	3.203162970270438	3.160376418140057	2.7788148178372936	2.866676120782468	3.0299814335536484	1.5571182885730266	2.9998296134605407	2.877487111176597	2.9241004066958327	2.842340639559079	0.20119772422147308	0.006694125165764005
VUILD102MA_150_14_7	VUILD102MA	VUILD102	fold_4	macrophage_profibrotic	POOLED	2.55774055544332	1.6118458399964106	2.388106280301468	2.2827065678927068	1.7711939739355138	1.8304791426989202	2.8210565755597803	1.557168575049672	1.7223990090188175	1.7971063413373543	1.567731445713599	1.6631879150977043	0.27503398755061337	-0.03319501763887414
VUILD102MA_150_14_8	VUILD102MA	VUILD102	fold_4	macrophage_profibrotic	POOLED	3.0300684698958	1.6048926258783218	1.9378387133083232	2.086128709363803	1.7801839581403038	1.7845392275665324	2.8489428333126363	1.5571657813565252	1.7714046078953747	1.7526011344221752	1.7316177118076959	1.7171285192829928	0.9439397605319972	-0.035339011733869316
VUILD102MA_150_14_9	VUILD102MA	VUILD102	fold_4	macrophage_profibrotic	POOLED	3.04553408774329	1.5979394117602328	1.6757215796376799	1.6738137008347655	2.316316474253995	2.2422025034949753	2.663883021105306	1.5571629876633781	2.289048245941431	2.222374018588549	2.390717163690467	2.316659950868267	1.3717203869085244	-0.0072958596921459595
VUILD102MA_150_15_14	VUILD102MA	VUILD102	fold_4	macrophage_profibrotic	POOLED	1.51492764552411	1.5698311773219809	1.7256586771374676	1.6913074188124593	2.2964039712649	2.2064906591138578	2.679939455124921	1.5571517401403046	2.232543253719532	2.2275470620985733	2.3597721331512482	2.3455453380370757	-0.1763797732883492	0.024706760515448466
VUILD102MA_150_15_17	VUILD102MA	VUILD102	fold_4	macrophage_profibrotic	POOLED	2.63187776496604	1.548971534967714	2.0029252293506983	1.9201279832443197	1.8537385324216706	1.861966892449438	2.706625947302884	1.5571433590608637	2.084327762782709	2.1357730282035696	2.125758828778033	2.2098693067585806	0.7117497817217204	-0.0004708033379532753
VUILD102MA_150_15_25	VUILD102MA	VUILD102	fold_4	macrophage_profibrotic	POOLED	2.95748219785818	1.4933458220230025	2.2298233729743275	2.151059390552481	2.608241398068932	2.5782198643103005	2.570023563213146	1.5571210095156878	2.5782592076176396	2.2892080125562937	2.604703109804737	2.297427711762479	0.8064228073056987	0.018981107103683104
VUILD102MA_150_15_6	VUILD102MA	VUILD102	fold_4	macrophage_profibrotic	POOLED	3.25097585791627	1.6254568902666926	2.746228174259003	2.6978643712122987	1.683507566650847	1.809091055314323	2.927238287451687	1.5571740896854804	1.719221804747085	1.766093657412298	1.4801915484427766	1.5854825128965597	0.5531114867039713	-0.023511019692012757
VUILD102MA_150_15_7	VUILD102MA	VUILD102	fold_4	macrophage_profibrotic	POOLED	2.76823325462198	1.6185036761486036	2.6174290691831343	2.4693689900007207	1.3796740435516863	1.5926030886799847	2.8953776538685068	1.5571712959923334	1.1838491216318723	1.723685197203395	0.9043382497712499	1.558366842932942	0.29886426462125915	-0.02866102611770286
VUILD102MA_150_16_13	VUILD102MA	VUILD102	fold_4	macrophage_profibrotic	POOLED	1.75001458713474	1.5834422275922628	1.817697670645744	1.818705089333854	2.038826556677822	1.994363168887199	2.998846421891355	1.5571572547761128	2.303617649196794	2.288003758850197	2.3444653239070816	2.4043825939810324	-0.06869050219911421	-0.005823267386792775
VUILD102MA_150_16_16	VUILD102MA	VUILD102	fold_4	macrophage_profibrotic	POOLED	1.53794032415752	1.562582585237996	1.1280291957192183	1.3300379660632717	1.381628545043681	1.327167344501962	2.236214257356855	1.5571488736966719	1.5019656685733613	1.470934149444102	1.5666179405807104	1.6063681358344668	0.20790235809424829	-0.033047533136528966
VUILD102MA_150_16_17	VUILD102MA	VUILD102	fold_4	macrophage_profibrotic	POOLED	1.79913687745605	1.555629371119907	1.6332068827661503	1.688066888233918	1.5248574066605027	1.523452414945479	2.3987940473360085	1.5571460800035248	1.8159587894690938	1.8226041503842658	1.8333877209971212	1.9080493311710707	0.11106998922213207	-0.01456805454409462
VUILD102MA_150_16_18	VUILD102MA	VUILD102	fold_4	macrophage_profibrotic	POOLED	2.37230500860266	1.548676157001818	1.9278167987492802	1.9145026326353292	2.190007236268888	2.150274900780044	2.7393520666407083	1.557143286310378	2.167131708449565	2.2732283187045326	2.2353494041913837	2.36198216806755	0.45780237596733064	-0.002446065363360712
VUILD102MA_150_16_22	VUILD102MA	VUILD102	fold_4	macrophage_profibrotic	POOLED	3.1792004503977	1.5208633005294623	2.0626782050038286	2.0728486208864836	2.369606238366864	2.3377382287993638	2.846432106288657	1.55713211153779	2.1435993163388014	2.1851508681574394	2.175829717289071	2.2284267036538257	1.1063518295112162	0.012511506609102774
VUILD102MA_150_16_23	VUILD102MA	VUILD102	fold_4	macrophage_profibrotic	POOLED	3.61812263679762	1.5139100864113733	2.383498140113457	2.306042350412075	2.756114147228158	2.709809088728982	2.92197390023248	1.557129317844643	2.5963999735167924	2.4968894815838576	2.640245855764458	2.5394747295866	1.312080286385545	0.02470732205488987
VUILD102MA_150_16_24	VUILD102MA	VUILD102	fold_4	macrophage_profibrotic	POOLED	3.44232566539698	1.5069568722932842	2.9170881853028403	3.0032501693079414	2.631584722107248	2.736012210639087	2.5701080594134234	1.557126524151496	2.6959083714392107	2.551545677941519	2.581873970063225	2.4323848082819683	0.4390754960890386	0.026888334994451566
VUILD102MA_150_16_25	VUILD102MA	VUILD102	fold_4	macrophage_profibrotic	POOLED	2.20354274583737	1.5000036581751952	1.718138935613997	1.8747824289566422	2.325690322469024	2.2934429728258006	2.5505538945672503	1.5571237304583492	2.358155109131556	2.3170519475943134	2.407589230958728	2.368103825286662	0.32876031688072804	0.026086691301996177
VUILD102MA_150_16_5	VUILD102MA	VUILD102	fold_4	macrophage_profibrotic	POOLED	2.95895432666742	1.6390679405369744	2.887092465225831	2.775005612081584	1.6448971358908042	1.8252465375646936	2.984014054620526	1.5571796043212887	1.8851743709391788	1.761431962472444	1.6325452676904217	1.4916315245340515	0.18394871458583628	-0.023938049348904217
VUILD102MA_150_16_6	VUILD102MA	VUILD102	fold_4	macrophage_profibrotic	POOLED	1.5578029976011	1.6321147264188853	1.4877234689800911	1.6104760219940366	1.8435517713437106	1.7664314810132256	2.7411119368188386	1.5571768106281416	2.0475378010327714	1.5337786395634478	2.1233863163270867	1.5097392055085463	-0.05267302439293653	-0.02933821225079385
VUILD102MA_150_16_7	VUILD102MA	VUILD102	fold_4	macrophage_profibrotic	POOLED	2.69961642834309	1.6251615123007963	1.9475335465270003	1.9904132078719152	1.3354458315175362	1.4122312700457578	2.335363489247627	1.5571740169349946	1.6462304322083923	1.1903355706566248	1.5618076827110152	1.0490393933780373	0.7092032204711749	-0.03819778388222249
VUILD102MA_150_16_8	VUILD102MA	VUILD102	fold_4	macrophage_profibrotic	POOLED	2.87020726152972	1.6182082981827075	1.9571533076616365	2.009204648409162	1.5723369177053206	1.6516910582737476	2.6932037966451152	1.5571712232418478	1.3740122821078322	1.7004305358612906	1.2301912168206777	1.6466804561884287	0.8610026131205579	-0.033473074317536586
VUILD102MA_150_17_12	VUILD102MA	VUILD102	fold_4	macrophage_profibrotic	POOLED	3.06070493386762	1.5970532778625448	2.959249270932146	2.8943484074410586	1.7266749780896808	1.934124940573085	2.712189009134067	1.557162769411921	2.1867886983914104	2.0603714256527486	1.957515277941624	1.9168664757604814	0.1663565264265614	-0.009956463694343396
VUILD102MA_150_17_13	VUILD102MA	VUILD102	fold_4	macrophage_profibrotic	POOLED	3.05668166595207	1.5901000637444558	2.4314609191892003	2.2676744376099505	1.8115157522492247	1.876280367215227	2.808993494072705	1.5571599757187742	2.0285783355571114	1.9995600415361023	1.9402312170553924	1.9964569392703029	0.7890072283421197	-0.02167059500824313
VUILD102MA_150_17_23	VUILD102MA	VUILD102	fold_4	macrophage_profibrotic	POOLED	2.51042415695295	1.5205679225635662	2.1074258828811336	2.284770720180195	2.253020799297963	2.289701461576717	2.3318832139078918	1.5571320387873042	2.391582261767046	2.1849475297687215	2.361799234240167	2.1497632289944253	0.22565343677275518	0.030526778518408317
VUILD102MA_150_17_24	VUILD102MA	VUILD102	fold_4	macrophage_profibrotic	POOLED	3.07561147339825	1.5136147084454772	2.8112956909417015	2.5313667054712665	2.0417102780787277	2.1227851011769627	2.6730423431057604	1.5571292450941574	2.40386854092281	2.2023706060142922	2.3376831360568655	2.1781554279638504	0.5442447679269833	-0.001617874219002391
VUILD102MA_150_17_3	VUILD102MA	VUILD102	fold_4	macrophage_profibrotic	POOLED	2.61917409238725	1.6596322049253454	1.8467869580481733	1.9778919757338853	2.3533092527160258	2.2861721646631903	2.9438340341262297	1.557187912650244	2.2224847638510195	2.145032172885133	2.203514218387562	2.173172990787342	0.6412821166533647	-0.018505407293484526
VUILD102MA_150_17_4	VUILD102MA	VUILD102	fold_4	macrophage_profibrotic	POOLED	2.74631434906663	1.6526789908072563	2.9642654036939335	2.750350657736506	2.0331932266409334	2.1453310760483872	2.8782871578221343	1.5571851189570969	2.2486269528403904	1.9558661948828058	2.0832344599806385	1.7637398091960277	-0.004036308669876032	-0.024638091504076965
VUILD102MA_150_17_5	VUILD102MA	VUILD102	fold_4	macrophage_profibrotic	POOLED	2.57741420660487	1.6457257766891675	2.563708487455086	2.378564044654892	1.9362930621659333	1.9909549849668042	2.9116919968923014	1.5571823252639498	1.9490037676995176	1.7959719960857843	1.847432775723422	1.643036298532796	0.19885016194997807	-0.029352366124209415
VUILD102MA_150_17_6	VUILD102MA	VUILD102	fold_4	macrophage_profibrotic	POOLED	2.31420884264353	1.6387725625710785	2.0147359953351014	2.056550693168145	2.0343201678021576	1.9851554617800886	2.673389409960161	1.557179531570803	2.3342367814194454	2.1151750882184013	2.3408137560065	2.041491193184277	0.2576581494753847	-0.02365371045610808
VUILD102MA_150_17_7	VUILD102MA	VUILD102	fold_4	macrophage_profibrotic	POOLED	2.76944323179055	1.6318193484529895	1.8020379515912137	1.7285621893531302	2.3554143670988776	2.262468153110566	2.3266957569223417	1.557176737877656	2.1940487819091055	2.0292584898120083	2.2345946724611796	2.0446428216911947	1.04088104243742	-0.012466522741402083
VUILD102MA_150_18_10	VUILD102MA	VUILD102	fold_4	macrophage_profibrotic	POOLED	2.68551460368673	1.6176175422509154	2.2830653132102956	2.3157970067296034	1.4848522497101815	1.617405400491534	2.367072393166485	1.5571710777408763	1.426571870369361	1.725020086717245	1.216940741143699	1.6080963575699123	0.36971759695712647	-0.04492619433740294
VUILD102MA_150_18_11	VUILD102MA	VUILD102	fold_4	macrophage_profibrotic	POOLED	2.13864187913513	1.6106643281328266	1.7625792254819517	1.872354925511917	1.7577405081188788	1.795222031178747	2.696905520367177	1.5571682840477292	1.6315460157737598	1.7189440845530248	1.5515135215945495	1.723879196066522	0.26628695362321286	-0.03279802647924458
VUILD102MA_150_18_12	VUILD102MA	VUILD102	fold_4	macrophage_profibrotic	POOLED	2.7793668941471	1.6037111140147378	2.1161495626025797	2.180720939507524	1.7440940955233142	1.8045865992713104	2.7395842216532045	1.5571654903545824	1.9136112538731775	1.8510384507159776	1.8299009788507177	1.8050668014218467	0.5986459546395757	-0.03179151622452063
VUILD102MA_150_18_13	VUILD102MA	VUILD102	fold_4	macrophage_profibrotic	POOLED	2.32115833113784	1.5967578998966487	1.752520555986542	1.9911709881288937	1.8622102781242318	1.8818969483838	2.5914155470874247	1.5571626966614354	1.8696706490974155	1.846748617453005	1.8054321495152885	1.840614494525473	0.32998734300894617	-0.02732584361901689
VUILD102MA_150_18_18	VUILD102MA	VUILD102	fold_4	macrophage_profibrotic	POOLED	1.80758067988771	1.5619918293062038	2.3597721256340716	2.3666878290457536	2.1876841753846836	2.221720621446936	2.82621929303194	1.5571487281957004	2.479853755967488	2.4702518933124797	2.44015470731242	2.4635628004927126	-0.5591071491580435	0.005932697205828709
VUILD102MA_150_18_19	VUILD102MA	VUILD102	fold_4	macrophage_profibrotic	POOLED	2.73812094277751	1.555038615188115	1.7634035109496324	1.764906323396326	2.244889007857659	2.1571433748323594	2.8618424436506533	1.5571459345025536	2.2940979540697555	2.2407003784213346	2.4050224351790686	2.35285927723291	0.9732146193811841	0.0017927776067039637
VUILD102MA_150_18_20	VUILD102MA	VUILD102	fold_4	macrophage_profibrotic	POOLED	2.03434190512442	1.548085401070026	1.1995661124845693	1.4931827711133108	2.277369494270447	2.0928819100830314	2.8555728752906018	1.5571431408094065	2.01414808410588	2.034892336315613	2.2386326461094774	2.244628010341268	0.541159134011109	0.014684898609631097
VUILD102MA_150_18_23	VUILD102MA	VUILD102	fold_4	macrophage_profibrotic	POOLED	3.43472224184853	1.5272257587157592	2.851695229556265	2.6823942000076872	2.4538130483539344	2.553444217093669	2.647363439135459	1.5571347597299656	2.441940067900102	2.678397688969236	2.29551562540431	2.60941516213665	0.7523280418408427	0.0036745547510955295
VUILD102MA_150_18_3	VUILD102MA	VUILD102	fold_4	macrophage_profibrotic	POOLED	3.0823569006762	1.666290041077538	2.5344164086871466	2.188075746511087	1.9473565251138938	1.9850570333607922	3.14829573046732	1.557190633592905	1.9916290008697797	1.7966320335379276	1.8887952263453103	1.6854312988586038	0.894281154165113	-0.025790358352059
VUILD102MA_150_18_4	VUILD102MA	VUILD102	fold_4	macrophage_profibrotic	POOLED	2.27562439098797	1.659336826959449	2.285136468558169	2.3469657012508103	1.6929849384814841	1.7947611253706808	2.9463859995049093	1.557187839899758	1.7620535360773082	1.5659109646916614	1.5748823870159026	1.3978424330914452	-0.07134131026284019	-0.018222549355982012
VUILD102MA_150_18_5	VUILD102MA	VUILD102	fold_4	macrophage_profibrotic	POOLED	2.44382591665367	1.6523836128413603	2.446884908161346	2.4886484090494534	1.7600515823614258	1.8348091287091048	2.899177875198812	1.5571850462066112	2.088553169341589	1.5614640226095735	1.9912724868888092	1.4047785701499795	-0.044822492395783176	-0.022122953218153725
VUILD102MA_150_18_6	VUILD102MA	VUILD102	fold_4	macrophage_profibrotic	POOLED	2.75856219381679	1.6454303987232712	2.3001937487614303	2.11506619969784	2.299442505141349	2.2488518293890096	2.2679474902569927	1.5571822525134642	2.3678387425073937	2.0949132427844632	2.3514850453126503	2.038336916001548	0.64349599411895	-0.0122046937257948
VUILD102MA_150_18_7	VUILD102MA	VUILD102	fold_4	macrophage_profibrotic	POOLED	3.12393344021531	1.6384771846051822	2.1454116383708755	2.0770923236331384	2.2033685833781824	2.219838504357601	2.5940078638033874	1.5571794588203172	2.4077302246831844	2.386299366462542	2.3707266634641586	2.3322698503718913	1.0468411165821716	-0.01072606975087127
VUILD102MA_150_19_13	VUILD102MA	VUILD102	fold_4	macrophage_profibrotic	POOLED	2.8174363541477	1.6034157360488415	2.604144677547186	2.49000803434135	1.8658637114557353	1.9572451987720805	3.1605671367107226	1.5571654176040965	1.9846497326202654	1.930924838926848	1.8342093715577377	1.8285636651544757	0.3274283198063497	-0.035050358156435646
VUILD102MA_150_19_19	VUILD102MA	VUILD102	fold_4	macrophage_profibrotic	POOLED	2.20901884071031	1.5616964513403078	2.018634768955257	2.0302400860586243	2.0574094350332386	2.0594756289545666	2.8890381678612442	1.5571486554452147	2.3508299392831535	2.334522822305325	2.411445029990472	2.4066978028421793	0.1787787546516859	0.006647230319894396
VUILD102MA_150_19_21	VUILD102MA	VUILD102	fold_4	macrophage_profibrotic	POOLED	3.30044649869521	1.5477900231041297	2.321153445590121	2.437302337378142	2.295133521943134	2.292253959145068	2.505518637057968	1.5571430680589209	2.460513238474078	2.23583484643016	2.5031428536783387	2.272386494358874	0.8631441613170678	0.022306439923471155
VUILD102MA_150_19_23	VUILD102MA	VUILD102	fold_4	macrophage_profibrotic	POOLED	2.90025234176295	1.533883594867952	2.9623957792643116	2.9052482643522914	2.033283810116448	2.219741116200597	2.606971503190879	1.5571374806726268	2.355660819815564	2.461294053440823	2.186421862197208	2.3383045864397287	-0.0049959225893414505	0.0027532013129535
VUILD102MA_150_19_24	VUILD102MA	VUILD102	fold_4	macrophage_profibrotic	POOLED	2.91507778008153	1.5269303807498629	2.7827634076398082	2.647980396875997	2.545480192258882	2.6081091821877305	2.433953724536386	1.55713468697948	2.499086917184802	2.5244570076780963	2.4305280156742484	2.473902392881067	0.2670973832055332	0.01042154800721994
VUILD102MA_150_19_5	VUILD102MA	VUILD102	fold_4	macrophage_profibrotic	POOLED	2.84211971089177	1.6590414489935532	2.7910061369133583	2.696694558719338	1.9925092379653735	2.0769801565709	2.8046439509946897	1.5571877671492724	1.9827976641431428	1.7509139096736845	1.79516691616014	1.5758020493052396	0.14542515217243235	-0.023760832242748435
VUILD102MA_150_1_12	VUILD102MA	VUILD102	fold_4	macrophage_profibrotic	POOLED	2.8437889200642	1.4905278994274587	2.4187984926443344	2.4315519675667634	2.03690140775227	2.148025842501162	2.8203819188306145	1.5571192343293405	2.1691440347839714	2.345846101986964	2.0240440356613125	2.3009747481593306	0.4122369524974365	-0.014319353148149392
VUILD102MA_150_20_15	VUILD102MA	VUILD102	fold_4	macrophage_profibrotic	POOLED	3.58209807605049	1.5961671439648566	2.538153877572712	2.581278588009879	2.0929110079599877	2.2478371747094217	2.6139387101143248	1.557162551160464	2.1702542861272267	2.084772433771425	2.00958035128262	1.9556939560354158	1.000819488040611	-0.024480757935652336
VUILD102MA_150_20_19	VUILD102MA	VUILD102	fold_4	macrophage_profibrotic	POOLED	3.30358801385779	1.5683542874925007	2.639100300571048	2.6570021344964405	2.5892486040898346	2.636800209717961	2.814645532022275	1.5571513763878762	2.5429549560148192	2.806126788600069	2.451870154697596	2.7805600659359877	0.6465858793613495	-0.014983177877833345
VUILD102MA_150_20_23	VUILD102MA	VUILD102	fold_4	macrophage_profibrotic	POOLED	2.35212289377326	1.5405414310201448	2.4692981982461637	2.407440118812713	2.5984513513843357	2.5679507390879	2.751103667523946	1.5571402016152882	2.379957293620108	2.52670992333218	2.348787623984753	2.578457857992227	-0.05531722503945291	0.010884466159644956
VUILD102MA_150_20_9	VUILD102MA	VUILD102	fold_4	macrophage_profibrotic	POOLED	2.94089955120705	1.63788642867339	2.049934683799706	1.9700820898405544	1.961621809153343	1.9528892682077963	2.717758561112726	1.557179313319346	2.0605713586346526	1.9724655017654464	2.0749698302098194	1.984978431415346	0.9708174613664957	-0.02554003252635767
VUILD102MA_150_21_12	VUILD102MA	VUILD102	fold_4	macrophage_profibrotic	POOLED	2.63515337025976	1.6236846224713162	2.0064558619459136	2.0324186508844773	1.8015412823382666	1.8519244254244627	2.50416542311778	1.5571736531825662	1.9529944737620957	2.124406416372672	1.9071028508195271	2.150023501471651	0.6027347193752828	-0.019939602901390678
VUILD102MA_150_21_13	VUILD102MA	VUILD102	fold_4	macrophage_profibrotic	POOLED	2.0091443681933	1.6167314083532272	1.7009647240233283	1.8465570766149038	1.9011770954290688	1.8732725283264657	2.558520837291603	1.5571708594894191	1.754917006834942	1.9336722897236007	1.7683027603727892	1.9642024698405836	0.16258729157839613	-0.03187374535633515
VUILD102MA_150_21_14	VUILD102MA	VUILD102	fold_4	macrophage_profibrotic	POOLED	2.65775951671442	1.6097781942351381	2.1235764823628887	2.105646442130058	2.1373627937416217	2.174259174091451	2.7726316022264887	1.5571680657962723	1.825122049568894	1.9597560640175438	1.7379848872413537	1.9363238110326102	0.5521130745843621	-0.027912789736127392
VUILD102MA_150_21_15	VUILD102MA	VUILD102	fold_4	macrophage_profibrotic	POOLED	3.50937324433296	1.6028249801170493	2.889327957341521	2.8685253347766935	2.193088227160277	2.375533531394523	2.4953996812019907	1.5571652721031253	2.2302387284851886	2.231734181147663	2.047321394418201	2.079053174469314	0.6408479095562667	-0.016700420790762636
VUILD102MA_150_21_18	VUILD102MA	VUILD102	fold_4	macrophage_profibrotic	POOLED	3.24351259869373	1.5819653377627823	3.076665053299115	3.0598507664550656	1.7521595327912018	1.9920375899437825	2.7833464013856464	1.5571568910236844	1.679706528323796	1.67755217171345	1.3362003186732039	1.3453362316389437	0.1836618322386645	-0.03606484716338379
VUILD102MA_150_21_22	VUILD102MA	VUILD102	fold_4	macrophage_profibrotic	POOLED	2.48368797291128	1.5541524812904266	2.2455344427278563	2.2356270356740415	1.797469116614666	1.8979666409985938	2.697107187235252	1.5571457162510964	1.8564928282347493	2.068038456914473	1.7346984433813213	2.043097809482994	0.24806093723723865	-0.00434767851668627
VUILD102MA_150_21_9	VUILD102MA	VUILD102	fold_4	macrophage_profibrotic	POOLED	2.08898142976791	1.644544264825583	1.562788503502691	1.6709284683625585	1.8872940940037126	1.849202039445625	2.0866498734625707	1.557182034262007	1.88260230141615	1.8385317019323164	1.9660070100866271	1.878941288049885	0.41805296140535164	-0.02416435726655922
VUILD102MA_150_22_13	VUILD102MA	VUILD102	fold_4	macrophage_profibrotic	POOLED	1.77073484690037	1.6233892445054203	1.9681479489538098	1.8867748779440943	1.527423531679293	1.626660342900227	2.417812071429226	1.5571735804320805	2.221885596797737	2.0577729510064566	2.1606742581653435	2.047616031155739	-0.11604003104372418	-0.014513926572581494
VUILD102MA_150_22_14	VUILD102MA	VUILD102	fold_4	macrophage_profibrotic	POOLED	2.39188260980799	1.6164360303873313	2.0699154739969194	2.198003425145416	1.6223975294218573	1.6930711858336451	2.6551752876717436	1.5571707867389335	1.8262075313237962	2.075093020438521	1.7237940942042114	2.0839598263269474	0.19387918466257403	-0.02035748778074572
VUILD102MA_150_22_17	VUILD102MA	VUILD102	fold_4	macrophage_profibrotic	POOLED	2.82349427401696	1.5955763880330645	2.3318590072474015	2.32626153317284	1.4166934585871267	1.5236452666546745	2.725121844868636	1.5571624056594926	1.559471237645801	1.3854539706250508	1.3772038717446011	1.1847020112445144	0.49723274084412017	-0.03268088091388692
VUILD102MA_150_22_18	VUILD102MA	VUILD102	fold_4	macrophage_profibrotic	POOLED	2.66305159116036	1.5886231739149754	2.235242129063579	2.35529152827211	1.3751136856017292	1.554796743730579	2.868904794784967	1.5571596119663456	1.1856449522324475	1.4307500160206197	0.889777219678882	1.1871819976344975	0.3077600628882502	-0.04370519573508548
VUILD102MA_150_22_9	VUILD102MA	VUILD102	fold_4	macrophage_profibrotic	POOLED	3.38708382979849	1.651202100977776	2.3442747129275725	2.1287695973391587	1.6492207293292809	1.6715933919397372	2.3430910368631626	1.5571847552046685	1.773238166986181	1.8499233013973235	1.7192993639990948	1.820217427489132	1.2583142324593313	-0.033634409815771246
VUILD102MA_150_23_10	VUILD102MA	VUILD102	fold_4	macrophage_profibrotic	POOLED	2.66056868827041	1.65090672301188	1.5488911883378371	1.6495288914350419	1.5647283486300114	1.567358537951068	2.402634335758538	1.5571846824541826	1.787422856688181	1.523561598307063	1.8634355444272637	1.5706251640190785	1.0110397968353682	-0.023391583403348216
VUILD102MA_150_23_11	VUILD102MA	VUILD102	fold_4	macrophage_profibrotic	POOLED	2.94228442910982	1.6439535088937909	2.391294970393276	2.417812553122083	1.8274836428121752	1.921961420081277	2.355774492248041	1.5571818887610358	2.1861690786478776	2.2908060134891257	2.08910238340748	2.2697006110825217	0.5244718759877371	-0.01977915158855187
VUILD102MA_150_23_12	VUILD102MA	VUILD102	fold_4	macrophage_profibrotic	POOLED	2.61506543775963	1.637000294775702	2.5044406445891187	2.4712202050584495	1.925493834473878	2.042978818337898	2.868956326590843	1.5571790950678888	2.3058733922918044	2.5268374513050156	2.225328506095517	2.525660999488033	0.14384523270118033	0.007761280792778599
VUILD102MA_150_23_15	VUILD102MA	VUILD102	fold_4	macrophage_profibrotic	POOLED	3.5782732579685	1.6161406524214352	3.121121383479606	3.0181372069129155	1.578175505465031	1.8288692597975764	2.644528781277046	1.5571707139884479	1.3669611654182436	1.8958126506101451	0.9723765051137477	1.6623685191634554	0.5601360510555846	-0.03167938876138099
VUILD102MA_150_23_8	VUILD102MA	VUILD102	fold_4	macrophage_profibrotic	POOLED	3.49012964094669	1.664813151248058	2.6154795603157943	2.2709623876934093	1.96625831987101	1.9706855091899678	2.1407852748945153	1.5571902698404767	2.2269635766713893	2.0226298920213823	2.1568790926320633	1.9867156611793355	1.2191672532532807	-0.03029850581895546
VUILD102MA_150_24_13	VUILD102MA	VUILD102	fold_4	macrophage_profibrotic	POOLED	3.38093757413273	1.636704916809806	2.6153266851556465	2.6058889266010925	1.859971242891008	1.979834991833011	2.61805004824173	1.5571790223174031	2.275895013777374	2.0980315865683887	2.089642676898878	2.013908037309862	0.7750486475316376	-0.020141122451902287
VUILD102MA_150_24_16	VUILD102MA	VUILD102	fold_4	macrophage_profibrotic	POOLED	3.84594004024596	1.6158452744555392	3.1888515114081013	2.9191984363421306	1.8087327397141229	1.9625218008765006	2.8532979049127967	1.5571706412379622	1.988884669880758	2.0953134592341667	1.7715485210820505	1.9133280799883519	0.9267416039038294	-0.023500629570223697
VUILD102MA_150_24_17	VUILD102MA	VUILD102	fold_4	macrophage_profibrotic	POOLED	2.81754583290627	1.6088920603374501	2.178107370988626	2.349712016760665	1.520628047257266	1.6395721624756368	2.714916651945194	1.5571678475448152	1.6399024623984204	1.8353755802253693	1.4260053249655376	1.7455223693024615	0.46783381614560504	-0.025457959669677066
VUILD102MA_150_2_10	VUILD102MA	VUILD102	fold_4	macrophage_profibrotic	POOLED	2.55215406892199	1.5110921638158292	2.0753822791706686	2.0773957551941358	1.7949415983715955	1.84908296023129	2.668351944709716	1.5571275426582958	1.982374936793818	1.8592813420317644	1.93506084244417	1.8453262896580365	0.4747583137278544	-0.01514117295031498
VUILD102MA_150_2_16	VUILD102MA	VUILD102	fold_4	macrophage_profibrotic	POOLED	2.29989310107052	1.4693728791072957	2.1034619104128005	2.191952755793914	2.2205792523245638	2.22785890280442	2.6716498971846887	1.5571107804994138	2.0653070844510464	1.9760802220161668	2.018712433107412	1.9641793918285466	0.10794034527660612	0.009080088787640491
VUILD102MA_150_2_17	VUILD102MA	VUILD102	fold_4	macrophage_profibrotic	POOLED	3.35524498286768	1.4624196649892067	2.9346429244989034	2.97813252215552	2.6723082621207346	2.770605380132831	2.915851095893288	1.557107986806267	2.93590369972948	2.7077236870752084	2.8640461546571485	2.6267111751743424	0.37711246071215987	0.013370203412420623
VUILD102MA_150_2_8	VUILD102MA	VUILD102	fold_4	macrophage_profibrotic	POOLED	2.44145411480867	1.5249985920520073	2.9858486127151225	2.957754117943824	1.8481615565816703	2.0199603012798852	2.718354037035047	1.5571331300445896	1.602134555292362	2.0736158591101814	1.3173918009126169	1.9270061983195237	-0.5163000031351541	-0.022952379699664686
VUILD102MA_150_2_9	VUILD102MA	VUILD102	fold_4	macrophage_profibrotic	POOLED	3.31198549323484	1.5180453779339182	2.044287961357643	1.965107706371554	1.7340042490962615	1.7851085232128119	2.792604616389156	1.5571303363514426	1.9046335188501402	2.004193372020069	1.830506755642577	2.00578878344254	1.346877786863286	-0.01826645470234693
VUILD102MA_150_3_11	VUILD102MA	VUILD102	fold_4	macrophage_profibrotic	POOLED	2.18635041251057	1.5107967858499332	2.5290763256416176	2.43270193681783	2.156786821292415	2.2594087180386913	3.037235132053656	1.55712746990781	2.1105965763645727	2.0142114581897665	1.97819188662673	1.9079802050293129	-0.24635152430726004	-0.0226114168618581
VUILD102MA_150_3_14	VUILD102MA	VUILD102	fold_4	macrophage_profibrotic	POOLED	3.22700137762596	1.4899371434956663	2.7151625609613346	2.645812097994054	2.4471949965016493	2.4970596410398	2.8927620469833935	1.557119088828369	2.3934912201393947	2.2646641410249333	2.2830777663662998	2.2177227237009953	0.5811892796319058	-0.005181782106480234
VUILD102MA_150_3_18	VUILD102MA	VUILD102	fold_4	macrophage_profibrotic	POOLED	2.7448592098354	1.4621242870233104	2.5362960041806053	2.7444408629371266	2.458994494563269	2.5622566969405494	3.0373627307922626	1.557107914055781	2.695771315164686	2.7246420535320186	2.62761842173827	2.6953629015531804	0.0004183468982734695	0.011276119219010918
VUILD102MA_150_3_7	VUILD102MA	VUILD102	fold_4	macrophage_profibrotic	POOLED	3.0732762013883	1.538609642322289	2.099065753153162	2.0799265890065666	1.9673687221753315	1.9583918649377068	2.7814542918020795	1.5571386446803979	1.64136834879278	2.0059168756463026	1.526000887442772	1.9489949253324075	0.9933496123817336	-0.025416186762139602
VUILD102MA_150_3_8	VUILD102MA	VUILD102	fold_4	macrophage_profibrotic	POOLED	3.19772006045852	1.5316564282042002	2.9943680678634634	2.857984062836552	1.7731388838552338	2.0173847976037433	3.031985618856048	1.557135850987251	1.7557231322148668	2.1388749761245753	1.4048169974268887	1.9319188085553964	0.3397359976219678	-0.020175889755748168
VUILD102MA_150_3_9	VUILD102MA	VUILD102	fold_4	macrophage_profibrotic	POOLED	3.07638121279927	1.5247032140861112	2.7374847407138203	2.6929580858068873	1.7296203475678706	1.9208395829692426	2.9511826167069475	1.557133057294104	1.8671138649512495	2.0681560941876214	1.6499899501756046	1.9218761264411581	0.38342312699238246	-0.019838734819207872
VUILD102MA_150_4_10	VUILD102MA	VUILD102	fold_4	macrophage_profibrotic	POOLED	2.88350236987784	1.524407836120215	2.615402522908504	2.5453480090277703	2.1645092131645765	2.2336584626095424	3.033082534758629	1.5571329845436184	1.7772535314780873	2.0741098797959614	1.6110514328818406	1.9813079052930627	0.33815436085006967	-0.02806984689893498
VUILD102MA_150_4_12	VUILD102MA	VUILD102	fold_4	macrophage_profibrotic	POOLED	1.90544483472054	1.5105014078840373	1.929613839477254	1.8372479734361744	1.9190450096666198	1.9304047952717998	2.7184665994717374	1.5571273971573243	1.8084387289629067	1.8558582892483066	1.7363266418560268	1.8598917565096085	0.06819686128436553	-0.019138929213320117
VUILD102MA_150_4_13	VUILD102MA	VUILD102	fold_4	macrophage_profibrotic	POOLED	2.65628880391783	1.5035481937659483	2.167548766634927	2.138259528229987	1.692127847523138	1.7665935461275823	2.820281213693173	1.5571246034641772	1.6106346770666937	1.7474087130551186	1.46898455541227	1.6819301861236842	0.5180292756878431	-0.024653415884769762
VUILD102MA_150_4_18	VUILD102MA	VUILD102	fold_4	macrophage_profibrotic	POOLED	3.01388993900288	1.4687821231755034	2.795900107809687	2.769221210100391	2.2504530455823275	2.360304106205899	2.5285580761742716	1.5571106349984425	2.593646807639348	2.402487158806207	2.479916907166964	2.323768939149235	0.24466872890248936	0.006750379654467731
VUILD102MA_150_4_20	VUILD102MA	VUILD102	fold_4	macrophage_profibrotic	POOLED	2.41068774302339	1.4548756949393256	2.1910998879146106	2.2027871331250957	2.420508201537666	2.452846999242516	2.80818472646114	1.5571050476121484	2.307698670645729	2.542463821416831	2.268661423281647	2.5558219722008464	0.2079006098982945	0.027231364301872955
VUILD102MA_150_4_21	VUILD102MA	VUILD102	fold_4	macrophage_profibrotic	POOLED	3.18562330449899	1.4479224808212365	2.035587072738477	2.053262090102043	2.2693169847120456	2.27913592992405	2.5811357928842966	1.5571022539190016	2.118121507014666	2.342144863598806	2.0895550434042036	2.3665839819995957	1.1323612143969473	0.009477150419901218
VUILD102MA_150_4_6	VUILD102MA	VUILD102	fold_4	macrophage_profibrotic	POOLED	3.01838901519805	1.5522206925925708	1.9422903802102973	2.0859463481800202	1.983334166960238	1.9778295077929475	2.7450924857455323	1.557144159316206	1.8633804905684035	1.9135932956374149	1.7539450252170568	1.8521054895891826	0.9324426670180297	-0.022691391736522886
VUILD102MA_150_4_7	VUILD102MA	VUILD102	fold_4	macrophage_profibrotic	POOLED	3.10722842979037	1.5452674784744818	2.5797568186001985	2.4574596890675204	2.2249886213231904	2.3079581011590733	2.9315753122374955	1.5571413656230593	2.1145059934563957	2.413685169361126	1.9783751853438285	2.320726125334609	0.6497687407228496	-0.01657915080319671
VUILD102MA_150_4_8	VUILD102MA	VUILD102	fold_4	macrophage_profibrotic	POOLED	3.48635756186818	1.538314264356393	2.779686467525191	2.7968893242160933	1.9022036956584645	2.0165717911313568	2.9193057685118524	1.5571385719299122	2.22871645328631	1.9672936060663169	2.0618732203182835	1.8113123857098397	0.6894682376520866	-0.021475081152209564
VUILD102MA_150_6_10	VUILD102MA	VUILD102	fold_4	macrophage_profibrotic	POOLED	1.87029151454085	1.5377235084246008	1.3010445498704861	1.5629606995765997	1.5490845078594742	1.551123820234372	2.6804206143417613	1.557138426428941	1.32732262510936	1.5135729005507472	1.3027849085652499	1.5521030459585912	0.3073308149642504	-0.031652422983390535
VUILD102MA_150_6_13	VUILD102MA	VUILD102	fold_4	macrophage_profibrotic	POOLED	2.83869715605507	1.516863866070334	2.3470585278130702	2.2287186050700893	1.9974096086817128	2.054980867434627	2.8554479652721847	1.5571300453494998	1.9300397615238094	2.1954598687686926	1.801330018503832	2.1261741987898297	0.6099785509849807	-0.0010205049281477516
VUILD102MA_150_6_4	VUILD102MA	VUILD102	fold_4	macrophage_profibrotic	POOLED	2.34247175365241	1.5794427931331345	1.8101659871008309	1.8359692345340433	1.700712401779838	1.6785187290690549	3.0816817797544305	1.5571551885878228	1.6241978129402834	1.7957492998984588	1.579480285756053	1.810165548506038	0.5065025191183667	-0.021743964660710893
VUILD102MA_150_6_5	VUILD102MA	VUILD102	fold_4	macrophage_profibrotic	POOLED	3.00648231947446	1.5724895790150457	2.3849842062449396	2.4704061045386982	1.860087663598373	1.9704065939680482	2.8482765697605945	1.5571523948946757	1.5351506140224438	1.911987419945378	1.298618330492339	1.8043825078426956	0.5360762149357616	-0.0172391282946288
VUILD102MA_150_6_6	VUILD102MA	VUILD102	fold_4	macrophage_profibrotic	POOLED	3.10524146507149	1.5655363648969567	2.812862598712785	2.5221921822331512	1.4003723111735273	1.5690572515411567	2.7776328337817295	1.5571496012015287	1.1945584842774202	1.6029897918840603	0.9399654220945782	1.3971123702654173	0.5830492828383389	-0.038032825802170184
VUILD102MA_150_6_9	VUILD102MA	VUILD102	fold_4	macrophage_profibrotic	POOLED	3.05053686395445	1.5446767225426898	2.6229638872815118	2.462565532111339	1.2352482007042527	1.4021709212435762	2.5364886731138365	1.5571412201220878	1.1024233319199441	1.835332657034504	0.8132473289296299	1.706282876592983	0.5879713318431108	-0.04610885987398651
VUILD102MA_150_7_14	VUILD102MA	VUILD102	fold_4	macrophage_profibrotic	POOLED	3.05247517032573	1.516568488104438	2.3441403965726604	2.320170697105934	2.422170400360074	2.4585454842889405	2.9822392613106956	1.5571299725990142	2.397223946225949	2.4798782944289335	2.3727410152025024	2.452097513990875	0.7323044732197959	0.008380529810335328
VUILD102MA_150_7_8	VUILD102MA	VUILD102	fold_4	macrophage_profibrotic	POOLED	2.84046683321133	1.5582877728129718	2.689206173362802	2.688148205192423	1.1104158513664566	1.3412239453769792	2.556269553369309	1.557146734757896	1.3869202509258065	1.3724437240760492	1.1261038080976404	1.1594950807929767	0.15231862801890683	-0.03691698218552425
VUILD102MA_150_8_10	VUILD102MA	VUILD102	fold_4	macrophage_profibrotic	POOLED	3.07623055120206	1.5510391807289865	3.3171595779878644	3.240526664150141	1.939639551114168	2.145892017578128	2.6687486256373107	1.5571438683142633	2.2668215967989718	1.858681261068828	1.9741806079962658	1.5496659719471093	-0.16429611294808133	-0.03200931166364952
VUILD102MA_150_8_12	VUILD102MA	VUILD102	fold_4	macrophage_profibrotic	POOLED	3.29495263644346	1.5371327524928087	3.462044599105135	3.318442917662466	1.9086566075806446	2.1825474468909007	2.7227868816031875	1.5571382809279695	1.783387127346312	2.220952975283387	1.378816338117711	1.9532814613581557	-0.023490281219006093	-0.011878044363189002
VUILD102MA_150_8_13	VUILD102MA	VUILD102	fold_4	macrophage_profibrotic	POOLED	3.48503339462773	1.5301795383747199	3.4574230896779605	3.3793764412620924	1.93836040611701	2.2128715417507876	2.9861223592311394	1.5571354872348224	2.450602042919303	2.375211274553955	2.1445608441393578	2.1556610675605437	0.10565695336563774	0.000368067419643011
VUILD102MA_150_8_20	VUILD102MA	VUILD102	fold_4	macrophage_profibrotic	POOLED	1.94126845355084	1.4815070395480971	1.7206906630605703	1.823747216155603	1.9964305103289564	1.9889544200691593	2.556637389509543	1.5571159313827936	1.989342625884061	2.078901477135404	2.055112789956919	2.161747843165889	0.11752123739523701	0.012105329093933543
VUILD102MA_150_8_21	VUILD102MA	VUILD102	fold_4	macrophage_profibrotic	POOLED	3.63664319440261	1.4745538254300081	2.276086679697731	2.076192843524754	2.4166144963387333	2.4013551354041454	2.861404435990476	1.5571131376896468	2.4504502043283924	2.469341040169911	2.4855798854586784	2.5471314082427936	1.560450350877856	0.011413223068339733
VUILD102MA_150_8_22	VUILD102MA	VUILD102	fold_4	macrophage_profibrotic	POOLED	2.70722259226044	1.4676006113119193	1.5056927595152874	1.711606831161275	1.8762771194917822	1.8666967575688158	2.3237309412179923	1.5571103439964997	2.025714258402992	2.1725040525035917	2.0808753703121035	2.2457091212102833	0.9956157610991649	0.01598897992502928
VUILD102MA_150_8_24	VUILD102MA	VUILD102	fold_4	macrophage_profibrotic	POOLED	2.75514210510419	1.4536941830757413	2.236229949235974	2.1429468941832397	2.2046135292228533	2.242575061110488	2.6704312203123632	1.5571047566102056	2.236172940933378	2.4212813473770156	2.2192869968677034	2.442694904034814	0.6121952109209503	0.006829177999153866
VUILD102MA_150_8_25	VUILD102MA	VUILD102	fold_4	macrophage_profibrotic	POOLED	3.59734657160801	1.4467409689576523	2.3937367394186246	2.1679109708548854	2.210621997543832	2.2517565464641955	2.384977526414149	1.5571019629170588	2.380544613934574	2.3226251075652566	2.3723747212000323	2.332869123473866	1.4294356007531248	0.016677584972292433
VUILD102MA_150_8_3	VUILD102MA	VUILD102	fold_4	macrophage_profibrotic	POOLED	2.76271617375044	1.5997116795556092	2.9364039408991744	2.90352802869697	1.9369225901163205	2.109447962252414	2.8810953731432223	1.5571634241662922	1.96335439014794	1.849063170690333	1.7169064207717144	1.6815784689990294	-0.1408118549465298	-0.012491951848579961
VUILD102MA_150_8_4	VUILD102MA	VUILD102	fold_4	macrophage_profibrotic	POOLED	2.34396100521609	1.5927584654375202	1.649085275844833	1.7392016025607013	1.567992669266811	1.5666958825522328	3.0296404622876603	1.5571606304731453	1.1858470539618766	1.7545907488918098	1.0863434525025217	1.7674680281630726	0.6047594026553886	-0.02225019867706518
VUILD102MA_150_8_6	VUILD102MA	VUILD102	fold_4	macrophage_profibrotic	POOLED	2.86078774060397	1.5788520372013424	2.308706858779121	2.356062530201772	1.4538375925399663	1.5791874811360533	2.3904087167641626	1.5571550430868513	1.1579659041965429	1.3646884041371612	0.8900758637110342	1.1874123728150348	0.504725210402198	-0.03650482009739178
VUILD102MA_150_8_7	VUILD102MA	VUILD102	fold_4	macrophage_profibrotic	POOLED	2.74550600655234	1.5718988230832533	2.8065924689100905	2.640367830477327	1.485930910985627	1.62860919649896	2.4991520386785426	1.5571522493937044	1.6250135738889826	1.2788036914107974	1.4185683190199236	1.0351649943080614	0.10513817607501297	-0.04138318713481279
VUILD102MA_150_9_10	VUILD102MA	VUILD102	fold_4	macrophage_profibrotic	POOLED	2.77670166298522	1.5576970168811795	3.028249028530575	2.807531819929731	2.1261072085780786	2.263048349284529	2.9993295613170576	1.5571465892569247	2.2131949028163858	2.0817202419045295	2.017829596622078	1.8723391223541728	-0.030830156944511078	-0.024871950863148574
VUILD102MA_150_9_12	VUILD102MA	VUILD102	fold_4	macrophage_profibrotic	POOLED	2.78490985222136	1.5437905886450016	1.9858413578897154	2.1038067146031794	1.778921326629992	1.7931312687099528	2.567773419237799	1.5571410018706309	1.6727762964873825	2.022051481870543	1.5801542856000723	2.0092457620297757	0.6811031376181806	-0.03726476540898409
VUILD102MA_150_9_13	VUILD102MA	VUILD102	fold_4	macrophage_profibrotic	POOLED	3.09157815351269	1.5368373745269126	2.8975054033891015	2.786494739904316	2.035390359631272	2.1703254732971278	2.753175511505482	1.5571382081774838	2.1907426339847795	2.2045125111243227	2.0016211277329337	2.112971382492099	0.305083413608374	-0.0055408684369292055
VUILD102MA_150_9_2	VUILD102MA	VUILD102	fold_4	macrophage_profibrotic	POOLED	3.52163960138463	1.613322729825891	3.261747208570716	3.2690990267623574	1.837229668731776	2.0259643133139895	2.791556325749	1.5571689388021006	1.9997896771326351	2.2206655756744147	1.7304825009710065	2.0130847821317532	0.25254057462227264	-0.019005949334119282
VUILD102MA_150_9_23	VUILD102MA	VUILD102	fold_4	macrophage_profibrotic	POOLED	2.64276062171971	1.467305233346023	2.1565117817158397	2.002739453418757	2.1209281681840486	2.1084320812183464	2.4547761264889085	1.557110271246014	1.9214060773094062	1.9504975140628709	1.9329254562217308	1.9824198927337466	0.6400211683009531	0.00550325389928721
VUILD102MA_150_9_24	VUILD102MA	VUILD102	fold_4	macrophage_profibrotic	POOLED	2.26553038796007	1.4603520192279342	1.42295480416407	1.5279286284456282	2.2590661523262385	2.179190542795971	2.6282254472614985	1.557107477552867	2.010064620155149	2.2500866751870183	2.1115906256737	2.396503597155152	0.7376017595144417	0.016121929045961724
VUILD102MA_150_9_3	VUILD102MA	VUILD102	fold_4	macrophage_profibrotic	POOLED	3.72539725875169	1.6063695157078022	2.7980248471406695	2.5777686161498643	2.076618707050577	2.2090565909920783	2.9042176647082787	1.5571661451089536	2.2122975720813796	2.124384904070004	2.028317132306388	1.9621095493988627	1.1476286426018256	-0.005652801324868789
VUILD102MA_150_9_4	VUILD102MA	VUILD102	fold_4	macrophage_profibrotic	POOLED	3.5577777789223	1.5994163015897132	3.104462240406562	2.9901728660729394	1.7734684527185836	1.9331592215330045	2.9797617869832544	1.5571633514158065	1.6721235601917535	1.880336950118783	1.455577250148494	1.685142530491419	0.5676049128493608	-0.022228922870235215
VUILD102MA_150_9_5	VUILD102MA	VUILD102	fold_4	macrophage_profibrotic	POOLED	1.78630721151868	1.5924630874716244	2.640331041131617	2.5677094666049807	1.9466535591931386	1.9523231611312881	2.5382792922852406	1.5571605577226595	1.3961736405279637	1.8180971628557383	1.2739171787448287	1.7139115490967627	-0.7814022550863007	-0.028516233228859055
VUILD102MA_150_9_8	VUILD102MA	VUILD102	fold_4	macrophage_profibrotic	POOLED	2.20694574578552	1.5716034451173575	2.4888633856719964	2.559846055584219	2.0579396401558308	2.0623161494545235	3.006415045208099	1.5571521766432186	1.6537243655268565	2.122712461225275	1.5481930916539273	2.054033903311166	-0.3529003097986987	-0.01970598552109341
VUILD102MA_150_9_9	VUILD102MA	VUILD102	fold_4	macrophage_profibrotic	POOLED	2.99124335707583	1.5646502309992685	3.4272365095188366	3.3114552899810894	2.2336900309981855	2.4235100982529296	3.1618625910758853	1.5571493829500718	2.340881808910179	2.1468093293839874	2.0269931892717064	1.865249281273946	-0.3202119329052593	-0.022488440407058195
VUILD105MA2_150_8_3	VUILD105MA2	VUILD105	fold_4	macrophage_profibrotic	POOLED	0.678255703614242	1.603015295939544	1.1044333466486658	1.340314448372687	1.073038624793107	1.0786077533950795	1.0494694998728944	1.557168560427381	1.253022898363223	1.0368772302612477	1.2913082897366444	1.0217500929505867	-0.662058744758445	-0.02058755052826998
VUILD115MA_150_10_16	VUILD115MA	VUILD115	fold_4	macrophage_profibrotic	POOLED	1.41208413632148	1.5500204116758456	1.4546524698136094	1.683441829496741	1.230837305254953	1.2885033022018555	0.5450372612824972	1.5571286863017022	1.467857493460599	1.1921516103687728	1.429016478346872	1.109177623356786	-0.27135769317526104	-0.04527754775828709
VUILD115MA_150_10_17	VUILD115MA	VUILD115	fold_4	macrophage_profibrotic	POOLED	1.75784708808789	1.5456627387373114	1.7465173275884938	1.4917208875174113	1.2724665407491296	1.3569186690302995	0.458715846625495	1.5571265743807865	1.2977443494524963	1.0699443709629335	1.2148338581520184	0.9623573614958975	0.26612620057047875	-0.0376942409377273
VUILD115MA_150_10_18	VUILD115MA	VUILD115	fold_4	macrophage_profibrotic	POOLED	1.93836953195532	1.5413050657987772	1.078076705521163	1.2267977072739265	0.7932732899257334	0.8821946872588546	0.40252935998402983	1.5571244624598706	1.1590356091872327	0.8987393744296782	1.0892843093583557	0.8454992985775325	0.7115718246813936	-0.06209386839671929
VUILD115MA_150_10_19	VUILD115MA	VUILD115	fold_4	macrophage_profibrotic	POOLED	2.6493756476243	1.5369473928602428	1.711130903015833	1.5567692894675134	1.392499522708096	1.4771343794822476	0.8461482216848333	1.5571223505389549	1.7485107747621758	1.5646739369037386	1.6887191513135704	1.4895972831485986	1.0926063581567866	-0.03467382065201041
VUILD115MA_150_10_20	VUILD115MA	VUILD115	fold_4	macrophage_profibrotic	POOLED	2.39443963349036	1.5325897199217087	2.373936474919695	2.4410133179195745	1.883805975334246	2.0772299079606498	1.4339744176775138	1.5571202386180392	2.249632501098713	2.156360346483527	2.0822434908362943	2.0047836818784006	-0.04657368442921461	-0.010033009827621005
VUILD115MA_150_10_21	VUILD115MA	VUILD115	fold_4	macrophage_profibrotic	POOLED	2.7572575903283	1.5282320469831745	2.7227070301902483	2.599056950685227	1.8582224149141946	2.0177669870254356	1.5567626398534897	1.5571181266971232	2.272614925146233	2.296993674101125	2.136369045660178	2.193597178372012	0.15820063964307307	-0.032409638021738574
VUILD115MA_150_10_22	VUILD115MA	VUILD115	fold_4	macrophage_profibrotic	POOLED	2.18037189600956	1.52387437404464	1.5437779501692452	1.7426533820833692	1.25353646409615	1.3739864434492794	1.1701715329807323	1.5571160147762075	1.4156384727533748	1.372073099699806	1.2895533727639967	1.3052000961981354	0.43771851392619077	-0.0489961382487184
VUILD115MA_150_10_34	VUILD115MA	VUILD115	fold_4	macrophage_profibrotic	POOLED	3.04176851409299	1.4715822987822296	3.417466445534002	3.2814533431532027	2.7011635930561875	2.807944848495553	2.288953393891682	1.557090671725218	2.7635033127078783	2.713120007316978	2.589639960803523	2.585626413309452	-0.2396848290602125	-0.0029075871818710596
VUILD115MA_150_10_35	VUILD115MA	VUILD115	fold_4	macrophage_profibrotic	POOLED	2.75572887697594	1.4672246258436954	2.747159642568871	2.801213985454005	2.5898763694149998	2.7002443579561413	1.8782460129127725	1.5570885598043023	2.7232554686890182	2.6547161912565755	2.6162512936379017	2.5512243867945865	-0.04548510847806497	0.002785305365969954
VUILD115MA_150_10_38	VUILD115MA	VUILD115	fold_4	macrophage_profibrotic	POOLED	1.38917837520049	1.4541516070280929	1.4659257500078513	1.6307440017388275	0.7695303037130996	0.8623331149761267	0.8617062699069702	1.5570822240415547	0.990168729942982	1.0195271101600705	0.9051051730587019	0.9342562384802524	-0.24156562653833746	-0.06939962044787659
VUILD115MA_150_10_40	VUILD115MA	VUILD115	fold_4	macrophage_profibrotic	POOLED	1.54336290802037	1.4454362611510245	1.8676580152967732	1.8541661106064438	1.7846593797954828	1.831986543874418	1.1931772844652528	1.5570780001997233	1.4777169741740852	1.9191877261472572	1.377014805835151	1.8988115029274786	-0.31080320258607386	-0.010866343794287327
VUILD115MA_150_11_15	VUILD115MA	VUILD115	fold_4	macrophage_profibrotic	POOLED	1.56849380599046	1.5595652935178443	1.920522780896499	1.9312639240217733	1.7057804226747584	1.7383114606461232	1.3253319214035573	1.5571331335345961	1.756848757214263	1.7830285336136718	1.7146321145666796	1.7963692258861523	-0.3627701180313132	-0.027145579536514336
VUILD115MA_150_11_17	VUILD115MA	VUILD115	fold_4	macrophage_profibrotic	POOLED	1.89302670388955	1.550849947640776	1.5281509399263726	1.4891716683549865	1.2449492758834548	1.3178204293674372	0.5928657984473815	1.5571289096927647	1.3573679906672518	1.1055333045372961	1.2621162662726175	1.0145609600380534	0.4038550355345636	-0.043335002891492835
VUILD115MA_150_11_18	VUILD115MA	VUILD115	fold_4	macrophage_profibrotic	POOLED	1.98854048615376	1.5464922747022418	1.187158909169149	1.1778989516101805	0.8733538702753998	0.97030151790312	0.24684851718090872	1.5571267977718488	1.0950029340336673	0.9262053938027217	0.96627569710291	0.8582348079541493	0.8106415345435793	-0.06465971162477997
VUILD115MA_150_11_19	VUILD115MA	VUILD115	fold_4	macrophage_profibrotic	POOLED	2.31058928388397	1.5421346017637076	1.90074719163622	1.7575728687736019	1.6331915020900531	1.7532130047800936	1.151572772482221	1.557124685850933	1.9418246013016955	1.9252265205447099	1.8393612890012037	1.8449565958730516	0.553016415110368	-0.026060309159506495
VUILD115MA_150_11_20	VUILD115MA	VUILD115	fold_4	macrophage_profibrotic	POOLED	3.03360789922649	1.5377769288251735	3.2170392914251678	3.036878655516302	1.9753428699223667	2.221126134282329	1.7222948330083732	1.5571225739300172	2.439592301565015	2.468546907502698	2.216197862349455	2.2929102570639284	-0.0032707562898117715	0.003869507365629035
VUILD115MA_150_11_22	VUILD115MA	VUILD115	fold_4	macrophage_profibrotic	POOLED	1.95526440001522	1.529061582948105	1.7202913807056606	1.8214684547849704	1.0581002823542993	1.223463136545353	0.6587919982856453	1.5571183500881858	1.317313020211136	1.2107113165019008	1.1863206780713818	1.0785123342426397	0.1337959452302495	-0.05145371685722579
VUILD115MA_150_11_23	VUILD115MA	VUILD115	fold_4	macrophage_profibrotic	POOLED	1.66381305921754	1.5247039100095707	1.4468093108593032	1.5909772497916197	1.0654158088591437	1.189046300081088	0.6287108989027098	1.5571162381672699	1.212988670717448	1.0053908766360635	1.1129202351645155	0.8853164454256172	0.07283580942592027	-0.046832008038296596
VUILD115MA_150_11_26	VUILD115MA	VUILD115	fold_4	macrophage_profibrotic	POOLED	1.74680306888242	1.511630891193968	1.6241269620948242	1.7058368677523301	1.1177517922386857	1.2167488639224004	1.0090212475095117	1.5571099024045225	1.3739623322584804	1.1352929925291462	1.2967683991537449	1.0776162123278417	0.040966201130089974	-0.043362397104248704
VUILD115MA_150_11_27	VUILD115MA	VUILD115	fold_4	macrophage_profibrotic	POOLED	1.43641961033092	1.5072732182554338	1.4535794965011066	1.5251159859919639	1.2930756799789074	1.366516337032153	0.8838115814378229	1.5571077904836068	1.6072836547487959	1.4557347713192634	1.5398028970120012	1.4116976268251211	-0.08869637566104394	-0.026948094623891417
VUILD115MA_150_11_31	VUILD115MA	VUILD115	fold_4	macrophage_profibrotic	POOLED	1.23035319267218	1.4898425265012971	1.7715884907691213	1.7032211925737806	1.191255810240442	1.2734716448939385	0.8058596975569481	1.5570993427999436	1.3110777368766995	1.2073499522077908	1.1978986979940969	1.1139430192244206	-0.47286799990160056	-0.034293572307539044
VUILD115MA_150_11_38	VUILD115MA	VUILD115	fold_4	macrophage_profibrotic	POOLED	1.97725477615479	1.4593388159315575	1.0293296572757726	1.1665748605955302	0.8586684167950411	0.8786584353601402	0.669327560269947	1.557084559353533	1.1109098288970154	0.9735796051012382	1.1144403903685915	0.9655781217152797	0.8106799155592599	-0.06594847615726883
VUILD115MA_150_11_39	VUILD115MA	VUILD115	fold_4	macrophage_profibrotic	POOLED	0.942600874115277	1.4549811429930233	1.4172312546761936	1.403851847632743	1.1633976333451401	1.1832497153366761	0.8854406357237725	1.5570824474326173	1.4051302079051455	1.3490524717388068	1.419898416057415	1.3602228280966933	-0.461250973517466	-0.046507361649950965
VUILD115MA_150_11_40	VUILD115MA	VUILD115	fold_4	macrophage_profibrotic	POOLED	2.45976880805222	1.450623470054489	1.5003795171018979	1.6920552632127774	2.0568322901939684	2.0567454681417523	1.9533796879250163	1.5570803355117013	1.9014857019740923	1.968992500031733	1.9074430659789516	1.9946874045222307	0.7677135448394428	-0.008403068400219354
VUILD115MA_150_12_16	VUILD115MA	VUILD115	fold_4	macrophage_profibrotic	POOLED	1.6325948207222	1.560394829482775	1.2362619547626486	1.3565540508694156	1.3135043467899523	1.3699641493879713	0.518914300391037	1.5571333569256587	1.494455134433085	1.376429078258716	1.4474768297582024	1.3425494353202296	0.2760407698527845	-0.027878549290012135
VUILD115MA_150_12_17	VUILD115MA	VUILD115	fold_4	macrophage_profibrotic	POOLED	1.85205567686769	1.5560371565442408	1.4918108333550557	1.5548189777067933	1.6858337712633134	1.7356164241982623	0.9212888730915058	1.5571312450047428	1.7923803352244723	1.6838273228197236	1.7281095404746691	1.6571135387005005	0.29723669916089657	-0.02347159820098408
VUILD115MA_150_12_18	VUILD115MA	VUILD115	fold_4	macrophage_profibrotic	POOLED	1.39610735541929	1.5516794836057066	1.2625907315627773	1.297639350559812	0.8067318612750054	0.9217765753874508	0.40207626608333946	1.557129133083827	0.9788969886721925	0.8853222093262499	0.8558801064614069	0.7868076662906236	0.09846800485947793	-0.07277617680881104
VUILD115MA_150_12_20	VUILD115MA	VUILD115	fold_4	macrophage_profibrotic	POOLED	2.5085138629462	1.542964137728638	2.115734705711216	2.0282450108630963	1.7476896098366455	1.8916655234159785	1.352123478325601	1.5571249092419954	2.143895178104567	2.0159229016789166	2.0475507745960346	1.9224695371059966	0.48026885208310377	-0.019864463747917525
VUILD115MA_150_12_21	VUILD115MA	VUILD115	fold_4	macrophage_profibrotic	POOLED	3.21708706718521	1.5386064647901039	2.7374317005696094	2.8137113153471414	2.165805096687772	2.3589084526383863	1.9239840497406502	1.5571227973210797	2.317097127676437	2.576322124701501	2.1224248892069975	2.458590435512085	0.40337575183806873	0.003451689601549384
VUILD115MA_150_12_26	VUILD115MA	VUILD115	fold_4	macrophage_profibrotic	POOLED	2.03550035332773	1.5168181000974328	1.926924531217218	1.8615641831915242	1.6195804569648042	1.6929482749483897	1.512459214147566	1.5571122377165008	1.6009454509408807	1.9562369694374069	1.5227816153146676	1.9544768267960237	0.17393617013620588	-0.03933300383133125
VUILD115MA_150_12_40	VUILD115MA	VUILD115	fold_4	macrophage_profibrotic	POOLED	1.86515755943617	1.455810678957954	1.7034733393570096	1.600895857755087	1.5336719205712714	1.5537396523833447	1.4253000926638586	1.5570826708236796	1.6682202560798063	1.5671799304438476	1.656192279100192	1.5680078150747232	0.2642617016810831	-0.0327247204848041
VUILD115MA_150_12_41	VUILD115MA	VUILD115	fold_4	macrophage_profibrotic	POOLED	1.79658566819005	1.4514530060194195	2.010559052964578	2.0671924818929517	2.134080243832507	2.1933350811660133	1.378334783367401	1.5570805589027639	2.0145102475825207	2.1116155028654187	2.0051489059727414	2.0776269113878576	-0.2706068137029016	-0.0034622191346688706
VUILD115MA_150_13_10	VUILD115MA	VUILD115	fold_4	macrophage_profibrotic	POOLED	2.04588709108251	1.591728076017445	1.3670740109880322	1.4429443988582769	1.2165606626978653	1.2469802533376166	0.9410096166682245	1.5571483637631316	1.5059493037953093	1.3781901700589043	1.4932988792732729	1.3840321812052077	0.6029426922242331	-0.03505543812011451
VUILD115MA_150_13_11	VUILD115MA	VUILD115	fold_4	macrophage_profibrotic	POOLED	1.02076517602984	1.5873704030789106	1.5105025878723564	1.7454490368177629	1.2263871447193484	1.3108407387185514	0.5757954078965892	1.557146251842216	1.442738712331548	1.2571085239528803	1.4059346546241185	1.2109487751312908	-0.7246838607879229	-0.020682769862605987
VUILD115MA_150_13_15	VUILD115MA	VUILD115	fold_4	macrophage_profibrotic	POOLED	1.69625742549382	1.5699397113247737	1.2925373941567577	1.262460723545502	0.8121057034262451	0.8693589020022993	0.5753669295800428	1.5571378041585526	0.9683402085262904	0.9213547585930272	0.9549125664909807	0.9177692893969397	0.433796701948318	-0.05207676610613805
VUILD115MA_150_13_18	VUILD115MA	VUILD115	fold_4	macrophage_profibrotic	POOLED	1.92014006237623	1.5568666925091712	1.7507224231793104	1.6548821619852934	1.386970431428511	1.4903865723542542	1.0133752076290041	1.5571314683958053	1.7538665969822709	1.5654547719111136	1.7384661677052042	1.5337281821511735	0.26525790039093655	-0.032874706625045935
VUILD115MA_150_13_20	VUILD115MA	VUILD115	fold_4	macrophage_profibrotic	POOLED	1.39992214257974	1.5481513466321029	1.2504092601256516	1.4965380811652127	1.094881107206829	1.1723470065334616	0.7152102323807479	1.5571272445539737	1.186986889954942	1.277853292468859	1.1201758064494622	1.2155704958724698	-0.0966159385854728	-0.053473511908723764
VUILD115MA_150_13_26	VUILD115MA	VUILD115	fold_4	macrophage_profibrotic	POOLED	1.86562302166304	1.5220053090008974	1.8325656417238703	1.829018788110693	1.4873780643667556	1.5676912620145456	1.11963274410118	1.557114573028479	1.8669161420155436	1.7679567968594243	1.8020976874875878	1.7256121765844168	0.0366042335523471	-0.04247186003962302
VUILD115MA_150_13_27	VUILD115MA	VUILD115	fold_4	macrophage_profibrotic	POOLED	1.04372890387121	1.5176476360623632	1.3383129395830098	1.4774228233967495	1.022226731052101	1.0786683264283128	0.6070191797391348	1.557112461107563	1.2778841337590516	0.9010064689883575	1.2197014406991151	0.8756267127557537	-0.4336939195255394	-0.05562244588018522
VUILD115MA_150_13_28	VUILD115MA	VUILD115	fold_4	macrophage_profibrotic	POOLED	1.67454480800274	1.513289963123829	1.6105874610620574	1.505103016844222	1.6152161738847486	1.6121111020724792	1.2352893404616545	1.5571103491866474	1.881772667053332	1.5995535488790316	1.9218267788184868	1.6395444002720039	0.16944179115851798	-0.018979572166386884
VUILD115MA_150_13_30	VUILD115MA	VUILD115	fold_4	macrophage_profibrotic	POOLED	2.97879299931165	1.5045746172467607	3.3684892501378947	3.1266486730370193	2.576958043186044	2.7626096983504693	1.6426073665870151	1.5571061253448157	2.8807237578945304	2.8589647782772216	2.6908899335004377	2.694135001802044	-0.14785567372536912	-0.0005231502186602115
VUILD115MA_150_14_12	VUILD115MA	VUILD115	fold_4	macrophage_profibrotic	POOLED	2.67723127438153	1.588199939043841	2.358738334407705	2.394772240231964	1.8334583029959235	1.9398535693582066	1.1108585526359018	1.5571464752332782	1.797922406150854	2.0484400804806517	1.6703667462206238	1.9772486469323107	0.2824590341495661	-0.020670218663848397
VUILD115MA_150_14_15	VUILD115MA	VUILD115	fold_4	macrophage_profibrotic	POOLED	2.03686267240144	1.5751269202282385	1.2676783735837471	1.3160167457465597	0.8935772942456544	0.9454203622347027	0.27185415552813263	1.5571401394705309	1.0557322704135328	1.0035031006743313	1.0150040775644653	0.9980984255504625	0.7208459266548803	-0.04915645463041887
VUILD115MA_150_14_16	VUILD115MA	VUILD115	fold_4	macrophage_profibrotic	POOLED	1.61564929641355	1.5707692472897044	1.168033387602618	1.258050667144074	0.7404624995658576	0.815194818775635	0.8097041579897221	1.557138027549615	1.319422493262232	1.211371476075234	1.3249648998123196	1.2318219073362444	0.35759862926947594	-0.05097416124367568
VUILD115MA_150_14_21	VUILD115MA	VUILD115	fold_4	macrophage_profibrotic	POOLED	1.17325379575996	1.5489808825970333	1.7805727835985425	1.7085127560020446	1.2348166984629247	1.3484305455389878	0.9867058746379889	1.557127467945036	1.490855116069705	1.4566937393812456	1.397166637667313	1.3810745479011737	-0.5352589602420845	-0.04905498237722661
VUILD115MA_150_14_23	VUILD115MA	VUILD115	fold_4	macrophage_profibrotic	POOLED	1.79676012597076	1.5402655367199647	1.5105069082135996	1.738613252815436	1.1867479641712364	1.311758524207202	1.14122434726168	1.5571232441032046	1.2656513335909012	1.4603682511909222	1.1673491375871683	1.3728180638918037	0.05814687315532385	-0.046382956469815245
VUILD115MA_150_14_26	VUILD115MA	VUILD115	fold_4	macrophage_profibrotic	POOLED	2.94062017127838	1.5271925179043622	2.5372849312374974	2.457341296954891	1.951514693388516	2.0793679772494826	1.5182644844780593	1.557116908340457	2.2899422576715778	2.2995027112332522	2.1646324743707637	2.219059915754908	0.48327887432348904	-0.02255374628198252
VUILD115MA_150_14_27	VUILD115MA	VUILD115	fold_4	macrophage_profibrotic	POOLED	1.0571915413514	1.522834844965828	1.6179947162898505	1.6144489912601971	1.5291780004645412	1.5940110396759863	1.1072679298372554	1.5571147964195413	1.5837220753976313	1.6162539839460455	1.5244480349864349	1.5947153614206702	-0.5572574499087972	-0.026693161052063968
VUILD115MA_150_14_28	VUILD115MA	VUILD115	fold_4	macrophage_profibrotic	POOLED	2.11019751127753	1.5184771720272938	2.1200049950710453	2.054188608394199	1.6677093905347926	1.792490429747894	1.1273603482366004	1.5571126844986256	1.5772558847533789	1.7446180122921002	1.402618598046828	1.7141367489436803	0.056008902883331046	-0.006618702980080671
VUILD115MA_150_14_29	VUILD115MA	VUILD115	fold_4	macrophage_profibrotic	POOLED	3.06245350322285	1.5141194990887596	3.3979553825196245	3.216902791746306	2.689317238325592	2.8489945855411327	1.7280424800669434	1.5571105725777097	2.4422526237372315	2.779620563292478	2.2268799460962923	2.6053201407462465	-0.15444928852345585	-0.0019619920544053406
VUILD115MA_150_14_30	VUILD115MA	VUILD115	fold_4	macrophage_profibrotic	POOLED	2.72720711335704	1.5097618261502253	3.6530458567399946	3.4688836493191104	2.5494409880271944	2.7736583815615967	1.9788182403035974	1.557108460656794	2.828513917855082	2.8261102713928317	2.6002040240699835	2.5952228243607767	-0.7416765359620703	-0.014885151345129858
VUILD115MA_150_14_31	VUILD115MA	VUILD115	fold_4	macrophage_profibrotic	POOLED	2.83289802144684	1.505404153211691	2.8461114403276673	2.7852109919320336	2.5684816232258383	2.6921649433105777	1.418691973461235	1.557106348735878	2.513815725431019	2.6245725826781263	2.349521207880524	2.510888789580889	0.04768702951480641	0.008656267539190188
VUILD115MA_150_14_32	VUILD115MA	VUILD115	fold_4	macrophage_profibrotic	POOLED	2.95223026312036	1.501046480273157	2.643231765959314	2.6709002848817747	2.4213125746486237	2.4855751680568927	1.973889398047751	1.5571042368149624	2.2557884431243806	2.352414660965566	2.135213646014492	2.2719883516719843	0.2813299782385852	-0.013945239945506484
VUILD115MA_150_14_33	VUILD115MA	VUILD115	fold_4	macrophage_profibrotic	POOLED	1.79270370922486	1.4966888073346225	1.9973478754903446	1.9258137743901704	1.743532690141945	1.8307815093454214	1.4098773414311436	1.5571021248940466	2.0804342167092598	2.0584451029393804	2.0422646155998323	2.0163842977272024	-0.13311006516531032	-0.0040560295833048324
VUILD115MA_150_14_35	VUILD115MA	VUILD115	fold_4	macrophage_profibrotic	POOLED	1.03467066474043	1.4879734614575542	1.5342188129132015	1.712904688477026	1.26031804879772	1.3348764626657492	0.7472812329209803	1.557097901052215	1.1814145663779467	1.394672961721589	1.0862453700913721	1.3510201243796278	-0.678234023736596	-0.03725397348297055
VUILD115MA_150_14_37	VUILD115MA	VUILD115	fold_4	macrophage_profibrotic	POOLED	0.865354407346826	1.4792581155804858	1.5388846849777997	1.6347829224497785	0.8752357185466196	1.0187924067983711	0.6909591919385167	1.5570936772103834	1.2524503693845956	1.1661910523533257	1.1536681581725166	1.0743642608827264	-0.7694285151029525	-0.046316876221173225
VUILD115MA_150_14_38	VUILD115MA	VUILD115	fold_4	macrophage_profibrotic	POOLED	1.43129814966375	1.4749004426419516	1.3921891799007682	1.3541848623346573	0.749809838273126	0.8538743463539906	0.3895777235833975	1.5570915652894677	0.8915452775447774	0.7828038875620702	0.7577949063259622	0.6872408134788752	0.07711328732909273	-0.06421458474624958
VUILD115MA_150_14_39	VUILD115MA	VUILD115	fold_4	macrophage_profibrotic	POOLED	1.22590601564988	1.4705427697034175	1.1449464714524873	1.4668416740349886	1.1928833368813576	1.2496487950734496	0.8086789263328505	1.5570894533685518	1.395437686561128	1.475319156162407	1.3661954487672097	1.4534065084180847	-0.24093565838510855	-0.04915538722447266
VUILD115MA_150_14_40	VUILD115MA	VUILD115	fold_4	macrophage_profibrotic	POOLED	1.38257796651809	1.4661850967648833	1.7468811468303165	1.5580930276396547	1.6537844781555129	1.675782543151011	1.3776168542934093	1.557087341447636	1.735277684181274	1.7819683472166057	1.7565397526221227	1.802580913119837	-0.17551506112156479	-0.020943027381086235
VUILD115MA_150_14_41	VUILD115MA	VUILD115	fold_4	macrophage_profibrotic	POOLED	2.17901243972354	1.461827423826349	1.392761405194327	1.614061828877352	1.7189118011343454	1.7612543611742195	1.2316555307701462	1.5570852295267201	1.787760106498342	1.7279665409418536	1.7910952065249155	1.7015336572109723	0.5649506108461879	-0.029593356197708465
VUILD115MA_150_14_42	VUILD115MA	VUILD115	fold_4	macrophage_profibrotic	POOLED	1.76210860851546	1.4574697508878147	1.301584256316295	1.3664825174036708	1.113451277139701	1.1564247076197998	0.8632815751819088	1.5570831176058044	1.295300890248186	1.2182240742361001	1.2664746102778603	1.1706169225831908	0.39562609111178926	-0.04773403850159065
VUILD115MA_150_15_12	VUILD115MA	VUILD115	fold_4	macrophage_profibrotic	POOLED	2.26523779946483	1.5933871479473058	2.751424346536867	2.5876990565827684	2.21705175818929	2.3280684849149615	1.8195152141118345	1.5571488105452564	2.3156076765824825	2.4247884415431415	2.2373417041714707	2.3921291658468773	-0.3224612571179386	-0.005230647537149337
VUILD115MA_150_15_14	VUILD115MA	VUILD115	fold_4	macrophage_profibrotic	POOLED	1.63419097179119	1.5846718020702375	1.228571421959526	1.2993531398484355	1.1221937994707947	1.1460068709166633	1.20819207035038	1.5571445867034248	1.5717491873730316	1.305920808939996	1.5824609745394635	1.3266203796257927	0.3348378319427545	-0.0527125121165373
VUILD115MA_150_15_15	VUILD115MA	VUILD115	fold_4	macrophage_profibrotic	POOLED	1.98126256433385	1.580314129131703	1.7314614437959737	1.533792144595114	1.2166300655750943	1.306143778007079	0.6205868153533047	1.5571424747825091	1.433764672074547	1.2644426381172957	1.4075784608300368	1.2613913302904802	0.447470419738736	-0.0466803330176441
VUILD115MA_150_15_16	VUILD115MA	VUILD115	fold_4	macrophage_profibrotic	POOLED	1.5096068137718	1.575956456193169	1.6642507416973311	1.5359390293982929	1.381232024124367	1.424390033312086	0.8529965836019159	1.5571403628615932	1.4916644207185787	1.6077547545440136	1.452847610820137	1.6280222209187454	-0.026332215626492905	-0.023742149758033043
VUILD115MA_150_15_18	VUILD115MA	VUILD115	fold_4	macrophage_profibrotic	POOLED	2.34489852019885	1.5672411103161006	1.9089110185143119	1.7941956753279604	1.3221244826915455	1.4439595692562042	1.4819081917679626	1.5571361390197616	1.495819891359433	1.5168840161639046	1.3965981337306734	1.4381309724377704	0.5507028448708895	-0.039969381411178395
VUILD115MA_150_15_20	VUILD115MA	VUILD115	fold_4	macrophage_profibrotic	POOLED	1.32539343016853	1.5585257644390322	1.492074162369405	1.4928296922280513	1.076700367592702	1.1810730525293183	0.6918188403171088	1.5571319151779301	1.0603504788102769	1.1150769073974933	0.9528319333531496	1.0283231672312625	-0.16743626205952133	-0.04367469547433994
VUILD115MA_150_15_26	VUILD115MA	VUILD115	fold_4	macrophage_profibrotic	POOLED	2.06502848166491	1.5323797268078267	1.9064287788370655	2.032048519507437	1.9727412720346182	2.057230151413198	1.282626963107033	1.5571192436524353	2.1144960764121743	2.1472247213661237	2.05767244695346	2.1081321017762327	0.0329799621574729	-0.0020229535353375114
VUILD115MA_150_15_29	VUILD115MA	VUILD115	fold_4	macrophage_profibrotic	POOLED	2.43233575660884	1.5193067079922242	2.4944936802128836	2.383998043770318	1.594034365332674	1.762767102383119	0.9823218808584913	1.557112907889688	1.6925205255107207	1.8480967874885266	1.438094362639455	1.7077856928154012	0.04833771283852206	-0.02143537450213527
VUILD115MA_150_15_34	VUILD115MA	VUILD115	fold_4	macrophage_profibrotic	POOLED	1.58808647687117	1.4975183432995531	1.6127399448645527	1.7320632271870873	1.3330103628802301	1.413231895342016	0.7426492832401697	1.557102348285109	1.6659514183951365	1.5941781803153774	1.6225519783322906	1.5697522779506154	-0.14397675031591728	-0.023821476318539037
VUILD115MA_150_15_35	VUILD115MA	VUILD115	fold_4	macrophage_profibrotic	POOLED	1.30958401351735	1.493160670361019	1.6278515772041389	1.6576605833158824	1.4024350673577137	1.4720913056540788	0.6890227877242961	1.5571002363641933	1.3085139589145254	1.4546494222366981	1.2271635481996108	1.395168581542965	-0.3480765697985324	-0.0271881906737754
VUILD115MA_150_15_37	VUILD115MA	VUILD115	fold_4	macrophage_profibrotic	POOLED	1.94606842405905	1.4844453244839504	1.895047718969192	1.852235047656672	1.38895486950124	1.490479970713604	0.7729777410160641	1.5570960125223616	1.552826962102949	1.571222782529051	1.4470454247178428	1.4869344399357232	0.09383337640237799	-0.004601588527605064
VUILD115MA_150_15_39	VUILD115MA	VUILD115	fold_4	macrophage_profibrotic	POOLED	1.42172411430965	1.475729978606882	1.7488258137762684	1.7402830912393243	1.419755560688219	1.5137773328997568	0.9475080660075623	1.55709178868053	1.5160190876627364	1.6276330293416699	1.429946836932265	1.5707608961727162	-0.3185589769296744	-0.03378551616205707
VUILD115MA_150_15_40	VUILD115MA	VUILD115	fold_4	macrophage_profibrotic	POOLED	2.69817304834406	1.4713723056683479	2.4414549096658877	2.482272678165077	2.2110618688510133	2.331505109414085	1.5067227173651263	1.5570896767596143	2.2482296455983226	2.4035080786855847	2.178048930582265	2.330402449878927	0.215900370178983	-0.0034006483958577503
VUILD115MA_150_16_14	VUILD115MA	VUILD115	fold_4	macrophage_profibrotic	POOLED	2.08853953779089	1.589859010973702	0.9907418697735201	1.080977336477935	1.1418642309720313	1.1813389722761627	0.26288167861167255	1.557146922015403	1.4213934328681732	1.3122260403448829	1.4123436485506684	1.3307684608268533	1.007562201312955	-0.047884435458252286
VUILD115MA_150_16_15	VUILD115MA	VUILD115	fold_4	macrophage_profibrotic	POOLED	2.23550955810821	1.5855013380351677	1.58587956038955	1.434781150818731	1.243772593083342	1.298537405171597	0.8941599344808153	1.5571448100944871	1.47278147702693	1.5004255398270607	1.408851974006617	1.5050886411566617	0.8007284072894789	-0.041349346208328114
VUILD115MA_150_16_17	VUILD115MA	VUILD115	fold_4	macrophage_profibrotic	POOLED	2.75917544063843	1.5767859921580993	2.1107314216653883	1.9058870404551367	1.4272266704116539	1.543460051831741	1.4477965537932316	1.5571405862526557	1.621057074739844	1.6900998111655898	1.5325956997022412	1.661567726526369	0.8532884001832934	-0.024911756226544467
VUILD115MA_150_16_18	VUILD115MA	VUILD115	fold_4	macrophage_profibrotic	POOLED	1.1959501188731	1.5724283192195652	1.3749388624955883	1.3450481339147071	0.8736848261063145	0.9619106142109072	0.3279202431832482	1.5571384743317398	1.1111853744535418	1.1081531882810687	1.037665125156908	1.057988478143132	-0.14909801504160702	-0.05131468647444007
VUILD115MA_150_16_21	VUILD115MA	VUILD115	fold_4	macrophage_profibrotic	POOLED	1.61428261764205	1.5593553004039624	1.3362569648923666	1.3975162317551517	0.9685216993329205	1.0528597515532745	0.20363879846911015	1.5571321385689925	1.2020023345479025	1.2491455725989478	1.1222836526003883	1.2348123455487383	0.21676638588689823	-0.05835456193785195
VUILD115MA_150_16_22	VUILD115MA	VUILD115	fold_4	macrophage_profibrotic	POOLED	3.01617908745379	1.554997627465428	2.6543167298228445	2.3893672123006064	1.9221263405881162	2.091870697349279	1.5498689780530661	1.5571300266480768	2.0746810143208796	2.212551300012891	1.9129834947596358	2.147241810366573	0.6268118751531837	-0.01844236885595355
VUILD115MA_150_16_23	VUILD115MA	VUILD115	fold_4	macrophage_profibrotic	POOLED	1.03526403664388	1.550639954526894	1.4419350441068584	1.5703039651736188	1.197346999129876	1.2947894673610687	0.7152896504094665	1.5571279147271608	1.0665244088920587	1.1051818250689198	0.9146704793116257	1.0067647409949667	-0.5350399285297389	-0.04856277809223396
VUILD115MA_150_16_26	VUILD115MA	VUILD115	fold_4	macrophage_profibrotic	POOLED	2.01580679101573	1.5375669357112913	1.821019649679663	1.9267219075128743	1.547397960544786	1.6322416420461676	1.411088671960416	1.5571215789644135	1.606209104127259	1.614322843914509	1.5027611788189377	1.563467551584154	0.08908488350285548	-0.01194101920408586
VUILD115MA_150_16_27	VUILD115MA	VUILD115	fold_4	macrophage_profibrotic	POOLED	1.38344956569124	1.5332092627727572	1.44945993955261	1.5439354614668732	0.6613764308289433	0.8015870162560461	0.517800166993907	1.5571194670434978	0.9726347636238982	1.0880955575933777	0.8606822298949954	1.0114998121259302	-0.1604858957756332	-0.06637938676934733
VUILD115MA_150_16_28	VUILD115MA	VUILD115	fold_4	macrophage_profibrotic	POOLED	1.69239412173063	1.528851589834223	1.7265051298945209	1.6744766317416626	1.777928173975209	1.7853304597467685	0.9916127360497481	1.5571173551225819	1.896139763584977	1.8707714866285605	1.9236966152952195	1.9144412561214494	0.01791748998896736	-0.019181658143344563
VUILD115MA_150_16_29	VUILD115MA	VUILD115	fold_4	macrophage_profibrotic	POOLED	1.09474679185481	1.5244939168956888	1.3842719509910417	1.5962220566559762	1.4105361958861904	1.4695944687703641	0.8224784609300164	1.5571152432016662	1.5648954824363508	1.4719927031569635	1.5380694098201657	1.434451810769507	-0.5014752648011662	-0.031750349950434326
VUILD115MA_150_16_30	VUILD115MA	VUILD115	fold_4	macrophage_profibrotic	POOLED	1.79392022376385	1.5201362439571544	1.7389839115436536	1.7679654722042646	1.3719505399880116	1.469329786069161	0.7485153724281612	1.5571131312807502	1.7951016966965172	1.6674298417906614	1.7559191861553622	1.6169504825659706	0.025954751559585487	-0.04137366205107318
VUILD115MA_150_16_42	VUILD115MA	VUILD115	fold_4	macrophage_profibrotic	POOLED	1.70829006932037	1.4678441686947439	1.4276848463115803	1.4697081908792262	1.094699358228501	1.1966193015733149	0.6352285380533308	1.557087788229761	1.1528520893760303	1.1847325083392437	1.0641620755686167	1.1179495709529386	0.23858187844114376	-0.05928563309578787
VUILD115MA_150_16_43	VUILD115MA	VUILD115	fold_4	macrophage_profibrotic	POOLED	1.73350827918171	1.4634864957562097	1.224863569999269	1.3932708326766383	1.1283097286962787	1.2234192269857922	0.530556571083745	1.557085676308845	1.1917536088764136	1.2563237012211041	1.1158635217952146	1.1847622639294988	0.3402374465050717	-0.045438952436094526
VUILD115MA_150_16_8	VUILD115MA	VUILD115	fold_4	macrophage_profibrotic	POOLED	1.26704496933295	1.6160050486049071	1.7713653710566832	1.649517842331784	1.1031156869657668	1.1132802443909666	1.1421503124286572	1.5571595935408977	1.1980029772062912	1.2578324337868299	1.196597613064821	1.2743519532101129	-0.38247287299883403	-0.03388126209546116
VUILD115MA_150_16_9	VUILD115MA	VUILD115	fold_4	macrophage_profibrotic	POOLED	2.0548280462698	1.611647375666373	1.7418226965511816	1.9226900886880398	0.9455853918790472	1.0782711067041058	3.369018988066144	1.557157481619982	1.4206427616508868	1.0945871996833394	1.3028950363623333	0.9697949692695799	0.13213795758176028	-0.029648882187305683
VUILD115MA_150_17_14	VUILD115MA	VUILD115	fold_4	macrophage_profibrotic	POOLED	1.24611508039522	1.5950462198771667	1.1393211599088948	1.215931161942028	1.1015298725992073	1.1334597100279262	0.023947613398093814	1.5571492573273813	1.3491042818391046	1.3165975796915863	1.2977778372884354	1.3328715061574286	0.030183918453191794	-0.03591450874126706
VUILD115MA_150_17_15	VUILD115MA	VUILD115	fold_4	macrophage_profibrotic	POOLED	1.33186068985516	1.5906885469386323	1.1571332651123247	1.2283759579462252	1.00750559187501	1.0667847844463054	0.35915452712353924	1.5571471454064654	1.3695717640930858	1.0722679263150616	1.3508861060731978	1.0429259407346039	0.1034847319089347	-0.043648333959329794
VUILD115MA_150_17_16	VUILD115MA	VUILD115	fold_4	macrophage_profibrotic	POOLED	2.34748228636585	1.586330874000098	1.9522574834879545	1.802135057686239	1.608043468019284	1.6772070389664746	1.0055768623069747	1.5571450334855497	1.6947597705191193	1.7301550054104946	1.6549552729314	1.7036742443971211	0.545347228679611	-0.018899494498493166
VUILD115MA_150_17_17	VUILD115MA	VUILD115	fold_4	macrophage_profibrotic	POOLED	2.14544944889075	1.581973201061564	1.9407631709029736	2.1099561547059658	2.173758672260755	2.169726682012433	1.9461617277779597	1.5571429215646337	2.2183916301181066	1.9013517928752643	2.265276122200858	1.9158419713654677	0.03549329418478431	-0.0017957916190410213
VUILD115MA_150_17_21	VUILD115MA	VUILD115	fold_4	macrophage_profibrotic	POOLED	1.62337608342134	1.5645425093074272	1.3059794482977398	1.2307832542514692	0.9942705044338127	1.0495434923026918	-0.34293045481291795	1.5571344738809707	1.1006002830771595	1.0722880989888575	1.0906663984582141	1.0588398673706747	0.3925928291698708	-0.04583696690185843
VUILD115MA_150_17_22	VUILD115MA	VUILD115	fold_4	macrophage_profibrotic	POOLED	1.06740599137563	1.5601848363688928	1.363157325108977	1.4707944091359217	1.0421753759281558	1.1308053039782981	0.19997943730948697	1.5571323619600548	1.0998670298242856	1.0067785666446674	0.9855437929446935	0.9198823029197403	-0.4033884177602918	-0.04624189349032572
VUILD115MA_150_17_24	VUILD115MA	VUILD115	fold_4	macrophage_profibrotic	POOLED	1.76260442021815	1.5514694904918245	1.4557561198045368	1.4160444256960951	0.8961477829692024	0.9651523521413293	0.40976060585920093	1.5571281381182234	0.9781313298524992	1.1699242736980657	0.9052991365960157	1.0990443551085658	0.34655999452205477	-0.05331313204669169
VUILD115MA_150_17_25	VUILD115MA	VUILD115	fold_4	macrophage_profibrotic	POOLED	1.51089040434502	1.5471118175532903	1.3027311890625621	1.6532995274581777	1.1941826151881894	1.2501707114997207	0.11448019854064073	1.5571260261973074	1.0670179095151064	1.0370192688198672	0.9745682272565888	0.9567466493390853	-0.14240912311315768	-0.06219594027670916
VUILD115MA_150_17_28	VUILD115MA	VUILD115	fold_4	macrophage_profibrotic	POOLED	1.26202077013507	1.5340387987376876	1.4316792885488607	1.491461239528841	0.8624513203821649	0.9755442788421783	0.32676446101367906	1.55711969043456	1.3227503210704328	0.9253866159369855	1.2542652528944656	0.8403588295282353	-0.22944046939377083	-0.06465955635779298
VUILD115MA_150_17_31	VUILD115MA	VUILD115	fold_4	macrophage_profibrotic	POOLED	1.87975816717416	1.520965779922085	1.2410132287488165	1.5621683199127567	1.086568784944836	1.2069471088815082	0.20524988598716076	1.5571133546718128	1.4387378748754718	1.243359938940268	1.3443742216491101	1.1525278310628666	0.3175898472614034	-0.04018371812807968
VUILD115MA_150_17_36	VUILD115MA	VUILD115	fold_4	macrophage_profibrotic	POOLED	2.5790980332104	1.499177415229414	1.8454525895326954	1.842996193342388	1.5414346819731661	1.609502040638425	1.30097149523915	1.5571027950672338	1.7955748636884736	2.0777993960176246	1.7262737254602931	2.080589540951021	0.7361018398680119	-0.020215850571703865
VUILD115MA_150_17_38	VUILD115MA	VUILD115	fold_4	macrophage_profibrotic	POOLED	1.72043317387739	1.4904620693523454	1.7147141698620538	1.806728654498408	1.5203808493934337	1.6325415231985134	1.2904619849906263	1.5570985712254022	1.7826343911176836	1.7340487434512537	1.7118190124538337	1.6572736306238764	-0.0862954806210181	0.0073567681931174835
VUILD115MA_150_17_39	VUILD115MA	VUILD115	fold_4	macrophage_profibrotic	POOLED	1.26518742856757	1.4861043964138112	1.8482576294568906	1.884264041601058	1.6793023299234606	1.790242454110268	1.40271907251549	1.5570964593044865	1.812151384035746	1.89233685687674	1.7168829376522792	1.8256756107895715	-0.6190766130334882	-0.007306134036816132
VUILD115MA_150_17_40	VUILD115MA	VUILD115	fold_4	macrophage_profibrotic	POOLED	0.970864808656175	1.481746723475277	1.6277067929742324	1.7587339787052532	1.4156303731033573	1.5285527360558704	0.9233500805149447	1.5570943473835706	1.5520048783096312	1.481381696740923	1.4335386414085027	1.3811613352354535	-0.7878691700490782	-0.028366308574158693
VUILD115MA_150_17_41	VUILD115MA	VUILD115	fold_4	macrophage_profibrotic	POOLED	1.77098681242027	1.4773890505367429	1.58495635728974	1.6445325599477993	1.492032018981335	1.5563938457567326	0.9248937398281871	1.5570922354626549	1.5224808819520015	1.5367523577816309	1.466790033508329	1.5007514944098135	0.12645425247247055	-0.02727455622872317
VUILD115MA_150_17_42	VUILD115MA	VUILD115	fold_4	macrophage_profibrotic	POOLED	1.66808070709614	1.4730313775982087	1.5980967442899066	1.6568839398992283	1.6677397128197515	1.7161621835604342	1.2239189394607646	1.557090123541739	1.9190198520757855	1.849758570366594	1.9328426677811743	1.8543647229197657	0.011196767196911761	-0.023695941145461683
VUILD115MA_150_17_43	VUILD115MA	VUILD115	fold_4	macrophage_profibrotic	POOLED	1.92052051047029	1.4686737046596745	2.0029495195302167	1.9422790598196444	1.7040983428787204	1.7932758345198108	1.3270183408019354	1.5570880116208232	1.793881800512229	2.013464378327	1.6561678539364744	1.9426253678496026	-0.021758549349354395	-0.004414664023136659
VUILD115MA_150_17_44	VUILD115MA	VUILD115	fold_4	macrophage_profibrotic	POOLED	2.09739058059736	1.4643160317211403	2.063014914049681	1.9763910350128637	1.74252266338765	1.8671277990316049	1.6903477235280713	1.5570858996999075	2.0478296427646128	1.9407305994378565	1.9335192125603764	1.836334581390874	0.1209995455844961	-0.006181535984511913
VUILD115MA_150_18_14	VUILD115MA	VUILD115	fold_4	macrophage_profibrotic	POOLED	1.76505730940197	1.6002334287806315	1.203213744569464	1.1923898218426858	0.962681863163293	0.9852081588364903	0.2580103747014224	1.5571515926393593	1.0580403205277957	1.0464426489653003	1.0454370158959134	1.0147033521819229	0.5726674875592841	-0.04618371025302044
VUILD115MA_150_18_15	VUILD115MA	VUILD115	fold_4	macrophage_profibrotic	POOLED	1.80382455115035	1.595875755842097	1.3219891182927734	1.4044404891693196	1.2634951892851827	1.2594435161183033	0.9465219484997893	1.5571494807184436	1.4006653815184926	1.3380756676490124	1.4202113460008312	1.347507607770612	0.39938406198103027	-0.035665850639950335
VUILD115MA_150_18_31	VUILD115MA	VUILD115	fold_4	macrophage_profibrotic	POOLED	1.98119840141004	1.5261529888255496	1.2976761689437888	1.292848568005779	0.808396358605178	0.927247237511416	0.13550102285223575	1.557115689983791	1.0787509302063116	0.8929812357498315	0.9846492580685117	0.8024398089822958	0.688349833404261	-0.05514012224874175
VUILD115MA_150_18_32	VUILD115MA	VUILD115	fold_4	macrophage_profibrotic	POOLED	1.70749233909863	1.5217953158870154	1.528978927836692	1.6346013074521308	0.9901866573190518	1.132554192013461	0.4717575799493863	1.557113578062875	1.2240356017793808	1.0920277529676723	1.0800204569238205	0.969618388274911	0.07289103164649924	-0.049698227913716975
VUILD115MA_150_18_39	VUILD115MA	VUILD115	fold_4	macrophage_profibrotic	POOLED	2.18734776246277	1.491291605317276	2.0122923493662954	2.0288580481387184	1.6471197563680469	1.7684457608448467	1.1872808482175263	1.5570987946164645	1.7996858047747288	1.8417533318700916	1.659198738360672	1.7662158415117735	0.1584897143240518	-0.012596593481576955
VUILD115MA_150_18_40	VUILD115MA	VUILD115	fold_4	macrophage_profibrotic	POOLED	1.76999483731443	1.4869339323787418	1.9307532154048728	1.9629163879779181	1.6881491538623696	1.819017520984735	1.1017960336174248	1.5570966826955488	1.920283101229543	1.8355441926840625	1.821698796742576	1.7706098961906982	-0.19292155066348804	-0.016671447657799078
VUILD115MA_150_18_42	VUILD115MA	VUILD115	fold_4	macrophage_profibrotic	POOLED	1.94805053007251	1.4782185865016733	1.8976919704340676	1.9291179515298364	1.7539000463041539	1.8255885302424204	1.1754625325451051	1.5570924588537172	2.0639529212782985	2.172363635266702	2.03649918086149	2.1902207141620598	0.018932578542673495	-0.02759059976555911
VUILD115MA_150_18_43	VUILD115MA	VUILD115	fold_4	macrophage_profibrotic	POOLED	1.75971545261135	1.473860913563139	1.8158240742994034	1.8130669844399567	1.5449159703057822	1.6323078473674133	1.399618163357662	1.5570903469328015	1.6978573194898317	1.8017940388675024	1.627524649244555	1.728770344366592	-0.053351531828606635	-0.011808868022536154
VUILD115MA_150_18_44	VUILD115MA	VUILD115	fold_4	macrophage_profibrotic	POOLED	2.78147648171822	1.469503240624605	2.0666324165917818	2.2528895228670276	2.2649610619293554	2.352804430857908	1.5877440934120957	1.5570882350118855	2.083497790727146	2.4679806908887763	1.9346575413721532	2.4103565480842217	0.5285869588511924	0.015582237741988008
VUILD115MA_150_19_21	VUILD115MA	VUILD115	fold_4	macrophage_profibrotic	POOLED	1.96432121525575	1.5749169271143566	1.9363873104375706	2.0307262632167875	1.5293266992515555	1.6690141535904253	0.9987500259208387	1.557139144504927	1.5755637580324395	1.6797942439550244	1.4136916098083079	1.5677368950153603	-0.06640504796103741	-0.0250992446350068
VUILD115MA_150_19_23	VUILD115MA	VUILD115	fold_4	macrophage_profibrotic	POOLED	2.87579265016976	1.566201581237288	2.679430479468647	2.639234641394716	2.313439953873271	2.431009473649501	1.535449659215504	1.5571349206630956	2.1814451277658558	2.4164234359233063	2.016838253328989	2.3527424143092315	0.23655800877504385	-0.005081052596357924
VUILD115MA_150_19_24	VUILD115MA	VUILD115	fold_4	macrophage_profibrotic	POOLED	3.07239595182563	1.5618439082987539	2.7847722715986993	2.793020479225083	2.1116088134176434	2.313211741695498	1.354386142057913	1.5571328087421796	1.8469692493720826	2.1604690567887683	1.601227747559951	1.9931049543668247	0.27937547260054707	-0.024822878441429733
VUILD115MA_150_19_25	VUILD115MA	VUILD115	fold_4	macrophage_profibrotic	POOLED	2.68451037315996	1.5574862353602197	3.0099079955639794	2.93102505122466	2.0649919444003775	2.283669343560333	1.1200605830879722	1.557130696821264	2.0073277213075884	2.258302030681541	1.7335268125531849	2.0703143435303297	-0.24651467806469984	-0.01878958473218137
VUILD115MA_150_19_26	VUILD115MA	VUILD115	fold_4	macrophage_profibrotic	POOLED	2.21478713954396	1.5531285624216853	1.929946473236078	1.92486442928451	1.8184290472548281	1.8985290191640818	1.1889509592582541	1.557128584900348	1.9194705945013422	1.8994751622014308	1.8691905582862232	1.844000646448314	0.2899227102594497	-0.0027018446422066612
VUILD115MA_150_19_29	VUILD115MA	VUILD115	fold_4	macrophage_profibrotic	POOLED	1.8200047905995	1.5400555436060828	1.5167144787434108	1.4569046286866079	1.5016074682881007	1.5512826664892994	0.8172125118672249	1.5571222491376007	1.48334155345754	1.4422067971208699	1.4403904403424355	1.394885270705101	0.3631001619128922	-0.043473408292604196
VUILD115MA_150_19_32	VUILD115MA	VUILD115	fold_4	macrophage_profibrotic	POOLED	1.89755570531655	1.5269825247904802	1.692333732116084	1.6908074193108187	0.829288347879352	0.9556220329980796	0.6281404293390721	1.5571159133748533	1.0539897530626174	1.0830073114513954	0.9186909392781889	0.9920521226175892	0.20674828600573125	-0.06754815802916765
VUILD115MA_150_19_33	VUILD115MA	VUILD115	fold_4	macrophage_profibrotic	POOLED	2.23134195927494	1.5226248518519458	1.9538613719290046	2.0193600377440535	1.681817162115088	1.7679811903166534	1.0795287497848605	1.5571138014539376	1.8539541570016072	1.698642568276919	1.7690616154776428	1.6267623389163057	0.21198192153088646	-0.01429227981764044
VUILD115MA_150_19_37	VUILD115MA	VUILD115	fold_4	macrophage_profibrotic	POOLED	2.59073020372278	1.505194160097809	2.0381844768610153	2.092767174829012	1.7242739580318365	1.8702735362976026	1.1152685326275744	1.5571053537702744	1.9011380035522905	1.880835380840205	1.739555417780931	1.7514836889087226	0.4979630288937682	-8.742868170305215e-05
VUILD115MA_150_19_40	VUILD115MA	VUILD115	fold_4	macrophage_profibrotic	POOLED	0.997149722674804	1.4921211412822064	1.6769432404300364	1.730608120297091	1.1368718578604156	1.2704344394908555	0.8804116868501431	1.557099018007527	1.5214608247144286	1.5016085262609529	1.442543536492914	1.4132619223285048	-0.7334583976222872	-0.03590995725106272
VUILD115MA_150_20_14	VUILD115MA	VUILD115	fold_4	macrophage_profibrotic	POOLED	0.422261193838266	1.6106078465875608	0.5097559411912016	0.6970001146548492	0.8962398853101831	0.6046651288038594	1.239559444858096	1.5571562632633158	0.8541116866316237	0.7779255677118418	1.208532867073266	1.0896596556802947	-0.27473892081658324	-0.04661245777890918
VUILD115MA_150_20_15	VUILD115MA	VUILD115	fold_4	macrophage_profibrotic	POOLED	0.714216004422844	1.6062501736490264	1.2138982505891938	0.9996164311539067	0.8275674210370726	0.7363925808115872	1.4076066842580217	1.5571541513424	0.9077539594335023	1.0460264500298062	1.1027550285612562	1.1650281462723682	-0.2854004267310627	-0.04697434628402611
VUILD115MA_150_20_25	VUILD115MA	VUILD115	fold_4	macrophage_profibrotic	POOLED	2.69526510827116	1.5626734442636845	1.8222437436265713	1.9676427191993675	1.1831786030978673	1.3544412506288983	0.700540932959431	1.5571330321332422	1.1581536896646676	1.3887087050112612	0.9798898101992023	1.2391811153769372	0.7276223890717926	-0.044627101191828514
VUILD115MA_150_20_26	VUILD115MA	VUILD115	fold_4	macrophage_profibrotic	POOLED	2.63279600444365	1.55831577132515	2.010505686994417	1.911550376829515	1.92839540003138	1.989756635875365	1.2253237882191281	1.5571309202123262	2.2155576309343648	2.053525380701619	2.1950195118130944	2.035107610919099	0.7212456276141348	-0.026707315978808814
VUILD115MA_150_20_27	VUILD115MA	VUILD115	fold_4	macrophage_profibrotic	POOLED	2.15059864905352	1.553958098386616	1.581576259326792	1.7144068840934445	1.4366662270431232	1.5518417946829006	0.6604532138747405	1.5571288082914105	1.4984533097235666	1.7178927568115425	1.3741316286336291	1.651776728896735	0.4361917649600753	-0.01884364187695368
VUILD115MA_150_21_15	VUILD115MA	VUILD115	fold_4	macrophage_profibrotic	POOLED	0.446078350464636	1.611437382552491	0.4068665046002391	0.40813355574102594	0.8794207101242657	0.5194237463796594	1.1663838965316837	1.5571564866543781	0.5563266811285503	0.6849828799622499	0.9431723800356019	1.1085800775916563	0.037944794723610065	-0.04183693466251381
VUILD115MA_150_21_16	VUILD115MA	VUILD115	fold_4	macrophage_profibrotic	POOLED	0.727592546294815	1.6070797096139569	1.0954738231953005	0.8823915060191718	0.8620364542517969	0.7259071870142683	1.355076727231948	1.5571543747334624	0.8523742194259256	0.8714877591987766	1.052361916101753	1.064718141605169	-0.15479895972435687	-0.036030466766060754
VUILD115MA_150_21_17	VUILD115MA	VUILD115	fold_4	macrophage_profibrotic	POOLED	0.78364663457027	1.6027220366754227	1.2212149150356193	1.2013824360151943	0.7832701311773326	0.7351439507809349	0.9834586327816826	1.5571522628125467	1.1597794910598904	1.0138543525123143	1.2476085821353284	1.0881422729849572	-0.4177358014449244	-0.04070423042620809
VUILD115MA_150_21_24	VUILD115MA	VUILD115	fold_4	macrophage_profibrotic	POOLED	1.59147104049034	1.5722183261056832	1.3446964190613302	1.597952119303938	1.018204410892967	1.110203025331351	0.4146053801058007	1.5571374793661361	1.355173204385435	1.258860517377857	1.2538956968390307	1.190208667110512	-0.006481078813598051	-0.046718544372280915
VUILD115MA_150_21_26	VUILD115MA	VUILD115	fold_4	macrophage_profibrotic	POOLED	1.7393707770493	1.5635029802286147	1.5958973961189586	1.5946298393388612	1.02078491123833	1.14543526781108	0.2762277403803912	1.5571332555243045	1.4915706305104564	1.3081211527579426	1.3795951357213947	1.2046853305864471	0.14474093771043894	-0.050465716672316085
VUILD115MA_150_21_31	VUILD115MA	VUILD115	fold_4	macrophage_profibrotic	POOLED	1.43390144035516	1.5417146155359438	1.367624410369059	1.3276695946968404	0.9891950223035657	1.0892271786800594	0.12512296503202003	1.5571226959197255	1.1654371763997977	1.0577569741587927	1.0701314970460947	0.9801260263898808	0.10623184565831956	-0.057352753325456154
VUILD115MA_150_21_32	VUILD115MA	VUILD115	fold_4	macrophage_profibrotic	POOLED	1.37188877293078	1.5373569425974096	1.3245998126862342	1.4654870485996756	1.3480929202112553	1.4126168495432276	0.3808801421907728	1.5571205839988098	1.3928179966534098	1.4085277652926584	1.3470828571855336	1.3677565412311097	-0.09359827566889556	-0.02625735026370679
VUILD115MA_150_21_33	VUILD115MA	VUILD115	fold_4	macrophage_profibrotic	POOLED	0.87786547789411	1.5329992696588752	1.5756148947271587	1.687512209219304	1.0941456379693613	1.2260052056664208	0.21917567063996657	1.557118472077894	1.494795536136201	1.4717554154199626	1.377960198212276	1.380508260440656	-0.809646731325194	-0.025176596976572534
VUILD115MA_150_21_38	VUILD115MA	VUILD115	fold_4	macrophage_profibrotic	POOLED	2.11861357232782	1.5112109049662041	1.9529385518370992	2.004706151946463	1.4660407644213025	1.552394644688557	0.9202332371932812	1.557107912473315	1.8685152434177226	1.7089710352391119	1.7857339300776587	1.6555700964406386	0.11390742038135704	-0.041048591462669676
VUILD115MA_150_22_16	VUILD115MA	VUILD115	fold_4	macrophage_profibrotic	POOLED	0.269241198899121	1.6122669185174217	0.699631690660895	0.8661072267806349	1.2607438141725098	1.044762376065529	1.5903197004589533	1.5571567100454407	0.9776176953767767	1.085981451411378	1.2474750957820877	1.3720497300415926	-0.5968660278815139	-0.019591891231515023
VUILD115MA_150_22_26	VUILD115MA	VUILD115	fold_4	macrophage_profibrotic	POOLED	1.60700357331109	1.5686901891320795	1.1799100522237362	1.3301979468458158	1.0789192581827878	1.1773330605464223	0.3309858176376559	1.5571355908362827	1.4026277353338057	1.1438759947622983	1.328440559957389	1.051228992583888	0.27680562646527407	-0.03234424704217176
VUILD115MA_150_22_27	VUILD115MA	VUILD115	fold_4	macrophage_profibrotic	POOLED	1.48234254951344	1.5643325161935453	1.822822070497184	1.7848519276386443	1.5403470957991408	1.6038263373422255	0.5208055702008609	1.5571334789153668	1.5008363036846901	1.528080987850347	1.4024219594320932	1.4910721573891688	-0.3025093781252044	-0.039804873370865856
VUILD115MA_150_22_30	VUILD115MA	VUILD115	fold_4	macrophage_profibrotic	POOLED	1.7840293594519	1.5512594973779426	1.774996048341098	1.819427118074009	0.9857746979271611	1.1494942395472065	0.1133467546252378	1.5571271431526195	1.3507315283438057	1.0651535482713366	1.22165386925858	0.9386111014098841	-0.03539775862210881	-0.05633110583313361
VUILD115MA_150_22_31	VUILD115MA	VUILD115	fold_4	macrophage_profibrotic	POOLED	1.48401312199659	1.5469018244394084	1.6126187783241666	1.53276668121323	0.8823542877329602	1.051015981772545	-0.038751332237840774	1.5571250312317038	1.1140494468328028	0.9346407510761261	0.9471300306755719	0.8070776387900637	-0.04875355921663993	-0.05627967339597045
VUILD115MA_150_22_32	VUILD115MA	VUILD115	fold_4	macrophage_profibrotic	POOLED	0.980492017358726	1.5425441515008742	1.4325941228107377	1.4007489730664036	0.6377791605391719	0.7548800392342654	0.016305862707556074	1.5571229193107878	0.8751471817675407	0.7200337398745981	0.75842716230056	0.6227954954062609	-0.4202569557076775	-0.07233029081176277
VUILD115MA_150_22_33	VUILD115MA	VUILD115	fold_4	macrophage_profibrotic	POOLED	1.26044589855773	1.5381864785623398	1.4660765196530754	1.397124248131974	0.9034038993850975	0.9683466951237054	0.28985397132468815	1.5571208073898721	1.3151944216501723	1.0521383915008595	1.2648266123136613	1.0187393174832593	-0.13667834957424385	-0.0441223453369534
VUILD115MA_150_22_34	VUILD115MA	VUILD115	fold_4	macrophage_profibrotic	POOLED	1.34016419297802	1.5338288056238056	1.7201903055770802	1.7284870531879204	1.4909102017122744	1.5272298906051192	0.6064468056368535	1.5571186954689564	1.3729999732502611	1.4918007679108387	1.2864819433868169	1.4589458120328542	-0.3883228602099005	-0.024398635044715213
VUILD115MA_150_22_35	VUILD115MA	VUILD115	fold_4	macrophage_profibrotic	POOLED	1.06416958046712	1.5294711326852717	1.7651086107843237	1.7355547034853023	1.5369843116615232	1.6095782334744828	0.9159703427393073	1.5571165835480405	1.6513106001114193	1.6591871644753102	1.5672537977707204	1.588088233904577	-0.6713851230181822	-0.027570048182597014
VUILD115MA_150_22_37	VUILD115MA	VUILD115	fold_4	macrophage_profibrotic	POOLED	1.72748417411511	1.5207557868082031	1.6779878322396837	1.7189413690747604	0.7542232655514074	0.8835784735733826	0.2654185620988996	1.557112359706209	1.0569312021885424	1.171995913185725	0.908694780873813	1.0796227082474958	0.008542805040349544	-0.06851502178918004
VUILD115MA_150_22_38	VUILD115MA	VUILD115	fold_4	macrophage_profibrotic	POOLED	1.52815735378794	1.516398113869669	1.5022903698993266	1.6133492733855586	1.1930539614735984	1.308811697120472	0.5504831790001199	1.5571102477852932	1.30932457744316	1.395235119626028	1.1968374908284216	1.3231785226420663	-0.08519191959761852	-0.03429399560461266
VUILD115MA_150_23_26	VUILD115MA	VUILD115	fold_4	macrophage_profibrotic	POOLED	1.57233022449759	1.573877398035544	1.4811650177961444	1.5344088116649157	0.7644574513188296	0.905022062932739	-0.07927927096263998	1.557137926148261	1.005383571741178	0.9803098695828495	0.8510248568350162	0.8722356143827358	0.03792141283267436	-0.055260623285629404
VUILD115MA_150_23_27	VUILD115MA	VUILD115	fold_4	macrophage_profibrotic	POOLED	2.19368306751613	1.5695197250970099	2.1411559193225758	2.0729694630971425	1.2366678724530022	1.380683364574175	0.2531770865314129	1.557135814227345	1.1672348824347052	1.3008913161015272	0.9657845880600174	1.172425229643825	0.1207136044189876	-0.049892456323762865
VUILD115MA_150_23_30	VUILD115MA	VUILD115	fold_4	macrophage_profibrotic	POOLED	1.81725232634369	1.5564467062814074	2.067811680902536	1.9811544847622262	1.3643878548549195	1.5012157157210133	0.45211085353016656	1.5571294784645977	1.6571240235810663	1.5025832510170123	1.5116006435912226	1.386064335394754	-0.16390215841853628	-0.03313767074502433
VUILD115MA_150_23_31	VUILD115MA	VUILD115	fold_4	macrophage_profibrotic	POOLED	1.79623463625432	1.5520890333428732	2.1459049300147646	2.2182228284955547	1.9538079812766094	2.146418551064437	1.16562706185481	1.557127366543682	2.135087458578166	2.2101342637095462	1.925519590057314	2.0647187634952884	-0.42198819224123474	0.013542629474084963
VUILD115MA_150_23_33	VUILD115MA	VUILD115	fold_4	macrophage_profibrotic	POOLED	0.972411908175755	1.5433736874658046	1.3103219330135467	1.3662591386092122	0.8163505166585076	0.8545276380670621	0.054638238957110286	1.5571231427018504	1.1379292166809305	0.6396469043295017	1.0883935480306473	0.5696458927833589	-0.39384723043345726	-0.05412777277756492
VUILD115MA_150_23_34	VUILD115MA	VUILD115	fold_4	macrophage_profibrotic	POOLED	1.45685216521922	1.5390160145272704	1.3032154030183118	1.4697964355665896	0.8302681329302127	0.9470908942345084	-0.0227909094440657	1.5571210307809347	0.8052426571869444	0.7151596931909026	0.6673340485518182	0.6240141982976529	-0.012944270347369669	-0.049397386835399806
VUILD115MA_150_23_35	VUILD115MA	VUILD115	fold_4	macrophage_profibrotic	POOLED	2.14294467930005	1.5346583415887363	1.8675083326799935	1.8291909047457209	1.9932303521602242	2.026875009132062	1.0683410962824402	1.5571189188600187	2.010091853647319	1.910514339665205	1.9861751281642164	1.8930546553399688	0.31375377455432907	-0.016302587593150994
VUILD115MA_150_23_36	VUILD115MA	VUILD115	fold_4	macrophage_profibrotic	POOLED	2.37759923138022	1.530300668650202	2.2640909901960846	2.245923541703059	1.7089763074540567	1.841043314044103	1.2258299751778616	1.557116806939103	1.9396957198832707	1.9097905728692095	1.760994677642375	1.8166040758032347	0.1316756896771607	-0.03305904242501598
VUILD115MA_150_23_37	VUILD115MA	VUILD115	fold_4	macrophage_profibrotic	POOLED	2.95478673346357	1.5259429957116677	2.228090876987706	2.1455987937441385	1.6490483423137399	1.7888879819524726	1.0181802751102105	1.5571146950181871	1.860142004905716	1.9024378041480587	1.7017613278203072	1.8125880524001294	0.8091879397194313	-0.006869798571529889
VUILD115MA_150_23_38	VUILD115MA	VUILD115	fold_4	macrophage_profibrotic	POOLED	3.12191166566126	1.5215853227731335	2.1080297527632186	2.097833318738009	2.036444990158774	2.11162084506482	1.4346903501608521	1.5571125830972714	2.10985945587445	2.2316916376174527	2.0212014036561934	2.2355013514721063	1.0240783469232513	-0.0006616593761729975
VUILD115MA_150_23_39	VUILD115MA	VUILD115	fold_4	macrophage_profibrotic	POOLED	2.20194843194426	1.5172276498345993	1.320112609713411	1.5244575065576242	1.1497237266554472	1.2470243766378717	0.5731699223320201	1.5571104711763557	1.3852105724442427	1.3628815948760196	1.3204943048575637	1.3123258699671128	0.6774909253866359	-0.03871008740315207
VUILD115MA_150_23_40	VUILD115MA	VUILD115	fold_4	macrophage_profibrotic	POOLED	2.74765465824405	1.5128699768960652	2.2987643015845496	2.2033841369034706	1.5256200083094498	1.686388146241622	1.1094658739744376	1.5571083592554398	1.9087703718962206	1.8335901315821412	1.766388092106817	1.7234197690037385	0.5442705213405796	-0.01591752070162364
VUILD115MA_150_23_41	VUILD115MA	VUILD115	fold_4	macrophage_profibrotic	POOLED	1.34019693733992	1.5085123039575308	1.7127636259279373	1.8390128424765337	1.359332871796763	1.505694190318702	1.0517513996639756	1.557106247334524	1.7203233424624673	1.8186181863790627	1.5833824738446658	1.6939183502916522	-0.49881590513661367	-0.02926351975533443
VUILD115MA_150_24_18	VUILD115MA	VUILD115	fold_4	macrophage_profibrotic	POOLED	1.81148967302745	1.6139259904472827	1.4645825113264397	1.2890708253836949	1.0144353587686639	0.9166782135905851	1.3668986479225553	1.5571571568275655	1.2722073066990025	1.1882992199119207	1.4335588327970359	1.338561689960833	0.522418847643755	-0.04154774732822866
VUILD115MA_150_24_19	VUILD115MA	VUILD115	fold_4	macrophage_profibrotic	POOLED	2.00703557406265	1.6095683175087483	1.3251665747151242	1.4556191565389034	0.9235045788486643	0.9708323685703977	4.260360438066662	1.5571550449066496	1.2035154202507599	0.9897177584998145	1.2211375463091327	0.9760873733052722	0.5514164175237466	-0.025046923254760163
VUILD115MA_150_24_20	VUILD115MA	VUILD115	fold_4	macrophage_profibrotic	POOLED	1.50014907402299	1.6052106445702141	1.3141915387090601	1.3753374712385982	1.113436677300549	1.1067633439676081	3.209802538716346	1.5571529329857339	1.5227544370110184	1.0996458056705112	1.611569810070253	1.1005001426434327	0.12481160278439174	-0.025713392766124065
VUILD115MA_150_24_26	VUILD115MA	VUILD115	fold_4	macrophage_profibrotic	POOLED	1.12068254406686	1.5790646069390089	1.5816222814076568	1.6127774791894267	1.0422481834441548	1.1569282158040073	0.20589073010730452	1.557140261460239	1.1898394761033484	1.2129440215302394	1.0693500094318111	1.105443949288909	-0.49209493512256675	-0.03861085728803508
VUILD115MA_150_24_27	VUILD115MA	VUILD115	fold_4	macrophage_profibrotic	POOLED	1.61900489435113	1.5747069340004747	1.8307942436697304	1.826476287149216	1.545907061757853	1.6208011732965661	0.051956966065082044	1.5571381495393233	1.6757580753397479	1.572146417830842	1.5819780519323319	1.530079746894602	-0.20747139279808602	-0.021954135849698866
VUILD115MA_150_24_31	VUILD115MA	VUILD115	fold_4	macrophage_profibrotic	POOLED	3.18093648231971	1.5572762422463378	3.7309814289198147	3.7371952732462415	2.1745476088713254	2.4741503625371473	2.087093584910019	1.5571297018556602	2.8007102744130696	2.8256923828174356	2.464500716685434	2.592341860317957	-0.5562587909265315	0.005726877746408041
VUILD115MA_150_24_33	VUILD115MA	VUILD115	fold_4	macrophage_profibrotic	POOLED	0.87905650632957	1.5485608963692692	1.3970266939171467	1.437269240194739	0.9419960715269369	0.9962954335644905	0.39214474613996364	1.5571254780138286	1.1570533648430261	0.8960429832142911	1.1130174780524542	0.8505213694199051	-0.5582127338651689	-0.03984149941432062
VUILD115MA_150_24_35	VUILD115MA	VUILD115	fold_4	macrophage_profibrotic	POOLED	0.947340698099572	1.539845550492201	1.189380111876714	1.3510203337315985	1.0452916396429666	1.1068713208886019	0.7020322211378742	1.557121254171997	1.5007505746951257	1.0048188499630117	1.4503426949568374	0.9767685242710578	-0.40367963563202647	-0.03258674924620068
VUILD115MA_150_24_36	VUILD115MA	VUILD115	fold_4	macrophage_profibrotic	POOLED	2.04568534948404	1.535487877553667	1.678927449371433	1.7317927793363614	1.3018650007792367	1.4302654823829097	0.7065114504033748	1.5571191422510813	1.6629830574556714	1.395768213261646	1.5381198669064406	1.2967546141435864	0.3138925701476787	-0.023538771274262054
VUILD115MA_150_24_37	VUILD115MA	VUILD115	fold_4	macrophage_profibrotic	POOLED	1.82814103633177	1.5311302046151325	1.6263657243459386	1.6573025100487366	1.0054893098533575	1.1740020238835513	0.7346847783000754	1.5571170303301654	1.3486074939664796	1.1649201323506948	1.2092162107163587	1.030854094809754	0.17083852628303342	-0.04072881775061783
VUILD115MA_150_24_38	VUILD115MA	VUILD115	fold_4	macrophage_profibrotic	POOLED	2.15947730463629	1.5267725316765983	2.0340969989955897	2.0676088207537537	1.8994653339348269	2.021339129200532	1.4346251475257668	1.5571149184092496	2.0535482718640123	1.9353670685938387	1.9443116679949082	1.8431989933345059	0.0918684838825361	0.014878547162608374
VUILD115MA_150_24_39	VUILD115MA	VUILD115	fold_4	macrophage_profibrotic	POOLED	1.46754923154704	1.5224148587380641	1.681995638846359	1.672566967074595	0.8133828002380408	1.010455825245851	0.5399967950476277	1.5571128064883337	1.2499748349666104	1.1303842031059674	1.067830501889544	0.9866966612017856	-0.2050177355275551	-0.041387436344276204
VUILD115MA_150_24_41	VUILD115MA	VUILD115	fold_4	macrophage_profibrotic	POOLED	2.20939023196236	1.5136995128609956	1.8408193412727987	1.9993698548463785	2.048043749108809	2.096833043056697	1.5655508369168323	1.5571085826465023	2.125643018500637	2.1564365367442737	2.083906940839846	2.141743642071704	0.21002037711598143	-0.00748700413986257
VUILD115MA_150_24_43	VUILD115MA	VUILD115	fold_4	macrophage_profibrotic	POOLED	2.05648320486685	1.5049841669839272	2.2044174645340897	2.318399553953574	2.0140622256161427	2.1562392867612323	1.202816404875732	1.5571043588046707	2.1366244664636684	2.283408291961339	1.971591048829415	2.1314012458442426	-0.2619163490867238	-0.008336340028017019
VUILD115MA_150_25_20	VUILD115MA	VUILD115	fold_4	macrophage_profibrotic	POOLED	1.36756060511928	1.610397853473679	1.1154061407110023	1.119400217815622	1.0197675294262853	0.9585469698345006	1.2279202825182456	1.5571552682977121	1.2212641090654959	0.8937140691099242	1.3871689751161176	0.982545752853971	0.24816038730365797	-0.03318229772509611
VUILD115MA_150_25_21	VUILD115MA	VUILD115	fold_4	macrophage_profibrotic	POOLED	1.15841093204865	1.6060401805351447	1.084181094208482	1.230456440040956	1.1032538740588054	1.0453538620718412	0.0296331551631821	1.5571531563767962	1.324993567795349	1.1580850777581946	1.4158634628246052	1.2090481307362912	-0.07204550799230591	-0.02914364815986591
VUILD115MA_150_25_22	VUILD115MA	VUILD115	fold_4	macrophage_profibrotic	POOLED	0.810491766406242	1.6016825075966103	1.040359837993021	1.1980799773325912	1.184027880842891	1.1038855055424799	0.7779919995422993	1.5571510444558805	1.2137039864165495	1.1048321784017414	1.334014752241188	1.1997175082216893	-0.3875882109263492	-0.02897773781971175
VUILD115MA_150_25_26	VUILD115MA	VUILD115	fold_4	macrophage_profibrotic	POOLED	1.43689313799366	1.5842518158424734	1.8039142985456227	1.8136335891837227	1.104951533479753	1.2519749078459084	0.6101692520531692	1.5571425967722172	1.2994998020114805	1.4875216660310298	1.1317238059846946	1.4012463446500627	-0.3767404511900627	-0.03465500524468733
VUILD115MA_150_25_35	VUILD115MA	VUILD115	fold_4	macrophage_profibrotic	POOLED	1.85782949300736	1.5450327593956656	1.5687216558294277	1.6426355434680504	0.9522331531094932	1.1174951469324068	0.8450985858300718	1.5571235894839752	1.437702526516512	1.3239097103839836	1.2789474369886853	1.1713403672326856	0.2151939495393096	-0.03600345018153725
VUILD115MA_150_25_37	VUILD115MA	VUILD115	fold_4	macrophage_profibrotic	POOLED	1.40830698658529	1.536317413518597	1.544745599124724	1.6672052684121792	0.9713365454983024	1.1450814734127484	0.4677534407584316	1.5571193656421436	1.4276674846117041	1.2216032902481566	1.2969955143110161	1.0938392224130995	-0.25889828182688923	-0.05339651844533985
VUILD115MA_150_25_38	VUILD115MA	VUILD115	fold_4	macrophage_profibrotic	POOLED	1.73929145403016	1.531959740580063	1.8478882096738558	1.8895852235398563	1.2014141826937728	1.3249474978270492	0.9395586434910843	1.557117253721228	1.7886269684705678	1.4861771338364367	1.6974755376009796	1.375258075844781	-0.1502937695096962	-0.031363469766242325
VUILD115MA_150_25_40	VUILD115MA	VUILD115	fold_4	macrophage_profibrotic	POOLED	2.69335413981255	1.5232443947029946	2.3182809749713953	2.352053067284644	1.9366188991234028	2.0476677606000946	1.1867541028325963	1.5571130298793963	2.0589937660195896	2.295565028303835	1.9500540023983524	2.25708167535306	0.341301072527906	-0.028712154622119842
VUILD115MA_150_25_41	VUILD115MA	VUILD115	fold_4	macrophage_profibrotic	POOLED	1.995863463347	1.5188867217644602	1.847560620288367	1.8158202604921898	0.9553880511972801	1.115886631210937	0.8726516270933394	1.5571109179584803	1.3761476351951454	1.2525914144769623	1.2340378416826017	1.1329026499199923	0.18004320285481024	-0.04312792691403071
VUILD115MA_150_26_18	VUILD115MA	VUILD115	fold_4	macrophage_profibrotic	POOLED	0.533076982113404	1.624300408254212	0.2648583365881949	0.320634988368814	1.2494668275449488	0.8432912160373155	1.4865459339326403	1.5571618274515218	0.8858522674704077	0.9527560415898698	1.3696573030668486	1.4174453408865808	0.21244199374459005	-0.007256241298237659
VUILD115MA_150_26_26	VUILD115MA	VUILD115	fold_4	macrophage_profibrotic	POOLED	1.23461542129317	1.5894390247459382	1.9837313771595548	1.9957076031713306	1.4808476767994665	1.5723275798661427	0.7609024555143693	1.5571449320841955	1.7156995976949443	1.6128717321760933	1.6130905934546016	1.551958879956175	-0.7610921818781606	-0.02541108960473617
VUILD115MA_150_26_35	VUILD115MA	VUILD115	fold_4	macrophage_profibrotic	POOLED	1.66938469865407	1.5502199682991302	1.57215925845316	1.6621250248604147	1.2856249837660958	1.4150382531538936	0.47835801533293054	1.5571259247959535	1.5553025050226856	1.1265383685937684	1.4377013758224135	0.9759312261205115	0.007259673793655219	-0.027623708525388903
VUILD115MA_150_26_36	VUILD115MA	VUILD115	fold_4	macrophage_profibrotic	POOLED	2.34864552094485	1.545862295360596	2.8187971324352565	2.777228248624289	2.6350720484055326	2.760770593527007	1.9962941492427637	1.5571238128750375	2.7128967458730195	2.9373162839762026	2.5791015759732567	2.8553511888596894	-0.4285827276794394	0.0058723995861983715
VUILD115MA_150_26_37	VUILD115MA	VUILD115	fold_4	macrophage_profibrotic	POOLED	2.03201108263789	1.5415046224220619	1.9707970844369753	1.979385337850137	1.5339053040349762	1.716581645361436	1.1312678697679581	1.5571217009541218	1.6327310115649194	1.676821245567994	1.4462937597407632	1.507577000199518	0.05262574478775317	-1.820719262657193e-05
VUILD115MA_150_26_38	VUILD115MA	VUILD115	fold_4	macrophage_profibrotic	POOLED	1.89944029844926	1.5371469494835277	2.0226703847058474	1.9267005611665922	1.510477931437641	1.6621339671249271	1.19127278843436	1.557119589033206	1.9096258531136137	1.9608745146526452	1.7829981464438291	1.857831051357585	-0.027260262717332173	-0.0014646517621554576
VUILD115MA_150_26_39	VUILD115MA	VUILD115	fold_4	macrophage_profibrotic	POOLED	2.37481418954405	1.5327892765449935	1.7199915149825853	1.9506845246321807	1.6268899120311306	1.716761625407878	1.10143596779267	1.5571174771122902	1.961882537591177	1.834698159956506	1.8941423883987365	1.7482216111287496	0.4241296649118693	-0.029578206396135977
VUILD115MA_150_27_22	VUILD115MA	VUILD115	fold_4	macrophage_profibrotic	POOLED	0.967227912745832	1.6120569254035395	1.077372295146473	0.9798927851516832	1.0618673168967223	0.9287705066705765	1.0912531194120354	1.557155715079837	1.109625220314151	1.0358506621118022	1.3134647816550071	1.1965104022154371	-0.012664872405851235	-0.027887266705088305
VUILD115MA_150_27_35	VUILD115MA	VUILD115	fold_4	macrophage_profibrotic	POOLED	1.57534597918389	1.5554071772025948	1.6310233391045434	1.7121219170575317	1.0651583176592334	1.205251224349634	0.4779494723990132	1.5571282601079315	1.2739150027578845	1.2606288001055062	1.133906013241986	1.1560317038908576	-0.13677593787364173	-0.03172569750215509
VUILD115MA_150_27_37	VUILD115MA	VUILD115	fold_4	macrophage_profibrotic	POOLED	2.52989758011844	1.5466918313255262	1.9238198618672557	2.105756846374779	1.735561017597368	1.8977783247475382	1.300523627145595	1.5571240362661	1.7998150150484291	1.844876116934921	1.6301375457612377	1.7271410219461294	0.4241407337436609	0.014569740282438872
VUILD115MA_150_27_38	VUILD115MA	VUILD115	fold_4	macrophage_profibrotic	POOLED	2.44805139429114	1.542334158386992	2.3918716977376064	2.4143495829655883	1.7931877293819345	1.9352809372619049	1.3157440585534483	1.5571219243451841	2.155347434307883	2.2484213049099715	2.0010389951125327	2.156835662076795	0.033701811325551834	-0.024080157651278973
VUILD115MA_150_28_31	VUILD115MA	VUILD115	fold_4	macrophage_profibrotic	POOLED	1.37560038449501	1.5780250778601963	1.7220854748973675	1.9345531712580237	1.321655837438179	1.4895523547294212	0.4896461031321817	1.557139043103573	1.4228566784637007	1.3121906930368383	1.2509962327103694	1.138876739788965	-0.5589527867630137	-0.017325861345417422
VUILD115MA_150_28_33	VUILD115MA	VUILD115	fold_4	macrophage_profibrotic	POOLED	3.00762492537431	1.5693097319831277	2.8192936483869353	2.809232077429887	2.0281829186014853	2.222413069031639	0.8765787779428689	1.5571348192617414	2.3177930522609955	2.295308214402387	2.131655098851788	2.1541568202564774	0.1983928479444228	0.002364496956139703
VUILD115MA_150_28_36	VUILD115MA	VUILD115	fold_4	macrophage_profibrotic	POOLED	1.26898436058148	1.5562367131675254	1.829122198819511	1.931663776535434	1.101939877748592	1.2761720746031653	0.8680469753802326	1.557128483498994	1.7085671146411423	1.43414688240263	1.55893964571203	1.296391458332128	-0.6626794159539542	-0.035508516312794156
VUILD115MA_150_28_37	VUILD115MA	VUILD115	fold_4	macrophage_profibrotic	POOLED	2.31319266472242	1.551879040228991	1.8418542734481098	1.7628806973949809	1.6582514697851296	1.7754332361505476	1.194697965190127	1.557126371578078	1.8136196909753144	1.7582342630481487	1.686862057223252	1.654796433914509	0.5503119673274393	-0.01954959320935941
VUILD115MA_150_28_39	VUILD115MA	VUILD115	fold_4	macrophage_profibrotic	POOLED	2.13489533371557	1.5431636943519227	1.5484385022466913	1.7249748611010431	1.5913133354498958	1.6431970756052487	1.0025672139604769	1.5571221477362467	1.7534310200793208	1.8394750586792525	1.7044786360786623	1.8183536170135413	0.4099204726145269	-0.019683906654011114
VUILD115MA_150_29_37	VUILD115MA	VUILD115	fold_4	macrophage_profibrotic	POOLED	3.21476626571648	1.5570662491324556	2.3371155657284275	2.4065458960803348	2.067164198348126	2.200119381180535	0.9155712697730372	1.5571287068900563	2.1074143418717592	2.22376192676478	1.9756403044372144	2.1334718435119893	0.8082203696361452	-0.001071476893635133
VUILD115MA_150_29_40	VUILD115MA	VUILD115	fold_4	macrophage_profibrotic	POOLED	2.72678294936265	1.543993230316853	2.2995609962496073	2.329636017448891	1.7145496445527622	1.858810815099752	1.1832865693326378	1.557122371127309	1.968513526830381	2.110266358272864	1.8155534139732785	2.0099721802078716	0.3971469319137588	-0.02027011486126557
VUILD115MA_150_29_41	VUILD115MA	VUILD115	fold_4	macrophage_profibrotic	POOLED	1.63337432229184	1.5396355573783187	1.5124884327907149	1.6759301123738621	1.684347660301216	1.7679954326755585	0.9861148666539192	1.5571202592063933	1.6366917967244676	1.745455731508346	1.5205286048587328	1.6835039714731033	-0.04255579008202215	0.002666464535270155
VUILD115MA_150_30_33	VUILD115MA	VUILD115	fold_4	macrophage_profibrotic	POOLED	2.10979521558896	1.5796841497900571	1.533453585599272	1.3882850056900884	1.2480880540682275	1.2905558482379007	0.7160565158987434	1.5571394898856978	1.4811876116121943	1.3573348463730304	1.4715818801083815	1.3532873958113494	0.7215102098988717	-0.018307995542269126
VUILD115MA_150_30_34	VUILD115MA	VUILD115	fold_4	macrophage_profibrotic	POOLED	2.46375350199527	1.575326476851523	1.997674984793838	2.003250856941561	1.9157624215231681	1.9913264770175378	1.1630100217903458	1.557137377964782	2.010070916485361	2.0802470353996747	1.9288950224375494	2.0509987672523837	0.4605026450537091	-0.01250107837494199
VUILD115MA_150_31_31	VUILD115MA	VUILD115	fold_4	macrophage_profibrotic	POOLED	1.26626036342698	1.5935867045705905	1.1336753381685503	1.302129468866756	1.0768167258029104	1.162064866884342	0.3330504731121815	1.5571460490395075	1.235475521312124	1.0600661726070983	1.1874713971191047	1.0025435972516752	-0.03586910543977595	-0.03192883877045653
VUILD115MA_150_31_32	VUILD115MA	VUILD115	fold_4	macrophage_profibrotic	POOLED	1.57013849519139	1.5892290316320563	1.181908366768	1.1873578534294786	0.9532623275853832	1.035067118689801	0.2702976426855561	1.5571439371185918	1.2462265292534636	0.8717929391583159	1.1832447683167997	0.7871849166885786	0.3827806417619113	-0.04004526241232639
VUILD115MA_150_31_33	VUILD115MA	VUILD115	fold_4	macrophage_profibrotic	POOLED	1.84086669139644	1.584871358693522	1.2573063064209367	1.3634256686180746	1.0285595489998782	1.1383826768552912	0.012320611767385525	1.5571418251976759	1.3599769591117148	1.1644001022523307	1.2237346518967605	1.0652720985056172	0.4774410227783654	-0.043154406158659495
VUILD115MA_150_31_34	VUILD115MA	VUILD115	fold_4	macrophage_profibrotic	POOLED	1.73211165400118	1.5805136857549877	1.550010816389126	1.6013461783782954	1.692448664837706	1.7735238433657559	0.7830624936031672	1.5571397132767602	1.8391089767929918	1.7526523922736108	1.7558181847548748	1.72780309342901	0.13076547562288465	-0.003530652913192482
VUILD115MA_150_31_35	VUILD115MA	VUILD115	fold_4	macrophage_profibrotic	POOLED	1.91760878019834	1.5761560128164536	1.8686310342989436	1.964277669679158	1.4666455706465935	1.5896853676015397	0.9821486740182818	1.5571376013558444	1.6671588563696729	1.7963328821257358	1.5648503872892514	1.7169948643942097	-0.04666888948081804	-0.0029751582179102995
VUILD115MA_150_32_31	VUILD115MA	VUILD115	fold_4	macrophage_profibrotic	POOLED	2.47244956146329	1.598773913474055	1.6681534246386207	1.6114393656616546	0.8783464381068129	1.0368465345614448	0.19501714115614988	1.5571483843514857	1.284111608473431	0.8893302559959672	1.146494359382911	0.7140037040063504	0.8610101958016356	-0.038251204516370776
VUILD115MA_150_32_32	VUILD115MA	VUILD115	fold_4	macrophage_profibrotic	POOLED	1.7158129696473	1.594416240535521	1.6214999900807117	1.6457190093712877	1.5238842721587926	1.6215255533839537	0.724847876847027	1.55714627243057	1.6489073020707024	1.4144465375900432	1.5486851995606585	1.3181384432806305	0.07009396027601222	0.0012534543140161284
VUILD115MA_150_32_33	VUILD115MA	VUILD115	fold_4	macrophage_profibrotic	POOLED	2.8470269990312	1.5900585675969865	2.52578417080149	2.265891979828762	1.727787468487997	1.9022001299100861	0.9885644710860276	1.557144160509654	2.0916661513158408	2.022231884051088	1.9318465848438748	1.9104938383048233	0.581135019202438	-0.009520202782934644
VUILD115MA_150_32_34	VUILD115MA	VUILD115	fold_4	macrophage_profibrotic	POOLED	2.38729768853229	1.5857008946584523	2.0750369085753895	2.0246880583926004	1.4261595227338515	1.5856518847736971	0.7705614471481796	1.5571420485887384	1.6954159063483012	1.6666836215267669	1.5031684959925904	1.5532969925711446	0.3626096301396897	-0.020142782861829668
VUILD115MA_150_32_36	VUILD115MA	VUILD115	fold_4	macrophage_profibrotic	POOLED	2.06335511465102	1.576985548781384	2.5393786117574617	2.6463162286975663	2.3569829145775505	2.453088333018817	1.7978757009019894	1.5571378247469068	2.483191220770763	2.6052143644051533	2.418208919875248	2.6044366203250355	-0.5829611140465465	0.0030178857881332233
VUILD115MA_150_33_32	VUILD115MA	VUILD115	fold_4	macrophage_profibrotic	POOLED	1.74690219639025	1.5996034494389857	1.361108935484887	1.425426778459911	1.08672587885757	1.1569691881547177	0.16563928147034845	1.557148607742548	1.3398893539545869	1.1762780835440756	1.275193018501984	1.1190716297200163	0.32147541793033896	-0.028498756747969405
VUILD115MA_150_33_33	VUILD115MA	VUILD115	fold_4	macrophage_profibrotic	POOLED	2.04521894519035	1.5952457765004513	1.8520333685422612	1.780305880447311	1.5814929620764788	1.654837221232458	1.180829726190134	1.5571464958216323	2.093038933655311	1.8463625148335305	2.076397664897807	1.842977595868939	0.2649130647430391	-0.0008477828439947006
VUILD115MA_150_33_34	VUILD115MA	VUILD115	fold_4	macrophage_profibrotic	POOLED	1.75275721257662	1.5908881035619171	1.809947174625559	1.8126453668079745	1.3492954274178053	1.4810801485745577	0.5800953771610645	1.5571443839007166	1.6209962198767127	1.3505728426714478	1.517859074162608	1.2362154645584087	-0.05988815423135452	-0.01349316142787107
VUILD115MA_150_33_35	VUILD115MA	VUILD115	fold_4	macrophage_profibrotic	POOLED	1.50438698783343	1.586530430623383	1.486885204308545	1.6042071171624734	1.5225029886959176	1.5425995865456594	0.7179025774703294	1.5571422719798007	1.5949908527096917	1.6450215147813232	1.585624716372934	1.6541855942621486	-0.0998201293290435	-0.005717027732563025
VUILD115MA_150_34_32	VUILD115MA	VUILD115	fold_4	macrophage_profibrotic	POOLED	1.5121271367588	1.6047906583424503	1.316472460150687	1.3013780416850034	1.1269975713489564	1.2169515454456574	0.19650953287704143	1.5571509430545263	1.4602097415746995	1.0532978032468714	1.4167142707505216	0.9765863818319319	0.2107490950737967	-0.011393449872588658
VUILD115MA_150_34_33	VUILD115MA	VUILD115	fold_4	macrophage_profibrotic	POOLED	1.59761733803827	1.6004329854039159	1.2553852475618281	1.2688592202877091	1.0852135466435078	1.1394895881077394	0.2549814080378765	1.5571488311336106	1.2840077216477075	1.1369207985609022	1.2471938504996578	1.082685839766318	0.32875811775056096	-0.026522420529153636
VUILD115MA_150_34_34	VUILD115MA	VUILD115	fold_4	macrophage_profibrotic	POOLED	1.61857431638252	1.5960753124653817	1.4265744102805094	1.615872375375248	1.227193518868499	1.3244060053716251	0.36280154863395486	1.5571467192126947	1.5239379235771568	1.3642098541476702	1.4399832661580423	1.2951387715082174	0.0027019410072719463	-0.011821538992307099
VUILD115MA_150_34_35	VUILD115MA	VUILD115	fold_4	macrophage_profibrotic	POOLED	1.62714109171443	1.5917176395268477	2.071015994578801	1.9776479296509764	1.7064170362288393	1.8126608962096467	0.7541713412656569	1.557144607291779	1.71581386733591	1.8345353419713717	1.6219396317193702	1.7915297280414877	-0.35050683793654636	-0.0003207866925050099
VUILD115MA_150_35_33	VUILD115MA	VUILD115	fold_4	macrophage_profibrotic	POOLED	1.8884679990615	1.6056201943073807	1.3486990425514602	1.62608249764871	1.1116430359697305	1.2044463912440861	-0.009179553387496764	1.5571511664455888	1.4442190782706965	1.1668304067296842	1.3734960903458098	1.103411898719065	0.26238550141279005	-0.020455941122076077
VUILD115MA_150_3_28	VUILD115MA	VUILD115	fold_4	macrophage_profibrotic	POOLED	1.63551054107324	1.4614178740891823	1.3895648188275957	1.4167363346805024	1.0002020436286072	1.0710083907869898	0.6432349879528337	1.5570869960668654	1.2592675219663703	1.0184461002208203	1.1464529418257388	0.9254739060847491	0.2187742063927376	-0.03827292159398413
VUILD115MA_150_4_28	VUILD115MA	VUILD115	fold_4	macrophage_profibrotic	POOLED	1.07918478869687	1.4666050829926471	1.1918163601578626	1.2408341035310246	0.6698838859324466	0.7517383509460931	0.6290876171793236	1.5570893313788434	0.9683617871938079	0.8384763374138587	0.9134964087826113	0.7566151832682948	-0.16164931483415468	-0.05007224664607761
VUILD115MA_150_4_31	VUILD115MA	VUILD115	fold_4	macrophage_profibrotic	POOLED	2.75841609364962	1.4535320641770444	2.152793404160523	2.1377418993537693	2.036436551274875	2.122951751530952	1.5842964933199475	1.557082995616096	2.0890168329075376	2.2773484067831467	1.972455961298297	2.201159387720728	0.6206741942958507	0.024764527225178332
VUILD115MA_150_5_25	VUILD115MA	VUILD115	fold_4	macrophage_profibrotic	POOLED	1.31983211314439	1.4848653107117142	1.4160837914246838	1.5040857475664056	0.9562417505518103	1.044056034846572	0.7625615358882032	1.557098002453569	1.3062491275543477	1.1469153539615058	1.2387415420307664	1.0839297060291309	-0.1842536344220156	-0.05718859851324455
VUILD115MA_150_5_27	VUILD115MA	VUILD115	fold_4	macrophage_profibrotic	POOLED	1.05733018035962	1.4761499648346457	1.4310016815059512	1.5813238968077408	1.4765292118764506	1.5019986522104998	0.8757708498947475	1.5570937786117376	1.7039571401412859	1.4753029205070698	1.6933830995890575	1.4340695858281256	-0.5239937164481208	-0.020008680311209743
VUILD115MA_150_5_28	VUILD115MA	VUILD115	fold_4	macrophage_profibrotic	POOLED	0.909389900483441	1.4717922918961115	1.3648604847041728	1.3970738979968684	0.7719294918858546	0.9137047062682526	0.560204405257091	1.5570916666908217	1.0345266976692584	0.9230379595539666	0.8858005757388527	0.7845081237701383	-0.4876839975134274	-0.047447751283895
VUILD115MA_150_5_29	VUILD115MA	VUILD115	fold_4	macrophage_profibrotic	POOLED	1.51944262766509	1.4674346189575773	1.7871779806991404	1.7850708420589587	1.747103650236434	1.846319075170125	1.0540577525499808	1.557089554769906	1.9085018652877581	1.8130846678625638	1.8328330552184728	1.7224326597988855	-0.26562821439386863	0.018851351750056745
VUILD115MA_150_5_32	VUILD115MA	VUILD115	fold_4	macrophage_profibrotic	POOLED	2.91964135821155	1.4543616001419748	3.2750928487032436	3.1459594136243485	2.9775318867446843	3.0179152888506793	2.938144515757696	1.5570832190071586	2.8476566820750455	3.2237584028987616	2.735200856181622	3.1693841200759567	-0.22631805541279837	0.010202436268788875
VUILD115MA_150_5_34	VUILD115MA	VUILD115	fold_4	macrophage_profibrotic	POOLED	2.8305724722362	1.4456462542649062	3.5033381850883094	3.4813081882151367	2.652269594482105	2.882778206273481	2.1559235085233577	1.557078995165327	2.625942555471683	2.866361092120914	2.335834843543819	2.6370931844215972	-0.6507357159789366	0.008819947487305229
VUILD115MA_150_6_25	VUILD115MA	VUILD115	fold_4	macrophage_profibrotic	POOLED	1.30073518712976	1.490052519615179	1.1482712489812805	1.3908476073023073	0.8191569447543623	0.9268921556497707	0.915982778539301	1.5571003377655472	1.0243194165063765	1.0544432268865442	0.9476040363462948	1.0351039359963878	-0.09011242017254717	-0.06812253439724478
VUILD115MA_150_6_26	VUILD115MA	VUILD115	fold_4	macrophage_profibrotic	POOLED	1.46124326860899	1.4856948466766446	1.599681893360551	1.4835275359191271	1.128849277038174	1.2030392717478648	1.2792224874562619	1.5570982258446315	1.425536888767476	1.0512876237290343	1.365684402996425	0.9934891930847464	-0.022284267310137107	-0.05491835624800971
VUILD115MA_150_6_31	VUILD115MA	VUILD115	fold_4	macrophage_profibrotic	POOLED	2.38248707421244	1.4639064819839736	1.697794745006415	1.8096805618217904	1.3256414041247886	1.444458157859907	1.2573962723039598	1.5570876662400526	1.9397150034108828	1.775285365201392	1.8822658857773684	1.7081984036985878	0.5728065123906496	-0.013401288303939213
VUILD115MA_150_7_13	VUILD115MA	VUILD115	fold_4	macrophage_profibrotic	POOLED	1.70495449217114	1.5475318037810541	1.8142740960684742	1.8801463829267728	1.328100205545131	1.3835627522491651	0.34521448657077736	1.557128016128515	1.2762812221363304	1.4018392008717258	1.1908725564123226	1.3597018170234885	-0.1751918907556329	-0.04913478348773434
VUILD115MA_150_7_25	VUILD115MA	VUILD115	fold_4	macrophage_profibrotic	POOLED	1.2664829889891	1.4952397285186436	1.4730257038091734	1.3472800858132614	0.8248960193469546	0.9149646629510322	0.8306961613815641	1.5571026730775255	1.0696458775538846	0.9978935760829449	0.9934553518952811	0.9296982186518109	-0.08079709682416136	-0.0610479755896243
VUILD115MA_150_7_26	VUILD115MA	VUILD115	fold_4	macrophage_profibrotic	POOLED	1.55508414596244	1.4908820555801092	1.2868810805788113	1.4601257907662755	1.3854711451743684	1.437385421629888	1.079678216712864	1.5571005611566098	1.3985619177585424	1.2002155408545623	1.3497005245758442	1.163483882198788	0.09495835519616458	-0.04905762842385561
VUILD115MA_150_7_29	VUILD115MA	VUILD115	fold_4	macrophage_profibrotic	POOLED	2.49998317820337	1.4778090367645067	3.612922828156601	3.4695407590308114	1.9232302094117886	2.1873240875734723	1.222802350413545	1.5570942253938624	2.0417442482023036	2.2081574004196285	1.7323993501966422	1.9123169212201783	-0.9695575808274413	-0.03385208114502075
VUILD115MA_150_7_30	VUILD115MA	VUILD115	fold_4	macrophage_profibrotic	POOLED	2.24606229302645	1.4734513638259725	3.1206790079998994	3.052549705283569	2.6472741417538206	2.790076262752476	1.6402577101647475	1.5570921134729465	2.6353995092202824	2.4692240229774574	2.430402426360946	2.263426471318912	-0.8064874122571188	-0.006745628320792504
VUILD115MA_150_7_31	VUILD115MA	VUILD115	fold_4	macrophage_profibrotic	POOLED	1.9124784385962	1.4690936908874384	1.6278742205528753	1.677618355434228	1.3258966824396978	1.3804936529352245	0.961261594380594	1.5570900015520308	1.6633939491060452	1.666817785174722	1.6057059043231905	1.6041096479128607	0.23486008316197182	-0.013308505646034538
VUILD115MA_150_7_33	VUILD115MA	VUILD115	fold_4	macrophage_profibrotic	POOLED	2.27467813335276	1.4603783450103698	1.6493076034603775	1.6458909156055808	1.3940238020021327	1.4954188640152701	1.1085210444353537	1.5570857777101992	1.647624754258902	1.7109208168249395	1.5745538376616883	1.673601000077812	0.6287872177471794	-0.009919044416994323
VUILD115MA_150_7_34	VUILD115MA	VUILD115	fold_4	macrophage_profibrotic	POOLED	1.65557425245153	1.4560206720718356	1.6756473192703025	1.7262927420677818	1.4570502531043417	1.4973067102865698	0.9740484019700708	1.5570836657892835	1.8983902392724512	1.7059760008985005	1.8895227533512176	1.6816129655936467	-0.07071848961625182	-0.02773506952984298
VUILD115MA_150_7_35	VUILD115MA	VUILD115	fold_4	macrophage_profibrotic	POOLED	1.99054680340589	1.4516629991333014	1.5948720262460478	1.6833089457189347	1.2591879107513144	1.3514630258226994	0.909410355078387	1.5570815538683676	1.6140411446157474	1.6234611974866042	1.5441720544594477	1.5609093005167505	0.3072378576869552	-0.02611277526341483
VUILD115MA_150_7_36	VUILD115MA	VUILD115	fold_4	macrophage_profibrotic	POOLED	1.75307922015327	1.4473053261947673	1.82595845969007	1.7959107484415835	1.958846471057715	1.9881372469831575	2.1038809561779903	1.5570794419474518	2.0731507721319264	2.0623462586612926	2.099507809808737	2.002328765164636	-0.0428315282883136	0.002273221787995657
VUILD115MA_150_8_18	VUILD115MA	VUILD115	fold_4	macrophage_profibrotic	POOLED	1.37009495447696	1.5309306479918479	1.4237687390792158	1.3542549089218068	1.2808806362431793	1.2655150980639513	0.6618886910316368	1.5571197918359143	1.4442617723268636	0.9786661328858501	1.4543481442182187	0.9787096911759481	0.01584004555515328	-0.03845151337073005
VUILD115MA_150_8_19	VUILD115MA	VUILD115	fold_4	macrophage_profibrotic	POOLED	2.30894744296839	1.5265729750533135	1.6982951164505267	1.6287595911797916	1.5218373578534605	1.5662675264745456	1.0545036225738094	1.5571176799149984	1.5777127479011608	1.714108687729004	1.5481940123050262	1.7220662566524751	0.6801878517885982	-0.038284062280379824
VUILD115MA_150_8_20	VUILD115MA	VUILD115	fold_4	macrophage_profibrotic	POOLED	1.46059946512117	1.5222153021147793	1.4333305918368668	1.4731818789640079	1.399142789761991	1.4587758225155474	1.2898000386330999	1.5571155679940827	1.6533054407746206	1.5121241478827585	1.6123080367392117	1.508877056609541	-0.01258241384283787	-0.04228525940957967
VUILD115MA_150_8_21	VUILD115MA	VUILD115	fold_4	macrophage_profibrotic	POOLED	1.78448458247388	1.5178576291762451	1.3304664264508252	1.468857256653055	0.9909555269510173	1.0930895964972374	0.6189127819184688	1.5571134560731668	1.3389457980812616	1.1410087220205474	1.2770989552966427	1.0636446492051193	0.31562732582082487	-0.0445731017131568
VUILD115MA_150_8_26	VUILD115MA	VUILD115	fold_4	macrophage_profibrotic	POOLED	1.49764164408002	1.496069264483574	1.2668067292741554	1.2749892822142868	0.8345431140674254	0.9130559321870811	0.9995454901998012	1.557102896468588	1.2648849851827035	0.8886455142008642	1.2510751312084374	0.8719485086634132	0.22265236186573323	-0.06551676572025432
VUILD115MA_150_8_27	VUILD115MA	VUILD115	fold_4	macrophage_profibrotic	POOLED	1.06479867591166	1.4917115915450399	1.2640958676065321	1.4131208294192432	0.9764893686909224	1.098812758452599	0.9170355936642204	1.557100784547672	1.3633787346296808	1.030800106376858	1.2823076117774743	0.9700574569374875	-0.3483221535075831	-0.044382666883247116
VUILD115MA_150_8_29	VUILD115MA	VUILD115	fold_4	macrophage_profibrotic	POOLED	2.67061829805279	1.4829962456679715	3.318734348651831	3.3468688810646903	2.479967654710497	2.6458359139488	1.8904063515808138	1.5570965607058405	2.3401995740260757	2.4901873073973766	2.101452097731048	2.2894112391019186	-0.6762505830119001	-0.021687146350964213
VUILD115MA_150_8_32	VUILD115MA	VUILD115	fold_4	macrophage_profibrotic	POOLED	2.05920932052044	1.4699232268523688	1.502384015670732	1.6337444976096556	1.5608372828991746	1.5979167705661899	1.307009236396904	1.5570902249430931	1.818591972637841	1.8269926782545418	1.8145102946511806	1.835204010785115	0.42546482291078447	-0.016770047660852702
VUILD115MA_150_8_33	VUILD115MA	VUILD115	fold_4	macrophage_profibrotic	POOLED	2.66094319909789	1.4655655539138344	2.3730372089970206	2.2529422854436967	2.4894649509778817	2.52978661573324	1.8255174174051576	1.5570881130221774	2.5578313713129575	2.5697581054249756	2.5451057174457046	2.573729098228476	0.4080009136541931	0.025019123735215174
VUILD115MA_150_8_34	VUILD115MA	VUILD115	fold_4	macrophage_profibrotic	POOLED	2.04551585698196	1.4612078809753002	1.5466512918910602	1.5059448381972071	1.5486044479086793	1.6114409015385112	1.0107548074757413	1.5570860011012615	1.658588356163923	1.7000998394770017	1.6097160832911053	1.668365915240078	0.5395710187847529	-0.015094238328623544
VUILD115MA_150_8_35	VUILD115MA	VUILD115	fold_4	macrophage_profibrotic	POOLED	2.12576912269812	1.4568502080367662	1.4878667514765542	1.6874596492960143	0.8824601018371527	1.0107335639543553	0.8868013042405354	1.5570838891803458	0.9185595488651407	1.062738045543615	0.7837734655129285	0.9507049739693417	0.4383094734021058	-0.04449362503446759
VUILD115MA_150_8_38	VUILD115MA	VUILD115	fold_4	macrophage_profibrotic	POOLED	1.71705510848929	1.4437771892211635	1.449743941542191	1.6366693809423267	0.9781931672886074	1.048040956638711	1.2070100690630163	1.5570775534175985	1.2974459004137564	1.24837865906436	1.2154172651834645	1.1511222868851787	0.08038572754696327	-0.05428034820188485
VUILD115MA_150_9_17	VUILD115MA	VUILD115	fold_4	macrophage_profibrotic	POOLED	1.17409034319553	1.5404755298338466	1.5032565917307115	1.3797423946412355	1.2555024723317794	1.2390195372644874	0.7649801593990171	1.5571242390688083	1.3179555178323108	1.199065169851396	1.3616640296485538	1.2190086537203482	-0.20565205144570542	-0.03572473548758884
VUILD115MA_150_9_18	VUILD115MA	VUILD115	fold_4	macrophage_profibrotic	POOLED	1.82353188749135	1.5361178568953124	1.4842638687242706	1.4974210577902494	1.5566956867849164	1.539885720141933	0.7715942243672188	1.5571221271478923	1.7386886021198302	1.534214639426108	1.7446678707961447	1.5621428191040703	0.3261108297011006	-0.032771165212419476
VUILD115MA_150_9_19	VUILD115MA	VUILD115	fold_4	macrophage_profibrotic	POOLED	2.704916018308	1.5317601839567783	2.3153986253254613	2.1860842646635126	1.8228453787605958	1.9132794044046295	1.4905468056213171	1.5571200152269766	1.9753482037079135	2.0113225029623725	1.8716875777192143	1.9493660476606953	0.5188317536444873	-0.02530192078506123
VUILD115MA_150_9_20	VUILD115MA	VUILD115	fold_4	macrophage_profibrotic	POOLED	2.42938638451777	1.527402511018244	2.1710057357504984	2.0129774656390507	2.3068526432093415	2.3724107280787132	1.5796710545971266	1.557117903306061	2.2006558275631174	2.3980578639263586	2.132511701256359	2.376940446851358	0.41640891887871945	0.0028660487652941886
VUILD115MA_150_9_21	VUILD115MA	VUILD115	fold_4	macrophage_profibrotic	POOLED	2.9574693161226	1.52304483807971	2.2792904070451048	2.2573571042375447	2.0917854175796786	2.181104164962174	1.3354757805388675	1.557115791385145	2.217393772780226	2.2927277528897605	2.154329676970117	2.2358569994196222	0.7001122118850551	-0.01075265416533888
VUILD115MA_150_9_26	VUILD115MA	VUILD115	fold_4	macrophage_profibrotic	POOLED	1.55927430223542	1.5012564733870386	1.2799447305571205	1.4378490217591764	1.0235773077092691	1.0829646502135521	0.7986714148967136	1.557105231780566	1.243349405769345	0.8274385980530106	1.197314692573086	0.790597285620975	0.12142528047624368	-0.053899976650812725
VUILD115MA_150_9_27	VUILD115MA	VUILD115	fold_4	macrophage_profibrotic	POOLED	1.24555918271305	1.4968988004485044	1.5763692727198453	1.4795368994262572	1.1650118018917444	1.2281409930889309	0.9361525204017241	1.5571031198596503	1.4131112071851903	1.2000881316191534	1.3471105941460408	1.1886462776100806	-0.2339777167132071	-0.031414319491282844
VUILD115MA_150_9_28	VUILD115MA	VUILD115	fold_4	macrophage_profibrotic	POOLED	2.57769895162773	1.4925411275099703	2.249660301585907	2.206498493505582	2.0635696249392352	2.1595909844409373	1.7451924559634429	1.5571010079387346	1.784470382213579	1.9097033773057497	1.6518908900231706	1.8185955207258293	0.3712004581221482	-0.022444640580320425
VUILD115MA_150_9_35	VUILD115MA	VUILD115	fold_4	macrophage_profibrotic	POOLED	1.94746142264651	1.4620374169402308	1.8210454544814827	1.7822469897674906	1.4119710350354764	1.5398624172497561	1.2128596110039105	1.557086224492324	1.507569462714672	1.7233658774786846	1.3517160163566895	1.630423908411995	0.16521443287901927	-0.011333828903019988
VUILD115MA_150_9_36	VUILD115MA	VUILD115	fold_4	macrophage_profibrotic	POOLED	1.10434858562806	1.4576797440016966	1.859961898947238	1.9410122543338764	1.378957459266208	1.4812414361344854	1.0979120576503183	1.557084112571408	1.4822856338776536	1.6734146407839892	1.3552184232621223	1.592925701640317	-0.8366636687058164	-0.04104193926283366
VUILD115MA_150_9_37	VUILD115MA	VUILD115	fold_4	macrophage_profibrotic	POOLED	3.13932971714612	1.4533220710631622	2.776254554317116	2.8487255943328753	2.8423854527959715	2.9842079678058293	2.4812264563473443	1.5570820006504924	2.6348564212469974	3.041734647608804	2.4496661076673703	2.8768989505858498	0.29060412281324455	0.028060295012563383
VUILD115MA_150_9_38	VUILD115MA	VUILD115	fold_4	macrophage_profibrotic	POOLED	1.31884328377344	1.448964398124628	1.7635085400993786	1.6156842211743145	1.2124402416675388	1.2767368593295025	1.2156376494700303	1.5570798887295767	1.3272566093971616	1.496073756424439	1.26818618242506	1.4452111337399258	-0.29684093740087447	-0.04279713427381254
VUILD115MA_150_9_39	VUILD115MA	VUILD115	fold_4	macrophage_profibrotic	POOLED	1.76928049719161	1.444606725186094	1.8796353899428957	2.100721432342887	1.5157564199227445	1.6241126188467434	1.5235555387733015	1.5570777768086608	1.757135667689539	1.8563531537251352	1.6329622481806836	1.7296253451892978	-0.3314409351512768	-0.012411915531130307
