region_id	sample_id	donor_id	fold	target	analysis_stratum	observed	M0_pred	M1_pred	M2_pred	M3_pred	M4_pred	color_pred	coordinate_pred	grayscale_pred	macenko_pred	M3_grayscale_pred	M3_macenko_pred	heldout_base_residual	morphology_predicted_residual
VUHD069_150_0_13	VUHD069	VUHD069	fold_3	macrophage_profibrotic	POOLED	1.17532629008678	1.5582862621991473	1.1373194956545258	1.1420269143108788	1.14894373801594	1.2781636582829567	1.302122321507851	1.5582533123211837	1.5110188716066628	1.427350144212395	1.3786541498362332	1.4020740889979137	0.03329937577590125	0.11005179803773392
VUHD069_150_10_10	VUHD069	VUHD069	fold_3	macrophage_profibrotic	POOLED	0.871120893179092	1.5583157957660119	1.071577092623555	1.0197586383285402	1.1470258228451125	1.1351762773060574	1.368399331237077	1.5582977228801536	1.2133101616414574	1.0120189403899782	1.2971489115260815	1.0333786199800397	-0.14863774514944816	0.07908504465694995
VUHD069_150_10_14	VUHD069	VUHD069	fold_3	macrophage_profibrotic	POOLED	1.38091430062428	1.5583220159673927	1.3126811372302734	1.1269281540990712	1.3883123145826266	1.4638016466297723	1.2693760380004626	1.558307794864311	1.4894824370771844	1.4150091293504037	1.4119452521099485	1.4196200724572317	0.2539861465252087	0.1511632926551818
VUHD069_150_10_2	VUHD069	VUHD069	fold_3	macrophage_profibrotic	POOLED	0.968060431318833	1.5583033553632504	1.208546638088099	1.1446605154104894	0.8222704316640258	0.8578631880150251	0.9655305052120285	1.558277578911839	1.1667653574844072	1.0564151830399202	1.1345530097334988	1.1375620672822284	-0.1766000840916564	0.0030976667113274854
VUHD069_150_11_10	VUHD069	VUHD069	fold_3	macrophage_profibrotic	POOLED	0.754884012144496	1.5583192156378018	0.9888285849735763	0.9179973589704437	0.8167799796054429	0.7883824935230423	1.287453778085085	1.5583029193348623	1.0267896277072808	0.7971694364245733	1.089683463066897	0.8744066287728212	-0.1631133468259477	0.021061965560453103
VUHD069_150_11_13	VUHD069	VUHD069	fold_3	macrophage_profibrotic	POOLED	1.36099522138739	1.5583238807888375	0.9971425288569513	0.9332873548547971	1.5168816430476122	1.4185613317097117	1.5404937865062727	1.5583104733229802	1.2642617094217627	1.39761929342309	1.5863626660432442	1.478783279676302	0.42770786653259285	0.14473139362214998
VUHD069_150_11_2	VUHD069	VUHD069	fold_3	macrophage_profibrotic	POOLED	0.811626162190864	1.5583067752350404	1.0901164044504694	1.1176920583737677	0.7588525915793234	0.7981427123472948	1.0463809202836218	1.5582827753665478	1.0760133313098785	0.9756509550556145	1.1442558059032142	0.9592783649129076	-0.3060658961829037	-0.03089565531018574
VUHD069_150_11_7	VUHD069	VUHD069	fold_3	macrophage_profibrotic	POOLED	0.890649403846045	1.5583145504867664	1.1740820607889648	1.181502526882929	1.0660641098927326	1.1579093264039266	1.8151271886870464	1.5582953653467444	1.0318369944992283	1.6002933949033205	1.165182372523483	1.5931650384163119	-0.29085312303688393	0.03447326148062209
VUHD069_150_11_9	VUHD069	VUHD069	fold_3	macrophage_profibrotic	POOLED	1.20923770699873	1.5583176605874567	1.2698785596088293	1.1805307534350233	1.4861479506772688	1.483122104426945	1.5346877624551984	1.558300401338823	1.4306366528657248	1.4733808028897946	1.4820717692858474	1.531499214009521	0.02870695356370656	0.13721942620031885
VUHD069_150_12_10	VUHD069	VUHD069	fold_3	macrophage_profibrotic	POOLED	0.748407586112108	1.5583226355095918	0.7049121256395048	0.7426897343752616	0.6383580333518596	0.5546359568491905	1.3656939165906032	1.558308115789571	0.9448924137645653	0.8827804730310937	1.1933257793699286	1.0537346519562325	0.005717851736846358	0.015482532295568008
VUHD069_150_12_2	VUHD069	VUHD069	fold_3	macrophage_profibrotic	POOLED	0.881166755310486	1.5583101951068303	1.2503709647134977	1.3006407506955382	1.0851265544214173	1.1590510750731493	1.1078824616371725	1.5582879718212568	1.3345737632973913	1.2372484149633705	1.2768103682995986	1.199970821109781	-0.41947399538505215	0.024813335913916677
VUHD069_150_12_6	VUHD069	VUHD069	fold_3	macrophage_profibrotic	POOLED	0.659777907892945	1.5583164153082112	1.0476352942194764	0.9582887153798089	0.9489615267691452	0.9167788282922795	1.1363030938477667	1.558298043805414	0.8807145312201385	0.8979229572418326	1.0125122100935744	0.9877982999250194	-0.29851080748686387	0.0541066473548318
VUHD069_150_13_5	VUHD069	VUHD069	fold_3	macrophage_profibrotic	POOLED	1.00143726387024	1.558318280129656	1.3061666885812935	1.106047657030932	1.3659293607846466	1.248055543991824	1.7401467465911393	1.5583007222640834	1.1935910303178798	1.3003376490543948	1.4213457431297705	1.4837274964867042	-0.1046103931606921	0.13078611480469743
VUHD069_150_13_6	VUHD069	VUHD069	fold_3	macrophage_profibrotic	POOLED	0.561354820139812	1.5583198351800012	0.5244429925362886	0.6563424275857888	0.9638279446985142	0.7480456847666213	1.1321407387874325	1.5583032402601227	0.6590556614163636	0.766444272464615	1.0632278205707646	1.0092669697334165	-0.09498760744597678	-0.046393376605684135
VUHD069_150_14_10	VUHD069	VUHD069	fold_3	macrophage_profibrotic	POOLED	1.07071385836998	1.558329475253172	0.9465065397767748	0.9168679926330099	0.7261781816737808	0.743164671057851	1.3304819494856202	1.5583185086989888	0.8761312415895601	0.764117811222285	0.9088648676320829	0.8527517778775704	0.15384586573697012	0.04773617234402009
VUHD069_150_14_4	VUHD069	VUHD069	fold_3	macrophage_profibrotic	POOLED	0.52941787546516	1.5583201449511008	1.0517958306132007	1.0596175311314298	0.8827297048973898	0.7917786344628044	1.0347864647292413	1.5583034007227528	0.746061663365764	0.8764888350610521	0.9136128386065981	0.9909984889014747	-0.5301996556662698	-0.01005177958321794
VUHD069_150_16_12	VUHD069	VUHD069	fold_3	macrophage_profibrotic	POOLED	0.486851563044466	1.5583394250974425	0.5290522765719881	0.7608179503805785	1.0262872838326693	0.9715384476568689	1.3018877883395619	1.5583339376004848	0.7055139299308861	1.1715017868647801	1.0174677704305617	1.311083158364991	-0.27396638733611256	0.06043269705761299
VUHD069_150_16_6	VUHD069	VUHD069	fold_3	macrophage_profibrotic	POOLED	0.533120975531877	1.558330094795371	0.8320795153374307	0.8170138790784713	0.8986004778240905	0.8703386921469645	1.1323257276272063	1.558318829624249	0.6436354983955914	0.9531478329750115	0.8224990531685112	1.0524790735097653	-0.28389290354659436	0.11304547878782083
VUHD069_150_16_8	VUHD069	VUHD069	fold_3	macrophage_profibrotic	POOLED	1.01899128292321	1.5583332048960616	1.209767740242617	1.119717011259941	1.1829706138985077	1.2483525561878221	1.5418794313827426	1.5583238656163276	1.3639995239545866	1.4243316411639868	1.5122731418544326	1.4902263072393316	-0.1007257283367311	0.18127476774726586
VUHD069_150_18_10	VUHD069	VUHD069	fold_3	macrophage_profibrotic	POOLED	1.1136805339633	1.5583431547403321	0.8589206083679212	0.8351752754723862	0.809701848178781	0.7554299061960672	1.4282095454241062	1.5583392945178238	0.9866451322001412	0.983798382542789	1.1752399074915274	1.1284588955754404	0.2785052584909138	-0.006090775946274702
VUHD069_150_18_13	VUHD069	VUHD069	fold_3	macrophage_profibrotic	POOLED	0.915050498200275	1.5583478198913676	0.7412753804059418	0.8877384730735478	1.3064929750523937	1.2877288182548523	1.3433099399939774	1.5583468485059417	0.9063797154964244	1.24636169371916	1.1647217525001456	1.2673362893547357	0.027312025126727146	0.20261430676108177
VUHD069_150_1_12	VUHD069	VUHD069	fold_3	macrophage_profibrotic	POOLED	1.0002848648724	1.5582881270205922	1.061790803307876	1.1168747068335059	1.4731363640175268	1.499805888374698	1.1680805944507973	1.5582559907798532	1.2920619154053554	1.4436647198744708	1.3448712970366554	1.4787893245291546	-0.11658984196110578	0.12665409398657224
VUHD069_150_2_11	VUHD069	VUHD069	fold_3	macrophage_profibrotic	POOLED	1.08926313545734	1.558289991842037	1.3029299417414204	1.327182887251586	0.9706327840479564	1.1279083705188182	1.1437363018496933	1.5582586692385227	1.2904859144763776	1.1757294620001928	0.9668087847156583	0.9932914569437873	-0.23791975179424596	0.0028228925610645564
VUHD069_150_2_12	VUHD069	VUHD069	fold_3	macrophage_profibrotic	POOLED	1.31840073896379	1.5582915468923821	1.0029016101907344	0.9595006771021286	0.7581657935519269	0.8632805904074763	1.1208969487119953	1.558261187234562	0.8848360819625389	0.931176975780494	0.8333768644213192	0.877259956893285	0.35890006186166135	-0.030691426695910483
VUHD069_150_2_13	VUHD069	VUHD069	fold_3	macrophage_profibrotic	POOLED	1.07286104022097	1.5582931019427273	1.2027449962430599	1.1278100978587453	0.8925220570044579	0.9776972841656133	0.987977221087207	1.5582637052306014	0.8049418339356831	0.9655019398569933	0.6969150895573769	0.9438591433447857	-0.054949057637775356	-0.03290890252018501
VUHD069_150_2_8	VUHD069	VUHD069	fold_3	macrophage_profibrotic	POOLED	1.31599512893915	1.5582853266910013	1.5177353069119741	1.2765115384816126	1.1631653027816191	1.303784097299732	1.0160073559934848	1.5582511152504048	1.1406082119243106	1.2253288302203735	0.9778362414357377	1.1460808191609797	0.039483590457537465	-0.026643865145291202
VUHD069_150_2_9	VUHD069	VUHD069	fold_3	macrophage_profibrotic	POOLED	1.19578183774739	1.5582868817413464	1.1940623862315476	1.2679581824901394	1.0967114363928794	1.188343439460435	0.8740693194924246	1.558253633246444	1.1840526661837176	1.086539735780941	1.0923112465382534	1.0233928382571138	-0.07217634474274925	0.04137397400922331
VUHD069_150_3_6	VUHD069	VUHD069	fold_3	macrophage_profibrotic	POOLED	0.936462666526453	1.558285636462101	1.1023657935111093	1.226087808037087	1.1817175747086552	1.2581362230162767	1.142539393993445	1.558251275713035	0.9853889986272901	1.4801318581233236	1.0750413325430355	1.46210376062739	-0.2896251415106339	-0.04169497688166848
VUHD069_150_3_8	VUHD069	VUHD069	fold_3	macrophage_profibrotic	POOLED	1.52761916561941	1.5582887465627913	1.1673801504999703	1.309268750084106	1.1232539918994688	1.2813488708507386	0.9533648136982795	1.5582563117051136	1.4547758161909277	1.3381516680970367	1.2989285816041258	1.2478899198461968	0.218350415535304	0.049717888882248484
VUHD069_150_3_9	VUHD069	VUHD069	fold_3	macrophage_profibrotic	POOLED	1.45653653301452	1.5582903016131366	1.24357829783062	1.1621536703467348	1.2020333104985275	1.2210462659118908	1.153961529307435	1.5582588297011528	1.1229374560209113	1.0458227216510718	1.1444425703129366	1.0431074504686686	0.29438286266778513	-0.05026744667517194
VUHD069_150_4_5	VUHD069	VUHD069	fold_3	macrophage_profibrotic	POOLED	0.650221577925785	1.5582875012835458	1.0627044374898742	1.1230536468412309	1.0579813843118124	1.125363055734628	1.1651039714466729	1.5582539541717044	1.240610460279965	1.1415344725854228	1.2917420726500457	1.139952618100744	-0.4728320689154458	-0.007657373227398533
VUHD069_150_4_6	VUHD069	VUHD069	fold_3	macrophage_profibrotic	POOLED	0.817582413322617	1.558289056333891	1.64102248404294	1.5080357182148585	1.2362345783768671	1.3867444428387903	1.2183724034117935	1.5582564721677437	1.6065659575151297	1.3958746670811701	1.2629276139903716	1.2286016527144699	-0.6904533048922414	0.015963841278921163
VUHD069_150_4_7	VUHD069	VUHD069	fold_3	macrophage_profibrotic	POOLED	1.08659479231034	1.558290611384236	1.1043228076141873	1.1485762848747405	1.5177169880208972	1.4658732296851296	1.425308558723556	1.558258990163783	1.2693011092242172	1.4489182357293988	1.406074519343746	1.5269616796101908	-0.06198149256440044	0.08119307221701329
VUHD069_150_4_9	VUHD069	VUHD069	fold_3	macrophage_profibrotic	POOLED	1.12119198023102	1.5582937214849266	1.1069985637433701	1.185858852292815	0.8359060240071331	0.9428985735476689	1.049141210317008	1.5582640261558616	1.2120788932781943	1.0827093489697301	1.1591457750508964	0.9847138849391174	-0.06466687206179511	-0.05163119299739101
VUHD069_150_5_6	VUHD069	VUHD069	fold_3	macrophage_profibrotic	POOLED	1.09376476977919	1.558292476205681	0.9318903477718834	1.0696966569141564	0.8207582576542398	0.8446407643744458	0.9449447852164067	1.5582616686224524	0.8358785433762397	0.7813033051933531	0.8351042495071558	0.8055830285729286	0.02406811286503352	-0.0008183868456015375
VUHD069_150_5_7	VUHD069	VUHD069	fold_3	macrophage_profibrotic	POOLED	1.2034416635707	1.5582940312560263	0.7290171601109838	0.8481846162805164	0.9226797662676923	0.9124966444156264	0.9211562696380875	1.5582641866184919	0.7238809876600167	1.054087543459441	0.8180884059253174	1.1481910407867897	0.3552570472901835	-0.0049345865143074884
VUHD069_150_5_9	VUHD069	VUHD069	fold_3	macrophage_profibrotic	POOLED	0.834160863376032	1.5582971413567166	1.1754622758305213	1.0865988752622384	0.7978775158940113	0.9074075612804369	0.6767814796046242	1.5582692226105703	1.0571691608048888	0.9088622313832255	0.958067432680666	0.8306824873440735	-0.2524380118862064	-0.08181943079539167
VUHD069_150_6_7	VUHD069	VUHD069	fold_3	macrophage_profibrotic	POOLED	0.901960163161325	1.5582974511278163	1.0683015507570468	1.0705760530601318	0.9237136782104444	0.9281013711936306	0.9933941978444847	1.5582693830732006	0.8141261130851634	0.8032097385963347	0.8055089243397969	0.7914253805837984	-0.16861588989880683	0.008142562784357397
VUHD069_150_7_3	VUHD069	VUHD069	fold_3	macrophage_profibrotic	POOLED	0.841034590434685	1.5582946507982254	1.1489999428179278	1.130082328351674	0.8867241042008038	0.997902017579695	1.0279026263977833	1.558264507543752	1.2528475370133454	1.1284867564607028	1.247542862782086	1.138242482639944	-0.2890477379169891	-0.020206842547089373
VUHD069_150_7_8	VUHD069	VUHD069	fold_3	macrophage_profibrotic	POOLED	0.708589104219113	1.5583024260499514	0.8867958212997678	0.9553491840416095	1.0105511007121486	1.055753652885501	1.3256469693390707	1.5582770975239486	0.7952678810517579	0.990197702930643	0.9563379908409786	0.9638241893833235	-0.24676007982249648	0.11097501822304108
VUHD069_150_9_10	VUHD069	VUHD069	fold_3	macrophage_profibrotic	POOLED	0.88764399767608	1.558312375894222	1.1337246821389508	1.0807309801690204	1.217037512262344	1.2214058467583644	1.343341597890293	1.5582925264254448	1.3601816964392943	1.4245004404176345	1.361707115868335	1.4623431646663394	-0.19308698249294032	0.05546372902888359
VUHD069_150_9_3	VUHD069	VUHD069	fold_3	macrophage_profibrotic	POOLED	0.821300486812058	1.5583014905418056	1.0114500699004014	0.9869072430851241	1.0060562953808585	0.9786103808707898	1.344497480712301	1.5582749004531697	0.8652707531486341	1.0543011490200878	0.9547489764069486	1.1151263431378242	-0.1656067562730661	0.0018348633797495018
VUHD069_150_9_4	VUHD069	VUHD069	fold_3	macrophage_profibrotic	POOLED	0.575058272859779	1.5583030455921507	1.5864227293838347	1.3961587492630674	0.819920125258221	0.9496302394282323	1.3744747974999025	1.558277418449209	1.2848330210758938	1.0387057218731923	1.0612797285986342	0.9681806570710875	-0.8211004764032884	-0.050129101671785976
VUHD069_150_9_7	VUHD069	VUHD069	fold_3	macrophage_profibrotic	POOLED	0.721958963371138	1.5583077107431862	0.9158280125214497	0.9819861127353173	0.9876046354117729	0.9642861910459702	1.024776925626352	1.5582849724373269	0.8477803473672776	0.9411355975522047	0.9938282753709659	1.0205973188333237	-0.26002714936417937	0.02374032748324624
VUILD106MA_150_0_21	VUILD106MA	VUILD106	fold_3	macrophage_profibrotic	POOLED	1.86202827022796	1.5582812105724402	1.3375812845005313	1.493199481947034	1.1104066499505592	1.030884141771439	1.4641449071010715	1.5582908261777622	1.006568397859097	1.150506191451703	1.2436845415623397	1.1406176499173175	0.368828788280926	-0.3264140026048995
VUILD106MA_150_0_22	VUILD106MA	VUILD106	fold_3	macrophage_profibrotic	POOLED	2.7323492950476	1.5582819915796307	1.3661748936498752	1.440650776156681	1.2421542214056753	1.2025222670453202	1.7918453513878279	1.558292570310904	1.3369337851260785	1.1706287172304828	1.23686564995788	1.1834996843212755	1.291698518890919	-0.2860871454421981
VUILD106MA_150_10_35	VUILD106MA	VUILD106	fold_3	macrophage_profibrotic	POOLED	1.71721482274511	1.5583093413581808	1.2384849918286647	1.3010122092562963	1.5790467856893218	1.4789534949575178	1.707311041899751	1.558350208554106	1.199595481762179	1.2465704474564219	1.344041073752507	1.3210154787551875	0.4162026134888137	-0.11330347119673691
VUILD106MA_150_11_35	VUILD106MA	VUILD106	fold_3	macrophage_profibrotic	POOLED	1.77066863558788	1.5583110610266881	1.3840347896309846	1.4377341126164516	1.7470777117323588	1.5871246018594092	1.8101894629757957	1.5583537050053418	1.7146403331310625	1.5216886007468196	1.853553773105842	1.6610546799715953	0.33293452297142845	-0.15989039048345577
VUILD106MA_150_12_36	VUILD106MA	VUILD106	fold_3	macrophage_profibrotic	POOLED	2.21150121730644	1.5583135617023862	1.6012364374494061	1.6680894627423821	2.021988625324354	1.810073924379369	1.9295791744271156	1.5583589455897193	1.9980590095391533	1.6653360824760315	2.1438477089543917	1.8007474677818769	0.543411754564058	-0.11583711718225319
VUILD106MA_150_12_37	VUILD106MA	VUILD106	fold_3	macrophage_profibrotic	POOLED	2.36110009247478	1.5583143427095765	2.059929431941547	2.015498139685603	2.0010124089909085	1.9559486015932523	1.8792970513218277	1.5583606897228612	2.313146492409815	2.0771818043956656	2.277725325151825	2.1154481736076347	0.3456019527891767	-0.08029690054645283
VUILD106MA_150_12_38	VUILD106MA	VUILD106	fold_3	macrophage_profibrotic	POOLED	1.3658685670176	1.558315123716767	1.3243778060057503	1.2853641713633073	1.2659255840030963	1.221560740348712	1.698112767555473	1.5583624338560034	1.174511076289306	1.2141808173906528	1.2820159447616333	1.226073139720731	0.08050439565429279	-0.24008552558860935
VUILD106MA_150_12_41	VUILD106MA	VUILD106	fold_3	macrophage_profibrotic	POOLED	1.77415387591194	1.5583174667383384	1.6587382968616633	1.8282477389990524	1.3322093852541486	1.3420166644081042	1.853464253632521	1.5583676662554293	1.570675326455321	1.1400164639641357	1.5457484533897419	1.1140554106497922	-0.05409386308711239	-0.10945450235589889
VUILD106MA_150_13_33	VUILD106MA	VUILD106	fold_3	macrophage_profibrotic	POOLED	2.03854700259749	1.5583129383493222	1.6427430527892408	1.5037135510520236	2.0898932541612654	1.9247761759603146	1.8769536773636277	1.5583572096415288	2.0216531934127713	1.975511770069907	2.2833986865452616	2.1614347942603316	0.5348334515454665	0.015907788982235337
VUILD106MA_150_13_35	VUILD106MA	VUILD106	fold_3	macrophage_profibrotic	POOLED	1.64241836977816	1.5583145003637031	1.5308439374972684	1.4489310958227195	1.2637230871020178	1.179604008990375	1.866269873525894	1.5583606979078128	1.2747311161998085	1.1974996176937358	1.5074749766652438	1.3399052075613143	0.19348727395544052	-0.26006784552994733
VUILD106MA_150_13_36	VUILD106MA	VUILD106	fold_3	macrophage_profibrotic	POOLED	2.28049874442886	1.5583152813708936	1.4156759800883412	1.4766181458702878	1.6525500944529876	1.555201682487715	1.8317897230753923	1.5583624420409548	1.3149993289309045	1.6010808158807768	1.588950374008997	1.7214097253778031	0.8038805985585722	-0.2786181849277185
VUILD106MA_150_13_38	VUILD106MA	VUILD106	fold_3	macrophage_profibrotic	POOLED	1.8228471427222	1.5583168433852745	1.3730685170642285	1.4232555071950719	0.9327048233798203	0.9616746952805412	1.571344128944565	1.5583659303072388	1.080798321738699	0.892219614571345	1.0841134134342756	0.887389885343273	0.39959163552712806	-0.3770195191080475
VUILD106MA_150_13_39	VUILD106MA	VUILD106	fold_3	macrophage_profibrotic	POOLED	2.42089522352014	1.5583176243924648	1.4582481905524718	1.4404086554820827	1.525945605464055	1.4863872519604062	1.7747782130226226	1.558367674440381	1.4912966676619326	1.5530648242954048	1.431342640667777	1.5999492983835941	0.9804865680380572	-0.1613301689680945
VUILD106MA_150_14_15	VUILD106MA	VUILD106	fold_3	macrophage_profibrotic	POOLED	2.60200408086743	1.5583005998884019	2.0852239134834125	2.0033303843252077	1.6956816572111055	1.7217461852869904	1.9117528949329776	1.5583293116962083	2.121241668127455	1.8743388191126296	2.0586658025096076	1.924199266910109	0.5986736965422224	-0.08738537841184534
VUILD106MA_150_14_16	VUILD106MA	VUILD106	fold_3	macrophage_profibrotic	POOLED	2.33571338724485	1.5583013808955921	1.6717848186919015	1.6969990426489883	1.9722588327298514	1.9675565960824164	1.7817929247851043	1.5583310558293504	2.138304451928653	1.8357195868560898	2.2136359908854595	1.8292605306026477	0.6387143445958618	-0.024850462203265984
VUILD106MA_150_14_18	VUILD106MA	VUILD106	fold_3	macrophage_profibrotic	POOLED	2.88740871043211	1.558302942909973	3.3719512849118187	3.07338144053967	2.772883642061521	2.8368582603633383	1.7793746150820011	1.5583345440956344	3.428251828199855	2.579155247865118	3.0492783277406623	2.53486748474232	-0.1859727301075602	-0.0168997201099806
VUILD106MA_150_14_20	VUILD106MA	VUILD106	fold_3	macrophage_profibrotic	POOLED	1.40959445080719	1.558304504924354	1.3406901872180625	1.4179829601210128	1.773243016689581	1.6238598518791763	1.597576100764186	1.5583380323619183	1.9234723460645673	1.2109215084740095	1.9857949875919045	1.2638937415160865	-0.008388509313822734	-0.13802876481019047
VUILD106MA_150_14_33	VUILD106MA	VUILD106	fold_3	macrophage_profibrotic	POOLED	1.82831687460954	1.5583146580178298	1.44724855636196	1.495776709926337	1.9668125778561323	1.8237924701424806	1.7795897159834633	1.5583607060927644	2.0778523725597235	1.6704535274347156	2.1722182175778526	1.7617267356725204	0.3325401646832029	-0.1022841180995309
VUILD106MA_150_14_36	VUILD106MA	VUILD106	fold_3	macrophage_profibrotic	POOLED	2.62388759924973	1.558317001039401	2.171069794058818	1.975177252682912	2.1009929166280754	2.05980982349147	2.0144847828233545	1.5583659384921904	2.2315206411301496	1.7332063674296188	2.3704399449516673	1.7400479360391103	0.648710346566818	-0.01912452381858078
VUILD106MA_150_14_37	VUILD106MA	VUILD106	fold_3	macrophage_profibrotic	POOLED	1.20652485902329	1.5583177820465914	1.3596090235763851	1.4749905305307947	1.7221694583146128	1.6177272346283913	1.553956495290542	1.5583676826253325	1.6862789573196912	1.5216436007406444	1.8789759769796006	1.6177492749220126	-0.26846567150750467	-0.12294038867349712
VUILD106MA_150_15_15	VUILD106MA	VUILD106	fold_3	macrophage_profibrotic	POOLED	2.15740309737357	1.5583023195569092	2.031882436444764	2.0081171524438366	1.656453281681465	1.6378933841883965	1.687320267589075	1.558332808147444	2.079155766067022	1.6115850125486277	2.0215609943051445	1.59307609238261	0.14928594492973346	-0.16244927095308925
VUILD106MA_150_15_16	VUILD106MA	VUILD106	fold_3	macrophage_profibrotic	POOLED	3.21893330614619	1.5583031005640997	2.5525255264376865	2.4981914541977317	2.123911135089371	2.1119800971189875	1.7262375550636098	1.558334552280586	2.9684001397797983	1.8880349166887922	2.952096125861979	1.8224735205282752	0.7207418519484583	-0.0471012633714154
VUILD106MA_150_15_23	VUILD106MA	VUILD106	fold_3	macrophage_profibrotic	POOLED	1.94234157556121	1.5583085676144328	1.7306550938139194	1.7874721706226362	1.9450706772808626	1.922308607327535	1.7797413035984797	1.5583467612125799	2.194731872191448	1.8247816267256054	2.1036184700893763	1.8479298904129258	0.1548694049385737	0.022050519467955457
VUILD106MA_150_15_24	VUILD106MA	VUILD106	fold_3	macrophage_profibrotic	POOLED	2.07186999070512	1.558309348621623	1.6034642369440935	1.609202658650792	1.7699081972232373	1.7154021454383863	1.7738383148000658	1.558348505345722	1.8789749885826736	1.5599076236301443	1.8828004495866288	1.647116088612445	0.4626673320543282	-0.14252956533054678
VUILD106MA_150_15_27	VUILD106MA	VUILD106	fold_3	macrophage_profibrotic	POOLED	1.77287246633768	1.5583116916431945	1.2480196301959599	1.3904168809927047	1.3478816268020395	1.216878748179734	1.6789904631083905	1.558353737745148	0.9573303762876926	1.1650521602472839	1.0266239931144097	1.2196986281678368	0.38245558534497537	-0.2482779407321709
VUILD106MA_150_15_33	VUILD106MA	VUILD106	fold_3	macrophage_profibrotic	POOLED	2.50619288377886	1.5583163776863371	1.8654603957141165	1.8507678303672552	2.071184947737768	2.008817072253974	1.7362393654486654	1.558364202544	2.2641320398053066	1.8238542863960325	2.2548614964731692	1.8705037860552938	0.6554250534116046	-0.05952891241184337
VUILD106MA_150_15_37	VUILD106MA	VUILD106	fold_3	macrophage_profibrotic	POOLED	1.87336163571269	1.5583195017150988	1.1967887666741956	1.1977045090034064	1.5536682755858386	1.378020227530337	1.599236962021094	1.558371179076568	1.6110715026891913	1.2674623190992897	1.824781287446101	1.4458622200756575	0.6756571267092837	-0.07847343168962266
VUILD106MA_150_16_25	VUILD106MA	VUILD106	fold_3	macrophage_profibrotic	POOLED	0.547474809272328	1.5583118492973211	0.9433598058637568	1.012418977792504	1.3687557190568793	1.06627530221822	1.7615502166968438	1.5583537459300996	1.0561257172418155	0.9918971939852448	1.3455569610072724	1.3188632602104575	-0.46494416852017595	-0.07087571042640967
VUILD106MA_150_16_26	VUILD106MA	VUILD106	fold_3	macrophage_profibrotic	POOLED	0.43658992377395	1.5583126303045114	0.5808590470305843	0.7935238359004644	1.3033101791051183	0.8300704317813523	1.632150655478591	1.5583554900632415	0.4398748409100286	0.5181081142807016	1.0693259177655539	0.9635045953485742	-0.3569339121265144	-0.31658275207510217
VUILD106MA_150_16_27	VUILD106MA	VUILD106	fold_3	macrophage_profibrotic	POOLED	0.695500565803197	1.5583134113117019	0.7886975991377922	0.9251125369959762	1.187236068989832	0.8871565322843731	1.737267841460481	1.5583572341963836	1.093180059594642	0.9481514337920893	1.4046116824505308	1.1831161663751721	-0.2296119711927792	-0.19956101468160992
VUILD106MA_150_16_33	VUILD106MA	VUILD106	fold_3	macrophage_profibrotic	POOLED	2.20968935470249	1.5583180973548445	1.8298980808141863	1.6842466458441518	1.5940275585530426	1.5247042948701808	1.7900825509620244	1.5583676989952355	1.5352248227597676	1.3511251947119864	1.668118128769351	1.454092177264743	0.5254427088583382	-0.16554829345622452
VUILD106MA_150_16_34	VUILD106MA	VUILD106	fold_3	macrophage_profibrotic	POOLED	2.41432475562807	1.558318878362035	1.736110550255606	1.5851119961176783	1.8127022388239642	1.6930588730282543	1.7932142694038191	1.5583694431283777	2.012486755798677	1.6781813300901973	2.1513624671660403	1.8346164773558493	0.8292127595103918	-0.09084242706943034
VUILD106MA_150_16_37	VUILD106MA	VUILD106	fold_3	macrophage_profibrotic	POOLED	1.71011837266963	1.5583212213836064	1.5727377947712593	1.5085339742548833	1.8355869430238732	1.6529246726880968	1.761775693110193	1.5583746755278036	1.8164263741987208	1.504742578448429	2.2703783059750293	1.6942893797053586	0.20158439841474673	-0.022756732641808348
VUILD106MA_150_16_38	VUILD106MA	VUILD106	fold_3	macrophage_profibrotic	POOLED	1.08559903421136	1.5583220023907967	1.3411730698470052	1.3660477905360446	1.324932257001963	1.1719576293319247	1.6428607292242783	1.5583764196609455	0.9964383744670752	0.9508032225331793	1.2589655310322843	1.1106091887572016	-0.2804487563246847	-0.16859377605371456
VUILD106MA_150_16_39	VUILD106MA	VUILD106	fold_3	macrophage_profibrotic	POOLED	1.51875385859803	1.5583227833979871	1.1912067187502973	1.1959168558422353	1.8856090933572016	1.6003187057985229	1.7595914745791732	1.5583781637940877	1.4136218640288607	1.6656562495207259	1.8820165710485155	1.9778948161746257	0.32283700275579474	0.006173755260273417
VUILD106MA_150_17_26	VUILD106MA	VUILD106	fold_3	macrophage_profibrotic	POOLED	0.791677436864975	1.558314349973019	1.0653557177368773	1.0491103883170716	1.1597294396383304	0.8932837043238893	1.5865609859387035	1.5583589865144771	1.2695077547820197	0.9231145990014793	1.3535399185929697	1.2455102483734994	-0.25743295145209655	-0.36986321054627985
VUILD106MA_150_17_27	VUILD106MA	VUILD106	fold_3	macrophage_profibrotic	POOLED	1.03265243846251	1.5583151309802095	0.8353813675607096	0.9420635373786144	1.1690872138545205	0.8288697254461046	1.537175729004348	1.5583607306476193	0.7998570813574428	0.719646261697295	1.1821129909983663	1.0360632981839988	0.09058890108389561	-0.32780989961313084
VUILD106MA_150_17_32	VUILD106MA	VUILD106	fold_3	macrophage_profibrotic	POOLED	2.2827548406747	1.5583190360161616	1.705387578993947	1.69416445319815	1.542559028705473	1.4691495427352383	1.8669434592997527	1.5583694513133293	1.709373554198446	1.4561535810485609	1.82376759964564	1.552860869473242	0.5885903874765499	-0.14314625536668474
VUILD106MA_150_17_36	VUILD106MA	VUILD106	fold_3	macrophage_profibrotic	POOLED	3.4264514506479	1.5583221600449233	1.557502737767537	1.5903722867288068	1.874659367658722	1.8010295939894758	1.8020293402885363	1.5583764278458971	1.8195859740909306	1.7169095014901015	1.9175208958905654	1.8588570257498975	1.8360791639190932	-0.05586821939484499
VUILD106MA_150_17_37	VUILD106MA	VUILD106	fold_3	macrophage_profibrotic	POOLED	1.53495781130027	1.5583229410521138	1.4573201861246785	1.525409212221319	1.6380189037771067	1.4795394782536166	1.4082658173558515	1.5583781719790393	1.2243050310005512	1.2400546419950016	1.4656829513348149	1.380367092805231	0.009548599078951003	-0.22204469765619123
VUILD106MA_150_17_38	VUILD106MA	VUILD106	fold_3	macrophage_profibrotic	POOLED	1.34112040002526	1.5583237220593043	1.2653212074224354	1.340883701499669	1.4886112489147945	1.3094658633011842	1.4524161182902997	1.5583799161121812	1.2167046914701523	1.3178784504319956	1.513196913943597	1.531241723329332	0.00023669852559082827	-0.11828077124013468
VUILD106MA_150_18_14	VUILD106MA	VUILD106	fold_3	macrophage_profibrotic	POOLED	1.35680265803521	1.558306697555241	1.3685720965741919	1.315828949547923	1.0410021467875261	1.0210054579680734	1.0818812420845119	1.5583415533680087	0.8972273517605309	0.8204624926924796	0.8796313400065146	0.8075805477177802	0.040973708487286986	-0.253422505861128
VUILD106MA_150_18_25	VUILD106MA	VUILD106	fold_3	macrophage_profibrotic	POOLED	0.613622509666106	1.5583152886343359	0.908601569232635	1.0533365245293624	1.0364069140692784	0.6923212430066167	1.4644427279956502	1.5583607388325706	0.5810181789473423	0.47120921182795894	1.0841634820572346	0.807058548563037	-0.43971401486325645	-0.31129597350880306
VUILD106MA_150_18_26	VUILD106MA	VUILD106	fold_3	macrophage_profibrotic	POOLED	0.473133755489159	1.5583160696415264	1.0237739944622914	1.0490003163298938	1.1449115463125998	0.769025511855989	1.3991341618608266	1.5583624829657128	0.7696007283391919	0.5839813581370608	1.3393745887859199	0.9604594884504358	-0.5758665608407347	-0.2315654954186322
VUILD106MA_150_18_27	VUILD106MA	VUILD106	fold_3	macrophage_profibrotic	POOLED	0.396893128970499	1.5583168506487168	0.7750760347561224	0.7662185970184556	1.1807167443996744	0.7421643449058579	1.5665098533921276	1.5583642270988547	0.6868190866899277	0.6114809883963801	1.3070153892472907	1.0903325639529995	-0.36932546804795663	-0.22478115579611813
VUILD106MA_150_18_28	VUILD106MA	VUILD106	fold_3	macrophage_profibrotic	POOLED	0.660030404874078	1.5583176316559073	0.8396301114584432	0.9901764403039592	1.2073663695210122	0.8341505164213769	1.5151302439923962	1.5583659712319968	0.6532007313681594	0.5987013901711717	1.208885807452594	0.9807431721067154	-0.3301460354298812	-0.1764301777935478
VUILD106MA_150_18_32	VUILD106MA	VUILD106	fold_3	macrophage_profibrotic	POOLED	2.10390151099604	1.558320755684669	1.6440834769756936	1.7249175417149725	1.8974547198682563	1.7768370575374026	1.8316877825281592	1.5583729477645647	2.1009287185672108	1.5901218370976125	2.2394911347038455	1.7117055442368225	0.3789839692810677	-0.01994563494614751
VUILD106MA_150_18_35	VUILD106MA	VUILD106	fold_3	macrophage_profibrotic	POOLED	2.32211565996074	1.5583230987062404	1.177051499604965	1.1871217984794709	1.2636980485505926	1.2056727411304906	1.235847353789492	1.5583781801639909	1.2329899984033443	0.9441669432094695	1.2921934031793851	1.0154191767684875	1.1349938614812691	-0.19870468334627506
VUILD106MA_150_18_37	VUILD106MA	VUILD106	fold_3	macrophage_profibrotic	POOLED	0.723148515139006	1.5583246607206211	1.4459744025989427	1.5765613932252425	1.2321813950410314	1.087197160878694	1.2634857146983216	1.5583816684302747	1.0030346252049516	0.7583023292980198	1.0502659114687025	0.8086262712409605	-0.8534128780862364	-0.26039972192350513
VUILD106MA_150_18_38	VUILD106MA	VUILD106	fold_3	macrophage_profibrotic	POOLED	0.858828460250741	1.5583254417278116	1.0300138443415099	1.0668231732686253	0.7579348759129276	0.6540030038134352	1.4496625376050996	1.5583834125634168	0.5020086041918446	0.6051798561527524	0.869456103925163	0.6686840606632779	-0.2079947130178843	-0.25155133677221936
VUILD106MA_150_19_14	VUILD106MA	VUILD106	fold_3	macrophage_profibrotic	POOLED	2.08085227534031	1.5583084172237485	1.2835370112980304	1.2446065172609562	1.050120016648096	1.012646099932042	1.243106336581478	1.5583450498192444	0.6569659547686747	0.9316933363152331	0.7279476432879847	0.9446881276095894	0.8362457580793536	-0.3014554571616827
VUILD106MA_150_19_25	VUILD106MA	VUILD106	fold_3	macrophage_profibrotic	POOLED	0.452598529752764	1.5583170083028433	1.1990589858388172	1.04264212675134	1.4480630860741635	1.089951832030713	1.736014540613331	1.5583642352838063	0.7580728383671826	0.9636117047572912	1.2819970616425933	1.3082625241949695	-0.590043596998576	-0.11503278051925345
VUILD106MA_150_19_26	VUILD106MA	VUILD106	fold_3	macrophage_profibrotic	POOLED	0.675561749547642	1.5583177893100337	1.1760290881600066	1.2421718749099337	1.422787221285465	1.0528307101436531	1.4246613746667351	1.5583659794169484	1.0838446660502348	1.1027767642132729	1.595400405408779	1.5136799836550663	-0.5666101253622917	-0.21140172444254923
VUILD106MA_150_19_27	VUILD106MA	VUILD106	fold_3	macrophage_profibrotic	POOLED	0.587824148661174	1.5583185703172242	0.7936451089000317	0.9122832927848885	1.5683518598449808	1.1127036284151743	1.2136494044219366	1.5583677235500903	0.9486810734958617	0.9438947837960284	1.5589757680465126	1.4223985726925124	-0.32445914412371446	-0.08883224894831503
VUILD106MA_150_19_28	VUILD106MA	VUILD106	fold_3	macrophage_profibrotic	POOLED	0.896535678661523	1.5583193513244147	0.6650144511580008	0.7338867022847213	1.4434509381442666	0.9192540575827404	1.479289353036489	1.5583694676832323	0.6545132290052539	0.8272721063341797	1.3890590841313246	1.4149890352661514	0.16264897637680165	-0.048530294763206666
VUILD106MA_150_19_30	VUILD106MA	VUILD106	fold_3	macrophage_profibrotic	POOLED	3.14424079727157	1.5583209133387956	2.3254014988715763	2.1349867338499657	2.2256332518303408	2.155263976959103	1.9715046565361578	1.5583729559495163	2.455893839241532	2.0465347819484503	2.447172231212165	2.086046499733585	1.0092540634216043	-0.03339548129475717
VUILD106MA_150_19_36	VUILD106MA	VUILD106	fold_3	macrophage_profibrotic	POOLED	1.12062339573635	1.5583255993819383	1.8560985444222418	1.674467704385206	2.032987924696115	1.893417664654339	2.0264740968637422	1.5583834207483684	1.9136266609874162	1.773830349612064	2.1015029581152955	1.915390895538296	-0.553844308648856	0.004441208762640807
VUILD106MA_150_19_37	VUILD106MA	VUILD106	fold_3	macrophage_profibrotic	POOLED	2.499527957788	1.5583263803891287	2.0127050534008752	2.06219892407619	1.9258671985790228	1.7570774566047669	1.6263142870188765	1.5583851648815104	1.7680467543890608	1.6797860102592697	1.9357557282977937	1.7981219192844349	0.43732903371180987	-0.1452589862607792
VUILD106MA_150_19_40	VUILD106MA	VUILD106	fold_3	macrophage_profibrotic	POOLED	0.977437461336143	1.5583287234107	1.3930146039007436	1.4601506197552998	2.0569424525272053	1.9744348567102508	1.5760102514441783	1.5583903972809363	1.951840004403225	1.7738671584064463	2.057525122975517	1.8366517880539799	-0.48271315841915685	0.003884377055438811
VUILD106MA_150_1_28	VUILD106MA	VUILD106	fold_3	macrophage_profibrotic	POOLED	2.10067902921259	1.5582883972912807	1.6749055704948481	1.8685026983091957	1.6201689168566764	1.6504471255990443	1.5309305369338189	1.5583065315609919	1.872692458584802	1.624227779994985	1.7526153292971531	1.5831993059520026	0.2321763309033944	-0.06037726215659281
VUILD106MA_150_20_24	VUILD106MA	VUILD106	fold_3	macrophage_profibrotic	POOLED	0.651104472920237	1.5583179469641604	0.8256311707842127	0.7862712477232009	1.4758513035121883	1.1365668035586292	1.6543810777315087	1.5583659876018998	0.6567999190146169	1.018728295847763	1.3147889383464693	1.31655081909051	-0.1351667748029639	-0.23694163580536964
VUILD106MA_150_20_26	VUILD106MA	VUILD106	fold_3	macrophage_profibrotic	POOLED	0.8712627544417	1.5583195089785413	1.0115528023966327	1.0541640705967845	1.3975112502620581	1.0272822855570658	1.4053311497355907	1.5583694758681839	1.0709221987567448	1.025063621331753	1.5926100026859225	1.427285257702188	-0.18290131615508454	-0.10218556772153335
VUILD106MA_150_20_27	VUILD106MA	VUILD106	fold_3	macrophage_profibrotic	POOLED	0.839806153621152	1.5583202899857316	1.0119730603423907	1.0088791007713058	1.3938894603336371	0.8704056954852776	1.5604081846222002	1.558371220001326	0.8501306842650462	0.9819699274685677	1.6000164593794517	1.5798465929053072	-0.16907294715015386	-0.022566872350129406
VUILD106MA_150_20_28	VUILD106MA	VUILD106	fold_3	macrophage_profibrotic	POOLED	0.40161893745866	1.558321070992922	0.33528744110815256	0.5360237918266642	1.0490675322068128	0.36721869904260207	1.7861048002255444	1.558372964134468	0.28644243185393026	0.47385800716626947	1.3588690477740775	1.1328419625785018	-0.13440485436800415	-0.21329684825572698
VUILD106MA_150_20_39	VUILD106MA	VUILD106	fold_3	macrophage_profibrotic	POOLED	2.13558488408294	1.5583296620720168	1.6921743122864983	1.7994956250054714	2.1346903628937293	2.0056539660235573	1.774161435162707	1.55839214959903	1.5529839217579657	1.6364520556441131	1.6314598448048958	1.755310945582096	0.33608925907746845	0.07214886076360262
VUILD106MA_150_21_25	VUILD106MA	VUILD106	fold_3	macrophage_profibrotic	POOLED	0.68292103595921	1.5583204476398582	0.9216858288955363	0.9596029023649105	1.2592021348144322	0.9186427340443366	1.4950597638825494	1.5583712281862776	0.674169918588774	0.695150387039609	1.285152318328186	1.0269441074241588	-0.27668186640570047	-0.1959353678118928
VUILD106MA_150_21_26	VUILD106MA	VUILD106	fold_3	macrophage_profibrotic	POOLED	0.54845487268303	1.5583212286470487	0.8161835656802902	0.8806654004386992	0.9692839947818742	0.5850676166824005	1.46619169114966	1.5583729723194195	0.46549768994395824	0.20332052328813766	1.0705516797162655	0.5569741846754559	-0.3322105277556693	-0.3224444195707466
VUILD106MA_150_21_27	VUILD106MA	VUILD106	fold_3	macrophage_profibrotic	POOLED	0.885678828648473	1.5583220096542392	1.0728915822077687	1.00774740634424	1.183065067726077	0.7696673401508135	1.559660739312564	1.5583747164525614	0.6562453422277252	0.7197384543919207	1.290074214219116	1.1272781121775337	-0.12206857769576696	-0.18234428565771849
VUILD106MA_150_21_28	VUILD106MA	VUILD106	fold_3	macrophage_profibrotic	POOLED	0.479627097059132	1.5583227906614296	0.6074641783675829	0.8442772528956134	1.4570470729813596	0.8922479588532741	1.8159863155262292	1.5583764605857036	0.7089499030836888	0.8851670836649631	1.5698337104505444	1.3982190518538782	-0.3646501558364814	-0.1626115864144469
VUILD106MA_150_21_35	VUILD106MA	VUILD106	fold_3	macrophage_profibrotic	POOLED	2.52911573698381	1.5583282577117625	2.534691676089853	2.3287617184512754	2.558296830016576	2.4742497304871014	1.7856260211115922	1.5583886695176976	2.3534021375114262	2.7284890422640893	2.412766075378844	2.8580574321793177	0.20035401853253454	0.07541748763205133
VUILD106MA_150_22_25	VUILD106MA	VUILD106	fold_3	macrophage_profibrotic	POOLED	0.699984808311682	1.5583221673083656	0.7446267454108061	0.8398507631291765	1.2634724175454521	0.8920784452863848	1.5224809669032553	1.558374724637513	0.48917593095210843	0.5290021725697056	1.2049229920370288	0.9426141557562704	-0.13986595481749453	-0.16079794607245085
VUILD106MA_150_22_26	VUILD106MA	VUILD106	fold_3	macrophage_profibrotic	POOLED	0.718757240933293	1.558322948315556	0.7799576383335836	0.6723810180325847	1.2199367392234457	0.8087596691262304	1.507457465536	1.5583764687706552	0.6035153811216174	0.5145746504299613	1.2363509100592796	0.912669880315093	0.04637622290070831	-0.2973073923109339
VUILD106MA_150_22_27	VUILD106MA	VUILD106	fold_3	macrophage_profibrotic	POOLED	0.841164287884821	1.5583237293227465	0.8544450944062482	0.9169799307871513	1.0904199044938183	0.906283160671258	1.4803889149426774	1.558378212903797	0.7267277533639018	0.6393463681496631	1.1637427819502544	0.8216942158722244	-0.07581564290233034	-0.20140533078048994
VUILD106MA_150_22_28	VUILD106MA	VUILD106	fold_3	macrophage_profibrotic	POOLED	1.78340738288266	1.558324510329937	1.2425351496245398	1.1832325652526898	1.8274683589218514	1.5794638471752096	1.5899752907067728	1.558379957036939	1.5363451858508013	1.4191410371944557	1.979290757422863	1.7412800517715938	0.6001748176299702	-0.06917143350302678
VUILD106MA_150_22_35	VUILD106MA	VUILD106	fold_3	macrophage_profibrotic	POOLED	2.74793625150912	1.5583299773802701	1.934878554357378	2.068705776606296	1.8798096972027238	1.8142345219853055	1.8917200668137406	1.558392165968933	1.8162667259239191	1.8854125479469346	1.933862731813899	1.9910807957681738	0.6792304749028237	-0.14346691267960204
VUILD106MA_150_22_36	VUILD106MA	VUILD106	fold_3	macrophage_profibrotic	POOLED	3.21618243355609	1.5583307583874606	3.449487957063435	3.1122087150455977	2.868165254088689	2.83624677354275	1.8381721513017135	1.5583939101020752	2.7474020919827575	2.514860419955903	2.6715089266602465	2.5207011122203107	0.10397371851049231	-0.033790844783137305
VUILD106MA_150_22_37	VUILD106MA	VUILD106	fold_3	macrophage_profibrotic	POOLED	2.00073135664341	1.5583315393946509	1.126890545861206	1.3474908966962515	1.8638051025856202	1.7634024074612729	1.5683378674008668	1.558395654235217	1.510828716462288	1.6333140926938465	1.7078295662427485	1.7571763233332476	0.6532404599471584	0.013869334995928413
VUILD106MA_150_22_38	VUILD106MA	VUILD106	fold_3	macrophage_profibrotic	POOLED	0.980363033459343	1.5583323204018413	1.4319716265633253	1.4140475624142574	1.8350840100181371	1.7396848363712447	1.3402606699808768	1.5583973983683592	1.2994598771752308	1.5221797101835186	1.5184106338933343	1.6242383416126092	-0.4336845289549145	-0.025831559560349725
VUILD106MA_150_22_39	VUILD106MA	VUILD106	fold_3	macrophage_profibrotic	POOLED	1.41760255248856	1.5583331014090318	1.5746243605233226	1.5818109007890482	1.869062917567908	1.7497578619239902	1.5412972536493879	1.5583991425015011	1.4812454224242326	1.3552084375092017	1.680216107618214	1.4091586237448728	-0.16420834830048814	-0.05396215024282424
VUILD106MA_150_23_25	VUILD106MA	VUILD106	fold_3	macrophage_profibrotic	POOLED	0.310131849166102	1.5583238869768732	0.5840971113313637	0.6558520200612423	1.579851629920489	1.075824199842926	1.7179743569406356	1.5583782210887487	0.2838316409485899	0.7078333044651782	1.266535235130497	1.2691225407178948	-0.34572017089514034	-0.1560132670676308
VUILD106MA_150_23_26	VUILD106MA	VUILD106	fold_3	macrophage_profibrotic	POOLED	0.175942141942702	1.5583246679840637	0.6872065308501424	0.7123034904983929	1.017677147119414	0.6644362572205663	1.3442530007614897	1.5583799652218906	0.574798479201627	0.6266314460952759	1.1600338937336627	0.985444083136858	-0.536361348555691	-0.3669727075088385
VUILD106MA_150_25_29	VUILD106MA	VUILD106	fold_3	macrophage_profibrotic	POOLED	3.02399783069067	1.5583304503426498	2.025130899245462	1.9705988166266029	1.866964745437152	1.8525150826372412	1.3682906923637128	1.5583921905237879	2.0599925220820747	1.7390002684073589	1.9347254333043065	1.7807508185310512	1.0533990140640672	-0.09496827854912933
VUILD106MA_150_25_30	VUILD106MA	VUILD106	fold_3	macrophage_profibrotic	POOLED	2.27336214834916	1.55833123134984	1.8554092545536043	1.9610210445827878	1.5489941777763416	1.4782025669030143	1.3314521513602435	1.5583939346569298	1.4194618069373677	1.4272275724275454	1.540902023891134	1.5494976326039647	0.31234110376637236	-0.1963615512834077
VUILD106MA_150_25_31	VUILD106MA	VUILD106	fold_3	macrophage_profibrotic	POOLED	3.2924186594901	1.5583320123570306	2.7992895369954875	2.6634704865581145	2.874874393687764	2.8356308763825124	1.755444916161748	1.558395678790072	2.6099671377952935	2.7098080228042276	2.4178111786462724	2.817819238879017	0.6289481729319855	0.05411167520851724
VUILD106MA_150_25_32	VUILD106MA	VUILD106	fold_3	macrophage_profibrotic	POOLED	1.1486097809997	1.558332793364221	1.2339183849612905	1.1919961549600724	1.400559452706249	1.297157923557298	0.9754023273428178	1.5583974229232138	1.2688703592358233	1.1316601331747174	1.4990042161828183	1.2670474258989461	-0.04338637396037237	-0.2203403671228929
VUILD106MA_150_25_40	VUILD106MA	VUILD106	fold_3	macrophage_profibrotic	POOLED	2.11329761398787	1.5583390414217446	1.5684411493936594	1.7078951221679963	1.8964022409774475	1.8147462555450091	1.7635201732989056	1.55841137598835	1.8936884217139038	1.891829049282661	2.0495909226361735	1.9292698899014606	0.40540249181987376	-0.04527931254871094
VUILD106MA_150_26_20	VUILD106MA	VUILD106	fold_3	macrophage_profibrotic	POOLED	0.101888556409376	1.5583251409464431	1.0548562995942357	0.9510717441135039	0.8485969556004671	0.7043115731676972	1.0512404128791732	1.5583799897767454	0.8389894687169749	0.8444650985135529	1.0547725297263866	1.0025703779375514	-0.8491831877041279	-0.31043347050237347
VUILD106MA_150_26_26	VUILD106MA	VUILD106	fold_3	macrophage_profibrotic	POOLED	3.12683111945772	1.5583298269895858	1.521990499062185	1.440876900257499	1.0888566041155197	1.095360632594916	1.01347368688188	1.5583904545755976	1.2539574129422928	1.0010505608473634	1.324189498977759	0.9851341829852865	1.6859542192002208	-0.25549991271889555
VUILD106MA_150_26_27	VUILD106MA	VUILD106	fold_3	macrophage_profibrotic	POOLED	1.32696475585121	1.5583306079967763	1.5096176764996438	1.5401389006446462	0.8603774270800627	0.9100403964598351	1.0603713921906217	1.5583921987087395	1.2114840552437145	1.0276854014112438	1.4153680344621344	1.0670333676997095	-0.2131741447934361	-0.19514710672935387
VUILD106MA_150_26_29	VUILD106MA	VUILD106	fold_3	macrophage_profibrotic	POOLED	2.1976822179769	1.5583321700111572	1.7760919533603647	1.8951769102658083	1.2002028269395713	1.272218790419912	1.1437933820361847	1.5583956869750235	1.6132661820645162	1.1137972463801358	1.5445785843213917	1.0317107337932767	0.30250530771109174	-0.243244528108707
VUILD106MA_150_26_30	VUILD106MA	VUILD106	fold_3	macrophage_profibrotic	POOLED	2.23835179015671	1.5583329510183477	2.118117762933263	2.0978376322503904	1.8856984474621923	1.8940288076258414	1.6369985851643227	1.5583974311081654	1.9675342092962165	1.7382206878142992	1.9662961582220144	1.813946149317164	0.1405141579063196	-0.1505898477190561
VUILD106MA_150_26_31	VUILD106MA	VUILD106	fold_3	macrophage_profibrotic	POOLED	2.76476207709181	1.5583337320255382	2.4920776117278023	2.4422901547487825	2.2496446397119247	2.2604494489458	1.7389472194631415	1.5583991752413076	1.794139790541464	2.247504927707924	1.8595474903962836	2.302613663447073	0.32247192234302746	-0.03012211712172274
VUILD106MA_150_27_13	VUILD106MA	VUILD106	fold_3	macrophage_profibrotic	POOLED	1.13084124139673	1.5583213935646176	1.3372752863842543	1.3942218872683796	2.1503049005834245	2.037920642875167	1.2808383167890804	1.558371277295987	2.449540089868661	2.0607580494507425	2.5537268147159278	2.10808899421137	-0.26338064587164967	-0.011623706539151915
VUILD106MA_150_27_20	VUILD106MA	VUILD106	fold_3	macrophage_profibrotic	POOLED	0.75498846312234	1.5583268606149507	0.8488760301198558	0.8477672606323734	1.070213904030837	0.906780545469062	1.28040370563069	1.558383486227981	0.7156996964817341	0.7586496570998726	0.9021654846886616	0.9291184638743067	-0.09277879751003337	-0.3387603891378175
VUILD106MA_150_27_21	VUILD106MA	VUILD106	fold_3	macrophage_profibrotic	POOLED	0.888675468709589	1.5583276416221412	0.8578548444220574	0.8146080361777135	1.1170081516714738	0.9782266276111542	0.8816281134937256	1.558385230361123	0.6005071594422908	0.8724559271541898	0.800801873414824	1.0510265663633032	0.07406743253187553	-0.357959879102841
VUILD106MA_150_27_31	VUILD106MA	VUILD106	fold_3	macrophage_profibrotic	POOLED	2.39987242096431	1.5583354516940455	2.1417277375854527	2.1411671609988545	1.8163638148050332	1.7961404256879536	1.4174647949170347	1.558402671692543	1.5050248980859153	1.5883803710128086	1.753934354987256	1.6383251121127311	0.25870525996545535	-0.10090616571036264
VUILD106MA_150_28_13	VUILD106MA	VUILD106	fold_3	macrophage_profibrotic	POOLED	1.2559235590332	1.558323113233125	1.5383261216847195	1.5645939265754296	1.9255133832520994	1.801318648213394	1.487108185926293	1.5583747737472227	2.218709996974332	2.129871278548211	2.508931444534064	2.207396987433423	-0.30867036754222954	-0.024333283461046264
VUILD106MA_150_28_20	VUILD106MA	VUILD106	fold_3	macrophage_profibrotic	POOLED	1.49897483713544	1.558328580283458	0.9039103619777683	0.8581077581183676	1.1333289433233735	1.0807153341659088	1.0660483480386227	1.5583869826792165	1.1414903267698033	0.8852943166880325	1.1552202613782023	0.9191782397883128	0.6408670790170725	-0.30807693638249106
VUILD106MA_150_28_24	VUILD106MA	VUILD106	fold_3	macrophage_profibrotic	POOLED	2.12903644601362	1.5583317043122198	1.776216084263139	1.5709617924571788	1.6880958743686776	1.6379063510500205	1.5915565108210217	1.5583939592117846	1.585163847339206	1.565690712449398	1.7697524606998942	1.668453154723878	0.5580746535564411	-0.04295544257455049
VUILD106MA_150_28_25	VUILD106MA	VUILD106	fold_3	macrophage_profibrotic	POOLED	2.17292056748894	1.5583324853194103	1.6538866575519877	1.6931514561744934	1.9040807000538755	1.6704937681585943	1.4905958335538332	1.5583957033449267	1.6156969752229438	1.3412419573916825	1.833530206926386	1.5558378668875827	0.47976911131444644	-0.07968777463878261
VUILD106MA_150_28_32	VUILD106MA	VUILD106	fold_3	macrophage_profibrotic	POOLED	2.81360967755539	1.5583379523697434	2.4671553808572755	2.3110021730832515	2.2938322151911303	2.309271737396041	1.5206645690913239	1.5584079122769205	2.1903574586390913	1.9511382843532616	2.1574785856315324	1.916478582234821	0.5026075044721385	0.013275082707546147
VUILD106MA_150_29_25	VUILD106MA	VUILD106	fold_3	macrophage_profibrotic	POOLED	1.03670379445263	1.5583342049879179	1.6642770263569409	1.6445076099661746	1.7383686942077499	1.5450286548889174	1.22337895931785	1.5583991997961621	1.1158790238642902	1.3281304223101897	1.496346019356723	1.5016504948113862	-0.6078038155135446	-0.03322095299008731
VUILD106MA_150_29_32	VUILD106MA	VUILD106	fold_3	macrophage_profibrotic	POOLED	2.3974535378816	1.5583396720382507	1.7201247464312999	1.7565236961770556	1.9268887255158176	1.8912357262345145	1.6132059184564156	1.5584114087281562	1.6096858338959998	1.6378572571757104	1.8597534011372263	1.7225723136412818	0.6409298417045446	0.004478169655285337
VUILD106MA_150_2_29	VUILD106MA	VUILD106	fold_3	macrophage_profibrotic	POOLED	2.25570910269497	1.5582908979669787	1.9474538270634552	1.946060125555187	2.074337373669212	2.015150819715293	1.6893753423378421	1.5583117721453694	1.9598636224139052	1.9668424589193036	1.926205203790009	2.018531505873602	0.3096489771397828	-0.07801134107710501
VUILD106MA_150_30_15	VUILD106MA	VUILD106	fold_3	macrophage_profibrotic	POOLED	1.15913091329379	1.5583281145845207	1.0953543843451223	1.1374735961416016	1.4837883485608034	1.440278767197099	1.5980695474103046	1.5583852549159778	1.2496832031785814	1.588264634052538	1.3878063865136294	1.639071586803309	0.021657317152188327	-0.15901569900327872
VUILD106MA_150_30_25	VUILD106MA	VUILD106	fold_3	macrophage_profibrotic	POOLED	0.951107319325173	1.5583359246564252	1.278466360359045	1.356008539167073	1.066493213134433	0.9419927175913416	1.240087170113369	1.5584026962473978	0.6546756210052384	0.8987171143626043	1.21659945903067	1.0451189798088185	-0.4049012198419001	-0.24693542175015776
VUILD106MA_150_31_25	VUILD106MA	VUILD106	fold_3	macrophage_profibrotic	POOLED	1.75321363571552	1.5583376443249326	1.471183294621505	1.5007076768356096	1.2839990383186306	1.2420545063762036	1.6071406973284572	1.5584061926986335	1.420854844472564	1.168419184666099	1.7773083882384448	1.2700303819821914	0.25250595887991034	-0.13550379578556715
VUILD106MA_150_32_14	VUILD106MA	VUILD106	fold_3	macrophage_profibrotic	POOLED	0.721376675183146	1.5583307729143452	0.9571061685888612	1.1242959266870654	1.39533239499377	1.2678672781985687	1.332223059841355	1.558390503685307	1.5941293290370828	1.6415353067236937	1.690699491509917	1.7857941331706402	-0.4029192515039194	-0.1487534126836738
VUILD106MA_150_32_36	VUILD106MA	VUILD106	fold_3	macrophage_profibrotic	POOLED	3.83240529414603	1.558347955072535	3.3630545767488607	3.2050506512626686	2.6070005464873374	2.7858335471160736	1.9018476439299414	1.558428874614431	2.3461634513731657	2.846367821083499	2.101080536042722	2.696365939460497	0.6273546428833612	0.06322636642337338
VUILD106MA_150_32_37	VUILD106MA	VUILD106	fold_3	macrophage_profibrotic	POOLED	3.37582498860684	1.5583487360797252	2.792247746272709	2.534381418373897	2.8062441665374322	2.8548524551829075	1.7475953405421292	1.558430618747573	2.4543756226149913	2.6123773215227306	2.4221921641947217	2.5203255100037616	0.841443570232943	0.2152268583128531
VUILD106MA_150_33_31	VUILD106MA	VUILD106	fold_3	macrophage_profibrotic	POOLED	2.51019916446768	1.5583457697050902	1.332069765482142	1.2923774238656156	1.6134152116678302	1.5198191220059185	1.4431238323671836	1.5584236503999567	1.5294641133598224	1.2187356641183107	1.4765954852152832	1.2888340322355165	1.2178217406020644	-0.1568169455562709
VUILD106MA_150_3_30	VUILD106MA	VUILD106	fold_3	macrophage_profibrotic	POOLED	2.70304316742713	1.5582933986426766	1.6663283406941323	1.7179977101977737	2.186508312500573	1.9889289571001738	1.9564261484764112	1.558317012729747	1.8621360813571874	1.938486246584929	2.0604128693765897	2.1133556706429615	0.9850454572293563	-0.12243185005589885
VUILD106MA_150_3_33	VUILD106MA	VUILD106	fold_3	macrophage_profibrotic	POOLED	1.47086674153486	1.5582957416642478	1.3651870117687048	1.3765422508328276	0.9676561229847663	0.9517847782418923	1.3067497251082258	1.558322245129173	1.1266465065828752	0.7510168163790885	1.009925587063004	0.6599610986066913	0.09432449070203242	-0.3280765233388044
VUILD106MA_150_4_30	VUILD106MA	VUILD106	fold_3	macrophage_profibrotic	POOLED	1.96790048174325	1.558295118311184	1.7634067098928194	1.7563338299471771	2.27427890050923	2.0474359386275127	2.1498159460055444	1.5583205091809826	1.724781119838606	1.8483285778741196	2.080089463473291	1.9853666942974917	0.2115666517960728	-0.10437706990130252
VUILD106MA_150_4_34	VUILD106MA	VUILD106	fold_3	macrophage_profibrotic	POOLED	2.07835862093155	1.5582982423399456	1.2576897995899936	1.224868355369093	1.931842244817842	1.7400876062576416	1.9591614114528806	1.5583274857135505	1.9203298449164876	1.6931813289221447	2.1112137636083053	1.8695259314189145	0.8534902655624568	-0.10379772449050345
VUILD106MA_150_4_35	VUILD106MA	VUILD106	fold_3	macrophage_profibrotic	POOLED	1.18351771800459	1.558299023347136	1.6588763096319197	1.61783025840056	1.7533019872864517	1.6636832233141385	1.7734576054554676	1.5583292298466926	1.8308439263210157	1.7597748374550566	1.9611119351008481	1.8565357477498028	-0.43431254039597	-0.10936530765415305
VUILD106MA_150_5_34	VUILD106MA	VUILD106	fold_3	macrophage_profibrotic	POOLED	1.27812894247294	1.5582999620084532	1.2491954330872543	1.349261277472237	1.322212678145842	1.2605865863689096	1.784206527648246	1.5583309821647862	1.2818298634928436	1.099161129366701	1.2802304609583024	1.1908422330445219	-0.07113233499929694	-0.13909837622969506
VUILD106MA_150_5_35	VUILD106MA	VUILD106	fold_3	macrophage_profibrotic	POOLED	0.534805895641167	1.5583007430156437	1.1933547890706284	1.3392161492044807	1.656032354761086	1.4554914469994606	1.7854940071475829	1.558332726297928	1.5162481447904186	1.3305880335667655	1.653378333051143	1.4630915091917513	-0.8044102535633137	-0.15619426509634332
VUILD106MA_150_6_33	VUILD106MA	VUILD106	fold_3	macrophage_profibrotic	POOLED	1.49155362427548	1.5583009006697701	1.5129842630710661	1.6406642058874708	1.8206437105557571	1.7256178073247626	1.8692061765200747	1.5583327344828797	1.6170259781692502	1.55585000185348	1.7196567066724717	1.6454774581092109	-0.14911058161199064	-0.09740099204193085
VUILD106MA_150_6_37	VUILD106MA	VUILD106	fold_3	macrophage_profibrotic	POOLED	2.72736582122192	1.558304024698532	1.5379745960225892	1.6896262591115474	1.8048851813249396	1.74994887131051	2.003773072427701	1.5583397110154478	1.9225124354379124	1.5953929698774392	1.965779696653982	1.6458232278370022	1.0377395621103727	-0.13087885005622918
VUILD106MA_150_7_38	VUILD106MA	VUILD106	fold_3	macrophage_profibrotic	POOLED	2.17208807465481	1.5583065253742299	1.7506086254725421	1.9146812138779006	2.164156325449545	2.087321510010157	1.9538245975962623	1.5583449515998253	2.1619523198088535	1.92646926852394	2.215174826561039	1.9771384481264223	0.25740686077690933	0.005288901022606891
VUILD48LA2_150_10_10	VUILD48LA2	VUILD48	fold_3	macrophage_profibrotic	POOLED	2.86568347531169	1.5583066411502793	1.5033783865883639	1.571470687034404	1.8437449286306162	1.8685196675723403	1.6811543484491365	1.558296962415298	1.7205428273938042	1.57099235835617	1.819412906763182	1.5455079847608986	1.2942127882772863	0.06087973311058047
VUILD48LA2_150_10_11	VUILD48LA2	VUILD48	fold_3	macrophage_profibrotic	POOLED	2.3794785533538	1.5583078879247758	1.9358259485038491	1.8108104409098256	2.196691623813912	2.2549793523671955	1.4898186031016096	1.5582991722072792	2.1739011271273654	2.259115049912489	2.0984231246434026	2.1868662614850534	0.5686681124439743	0.15039987865128468
VUILD48LA2_150_10_4	VUILD48LA2	VUILD48	fold_3	macrophage_profibrotic	POOLED	1.84609838420397	1.5582991605032992	1.6831861532191204	1.6472573362733338	2.036323069717461	2.015394448962266	1.6844157735810819	1.5582837036634098	1.9325999799050795	2.205813736567492	1.8065521727651066	2.0718494694718608	0.19884104793063617	0.10734310922866225
VUILD48LA2_150_10_7	VUILD48LA2	VUILD48	fold_3	macrophage_profibrotic	POOLED	1.49687525104737	1.5583029008267892	1.5580542286577128	1.5627486830456012	1.2182674186225035	1.2522633399217449	1.4650892220275913	1.5582903330393538	1.6365780984488194	1.4280945240327636	1.6387355261486787	1.3462866164422609	-0.06587343199823126	-0.13156160827654872
VUILD48LA2_150_10_8	VUILD48LA2	VUILD48	fold_3	macrophage_profibrotic	POOLED	1.05067494470709	1.5583041476012858	1.2779814786424226	1.2893899712808436	1.0115795259302383	0.9889663858812532	1.493768378298331	1.5582925428313352	1.2741662215368668	1.1221820913342144	1.3724963114441808	1.0687360012242462	-0.23871502657375365	-0.2711489048495816
VUILD48LA2_150_11_11	VUILD48LA2	VUILD48	fold_3	macrophage_profibrotic	POOLED	2.04213227842499	1.5583107442042494	1.3793946234751346	1.5355426400252492	1.865002005361466	1.8474030147405438	1.5667517264521371	1.5583038051359055	1.6274226849088453	1.7603432262455638	1.6652125616215827	1.7067632943710163	0.5065896383997406	0.09310256999892973
VUILD48LA2_150_11_12	VUILD48LA2	VUILD48	fold_3	macrophage_profibrotic	POOLED	2.03813838730987	1.558311990978746	1.7877106617621117	1.811266595973539	1.9231998162055728	1.9672266538623755	1.6736810347539937	1.558306014927887	1.7457798212248097	1.9109773057056534	1.7106003698826888	1.7808198201259364	0.22687179133633095	0.1096283524338143
VUILD48LA2_150_11_20	VUILD48LA2	VUILD48	fold_3	macrophage_profibrotic	POOLED	0.84463970280208	1.5583219651747193	1.6920839609784204	1.5576199259826389	1.4432850995213105	1.4947520353093335	1.4953259567842383	1.5583236932637377	1.3867986122519715	1.6160641576543182	1.3481449616002628	1.544808312380721	-0.7129802231805589	0.02909451867994041
VUILD48LA2_150_11_4	VUILD48LA2	VUILD48	fold_3	macrophage_profibrotic	POOLED	1.15811077441347	1.5583020167827728	1.7763480526098439	1.6951368734600691	1.3867508726740405	1.498795425767307	1.5740947465007884	1.558288336592036	1.7899084171296247	1.7577824120408196	1.6039778384258376	1.6055928604415832	-0.5370260990465991	0.027765996610358647
VUILD48LA2_150_11_5	VUILD48LA2	VUILD48	fold_3	macrophage_profibrotic	POOLED	1.3583326058669	1.5583032635572696	1.4659671694236764	1.4978956727318171	1.602892739822331	1.7380834356773849	1.549607385344656	1.5582905463840173	1.4705699398810914	1.78543046629117	1.35016015628138	1.6902778325168373	-0.13956306686491704	0.049285184299833265
VUILD48LA2_150_11_9	VUILD48LA2	VUILD48	fold_3	macrophage_profibrotic	POOLED	2.71864250645871	1.5583082506552561	2.273557809171786	2.1888761507779386	2.245351332909665	2.3672536452781463	1.912032807727268	1.5582993855519427	2.4929133406617465	2.1177553603989616	2.2886178510516095	1.9283353912016274	0.5297663556807715	0.1709141695636348
VUILD48LA2_150_12_10	VUILD48LA2	VUILD48	fold_3	macrophage_profibrotic	POOLED	1.7665961056227	1.5583123537092263	2.0120730748750595	1.973826863807489	1.9251001038582827	2.029772481073152	1.6739744708498476	1.5583062282725504	2.0214020841585882	1.8018733495689803	1.8218781981896572	1.6487957399674547	-0.20723075818478898	0.09210195054553698
VUILD48LA2_150_12_11	VUILD48LA2	VUILD48	fold_3	macrophage_profibrotic	POOLED	2.1661352673346	1.558313600483723	1.8837308135796427	1.9142635206954328	1.873103236440123	2.0248479724652526	1.5423330223486993	1.5583084380645316	2.109310504861411	1.8130427044972073	1.7930160990127428	1.5997643790087734	0.2518717466391671	0.15791806623691051
VUILD48LA2_150_12_12	VUILD48LA2	VUILD48	fold_3	macrophage_profibrotic	POOLED	1.15265571128737	1.5583148472582196	1.5618866877585282	1.6046650664695374	1.5029873958910334	1.5463206269450656	1.3934967964486673	1.558310647856513	1.5804727943159749	1.6949344769538848	1.4433737314927853	1.6088603972191753	-0.45200935518216734	0.07093857356919092
VUILD48LA2_150_12_13	VUILD48LA2	VUILD48	fold_3	macrophage_profibrotic	POOLED	1.46550016666778	1.5583160940327163	2.0019574349439084	1.9041424731922452	1.7081517275836995	1.7973010396073523	1.5760064935960456	1.5583128576484944	1.8581834063252614	1.7724546074639904	1.8063219388455645	1.56939947920394	-0.4386423065244651	0.01474291468467762
VUILD48LA2_150_12_15	VUILD48LA2	VUILD48	fold_3	macrophage_profibrotic	POOLED	1.92737307029539	1.5583185875817096	2.6498454839667334	2.409968413325525	1.9731654582551825	1.9737406513687477	2.2704353557235555	1.5583172772324572	2.0743662777189993	1.9419010716287481	1.8548797300762443	1.8236721886374312	-0.48259534303013507	0.02497864025343842
VUILD48LA2_150_12_16	VUILD48LA2	VUILD48	fold_3	macrophage_profibrotic	POOLED	2.04073089930529	1.5583198343562061	1.7287790224774977	1.7041914878041082	1.8062239865028986	1.7982119203988685	1.8765757669677374	1.5583194870244383	1.4692849238401113	1.6525912314899078	1.504291752319757	1.6769599479109538	0.33653941150118194	0.1303808116092282
VUILD48LA2_150_12_17	VUILD48LA2	VUILD48	fold_3	macrophage_profibrotic	POOLED	1.28810372276411	1.558321081130703	1.4550025200161232	1.4458821967691282	1.5701163311238249	1.624815986628003	1.402629776373375	1.5583216968164197	1.3994310043135125	1.5088398252454887	1.3261816673753792	1.3444281711305828	-0.15777847400501832	0.14709012303046287
VUILD48LA2_150_12_18	VUILD48LA2	VUILD48	fold_3	macrophage_profibrotic	POOLED	0.50607462694914	1.5583223279051994	1.1203321996952988	1.3002354114684922	1.6138132686074267	1.5895998913291045	1.429237225605325	1.5583239066084011	1.5859714217120313	1.6866542183165385	1.7577710911514508	1.6924551597519497	-0.7941607845193522	0.09047967641424338
VUILD48LA2_150_12_21	VUILD48LA2	VUILD48	fold_3	macrophage_profibrotic	POOLED	1.44215228841529	1.5583260682286895	1.7344819882939289	1.797480081184793	1.7035821808742133	1.7361100375811218	1.7352203859562343	1.5583305359843451	1.5799525805578811	1.786815277657935	1.4502968779169374	1.712664425647678	-0.3553277927695031	0.07250891718539278
VUILD48LA2_150_12_23	VUILD48LA2	VUILD48	fold_3	macrophage_profibrotic	POOLED	1.1224165907807	1.5583285617776828	1.35207492588401	1.5079431900501357	1.800902832635724	1.7600011411769119	1.5588943642946271	1.558334955568308	1.7432206392132599	1.6673945284692786	1.7853720820771732	1.637957826809504	-0.38552659926943567	0.06476479457105723
VUILD48LA2_150_12_4	VUILD48LA2	VUILD48	fold_3	macrophage_profibrotic	POOLED	1.25211590363439	1.5583048730622464	1.3906902203041365	1.464363866269701	1.1606971434582993	1.2858290060610689	1.3163436170804315	1.5582929695206622	1.3589355869170525	1.3074961086489556	1.4681946667668289	1.1475542739924989	-0.21224796263531087	-0.039924683315698546
VUILD48LA2_150_12_5	VUILD48LA2	VUILD48	fold_3	macrophage_profibrotic	POOLED	1.65806890204246	1.558306119836743	1.8289495476252926	1.710280828782866	1.4815343454674776	1.6427655323083963	1.5060383519155711	1.5582951793126436	1.3669401150860303	1.684054295564704	1.2383520496752125	1.5281719381669168	-0.05221192674040598	0.07828410740313356
VUILD48LA2_150_12_8	VUILD48LA2	VUILD48	fold_3	macrophage_profibrotic	POOLED	1.07716352595808	1.558309860160233	1.6355348263104923	1.6182930268281939	1.3327010412865905	1.3838575840588099	1.3404401681895917	1.5583018086885876	1.3565153845162181	1.4203484226802139	1.2459093609964023	1.291244934711828	-0.5411295008701138	-0.1771338326435618
VUILD48LA2_150_12_9	VUILD48LA2	VUILD48	fold_3	macrophage_profibrotic	POOLED	1.70790852945494	1.5583111069347295	1.9249564578015066	1.922194555314742	1.6742619202033855	1.837214225462033	1.5494713635337303	1.558304018480569	1.9828577204160711	1.722330531945572	1.7882569412480231	1.6016969364367926	-0.21428602585980183	0.008629026688441736
VUILD48LA2_150_13_11	VUILD48LA2	VUILD48	fold_3	macrophage_profibrotic	POOLED	1.48577397341634	1.5583164567631964	1.9974729211628903	2.0377455657961367	1.733813094537056	1.914463232622515	1.6132202172369245	1.5583130709931579	2.0292681929666947	2.080650256282193	1.9182008423031456	1.8846697058882358	-0.5519715923797968	0.10819637294555363
VUILD48LA2_150_13_12	VUILD48LA2	VUILD48	fold_3	macrophage_profibrotic	POOLED	2.0140066098142	1.5583177035376932	1.8012743930876316	1.7917827408832265	1.8190273221329174	1.7738601324045986	1.8080780389935265	1.5583152807851393	1.7433559335009254	1.8991393105238072	1.8197490287859461	1.8962419446850858	0.22222386893097368	0.004475069436444892
VUILD48LA2_150_13_14	VUILD48LA2	VUILD48	fold_3	macrophage_profibrotic	POOLED	1.46498049956558	1.5583201970866865	1.8739842608586388	1.6822190110016508	1.723309518452938	1.7539523089246791	1.4698766193669954	1.5583197003691018	1.767113692817857	1.9190651824677554	1.7597840706963004	1.895757584246414	-0.21723851143607087	-0.09394308123903307
VUILD48LA2_150_13_15	VUILD48LA2	VUILD48	fold_3	macrophage_profibrotic	POOLED	1.36798529096347	1.558321443861183	1.5349086997682955	1.6528849183024787	1.698234458896126	1.6554520667218557	1.8783009602842573	1.5583219101610832	1.4174847418737428	1.587239746936235	1.5134331928778317	1.4788446301965845	-0.28489962733900875	-0.08289509649609822
VUILD48LA2_150_13_16	VUILD48LA2	VUILD48	fold_3	macrophage_profibrotic	POOLED	0.873287582849296	1.5583226906356797	1.4467773604466203	1.5232802552687235	1.3977871966691182	1.3223518444609088	1.913349461777142	1.5583241199530646	1.194834492686344	1.5155454258561878	1.3534705597911196	1.6041142306339626	-0.6499926724194275	0.0748113243180794
VUILD48LA2_150_13_17	VUILD48LA2	VUILD48	fold_3	macrophage_profibrotic	POOLED	0.794029457793401	1.5583239374101763	1.1109188819358893	1.2176721829100199	1.283001230443154	1.2861890435599035	1.1948524108675822	1.558326329745046	1.3798288789840583	1.3551125120590877	1.4610697551278697	1.3426249417762603	-0.42364272511661893	0.0882579210333055
VUILD48LA2_150_13_18	VUILD48LA2	VUILD48	fold_3	macrophage_profibrotic	POOLED	1.15736117938499	1.558325184184673	1.1733912161062088	1.189596628215471	1.3772848402263334	1.3568755464701412	1.2470675261376387	1.5583285395370272	1.1067244281003792	1.3540791252023205	1.227670539182622	1.3123999773578412	-0.03223544883048102	0.08800247726400055
VUILD48LA2_150_13_19	VUILD48LA2	VUILD48	fold_3	macrophage_profibrotic	POOLED	1.45377923510765	1.5583264309591696	2.0477530382127824	1.8106572641219614	1.6576374208695408	1.6621274905370815	1.7302929295683434	1.5583307493290086	1.865037247109002	1.8238927658000055	1.8593501991835861	1.8374762425787048	-0.3568780290143114	-0.03265964503744398
VUILD48LA2_150_13_21	VUILD48LA2	VUILD48	fold_3	macrophage_profibrotic	POOLED	0.847104242858124	1.558328924508163	1.491918687830403	1.4472800159999917	1.2358517140762497	1.285911231294341	1.5414732942826062	1.5583351689129714	1.5249412649857228	1.1638477076205391	1.3503707261761044	1.075176921200434	-0.6001757731418677	-0.020392094519312804
VUILD48LA2_150_13_4	VUILD48LA2	VUILD48	fold_3	macrophage_profibrotic	POOLED	1.2043317575016	1.55830772934172	1.6988785536718716	1.664562363099698	1.497298959871943	1.5949816497955647	1.2760834396672185	1.5582976024492883	1.3168542819761666	1.5441193621473757	1.387082353060832	1.386670133177504	-0.46023060559809803	0.1133092128289218
VUILD48LA2_150_13_5	VUILD48LA2	VUILD48	fold_3	macrophage_profibrotic	POOLED	1.32593631690038	1.5583089761162165	1.622530550736705	1.659483686887565	1.0747204434507391	1.2818605037131543	1.3211870066502873	1.5582998122412697	1.6939436826371645	1.3081590298841244	1.4319008295681874	1.0881623493529582	-0.33354736998718515	0.0016725760363174823
VUILD48LA2_150_14_10	VUILD48LA2	VUILD48	fold_3	macrophage_profibrotic	POOLED	1.11140435729566	1.5583180662681733	1.5577755369481063	1.6658558867845037	1.487961697489581	1.5476554479164375	1.3761110539756753	1.5583154941298027	1.5831509357944675	1.401195140259655	1.4620888237751306	1.315647099379392	-0.5544515294888437	-0.2030096037865745
VUILD48LA2_150_14_12	VUILD48LA2	VUILD48	fold_3	macrophage_profibrotic	POOLED	1.27702279775062	1.5583205598171668	1.5220459510214317	1.5899404785558833	1.3056881581029294	1.2891636724718423	1.7385915036108932	1.5583199137137653	1.3502986743478433	1.4514274409245926	1.3085274980679376	1.4196641175309996	-0.31291768080526317	-0.19623283306876627
VUILD48LA2_150_14_14	VUILD48LA2	VUILD48	fold_3	macrophage_profibrotic	POOLED	2.31718245110628	1.55832305336616	1.693034324814961	1.7805503497409179	1.8544069330272301	1.9738009533307124	1.748670863993714	1.5583243332977281	1.7997841947521804	1.8779390652735681	1.858866462224182	1.7021243479611308	0.5366321013653623	0.08398554244359209
VUILD48LA2_150_14_15	VUILD48LA2	VUILD48	fold_3	macrophage_profibrotic	POOLED	2.24415400643997	1.5583243001406566	1.683031218880999	1.7425232039967884	1.5878527564034444	1.6155561073466278	1.6836922540302413	1.5583265430897095	1.874178716496522	1.844490417820667	1.798344349094227	1.8302258759905123	0.5016308024431815	-0.15463957463329642
VUILD48LA2_150_14_17	VUILD48LA2	VUILD48	fold_3	macrophage_profibrotic	POOLED	0.649090657352297	1.5583267936896499	1.277944577298718	1.2742143783848856	1.3858985632763112	1.3532882573276217	1.5010423628654073	1.558330962673672	1.283734051686409	1.4644166178249902	1.293955942898454	1.443449509156464	-0.6251237210325886	0.06846324773935986
VUILD48LA2_150_14_4	VUILD48LA2	VUILD48	fold_3	macrophage_profibrotic	POOLED	1.4382596974415	1.5583105856211934	1.6910039290789431	1.6108888278508382	1.6369428338729868	1.5836542431265532	1.6574474078373855	1.5583022353779146	0.9043335400434638	1.2762857332288968	1.0966461931316767	1.1615983759019033	-0.17262913040933814	0.06939867851287711
VUILD48LA2_150_14_5	VUILD48LA2	VUILD48	fold_3	macrophage_profibrotic	POOLED	1.52626785372781	1.5583118323956902	1.9655844955094008	1.9645711545977345	2.2666322739264424	2.2668408856558564	1.4887838426785909	1.558304445169896	2.48113438855797	2.2588742674728373	2.5048609868886875	2.208143594732344	-0.4383033008699244	0.05375945280811199
VUILD48LA2_150_14_9	VUILD48LA2	VUILD48	fold_3	macrophage_profibrotic	POOLED	1.62029427700644	1.5583168194936767	1.9023385510035107	1.7994255470578164	1.9349232336698108	1.9242611424831724	1.6749430681831439	1.5583132843378213	1.8477582078023849	1.73187469094283	2.048557767143515	1.7303116630054594	-0.17913127005137652	0.028624248750460712
VUILD48LA2_150_15_12	VUILD48LA2	VUILD48	fold_3	macrophage_profibrotic	POOLED	1.23187301505665	1.5583234160966402	1.8523074554171686	1.8165335804779015	1.2262189523072369	1.2930688428052777	1.5787530030807857	1.5583245466423916	1.5407578301456872	1.591648987060637	1.3948872051763546	1.5041222371734864	-0.5846605654212516	-0.13045461600242303
VUILD48LA2_150_15_13	VUILD48LA2	VUILD48	fold_3	macrophage_profibrotic	POOLED	2.12942113672779	1.558324662871137	2.1075052998552515	2.205638589510005	1.9344535597964299	2.1263686897212546	1.5953061432229554	1.5583267564343728	1.964645404810176	1.990630483444718	1.832831429374487	1.7759874332084453	-0.07621745278221459	0.04439885021236048
VUILD48LA2_150_15_14	VUILD48LA2	VUILD48	fold_3	macrophage_profibrotic	POOLED	2.61623664864999	1.5583259096456334	2.0999205383605184	2.091911358112831	2.249002663698694	2.2884638358494627	1.7222466564023866	1.5583289662263542	2.261873330079582	2.0099783241691496	2.29893935990874	1.8992914479320635	0.5243252905371589	0.15078136630718342
VUILD48LA2_150_15_15	VUILD48LA2	VUILD48	fold_3	macrophage_profibrotic	POOLED	1.55630348447027	1.5583271564201302	1.7887565095656333	1.7016124952695024	1.0614822057851576	1.134817567341992	1.6879382343376723	1.5583311760183356	1.2606973363928737	1.3952920365209576	1.2174558753455789	1.324759961012178	-0.14530901079923253	-0.2777005539898307
VUILD48LA2_150_15_16	VUILD48LA2	VUILD48	fold_3	macrophage_profibrotic	POOLED	1.38319652075182	1.5583284031946267	1.6880306874529527	1.8068950142752713	1.1718389892702925	1.2721721887597357	1.645530768339996	1.558333385810317	1.2952944579114036	1.2168144965814542	1.1042223396491462	1.045401277839022	-0.42369849352345135	-0.19179854149981668
VUILD48LA2_150_15_17	VUILD48LA2	VUILD48	fold_3	macrophage_profibrotic	POOLED	0.946087452224205	1.5583296499691235	1.6191469395236997	1.6882805843084794	1.380375968905351	1.409605331601293	1.4854037975108383	1.5583355956022984	1.1014169030332186	1.4190033138192264	0.9460447272643375	1.3363872960957806	-0.7421931320842744	-0.04632668357909633
VUILD48LA2_150_15_9	VUILD48LA2	VUILD48	fold_3	macrophage_profibrotic	POOLED	1.14353959440342	1.5583196757731503	1.4997526465019095	1.5507770879759841	1.050436855575985	1.1117582504872612	1.5135874039006951	1.5583179172664474	1.3472783394104417	1.149891012604088	1.2057135256159588	1.0595714759356778	-0.4072374935725642	-0.09455017157145124
VUILD48LA2_150_16_21	VUILD48LA2	VUILD48	fold_3	macrophage_profibrotic	POOLED	2.27927972936586	1.5583374933465837	1.5366737089004627	1.604910861690258	1.9015689821857147	1.946938840974888	1.6664737029191643	1.5583490676988498	1.9590982997559057	1.7157176934856224	1.8108805502005332	1.634390142972463	0.6743688676756019	0.015221300355024524
VUILD48LA2_150_16_7	VUILD48LA2	VUILD48	fold_3	macrophage_profibrotic	POOLED	1.03298513744943	1.5583200385036304	1.5391513451784147	1.511929493988164	1.1137486990526835	1.192058681511071	1.284444216909078	1.558318130611111	1.4057712016405022	1.2105015996889805	1.3225052644678665	1.1590825593532101	-0.4789443565387339	-0.20814613586802566
VUILD48LA2_150_17_21	VUILD48LA2	VUILD48	fold_3	macrophage_profibrotic	POOLED	1.54538694259588	1.5583403496260573	1.666915153822108	1.6913503067954097	1.5116662123874904	1.5737530602667527	1.5791796226752701	1.5583537006274761	1.9424152292543861	1.5342383979545322	1.8185141769171835	1.449526849546825	-0.1459633641995297	-0.051778206942533496
VUILD48LA2_150_17_6	VUILD48LA2	VUILD48	fold_3	macrophage_profibrotic	POOLED	0.860951387959185	1.5583216480086075	1.2714250317807947	1.434879084885152	1.395019150822707	1.4214935000191724	1.3118998274779095	1.5583205537477558	1.5201496254411864	1.4431765214515369	1.3874816125073168	1.3519365118821214	-0.573927696925967	-0.06641350508697777
VUILD48LA2_150_17_7	VUILD48LA2	VUILD48	fold_3	macrophage_profibrotic	POOLED	1.29836555537618	1.558322894783104	1.4072511532078438	1.4334905600040915	1.5737760303290085	1.5179490500824953	1.5530867123982512	1.5583227635397372	1.3742532614211156	1.5849576991236087	1.5868641521585451	1.6637912530127283	-0.13512500462791155	0.017212054706460755
VUILD48LA2_150_17_8	VUILD48LA2	VUILD48	fold_3	macrophage_profibrotic	POOLED	2.37011806529039	1.5583241415576008	1.8341976303107286	1.7271363366471908	2.112715751130054	2.135798173447273	1.6745143106895695	1.5583249733317184	2.3597821650723403	2.2393978025964176	2.353044786570012	2.2047094226709567	0.6429817286431994	0.10993849978853261
VUILD48LA2_150_17_9	VUILD48LA2	VUILD48	fold_3	macrophage_profibrotic	POOLED	2.14986655607348	1.5583253883320973	1.65064617655059	1.6925506195058158	1.8049320664200368	1.89336834472186	1.6909003259721809	1.5583271831236998	1.9116367613825798	1.9083375846639892	1.8692128806276425	1.822480680479054	0.4573159365676642	0.07277482075158213
VUILD48LA2_150_18_12	VUILD48LA2	VUILD48	fold_3	macrophage_profibrotic	POOLED	1.65311707393863	1.558331984935061	2.1175694785737393	2.0509842639230045	1.6539780882236332	1.8692900174804743	1.7457651827160923	1.55833844542827	1.9884466933396503	1.8684703930895403	1.7879797694683888	1.6542021241577227	-0.3978671899843744	0.1000226561737379
VUILD48LA2_150_18_17	VUILD48LA2	VUILD48	fold_3	macrophage_profibrotic	POOLED	2.46575328601688	1.558338218807544	2.2147592617066074	2.1696197166918294	2.181726631333036	2.2839555738753687	1.6301456379641281	1.5583494943881768	2.226863693130142	2.1048848915004994	2.075428781355787	1.922912087469726	0.2961335693250504	0.1954503942307541
VUILD48LA2_150_18_18	VUILD48LA2	VUILD48	fold_3	macrophage_profibrotic	POOLED	2.0340179688586	1.5583394655820408	2.0502982174486686	1.9960484304179247	1.960012420479508	2.0071044693599833	1.7391810003765737	1.5583517041801582	2.0989068269097215	2.21086069426895	2.0923114447368563	2.1979780301626475	0.0379695384406753	0.1773032682609027
VUILD48LA2_150_18_8	VUILD48LA2	VUILD48	fold_3	macrophage_profibrotic	POOLED	1.185135893897	1.5583269978370742	1.3625472122247502	1.3531811870019885	1.5143346550134429	1.5193067187197198	1.337384285228858	1.5583296062603447	1.1205545272805952	1.4765038439619331	1.0976933087218872	1.4377757187095848	-0.1680452931049885	-0.07857436809617495
VUILD48LA2_150_18_9	VUILD48LA2	VUILD48	fold_3	macrophage_profibrotic	POOLED	1.21858530684898	1.558328244611571	1.8005715375710039	1.7344258421601773	1.531317662572958	1.5737023155478715	1.4726703927508826	1.558331816052326	1.8273618722810672	1.4982409672706112	1.7004021864855643	1.394164096714892	-0.5158405353111972	-0.040800993230757684
VUILD48LA2_150_19_12	VUILD48LA2	VUILD48	fold_3	macrophage_profibrotic	POOLED	1.95087241059742	1.5583348412145344	2.1803923031603603	2.2243490042302225	1.9751065179742242	2.0835946969890626	1.6652383798418549	1.5583430783568963	2.028462271763635	2.296190881625426	1.8507978803805538	2.180558677552214	-0.2734765936328025	-0.015348629836313868
VUILD48LA2_150_19_13	VUILD48LA2	VUILD48	fold_3	macrophage_profibrotic	POOLED	2.20104590700186	1.5583360879890311	2.8343005384328945	2.6290244400919054	2.5219709272226987	2.647650326009682	1.603121537624414	1.5583452881488775	2.708244162350243	2.695056181746031	2.423762587591075	2.5514277258641047	-0.4279785330900454	0.03851372695840855
VUILD48LA2_150_19_14	VUILD48LA2	VUILD48	fold_3	macrophage_profibrotic	POOLED	2.38999335312522	1.5583373347635276	2.476353980647342	2.342445413724373	2.0302256585652922	2.178913268815375	1.8514446662597062	1.558347497940859	2.0598970966359595	2.072450323614797	1.8971591120431297	1.864271929444859	0.04754793940084712	0.09668842959203676
VUILD48LA2_150_19_18	VUILD48LA2	VUILD48	fold_3	macrophage_profibrotic	POOLED	1.5613071089456	1.5583423218615142	1.6371695369513168	1.633719053300926	1.3097908282324615	1.4407630938414302	1.8165624131414124	1.5583563371087843	1.7685327767612848	1.841989942770749	1.449198313643252	1.7782520906354844	-0.07241194435532594	-0.17441847319237042
VUILD48LA2_150_2_13	VUILD48LA2	VUILD48	fold_3	macrophage_profibrotic	POOLED	1.44742709628802	1.5582875312379807	1.9477779406184093	1.8110340837796837	1.8043077164714711	1.912203955506323	1.5219141255080348	1.5582665283622326	1.9921206548290327	1.6243127514111815	1.7744743330440662	1.5049523789612493	-0.36360698749166365	0.08957759609921813
VUILD48LA2_150_2_14	VUILD48LA2	VUILD48	fold_3	macrophage_profibrotic	POOLED	1.96901383968675	1.5582887780124774	1.941875094799751	1.9927651459731655	2.292095451517378	2.309670918437843	1.6816572872666982	1.558268738154214	2.3229271883399174	2.32945204125296	2.332733679154228	2.264641703462778	-0.02375130628641542	0.1151952203066799
VUILD48LA2_150_2_15	VUILD48LA2	VUILD48	fold_3	macrophage_profibrotic	POOLED	1.82920837418662	1.558290024786974	1.8382265070898671	1.921080198431634	1.9884726665036203	2.0670072272970383	1.4668184774837245	1.5582709479461954	1.8671307253578506	1.8874027604867987	1.7367785146725814	1.7347587800148467	-0.09187182424501383	0.10274545149011609
VUILD48LA2_150_3_11	VUILD48LA2	VUILD48	fold_3	macrophage_profibrotic	POOLED	1.19271469575216	1.558287893968461	1.2496695949040841	1.2725198054274294	1.0082191089992296	1.0913558926270845	1.133052598709551	1.558266741706896	1.2317388679612464	1.3759935753778276	1.1029581377300093	1.2805289983636494	-0.07980510967526944	-0.030401274217367453
VUILD48LA2_150_3_14	VUILD48LA2	VUILD48	fold_3	macrophage_profibrotic	POOLED	1.93083251887222	1.5582916342919508	1.347056917286954	1.3957182057614033	1.641695321703677	1.607704359929076	1.41431068999341	1.5582733710828403	1.5974590100880772	1.5415633758481964	1.6296558887669452	1.526160348634964	0.5351143131108167	0.07182432607166754
VUILD48LA2_150_3_15	VUILD48LA2	VUILD48	fold_3	macrophage_profibrotic	POOLED	1.73670380870485	1.5582928810664476	1.5156865823790402	1.6078654458734896	1.8575373923126821	1.7887902196806205	1.6439464044457228	1.5582755808748214	1.5356631345742986	1.5323160884098606	1.6460111561218245	1.4458750627443664	0.12883836283136052	0.10381080518175556
VUILD48LA2_150_4_14	VUILD48LA2	VUILD48	fold_3	macrophage_profibrotic	POOLED	1.06106656024171	1.5582944905714244	1.4587880122901236	1.594518843245505	1.524212427779711	1.5044849001802014	1.5087966273066369	1.5582780040114663	1.7516305960379677	1.6815564525593398	1.6961540939640638	1.5933886885694313	-0.5334522830037951	-0.0706135483044727
VUILD48LA2_150_4_18	VUILD48LA2	VUILD48	fold_3	macrophage_profibrotic	POOLED	0.786056970527772	1.558299477669411	1.4278435924105215	1.5813855428300299	1.3235177789148735	1.2321388503412602	1.4911663535015915	1.5582868431793917	1.2667175173202199	1.516588006804198	1.350174554202861	1.561946742953994	-0.7953285723022578	-0.22427069601101307
VUILD48LA2_150_4_19	VUILD48LA2	VUILD48	fold_3	macrophage_profibrotic	POOLED	0.746717179232991	1.5583007244439078	1.6363735987670347	1.7787932665562864	1.5342668853339336	1.5344717282482758	1.6322986683901195	1.558289052971373	1.4446523813080363	1.7022192106991016	1.289361063980983	1.665728169806995	-1.0320760873232955	-0.023700037634888968
VUILD48LA2_150_4_20	VUILD48LA2	VUILD48	fold_3	macrophage_profibrotic	POOLED	1.0254970718967	1.5583019712184043	1.8438939371249337	1.830885509758168	1.858669493971877	1.9250562331215253	1.755849942655543	1.5582912627633545	1.9254341673720872	1.7282063850324352	1.8331485509200025	1.628347345578209	-0.805388437861468	0.21830867260913422
VUILD48LA2_150_5_11	VUILD48LA2	VUILD48	fold_3	macrophage_profibrotic	POOLED	1.38369440000329	1.558293606527408	2.3303549394576866	2.23575338810663	1.8270256354123502	1.9785904776195695	1.7062960674761178	1.5582760075641484	2.137785636990854	2.040833026852513	1.9904479430813495	1.9051747922525726	-0.8520589881033398	0.08620158531768447
VUILD48LA2_150_5_14	VUILD48LA2	VUILD48	fold_3	macrophage_profibrotic	POOLED	0.844188943550955	1.558297346850898	1.34744967609862	1.5139252161247756	1.2947252774127835	1.3962103992833539	1.5215999333151928	1.5582826369400926	1.4952661050693692	1.4893684950768806	1.4327247064923259	1.3084551239199838	-0.6697362725738206	0.06867263292822032
VUILD48LA2_150_5_15	VUILD48LA2	VUILD48	fold_3	macrophage_profibrotic	POOLED	2.24374998735075	1.5582985936253946	1.893562970694116	1.9193226283238933	2.1302418615214567	2.0771037995144352	1.6678177385882154	1.5582848467320738	2.2433231822267565	1.8808973417847086	2.135368017648278	1.837721305617472	0.3244273590268565	0.03864153355378404
VUILD48LA2_150_5_16	VUILD48LA2	VUILD48	fold_3	macrophage_profibrotic	POOLED	1.83689962023839	1.5582998403998913	1.7655246540834026	1.8744361160386764	1.6568308348173943	1.676680429069134	1.5631867378929125	1.5582870565240552	1.6059872882594373	1.472343881116613	1.4946421227789257	1.3537288977130943	-0.037536495800286396	-0.1100387382657337
VUILD48LA2_150_5_19	VUILD48LA2	VUILD48	fold_3	macrophage_profibrotic	POOLED	0.579824654235877	1.5583035807233814	1.7731993852005739	1.6701725652490236	1.3808691528770538	1.4069859102500386	1.58432974381993	1.5582936858999994	1.644091436708352	1.5907367181069691	1.507409538883285	1.5430839650863815	-1.0903479110131467	-0.1097123550489793
VUILD48LA2_150_5_20	VUILD48LA2	VUILD48	fold_3	macrophage_profibrotic	POOLED	0.949199421346532	1.558304827497878	1.4401091490695963	1.5565294216925083	1.4556830270479004	1.4680134826018005	1.6333980345987091	1.5582958956919806	1.5840833743839655	1.6038454087484473	1.6986535617470087	1.61664007734637	-0.6073300003459763	-0.009067616193806149
VUILD48LA2_150_5_21	VUILD48LA2	VUILD48	fold_3	macrophage_profibrotic	POOLED	1.78084332714053	1.5583060742723747	1.5114847267612765	1.6755977203379304	1.7983342691422968	1.786144378338273	1.6577223902964304	1.558298105483962	2.0015364394250503	1.7118751057286379	1.882403286479293	1.6355415633239974	0.10524560680259953	0.12796275472853436
VUILD48LA2_150_5_5	VUILD48LA2	VUILD48	fold_3	macrophage_profibrotic	POOLED	2.36886781643332	1.5582861258804281	1.44810492361338	1.6974199825308947	1.7570625286586083	1.9043728742748787	1.3523205369852	1.5582627488122602	2.1201355497101355	2.029608585274346	1.9126740308475614	1.8883999512886323	0.6714478339024252	0.15846544187122408
VUILD48LA2_150_5_8	VUILD48LA2	VUILD48	fold_3	macrophage_profibrotic	POOLED	0.836349849107497	1.5582898662039182	1.4869030075402194	1.489502068379533	1.3703406005677845	1.3925905585827725	1.360009116630948	1.5582693781882044	1.457037949289996	1.5634577304060844	1.5447931421681904	1.4687967953329313	-0.653152219272036	-0.07334194281094533
VUILD48LA2_150_5_9	VUILD48LA2	VUILD48	fold_3	macrophage_profibrotic	POOLED	1.06980212864504	1.5582911129784147	1.5934851618986332	1.6632421782872735	1.8334531642115208	1.7391760027609466	1.334555329546958	1.5582715879801858	1.6226329983212533	1.5619383360443875	1.7184583216526923	1.5970983360459143	-0.5934400496422334	-0.058481482310926654
VUILD48LA2_150_6_11	VUILD48LA2	VUILD48	fold_3	macrophage_profibrotic	POOLED	1.89987867804644	1.5582964628068816	1.9217182530630732	1.8962070563264075	2.0381360579309096	2.1033029029164503	1.3777841698156486	1.5582806404927747	1.9777114780350038	2.007873198141624	1.8878920883125665	1.8911373562063514	0.0036716217200325474	0.16638702014292395
VUILD48LA2_150_6_12	VUILD48LA2	VUILD48	fold_3	macrophage_profibrotic	POOLED	2.30242138965661	1.5582977095813784	2.0429653267489756	2.0836738059528823	2.064547412892575	2.224718791041501	1.7677146457613222	1.5582828502847559	2.278623670237166	2.0739780660920992	2.0026874492195716	1.881781638765338	0.2187475837037276	0.18782415158310456
VUILD48LA2_150_6_15	VUILD48LA2	VUILD48	fold_3	macrophage_profibrotic	POOLED	0.910159880988877	1.5583014499048682	1.3783767800358837	1.663645519388478	1.273288701825196	1.3646742134542447	1.3243180128545047	1.5582894796607	1.3359192607207588	1.522666933568973	1.1881401250674934	1.3425777847035376	-0.753485638399601	-0.08427259582627415
VUILD48LA2_150_6_16	VUILD48LA2	VUILD48	fold_3	macrophage_profibrotic	POOLED	2.40325820771473	1.558302696679365	2.798015679993642	2.709421754130525	2.5394212890308756	2.6109776710785866	1.6232859306214966	1.5582916894526815	2.566814133215231	2.544962771418624	2.4259575292805677	2.3752083225935214	-0.306163546415795	0.061675870432033236
VUILD48LA2_150_6_17	VUILD48LA2	VUILD48	fold_3	macrophage_profibrotic	POOLED	3.01555033144749	1.5583039434538615	3.3639344384056225	3.296090533018096	2.710681526957329	2.908239755414913	1.9975502643594054	1.5582938992446627	2.693558052896509	2.954990612542817	2.254440877944597	2.61893825615239	-0.2805402015706058	0.23432035719492283
VUILD48LA2_150_6_22	VUILD48LA2	VUILD48	fold_3	macrophage_profibrotic	POOLED	1.31787426364541	1.5583101773263448	1.1931926422111963	1.4875640637616176	1.5013343694881887	1.5146264005684047	1.5580609612994392	1.5583049482045694	1.380727338088059	1.2809514861087221	1.446177537132038	1.2180785843969522	-0.1696898001162077	0.07348448271902384
VUILD48LA2_150_6_4	VUILD48LA2	VUILD48	fold_3	macrophage_profibrotic	POOLED	1.1378492476144	1.558287735385405	1.588368292449293	1.6217320963007447	1.9145447589949502	1.8840818283307317	1.7293030941710907	1.5582651719489051	1.4489294151078824	1.95898974026592	1.6265055596368394	1.908875370167278	-0.4838828486863447	0.12056438424782774
VUILD48LA2_150_6_5	VUILD48LA2	VUILD48	fold_3	macrophage_profibrotic	POOLED	1.68370111185151	1.5582889821599017	1.9231702080967996	1.850179717945237	1.4033080140893002	1.5608313484981422	1.6543681248550395	1.5582673817408865	1.7100638168695603	1.7888332940808134	1.5559419741094498	1.6197069784622933	-0.1664786060937271	0.06931229358184497
VUILD48LA2_150_6_6	VUILD48LA2	VUILD48	fold_3	macrophage_profibrotic	POOLED	2.70481202118429	1.5582902289343983	2.2517604316818716	2.261499730160274	2.2468621658628947	2.3702277444720505	1.856406776442503	1.558269591532868	2.4057268875404088	2.5063494661944223	2.2426216568423025	2.3713434406190985	0.4433122910240157	0.22753168142104052
VUILD48LA2_150_6_7	VUILD48LA2	VUILD48	fold_3	macrophage_profibrotic	POOLED	1.80325814322929	1.558291475708895	1.8933880535704604	1.777746538117635	1.8159117942177145	1.8892351598744703	1.7260425091840228	1.558271801324849	2.2846927530715853	1.8472853520106352	2.0017444138791705	1.7525266816351501	0.025511605111655067	0.09164364231796619
VUILD48LA2_150_6_9	VUILD48LA2	VUILD48	fold_3	macrophage_profibrotic	POOLED	1.02914552149554	1.5582939692578883	1.6756216527476062	1.5562908361141359	1.5002384198107594	1.5256380003529273	1.2180969896307552	1.558276220908812	1.5699456436340282	1.460895873227701	1.468531064760966	1.3734187349359375	-0.5271453146185958	-0.030386182788327658
VUILD48LA2_150_7_11	VUILD48LA2	VUILD48	fold_3	macrophage_profibrotic	POOLED	1.96764525746721	1.5582993190863552	2.1970521075685596	2.0832093349405696	1.77722033036587	1.9537420409031714	1.4674100976217481	1.5582852734214008	2.014297650024113	1.831906113938369	1.7314644042009628	1.6495007583315124	-0.1155640774733595	0.12485681822838691
VUILD48LA2_150_7_12	VUILD48LA2	VUILD48	fold_3	macrophage_profibrotic	POOLED	1.1375705620311	1.5583005658608517	1.7340944342982259	1.7170071768111388	1.2478408357858983	1.3134206800400903	1.2980045927006212	1.5582874832133822	1.3632859146329177	1.3409255737520018	1.25158032994008	1.27893553378757	-0.5794366147800387	-0.08969474257957612
VUILD48LA2_150_7_13	VUILD48LA2	VUILD48	fold_3	macrophage_profibrotic	POOLED	2.08052480213537	1.5583018126353485	2.114448430891923	2.08647989811434	1.9789254584825362	2.0831594632389496	1.5177880481654604	1.5582896930053636	1.8540412791434402	1.9401522432462144	1.6116585896224305	1.7260911952604803	-0.0059550959789698155	0.15429173412633967
VUILD48LA2_150_7_16	VUILD48LA2	VUILD48	fold_3	macrophage_profibrotic	POOLED	1.47054886183254	1.5583055529588383	1.710123354817367	1.7912649011668575	1.6143367007243792	1.654425401907273	1.8630924252790875	1.5582963223813076	1.5261837318891298	1.5654907192912866	1.4691097776542712	1.489706711839644	-0.3207160393343176	-0.05242109739898512
VUILD48LA2_150_7_22	VUILD48LA2	VUILD48	fold_3	macrophage_profibrotic	POOLED	0.154811120320724	1.5583130336058184	0.85413013101033	1.0183466480428962	1.4426324703786557	1.2311870539367282	1.4675514549685422	1.5583095811331957	1.0755365659949696	1.1487605481895287	1.186330171477673	1.2707534953645507	-0.8635355277221722	0.04977710867900777
VUILD48LA2_150_7_4	VUILD48LA2	VUILD48	fold_3	macrophage_profibrotic	POOLED	1.2107047447697	1.5582905916648786	1.598891673582361	1.5958161099175274	1.6548047583947694	1.6814188139151618	1.3846545025708297	1.5582698048775314	1.96639830773831	1.925369720502178	1.7850003896917668	1.8438272959168804	-0.3851113651478275	0.016698639091166263
VUILD48LA2_150_7_5	VUILD48LA2	VUILD48	fold_3	macrophage_profibrotic	POOLED	1.44384121507613	1.5582918384393754	1.5165333526977658	1.58515541906757	0.8822924670992163	1.01761866160592	1.5224426332538432	1.5582720146695126	1.2666218574332369	0.9877095690512	1.137123300527635	0.8752449967131273	-0.14131420399144012	-0.20887460158709614
VUILD48LA2_150_7_7	VUILD48LA2	VUILD48	fold_3	macrophage_profibrotic	POOLED	0.889856785782815	1.5582943319883686	1.4595799346280733	1.521741338639523	1.163522479623869	1.1401329440711896	1.463085053047389	1.5582764342534754	1.4632923126467972	1.3276504547351409	1.4068458734544924	1.2994633468284764	-0.6318845528567081	-0.10838116642797704
VUILD48LA2_150_7_8	VUILD48LA2	VUILD48	fold_3	macrophage_profibrotic	POOLED	1.10345560889549	1.5582955787628652	1.6419289716809997	1.5950594197201018	1.3195665606176072	1.3223966166319152	1.2437794748776783	1.5582786440454568	1.4687516917784684	1.5346481684333484	1.4379541271292051	1.513705603378962	-0.4916038108246117	-0.0710468132572373
VUILD48LA2_150_7_9	VUILD48LA2	VUILD48	fold_3	macrophage_profibrotic	POOLED	0.932468307000037	1.558296825537362	1.370082961803066	1.4425916586609735	1.6890210346016674	1.7191982826447896	1.5336064034774548	1.558280853837438	1.7415398403270168	1.5102310630889695	1.692115712014058	1.4200082188837748	-0.5101233516609365	0.07041239465977886
VUILD48LA2_150_8_12	VUILD48LA2	VUILD48	fold_3	macrophage_profibrotic	POOLED	0.94859897931182	1.5583034221403254	1.465835676527629	1.5717001776641393	1.210123908783793	1.2599604593551925	1.6357227315961302	1.5582921161420082	1.3243629358737161	1.436350669189071	1.3378445440957134	1.408115340122102	-0.6231011983523193	-0.20585176127102045
VUILD48LA2_150_8_13	VUILD48LA2	VUILD48	fold_3	macrophage_profibrotic	POOLED	2.71649594503338	1.558304668914822	2.0679264024420734	1.9973911394767587	2.4022195659627195	2.3868160784642276	1.7125553804480527	1.5582943259339896	2.2746063251519786	2.4536538359063558	2.272847747690183	2.5430296281289886	0.7191048055566214	0.06354171097143188
VUILD48LA2_150_8_15	VUILD48LA2	VUILD48	fold_3	macrophage_profibrotic	POOLED	0.453411361089006	1.5583071624638154	1.7807314731336077	1.6906479452046015	1.1853767407202342	1.178300666895113	1.530185120240576	1.5582987455179524	1.234864939933009	1.1309659028787526	1.2897280605065424	1.1033619339908936	-1.2372365841155955	-0.17262622130529442
VUILD48LA2_150_8_16	VUILD48LA2	VUILD48	fold_3	macrophage_profibrotic	POOLED	1.32827543982963	1.558308409238312	1.4512763546184027	1.6335036773739013	1.5861896246210307	1.6155566369767482	1.585419414356543	1.5583009553099338	1.5554382331922683	1.4298559775551367	1.5035686038679152	1.335135008436163	-0.3052282375442714	0.02548152542473582
VUILD48LA2_150_8_17	VUILD48LA2	VUILD48	fold_3	macrophage_profibrotic	POOLED	1.09196908428457	1.5583096560128087	1.5692215094234114	1.7668163888500994	1.5692824637507423	1.6742870767643165	1.7442235124090002	1.558303165101915	1.3669817909648894	1.8260531060698104	1.205056125310611	1.6906553039553662	-0.6748473045655294	-0.007779646630748517
VUILD48LA2_150_8_18	VUILD48LA2	VUILD48	fold_3	macrophage_profibrotic	POOLED	1.48667047093927	1.5583109027873052	1.7251909407884465	1.7092497525067707	1.2073354127861784	1.2542994919798114	1.6957685936626263	1.5583053748938964	1.6216624493389529	1.553763009008395	1.4514251562109128	1.513563436877177	-0.22257928156750073	-0.10602553643818
VUILD48LA2_150_8_22	VUILD48LA2	VUILD48	fold_3	macrophage_profibrotic	POOLED	0.645404698448778	1.5583158898852918	1.2089027250448923	1.1735366948973915	1.280824154435109	1.218531514750968	1.5310607588522749	1.5583142140618218	1.1047045389673968	1.1701381918641371	1.2436200017238805	1.2041142521380803	-0.5281319964486135	0.010664464571728236
VUILD48LA2_150_8_4	VUILD48LA2	VUILD48	fold_3	macrophage_profibrotic	POOLED	1.256566742356	1.5582934479443522	1.7397809775831057	1.8378978520255767	1.2655789781389197	1.3789979138635597	1.2879562507509372	1.5582744378061575	1.0294655366807097	1.438000250197645	1.078489983218322	1.2560514099404063	-0.5813311096695766	-0.055950373229672445
VUILD48LA2_150_8_5	VUILD48LA2	VUILD48	fold_3	macrophage_profibrotic	POOLED	2.75383305575653	1.5582946947188487	2.7365427579710166	2.593068071919375	2.4593090653393994	2.633916535919626	1.7887974847738102	1.5582766475981389	2.626039144696694	2.3531982392625004	2.2598701131304666	2.1194940047541957	0.16076498383715476	0.2246593203504859
VUILD48LA2_150_8_6	VUILD48LA2	VUILD48	fold_3	macrophage_profibrotic	POOLED	2.10001266492724	1.5582959414933455	2.3997105039049136	2.370931495021152	2.0620362592014883	2.2428408686650085	1.6382567997322055	1.5582788573901203	2.2035420690762244	2.319047572773816	1.9527484061738316	2.1248916713747765	-0.27091883009391227	0.09101389437752298
VUILD48LA2_150_8_7	VUILD48LA2	VUILD48	fold_3	macrophage_profibrotic	POOLED	1.09264794415803	1.558297188267842	2.0204032191796264	2.036190514494834	1.5313401883211426	1.6815807279356394	1.536715141649273	1.5582810671821015	1.9433621783642232	1.5542111468521855	1.6268209770925695	1.404063412363315	-0.9435425703368039	-0.002295689884640814
VUILD48LA2_150_8_8	VUILD48LA2	VUILD48	fold_3	macrophage_profibrotic	POOLED	1.28163700119922	1.5582984350423388	1.7622695018297174	1.6597532013429723	1.4957415788711441	1.4823275909569844	1.855701037698422	1.5582832769740829	1.5576110918366481	1.6226131623405502	1.4743201042768654	1.5962924291113465	-0.37811620014375236	-0.1715218635862138
VUILD48LA2_150_8_9	VUILD48LA2	VUILD48	fold_3	macrophage_profibrotic	POOLED	0.942890578795391	1.5582996818168355	1.5875997923159033	1.601679213017434	1.5295464532903882	1.5562078650511684	1.568081175791866	1.5582854867660643	1.5332346685268439	1.6034321346659506	1.5746997871418429	1.5635401658254489	-0.658788634222043	-0.0416358885666098
VUILD48LA2_150_9_10	VUILD48LA2	VUILD48	fold_3	macrophage_profibrotic	POOLED	1.70034540365485	1.5583037848708057	1.485194195108935	1.4895226129770587	1.5213028171152752	1.566273478563177	1.5711627333193576	1.5582923294866717	1.5112053672364971	1.4976894772469311	1.5298098848107358	1.3843342955121842	0.2108227906777913	0.02388791979923946
VUILD48LA2_150_9_11	VUILD48LA2	VUILD48	fold_3	macrophage_profibrotic	POOLED	2.09838426599566	1.5583050316453022	1.6948555999280674	1.6986257272364855	1.6688476779931147	1.8332035716701498	1.575392492649208	1.5582945392786531	1.90980072980307	1.7186646927470988	1.5672730345825183	1.5230099709228002	0.39975853875917444	0.13003318259399665
VUILD48LA2_150_9_12	VUILD48LA2	VUILD48	fold_3	macrophage_profibrotic	POOLED	2.50603617383579	1.558306278419799	1.8675776231377834	1.838141104872835	1.8528848793407322	2.0254399111234873	1.701008419608361	1.5582967490706345	2.0870929468839727	2.033766590285515	1.8910843322601962	1.897279989054911	0.667895068962955	0.15284570627502125
VUILD48LA2_150_9_15	VUILD48LA2	VUILD48	fold_3	macrophage_profibrotic	POOLED	1.3061098166081	1.5583100187432888	1.4579652325650394	1.5840987963927389	1.7009711596921415	1.673145493806043	1.5580333592841469	1.5583033784465785	1.6619634663898726	1.698307572390073	1.699651225744003	1.726175396917242	-0.2779889797846389	-0.0872266120996789
VUILD48LA2_150_9_16	VUILD48LA2	VUILD48	fold_3	macrophage_profibrotic	POOLED	0.680309905240653	1.5583112655177855	1.7484953475834957	1.7050346299717871	1.1750578731768733	1.2280857495968247	1.5679005037020868	1.55830558823856	1.4910062567509468	1.4541012585138329	1.342187883861071	1.4011567241306697	-1.0247247247311342	-0.22335413935627912
VUILD48LA2_150_9_18	VUILD48LA2	VUILD48	fold_3	macrophage_profibrotic	POOLED	0.182708093770877	1.5583137590667788	0.3790731591015377	0.8256152685483457	1.7071875918410875	1.1736052206429661	1.8524945171450264	1.5583100078225227	0.37764162956794256	1.001445384824695	1.1902332679789926	1.4520301946723266	-0.6429071747774686	-0.17125040486287457
VUILD48LA2_150_9_20	VUILD48LA2	VUILD48	fold_3	macrophage_profibrotic	POOLED	1.66747111226366	1.5583162526157721	1.8191944292186057	1.8123864839120492	1.7599212080529283	1.8226191802916878	1.6957895567185788	1.5583144274064853	1.85194655937244	1.9536856385447257	1.799410268168101	1.7934421715328421	-0.14491537164838908	0.036837137061271896
VUILD48LA2_150_9_22	VUILD48LA2	VUILD48	fold_3	macrophage_profibrotic	POOLED	1.71944658069572	1.5583187461647654	1.595381151302891	1.6032487571989162	1.7559965386346286	1.774270704556876	1.5392344988135291	1.558318846990448	1.8639334814051312	1.6264513302445514	1.7992485923035357	1.5777193399153908	0.11619782349680374	0.07224060171967243
VUILD48LA2_150_9_4	VUILD48LA2	VUILD48	fold_3	macrophage_profibrotic	POOLED	1.0797406672854	1.5582963042238258	1.6160755112170355	1.6307798729482732	1.699888628169326	1.7447939150227976	1.5366614756068973	1.5582790707347836	1.7242221177718147	1.9415296379848095	1.8505206251366957	1.8198598506751709	-0.5510392056628732	0.12443492932634366
VUILD48LA2_150_9_6	VUILD48LA2	VUILD48	fold_3	macrophage_profibrotic	POOLED	1.17833145920142	1.558298797772819	1.6955997843556228	1.7048941854700357	1.2978783981051434	1.5082036147189875	1.5444423318905751	1.5582834903187464	1.6932505105201627	1.5289680325749222	1.3743099811690058	1.2876501857914215	-0.5265627262686157	-0.05893476834570508
VUILD48LA2_150_9_7	VUILD48LA2	VUILD48	fold_3	macrophage_profibrotic	POOLED	1.69426530162117	1.5583000445473156	1.797129424172359	1.8237178512549899	1.6067175722584883	1.7233729501947193	1.4674007874088844	1.5582857001107278	1.856177034960528	1.6518535432650867	1.5157988251756342	1.5653954710184463	-0.1294525496338199	-0.009636587425561845
VUILD48LA2_150_9_8	VUILD48LA2	VUILD48	fold_3	macrophage_profibrotic	POOLED	1.42127458903596	1.5583012913218124	1.4430971179211916	1.5191926878666044	1.2477656755332698	1.279346391985149	1.340197395610582	1.5582879099027092	1.4435431140524086	1.3480690593045752	1.2181187308467714	1.2771850279941155	-0.0979180988306445	-0.18986936477971278
VUILD48LA2_150_9_9	VUILD48LA2	VUILD48	fold_3	macrophage_profibrotic	POOLED	1.25237226161492	1.558302538096309	1.8098840895891541	1.7405056384177438	1.657732525998181	1.642050115389644	1.4179211710539121	1.5582901196946903	1.5727579157711233	1.291029627817525	1.66412240156832	1.2071633316107149	-0.48813337680282376	-0.09162591060653351
VUILD91LA_150_11_1	VUILD91LA	VUILD91	fold_3	macrophage_profibrotic	POOLED	3.24909462645488	1.5583060053604199	1.996971458852026	2.1114360295488135	1.9911834099860457	1.7773750348315964	1.7637627468530117	1.5582738443573698	1.543873627716994	1.7671933055699247	2.0730212890700246	1.979224215349852	1.1376585969060664	-0.004839931154776357
VUILD91LA_150_11_13	VUILD91LA	VUILD91	fold_3	macrophage_profibrotic	POOLED	2.24330871774526	1.5583308154138928	1.8258475960985399	1.867458582373337	2.1361388559967063	1.9189968729544131	1.7624772880055692	1.5583102083271019	2.0359856527320033	1.982921818914427	1.9457242425967083	2.104217549217489	0.375850135371923	0.010726182694677538
VUILD91LA_150_18_8	VUILD91LA	VUILD91	fold_3	macrophage_profibrotic	POOLED	2.6540570544087	1.5583444270343085	2.4078500894665544	2.373082470541497	2.301408589202285	2.3395717540173973	1.7662124110265238	1.5583314418949945	2.2843729701635507	2.2296352915952196	2.0412134852113892	2.1681923560083614	0.2809745838672031	0.11086371337197264
VUILD91LA_150_19_13	VUILD91LA	VUILD91	fold_3	macrophage_profibrotic	POOLED	2.18557732562302	1.5583581858626885	2.307337223176395	2.414915373210015	1.9287301367538052	2.0234815991388744	1.8882900459836303	1.558351791437899	2.3686946473435677	1.9011695058707099	2.0504221470018718	1.7747415914879594	-0.22933804758699505	0.005734944854740562
VUILD91LA_150_19_7	VUILD91LA	VUILD91	fold_3	macrophage_profibrotic	POOLED	2.76045463183515	1.558345780835952	2.3627100494075384	2.308222437859481	2.4040544479864585	2.3764374814613554	1.8324107834760146	1.5583336094530331	2.2674499243210264	2.1900104327231755	2.232779126458141	2.2388240884740966	0.45223219397566927	0.18590328406016826
VUILD91LA_150_19_8	VUILD91LA	VUILD91	fold_3	macrophage_profibrotic	POOLED	3.21061514458527	1.558347848340408	2.3047706631238034	2.298485348271278	2.0730638208342005	2.1392976576752893	1.679488802102132	1.558336639783844	2.346589317042244	2.0565682839145585	2.08269165736181	2.008841905597569	0.9121297963139923	0.13345210894291165
VUILD91LA_150_3_10	VUILD91LA	VUILD91	fold_3	macrophage_profibrotic	POOLED	2.98877290829159	1.558297242451729	1.9631615880051756	1.8548217357181698	1.798989551810861	1.8218992435091368	1.6701068075957044	1.5582595342238719	1.6864876925879375	1.5385487086593566	1.5890483873292873	1.4571262217217131	1.1339511725734202	0.21441742662147356
VUILD91LA_150_3_12	VUILD91LA	VUILD91	fold_3	macrophage_profibrotic	POOLED	1.73507299063557	1.5583013774606411	1.7970890568434665	1.8769261854736317	1.9888480565911084	2.0114889720201323	1.5135034122172875	1.5582655948854938	2.1569544246458507	1.8567645662685628	2.085147538011758	1.7893382990257307	-0.1418531948380617	0.14509140327866255
VUILD91LA_150_3_2	VUILD91LA	VUILD91	fold_3	macrophage_profibrotic	POOLED	2.35014425471911	1.5582807024160803	2.5526064426523183	2.397971143238907	1.8979576181211668	1.9849019601223006	1.7286129573084774	1.5582352915773838	2.203522511985373	2.1816122905730126	1.9456742895876422	2.0755094302676698	-0.047826888519796995	0.0042028887227159445
VUILD91LA_150_4_13	VUILD91LA	VUILD91	fold_3	macrophage_profibrotic	POOLED	1.09617631821062	1.5583068662711965	1.7386561580113669	1.8061967823068934	1.5389816209222924	1.4831199259302588	1.6827450634366394	1.5582738231051545	1.425039629670309	1.4679596448739523	1.564503665178016	1.4930884968353602	-0.7100204640962735	-0.11500736360149452
VUILD91LA_150_4_14	VUILD91LA	VUILD91	fold_3	macrophage_profibrotic	POOLED	1.58377773892725	1.5583089337756526	1.8844369985252873	1.998975854102074	2.1156097542821657	2.0949263511790077	1.5675067971322865	1.5582768534359654	1.940519131338251	1.8065288195586908	1.8669599774459207	1.7629328105114286	-0.41519811517482386	0.050522634180408185
VUILD91LA_150_4_2	VUILD91LA	VUILD91	fold_3	macrophage_profibrotic	POOLED	1.33869752549545	1.5582841237221798	1.9766977895018367	2.0255931924284103	1.5942405879595218	1.5681327992357652	2.097888441471217	1.5582404894662334	1.6767461654676488	1.8311379542842279	1.7126153398557347	1.7975044625510117	-0.6868956669329602	0.1198515285443303
VUILD91LA_150_4_3	VUILD91LA	VUILD91	fold_3	macrophage_profibrotic	POOLED	2.37718620249219	1.558286191226636	1.8363306647729205	1.9818413008681175	1.8307898837683823	1.762836735645783	2.020583253932158	1.5582435197970443	1.9153406032349256	1.8965720933085033	1.8580898230215375	1.9809768846475264	0.39534490162407265	0.05030110089725226
VUILD91LA_150_5_1	VUILD91LA	VUILD91	fold_3	macrophage_profibrotic	POOLED	2.71446234636767	1.558285477523823	3.0034827608505448	2.860682789041027	2.0809666205069965	2.1687433944596197	2.1183616270553536	1.558242657024272	2.1683289146881206	2.493554906578784	2.0252584644944163	2.3645784262359255	-0.1462204426733571	0.044030480429333184
VUILD91LA_150_5_14	VUILD91LA	VUILD91	fold_3	macrophage_profibrotic	POOLED	1.63837849751759	1.5583123550817521	1.6620907667870395	1.6624554544880472	1.5016997652013868	1.4812505849359465	1.4410654708530999	1.558282051324815	1.401659514636502	1.2146391968733714	1.4340972290844294	1.2895776521784208	-0.02407695697045731	-0.001697330175567044
VUILD91LA_150_9_9	VUILD91LA	VUILD91	fold_3	macrophage_profibrotic	POOLED	3.58194606547503	1.5583157027838697	3.1012802435732114	2.8783087529779694	2.3512405325144807	2.5478204257806603	1.8706659565100676	1.5582876912261587	2.803755853819747	2.676975338614957	2.3895617336038373	2.4404799154265553	0.7036373124970607	0.09665991454454696
VUILD91MA_150_10_0	VUILD91MA	VUILD91	fold_3	macrophage_profibrotic	POOLED	2.75336847224638	1.5582943208253544	2.2924008350062253	2.188483754515583	2.2219179597668424	2.264949167963628	1.5893376550328027	1.5582678251700863	2.5174431168767137	2.2257983045663137	2.4387481297363043	2.1990171292904725	0.5648847177307967	0.15105469026999935
VUILD91MA_150_10_14	VUILD91MA	VUILD91	fold_3	macrophage_profibrotic	POOLED	1.78365381249317	1.5583160994029108	1.5163592048102459	1.7306802016023315	1.4615912961446034	1.4053809251318086	1.6556535933441052	1.5583030849855268	1.825329605081028	1.4840766456106709	1.7159387163828612	1.4883575796744861	0.05297361089083852	-0.17162042152494633
VUILD91MA_150_11_12	VUILD91MA	VUILD91	fold_3	macrophage_profibrotic	POOLED	2.82968850388875	1.5583158437904427	1.3330684410018172	1.3908114329277685	1.622862829271774	1.6127949327178954	1.0741075784371241	1.5583026801311637	1.1340628951304246	1.4656393446257812	1.125596888598259	1.536226842794856	1.4388770709609813	-0.06998301783017194
VUILD91MA_150_11_13	VUILD91MA	VUILD91	fold_3	macrophage_profibrotic	POOLED	2.02626771591877	1.5583173994031254	2.3591201829576356	2.3508008963422746	1.6786339921736761	1.7369442953314858	2.008614422459978	1.5583051986894094	1.29743972193199	1.621670812626308	1.1963369255990894	1.5537038709534123	-0.32453318042350476	0.0688925238469812
VUILD91MA_150_12_10	VUILD91MA	VUILD91	fold_3	macrophage_profibrotic	POOLED	1.61084155697463	1.5583155881779749	1.4329047990899064	1.4660581948223883	1.2539001565350678	1.2010127249500546	1.628647119632566	1.5583022752768003	0.94431758068831	1.2404183663638837	1.159995570215876	1.3610964178008382	0.14478336215224163	-0.14241337058687786
VUILD91MA_150_12_11	VUILD91MA	VUILD91	fold_3	macrophage_profibrotic	POOLED	1.86743828376449	1.5583171437906576	1.4867528799170595	1.5631095244651771	1.3006164359902557	1.3414055463587478	1.4156876379060912	1.558304793835046	1.2785061410238348	1.4026851017846427	1.1895142740347517	1.4023513909864855	0.3043287592993129	-0.023288011882019524
VUILD91MA_150_12_12	VUILD91MA	VUILD91	fold_3	macrophage_profibrotic	POOLED	2.83849389471215	1.55831869940334	1.996497616538063	1.9967692360898854	1.6746851991387075	1.6946673601759679	1.705811176315941	1.5583073123932918	1.2470285522931182	1.744018562331909	1.2646614431548144	1.7748181887069499	0.8417246586222644	0.029493693977656665
VUILD91MA_150_12_13	VUILD91MA	VUILD91	fold_3	macrophage_profibrotic	POOLED	2.41796414656201	1.5583202550160227	2.7267088543724043	2.798820143395333	2.369597773032738	2.37198895533181	1.977961720303309	1.5583098309515375	2.2171859118289334	2.320691922893956	2.2264182875956737	2.3386611013866463	-0.38085599683332294	0.1309236887357375
VUILD91MA_150_12_15	VUILD91MA	VUILD91	fold_3	macrophage_profibrotic	POOLED	2.09192802795533	1.5583233662413878	2.0435498071751876	2.2139934674369526	1.7122885960841203	1.844784413755836	2.0223038868625673	1.558314868068029	1.8386273064252974	1.8140757721536331	1.6193767002956703	1.740431954797138	-0.12206543948162274	-0.014237872623620921
VUILD91MA_150_12_16	VUILD91MA	VUILD91	fold_3	macrophage_profibrotic	POOLED	1.94557751655184	1.5583249218540705	2.114046187743491	2.0115406094722807	1.5402145350280476	1.626309120951763	1.6505736341865203	1.5583173866262747	1.6766575837630129	1.399382797303419	1.5139528914365403	1.3061765772151523	-0.06596309292044067	-0.1077799776481929
VUILD91MA_150_12_4	VUILD91MA	VUILD91	fold_3	macrophage_profibrotic	POOLED	2.75404883720286	1.5583062545018793	1.978704938339498	1.9361314885122454	1.9382205326018649	1.8679828596086527	1.8553562587423498	1.558287163927326	1.9818280517171822	1.7434829152907607	2.0659107378200074	1.828888031025123	0.8179173486906146	-0.06323787118807189
VUILD91MA_150_13_11	VUILD91MA	VUILD91	fold_3	macrophage_profibrotic	POOLED	2.19554131406597	1.5583199994035548	2.0186967448663435	2.034506994983554	1.723547611443931	1.6369595782447903	2.00889265983563	1.5583094260971742	1.4202110681842104	1.3408775664755075	1.3545387936477615	1.3617189928380926	0.16103431908241594	0.13249244073236605
VUILD91MA_150_13_2	VUILD91MA	VUILD91	fold_3	macrophage_profibrotic	POOLED	2.67040067901248	1.5583059988894115	2.2225229523956496	2.133881270108022	1.9150490440147838	1.8803079722650753	1.7874101313883666	1.5582867590729625	1.6349538477104757	1.7413227178950026	1.6400841608949543	1.8175613375143482	0.536519408904458	-0.005889396964416992
VUILD91MA_150_14_10	VUILD91MA	VUILD91	fold_3	macrophage_profibrotic	POOLED	1.45027383137914	1.5583212994037694	1.245355424581015	1.6173752905100398	2.138320400962417	1.9122956443392196	2.0166510670266824	1.5583115398010567	2.0359430419434923	1.8639505036915174	2.481448509920539	2.103092577613544	-0.1671014591308999	0.17310779516686015
VUILD91MA_150_14_11	VUILD91MA	VUILD91	fold_3	macrophage_profibrotic	POOLED	1.56821832764445	1.558322855016452	1.7103062516912293	1.8090680834617658	1.8925121545988788	1.7093391936307905	1.997891732964906	1.5583140583593025	1.9205674667499182	1.4360727465282275	2.193128637921732	1.6106445929377717	-0.24084975581731594	0.10701656225032777
VUILD91MA_150_14_12	VUILD91MA	VUILD91	fold_3	macrophage_profibrotic	POOLED	1.48342559224254	1.5583244106291345	1.695822858659087	1.9192582400824212	1.5175216986670546	1.4841221983404476	1.787654070340032	1.5583165769175482	1.4591884403442645	1.2774308696210177	1.3039506962652054	1.2665056911192232	-0.4358326478398813	-0.02058988950652081
VUILD91MA_150_14_16	VUILD91MA	VUILD91	fold_3	macrophage_profibrotic	POOLED	3.04878315720556	1.558330633079865	2.356162673032775	2.314466842198865	2.364625768415432	2.5146645285586127	1.539217221085347	1.5583266511505312	2.6231298807938295	2.5939407525555316	2.516807609727829	2.503392577133644	0.7343163150066951	0.0968160597377023
VUILD91MA_150_14_2	VUILD91MA	VUILD91	fold_3	macrophage_profibrotic	POOLED	2.90407536162551	1.5583088545023085	2.3924575129576984	2.492142976157095	2.2386835506199465	2.284027376883881	1.8465644587983485	1.5582913913350906	2.0019739352931536	1.8845295492263272	1.8324007484512868	1.8553622835843226	0.41193238546841515	0.0649896953721744
VUILD91MA_150_14_3	VUILD91MA	VUILD91	fold_3	macrophage_profibrotic	POOLED	3.41618024859259	1.5583104101149912	2.7786730690306927	2.701290502511985	2.336032285452069	2.401406467303338	1.9800220591094397	1.5582939098933364	2.8430537294026252	2.6104455812195697	2.688974776730955	2.534547444793316	0.7148897460806047	0.1046335678019943
VUILD91MA_150_14_4	VUILD91MA	VUILD91	fold_3	macrophage_profibrotic	POOLED	2.52089161691203	1.5583119657276738	2.1712670624339845	2.155083674851579	1.6728514091183697	1.6899580968264931	1.7301551560602866	1.5582964284515821	1.7530382300223872	1.4708607230147064	1.668991594199529	1.3907132551268804	0.3658079420604512	-0.062277659418568554
VUILD91MA_150_14_5	VUILD91MA	VUILD91	fold_3	macrophage_profibrotic	POOLED	2.99932836369421	1.5583135213403563	2.349213383050256	2.2709085665904167	1.9245364222744166	2.047598999538751	1.698381207084041	1.5582989470098279	2.52262594861101	1.9625540406978557	2.28265821826637	1.8666984540748945	0.7284197971037933	0.11997473023924733
VUILD91MA_150_14_6	VUILD91MA	VUILD91	fold_3	macrophage_profibrotic	POOLED	2.49387225194637	1.558315076953039	2.274420659848104	2.291635184160853	2.027434927427919	2.0871938249124806	1.7477889253860646	1.5583014655680738	2.2472817320417944	1.8414792824256163	2.1038860221946787	1.7563454246222858	0.20223706778551698	0.023365506453745577
VUILD91MA_150_14_7	VUILD91MA	VUILD91	fold_3	macrophage_profibrotic	POOLED	2.91430794950267	1.5583166325657216	2.1396915356517896	2.29567636736662	2.803505140848995	2.742929054451581	1.7621995762289417	1.5583039841263195	2.72178762346343	2.582795996105385	2.498029585694419	2.5754108735569234	0.6186315821360497	0.12715035212605136
VUILD91MA_150_15_11	VUILD91MA	VUILD91	fold_3	macrophage_profibrotic	POOLED	1.51126113309322	1.558325710629349	1.6927922258122585	1.7085279592164162	1.7919573933568442	1.654749622658258	1.7052745193402938	1.5583186906214306	1.8956231843436049	1.4303228686322649	2.180163985537152	1.6075059755082162	-0.19726682612319624	0.038371557781820366
VUILD91MA_150_15_12	VUILD91MA	VUILD91	fold_3	macrophage_profibrotic	POOLED	1.80805342302011	1.5583272662420318	1.7588246432696921	1.9213628114306909	1.2823338008063798	1.2701602914278711	1.419410986174851	1.5583212091796763	1.2712580467630548	1.1772656344316927	1.278477403436233	1.2122240108166003	-0.11330938841058091	-0.17778628204098873
VUILD91MA_150_15_15	VUILD91MA	VUILD91	fold_3	macrophage_profibrotic	POOLED	2.40730871937707	1.5583319330800796	2.0044706040243154	1.9606193123243085	1.3523647831337935	1.520776690670818	1.2975674651504683	1.5583287648544137	1.4550606111603233	1.3454813527190677	1.3525582014322197	1.265202220283899	0.4466894070527614	0.05282038176488091
VUILD91MA_150_15_7	VUILD91MA	VUILD91	fold_3	macrophage_profibrotic	POOLED	3.36205692864489	1.5583194881786189	2.676221609307336	2.6478216681852818	2.6094199082724217	2.6495082819227855	1.7985011882297002	1.5583086163884476	2.830291468114417	2.4552571584834793	2.638753370516866	2.3699925559463026	0.7142352604596081	0.09073793542199675
VUILD91MA_150_15_8	VUILD91MA	VUILD91	fold_3	macrophage_profibrotic	POOLED	2.63154463244429	1.5583210437913013	2.22484814269981	2.28068080668059	2.387554742485965	2.398467143985421	1.7572633997201415	1.5583111349466934	1.7925736993659949	1.6623612263925847	1.7879483118911	1.6155386402268728	0.3508638257637	0.1274915946722207
VUILD91MA_150_15_9	VUILD91MA	VUILD91	fold_3	macrophage_profibrotic	POOLED	3.46881833422192	1.558322599403984	2.7769341551441373	2.7477269884128623	2.641123871405897	2.7775912239350165	1.9747594378337867	1.5583136535049391	2.6915923224351	2.666111054366076	2.4832847416498125	2.576782298360669	0.7210913458090578	0.1433763722721768
VUILD91MA_150_16_11	VUILD91MA	VUILD91	fold_3	macrophage_profibrotic	POOLED	1.50323216496269	1.5583285662422464	1.6766771636837219	1.8147946239949808	1.8798033700275523	1.8055914439149652	1.6398756765754163	1.558323322883559	1.8860265285426971	1.6624931291920142	1.851998762980522	1.7429924994054193	-0.31156245903229074	0.10213344569500389
VUILD91MA_150_16_12	VUILD91MA	VUILD91	fold_3	macrophage_profibrotic	POOLED	1.79627987077571	1.558330121854929	2.2722878417000016	2.140170765506345	1.8878143095559847	1.8261868323274033	1.5726528467647163	1.5583258414418046	1.7501062597552193	1.5979668725015697	1.837173792094129	1.71729127714097	-0.34389089473063494	0.06727506219387962
VUILD91MA_150_16_7	VUILD91MA	VUILD91	fold_3	macrophage_profibrotic	POOLED	3.32534250283632	1.5583223437915161	3.1697466244761974	2.933226963399405	2.705714097129368	2.760850534005065	1.850951924906468	1.558313248650576	2.806598875773945	2.7214701791450726	2.689274830542181	2.6129525245285636	0.39211553943691513	0.1698510671520298
VUILD91MA_150_16_9	VUILD91MA	VUILD91	fold_3	macrophage_profibrotic	POOLED	2.33819985639024	1.5583254550168812	1.6841625982353126	1.893516758135656	2.0348360465006867	1.9577834520737758	1.862322153187357	1.5583182857670674	1.9381236399888513	1.7547966373075612	2.0224921668235316	1.9385362347148924	0.44468309825458396	0.06842052878915807
VUILD91MA_150_17_11	VUILD91MA	VUILD91	fold_3	macrophage_profibrotic	POOLED	1.96857021592764	1.5583314218551436	1.6682104897796255	1.6950410590783487	1.2486261910997127	1.2386211889234626	1.3430786950131557	1.558327955145687	1.304262067010055	0.8312766666244765	1.1939128169443574	0.8043328830856236	0.27352915684929124	-0.10743952126113805
VUILD91MA_150_17_12	VUILD91MA	VUILD91	fold_3	macrophage_profibrotic	POOLED	1.73159179922525	1.5583329774678263	2.2147403350360637	2.2371807058527318	1.6999929128877913	1.7839929336939953	1.717888872755579	1.5583304737039327	2.108379879657454	1.635450132112193	2.0125865410016406	1.5731079112585298	-0.5055889066274817	0.050484846696444666
VUILD91MA_150_17_15	VUILD91MA	VUILD91	fold_3	macrophage_profibrotic	POOLED	1.70326597753231	1.558337644305874	2.169520379683758	2.333425549239536	1.3708625307594566	1.4467559567276989	1.783415787189344	1.5583380293786702	1.4262347024087418	0.9900420523743687	1.249682317336308	0.865344265062728	-0.6301595717072261	-0.0990327827724861
VUILD91MA_150_17_4	VUILD91MA	VUILD91	fold_3	macrophage_profibrotic	POOLED	2.95518254843817	1.5583205325663656	2.2665763708603266	2.282881978054303	2.2538810521804393	2.2630213729852384	1.6405154046657677	1.5583103252379669	2.151866444680247	2.135518285263264	2.02055112934934	2.091960980837988	0.6723005703838671	0.023738210408600358
VUILD91MA_150_17_5	VUILD91MA	VUILD91	fold_3	macrophage_profibrotic	POOLED	3.31642914887649	1.558322088179048	2.3653002753725807	2.3267243866961183	1.5908396056162286	1.750282761851829	1.710540581032646	1.5583128437962126	1.773010888481613	1.6934048484734479	1.512329181623382	1.4864361708300764	0.9897047621803718	-0.005737176242831904
VUILD91MA_150_17_6	VUILD91MA	VUILD91	fold_3	macrophage_profibrotic	POOLED	2.81374203352019	1.5583236437917307	2.7695372298096346	2.5648855819710557	2.2273918110019375	2.284409328122071	1.6362987093647827	1.5583153623544583	2.192089755694342	2.049394294819134	2.1061680140203856	1.9792821816821171	0.2488564515491345	0.08386555502663276
VUILD91MA_150_17_7	VUILD91MA	VUILD91	fold_3	macrophage_profibrotic	POOLED	1.84296394894501	1.5583251994044134	0.8066325750659414	1.2686661251105968	2.376275805567719	1.807228731355646	1.8229431631101236	1.558317880912704	1.6256904288163674	1.6419279004322562	2.6200754959459016	2.191600409085837	0.5742978238344132	0.09477914554636704
VUILD91MA_150_17_8	VUILD91MA	VUILD91	fold_3	macrophage_profibrotic	POOLED	2.16861132709333	1.5583267550170958	2.033247324925309	2.062739987537505	1.9397179307103116	1.7379586336761503	1.746289296894688	1.5583203994709498	1.8594848269792867	1.7295794073502924	2.0058320832413736	1.8757207672154497	0.10587133955582484	-0.0791591870713541
VUILD91MA_150_18_10	VUILD91MA	VUILD91	fold_3	macrophage_profibrotic	POOLED	2.54526489668196	1.5583327218553584	2.38668388168226	2.280246225526833	1.620854388201809	1.661661829708658	1.857490385814424	1.5583300688495696	1.7949859251920655	1.4091184275717334	1.6367844983845234	1.408601438753184	0.265018671155127	-0.048743096392259315
VUILD91MA_150_18_4	VUILD91MA	VUILD91	fold_3	macrophage_profibrotic	POOLED	2.68028910303528	1.5583233881792629	1.9365697917482574	1.9818388894341625	1.75039694554391	1.825525754547599	1.445097948325345	1.558314957500095	1.6881706919106212	1.4220987550092525	1.5725270055133254	1.355838269918755	0.6984502136011175	0.053945658113316766
VUILD91MA_150_18_8	VUILD91MA	VUILD91	fold_3	macrophage_profibrotic	POOLED	2.14627002586658	1.558329610629993	2.222113820203031	2.307849314693902	2.039169747504065	2.0020326787576823	1.6742336279592493	1.5583250317330781	2.1165034282249837	1.8009418394569248	2.1004543079029743	1.8313285232369032	-0.1615792888273222	-0.06751956801123551
VUILD91MA_150_18_9	VUILD91MA	VUILD91	fold_3	macrophage_profibrotic	POOLED	2.06325809924115	1.5583311662426758	2.101930197097447	2.120760030891655	1.553612865329943	1.5398013619010946	1.8229229281644517	1.5583275502913239	1.6458853689529007	1.3966019592583745	1.6640643322412425	1.4838062543107016	-0.05750193165050543	-0.11929448280910511
VUILD91MA_150_19_10	VUILD91MA	VUILD91	fold_3	macrophage_profibrotic	POOLED	2.10947254293264	1.5583355774682557	2.0200001590297694	2.085418290204502	1.6185898210402452	1.5444312735461254	1.7163502967346065	1.5583347011116977	1.3019942042666242	0.9897216689146117	1.3296247402991774	1.0086672160434091	0.024054252728137993	-0.06616669046725132
VUILD91MA_150_19_11	VUILD91MA	VUILD91	fold_3	macrophage_profibrotic	POOLED	1.41232334064487	1.5583371330809381	1.4824214736673562	1.6860002618350396	1.7803617841189234	1.5509316063990077	1.688228384972294	1.5583372196699434	1.4475128140788929	1.121771638921248	1.65303594771518	1.355786467203198	-0.2736769211901695	0.0680217884281577
VUILD91MA_150_19_12	VUILD91MA	VUILD91	fold_3	macrophage_profibrotic	POOLED	1.18264394345775	1.5583386886936208	1.8815413259647054	1.9887656034495984	1.6619555126610248	1.5249282948054173	1.7155783022310818	1.5583397382281892	1.4794348833222097	1.4088921170035809	1.6982481837985335	1.6192052870719162	-0.8061216599918484	0.06582287379405868
VUILD91MA_150_19_13	VUILD91MA	VUILD91	fold_3	macrophage_profibrotic	POOLED	1.22377713149641	1.5583402443063035	1.7895480812627393	1.920864645937625	1.9287229189264352	1.6339282843873597	1.8316494737752163	1.558342256786435	1.6433553607649567	1.2038890832344507	2.1956417242970243	1.4842591304749366	-0.697087514441215	-0.02824812841510042
VUILD91MA_150_19_9	VUILD91MA	VUILD91	fold_3	macrophage_profibrotic	POOLED	2.38869816790661	1.558334021855573	1.9006966220747266	2.02434721942931	1.6064621169819562	1.559051776720548	1.7087056053876128	1.558332182553452	1.1580813394769491	1.3747057868312451	1.1911259810406352	1.4658187511335088	0.3643509484773002	-0.05412732500125866
VUILD91MA_150_1_11	VUILD91MA	VUILD91	fold_3	macrophage_profibrotic	POOLED	2.33402681932536	1.5582857320487877	1.5284836500487697	1.6340582186233523	1.6736693408477916	1.727284262404942	1.93803932754966	1.5582538389516358	1.6324989265376508	1.4464829582242646	1.5542246939922246	1.3669977096577988	0.6999686007020078	0.04937039307126516
VUILD91MA_150_1_8	VUILD91MA	VUILD91	fold_3	macrophage_profibrotic	POOLED	1.78822265989082	1.55828106521074	1.4957118367310227	1.707870439003039	1.256107077348781	1.3635021552290358	1.9386417200095007	1.5582462832768986	1.414444550485405	1.3408135017634646	1.4261812949393966	1.2849987883107206	0.08035222088778093	-0.11415204704074548
VUILD91MA_150_20_11	VUILD91MA	VUILD91	fold_3	macrophage_profibrotic	POOLED	2.25243871653767	1.5583399886938354	1.9429012539289245	1.8931143399943178	1.8523294911876316	1.7401429636069208	1.6614644273751165	1.5583418519320718	1.9743151897332099	1.516748828045169	2.1932713179559418	1.6132451572192674	0.35932437654335203	0.024425690997847117
VUILD91MA_150_20_7	VUILD91MA	VUILD91	fold_3	macrophage_profibrotic	POOLED	2.35257848809416	1.558333766243105	1.667170859251951	1.745820001607105	2.2654130187898014	1.8392093411540407	1.7473838907889776	1.5583317776990886	1.6844694625917676	1.5346607204014118	2.3015104461995564	1.9782614526366225	0.606758486487055	0.07066956434824877
VUILD91MA_150_20_8	VUILD91MA	VUILD91	fold_3	macrophage_profibrotic	POOLED	1.6601976289328	1.5583353218557876	1.5635853871797742	1.6819325755469774	2.067167166915615	1.6572087699256186	1.977397945875212	1.5583342962573343	1.413703615591733	1.4974603018679074	1.9573746607835112	1.8503765706814372	-0.02173494661417741	-0.018148933624787048
VUILD91MA_150_21_7	VUILD91MA	VUILD91	fold_3	macrophage_profibrotic	POOLED	2.5348803039817	1.5583366218560022	1.6229447917776967	1.6989148170695911	1.9984443114805408	1.673280681491231	1.7216566195344878	1.558336409961217	1.5201223690144112	1.4225298075932729	2.0017033058770566	1.7003062414163765	0.8359654869121089	-0.0646619729730202
VUILD91MA_150_2_11	VUILD91MA	VUILD91	fold_3	macrophage_profibrotic	POOLED	2.54175928099512	1.558288587661685	1.7652744276640597	1.7280842859729997	1.5723395319909048	1.5900109387311545	1.8334129928549152	1.558258471213764	1.7947550017645266	1.3685667557987116	1.8600670720446062	1.339490801781892	0.8136749950221203	0.05812193431768163
VUILD91MA_150_2_6	VUILD91MA	VUILD91	fold_3	macrophage_profibrotic	POOLED	1.62591010642748	1.558280809598272	2.446696340096998	2.3813956337245905	2.0495843668590967	2.109726019078291	1.706308166024869	1.5582458784225353	2.739600416676891	1.95603960437124	2.49208814746056	1.8986879569667126	-0.7554855272971106	0.1318478316468616
VUILD91MA_150_2_7	VUILD91MA	VUILD91	fold_3	macrophage_profibrotic	POOLED	2.03030480824928	1.5582823652109548	2.0576927407287124	2.129479303415959	2.1254705074471785	2.079579931981102	1.6954560078698175	1.558248396980781	2.175391346059689	1.983628647141978	2.0878572717529673	1.955987707897715	-0.09917449516667887	0.09901413147226527
VUILD91MA_150_2_8	VUILD91MA	VUILD91	fold_3	macrophage_profibrotic	POOLED	1.58660952224627	1.5582839208236372	1.6169624156942257	1.5977251492087745	1.1297283755816552	1.1662152838555109	1.7809984428045595	1.5582509155390267	0.9571528402117346	1.2253096086935906	1.0381877076141426	1.262747559962421	-0.011115626962504566	-0.08651393535587774
VUILD91MA_150_3_2	VUILD91MA	VUILD91	fold_3	macrophage_profibrotic	POOLED	1.713416991299	1.558277442760439	2.055086315553246	2.164705064663364	2.117534832592513	2.065071536085372	1.8123268489470068	1.5582404364516804	2.0149454154559643	1.8500412202481116	2.204066767076073	1.8514027137231053	-0.45128807336436405	0.02093206027829797
VUILD91MA_150_4_15	VUILD91MA	VUILD91	fold_3	macrophage_profibrotic	POOLED	2.86199575490982	1.55830052133821	2.056793880662267	2.0075833734370327	2.5646846032623913	2.579324552247633	1.7160076248802225	1.5582778099710035	2.829452533179941	2.560941007279294	2.687649703305688	2.6223369421418172	0.8544123814727871	0.2447865941682305
VUILD91MA_150_5_6	VUILD91MA	VUILD91	fold_3	macrophage_profibrotic	POOLED	2.3400336149846	1.5582893764369639	2.202089305110138	2.2697817402996434	2.3012258211811485	2.4523416289298554	1.7128034214003554	1.5582597752089198	2.8261607195072056	2.260391462720543	2.532084417938658	2.084818516703855	0.07025187468495675	0.192245964059039
VUILD91MA_150_5_7	VUILD91MA	VUILD91	fold_3	macrophage_profibrotic	POOLED	2.4671779695549	1.5582909320496463	2.8054691999002177	2.761655114512304	2.689123627066336	2.8579049212834615	1.641565679620942	1.5582622937671655	3.179117494731968	2.8966077931632332	2.96702487862761	2.7474164259752953	-0.29447714495740396	0.2186874871400039
VUILD91MA_150_5_8	VUILD91MA	VUILD91	fold_3	macrophage_profibrotic	POOLED	2.50447521381063	1.558292487662329	2.7807832345940167	2.740422094176415	2.5754195742208372	2.6925511943321787	1.5914764940175736	1.5582648123254115	3.018551035646503	2.61692551948998	2.7071245334574363	2.5277305595604718	-0.23594688036578493	0.10727004384163726
VUILD91MA_150_6_3	VUILD91MA	VUILD91	fold_3	macrophage_profibrotic	POOLED	2.62790904771244	1.5582875652118133	2.0779987668155186	2.0817092649422677	1.8592399494304737	1.9520640557240618	1.9256182573616674	1.558256851796311	1.6262785931196209	1.6504073451972325	1.5444089380020836	1.570478302487268	0.5461997827701723	0.039060703876481695
VUILD91MA_150_7_0	VUILD91MA	VUILD91	fold_3	macrophage_profibrotic	POOLED	2.42879839151337	1.5582857539866628	3.1290462762351243	2.9942564217016985	2.6254183472203945	2.8510314972870896	1.7284049541877953	1.5582539283837018	3.1572763059735793	2.7167980612316773	2.8739860852753996	2.5767255543891645	-0.5654580301883283	0.17604340655495837
VUILD91MA_150_7_1	VUILD91MA	VUILD91	fold_3	macrophage_profibrotic	POOLED	2.48918509471369	1.5582873095993452	3.3631703548179486	3.1697697516882446	2.7292346071227502	2.871635126271231	1.9313848614538758	1.5582564469419475	3.415524395116522	2.5834140868902575	3.012595534010174	2.39947710533738	-0.6805846569745544	0.10493819507525702
VUILD91MA_150_7_11	VUILD91MA	VUILD91	fold_3	macrophage_profibrotic	POOLED	2.6257204349067	1.5583028657261713	2.2290298161266993	2.1331981904284385	1.646316727946439	1.7517054645884163	1.85332802641889	1.558281632524405	1.280098383867942	1.47724683896041	1.05558420200404	1.4294099673776544	0.4925222444782613	0.02228893349176863
VUILD91MA_150_7_3	VUILD91MA	VUILD91	fold_3	macrophage_profibrotic	POOLED	2.30650402693571	1.5582904208247106	2.563724181639092	2.5529921486123497	2.2812784028347943	2.3359204007653984	1.8118489893536558	1.558261484058439	2.6637437471674206	2.2300825779737523	2.6223241210611876	2.166482530179473	-0.2464881216766397	0.03320012036862162
VUILD91MA_150_7_7	VUILD91MA	VUILD91	fold_3	macrophage_profibrotic	POOLED	2.66551769932285	1.5582966432754408	2.223796265507046	2.180226352576973	2.347350541071424	2.352145669995159	1.750834147641287	1.558271558291422	2.4893097322847884	2.2554967144144813	2.3102862949744116	2.203729353472917	0.48529134674587704	0.11043614674234063
VUILD91MA_150_8_11	VUILD91MA	VUILD91	fold_3	macrophage_profibrotic	POOLED	2.50791383994682	1.5583057213390685	1.5568542673297634	1.608954177800611	1.4297096409667702	1.3416020073216468	1.935229136408005	1.5582862647865332	0.7706292630828024	1.0453453981420975	0.9592183867554662	1.128335605905661	0.898959662146209	-0.08074289963391808
VUILD91MA_150_8_2	VUILD91MA	VUILD91	fold_3	macrophage_profibrotic	POOLED	0.907882905518778	1.5582917208249252	1.2620010983326995	1.411032236683652	1.6468166233877508	1.580050025946675	1.3664077663093137	1.5582635977623216	1.3385160670600467	1.5501506843341433	1.3347627770198551	1.6267748963544586	-0.503149331164874	-0.014483821662926184
VUILD91MA_150_8_3	VUILD91MA	VUILD91	fold_3	macrophage_profibrotic	POOLED	2.02516796492222	1.5582932764376078	2.41485473256003	2.3537461081600632	1.9199664068903624	2.0139421803289546	1.7647159940656554	1.5582661163205673	2.4524930539510303	2.1267535478518753	2.280197116821494	2.1134390967096843	-0.3285781432378432	0.055498928940844364
VUILD91MA_150_8_8	VUILD91MA	VUILD91	fold_3	macrophage_profibrotic	POOLED	3.26809137434367	1.5583010545010207	2.442661490697522	2.384134337771794	1.9328808947024694	2.02838050603469	1.8116693100516683	1.558278709111796	2.0073501830376332	2.1794872893658304	1.672059833654308	2.026118975601312	0.8839570365718759	-0.10417491476057598
VUILD91MA_150_9_1	VUILD91MA	VUILD91	fold_3	macrophage_profibrotic	POOLED	2.73364319239302	1.5582930208251398	1.6960925893037666	1.543149688099956	1.4217195867078265	1.3887500357534786	1.5793215959417723	1.558265711466204	1.3487187078810043	1.3266849160906147	1.3339767853495412	1.3851669507378264	1.190493504293064	-0.13747123853956866
