region_id	sample_id	feature	original	recomputed	absolute_error	relative_error
THD0008_150_29_22	THD0008	rgb_r_mean	0.7450049192905311	0.7450049192905311	0.0	0.0
THD0008_150_29_22	THD0008	rgb_r_sd	0.1617564972264513	0.16175649722645136	5.551115123125783e-17	3.431772583053952e-16
THD0008_150_29_22	THD0008	rgb_g_mean	0.5253194648262581	0.5253194648262581	0.0	0.0
THD0008_150_29_22	THD0008	rgb_g_sd	0.2154024683960899	0.21540246839608995	5.551115123125783e-17	2.5770898376699146e-16
THD0008_150_29_22	THD0008	rgb_b_mean	0.6255813400224003	0.6255813400224003	0.0	0.0
THD0008_150_29_22	THD0008	rgb_b_sd	0.1724473653774272	0.1724473653774272	0.0	0.0
THD0008_150_29_22	THD0008	hed_hematoxylin_mean	0.0189548172997435	0.018954817299743534	3.469446951953614e-17	1.8303774165106636e-15
THD0008_150_29_22	THD0008	hed_hematoxylin_sd	0.024892047624409	0.024892047624409008	6.938893903907228e-18	2.787594660192996e-16
THD0008_150_29_22	THD0008	hed_eosin_mean	0.0190857233355715	0.019085723335571517	1.734723475976807e-17	9.08911569908211e-16
THD0008_150_29_22	THD0008	hed_eosin_sd	0.0117881193699343	0.011788119369934345	4.5102810375396984e-17	3.8261243341692056e-15
THD0008_150_29_22	THD0008	hed_dab_mean	0.0375704709886793	0.03757047098867932	2.0816681711721685e-17	5.540702888178897e-16
THD0008_150_29_22	THD0008	hed_dab_sd	0.0203567851409437	0.020356785140943752	5.204170427930421e-17	2.5564795186953406e-15
THD0008_150_29_22	THD0008	brightness_mean	0.7502673919701738	0.7502673919701738	0.0	0.0
THD0008_150_29_22	THD0008	brightness_sd	0.1558681244814438	0.15586812448144388	8.326672684688674e-17	5.342126693569069e-16
THD0008_150_29_22	THD0008	saturation_mean	0.3252279929594594	0.3252279929594594	0.0	0.0
THD0008_150_29_22	THD0008	saturation_sd	0.1596754144250211	0.15967541442502114	5.551115123125783e-17	3.476499587062243e-16
THD0008_150_29_22	THD0008	rgb_r_hist_0	0.0001276813074565	0.00012768130745658836	8.836247705756861e-17	6.920549203153563e-13
THD0008_150_29_22	THD0008	rgb_r_hist_1	0.004341164453524	0.004341164453524004	3.469446951953614e-18	7.991973096382567e-16
THD0008_150_29_22	THD0008	rgb_r_hist_2	0.0283452502553626	0.028345250255362615	1.3877787807814457e-17	4.895983518504634e-16
THD0008_150_29_22	THD0008	rgb_r_hist_3	0.061414708886619	0.061414708886619	0.0	0.0
THD0008_150_29_22	THD0008	rgb_r_hist_4	0.1055924412665985	0.10559244126659857	6.938893903907228e-17	6.571392630641046e-16
THD0008_150_29_22	THD0008	rgb_r_hist_5	0.2572778345250255	0.25727783452502556	5.551115123125783e-17	2.1576344240357884e-16
THD0008_150_29_22	THD0008	rgb_r_hist_6	0.3080949948927477	0.3080949948927477	0.0	0.0
THD0008_150_29_22	THD0008	rgb_r_hist_7	0.2348059244126659	0.23480592441266598	8.326672684688674e-17	3.54619360883533e-16
THD0008_150_29_22	THD0008	rgb_g_hist_0	0.0025536261491317	0.002553626149131767	6.722053469410127e-17	2.6323561386210753e-14
THD0008_150_29_22	THD0008	rgb_g_hist_1	0.0680541368743616	0.0680541368743616	0.0	0.0
THD0008_150_29_22	THD0008	rgb_g_hist_2	0.1958631256384065	0.19586312563840655	5.551115123125783e-17	2.834180811233451e-16
THD0008_150_29_22	THD0008	rgb_g_hist_3	0.2710674157303371	0.2710674157303371	0.0	0.0
THD0008_150_29_22	THD0008	rgb_g_hist_4	0.185776302349336	0.18577630234933606	5.551115123125783e-17	2.98806416799458e-16
THD0008_150_29_22	THD0008	rgb_g_hist_5	0.0949948927477017	0.09499489274770173	2.7755575615628914e-17	2.9217966158817975e-16
THD0008_150_29_22	THD0008	rgb_g_hist_6	0.0633299284984678	0.06332992849846783	2.7755575615628914e-17	4.382694923822696e-16
THD0008_150_29_22	THD0008	rgb_g_hist_7	0.1183605720122574	0.1183605720122574	0.0	0.0
THD0008_150_29_22	THD0008	rgb_b_hist_0	0.0001276813074565	0.00012768130745658836	8.836247705756861e-17	6.920549203153563e-13
THD0008_150_29_22	THD0008	rgb_b_hist_1	0.0010214504596527	0.0010214504596527069	6.938893903907228e-18	6.793177131925222e-15
THD0008_150_29_22	THD0008	rgb_b_hist_2	0.038432073544433	0.03843207354443309	9.020562075079397e-17	2.347144258206711e-15
THD0008_150_29_22	THD0008	rgb_b_hist_3	0.2207609805924412	0.22076098059244126	5.551115123125783e-17	2.514536358838701e-16
THD0008_150_29_22	THD0008	rgb_b_hist_4	0.3087334014300306	0.30873340143003064	5.551115123125783e-17	1.7980286866964905e-16
THD0008_150_29_22	THD0008	rgb_b_hist_5	0.1942032686414709	0.1942032686414709	0.0	0.0
THD0008_150_29_22	THD0008	rgb_b_hist_6	0.0969101123595505	0.09691011235955056	6.938893903907228e-17	7.160133999394131e-16
THD0008_150_29_22	THD0008	rgb_b_hist_7	0.1398110316649642	0.13981103166496425	5.551115123125783e-17	3.9704414287051276e-16
THD0008_150_30_25	THD0008	rgb_r_mean	0.7323824958105223	0.7323824958105223	0.0	0.0
THD0008_150_30_25	THD0008	rgb_r_sd	0.1617050373554239	0.1617050373554239	0.0	0.0
THD0008_150_30_25	THD0008	rgb_g_mean	0.5033913265030918	0.5033913265030918	0.0	0.0
THD0008_150_30_25	THD0008	rgb_g_sd	0.2153162913700312	0.21531629137003122	2.7755575615628914e-17	1.2890606390730392e-16
THD0008_150_30_25	THD0008	rgb_b_mean	0.6162315631690564	0.6162315631690564	0.0	0.0
THD0008_150_30_25	THD0008	rgb_b_sd	0.1673528976057093	0.16735289760570932	2.7755575615628914e-17	1.6585058288636422e-16
THD0008_150_30_25	THD0008	hed_hematoxylin_mean	0.0204243206865739	0.02042432068657396	5.898059818321144e-17	2.8877630295916198e-15
THD0008_150_30_25	THD0008	hed_hematoxylin_sd	0.0232213827861152	0.023221382786115248	4.85722573273506e-17	2.0917039168052255e-15
THD0008_150_30_25	THD0008	hed_eosin_mean	0.0211401018423652	0.021140101842365266	6.591949208711867e-17	3.118220175979221e-15
THD0008_150_30_25	THD0008	hed_eosin_sd	0.0123217535780132	0.012321753578013206	6.938893903907228e-18	5.631417525090677e-16
THD0008_150_30_25	THD0008	hed_dab_mean	0.0379447937999838	0.037944793799983875	7.632783294297951e-17	2.0115495513118877e-15
THD0008_150_30_25	THD0008	hed_dab_sd	0.0193776482884871	0.01937764828848714	4.163336342344337e-17	2.1485250843457163e-15
THD0008_150_30_25	THD0008	brightness_mean	0.7355950576756473	0.7355950576756473	0.0	0.0
THD0008_150_30_25	THD0008	brightness_sd	0.1578813346118635	0.15788133461186352	2.7755575615628914e-17	1.7580023429535483e-16
THD0008_150_30_25	THD0008	saturation_mean	0.3401938940740149	0.34019389407401496	5.551115123125783e-17	1.6317503693696643e-16
THD0008_150_30_25	THD0008	saturation_sd	0.1636180937360311	0.16361809373603117	8.326672684688674e-17	5.089090390041024e-16
THD0008_150_30_25	THD0008	rgb_r_hist_0	0.0	0.0	0.0	0.0
THD0008_150_30_25	THD0008	rgb_r_hist_1	0.0003830439223697	0.00038304392236976505	6.505213034913027e-17	1.6982942829815827e-13
THD0008_150_30_25	THD0008	rgb_r_hist_2	0.0197906026557711	0.019790602655771195	9.367506770274758e-17	4.733310517728533e-15
THD0008_150_30_25	THD0008	rgb_r_hist_3	0.0892492339121552	0.08924923391215527	6.938893903907228e-17	7.774737776166159e-16
THD0008_150_30_25	THD0008	rgb_r_hist_4	0.1451736465781409	0.14517364657814097	5.551115123125783e-17	3.8237760461144365e-16
THD0008_150_30_25	THD0008	rgb_r_hist_5	0.2289325842696629	0.22893258426966293	2.7755575615628914e-17	1.2123907876274717e-16
THD0008_150_30_25	THD0008	rgb_r_hist_6	0.2954545454545454	0.29545454545454547	5.551115123125783e-17	1.8788389647502651e-16
THD0008_150_30_25	THD0008	rgb_r_hist_7	0.2210163432073544	0.22101634320735444	5.551115123125783e-17	2.51163105975281e-16
THD0008_150_30_25	THD0008	rgb_g_hist_0	0.0005107252298263	0.0005107252298263534	5.345116710353537e-17	1.0465738518873321e-13
THD0008_150_30_25	THD0008	rgb_g_hist_1	0.0769918283963227	0.07699182839632278	8.326672684688674e-17	1.0815008369234125e-15
THD0008_150_30_25	THD0008	rgb_g_hist_2	0.2507660878447395	0.2507660878447395	0.0	0.0
THD0008_150_30_25	THD0008	rgb_g_hist_3	0.2625127681307456	0.26251276813074564	5.551115123125783e-17	2.1146076675253474e-16
THD0008_150_30_25	THD0008	rgb_g_hist_4	0.1604954034729315	0.16049540347293156	5.551115123125783e-17	3.458737760089192e-16
THD0008_150_30_25	THD0008	rgb_g_hist_5	0.0743105209397344	0.07431052093973442	1.3877787807814457e-17	1.8675401049966126e-16
THD0008_150_30_25	THD0008	rgb_g_hist_6	0.0642236976506639	0.06422369765066395	5.551115123125783e-17	8.643406291117527e-16
THD0008_150_30_25	THD0008	rgb_g_hist_7	0.1101889683350357	0.11018896833503575	4.163336342344337e-17	3.7783603978262875e-16
THD0008_150_30_25	THD0008	rgb_b_hist_0	0.0	0.0	0.0	0.0
THD0008_150_30_25	THD0008	rgb_b_hist_1	0.0	0.0	0.0	0.0
THD0008_150_30_25	THD0008	rgb_b_hist_2	0.0301327885597548	0.03013278855975485	5.204170427930421e-17	1.7270789318453869e-15
THD0008_150_30_25	THD0008	rgb_b_hist_3	0.2552349336057201	0.25523493360572014	5.551115123125783e-17	2.1749041342831984e-16
THD0008_150_30_25	THD0008	rgb_b_hist_4	0.3177987742594484	0.3177987742594484	0.0	0.0
THD0008_150_30_25	THD0008	rgb_b_hist_5	0.1689223697650664	0.1689223697650664	0.0	0.0
THD0008_150_30_25	THD0008	rgb_b_hist_6	0.0985699693564862	0.09856996935648621	1.3877787807814457e-17	1.4079123589482234e-16
THD0008_150_30_25	THD0008	rgb_b_hist_7	0.129341164453524	0.129341164453524	0.0	0.0
THD0008_150_19_4	THD0008	rgb_r_mean	0.7952227250685244	0.7952227250685244	0.0	0.0
THD0008_150_19_4	THD0008	rgb_r_sd	0.191168365520281	0.191168365520281	0.0	0.0
THD0008_150_19_4	THD0008	rgb_g_mean	0.6546446039846531	0.6546446039846531	0.0	0.0
THD0008_150_19_4	THD0008	rgb_g_sd	0.2767589033321158	0.27675890333211584	5.551115123125783e-17	2.005758462073519e-16
THD0008_150_19_4	THD0008	rgb_b_mean	0.7261957080275643	0.7261957080275643	0.0	0.0
THD0008_150_19_4	THD0008	rgb_b_sd	0.2119799243124037	0.21197992431240373	2.7755575615628914e-17	1.309349255862756e-16
THD0008_150_19_4	THD0008	hed_hematoxylin_mean	0.0181703069176541	0.018170306917654113	1.3877787807814457e-17	7.637618819928093e-16
THD0008_150_19_4	THD0008	hed_hematoxylin_sd	0.0272458045949021	0.027245804594902157	5.898059818321144e-17	2.1647589072941956e-15
THD0008_150_19_4	THD0008	hed_eosin_mean	0.0128756975733063	0.012875697573306326	2.6020852139652106e-17	2.0209275646236162e-15
THD0008_150_19_4	THD0008	hed_eosin_sd	0.0129754439128793	0.012975443912879397	9.71445146547012e-17	7.486797007251251e-15
THD0008_150_19_4	THD0008	hed_dab_mean	0.0260742802645303	0.02607428026453034	4.163336342344337e-17	1.5967214818994871e-15
THD0008_150_19_4	THD0008	hed_dab_sd	0.0227845654102562	0.022784565410256214	1.3877787807814457e-17	6.090872289171483e-16
THD0008_150_19_4	THD0008	brightness_mean	0.8035926100977747	0.8035926100977747	0.0	0.0
THD0008_150_19_4	THD0008	brightness_sd	0.186405276086203	0.18640527608620308	8.326672684688674e-17	4.466972641288334e-16
THD0008_150_19_4	THD0008	saturation_mean	0.2291157891840314	0.22911578918403144	5.551115123125783e-17	2.422842678322353e-16
THD0008_150_19_4	THD0008	saturation_sd	0.1931526110114937	0.1931526110114937	0.0	0.0
THD0008_150_19_4	THD0008	rgb_r_hist_0	0.0	0.0	0.0	0.0
THD0008_150_19_4	THD0008	rgb_r_hist_1	0.0066394279877425	0.006639427987742594	9.454242944073599e-17	1.4239544372689517e-14
THD0008_150_19_4	THD0008	rgb_r_hist_2	0.0363891726251276	0.03638917262512768	8.326672684688674e-17	2.2882280865432226e-15
THD0008_150_19_4	THD0008	rgb_r_hist_3	0.0675434116445352	0.06754341164453524	4.163336342344337e-17	6.163941442956686e-16
THD0008_150_19_4	THD0008	rgb_r_hist_4	0.0847803881511746	0.08478038815117467	6.938893903907228e-17	8.184550761355641e-16
THD0008_150_19_4	THD0008	rgb_r_hist_5	0.1322778345250255	0.13227783452502553	2.7755575615628914e-17	2.0982786507876997e-16
THD0008_150_19_4	THD0008	rgb_r_hist_6	0.1608784473953013	0.16087844739530133	2.7755575615628914e-17	1.7252513350921086e-16
THD0008_150_19_4	THD0008	rgb_r_hist_7	0.5114913176710929	0.5114913176710929	0.0	0.0
THD0008_150_19_4	THD0008	rgb_g_hist_0	0.004341164453524	0.004341164453524004	3.469446951953614e-18	7.991973096382567e-16
THD0008_150_19_4	THD0008	rgb_g_hist_1	0.0785240040858018	0.07852400408580183	2.7755575615628914e-17	3.534661271896028e-16
THD0008_150_19_4	THD0008	rgb_g_hist_2	0.1447906026557712	0.1447906026557712	0.0	0.0
THD0008_150_19_4	THD0008	rgb_g_hist_3	0.1299795709908069	0.12997957099080695	5.551115123125783e-17	4.2707596900119004e-16
THD0008_150_19_4	THD0008	rgb_g_hist_4	0.0990806945863125	0.09908069458631256	6.938893903907228e-17	7.003275393737301e-16
THD0008_150_19_4	THD0008	rgb_g_hist_5	0.0818437180796731	0.08184371807967314	4.163336342344337e-17	5.086934513766125e-16
THD0008_150_19_4	THD0008	rgb_g_hist_6	0.0906537282941777	0.09065372829417773	2.7755575615628914e-17	3.0617136369240246e-16
THD0008_150_19_4	THD0008	rgb_g_hist_7	0.3707865168539326	0.3707865168539326	0.0	0.0
THD0008_150_19_4	THD0008	rgb_b_hist_0	0.0	0.0	0.0	0.0
THD0008_150_19_4	THD0008	rgb_b_hist_1	0.0012768130745658	0.0012768130745658835	8.348356728138384e-17	6.53843298947841e-14
THD0008_150_19_4	THD0008	rgb_b_hist_2	0.0491573033707865	0.04915730337078652	2.0816681711721685e-17	4.234707822498813e-16
THD0008_150_19_4	THD0008	rgb_b_hist_3	0.1564096016343207	0.15640960163432074	5.551115123125783e-17	3.5490884607609097e-16
THD0008_150_19_4	THD0008	rgb_b_hist_4	0.1542390194075587	0.15423901940755874	5.551115123125783e-17	3.599034242079565e-16
THD0008_150_19_4	THD0008	rgb_b_hist_5	0.1201481103166496	0.12014811031664964	4.163336342344337e-17	3.4651700566674667e-16
THD0008_150_19_4	THD0008	rgb_b_hist_6	0.1202757916241062	0.12027579162410623	2.7755575615628914e-17	2.3076610214607826e-16
THD0008_150_19_4	THD0008	rgb_b_hist_7	0.3984933605720122	0.39849336057201223	5.551115123125783e-17	1.393025749577736e-16
THD0008_150_15_4	THD0008	rgb_r_mean	0.7768266036396845	0.7768266036396845	0.0	0.0
THD0008_150_15_4	THD0008	rgb_r_sd	0.1938912927281663	0.1938912927281663	0.0	0.0
THD0008_150_15_4	THD0008	rgb_g_mean	0.6304822928501451	0.6304822928501451	0.0	0.0
THD0008_150_15_4	THD0008	rgb_g_sd	0.2859699557896809	0.28596995578968093	5.551115123125783e-17	1.941153261291686e-16
THD0008_150_15_4	THD0008	rgb_b_mean	0.7016373352586188	0.7016373352586188	0.0	0.0
THD0008_150_15_4	THD0008	rgb_b_sd	0.2225455274051543	0.22254552740515432	2.7755575615628914e-17	1.2471864044743807e-16
THD0008_150_15_4	THD0008	hed_hematoxylin_mean	0.0195051640498024	0.01950516404980245	4.85722573273506e-17	2.490225521986454e-15
THD0008_150_15_4	THD0008	hed_hematoxylin_sd	0.0279607926349355	0.02796079263493559	8.673617379884035e-17	3.1020641986546614e-15
THD0008_150_15_4	THD0008	hed_eosin_mean	0.0134285333615039	0.013428533361503986	8.673617379884035e-17	6.4590950823781195e-15
THD0008_150_15_4	THD0008	hed_eosin_sd	0.0129982107387678	0.012998210738767871	7.112366251504909e-17	5.471804077073415e-15
THD0008_150_15_4	THD0008	hed_dab_mean	0.0292359578243992	0.029235957824399264	6.245004513516506e-17	2.136069750485365e-15
THD0008_150_15_4	THD0008	hed_dab_sd	0.0245090813228896	0.02450908132288967	6.938893903907228e-17	2.831152180896652e-15
THD0008_150_15_4	THD0008	brightness_mean	0.785851919374774	0.785851919374774	0.0	0.0
THD0008_150_15_4	THD0008	brightness_sd	0.1888600006147722	0.1888600006147722	0.0	0.0
THD0008_150_15_4	THD0008	saturation_mean	0.2451882967698046	0.24518829676980464	2.7755575615628914e-17	1.1320106212772168e-16
THD0008_150_15_4	THD0008	saturation_sd	0.1979584644779524	0.19795846447795248	8.326672684688674e-17	4.2062726171610896e-16
THD0008_150_15_4	THD0008	rgb_r_hist_0	0.0001276813074565	0.00012768130745658836	8.836247705756861e-17	6.920549203153563e-13
THD0008_150_15_4	THD0008	rgb_r_hist_1	0.0088100102145045	0.008810010214504596	9.71445146547012e-17	1.1026606359067074e-14
THD0008_150_15_4	THD0008	rgb_r_hist_2	0.0380490296220633	0.03804902962206333	2.7755575615628914e-17	7.294686853074021e-16
THD0008_150_15_4	THD0008	rgb_r_hist_3	0.0634576098059244	0.06345760980592441	1.3877787807814457e-17	2.1869383120885887e-16
THD0008_150_15_4	THD0008	rgb_r_hist_4	0.1043156281920326	0.10431562819203269	8.326672684688674e-17	7.982190999569369e-16
THD0008_150_15_4	THD0008	rgb_r_hist_5	0.1774770173646578	0.17747701736465782	2.7755575615628914e-17	1.5638968936806164e-16
THD0008_150_15_4	THD0008	rgb_r_hist_6	0.1593462717058222	0.15934627170582227	8.326672684688674e-17	5.225520870711677e-16
THD0008_150_15_4	THD0008	rgb_r_hist_7	0.4484167517875383	0.4484167517875383	0.0	0.0
THD0008_150_15_4	THD0008	rgb_g_hist_0	0.0019152196118488	0.0019152196118488254	2.5370330836160804e-17	1.3246695407254269e-14
THD0008_150_15_4	THD0008	rgb_g_hist_1	0.0783963227783452	0.07839632277834525	5.551115123125783e-17	7.080836098423642e-16
THD0008_150_15_4	THD0008	rgb_g_hist_2	0.1815628192032686	0.18156281920326864	2.7755575615628914e-17	1.5287037146385772e-16
THD0008_150_15_4	THD0008	rgb_g_hist_3	0.1679009193054136	0.16790091930541368	8.326672684688674e-17	4.95927760201382e-16
THD0008_150_15_4	THD0008	rgb_g_hist_4	0.0901430030643513	0.09014300306435138	8.326672684688674e-17	9.23718136919005e-16
THD0008_150_15_4	THD0008	rgb_g_hist_5	0.0570735444330949	0.057073544433094994	9.71445146547012e-17	1.7020935990506064e-15
THD0008_150_15_4	THD0008	rgb_g_hist_6	0.0551583248212461	0.05515832482124617	6.938893903907228e-17	1.2579957651713306e-15
THD0008_150_15_4	THD0008	rgb_g_hist_7	0.367849846782431	0.36784984678243104	5.551115123125783e-17	1.5090709352419695e-16
THD0008_150_15_4	THD0008	rgb_b_hist_0	0.0	0.0	0.0	0.0
THD0008_150_15_4	THD0008	rgb_b_hist_1	0.0012768130745658	0.0012768130745658835	8.348356728138384e-17	6.53843298947841e-14
THD0008_150_15_4	THD0008	rgb_b_hist_2	0.0591164453524004	0.05911644535240041	1.3877787807814457e-17	2.347534214056217e-16
THD0008_150_15_4	THD0008	rgb_b_hist_3	0.1915219611848825	0.19152196118488254	5.551115123125783e-17	2.898422242954743e-16
THD0008_150_15_4	THD0008	rgb_b_hist_4	0.1913942798774259	0.19139427987742594	2.7755575615628914e-17	1.450177906748537e-16
THD0008_150_15_4	THD0008	rgb_b_hist_5	0.0979315628192032	0.09793156281920327	6.938893903907228e-17	7.085452028083631e-16
THD0008_150_15_4	THD0008	rgb_b_hist_6	0.0749489274770173	0.07494892747701737	6.938893903907228e-17	9.25816304180604e-16
THD0008_150_15_4	THD0008	rgb_b_hist_7	0.3838100102145046	0.3838100102145046	0.0	0.0
THD0011_150_9_6	THD0011	rgb_r_mean	0.8815280194721408	0.8815280194721408	0.0	0.0
THD0011_150_9_6	THD0011	rgb_r_sd	0.1583734686431007	0.15837346864310078	8.326672684688674e-17	5.257618435732489e-16
THD0011_150_9_6	THD0011	rgb_g_mean	0.8138764023983828	0.8138764023983828	0.0	0.0
THD0011_150_9_6	THD0011	rgb_g_sd	0.2564016296561945	0.2564016296561945	0.0	0.0
THD0011_150_9_6	THD0011	rgb_b_mean	0.8418464444689299	0.8418464444689299	0.0	0.0
THD0011_150_9_6	THD0011	rgb_b_sd	0.2080260835304396	0.2080260835304396	0.0	0.0
THD0011_150_9_6	THD0011	hed_hematoxylin_mean	0.010191297572847	0.01019129757284701	1.0408340855860843e-17	1.0212969233272236e-15
THD0011_150_9_6	THD0011	hed_hematoxylin_sd	0.0210863609003865	0.021086360900386517	1.734723475976807e-17	8.226756073140201e-16
THD0011_150_9_6	THD0011	hed_eosin_mean	0.00668003757521	0.006680037575210072	7.19910242530375e-17	1.077703881789532e-14
THD0011_150_9_6	THD0011	hed_eosin_sd	0.0127070950621866	0.012707095062186678	7.806255641895632e-17	6.143225972335139e-15
THD0011_150_9_6	THD0011	hed_dab_mean	0.0158748641379394	0.015874864137939447	4.85722573273506e-17	3.0596959385162595e-15
THD0011_150_9_6	THD0011	hed_dab_sd	0.0251936835536606	0.02519368355366063	2.7755575615628914e-17	1.1016878717441886e-15
THD0011_150_9_6	THD0011	brightness_mean	0.8889954069490767	0.8889954069490767	0.0	0.0
THD0011_150_9_6	THD0011	brightness_sd	0.1561114244373169	0.15611142443731696	5.551115123125783e-17	3.5558673192138544e-16
THD0011_150_9_6	THD0011	saturation_mean	0.1203686367242437	0.12036863672424374	4.163336342344337e-17	3.4588215465813206e-16
THD0011_150_9_6	THD0011	saturation_sd	0.1921863004865364	0.19218630048653643	2.7755575615628914e-17	1.444201566155509e-16
THD0011_150_9_6	THD0011	rgb_r_hist_0	0.0	0.0	0.0	0.0
THD0011_150_9_6	THD0011	rgb_r_hist_1	0.0076188016528925	0.007618801652892562	6.158268339717665e-17	8.082988139453217e-15
THD0011_150_9_6	THD0011	rgb_r_hist_2	0.0205320247933884	0.02053202479338843	3.122502256758253e-17	1.5207960676940845e-15
THD0011_150_9_6	THD0011	rgb_r_hist_3	0.0246642561983471	0.02466425619834711	6.938893903907228e-18	2.813340020516104e-16
THD0011_150_9_6	THD0011	rgb_r_hist_4	0.034349173553719	0.034349173553719005	6.938893903907228e-18	2.0201050523254733e-16
THD0011_150_9_6	THD0011	rgb_r_hist_5	0.0600464876033057	0.06004648760330578	8.326672684688674e-17	1.3867043714027781e-15
THD0011_150_9_6	THD0011	rgb_r_hist_6	0.0733471074380165	0.07334710743801653	2.7755575615628914e-17	3.7841404501308166e-16
THD0011_150_9_6	THD0011	rgb_r_hist_7	0.7794421487603306	0.7794421487603306	0.0	0.0
THD0011_150_9_6	THD0011	rgb_g_hist_0	0.0067148760330578	0.006714876033057851	5.117434254131581e-17	7.62104055076832e-15
THD0011_150_9_6	THD0011	rgb_g_hist_1	0.0470041322314049	0.04700413223140496	6.245004513516506e-17	1.3286075536448318e-15
THD0011_150_9_6	THD0011	rgb_g_hist_2	0.0671487603305785	0.06714876033057851	1.3877787807814457e-17	2.066722861225292e-16
THD0011_150_9_6	THD0011	rgb_g_hist_3	0.0640495867768595	0.0640495867768595	0.0	0.0
THD0011_150_9_6	THD0011	rgb_g_hist_4	0.0375774793388429	0.03757747933884298	7.632783294297951e-17	2.0312121591423864e-15
THD0011_150_9_6	THD0011	rgb_g_hist_5	0.0240185950413223	0.024018595041322314	1.3877787807814457e-17	5.777934880844904e-16
THD0011_150_9_6	THD0011	rgb_g_hist_6	0.0236311983471074	0.02363119834710744	3.8163916471489756e-17	1.6149801593181264e-15
THD0011_150_9_6	THD0011	rgb_g_hist_7	0.7298553719008265	0.7298553719008265	0.0	0.0
THD0011_150_9_6	THD0011	rgb_b_hist_0	0.0	0.0	0.0	0.0
THD0011_150_9_6	THD0011	rgb_b_hist_1	0.0086518595041322	0.008651859504132232	3.122502256758253e-17	3.609053354677014e-15
THD0011_150_9_6	THD0011	rgb_b_hist_2	0.0470041322314049	0.04700413223140496	6.245004513516506e-17	1.3286075536448318e-15
THD0011_150_9_6	THD0011	rgb_b_hist_3	0.0724431818181818	0.07244318181818182	2.7755575615628914e-17	3.831357888902502e-16
THD0011_150_9_6	THD0011	rgb_b_hist_4	0.0609504132231404	0.060950413223140494	9.71445146547012e-17	1.5938286472161171e-15
THD0011_150_9_6	THD0011	rgb_b_hist_5	0.037448347107438	0.03744834710743802	1.3877787807814457e-17	3.7058478890936275e-16
THD0011_150_9_6	THD0011	rgb_b_hist_6	0.0321539256198347	0.03215392561983471	1.3877787807814457e-17	4.3160477423178795e-16
THD0011_150_9_6	THD0011	rgb_b_hist_7	0.7413481404958677	0.7413481404958677	0.0	0.0
THD0011_150_23_8	THD0011	rgb_r_mean	0.9108639313868866	0.9108639313868866	0.0	0.0
THD0011_150_23_8	THD0011	rgb_r_sd	0.1153630794499578	0.11536307944995788	8.326672684688674e-17	7.217796824070233e-16
THD0011_150_23_8	THD0011	rgb_g_mean	0.8677046449209989	0.8677046449209989	0.0	0.0
THD0011_150_23_8	THD0011	rgb_g_sd	0.2009163312095511	0.20091633120955113	2.7755575615628914e-17	1.381449454533414e-16
THD0011_150_23_8	THD0011	rgb_b_mean	0.888975350047339	0.888975350047339	0.0	0.0
THD0011_150_23_8	THD0011	rgb_b_sd	0.1541633458290397	0.15416334582903976	5.551115123125783e-17	3.600800886406372e-16
THD0011_150_23_8	THD0011	hed_hematoxylin_mean	0.0074653834780268	0.00746538347802689	8.933825901280557e-17	1.1967002000065889e-14
THD0011_150_23_8	THD0011	hed_hematoxylin_sd	0.0133154874206181	0.013315487420618135	3.469446951953614e-17	2.6055726255889203e-15
THD0011_150_23_8	THD0011	hed_eosin_mean	0.003981017124667	0.003981017124667093	9.367506770274758e-17	2.353043575781735e-14
THD0011_150_23_8	THD0011	hed_eosin_sd	0.0095221068328193	0.009522106832819347	4.683753385137379e-17	4.918820453677493e-15
THD0011_150_23_8	THD0011	hed_dab_mean	0.00980334804258	0.009803348042580037	3.642919299551295e-17	3.715995069978734e-15
THD0011_150_23_8	THD0011	hed_dab_sd	0.0167590188490616	0.016759018849061603	3.469446951953614e-18	2.070196938854736e-16
THD0011_150_23_8	THD0011	brightness_mean	0.914911678989358	0.9149116789893579	1.1102230246251565e-16	1.2134756284361197e-16
THD0011_150_23_8	THD0011	brightness_sd	0.1133546528838037	0.11335465288380375	5.551115123125783e-17	4.897121540141856e-16
THD0011_150_23_8	THD0011	saturation_mean	0.0712003723060758	0.07120037230607588	8.326672684688674e-17	1.1694703854769208e-15
THD0011_150_23_8	THD0011	saturation_sd	0.1487364779205546	0.14873647792055467	5.551115123125783e-17	3.7321813725418647e-16
THD0011_150_23_8	THD0011	rgb_r_hist_0	0.0	0.0	0.0	0.0
THD0011_150_23_8	THD0011	rgb_r_hist_1	0.0003830439223697	0.00038304392236976505	6.505213034913027e-17	1.6982942829815827e-13
THD0011_150_23_8	THD0011	rgb_r_hist_2	0.0082992849846782	0.008299284984678242	4.163336342344337e-17	5.016500035883233e-15
THD0011_150_23_8	THD0011	rgb_r_hist_3	0.0146833503575076	0.01468335035750766	6.071532165918825e-17	4.134977384650125e-15
THD0011_150_23_8	THD0011	rgb_r_hist_4	0.0203013278855975	0.020301327885597548	4.85722573273506e-17	2.3925655307409484e-15
THD0011_150_23_8	THD0011	rgb_r_hist_5	0.0449438202247191	0.0449438202247191	0.0	0.0
THD0011_150_23_8	THD0011	rgb_r_hist_6	0.0698416751787538	0.06984167517875384	4.163336342344337e-17	5.961106075546776e-16
THD0011_150_23_8	THD0011	rgb_r_hist_7	0.8415474974463738	0.8415474974463738	0.0	0.0
THD0011_150_23_8	THD0011	rgb_g_hist_0	0.0002553626149131	0.0002553626149131767	7.670730370334944e-17	3.003858013024066e-13
THD0011_150_23_8	THD0011	rgb_g_hist_1	0.0180030643513789	0.01800306435137896	5.898059818321144e-17	3.2761421629142798e-15
THD0011_150_23_8	THD0011	rgb_g_hist_2	0.0351123595505618	0.0351123595505618	0.0	0.0
THD0011_150_23_8	THD0011	rgb_g_hist_3	0.0566905005107252	0.05669050051072523	2.7755575615628914e-17	4.895983518504634e-16
THD0011_150_23_8	THD0011	rgb_g_hist_4	0.036899897854954	0.03689989785495403	3.469446951953614e-17	9.402321289861845e-16
THD0011_150_23_8	THD0011	rgb_g_hist_5	0.0222165474974463	0.022216547497446375	7.632783294297951e-17	3.435629813847227e-15
THD0011_150_23_8	THD0011	rgb_g_hist_6	0.0112359550561797	0.011235955056179775	7.45931094670027e-17	6.638786742563285e-15
THD0011_150_23_8	THD0011	rgb_g_hist_7	0.8195863125638406	0.8195863125638406	0.0	0.0
THD0011_150_23_8	THD0011	rgb_b_hist_0	0.0	0.0	0.0	0.0
THD0011_150_23_8	THD0011	rgb_b_hist_1	0.0002553626149131	0.0002553626149131767	7.670730370334944e-17	3.003858013024066e-13
THD0011_150_23_8	THD0011	rgb_b_hist_2	0.012385086823289	0.01238508682328907	7.112366251504909e-17	5.742685822864615e-15
THD0011_150_23_8	THD0011	rgb_b_hist_3	0.0395812053115423	0.03958120531154239	9.020562075079397e-17	2.2790013603878063e-15
THD0011_150_23_8	THD0011	rgb_b_hist_4	0.0591164453524004	0.05911644535240041	1.3877787807814457e-17	2.347534214056217e-16
THD0011_150_23_8	THD0011	rgb_b_hist_5	0.0421348314606741	0.042134831460674156	5.551115123125783e-17	1.317464655888521e-15
THD0011_150_23_8	THD0011	rgb_b_hist_6	0.0209397344228804	0.02093973442288049	9.020562075079397e-17	4.307868425123301e-15
THD0011_150_23_8	THD0011	rgb_b_hist_7	0.8255873340143003	0.8255873340143003	0.0	0.0
THD0011_150_8_6	THD0011	rgb_r_mean	0.8648676179764189	0.8648676179764189	0.0	0.0
THD0011_150_8_6	THD0011	rgb_r_sd	0.1715207497303948	0.1715207497303948	0.0	0.0
THD0011_150_8_6	THD0011	rgb_g_mean	0.7828982205542073	0.7828982205542073	0.0	0.0
THD0011_150_8_6	THD0011	rgb_g_sd	0.2760137891995332	0.27601378919953323	5.551115123125783e-17	2.0111731153811396e-16
THD0011_150_8_6	THD0011	rgb_b_mean	0.8164733982225452	0.8164733982225452	0.0	0.0
THD0011_150_8_6	THD0011	rgb_b_sd	0.2232050216056109	0.2232050216056109	0.0	0.0
THD0011_150_8_6	THD0011	hed_hematoxylin_mean	0.0114530492248402	0.011453049224840233	3.2959746043559335e-17	2.8778140560222038e-15
THD0011_150_8_6	THD0011	hed_hematoxylin_sd	0.022386597820364	0.02238659782036401	1.0408340855860843e-17	4.649362506701613e-16
THD0011_150_8_6	THD0011	hed_eosin_mean	0.0081446497029839	0.008144649702983911	1.0408340855860843e-17	1.2779359745880304e-15
THD0011_150_8_6	THD0011	hed_eosin_sd	0.013588686453846	0.013588686453846005	5.204170427930421e-18	3.8297818156349376e-16
THD0011_150_8_6	THD0011	hed_dab_mean	0.0189011737654985	0.018901173765498536	3.469446951953614e-17	1.8355722215974827e-15
THD0011_150_8_6	THD0011	hed_dab_sd	0.027831596853725	0.027831596853725042	4.163336342344337e-17	1.4959027914300624e-15
THD0011_150_8_6	THD0011	brightness_mean	0.8733306350728708	0.8733306350728708	0.0	0.0
THD0011_150_8_6	THD0011	brightness_sd	0.1698079088580305	0.16980790885803057	8.326672684688674e-17	4.903583549603845e-16
THD0011_150_8_6	THD0011	saturation_mean	0.1461571988521122	0.1461571988521122	0.0	0.0
THD0011_150_8_6	THD0011	saturation_sd	0.2051034987998006	0.2051034987998006	0.0	0.0
THD0011_150_8_6	THD0011	rgb_r_hist_0	0.0002553626149131	0.0002553626149131767	7.670730370334944e-17	3.003858013024066e-13
THD0011_150_8_6	THD0011	rgb_r_hist_1	0.0063840653728294	0.006384065372829418	1.8214596497756474e-17	2.853134395408582e-15
THD0011_150_8_6	THD0011	rgb_r_hist_2	0.0256639427987742	0.02566394279877426	5.898059818321144e-17	2.298189278462254e-15
THD0011_150_8_6	THD0011	rgb_r_hist_3	0.0343462717058222	0.034346271705822266	6.938893903907228e-17	2.0202757269665996e-15
THD0011_150_8_6	THD0011	rgb_r_hist_4	0.047752808988764	0.047752808988764044	4.163336342344337e-17	8.718516105144619e-16
THD0011_150_8_6	THD0011	rgb_r_hist_5	0.0685648621041879	0.06856486210418794	4.163336342344337e-17	6.072113637475023e-16
THD0011_150_8_6	THD0011	rgb_r_hist_6	0.0850357507660878	0.08503575076608784	4.163336342344337e-17	4.895983518504635e-16
THD0011_150_8_6	THD0011	rgb_r_hist_7	0.731996935648621	0.731996935648621	0.0	0.0
THD0011_150_8_6	THD0011	rgb_g_hist_0	0.0048518896833503	0.004851889683350358	5.811323644522304e-17	1.1977443890499796e-14
THD0011_150_8_6	THD0011	rgb_g_hist_1	0.0640960163432073	0.06409601634320736	5.551115123125783e-17	8.660624231936487e-16
THD0011_150_8_6	THD0011	rgb_g_hist_2	0.0882277834525025	0.08822778345250255	5.551115123125783e-17	6.29179936965574e-16
THD0011_150_8_6	THD0011	rgb_g_hist_3	0.0706077630234933	0.07060776302349336	6.938893903907228e-17	9.827381022676576e-16
THD0011_150_8_6	THD0011	rgb_g_hist_4	0.040602655771195	0.040602655771195095	9.71445146547012e-17	2.3925655307409484e-15
THD0011_150_8_6	THD0011	rgb_g_hist_5	0.0278345250255362	0.027834525025536263	6.245004513516506e-17	2.243618135314742e-15
THD0011_150_8_6	THD0011	rgb_g_hist_6	0.0279622063329928	0.02796220633299285	4.85722573273506e-17	1.7370681250584958e-15
THD0011_150_8_6	THD0011	rgb_g_hist_7	0.6758171603677222	0.6758171603677222	0.0	0.0
THD0011_150_8_6	THD0011	rgb_b_hist_0	0.0005107252298263	0.0005107252298263534	5.345116710353537e-17	1.0465738518873321e-13
THD0011_150_8_6	THD0011	rgb_b_hist_1	0.0116189989785495	0.01161899897854954	3.9898639947466563e-17	3.433913715039112e-15
THD0011_150_8_6	THD0011	rgb_b_hist_2	0.0506894790602655	0.05068947906026558	8.326672684688674e-17	1.6426826313975265e-15
THD0011_150_8_6	THD0011	rgb_b_hist_3	0.0965270684371808	0.0965270684371808	0.0	0.0
THD0011_150_8_6	THD0011	rgb_b_hist_4	0.0725229826353421	0.07252298263534218	8.326672684688674e-17	1.1481426138465101e-15
THD0011_150_8_6	THD0011	rgb_b_hist_5	0.045582226762002	0.04558222676200204	4.163336342344337e-17	9.133683538722935e-16
THD0011_150_8_6	THD0011	rgb_b_hist_6	0.0349846782431052	0.03498467824310521	6.938893903907228e-18	1.9834093815839937e-16
THD0011_150_8_6	THD0011	rgb_b_hist_7	0.6875638406537283	0.6875638406537283	0.0	0.0
THD0011_150_7_7	THD0011	rgb_r_mean	0.925106854374282	0.9251068543742819	1.1102230246251565e-16	1.2001024739742982e-16
THD0011_150_7_7	THD0011	rgb_r_sd	0.1047995774576635	0.1047995774576635	0.0	0.0
THD0011_150_7_7	THD0011	rgb_g_mean	0.8976578994837882	0.8976578994837882	0.0	0.0
THD0011_150_7_7	THD0011	rgb_g_sd	0.1736194844841236	0.17361948448412365	5.551115123125783e-17	3.197288103705548e-16
THD0011_150_7_7	THD0011	rgb_b_mean	0.909773541550914	0.909773541550914	0.0	0.0
THD0011_150_7_7	THD0011	rgb_b_sd	0.1345556718459398	0.13455567184593986	5.551115123125783e-17	4.1255155185740217e-16
THD0011_150_7_7	THD0011	hed_hematoxylin_mean	0.0066109606491483	0.00661096064914834	3.9898639947466563e-17	6.035225750830443e-15
THD0011_150_7_7	THD0011	hed_hematoxylin_sd	0.0137420942767226	0.013742094276722636	3.642919299551295e-17	2.6509200316882906e-15
THD0011_150_7_7	THD0011	hed_eosin_mean	0.0028505172019028	0.002850517201902887	8.716985466783456e-17	3.0580364366735356e-14
THD0011_150_7_7	THD0011	hed_eosin_sd	0.0087026651735157	0.00870266517351572	1.9081958235744878e-17	2.1926568304403873e-15
THD0011_150_7_7	THD0011	hed_dab_mean	0.0077735178813358	0.0077735178813358495	4.9439619065339e-17	6.360005832628677e-15
THD0011_150_7_7	THD0011	hed_dab_sd	0.015022804662543	0.015022804662543026	2.6020852139652106e-17	1.732090160536468e-15
THD0011_150_7_7	THD0011	brightness_mean	0.9303531675110764	0.9303531675110763	1.1102230246251565e-16	1.193335029529997e-16
THD0011_150_7_7	THD0011	brightness_sd	0.1027072568745212	0.10270725687452124	4.163336342344337e-17	4.05359511006193e-16
THD0011_150_7_7	THD0011	saturation_mean	0.0532073771628197	0.053207377162819716	1.3877787807814457e-17	2.6082450494312263e-16
THD0011_150_7_7	THD0011	saturation_sd	0.1310478303823921	0.13104783038239218	8.326672684688674e-17	6.353918764157934e-16
THD0011_150_7_7	THD0011	rgb_r_hist_0	0.0	0.0	0.0	0.0
THD0011_150_7_7	THD0011	rgb_r_hist_1	0.002840909090909	0.002840909090909091	9.107298248878237e-17	3.2057689836052424e-14
THD0011_150_7_7	THD0011	rgb_r_hist_2	0.0080061983471074	0.008006198347107437	3.8163916471489756e-17	4.766796276697066e-15
THD0011_150_7_7	THD0011	rgb_r_hist_3	0.0105888429752066	0.010588842975206611	1.0408340855860843e-17	9.829535559486152e-16
THD0011_150_7_7	THD0011	rgb_r_hist_4	0.0126549586776859	0.01265495867768595	5.0306980803327406e-17	3.9752781565405e-15
THD0011_150_7_7	THD0011	rgb_r_hist_5	0.0224690082644628	0.02246900826446281	1.0408340855860843e-17	4.632309861367035e-16
THD0011_150_7_7	THD0011	rgb_r_hist_6	0.0307334710743801	0.030733471074380167	6.591949208711867e-17	2.1448762467338154e-15
THD0011_150_7_7	THD0011	rgb_r_hist_7	0.912706611570248	0.9127066115702479	1.1102230246251565e-16	1.2164073433357685e-16
THD0011_150_7_7	THD0011	rgb_g_hist_0	0.0025826446280991	0.0025826446280991736	7.37257477290143e-17	2.854660952067515e-14
THD0011_150_7_7	THD0011	rgb_g_hist_1	0.018724173553719	0.01872417355371901	6.938893903907228e-18	3.7058478890936275e-16
THD0011_150_7_7	THD0011	rgb_g_hist_2	0.0251807851239669	0.02518078512396694	4.163336342344337e-17	1.653378288980236e-15
THD0011_150_7_7	THD0011	rgb_g_hist_3	0.0233729338842975	0.02337293388429752	2.0816681711721685e-17	8.906319512462591e-16
THD0011_150_7_7	THD0011	rgb_g_hist_4	0.0149793388429752	0.014979338842975207	6.938893903907228e-18	4.632309861367035e-16
THD0011_150_7_7	THD0011	rgb_g_hist_5	0.0136880165289256	0.01368801652892562	1.9081958235744878e-17	1.3940630620529108e-15
THD0011_150_7_7	THD0011	rgb_g_hist_6	0.0246642561983471	0.02466425619834711	6.938893903907228e-18	2.813340020516104e-16
THD0011_150_7_7	THD0011	rgb_g_hist_7	0.8768078512396694	0.8768078512396694	0.0	0.0
THD0011_150_7_7	THD0011	rgb_b_hist_0	0.0	0.0	0.0	0.0
THD0011_150_7_7	THD0011	rgb_b_hist_1	0.0021952479338842	0.0021952479338842976	9.75781955236954e-17	4.44497380079724e-14
THD0011_150_7_7	THD0011	rgb_b_hist_2	0.0133006198347107	0.013300619834710745	4.5102810375396984e-17	3.391030714049276e-15
THD0011_150_7_7	THD0011	rgb_b_hist_3	0.0284090909090909	0.028409090909090908	6.938893903907228e-18	2.442490654175345e-16
THD0011_150_7_7	THD0011	rgb_b_hist_4	0.0254390495867768	0.025439049586776858	5.898059818321144e-17	2.318506357009089e-15
THD0011_150_7_7	THD0011	rgb_b_hist_5	0.0189824380165289	0.018982438016528925	2.42861286636753e-17	1.2793998664728012e-15
THD0011_150_7_7	THD0011	rgb_b_hist_6	0.0231146694214876	0.023114669421487603	3.469446951953614e-18	1.5009719103870834e-16
THD0011_150_7_7	THD0011	rgb_b_hist_7	0.8885588842975206	0.8885588842975206	0.0	0.0
TILD117LA_150_20_7	TILD117LA	rgb_r_mean	0.8298660152176134	0.8298660152176134	0.0	0.0
TILD117LA_150_20_7	TILD117LA	rgb_r_sd	0.1502798499911818	0.15027984999118182	2.7755575615628914e-17	1.8469259596185098e-16
TILD117LA_150_20_7	TILD117LA	rgb_g_mean	0.6672794204734435	0.6672794204734435	0.0	0.0
TILD117LA_150_20_7	TILD117LA	rgb_g_sd	0.2634165373686414	0.26341653736864146	5.551115123125783e-17	2.1073525521889343e-16
TILD117LA_150_20_7	TILD117LA	rgb_b_mean	0.7382732852504489	0.7382732852504489	0.0	0.0
TILD117LA_150_20_7	TILD117LA	rgb_b_sd	0.2043005775842796	0.20430057758427964	2.7755575615628914e-17	1.3585656949099409e-16
TILD117LA_150_20_7	TILD117LA	hed_hematoxylin_mean	0.0111934810584276	0.01119348105842765	5.0306980803327406e-17	4.4943106206849886e-15
TILD117LA_150_20_7	TILD117LA	hed_hematoxylin_sd	0.017123508055519	0.01712350805551909	8.673617379884035e-17	5.065327356848751e-15
TILD117LA_150_20_7	TILD117LA	hed_eosin_mean	0.0145906813892098	0.014590681389209806	6.938893903907228e-18	4.755702436925754e-16
TILD117LA_150_20_7	TILD117LA	hed_eosin_sd	0.0141315801418235	0.014131580141823561	6.071532165918825e-17	4.296428357611374e-15
TILD117LA_150_20_7	TILD117LA	hed_dab_mean	0.0264022046327687	0.02640220463276874	3.8163916471489756e-17	1.4454821861399856e-15
TILD117LA_150_20_7	TILD117LA	hed_dab_sd	0.0238695487952213	0.023869548795221338	3.8163916471489756e-17	1.5988537026359794e-15
TILD117LA_150_20_7	TILD117LA	brightness_mean	0.834480846491219	0.834480846491219	0.0	0.0
TILD117LA_150_20_7	TILD117LA	brightness_sd	0.1500804867056717	0.15008048670567178	8.326672684688674e-17	5.548138114063033e-16
TILD117LA_150_20_7	TILD117LA	saturation_mean	0.2340429232850616	0.2340429232850616	0.0	0.0
TILD117LA_150_20_7	TILD117LA	saturation_sd	0.2004224366098053	0.20042243660980538	8.326672684688674e-17	4.154561148709888e-16
TILD117LA_150_20_7	TILD117LA	rgb_r_hist_0	0.0	0.0	0.0	0.0
TILD117LA_150_20_7	TILD117LA	rgb_r_hist_1	0.0005165289256198	0.0005165289256198347	3.469446951953614e-17	6.716849298982648e-14
TILD117LA_150_20_7	TILD117LA	rgb_r_hist_2	0.0121384297520661	0.012138429752066115	1.5612511283791264e-17	1.2862051849114862e-15
TILD117LA_150_20_7	TILD117LA	rgb_r_hist_3	0.0287964876033057	0.028796487603305786	8.673617379884035e-17	3.0120400443866444e-15
TILD117LA_150_20_7	TILD117LA	rgb_r_hist_4	0.0625	0.0625	0.0	0.0
TILD117LA_150_20_7	TILD117LA	rgb_r_hist_5	0.1621900826446281	0.1621900826446281	0.0	0.0
TILD117LA_150_20_7	TILD117LA	rgb_r_hist_6	0.2224948347107438	0.2224948347107438	0.0	0.0
TILD117LA_150_20_7	TILD117LA	rgb_r_hist_7	0.5113636363636364	0.5113636363636364	0.0	0.0
TILD117LA_150_20_7	TILD117LA	rgb_g_hist_0	0.0016787190082644	0.0016787190082644629	6.288372600415926e-17	3.745935185970981e-14
TILD117LA_150_20_7	TILD117LA	rgb_g_hist_1	0.0396435950413223	0.03964359504132232	1.3877787807814457e-17	3.500638071130788e-16
TILD117LA_150_20_7	TILD117LA	rgb_g_hist_2	0.1277117768595041	0.12771177685950413	2.7755575615628914e-17	2.1732980542712877e-16
TILD117LA_150_20_7	TILD117LA	rgb_g_hist_3	0.1831095041322314	0.1831095041322314	0.0	0.0
TILD117LA_150_20_7	TILD117LA	rgb_g_hist_4	0.1295196280991735	0.12951962809917356	5.551115123125783e-17	4.2859257740265285e-16
TILD117LA_150_20_7	TILD117LA	rgb_g_hist_5	0.0754132231404958	0.07541322314049587	6.938893903907228e-17	9.201163423263292e-16
TILD117LA_150_20_7	TILD117LA	rgb_g_hist_6	0.056172520661157	0.05617252066115702	2.0816681711721685e-17	3.7058478890936275e-16
TILD117LA_150_20_7	TILD117LA	rgb_g_hist_7	0.3867510330578512	0.38675103305785125	5.551115123125783e-17	1.4353200505337585e-16
TILD117LA_150_20_7	TILD117LA	rgb_b_hist_0	0.0	0.0	0.0	0.0
TILD117LA_150_20_7	TILD117LA	rgb_b_hist_1	0.0032283057851239	0.003228305785123967	6.722053469410127e-17	2.0822232826845244e-14
TILD117LA_150_20_7	TILD117LA	rgb_b_hist_2	0.031120867768595	0.031120867768595042	4.163336342344337e-17	1.3377957110006053e-15
TILD117LA_150_20_7	TILD117LA	rgb_b_hist_3	0.1162190082644628	0.11621900826446281	1.3877787807814457e-17	1.1941065420412795e-16
TILD117LA_150_20_7	TILD117LA	rgb_b_hist_4	0.1969266528925619	0.19692665289256198	8.326672684688674e-17	4.22831168985109e-16
TILD117LA_150_20_7	TILD117LA	rgb_b_hist_5	0.1559917355371901	0.1559917355371901	0.0	0.0
TILD117LA_150_20_7	TILD117LA	rgb_b_hist_6	0.0894886363636363	0.08948863636363637	6.938893903907228e-17	7.753938584683639e-16
TILD117LA_150_20_7	TILD117LA	rgb_b_hist_7	0.4070247933884297	0.40702479338842973	5.551115123125783e-17	1.3638272688288726e-16
TILD117LA_150_18_6	TILD117LA	rgb_r_mean	0.9106212575373448	0.9106212575373448	0.0	0.0
TILD117LA_150_18_6	TILD117LA	rgb_r_sd	0.1058870525282619	0.10588705252826193	2.7755575615628914e-17	2.6212435753862146e-16
TILD117LA_150_18_6	TILD117LA	rgb_g_mean	0.8589481087988396	0.8589481087988396	0.0	0.0
TILD117LA_150_18_6	TILD117LA	rgb_g_sd	0.2005025402975323	0.2005025402975323	0.0	0.0
TILD117LA_150_18_6	TILD117LA	rgb_b_mean	0.8822663523764773	0.8822663523764773	0.0	0.0
TILD117LA_150_18_6	TILD117LA	rgb_b_sd	0.1505571740233193	0.15055717402331933	2.7755575615628914e-17	1.8435239499998813e-16
TILD117LA_150_18_6	TILD117LA	hed_hematoxylin_mean	0.006872593299945	0.006872593299945038	3.8163916471489756e-17	5.553059057313223e-15
TILD117LA_150_18_6	TILD117LA	hed_hematoxylin_sd	0.0109695059250899	0.01096950592508999	9.020562075079397e-17	8.223307536985054e-15
TILD117LA_150_18_6	TILD117LA	hed_eosin_mean	0.0045833335607668	0.004583333560766812	1.1275702593849246e-17	2.4601531711261267e-15
TILD117LA_150_18_6	TILD117LA	hed_eosin_sd	0.009848026412843	0.009848026412843077	7.632783294297951e-17	7.75057150978382e-15
TILD117LA_150_18_6	TILD117LA	hed_dab_mean	0.010440983709195	0.010440983709195082	8.153200337090993e-17	7.808843078560463e-15
TILD117LA_150_18_6	TILD117LA	hed_dab_sd	0.0158999309797036	0.01589993097970369	9.020562075079397e-17	5.67333410855319e-15
TILD117LA_150_18_6	TILD117LA	brightness_mean	0.913835383917028	0.913835383917028	0.0	0.0
TILD117LA_150_18_6	TILD117LA	brightness_sd	0.1050366097250292	0.10503660972502923	2.7755575615628914e-17	2.642466820691284e-16
TILD117LA_150_18_6	TILD117LA	saturation_mean	0.0787014916076417	0.07870149160764173	2.7755575615628914e-17	3.526689907479965e-16
TILD117LA_150_18_6	TILD117LA	saturation_sd	0.1512308708782141	0.15123087087821419	8.326672684688674e-17	5.50593449362209e-16
TILD117LA_150_18_6	TILD117LA	rgb_r_hist_0	0.0	0.0	0.0	0.0
TILD117LA_150_18_6	TILD117LA	rgb_r_hist_1	0.0	0.0	0.0	0.0
TILD117LA_150_18_6	TILD117LA	rgb_r_hist_2	0.0040030991735537	0.004003099173553719	1.9081958235744878e-17	4.766796276697066e-15
TILD117LA_150_18_6	TILD117LA	rgb_r_hist_3	0.0102014462809917	0.010201446280991736	3.642919299551295e-17	3.570983171610801e-15
TILD117LA_150_18_6	TILD117LA	rgb_r_hist_4	0.0227272727272727	0.022727272727272728	2.7755575615628914e-17	1.2212453270876736e-15
TILD117LA_150_18_6	TILD117LA	rgb_r_hist_5	0.0542355371900826	0.054235537190082644	4.163336342344337e-17	7.676399198836803e-16
TILD117LA_150_18_6	TILD117LA	rgb_r_hist_6	0.0803202479338843	0.0803202479338843	0.0	0.0
TILD117LA_150_18_6	TILD117LA	rgb_r_hist_7	0.8285123966942148	0.8285123966942148	0.0	0.0
TILD117LA_150_18_6	TILD117LA	rgb_g_hist_0	0.0001291322314049	0.00012913223140495868	5.868244258577793e-17	4.5443683538447076e-13
TILD117LA_150_18_6	TILD117LA	rgb_g_hist_1	0.0103305785123966	0.010330578512396695	9.367506770274758e-17	9.067746553626048e-15
TILD117LA_150_18_6	TILD117LA	rgb_g_hist_2	0.0395144628099173	0.039514462809917356	5.551115123125783e-17	1.404831225930919e-15
TILD117LA_150_18_6	TILD117LA	rgb_g_hist_3	0.0670196280991735	0.06701962809917356	5.551115123125783e-17	8.282819944795009e-16
TILD117LA_150_18_6	TILD117LA	rgb_g_hist_4	0.0472623966942148	0.04726239669421488	7.632783294297951e-17	1.6149801593181264e-15
TILD117LA_150_18_6	TILD117LA	rgb_g_hist_5	0.0236311983471074	0.02363119834710744	3.8163916471489756e-17	1.6149801593181264e-15
TILD117LA_150_18_6	TILD117LA	rgb_g_hist_6	0.0224690082644628	0.02246900826446281	1.0408340855860843e-17	4.632309861367035e-16
TILD117LA_150_18_6	TILD117LA	rgb_g_hist_7	0.7896435950413223	0.7896435950413223	0.0	0.0
TILD117LA_150_18_6	TILD117LA	rgb_b_hist_0	0.0	0.0	0.0	0.0
TILD117LA_150_18_6	TILD117LA	rgb_b_hist_1	0.0	0.0	0.0	0.0
TILD117LA_150_18_6	TILD117LA	rgb_b_hist_2	0.0038739669421487	0.0038739669421487604	6.028164079019405e-17	1.5560700875975666e-14
TILD117LA_150_18_6	TILD117LA	rgb_b_hist_3	0.0384814049586776	0.03848140495867768	8.326672684688674e-17	2.163817223833196e-15
TILD117LA_150_18_6	TILD117LA	rgb_b_hist_4	0.0776084710743801	0.07760847107438017	6.938893903907228e-17	8.94089756936067e-16
TILD117LA_150_18_6	TILD117LA	rgb_b_hist_5	0.053073347107438	0.05307334710743802	1.3877787807814457e-17	2.614831843886014e-16
TILD117LA_150_18_6	TILD117LA	rgb_b_hist_6	0.03099173553719	0.030991735537190084	8.326672684688674e-17	2.686739719592886e-15
TILD117LA_150_18_6	TILD117LA	rgb_b_hist_7	0.7959710743801653	0.7959710743801653	0.0	0.0
TILD117LA_150_21_12	TILD117LA	rgb_r_mean	0.8007366968091427	0.8007366968091427	0.0	0.0
TILD117LA_150_21_12	TILD117LA	rgb_r_sd	0.1525356129157032	0.15253561291570322	2.7755575615628914e-17	1.819612815989907e-16
TILD117LA_150_21_12	TILD117LA	rgb_g_mean	0.6057226986131302	0.6057226986131302	0.0	0.0
TILD117LA_150_21_12	TILD117LA	rgb_g_sd	0.2427430500564767	0.24274305005647673	2.7755575615628914e-17	1.143413811813409e-16
TILD117LA_150_21_12	TILD117LA	rgb_b_mean	0.6971084699269844	0.6971084699269844	0.0	0.0
TILD117LA_150_21_12	TILD117LA	rgb_b_sd	0.1870620657506703	0.18706206575067036	5.551115123125783e-17	2.9675258320544293e-16
TILD117LA_150_21_12	TILD117LA	hed_hematoxylin_mean	0.0134820251952197	0.01348202519521978	7.979727989493313e-17	5.918790295928739e-15
TILD117LA_150_21_12	TILD117LA	hed_hematoxylin_sd	0.0188128757233727	0.018812875723372736	3.8163916471489756e-17	2.028606207400592e-15
TILD117LA_150_21_12	TILD117LA	hed_eosin_mean	0.0173227915452388	0.01732279154523881	1.0408340855860843e-17	6.008466261733429e-16
TILD117LA_150_21_12	TILD117LA	hed_eosin_sd	0.0127474673370618	0.01274746733706186	5.898059818321144e-17	4.626848347493475e-15
TILD117LA_150_21_12	TILD117LA	hed_dab_mean	0.030053338581179	0.030053338581179038	3.8163916471489756e-17	1.2698727753125583e-15
TILD117LA_150_21_12	TILD117LA	hed_dab_sd	0.0220126766316029	0.02201267663160294	3.8163916471489756e-17	1.7337244856765412e-15
TILD117LA_150_21_12	TILD117LA	brightness_mean	0.8050488874141262	0.8050488874141262	0.0	0.0
TILD117LA_150_21_12	TILD117LA	brightness_sd	0.1527919727503091	0.15279197275030917	8.326672684688674e-17	5.449679413653509e-16
TILD117LA_150_21_12	TILD117LA	saturation_mean	0.2782568509803689	0.27825685098036895	5.551115123125783e-17	1.9949608081769801e-16
TILD117LA_150_21_12	TILD117LA	saturation_sd	0.1780929486906609	0.1780929486906609	0.0	0.0
TILD117LA_150_21_12	TILD117LA	rgb_r_hist_0	0.0	0.0	0.0	0.0
TILD117LA_150_21_12	TILD117LA	rgb_r_hist_1	0.0023986870344653	0.002398687034465345	4.5102810375396984e-17	1.8803124262290857e-14
TILD117LA_150_21_12	TILD117LA	rgb_r_hist_2	0.0138871354626941	0.013887135462694104	3.469446951953614e-18	2.4983172096749623e-16
TILD117LA_150_21_12	TILD117LA	rgb_r_hist_3	0.0366115389471026	0.03661153894710264	4.163336342344337e-17	1.1371650747486046e-15
TILD117LA_150_21_12	TILD117LA	rgb_r_hist_4	0.076757985102891	0.07675798510289104	4.163336342344337e-17	5.423978152583801e-16
TILD117LA_150_21_12	TILD117LA	rgb_r_hist_5	0.1804065143289988	0.18040651432899887	8.326672684688674e-17	4.615505551813787e-16
TILD117LA_150_21_12	TILD117LA	rgb_r_hist_6	0.3064007069814417	0.30640070698144173	5.551115123125783e-17	1.8117174656068947e-16
TILD117LA_150_21_12	TILD117LA	rgb_r_hist_7	0.3835374321424062	0.38353743214240626	5.551115123125783e-17	1.4473463755852314e-16
TILD117LA_150_21_12	TILD117LA	rgb_g_hist_0	0.0056811008711021	0.005681100871102134	3.382710778154774e-17	5.954322683058694e-15
TILD117LA_150_21_12	TILD117LA	rgb_g_hist_1	0.0417876530741068	0.041787653074106805	6.938893903907228e-18	1.6605129490286758e-16
TILD117LA_150_21_12	TILD117LA	rgb_g_hist_2	0.1198081050372427	0.11980810503724278	8.326672684688674e-17	6.950007833026242e-16
TILD117LA_150_21_12	TILD117LA	rgb_g_hist_3	0.240499936876657	0.240499936876657	0.0	0.0
TILD117LA_150_21_12	TILD117LA	rgb_g_hist_4	0.2026259310693094	0.20262593106930943	2.7755575615628914e-17	1.3697938595102595e-16
TILD117LA_150_21_12	TILD117LA	rgb_g_hist_5	0.0898876404494382	0.0898876404494382	0.0	0.0
TILD117LA_150_21_12	TILD117LA	rgb_g_hist_6	0.0479737406893069	0.047973740689306904	6.938893903907228e-18	1.4463941740223464e-16
TILD117LA_150_21_12	TILD117LA	rgb_g_hist_7	0.2517358919328367	0.25173589193283674	5.551115123125783e-17	2.2051345481584422e-16
TILD117LA_150_21_12	TILD117LA	rgb_b_hist_0	0.0	0.0	0.0	0.0
TILD117LA_150_21_12	TILD117LA	rgb_b_hist_1	0.0093422547658123	0.009342254765812397	9.71445146547012e-17	1.0398401359187787e-14
TILD117LA_150_21_12	TILD117LA	rgb_b_hist_2	0.0292892311576821	0.02928923115768211	1.0408340855860843e-17	3.5536408585893865e-16
TILD117LA_150_21_12	TILD117LA	rgb_b_hist_3	0.0886251735891932	0.08862517358919328	8.326672684688674e-17	9.395380959461403e-16
TILD117LA_150_21_12	TILD117LA	rgb_b_hist_4	0.2772377225097841	0.2772377225097841	0.0	0.0
TILD117LA_150_21_12	TILD117LA	rgb_b_hist_5	0.2335563691453099	0.23355636914530994	5.551115123125783e-17	2.3767774535286124e-16
TILD117LA_150_21_12	TILD117LA	rgb_b_hist_6	0.092160080797879	0.09216008079787906	5.551115123125783e-17	6.023340121956075e-16
TILD117LA_150_21_12	TILD117LA	rgb_b_hist_7	0.2697891680343391	0.2697891680343391	0.0	0.0
TILD117LA_150_21_6	TILD117LA	rgb_r_mean	0.9222360795822312	0.9222360795822311	1.1102230246251565e-16	1.2038382028255526e-16
TILD117LA_150_21_6	TILD117LA	rgb_r_sd	0.0861838086281509	0.08618380862815095	4.163336342344337e-17	4.830763931897566e-16
TILD117LA_150_21_6	TILD117LA	rgb_g_mean	0.8856781678211488	0.8856781678211488	0.0	0.0
TILD117LA_150_21_6	TILD117LA	rgb_g_sd	0.1606341972596046	0.1606341972596046	0.0	0.0
TILD117LA_150_21_6	TILD117LA	rgb_b_mean	0.9021921180782267	0.9021921180782267	0.0	0.0
TILD117LA_150_21_6	TILD117LA	rgb_b_sd	0.119293855748601	0.11929385574860109	8.326672684688674e-17	6.979967771547466e-16
TILD117LA_150_21_6	TILD117LA	hed_hematoxylin_mean	0.0062438681476126	0.006243868147612631	3.122502256758253e-17	5.000909985506613e-15
TILD117LA_150_21_6	TILD117LA	hed_hematoxylin_sd	0.0093331492833001	0.009333149283300122	2.2551405187698492e-17	2.416269632379068e-15
TILD117LA_150_21_6	TILD117LA	hed_eosin_mean	0.0030184920389613	0.0030184920389613873	8.716985466783456e-17	2.8878610094936927e-14
TILD117LA_150_21_6	TILD117LA	hed_eosin_sd	0.0074492512279509	0.007449251227950934	3.382710778154774e-17	4.541007780033312e-15
TILD117LA_150_21_6	TILD117LA	hed_dab_mean	0.0081130824491125	0.008113082449112585	8.500145032286355e-17	1.0477084493596139e-14
TILD117LA_150_21_6	TILD117LA	hed_dab_sd	0.0121537164764721	0.012153716476472155	5.551115123125783e-17	4.5674219353989104e-15
TILD117LA_150_21_6	TILD117LA	brightness_mean	0.9282746540498564	0.9282746540498563	1.1102230246251565e-16	1.1960070435851067e-16
TILD117LA_150_21_6	TILD117LA	brightness_sd	0.0856662797390351	0.08566627973903519	9.71445146547012e-17	1.1339877831818098e-15
TILD117LA_150_21_6	TILD117LA	saturation_mean	0.0614919255980394	0.06149192559803942	2.0816681711721685e-17	3.385270750471571e-16
TILD117LA_150_21_6	TILD117LA	saturation_sd	0.1164861936132238	0.11648619361322383	2.7755575615628914e-17	2.382735219916915e-16
TILD117LA_150_21_6	TILD117LA	rgb_r_hist_0	0.0	0.0	0.0	0.0
TILD117LA_150_21_6	TILD117LA	rgb_r_hist_1	0.0003830439223697	0.00038304392236976505	6.505213034913027e-17	1.6982942829815827e-13
TILD117LA_150_21_6	TILD117LA	rgb_r_hist_2	0.0025536261491317	0.002553626149131767	6.722053469410127e-17	2.6323561386210753e-14
TILD117LA_150_21_6	TILD117LA	rgb_r_hist_3	0.0062563840653728	0.00625638406537283	2.949029909160572e-17	4.713633111948103e-15
TILD117LA_150_21_6	TILD117LA	rgb_r_hist_4	0.0114913176710929	0.011491317671092951	5.204170427930421e-17	4.5287847546168054e-15
TILD117LA_150_21_6	TILD117LA	rgb_r_hist_5	0.031920326864147	0.031920326864147086	8.326672684688674e-17	2.6085800186592748e-15
TILD117LA_150_21_6	TILD117LA	rgb_r_hist_6	0.0777579162410623	0.0777579162410623	0.0	0.0
TILD117LA_150_21_6	TILD117LA	rgb_r_hist_7	0.8696373850868233	0.8696373850868233	0.0	0.0
TILD117LA_150_21_6	TILD117LA	rgb_g_hist_0	0.0	0.0	0.0	0.0
TILD117LA_150_21_6	TILD117LA	rgb_g_hist_1	0.0042134831460674	0.004213483146067416	1.5612511283791264e-17	3.705369344686474e-15
TILD117LA_150_21_6	TILD117LA	rgb_g_hist_2	0.019535240040858	0.019535240040858017	1.734723475976807e-17	8.879970107091743e-16
TILD117LA_150_21_6	TILD117LA	rgb_g_hist_3	0.0407303370786516	0.04073033707865169	9.020562075079397e-17	2.2147035163643255e-15
TILD117LA_150_21_6	TILD117LA	rgb_g_hist_4	0.0338355464759959	0.03383554647599592	2.0816681711721685e-17	6.152311364762428e-16
TILD117LA_150_21_6	TILD117LA	rgb_g_hist_5	0.0379213483146067	0.037921348314606744	4.163336342344337e-17	1.0978872132404338e-15
TILD117LA_150_21_6	TILD117LA	rgb_g_hist_6	0.0647344228804902	0.06473442288049029	9.71445146547012e-17	1.5006624038966883e-15
TILD117LA_150_21_6	TILD117LA	rgb_g_hist_7	0.79902962206333	0.79902962206333	0.0	0.0
TILD117LA_150_21_6	TILD117LA	rgb_b_hist_0	0.0	0.0	0.0	0.0
TILD117LA_150_21_6	TILD117LA	rgb_b_hist_1	0.0	0.0	0.0	0.0
TILD117LA_150_21_6	TILD117LA	rgb_b_hist_2	0.0022982635342185	0.0022982635342185904	9.020562075079397e-17	3.9249467873347004e-14
TILD117LA_150_21_6	TILD117LA	rgb_b_hist_3	0.0162155260469867	0.01621552604698672	2.0816681711721685e-17	1.2837500091827121e-15
TILD117LA_150_21_6	TILD117LA	rgb_b_hist_4	0.0463483146067415	0.046348314606741575	7.632783294297951e-17	1.6468308198606515e-15
TILD117LA_150_21_6	TILD117LA	rgb_b_hist_5	0.0459652706843718	0.045965270684371805	6.938893903907228e-18	1.509594918205595e-16
TILD117LA_150_21_6	TILD117LA	rgb_b_hist_6	0.0723953013278856	0.0723953013278856	0.0	0.0
TILD117LA_150_21_6	TILD117LA	rgb_b_hist_7	0.8167773237997957	0.8167773237997957	0.0	0.0
TILD117MA1_150_10_19	TILD117MA1	rgb_r_mean	0.7950261412688708	0.7950261412688708	0.0	0.0
TILD117MA1_150_10_19	TILD117MA1	rgb_r_sd	0.1322017133237617	0.13220171332376174	2.7755575615628914e-17	2.0994868309804404e-16
TILD117MA1_150_10_19	TILD117MA1	rgb_g_mean	0.5705168453489684	0.5705168453489684	0.0	0.0
TILD117MA1_150_10_19	TILD117MA1	rgb_g_sd	0.2008246639432274	0.2008246639432274	0.0	0.0
TILD117MA1_150_10_19	TILD117MA1	rgb_b_mean	0.6733182584443553	0.6733182584443553	0.0	0.0
TILD117MA1_150_10_19	TILD117MA1	rgb_b_sd	0.1544132593911721	0.1544132593911721	0.0	0.0
TILD117MA1_150_10_19	TILD117MA1	hed_hematoxylin_mean	0.0127623564278127	0.012762356427812786	8.673617379884035e-17	6.796250699425561e-15
TILD117MA1_150_10_19	TILD117MA1	hed_hematoxylin_sd	0.0173632751234759	0.01736327512347596	5.898059818321144e-17	3.3968590466822194e-15
TILD117MA1_150_10_19	TILD117MA1	hed_eosin_mean	0.0189928558031722	0.01899285580317229	9.020562075079397e-17	4.7494500924778136e-15
TILD117MA1_150_10_19	TILD117MA1	hed_eosin_sd	0.0115366454838721	0.011536645483872123	2.2551405187698492e-17	1.9547627791132794e-15
TILD117MA1_150_10_19	TILD117MA1	hed_dab_mean	0.0320553729118792	0.03205537291187929	9.020562075079397e-17	2.8140561957825556e-15
TILD117MA1_150_10_19	TILD117MA1	hed_dab_sd	0.0175831046673028	0.017583104667302864	6.591949208711867e-17	3.749024608248012e-15
TILD117MA1_150_10_19	TILD117MA1	brightness_mean	0.7979440232969759	0.7979440232969759	0.0	0.0
TILD117MA1_150_10_19	TILD117MA1	brightness_sd	0.1299291377713823	0.12992913777138235	5.551115123125783e-17	4.2724174256380317e-16
TILD117MA1_150_10_19	TILD117MA1	saturation_mean	0.303865504290604	0.30386550429060405	5.551115123125783e-17	1.8268329391601269e-16
TILD117MA1_150_10_19	TILD117MA1	saturation_sd	0.1537068180581159	0.1537068180581159	0.0	0.0
TILD117MA1_150_10_19	TILD117MA1	rgb_r_hist_0	0.0	0.0	0.0	0.0
TILD117MA1_150_10_19	TILD117MA1	rgb_r_hist_1	0.0005165289256198	0.0005165289256198347	3.469446951953614e-17	6.716849298982648e-14
TILD117MA1_150_10_19	TILD117MA1	rgb_r_hist_2	0.0071022727272727	0.007102272727272727	2.688821387764051e-17	3.785860513971798e-15
TILD117MA1_150_10_19	TILD117MA1	rgb_r_hist_3	0.0335743801652892	0.033574380165289255	5.551115123125783e-17	1.653378288980236e-15
TILD117MA1_150_10_19	TILD117MA1	rgb_r_hist_4	0.068698347107438	0.06869834710743801	1.3877787807814457e-17	2.0201050523254733e-16
TILD117MA1_150_10_19	TILD117MA1	rgb_r_hist_5	0.1776859504132231	0.17768595041322313	2.7755575615628914e-17	1.562057976507488e-16
TILD117MA1_150_10_19	TILD117MA1	rgb_r_hist_6	0.4244576446280991	0.42445764462809915	5.551115123125783e-17	1.307813675493948e-16
TILD117MA1_150_10_19	TILD117MA1	rgb_r_hist_7	0.2879648760330578	0.28796487603305787	5.551115123125783e-17	1.927705628407447e-16
TILD117MA1_150_10_19	TILD117MA1	rgb_g_hist_0	0.0001291322314049	0.00012913223140495868	5.868244258577793e-17	4.5443683538447076e-13
TILD117MA1_150_10_19	TILD117MA1	rgb_g_hist_1	0.028021694214876	0.028021694214876033	3.469446951953614e-17	1.2381289030381945e-15
TILD117MA1_150_10_19	TILD117MA1	rgb_g_hist_2	0.12474173553719	0.12474173553719008	8.326672684688674e-17	6.675129738118958e-16
TILD117MA1_150_10_19	TILD117MA1	rgb_g_hist_3	0.2697572314049586	0.26975723140495866	5.551115123125783e-17	2.0578188374095775e-16
TILD117MA1_150_10_19	TILD117MA1	rgb_g_hist_4	0.2471590909090909	0.2471590909090909	0.0	0.0
TILD117MA1_150_10_19	TILD117MA1	rgb_g_hist_5	0.1292613636363636	0.12926136363636365	5.551115123125783e-17	4.2944890622863213e-16
TILD117MA1_150_10_19	TILD117MA1	rgb_g_hist_6	0.0672778925619834	0.06727789256198347	6.938893903907228e-17	1.0313780113600315e-15
TILD117MA1_150_10_19	TILD117MA1	rgb_g_hist_7	0.1336518595041322	0.13365185950413222	2.7755575615628914e-17	2.0767070296370085e-16
TILD117MA1_150_10_19	TILD117MA1	rgb_b_hist_0	0.0	0.0	0.0	0.0
TILD117MA1_150_10_19	TILD117MA1	rgb_b_hist_1	0.0002582644628099	0.00025826446280991736	1.734723475976807e-17	6.716849298982648e-14
TILD117MA1_150_10_19	TILD117MA1	rgb_b_hist_2	0.0099431818181818	0.009943181818181818	1.734723475976807e-17	1.7446361815538205e-15
TILD117MA1_150_10_19	TILD117MA1	rgb_b_hist_3	0.1109245867768595	0.1109245867768595	0.0	0.0
TILD117MA1_150_10_19	TILD117MA1	rgb_b_hist_4	0.3087551652892562	0.3087551652892562	0.0	0.0
TILD117MA1_150_10_19	TILD117MA1	rgb_b_hist_5	0.2861570247933884	0.28615702479338845	5.551115123125783e-17	1.939884274074281e-16
TILD117MA1_150_10_19	TILD117MA1	rgb_b_hist_6	0.1286157024793388	0.12861570247933884	5.551115123125783e-17	4.3160477423178795e-16
TILD117MA1_150_10_19	TILD117MA1	rgb_b_hist_7	0.1553460743801653	0.1553460743801653	0.0	0.0
TILD117MA1_150_5_6	TILD117MA1	rgb_r_mean	0.7855397330804859	0.7855397330804859	0.0	0.0
TILD117MA1_150_5_6	TILD117MA1	rgb_r_sd	0.1467280183026632	0.1467280183026632	0.0	0.0
TILD117MA1_150_5_6	TILD117MA1	rgb_g_mean	0.5653647221932726	0.5653647221932726	0.0	0.0
TILD117MA1_150_5_6	TILD117MA1	rgb_g_sd	0.2034466758889387	0.2034466758889387	0.0	0.0
TILD117MA1_150_5_6	TILD117MA1	rgb_b_mean	0.6675204744039118	0.6675204744039118	0.0	0.0
TILD117MA1_150_5_6	TILD117MA1	rgb_b_sd	0.1591972905712343	0.15919729057123436	5.551115123125783e-17	3.4869407030780367e-16
TILD117MA1_150_5_6	TILD117MA1	hed_hematoxylin_mean	0.014622892101491	0.014622892101491062	6.245004513516506e-17	4.270704092030977e-15
TILD117MA1_150_5_6	TILD117MA1	hed_hematoxylin_sd	0.021564839398869	0.021564839398869082	8.326672684688674e-17	3.861226383687039e-15
TILD117MA1_150_5_6	TILD117MA1	hed_eosin_mean	0.018319890437551	0.018319890437551015	1.3877787807814457e-17	7.575256989184067e-16
TILD117MA1_150_5_6	TILD117MA1	hed_eosin_sd	0.010847552688051	0.010847552688051054	5.377642775528102e-17	4.957470989241458e-15
TILD117MA1_150_5_6	TILD117MA1	hed_dab_mean	0.032457444129087	0.03245744412908703	2.7755575615628914e-17	8.55137437970833e-16
TILD117MA1_150_5_6	TILD117MA1	hed_dab_sd	0.0178555500490621	0.017855550049062193	9.367506770274758e-17	5.246271744379449e-15
TILD117MA1_150_5_6	TILD117MA1	brightness_mean	0.7919213973863188	0.7919213973863188	0.0	0.0
TILD117MA1_150_5_6	TILD117MA1	brightness_sd	0.1397432436311838	0.13974324363118384	5.551115123125783e-17	3.972367449675433e-16
TILD117MA1_150_5_6	TILD117MA1	saturation_mean	0.3061683612519298	0.30616836125192987	5.551115123125783e-17	1.8130923458018782e-16
TILD117MA1_150_5_6	TILD117MA1	saturation_sd	0.1478138518593847	0.1478138518593847	0.0	0.0
TILD117MA1_150_5_6	TILD117MA1	rgb_r_hist_0	0.0	0.0	0.0	0.0
TILD117MA1_150_5_6	TILD117MA1	rgb_r_hist_1	0.0025826446280991	0.0025826446280991736	7.37257477290143e-17	2.854660952067515e-14
TILD117MA1_150_5_6	TILD117MA1	rgb_r_hist_2	0.0165289256198347	0.01652892561983471	1.0408340855860843e-17	6.297046217795814e-16
TILD117MA1_150_5_6	TILD117MA1	rgb_r_hist_3	0.0396435950413223	0.03964359504132232	1.3877787807814457e-17	3.500638071130788e-16
TILD117MA1_150_5_6	TILD117MA1	rgb_r_hist_4	0.0671487603305785	0.06714876033057851	1.3877787807814457e-17	2.066722861225292e-16
TILD117MA1_150_5_6	TILD117MA1	rgb_r_hist_5	0.206095041322314	0.20609504132231404	5.551115123125783e-17	2.693473403100631e-16
TILD117MA1_150_5_6	TILD117MA1	rgb_r_hist_6	0.3728047520661157	0.3728047520661157	0.0	0.0
TILD117MA1_150_5_6	TILD117MA1	rgb_r_hist_7	0.2951962809917355	0.29519628099173556	5.551115123125783e-17	1.8804827433720938e-16
TILD117MA1_150_5_6	TILD117MA1	rgb_g_hist_0	0.0007747933884297	0.0007747933884297521	5.204170427930421e-17	6.716849298982648e-14
TILD117MA1_150_5_6	TILD117MA1	rgb_g_hist_1	0.0290547520661157	0.029054752066115703	3.469446951953614e-18	1.1941065420412795e-16
TILD117MA1_150_5_6	TILD117MA1	rgb_g_hist_2	0.1291322314049586	0.12913223140495866	5.551115123125783e-17	4.2987835513486085e-16
TILD117MA1_150_5_6	TILD117MA1	rgb_g_hist_3	0.2838326446280991	0.28383264462809915	5.551115123125783e-17	1.9557704965189297e-16
TILD117MA1_150_5_6	TILD117MA1	rgb_g_hist_4	0.2445764462809917	0.24457644628099173	2.7755575615628914e-17	1.134842542594669e-16
TILD117MA1_150_5_6	TILD117MA1	rgb_g_hist_5	0.118543388429752	0.11854338842975207	6.938893903907228e-17	5.853463441378824e-16
TILD117MA1_150_5_6	TILD117MA1	rgb_g_hist_6	0.0628873966942148	0.06288739669421488	8.326672684688674e-17	1.3240606420991618e-15
TILD117MA1_150_5_6	TILD117MA1	rgb_g_hist_7	0.131198347107438	0.13119834710743802	2.7755575615628914e-17	2.1155430862936058e-16
TILD117MA1_150_5_6	TILD117MA1	rgb_b_hist_0	0.0	0.0	0.0	0.0
TILD117MA1_150_5_6	TILD117MA1	rgb_b_hist_1	0.0002582644628099	0.00025826446280991736	1.734723475976807e-17	6.716849298982648e-14
TILD117MA1_150_5_6	TILD117MA1	rgb_b_hist_2	0.0117510330578512	0.01175103305785124	3.9898639947466563e-17	3.395330414870133e-15
TILD117MA1_150_5_6	TILD117MA1	rgb_b_hist_3	0.1224173553719008	0.12241735537190082	2.7755575615628914e-17	2.2672909026100247e-16
TILD117MA1_150_5_6	TILD117MA1	rgb_b_hist_4	0.3255423553719008	0.32554235537190085	5.551115123125783e-17	1.7051898260010339e-16
TILD117MA1_150_5_6	TILD117MA1	rgb_b_hist_5	0.2649793388429752	0.2649793388429752	0.0	0.0
TILD117MA1_150_5_6	TILD117MA1	rgb_b_hist_6	0.1191890495867768	0.11918904958677685	5.551115123125783e-17	4.657403630930236e-16
TILD117MA1_150_5_6	TILD117MA1	rgb_b_hist_7	0.1558626033057851	0.15586260330578514	2.7755575615628914e-17	1.7807719765321485e-16
TILD117MA1_150_9_9	TILD117MA1	rgb_r_mean	0.7777102693515129	0.7777102693515129	0.0	0.0
TILD117MA1_150_9_9	TILD117MA1	rgb_r_sd	0.1356594486233721	0.1356594486233721	0.0	0.0
TILD117MA1_150_9_9	TILD117MA1	rgb_g_mean	0.5299799599307627	0.5299799599307627	0.0	0.0
TILD117MA1_150_9_9	TILD117MA1	rgb_g_sd	0.1645950868319833	0.16459508683198334	5.551115123125783e-17	3.37258859299506e-16
TILD117MA1_150_9_9	TILD117MA1	rgb_b_mean	0.6433919923618621	0.6433919923618621	0.0	0.0
TILD117MA1_150_9_9	TILD117MA1	rgb_b_sd	0.1324310012774547	0.1324310012774547	0.0	0.0
TILD117MA1_150_9_9	TILD117MA1	hed_hematoxylin_mean	0.0141637605730026	0.014163760573002693	9.367506770274758e-17	6.613714431271924e-15
TILD117MA1_150_9_9	TILD117MA1	hed_hematoxylin_sd	0.0202302884202718	0.02023028842027186	6.245004513516506e-17	3.0869577258516428e-15
TILD117MA1_150_9_9	TILD117MA1	hed_eosin_mean	0.0205229194329002	0.02052291943290027	6.938893903907228e-17	3.3810462135243385e-15
TILD117MA1_150_9_9	TILD117MA1	hed_eosin_sd	0.0091962672338556	0.009196267233855637	3.642919299551295e-17	3.961302131521438e-15
TILD117MA1_150_9_9	TILD117MA1	hed_dab_mean	0.0350757858298573	0.035075785829857355	5.551115123125783e-17	1.582606060503582e-15
TILD117MA1_150_9_9	TILD117MA1	hed_dab_sd	0.0152953775838132	0.015295377583813241	4.163336342344337e-17	2.7219572184673066e-15
TILD117MA1_150_9_9	TILD117MA1	brightness_mean	0.7813366062973803	0.7813366062973803	0.0	0.0
TILD117MA1_150_9_9	TILD117MA1	brightness_sd	0.1302752993842489	0.13027529938424895	5.551115123125783e-17	4.261064951961989e-16
TILD117MA1_150_9_9	TILD117MA1	saturation_mean	0.3343029385635847	0.3343029385635847	0.0	0.0
TILD117MA1_150_9_9	TILD117MA1	saturation_sd	0.1196766356168205	0.11967663561682056	5.551115123125783e-17	4.638428457246484e-16
TILD117MA1_150_9_9	TILD117MA1	rgb_r_hist_0	0.0	0.0	0.0	0.0
TILD117MA1_150_9_9	TILD117MA1	rgb_r_hist_1	0.0023243801652892	0.0023243801652892563	5.637851296924623e-17	2.4255289135214077e-14
TILD117MA1_150_9_9	TILD117MA1	rgb_r_hist_2	0.012267561983471	0.012267561983471075	7.45931094670027e-17	6.08051620749971e-15
TILD117MA1_150_9_9	TILD117MA1	rgb_r_hist_3	0.0364152892561983	0.036415289256198344	4.163336342344337e-17	1.1432934976990989e-15
TILD117MA1_150_9_9	TILD117MA1	rgb_r_hist_4	0.0792871900826446	0.07928719008264463	2.7755575615628914e-17	3.500638071130788e-16
TILD117MA1_150_9_9	TILD117MA1	rgb_r_hist_5	0.1973140495867768	0.19731404958677687	5.551115123125783e-17	2.813340020516104e-16
TILD117MA1_150_9_9	TILD117MA1	rgb_r_hist_6	0.4384039256198347	0.4384039256198347	0.0	0.0
TILD117MA1_150_9_9	TILD117MA1	rgb_r_hist_7	0.2339876033057851	0.23398760330578514	2.7755575615628914e-17	1.1861985516966354e-16
TILD117MA1_150_9_9	TILD117MA1	rgb_g_hist_0	0.0007747933884297	0.0007747933884297521	5.204170427930421e-17	6.716849298982648e-14
TILD117MA1_150_9_9	TILD117MA1	rgb_g_hist_1	0.0287964876033057	0.028796487603305786	8.673617379884035e-17	3.0120400443866444e-15
TILD117MA1_150_9_9	TILD117MA1	rgb_g_hist_2	0.1195764462809917	0.11957644628099173	2.7755575615628914e-17	2.321157425134237e-16
TILD117MA1_150_9_9	TILD117MA1	rgb_g_hist_3	0.3260588842975206	0.32605888429752067	5.551115123125783e-17	1.702488535187567e-16
TILD117MA1_150_9_9	TILD117MA1	rgb_g_hist_4	0.2949380165289256	0.2949380165289256	0.0	0.0
TILD117MA1_150_9_9	TILD117MA1	rgb_g_hist_5	0.1239669421487603	0.12396694214876033	2.7755575615628914e-17	2.2389497663273995e-16
TILD117MA1_150_9_9	TILD117MA1	rgb_g_hist_6	0.0552685950413223	0.05526859504132232	1.3877787807814457e-17	2.510971700554093e-16
TILD117MA1_150_9_9	TILD117MA1	rgb_g_hist_7	0.0506198347107438	0.0506198347107438	0.0	0.0
TILD117MA1_150_9_9	TILD117MA1	rgb_b_hist_0	0.0	0.0	0.0	0.0
TILD117MA1_150_9_9	TILD117MA1	rgb_b_hist_1	0.0010330578512396	0.0010330578512396695	6.938893903907228e-17	6.716849298982648e-14
TILD117MA1_150_9_9	TILD117MA1	rgb_b_hist_2	0.0109762396694214	0.010976239669421487	8.673617379884035e-17	7.902175645861471e-15
TILD117MA1_150_9_9	TILD117MA1	rgb_b_hist_3	0.1033057851239669	0.10330578512396695	4.163336342344337e-17	4.0301095793893196e-16
TILD117MA1_150_9_9	TILD117MA1	rgb_b_hist_4	0.3766787190082644	0.37667871900826444	5.551115123125783e-17	1.473700223294003e-16
TILD117MA1_150_9_9	TILD117MA1	rgb_b_hist_5	0.318569214876033	0.31856921487603307	5.551115123125783e-17	1.7425146134368086e-16
TILD117MA1_150_9_9	TILD117MA1	rgb_b_hist_6	0.1188016528925619	0.11880165289256199	9.71445146547012e-17	8.177033929195725e-16
TILD117MA1_150_9_9	TILD117MA1	rgb_b_hist_7	0.0706353305785124	0.0706353305785124	0.0	0.0
TILD117MA1_150_12_2	TILD117MA1	rgb_r_mean	0.824384635843268	0.824384635843268	0.0	0.0
TILD117MA1_150_12_2	TILD117MA1	rgb_r_sd	0.1234466071023306	0.12344660710233067	6.938893903907228e-17	5.62096769347031e-16
TILD117MA1_150_12_2	TILD117MA1	rgb_g_mean	0.5994106765533964	0.5994106765533964	0.0	0.0
TILD117MA1_150_12_2	TILD117MA1	rgb_g_sd	0.1902386393745409	0.1902386393745409	0.0	0.0
TILD117MA1_150_12_2	TILD117MA1	rgb_b_mean	0.695074020878272	0.695074020878272	0.0	0.0
TILD117MA1_150_12_2	TILD117MA1	rgb_b_sd	0.1493631703757508	0.14936317037575086	5.551115123125783e-17	3.716522024245282e-16
TILD117MA1_150_12_2	TILD117MA1	hed_hematoxylin_mean	0.0096029513096681	0.009602951309668158	5.724587470723463e-17	5.961279283963503e-15
TILD117MA1_150_12_2	TILD117MA1	hed_hematoxylin_sd	0.0149998678720372	0.014999867872037281	8.153200337090993e-17	5.435514770293554e-15
TILD117MA1_150_12_2	TILD117MA1	hed_eosin_mean	0.0180919215941236	0.018091921594123695	9.367506770274758e-17	5.177729033115751e-15
TILD117MA1_150_12_2	TILD117MA1	hed_eosin_sd	0.0105341939693847	0.010534193969384794	9.367506770274758e-17	8.892476061765467e-15
TILD117MA1_150_12_2	TILD117MA1	hed_dab_mean	0.0303013081674559	0.03030130816745598	7.979727989493313e-17	2.6334598973068995e-15
TILD117MA1_150_12_2	TILD117MA1	hed_dab_sd	0.0169254407878712	0.01692544078787122	2.0816681711721685e-17	1.2299048499013956e-15
TILD117MA1_150_12_2	TILD117MA1	brightness_mean	0.8277013454723254	0.8277013454723254	0.0	0.0
TILD117MA1_150_12_2	TILD117MA1	brightness_sd	0.1227704777957766	0.12277047779577664	4.163336342344337e-17	3.391154304432917e-16
TILD117MA1_150_12_2	TILD117MA1	saturation_mean	0.2920615488552252	0.2920615488552252	0.0	0.0
TILD117MA1_150_12_2	TILD117MA1	saturation_sd	0.1411537417022723	0.14115374170227238	8.326672684688674e-17	5.899009536886142e-16
TILD117MA1_150_12_2	TILD117MA1	rgb_r_hist_0	0.0	0.0	0.0	0.0
TILD117MA1_150_12_2	TILD117MA1	rgb_r_hist_1	0.0003830439223697	0.00038304392236976505	6.505213034913027e-17	1.6982942829815827e-13
TILD117MA1_150_12_2	TILD117MA1	rgb_r_hist_2	0.0049795709908069	0.004979570990806946	4.597017211338539e-17	9.231753538257377e-15
TILD117MA1_150_12_2	TILD117MA1	rgb_r_hist_3	0.021067415730337	0.021067415730337078	7.979727989493313e-17	3.787710885679507e-15
TILD117MA1_150_12_2	TILD117MA1	rgb_r_hist_4	0.0473697650663942	0.04736976506639428	8.326672684688674e-17	1.7578032470749814e-15
TILD117MA1_150_12_2	TILD117MA1	rgb_r_hist_5	0.1427477017364657	0.14274770173646578	8.326672684688674e-17	5.833139576608384e-16
TILD117MA1_150_12_2	TILD117MA1	rgb_r_hist_6	0.3953013278855976	0.3953013278855976	0.0	0.0
TILD117MA1_150_12_2	TILD117MA1	rgb_r_hist_7	0.3881511746680286	0.3881511746680286	0.0	0.0
TILD117MA1_150_12_2	TILD117MA1	rgb_g_hist_0	0.0001276813074565	0.00012768130745658836	8.836247705756861e-17	6.920549203153563e-13
TILD117MA1_150_12_2	TILD117MA1	rgb_g_hist_1	0.0164708886618999	0.0164708886618999	0.0	0.0
TILD117MA1_150_12_2	TILD117MA1	rgb_g_hist_2	0.0768641470888661	0.07686414708886619	8.326672684688674e-17	1.0832973499415576e-15
TILD117MA1_150_12_2	TILD117MA1	rgb_g_hist_3	0.249361593462717	0.24936159346271705	5.551115123125783e-17	2.2261307549575596e-16
TILD117MA1_150_12_2	TILD117MA1	rgb_g_hist_4	0.2665985699693565	0.2665985699693565	0.0	0.0
TILD117MA1_150_12_2	TILD117MA1	rgb_g_hist_5	0.1760725229826353	0.17607252298263534	5.551115123125783e-17	3.1527435565134983e-16
TILD117MA1_150_12_2	TILD117MA1	rgb_g_hist_6	0.0909090909090909	0.09090909090909091	1.3877787807814457e-17	1.5265566588595905e-16
TILD117MA1_150_12_2	TILD117MA1	rgb_g_hist_7	0.1235955056179775	0.12359550561797752	2.7755575615628914e-17	2.2456783907190674e-16
TILD117MA1_150_12_2	TILD117MA1	rgb_b_hist_0	0.0	0.0	0.0	0.0
TILD117MA1_150_12_2	TILD117MA1	rgb_b_hist_1	0.0003830439223697	0.00038304392236976505	6.505213034913027e-17	1.6982942829815827e-13
TILD117MA1_150_12_2	TILD117MA1	rgb_b_hist_2	0.0084269662921348	0.008426966292134831	3.122502256758253e-17	3.705369344686474e-15
TILD117MA1_150_12_2	TILD117MA1	rgb_b_hist_3	0.0709908069458631	0.07099080694586313	2.7755575615628914e-17	3.909742234201542e-16
TILD117MA1_150_12_2	TILD117MA1	rgb_b_hist_4	0.2763023493360572	0.2763023493360572	0.0	0.0
TILD117MA1_150_12_2	TILD117MA1	rgb_b_hist_5	0.3116700715015322	0.3116700715015322	0.0	0.0
TILD117MA1_150_12_2	TILD117MA1	rgb_b_hist_6	0.1741573033707865	0.17415730337078653	2.7755575615628914e-17	1.5937072450264345e-16
TILD117MA1_150_12_2	TILD117MA1	rgb_b_hist_7	0.1580694586312563	0.15806945863125638	8.326672684688674e-17	5.267730247696424e-16
TILD175MA_150_8_8	TILD175MA	rgb_r_mean	0.888146432391051	0.888146432391051	0.0	0.0
TILD175MA_150_8_8	TILD175MA	rgb_r_sd	0.1147415155901124	0.1147415155901124	0.0	0.0
TILD175MA_150_8_8	TILD175MA	rgb_g_mean	0.7757492577300847	0.7757492577300847	0.0	0.0
TILD175MA_150_8_8	TILD175MA	rgb_g_sd	0.2191007684893797	0.21910076848937976	5.551115123125783e-17	2.533589983001295e-16
TILD175MA_150_8_8	TILD175MA	rgb_b_mean	0.8230432471536263	0.8230432471536263	0.0	0.0
TILD175MA_150_8_8	TILD175MA	rgb_b_sd	0.1654235902369719	0.16542359023697198	8.326672684688674e-17	5.033546105945702e-16
TILD175MA_150_8_8	TILD175MA	hed_hematoxylin_mean	0.007278181632972	0.007278181632972098	9.80118763926896e-17	1.3466533446853134e-14
TILD175MA_150_8_8	TILD175MA	hed_hematoxylin_sd	0.0132834482845606	0.013283448284560689	8.847089727481716e-17	6.660235759538975e-15
TILD175MA_150_8_8	TILD175MA	hed_eosin_mean	0.0090921447938309	0.009092144793830992	9.194034422677078e-17	1.0112063359258545e-14
TILD175MA_150_8_8	TILD175MA	hed_eosin_sd	0.0116892360234809	0.011689236023480947	4.683753385137379e-17	4.0068943562511964e-15
TILD175MA_150_8_8	TILD175MA	hed_dab_mean	0.0167770244555497	0.016777024455549797	9.71445146547012e-17	5.790330395719642e-15
TILD175MA_150_8_8	TILD175MA	hed_dab_sd	0.0181917664768778	0.01819176647687781	1.0408340855860843e-17	5.721456939923954e-16
TILD175MA_150_8_8	TILD175MA	brightness_mean	0.8937597063312084	0.8937597063312084	0.0	0.0
TILD175MA_150_8_8	TILD175MA	brightness_sd	0.1144416674556576	0.11444166745565763	2.7755575615628914e-17	2.4253033211337376e-16
TILD175MA_150_8_8	TILD175MA	saturation_mean	0.1543133490166409	0.15431334901664098	8.326672684688674e-17	5.395950990468581e-16
TILD175MA_150_8_8	TILD175MA	saturation_sd	0.1692191830925288	0.1692191830925288	0.0	0.0
TILD175MA_150_8_8	TILD175MA	rgb_r_hist_0	0.0	0.0	0.0	0.0
TILD175MA_150_8_8	TILD175MA	rgb_r_hist_1	0.0010099734881959	0.0010099734881959348	3.469446951953614e-17	3.43518616330319e-14
TILD175MA_150_8_8	TILD175MA	rgb_r_hist_2	0.0065648276732735	0.006564827673273576	7.632783294297951e-17	1.162678393733361e-14
TILD175MA_150_8_8	TILD175MA	rgb_r_hist_3	0.0130034086605226	0.013003408660522662	6.245004513516506e-17	4.802590364229561e-15
TILD175MA_150_8_8	TILD175MA	rgb_r_hist_4	0.0229768968564575	0.02297689685645752	2.0816681711721685e-17	9.059831639480638e-16
TILD175MA_150_8_8	TILD175MA	rgb_r_hist_5	0.0599671758616336	0.05996717586163363	2.7755575615628914e-17	4.62846135687151e-16
TILD175MA_150_8_8	TILD175MA	rgb_r_hist_6	0.1675293523545007	0.1675293523545007	0.0	0.0
TILD175MA_150_8_8	TILD175MA	rgb_r_hist_7	0.7289483651054159	0.7289483651054159	0.0	0.0
TILD175MA_150_8_8	TILD175MA	rgb_g_hist_0	0.0006312334301224	0.0006312334301224593	5.930585883495709e-17	9.395234156634785e-14
TILD175MA_150_8_8	TILD175MA	rgb_g_hist_1	0.0147708622648655	0.014770862264865547	4.683753385137379e-17	3.1709410738182308e-15
TILD175MA_150_8_8	TILD175MA	rgb_g_hist_2	0.0445650801666456	0.04456508016664563	2.7755575615628914e-17	6.228099559529653e-16
TILD175MA_150_8_8	TILD175MA	rgb_g_hist_3	0.0987249084711526	0.09872490847115263	2.7755575615628914e-17	2.8114055556444587e-16
TILD175MA_150_8_8	TILD175MA	rgb_g_hist_4	0.107562176492867	0.10756217649286706	5.551115123125783e-17	5.16084306223936e-16
TILD175MA_150_8_8	TILD175MA	rgb_g_hist_5	0.1071834364347935	0.10718343643479358	8.326672684688674e-17	7.768618885208367e-16
TILD175MA_150_8_8	TILD175MA	rgb_g_hist_6	0.1065522030046711	0.10655220300467112	2.7755575615628914e-17	2.604880502978634e-16
TILD175MA_150_8_8	TILD175MA	rgb_g_hist_7	0.520010099734882	0.520010099734882	0.0	0.0
TILD175MA_150_8_8	TILD175MA	rgb_b_hist_0	0.0	0.0	0.0	0.0
TILD175MA_150_8_8	TILD175MA	rgb_b_hist_1	0.0001262466860244	0.00012624668602449185	9.185902906383436e-17	7.276153692151615e-13
TILD175MA_150_8_8	TILD175MA	rgb_b_hist_2	0.0094685014518368	0.00946850145183689	9.020562075079397e-17	9.526916292893944e-15
TILD175MA_150_8_8	TILD175MA	rgb_b_hist_3	0.0455750536548415	0.04557505365484156	6.245004513516506e-17	1.3702681648632772e-15
TILD175MA_150_8_8	TILD175MA	rgb_b_hist_4	0.1079409165509405	0.10794091655094054	4.163336342344337e-17	3.857051130726258e-16
TILD175MA_150_8_8	TILD175MA	rgb_b_hist_5	0.1343264739300593	0.13432647393005934	2.7755575615628914e-17	2.066277391460495e-16
TILD175MA_150_8_8	TILD175MA	rgb_b_hist_6	0.1436687286958717	0.14366872869587174	5.551115123125783e-17	3.863829779462156e-16
TILD175MA_150_8_8	TILD175MA	rgb_b_hist_7	0.5588940790304254	0.5588940790304254	0.0	0.0
TILD175MA_150_7_13	TILD175MA	rgb_r_mean	0.77225228001302	0.77225228001302	0.0	0.0
TILD175MA_150_7_13	TILD175MA	rgb_r_sd	0.1594777954256128	0.15947779542561283	2.7755575615628914e-17	1.7404037685343656e-16
TILD175MA_150_7_13	TILD175MA	rgb_g_mean	0.5891154317420038	0.5891154317420038	0.0	0.0
TILD175MA_150_7_13	TILD175MA	rgb_g_sd	0.2043385910783894	0.2043385910783894	0.0	0.0
TILD175MA_150_7_13	TILD175MA	rgb_b_mean	0.6990950772854353	0.6990950772854353	0.0	0.0
TILD175MA_150_7_13	TILD175MA	rgb_b_sd	0.1483887285858373	0.14838872858583732	2.7755575615628914e-17	1.8704638741866002e-16
TILD175MA_150_7_13	TILD175MA	hed_hematoxylin_mean	0.0195734111669488	0.019573411166948898	9.71445146547012e-17	4.9630855769656094e-15
TILD175MA_150_7_13	TILD175MA	hed_hematoxylin_sd	0.0232903241653114	0.023290324165311453	5.204170427930421e-17	2.2344774555270084e-15
TILD175MA_150_7_13	TILD175MA	hed_eosin_mean	0.0150278331954697	0.015027833195469771	7.112366251504909e-17	4.732795579371354e-15
TILD175MA_150_7_13	TILD175MA	hed_eosin_sd	0.0091293009644954	0.009129300964495402	1.734723475976807e-18	1.9001711990033946e-16
TILD175MA_150_7_13	TILD175MA	hed_dab_mean	0.0261466429841141	0.02614664298411413	3.122502256758253e-17	1.194226830058218e-15
TILD175MA_150_7_13	TILD175MA	hed_dab_sd	0.0140683968542286	0.014068396854228692	9.194034422677078e-17	6.535239599751258e-15
TILD175MA_150_7_13	TILD175MA	brightness_mean	0.7807451299283931	0.7807451299283931	0.0	0.0
TILD175MA_150_7_13	TILD175MA	brightness_sd	0.1507444313783168	0.15074443137831683	2.7755575615628914e-17	1.8412338924793805e-16
TILD175MA_150_7_13	TILD175MA	saturation_mean	0.2667319657683804	0.26673196576838043	5.551115123125783e-17	2.0811585544816756e-16
TILD175MA_150_7_13	TILD175MA	saturation_sd	0.1337078905991507	0.13370789059915078	8.326672684688674e-17	6.22751031923135e-16
TILD175MA_150_7_13	TILD175MA	rgb_r_hist_0	0.0	0.0	0.0	0.0
TILD175MA_150_7_13	TILD175MA	rgb_r_hist_1	0.0016787190082644	0.0016787190082644629	6.288372600415926e-17	3.745935185970981e-14
TILD175MA_150_7_13	TILD175MA	rgb_r_hist_2	0.012267561983471	0.012267561983471075	7.45931094670027e-17	6.08051620749971e-15
TILD175MA_150_7_13	TILD175MA	rgb_r_hist_3	0.0603047520661157	0.0603047520661157	0.0	0.0
TILD175MA_150_7_13	TILD175MA	rgb_r_hist_4	0.118543388429752	0.11854338842975207	6.938893903907228e-17	5.853463441378824e-16
TILD175MA_150_7_13	TILD175MA	rgb_r_hist_5	0.1770402892561983	0.17704028925619836	5.551115123125783e-17	3.135509519583229e-16
TILD175MA_150_7_13	TILD175MA	rgb_r_hist_6	0.3233471074380165	0.32334710743801653	5.551115123125783e-17	1.7167665939890603e-16
TILD175MA_150_7_13	TILD175MA	rgb_r_hist_7	0.3068181818181818	0.3068181818181818	0.0	0.0
TILD175MA_150_7_13	TILD175MA	rgb_g_hist_0	0.0002582644628099	0.00025826446280991736	1.734723475976807e-17	6.716849298982648e-14
TILD175MA_150_7_13	TILD175MA	rgb_g_hist_1	0.0237603305785123	0.023760330578512397	9.71445146547012e-17	4.088516964597876e-15
TILD175MA_150_7_13	TILD175MA	rgb_g_hist_2	0.1215134297520661	0.12151342975206611	1.3877787807814457e-17	1.1420785205495766e-16
TILD175MA_150_7_13	TILD175MA	rgb_g_hist_3	0.2330836776859504	0.23308367768595042	2.7755575615628914e-17	1.1907987676865946e-16
TILD175MA_150_7_13	TILD175MA	rgb_g_hist_4	0.2431559917355372	0.2431559917355372	0.0	0.0
TILD175MA_150_7_13	TILD175MA	rgb_g_hist_5	0.1566373966942148	0.15663739669421486	5.551115123125783e-17	3.543927082727624e-16
TILD175MA_150_7_13	TILD175MA	rgb_g_hist_6	0.0856146694214876	0.0856146694214876	0.0	0.0
TILD175MA_150_7_13	TILD175MA	rgb_g_hist_7	0.1359762396694215	0.1359762396694215	0.0	0.0
TILD175MA_150_7_13	TILD175MA	rgb_b_hist_0	0.0	0.0	0.0	0.0
TILD175MA_150_7_13	TILD175MA	rgb_b_hist_1	0.0	0.0	0.0	0.0
TILD175MA_150_7_13	TILD175MA	rgb_b_hist_2	0.0052944214876033	0.0052944214876033055	5.204170427930421e-18	9.829535559486152e-16
TILD175MA_150_7_13	TILD175MA	rgb_b_hist_3	0.0694731404958677	0.06947314049586777	6.938893903907228e-17	9.987879998486548e-16
TILD175MA_150_7_13	TILD175MA	rgb_b_hist_4	0.2725981404958678	0.2725981404958678	0.0	0.0
TILD175MA_150_7_13	TILD175MA	rgb_b_hist_5	0.3196022727272727	0.3196022727272727	0.0	0.0
TILD175MA_150_7_13	TILD175MA	rgb_b_hist_6	0.1659349173553719	0.1659349173553719	0.0	0.0
TILD175MA_150_7_13	TILD175MA	rgb_b_hist_7	0.1670971074380165	0.16709710743801653	2.7755575615628914e-17	1.6610446488982252e-16
TILD175MA_150_23_13	TILD175MA	rgb_r_mean	0.9508938004882344	0.9508938004882345	1.1102230246251565e-16	1.1675573277006486e-16
TILD175MA_150_23_13	TILD175MA	rgb_r_sd	0.0301448171422909	0.030144817142290923	2.42861286636753e-17	8.056485646948475e-16
TILD175MA_150_23_13	TILD175MA	rgb_g_mean	0.9480351673887488	0.9480351673887488	0.0	0.0
TILD175MA_150_23_13	TILD175MA	rgb_g_sd	0.0558088483772296	0.05580884837722963	2.7755575615628914e-17	4.973328857822012e-16
TILD175MA_150_23_13	TILD175MA	rgb_b_mean	0.9492545808080493	0.9492545808080491	1.1102230246251565e-16	1.169573523343004e-16
TILD175MA_150_23_13	TILD175MA	rgb_b_sd	0.0427922159650377	0.04279221596503777	7.632783294297951e-17	1.783684981524239e-15
TILD175MA_150_23_13	TILD175MA	hed_hematoxylin_mean	0.0043600773746794	0.004360077374679486	8.586881206085195e-17	1.969433216014107e-14
TILD175MA_150_23_13	TILD175MA	hed_hematoxylin_sd	0.0033653449781174	0.0033653449781174626	6.245004513516506e-17	1.8556803400910207e-14
TILD175MA_150_23_13	TILD175MA	hed_eosin_mean	0.000334324444295	0.0003343244442950633	6.331740687315346e-17	1.8938910376916286e-13
TILD175MA_150_23_13	TILD175MA	hed_eosin_sd	0.0027489092585659	0.0027489092585659923	9.237402509576498e-17	3.360388299756257e-14
TILD175MA_150_23_13	TILD175MA	hed_dab_mean	0.0034935873387118	0.0034935873387118882	8.803721640582296e-17	2.519966094171991e-14
TILD175MA_150_23_13	TILD175MA	hed_dab_sd	0.0045679879612755	0.004567987961275579	7.892991815694472e-17	1.7278924293597625e-14
TILD175MA_150_23_13	TILD175MA	brightness_mean	0.9536931845397988	0.9536931845397989	1.1102230246251565e-16	1.1641301863354414e-16
TILD175MA_150_23_13	TILD175MA	brightness_sd	0.0297478569645838	0.02974785696458389	9.020562075079397e-17	3.032340139936397e-15
TILD175MA_150_23_13	TILD175MA	saturation_mean	0.0101376361873752	0.010137636187375227	2.6020852139652106e-17	2.5667573444840033e-15
TILD175MA_150_23_13	TILD175MA	saturation_sd	0.0427044492341609	0.04270444923416091	1.3877787807814457e-17	3.249728788613691e-16
TILD175MA_150_23_13	TILD175MA	rgb_r_hist_0	0.0	0.0	0.0	0.0
TILD175MA_150_23_13	TILD175MA	rgb_r_hist_1	0.0001291322314049	0.00012913223140495868	5.868244258577793e-17	4.5443683538447076e-13
TILD175MA_150_23_13	TILD175MA	rgb_r_hist_2	0.0001291322314049	0.00012913223140495868	5.868244258577793e-17	4.5443683538447076e-13
TILD175MA_150_23_13	TILD175MA	rgb_r_hist_3	0.0010330578512396	0.0010330578512396695	6.938893903907228e-17	6.716849298982648e-14
TILD175MA_150_23_13	TILD175MA	rgb_r_hist_4	0.0006456611570247	0.0006456611570247934	9.345822726825048e-17	1.4474810239308728e-13
TILD175MA_150_23_13	TILD175MA	rgb_r_hist_5	0.0033574380165289	0.0033574380165289257	2.5587171270657905e-17	7.62104055076832e-15
TILD175MA_150_23_13	TILD175MA	rgb_r_hist_6	0.0056818181818181	0.005681818181818182	8.239936510889834e-17	1.450228825916632e-14
TILD175MA_150_23_13	TILD175MA	rgb_r_hist_7	0.9890237603305784	0.9890237603305785	1.1102230246251565e-16	1.1225443403443286e-16
TILD175MA_150_23_13	TILD175MA	rgb_g_hist_0	0.0001291322314049	0.00012913223140495868	5.868244258577793e-17	4.5443683538447076e-13
TILD175MA_150_23_13	TILD175MA	rgb_g_hist_1	0.0010330578512396	0.0010330578512396695	6.938893903907228e-17	6.716849298982648e-14
TILD175MA_150_23_13	TILD175MA	rgb_g_hist_2	0.0014204545454545	0.0014204545454545455	4.5536491244391186e-17	3.2057689836052424e-14
TILD175MA_150_23_13	TILD175MA	rgb_g_hist_3	0.003099173553719	0.0030991735537190084	8.239936510889834e-18	2.658752847513793e-15
TILD175MA_150_23_13	TILD175MA	rgb_g_hist_4	0.0034865702479338	0.0034865702479338844	8.456776945386935e-17	2.4255289135214077e-14
TILD175MA_150_23_13	TILD175MA	rgb_g_hist_5	0.0045196280991735	0.004519628099173553	5.377642775528102e-17	1.1898418758197178e-14
TILD175MA_150_23_13	TILD175MA	rgb_g_hist_6	0.0069731404958677	0.006973140495867769	6.852157730108388e-17	9.826501752214793e-15
TILD175MA_150_23_13	TILD175MA	rgb_g_hist_7	0.9793388429752066	0.9793388429752066	0.0	0.0
TILD175MA_150_23_13	TILD175MA	rgb_b_hist_0	0.0	0.0	0.0	0.0
TILD175MA_150_23_13	TILD175MA	rgb_b_hist_1	0.0	0.0	0.0	0.0
TILD175MA_150_23_13	TILD175MA	rgb_b_hist_2	0.0010330578512396	0.0010330578512396695	6.938893903907228e-17	6.716849298982648e-14
TILD175MA_150_23_13	TILD175MA	rgb_b_hist_3	0.0016787190082644	0.0016787190082644629	6.288372600415926e-17	3.745935185970981e-14
TILD175MA_150_23_13	TILD175MA	rgb_b_hist_4	0.0032283057851239	0.003228305785123967	6.722053469410127e-17	2.0822232826845244e-14
TILD175MA_150_23_13	TILD175MA	rgb_b_hist_5	0.0043904958677685	0.004390495867768595	9.540979117872439e-17	2.1730983026119345e-14
TILD175MA_150_23_13	TILD175MA	rgb_b_hist_6	0.0069731404958677	0.006973140495867769	6.852157730108388e-17	9.826501752214793e-15
TILD175MA_150_23_13	TILD175MA	rgb_b_hist_7	0.9826962809917356	0.9826962809917356	0.0	0.0
TILD175MA_150_12_13	TILD175MA	rgb_r_mean	0.8242394276937437	0.8242394276937437	0.0	0.0
TILD175MA_150_12_13	TILD175MA	rgb_r_sd	0.1826209661630534	0.18262096616305348	8.326672684688674e-17	4.559538184270798e-16
TILD175MA_150_12_13	TILD175MA	rgb_g_mean	0.7172309751417849	0.7172309751417849	0.0	0.0
TILD175MA_150_12_13	TILD175MA	rgb_g_sd	0.2762577219717194	0.2762577219717194	0.0	0.0
TILD175MA_150_12_13	TILD175MA	rgb_b_mean	0.7830364208904392	0.7830364208904392	0.0	0.0
TILD175MA_150_12_13	TILD175MA	rgb_b_sd	0.2022863388972426	0.20228633889724262	2.7755575615628914e-17	1.3720934279070714e-16
TILD175MA_150_12_13	TILD175MA	hed_hematoxylin_mean	0.0164693355853236	0.016469335585323645	4.5102810375396984e-17	2.7385931959264753e-15
TILD175MA_150_12_13	TILD175MA	hed_hematoxylin_sd	0.0245861067773877	0.024586106777387755	5.551115123125783e-17	2.257826004494232e-15
TILD175MA_150_12_13	TILD175MA	hed_eosin_mean	0.0102177725415531	0.010217772541553155	5.551115123125783e-17	5.432803578814071e-15
TILD175MA_150_12_13	TILD175MA	hed_eosin_sd	0.0124593750450691	0.01245937504506913	3.122502256758253e-17	2.5061467733841183e-15
TILD175MA_150_12_13	TILD175MA	hed_dab_mean	0.0191038049603001	0.01910380496030015	5.204170427930421e-17	2.724153873401286e-15
TILD175MA_150_12_13	TILD175MA	hed_dab_sd	0.0196837851182282	0.019683785118228284	8.326672684688674e-17	4.2302192564466404e-15
TILD175MA_150_12_13	TILD175MA	brightness_mean	0.830795236898394	0.830795236898394	0.0	0.0
TILD175MA_150_12_13	TILD175MA	brightness_sd	0.1775773738337999	0.1775773738337999	0.0	0.0
TILD175MA_150_12_13	TILD175MA	saturation_mean	0.1764134813782181	0.17641348137821816	5.551115123125783e-17	3.146650176482024e-16
TILD175MA_150_12_13	TILD175MA	saturation_sd	0.1921262571262399	0.19212625712623999	8.326672684688674e-17	4.3339587254945005e-16
TILD175MA_150_12_13	TILD175MA	rgb_r_hist_0	0.0	0.0	0.0	0.0
TILD175MA_150_12_13	TILD175MA	rgb_r_hist_1	0.0040858018386108	0.0040858018386108275	2.7755575615628914e-17	6.793177131925222e-15
TILD175MA_150_12_13	TILD175MA	rgb_r_hist_2	0.0228549540347293	0.022854954034729317	1.734723475976807e-17	7.5901420468437785e-16
TILD175MA_150_12_13	TILD175MA	rgb_r_hist_3	0.063585291113381	0.063585291113381	0.0	0.0
TILD175MA_150_12_13	TILD175MA	rgb_r_hist_4	0.0777579162410623	0.0777579162410623	0.0	0.0
TILD175MA_150_12_13	TILD175MA	rgb_r_hist_5	0.0994637385086823	0.09946373850868233	2.7755575615628914e-17	2.790522056760022e-16
TILD175MA_150_12_13	TILD175MA	rgb_r_hist_6	0.1459397344228805	0.1459397344228805	0.0	0.0
TILD175MA_150_12_13	TILD175MA	rgb_r_hist_7	0.5863125638406538	0.5863125638406538	0.0	0.0
TILD175MA_150_12_13	TILD175MA	rgb_g_hist_0	0.003702757916241	0.0037027579162410623	6.245004513516506e-17	1.6865819086159344e-14
TILD175MA_150_12_13	TILD175MA	rgb_g_hist_1	0.0541368743615934	0.054136874361593465	6.245004513516506e-17	1.1535583808929559e-15
TILD175MA_150_12_13	TILD175MA	rgb_g_hist_2	0.1163176710929519	0.11631767109295199	9.71445146547012e-17	8.351655749457963e-16
TILD175MA_150_12_13	TILD175MA	rgb_g_hist_3	0.1210418794688457	0.12104187946884576	5.551115123125783e-17	4.586111143915733e-16
TILD175MA_150_12_13	TILD175MA	rgb_g_hist_4	0.0877170582226762	0.0877170582226762	0.0	0.0
TILD175MA_150_12_13	TILD175MA	rgb_g_hist_5	0.0573289070480081	0.05732890704800817	6.938893903907228e-17	1.2103656359777611e-15
TILD175MA_150_12_13	TILD175MA	rgb_g_hist_6	0.0365168539325842	0.03651685393258427	6.938893903907228e-17	1.9001894075315216e-15
TILD175MA_150_12_13	TILD175MA	rgb_g_hist_7	0.5232379979570991	0.5232379979570991	0.0	0.0
TILD175MA_150_12_13	TILD175MA	rgb_b_hist_0	0.0	0.0	0.0	0.0
TILD175MA_150_12_13	TILD175MA	rgb_b_hist_1	0.0026813074565883	0.0026813074565883556	5.551115123125783e-17	2.0703016021105727e-14
TILD175MA_150_12_13	TILD175MA	rgb_b_hist_2	0.0162155260469867	0.01621552604698672	2.0816681711721685e-17	1.2837500091827121e-15
TILD175MA_150_12_13	TILD175MA	rgb_b_hist_3	0.1054647599591419	0.10546475995914198	8.326672684688674e-17	7.895217974150333e-16
TILD175MA_150_12_13	TILD175MA	rgb_b_hist_4	0.1593462717058222	0.15934627170582227	8.326672684688674e-17	5.225520870711677e-16
TILD175MA_150_12_13	TILD175MA	rgb_b_hist_5	0.1128702757916241	0.1128702757916241	0.0	0.0
TILD175MA_150_12_13	TILD175MA	rgb_b_hist_6	0.0669050051072523	0.0669050051072523	0.0	0.0
TILD175MA_150_12_13	TILD175MA	rgb_b_hist_7	0.5365168539325843	0.5365168539325843	0.0	0.0
VUHD069_150_5_10	VUHD069	rgb_r_mean	0.885739755907196	0.885739755907196	0.0	0.0
VUHD069_150_5_10	VUHD069	rgb_r_sd	0.1405108237462225	0.1405108237462225	0.0	0.0
VUHD069_150_5_10	VUHD069	rgb_g_mean	0.8433788129242045	0.8433788129242045	0.0	0.0
VUHD069_150_5_10	VUHD069	rgb_g_sd	0.2147518246076612	0.21475182460766123	2.7755575615628914e-17	1.292448884489652e-16
VUHD069_150_5_10	VUHD069	rgb_b_mean	0.8622088254052253	0.8622088254052253	0.0	0.0
VUHD069_150_5_10	VUHD069	rgb_b_sd	0.1640686196477742	0.1640686196477742	0.0	0.0
VUHD069_150_5_10	VUHD069	hed_hematoxylin_mean	0.0106300071954017	0.010630007195401744	4.336808689942018e-17	4.079779637231123e-15
VUHD069_150_5_10	VUHD069	hed_hematoxylin_sd	0.0204084998692491	0.02040849986924911	1.0408340855860843e-17	5.100002901998598e-16
VUHD069_150_5_10	VUHD069	hed_eosin_mean	0.0038131419653345	0.0038131419653345527	5.2475385148298415e-17	1.3761718190761124e-14
VUHD069_150_5_10	VUHD069	hed_eosin_sd	0.0089904131380277	0.008990413138027788	8.847089727481716e-17	9.84058195285848e-15
VUHD069_150_5_10	VUHD069	hed_dab_mean	0.011940789467339	0.011940789467339036	3.642919299551295e-17	3.050819470115922e-15
VUHD069_150_5_10	VUHD069	hed_dab_sd	0.0170776710913323	0.01707767109133232	2.0816681711721685e-17	1.2189414821489979e-15
VUHD069_150_5_10	VUHD069	brightness_mean	0.8914079010844508	0.8914079010844508	0.0	0.0
VUHD069_150_5_10	VUHD069	brightness_sd	0.1332691320385948	0.13326913203859486	5.551115123125783e-17	4.1653419949626273e-16
VUHD069_150_5_10	VUHD069	saturation_mean	0.0813609287367646	0.08136092873676469	8.326672684688674e-17	1.0234239965019102e-15
VUHD069_150_5_10	VUHD069	saturation_sd	0.1530675866214075	0.15306758662140757	8.326672684688674e-17	5.439866707563374e-16
VUHD069_150_5_10	VUHD069	rgb_r_hist_0	0.0002582644628099	0.00025826446280991736	1.734723475976807e-17	6.716849298982648e-14
VUHD069_150_5_10	VUHD069	rgb_r_hist_1	0.0064566115702479	0.006456611570247934	3.382710778154774e-17	5.239142453206141e-15
VUHD069_150_5_10	VUHD069	rgb_r_hist_2	0.0170454545454545	0.017045454545454544	4.5102810375396984e-17	2.646031542023297e-15
VUHD069_150_5_10	VUHD069	rgb_r_hist_3	0.0180785123966942	0.018078512396694214	1.3877787807814457e-17	7.676399198836803e-16
VUHD069_150_5_10	VUHD069	rgb_r_hist_4	0.0240185950413223	0.024018595041322314	1.3877787807814457e-17	5.777934880844904e-16
VUHD069_150_5_10	VUHD069	rgb_r_hist_5	0.0568181818181818	0.056818181818181816	1.3877787807814457e-17	2.442490654175345e-16
VUHD069_150_5_10	VUHD069	rgb_r_hist_6	0.0473915289256198	0.04739152892561983	3.469446951953614e-17	7.320816674640003e-16
VUHD069_150_5_10	VUHD069	rgb_r_hist_7	0.8299328512396694	0.8299328512396694	0.0	0.0
VUHD069_150_5_10	VUHD069	rgb_g_hist_0	0.0021952479338842	0.0021952479338842976	9.75781955236954e-17	4.44497380079724e-14
VUHD069_150_5_10	VUHD069	rgb_g_hist_1	0.0300878099173553	0.030087809917355372	7.28583859910259e-17	2.4215250691609697e-15
VUHD069_150_5_10	VUHD069	rgb_g_hist_2	0.0440340909090909	0.04403409090909091	1.3877787807814457e-17	3.151600844097219e-16
VUHD069_150_5_10	VUHD069	rgb_g_hist_3	0.0595299586776859	0.05952995867768595	4.85722573273506e-17	8.159296328481635e-16
VUHD069_150_5_10	VUHD069	rgb_g_hist_4	0.0228564049586776	0.022856404958677686	8.673617379884035e-17	3.794830112419335e-15
VUHD069_150_5_10	VUHD069	rgb_g_hist_5	0.0126549586776859	0.01265495867768595	5.0306980803327406e-17	3.9752781565405e-15
VUHD069_150_5_10	VUHD069	rgb_g_hist_6	0.0192407024793388	0.01924070247933884	4.163336342344337e-17	2.163817223833196e-15
VUHD069_150_5_10	VUHD069	rgb_g_hist_7	0.809400826446281	0.809400826446281	0.0	0.0
VUHD069_150_5_10	VUHD069	rgb_b_hist_0	0.0	0.0	0.0	0.0
VUHD069_150_5_10	VUHD069	rgb_b_hist_1	0.0005165289256198	0.0005165289256198347	3.469446951953614e-17	6.716849298982648e-14
VUHD069_150_5_10	VUHD069	rgb_b_hist_2	0.0197572314049586	0.019757231404958678	7.632783294297951e-17	3.8632858713100365e-15
VUHD069_150_5_10	VUHD069	rgb_b_hist_3	0.056172520661157	0.05617252066115702	2.0816681711721685e-17	3.7058478890936275e-16
VUHD069_150_5_10	VUHD069	rgb_b_hist_4	0.062370867768595	0.06237086776859504	4.163336342344337e-17	6.675129738118958e-16
VUHD069_150_5_10	VUHD069	rgb_b_hist_5	0.0255681818181818	0.02556818181818182	2.0816681711721685e-17	8.141635513917821e-16
VUHD069_150_5_10	VUHD069	rgb_b_hist_6	0.0196280991735537	0.01962809917355372	2.0816681711721685e-17	1.0605551524708744e-15
VUHD069_150_5_10	VUHD069	rgb_b_hist_7	0.8159865702479339	0.8159865702479339	0.0	0.0
VUHD069_150_12_11	VUHD069	rgb_r_mean	0.8437601471257009	0.8437601471257009	0.0	0.0
VUHD069_150_12_11	VUHD069	rgb_r_sd	0.1467154544868246	0.14671545448682463	2.7755575615628914e-17	1.8917963150311087e-16
VUHD069_150_12_11	VUHD069	rgb_g_mean	0.7476646922675244	0.7476646922675244	0.0	0.0
VUHD069_150_12_11	VUHD069	rgb_g_sd	0.235448204114582	0.23544820411458206	5.551115123125783e-17	2.357679959378372e-16
VUHD069_150_12_11	VUHD069	rgb_b_mean	0.7941146526025252	0.7941146526025252	0.0	0.0
VUHD069_150_12_11	VUHD069	rgb_b_sd	0.1751824143719599	0.17518241437195992	2.7755575615628914e-17	1.5843813841209131e-16
VUHD069_150_12_11	VUHD069	hed_hematoxylin_mean	0.013080320583334	0.013080320583334092	9.194034422677078e-17	7.028906030324251e-15
VUHD069_150_12_11	VUHD069	hed_hematoxylin_sd	0.0194738318000365	0.019473831800036517	1.734723475976807e-17	8.907971958418352e-16
VUHD069_150_12_11	VUHD069	hed_eosin_mean	0.0078350506611502	0.007835050661150242	4.163336342344337e-17	5.313732510994577e-15
VUHD069_150_12_11	VUHD069	hed_eosin_sd	0.0106066253306042	0.010606625330604212	1.214306433183765e-17	1.1448565357352853e-15
VUHD069_150_12_11	VUHD069	hed_dab_mean	0.0184609080136262	0.01846090801362624	4.163336342344337e-17	2.25521753278405e-15
VUHD069_150_12_11	VUHD069	hed_dab_sd	0.0180774450084946	0.018077445008494664	6.591949208711867e-17	3.646504915719178e-15
VUHD069_150_12_11	VUHD069	brightness_mean	0.8510905560163117	0.8510905560163117	0.0	0.0
VUHD069_150_12_11	VUHD069	brightness_sd	0.142786747908541	0.142786747908541	0.0	0.0
VUHD069_150_12_11	VUHD069	saturation_mean	0.1523101683842794	0.15231016838427944	2.7755575615628914e-17	1.8223061473874442e-16
VUHD069_150_12_11	VUHD069	saturation_sd	0.1678662572297111	0.16786625722971113	2.7755575615628914e-17	1.6534338749000464e-16
VUHD069_150_12_11	VUHD069	rgb_r_hist_0	0.0	0.0	0.0	0.0
VUHD069_150_12_11	VUHD069	rgb_r_hist_1	0.0011491317671092	0.0011491317671092952	9.519295074422729e-17	8.283902113653888e-14
VUHD069_150_12_11	VUHD069	rgb_r_hist_2	0.0176200204290091	0.017620020429009193	9.367506770274758e-17	5.3163994945501665e-15
VUHD069_150_12_11	VUHD069	rgb_r_hist_3	0.0338355464759959	0.03383554647599592	2.0816681711721685e-17	6.152311364762428e-16
VUHD069_150_12_11	VUHD069	rgb_r_hist_4	0.0395812053115423	0.03958120531154239	9.020562075079397e-17	2.2790013603878063e-15
VUHD069_150_12_11	VUHD069	rgb_r_hist_5	0.0969101123595505	0.09691011235955056	6.938893903907228e-17	7.160133999394131e-16
VUHD069_150_12_11	VUHD069	rgb_r_hist_6	0.2035240040858018	0.20352400408580185	5.551115123125783e-17	2.72749897392228e-16
VUHD069_150_12_11	VUHD069	rgb_r_hist_7	0.6073799795709908	0.6073799795709908	0.0	0.0
VUHD069_150_12_11	VUHD069	rgb_g_hist_0	0.0008937691521961	0.0008937691521961185	1.8539857149502126e-17	2.074345159927195e-14
VUHD069_150_12_11	VUHD069	rgb_g_hist_1	0.0310265577119509	0.03102655771195097	6.938893903907228e-17	2.2364369158601454e-15
VUHD069_150_12_11	VUHD069	rgb_g_hist_2	0.0589887640449438	0.05898876404494382	2.0816681711721685e-17	3.5289231854156774e-16
VUHD069_150_12_11	VUHD069	rgb_g_hist_3	0.1151685393258427	0.1151685393258427	0.0	0.0
VUHD069_150_12_11	VUHD069	rgb_g_hist_4	0.1158069458631256	0.11580694586312563	4.163336342344337e-17	3.5950661778655857e-16
VUHD069_150_12_11	VUHD069	rgb_g_hist_5	0.0711184882533197	0.07111848825331972	1.3877787807814457e-17	1.9513614741616307e-16
VUHD069_150_12_11	VUHD069	rgb_g_hist_6	0.0799284984678243	0.07992849846782431	1.3877787807814457e-17	1.7362753052843906e-16
VUHD069_150_12_11	VUHD069	rgb_g_hist_7	0.5270684371807968	0.5270684371807968	0.0	0.0
VUHD069_150_12_11	VUHD069	rgb_b_hist_0	0.0	0.0	0.0	0.0
VUHD069_150_12_11	VUHD069	rgb_b_hist_1	0.0005107252298263	0.0005107252298263534	5.345116710353537e-17	1.0465738518873321e-13
VUHD069_150_12_11	VUHD069	rgb_b_hist_2	0.0136618998978549	0.013661899897854953	5.377642775528102e-17	3.9362334783118004e-15
VUHD069_150_12_11	VUHD069	rgb_b_hist_3	0.0681818181818181	0.06818181818181818	8.326672684688674e-17	1.2212453270876738e-15
VUHD069_150_12_11	VUHD069	rgb_b_hist_4	0.1436414708886619	0.1436414708886619	0.0	0.0
VUHD069_150_12_11	VUHD069	rgb_b_hist_5	0.1234678243105209	0.12346782431052095	4.163336342344337e-17	3.3720010582462107e-16
VUHD069_150_12_11	VUHD069	rgb_b_hist_6	0.1040602655771195	0.1040602655771195	0.0	0.0
VUHD069_150_12_11	VUHD069	rgb_b_hist_7	0.5464759959141982	0.5464759959141982	0.0	0.0
VUHD069_150_15_16	VUHD069	rgb_r_mean	0.9339638063376232	0.9339638063376231	1.1102230246251565e-16	1.1887216796748294e-16
VUHD069_150_15_16	VUHD069	rgb_r_sd	0.0406031588003397	0.0406031588003397	0.0	0.0
VUHD069_150_15_16	VUHD069	rgb_g_mean	0.924087976086269	0.924087976086269	0.0	0.0
VUHD069_150_15_16	VUHD069	rgb_g_sd	0.0785267806018241	0.07852678060182412	2.7755575615628914e-17	3.5345362948680697e-16
VUHD069_150_15_16	VUHD069	rgb_b_mean	0.9216714313423092	0.9216714313423092	0.0	0.0
VUHD069_150_15_16	VUHD069	rgb_b_sd	0.0600106331898424	0.06001063318984243	2.7755575615628914e-17	4.625109608129733e-16
VUHD069_150_15_16	VUHD069	hed_hematoxylin_mean	0.0054351723287955	0.00543517232879552	1.9949319973733282e-17	3.67041167545727e-15
VUHD069_150_15_16	VUHD069	hed_hematoxylin_sd	0.0044933845888163	0.0044933845888163425	4.2500725161431774e-17	9.458510466077824e-15
VUHD069_150_15_16	VUHD069	hed_eosin_mean	0.000737371476575	0.000737371476575093	9.302454639925628e-17	1.2615696342275658e-13
VUHD069_150_15_16	VUHD069	hed_eosin_sd	0.0036067779425133	0.0036067779425133315	3.165870343657673e-17	8.777558236511808e-15
VUHD069_150_15_16	VUHD069	hed_dab_mean	0.0059987567796538	0.005998756779653813	1.3010426069826053e-17	2.168853738820348e-15
VUHD069_150_15_16	VUHD069	hed_dab_sd	0.0065815035586544	0.006581503558654449	4.85722573273506e-17	7.380115636871474e-15
VUHD069_150_15_16	VUHD069	brightness_mean	0.9378033377969068	0.9378033377969068	0.0	0.0
VUHD069_150_15_16	VUHD069	brightness_sd	0.0395834189673886	0.03958341896738866	5.551115123125783e-17	1.4023839445751649e-15
VUHD069_150_15_16	VUHD069	saturation_mean	0.0255358933340296	0.025535893334029627	2.7755575615628914e-17	1.0869240113343255e-15
VUHD069_150_15_16	VUHD069	saturation_sd	0.0606227112672553	0.060622711267255394	9.71445146547012e-17	1.6024442428257537e-15
VUHD069_150_15_16	VUHD069	rgb_r_hist_0	0.0	0.0	0.0	0.0
VUHD069_150_15_16	VUHD069	rgb_r_hist_1	0.0	0.0	0.0	0.0
VUHD069_150_15_16	VUHD069	rgb_r_hist_2	0.0005165289256198	0.0005165289256198347	3.469446951953614e-17	6.716849298982648e-14
VUHD069_150_15_16	VUHD069	rgb_r_hist_3	0.0015495867768595	0.0015495867768595042	4.119968255444917e-18	2.658752847513793e-15
VUHD069_150_15_16	VUHD069	rgb_r_hist_4	0.0021952479338842	0.0021952479338842976	9.75781955236954e-17	4.44497380079724e-14
VUHD069_150_15_16	VUHD069	rgb_r_hist_5	0.0074896694214876	0.0074896694214876035	3.469446951953614e-18	4.632309861367035e-16
VUHD069_150_15_16	VUHD069	rgb_r_hist_6	0.0121384297520661	0.012138429752066115	1.5612511283791264e-17	1.2862051849114862e-15
VUHD069_150_15_16	VUHD069	rgb_r_hist_7	0.9761105371900828	0.9761105371900827	1.1102230246251565e-16	1.1373947747978847e-16
VUHD069_150_15_16	VUHD069	rgb_g_hist_0	0.0	0.0	0.0	0.0
VUHD069_150_15_16	VUHD069	rgb_g_hist_1	0.0010330578512396	0.0010330578512396695	6.938893903907228e-17	6.716849298982648e-14
VUHD069_150_15_16	VUHD069	rgb_g_hist_2	0.0046487603305785	0.0046487603305785125	1.214306433183765e-17	2.6121080607153057e-15
VUHD069_150_15_16	VUHD069	rgb_g_hist_3	0.0073605371900826	0.007360537190082644	4.423544863740858e-17	6.0098125306683175e-15
VUHD069_150_15_16	VUHD069	rgb_g_hist_4	0.0058109504132231	0.00581095041322314	3.9898639947466563e-17	6.866112616737405e-15
VUHD069_150_15_16	VUHD069	rgb_g_hist_5	0.0148502066115702	0.014850206611570249	4.85722573273506e-17	3.2708135716782978e-15
VUHD069_150_15_16	VUHD069	rgb_g_hist_6	0.0286673553719008	0.028667355371900828	2.7755575615628914e-17	9.681944935469843e-16
VUHD069_150_15_16	VUHD069	rgb_g_hist_7	0.937629132231405	0.937629132231405	0.0	0.0
VUHD069_150_15_16	VUHD069	rgb_b_hist_0	0.0	0.0	0.0	0.0
VUHD069_150_15_16	VUHD069	rgb_b_hist_1	0.0	0.0	0.0	0.0
VUHD069_150_15_16	VUHD069	rgb_b_hist_2	0.0006456611570247	0.0006456611570247934	9.345822726825048e-17	1.4474810239308728e-13
VUHD069_150_15_16	VUHD069	rgb_b_hist_3	0.0047778925619834	0.004777892561983471	7.112366251504909e-17	1.4885990338285092e-14
VUHD069_150_15_16	VUHD069	rgb_b_hist_4	0.0081353305785123	0.008135330578512397	9.71445146547012e-17	1.1941065420412937e-14
VUHD069_150_15_16	VUHD069	rgb_b_hist_5	0.0112345041322314	0.011234504132231406	5.204170427930421e-18	4.632309861367035e-16
VUHD069_150_15_16	VUHD069	rgb_b_hist_6	0.031120867768595	0.031120867768595042	4.163336342344337e-17	1.3377957110006053e-15
VUHD069_150_15_16	VUHD069	rgb_b_hist_7	0.9440857438016528	0.9440857438016529	1.1102230246251565e-16	1.1759768981941204e-16
VUHD069_150_13_10	VUHD069	rgb_r_mean	0.7866001364867364	0.7866001364867364	0.0	0.0
VUHD069_150_13_10	VUHD069	rgb_r_sd	0.1437755900234211	0.1437755900234211	0.0	0.0
VUHD069_150_13_10	VUHD069	rgb_g_mean	0.6575717175723831	0.6575717175723831	0.0	0.0
VUHD069_150_13_10	VUHD069	rgb_g_sd	0.2174446997291053	0.21744469972910532	2.7755575615628914e-17	1.2764429599896928e-16
VUHD069_150_13_10	VUHD069	rgb_b_mean	0.7161471126350951	0.7161471126350951	0.0	0.0
VUHD069_150_13_10	VUHD069	rgb_b_sd	0.1642716528899008	0.16427165288990084	2.7755575615628914e-17	1.6896144360482834e-16
VUHD069_150_13_10	VUHD069	hed_hematoxylin_mean	0.0178561394461557	0.01785613944615574	4.163336342344337e-17	2.331599366648469e-15
VUHD069_150_13_10	VUHD069	hed_hematoxylin_sd	0.0207405311982699	0.020740531198269924	2.42861286636753e-17	1.170950176324373e-15
VUHD069_150_13_10	VUHD069	hed_eosin_mean	0.0101083557815721	0.010108355781572145	4.5102810375396984e-17	4.461933409350415e-15
VUHD069_150_13_10	VUHD069	hed_eosin_sd	0.011222490434885	0.011222490434885081	8.153200337090993e-17	7.265054387346014e-15
VUHD069_150_13_10	VUHD069	hed_dab_mean	0.0261292166989411	0.026129216698941193	9.367506770274758e-17	3.585069877220767e-15
VUHD069_150_13_10	VUHD069	hed_dab_sd	0.0184434058650417	0.018443405865041795	9.367506770274758e-17	5.07905472493574e-15
VUHD069_150_13_10	VUHD069	brightness_mean	0.7928364634694731	0.7928364634694731	0.0	0.0
VUHD069_150_13_10	VUHD069	brightness_sd	0.1394865035574978	0.1394865035574978	0.0	0.0
VUHD069_150_13_10	VUHD069	saturation_mean	0.1947439758876513	0.19474397588765138	8.326672684688674e-17	4.2757023146597204e-16
VUHD069_150_13_10	VUHD069	saturation_sd	0.1736280967044474	0.17362809670444743	2.7755575615628914e-17	1.598564756651967e-16
VUHD069_150_13_10	VUHD069	rgb_r_hist_0	0.0	0.0	0.0	0.0
VUHD069_150_13_10	VUHD069	rgb_r_hist_1	0.0020661157024793	0.002066115702479339	3.903127820947816e-17	1.8891138653387786e-14
VUHD069_150_13_10	VUHD069	rgb_r_hist_2	0.0223398760330578	0.02233987603305785	4.85722573273506e-17	2.174240235508693e-15
VUHD069_150_13_10	VUHD069	rgb_r_hist_3	0.0356404958677685	0.035640495867768594	9.71445146547012e-17	2.7256779763985803e-15
VUHD069_150_13_10	VUHD069	rgb_r_hist_4	0.056172520661157	0.05617252066115702	2.0816681711721685e-17	3.7058478890936275e-16
VUHD069_150_13_10	VUHD069	rgb_r_hist_5	0.1913739669421487	0.19137396694214875	5.551115123125783e-17	2.9006636648776027e-16
VUHD069_150_13_10	VUHD069	rgb_r_hist_6	0.3987603305785124	0.3987603305785124	0.0	0.0
VUHD069_150_13_10	VUHD069	rgb_r_hist_7	0.293646694214876	0.29364669421487605	5.551115123125783e-17	1.8904061351576987e-16
VUHD069_150_13_10	VUHD069	rgb_g_hist_0	0.0006456611570247	0.0006456611570247934	9.345822726825048e-17	1.4474810239308728e-13
VUHD069_150_13_10	VUHD069	rgb_g_hist_1	0.034220041322314	0.03422004132231405	4.85722573273506e-17	1.4194096631811455e-15
VUHD069_150_13_10	VUHD069	rgb_g_hist_2	0.0813533057851239	0.08135330578512397	6.938893903907228e-17	8.529332443152003e-16
VUHD069_150_13_10	VUHD069	rgb_g_hist_3	0.1751033057851239	0.17510330578512398	8.326672684688674e-17	4.755291539102442e-16
VUHD069_150_13_10	VUHD069	rgb_g_hist_4	0.1455320247933884	0.14553202479338842	2.7755575615628914e-17	1.9071799251768445e-16
VUHD069_150_13_10	VUHD069	rgb_g_hist_5	0.1264204545454545	0.12642045454545456	5.551115123125783e-17	4.3909944344725306e-16
VUHD069_150_13_10	VUHD069	rgb_g_hist_6	0.2399276859504132	0.23992768595041322	2.7755575615628914e-17	1.1568308803413905e-16
VUHD069_150_13_10	VUHD069	rgb_g_hist_7	0.196797520661157	0.19679752066115702	2.7755575615628914e-17	1.4103620575290705e-16
VUHD069_150_13_10	VUHD069	rgb_b_hist_0	0.0	0.0	0.0	0.0
VUHD069_150_13_10	VUHD069	rgb_b_hist_1	0.0003873966942148	0.00038739669421487604	7.605678239985814e-17	1.9632790763487234e-13
VUHD069_150_13_10	VUHD069	rgb_b_hist_2	0.0207902892561983	0.020790289256198347	4.85722573273506e-17	2.336295408341639e-15
VUHD069_150_13_10	VUHD069	rgb_b_hist_3	0.1000774793388429	0.10007747933884298	8.326672684688674e-17	8.320226228416664e-16
VUHD069_150_13_10	VUHD069	rgb_b_hist_4	0.1961518595041322	0.19615185950413222	2.7755575615628914e-17	1.415004460615078e-16
VUHD069_150_13_10	VUHD069	rgb_b_hist_5	0.1931818181818181	0.19318181818181818	8.326672684688674e-17	4.3102776250153156e-16
VUHD069_150_13_10	VUHD069	rgb_b_hist_6	0.293517561983471	0.29351756198347106	5.551115123125783e-17	1.8912378140557004e-16
VUHD069_150_13_10	VUHD069	rgb_b_hist_7	0.1958935950413223	0.1958935950413223	0.0	0.0
VUHD095_150_10_8	VUHD095	rgb_r_mean	0.8386053275764065	0.8386053275764065	0.0	0.0
VUHD095_150_10_8	VUHD095	rgb_r_sd	0.1506425519479003	0.1506425519479003	0.0	0.0
VUHD095_150_10_8	VUHD095	rgb_g_mean	0.694057069843458	0.694057069843458	0.0	0.0
VUHD095_150_10_8	VUHD095	rgb_g_sd	0.2543635917144971	0.2543635917144971	0.0	0.0
VUHD095_150_10_8	VUHD095	rgb_b_mean	0.754580014640707	0.754580014640707	0.0	0.0
VUHD095_150_10_8	VUHD095	rgb_b_sd	0.1916618199011451	0.1916618199011451	0.0	0.0
VUHD095_150_10_8	VUHD095	hed_hematoxylin_mean	0.011442712057712	0.011442712057712056	5.551115123125783e-17	4.851223289661054e-15
VUHD095_150_10_8	VUHD095	hed_hematoxylin_sd	0.0197268073990056	0.019726807399005685	8.673617379884035e-17	4.396868284079897e-15
VUHD095_150_10_8	VUHD095	hed_eosin_mean	0.0124005075448444	0.012400507544844473	7.28583859910259e-17	5.875435801925486e-15
VUHD095_150_10_8	VUHD095	hed_eosin_sd	0.01324820999246	0.013248209992460071	7.112366251504909e-17	5.368548849658025e-15
VUHD095_150_10_8	VUHD095	hed_dab_mean	0.0240099716092902	0.024009971609290217	1.734723475976807e-17	7.225012608118157e-16
VUHD095_150_10_8	VUHD095	hed_dab_sd	0.0214216042055569	0.02142160420555697	6.938893903907228e-17	3.2392036736946316e-15
VUHD095_150_10_8	VUHD095	brightness_mean	0.8433565742101242	0.8433565742101242	0.0	0.0
VUHD095_150_10_8	VUHD095	brightness_sd	0.1479507411770815	0.1479507411770815	0.0	0.0
VUHD095_150_10_8	VUHD095	saturation_mean	0.2090624069609033	0.20906240696090334	2.7755575615628914e-17	1.327621547034971e-16
VUHD095_150_10_8	VUHD095	saturation_sd	0.191986011436027	0.19198601143602706	5.551115123125783e-17	2.891416453524015e-16
VUHD095_150_10_8	VUHD095	rgb_r_hist_0	0.0001276813074565	0.00012768130745658836	8.836247705756861e-17	6.920549203153563e-13
VUHD095_150_10_8	VUHD095	rgb_r_hist_1	0.0022982635342185	0.0022982635342185904	9.020562075079397e-17	3.9249467873347004e-14
VUHD095_150_10_8	VUHD095	rgb_r_hist_2	0.0141726251276813	0.014172625127681308	6.938893903907228e-18	4.895983518504634e-16
VUHD095_150_10_8	VUHD095	rgb_r_hist_3	0.0357507660878447	0.03575076608784474	4.163336342344337e-17	1.1645446511871745e-15
VUHD095_150_10_8	VUHD095	rgb_r_hist_4	0.0490296220633299	0.049029622063329927	2.7755575615628914e-17	5.660980943270984e-16
VUHD095_150_10_8	VUHD095	rgb_r_hist_5	0.1076353421859039	0.10763534218590398	8.326672684688674e-17	7.736002427815154e-16
VUHD095_150_10_8	VUHD095	rgb_r_hist_6	0.2248467824310521	0.2248467824310521	0.0	0.0
VUHD095_150_10_8	VUHD095	rgb_r_hist_7	0.5661389172625128	0.5661389172625128	0.0	0.0
VUHD095_150_10_8	VUHD095	rgb_g_hist_0	0.0008937691521961	0.0008937691521961185	1.8539857149502126e-17	2.074345159927195e-14
VUHD095_150_10_8	VUHD095	rgb_g_hist_1	0.0380490296220633	0.03804902962206333	2.7755575615628914e-17	7.294686853074021e-16
VUHD095_150_10_8	VUHD095	rgb_g_hist_2	0.0943564862104188	0.0943564862104188	0.0	0.0
VUHD095_150_10_8	VUHD095	rgb_g_hist_3	0.1630490296220633	0.16304902962206333	2.7755575615628914e-17	1.7022840111323859e-16
VUHD095_150_10_8	VUHD095	rgb_g_hist_4	0.1371297242083758	0.13712972420837588	8.326672684688674e-17	6.072113637475023e-16
VUHD095_150_10_8	VUHD095	rgb_g_hist_5	0.0683094994892747	0.06830949948927477	6.938893903907228e-17	1.0158021879514293e-15
VUHD095_150_10_8	VUHD095	rgb_g_hist_6	0.0587334014300306	0.05873340143003064	4.163336342344337e-17	7.08853265940019e-16
VUHD095_150_10_8	VUHD095	rgb_g_hist_7	0.4394790602655771	0.4394790602655771	0.0	0.0
VUHD095_150_10_8	VUHD095	rgb_b_hist_0	0.0002553626149131	0.0002553626149131767	7.670730370334944e-17	3.003858013024066e-13
VUHD095_150_10_8	VUHD095	rgb_b_hist_1	0.0006384065372829	0.0006384065372829418	4.174178364069192e-17	6.53843298947841e-14
VUHD095_150_10_8	VUHD095	rgb_b_hist_2	0.0218335035750766	0.02183350357507661	6.938893903907228e-18	3.1780945646433586e-16
VUHD095_150_10_8	VUHD095	rgb_b_hist_3	0.0972931562819203	0.09729315628192033	2.7755575615628914e-17	2.852777798183802e-16
VUHD095_150_10_8	VUHD095	rgb_b_hist_4	0.1893513789581205	0.18935137895812054	5.551115123125783e-17	2.9316475822199015e-16
VUHD095_150_10_8	VUHD095	rgb_b_hist_5	0.151046986721144	0.15104698672114403	2.7755575615628914e-17	1.8375458006898198e-16
VUHD095_150_10_8	VUHD095	rgb_b_hist_6	0.0838866189989785	0.08388661899897855	5.551115123125783e-17	6.617402381175214e-16
VUHD095_150_10_8	VUHD095	rgb_b_hist_7	0.4556945863125638	0.4556945863125638	0.0	0.0
VUHD095_150_9_5	VUHD095	rgb_r_mean	0.8895413075681499	0.8895413075681499	0.0	0.0
VUHD095_150_9_5	VUHD095	rgb_r_sd	0.1327650172984767	0.13276501729847678	8.326672684688674e-17	6.271736978702003e-16
VUHD095_150_9_5	VUHD095	rgb_g_mean	0.8309259089835619	0.8309259089835619	0.0	0.0
VUHD095_150_9_5	VUHD095	rgb_g_sd	0.2216039422900757	0.22160394229007577	5.551115123125783e-17	2.5049712860520636e-16
VUHD095_150_9_5	VUHD095	rgb_b_mean	0.8524119939658914	0.8524119939658914	0.0	0.0
VUHD095_150_9_5	VUHD095	rgb_b_sd	0.1705342939022045	0.17053429390220456	5.551115123125783e-17	3.2551312677959976e-16
VUHD095_150_9_5	VUHD095	hed_hematoxylin_mean	0.0090106028070026	0.009010602807002655	5.551115123125783e-17	6.160647896733088e-15
VUHD095_150_9_5	VUHD095	hed_hematoxylin_sd	0.017048053444513	0.017048053444513017	1.734723475976807e-17	1.0175492947760182e-15
VUHD095_150_9_5	VUHD095	hed_eosin_mean	0.0052300122555797	0.005230012255579742	4.2500725161431774e-17	8.126314640293505e-15
VUHD095_150_9_5	VUHD095	hed_eosin_sd	0.0103292841326731	0.010329284132673177	7.806255641895632e-17	7.557402373319615e-15
VUHD095_150_9_5	VUHD095	hed_dab_mean	0.0136418758051299	0.013641875805129954	5.377642775528102e-17	3.942011239763589e-15
VUHD095_150_9_5	VUHD095	hed_dab_sd	0.0189825950342853	0.018982595034285326	2.42861286636753e-17	1.279389283699676e-15
VUHD095_150_9_5	VUHD095	brightness_mean	0.895888029863242	0.895888029863242	0.0	0.0
VUHD095_150_9_5	VUHD095	brightness_sd	0.1303527446402174	0.13035274464021745	5.551115123125783e-17	4.2585333653290115e-16
VUHD095_150_9_5	VUHD095	saturation_mean	0.1021756295650891	0.10217562956508915	4.163336342344337e-17	4.074686263315031e-16
VUHD095_150_9_5	VUHD095	saturation_sd	0.1610939326269213	0.16109393262692137	8.326672684688674e-17	5.168830724352904e-16
VUHD095_150_9_5	VUHD095	rgb_r_hist_0	0.0	0.0	0.0	0.0
VUHD095_150_9_5	VUHD095	rgb_r_hist_1	0.0038739669421487	0.0038739669421487604	6.028164079019405e-17	1.5560700875975666e-14
VUHD095_150_9_5	VUHD095	rgb_r_hist_2	0.0109762396694214	0.010976239669421487	8.673617379884035e-17	7.902175645861471e-15
VUHD095_150_9_5	VUHD095	rgb_r_hist_3	0.0192407024793388	0.01924070247933884	4.163336342344337e-17	2.163817223833196e-15
VUHD095_150_9_5	VUHD095	rgb_r_hist_4	0.0299586776859504	0.029958677685950414	1.3877787807814457e-17	4.632309861367035e-16
VUHD095_150_9_5	VUHD095	rgb_r_hist_5	0.0543646694214876	0.054364669421487606	6.938893903907228e-18	1.2763609119206076e-16
VUHD095_150_9_5	VUHD095	rgb_r_hist_6	0.0817407024793388	0.08174070247933884	4.163336342344337e-17	5.093345439986502e-16
VUHD095_150_9_5	VUHD095	rgb_r_hist_7	0.799845041322314	0.799845041322314	0.0	0.0
VUHD095_150_9_5	VUHD095	rgb_g_hist_0	0.0009039256198347	0.0009039256198347108	1.0733601507606494e-17	1.187443001070081e-14
VUHD095_150_9_5	VUHD095	rgb_g_hist_1	0.028021694214876	0.028021694214876033	3.469446951953614e-17	1.2381289030381945e-15
VUHD095_150_9_5	VUHD095	rgb_g_hist_2	0.0519111570247933	0.05191115702479339	9.020562075079397e-17	1.7376923559555963e-15
VUHD095_150_9_5	VUHD095	rgb_g_hist_3	0.0559142561983471	0.055914256198347105	6.938893903907228e-18	1.2409883231375886e-16
VUHD095_150_9_5	VUHD095	rgb_g_hist_4	0.0455836776859504	0.04558367768595041	1.3877787807814457e-17	3.044464271493348e-16
VUHD095_150_9_5	VUHD095	rgb_g_hist_5	0.0391270661157024	0.03912706611570248	7.632783294297951e-17	1.9507681132357574e-15
VUHD095_150_9_5	VUHD095	rgb_g_hist_6	0.0450671487603305	0.04506714876033058	7.632783294297951e-17	1.6936468146430783e-15
VUHD095_150_9_5	VUHD095	rgb_g_hist_7	0.7334710743801653	0.7334710743801653	0.0	0.0
VUHD095_150_9_5	VUHD095	rgb_b_hist_0	0.0	0.0	0.0	0.0
VUHD095_150_9_5	VUHD095	rgb_b_hist_1	0.0019369834710743	0.0019369834710743802	8.023096076392733e-17	4.1420570677058596e-14
VUHD095_150_9_5	VUHD095	rgb_b_hist_2	0.0206611570247933	0.02066115702479339	9.020562075079397e-17	4.365952044338447e-15
VUHD095_150_9_5	VUHD095	rgb_b_hist_3	0.0553977272727272	0.05539772727272727	6.938893903907228e-17	1.2525593098335116e-15
VUHD095_150_9_5	VUHD095	rgb_b_hist_4	0.0644369834710743	0.06443698347107438	8.326672684688674e-17	1.2922195044134103e-15
VUHD095_150_9_5	VUHD095	rgb_b_hist_5	0.0563016528925619	0.05630165289256198	8.326672684688674e-17	1.478939295188743e-15
VUHD095_150_9_5	VUHD095	rgb_b_hist_6	0.0572055785123966	0.057205578512396695	9.71445146547012e-17	1.698165059787827e-15
VUHD095_150_9_5	VUHD095	rgb_b_hist_7	0.7440599173553719	0.7440599173553719	0.0	0.0
VUHD095_150_15_17	VUHD095	rgb_r_mean	0.9426619165774548	0.9426619165774548	0.0	0.0
VUHD095_150_15_17	VUHD095	rgb_r_sd	0.0417916717763154	0.04179167177631545	4.85722573273506e-17	1.162247291453843e-15
VUHD095_150_15_17	VUHD095	rgb_g_mean	0.9445811081649452	0.9445811081649453	1.1102230246251565e-16	1.1753601835018773e-16
VUHD095_150_15_17	VUHD095	rgb_g_sd	0.0692027115046005	0.06920271150460053	2.7755575615628914e-17	4.010764175589241e-16
VUHD095_150_15_17	VUHD095	rgb_b_mean	0.937287585200234	0.9372875852002339	1.1102230246251565e-16	1.184506273373906e-16
VUHD095_150_15_17	VUHD095	rgb_b_sd	0.0546207464625813	0.05462074646258134	4.163336342344337e-17	7.622261891269627e-16
VUHD095_150_15_17	VUHD095	hed_hematoxylin_mean	0.0050031085652716	0.005003108565271609	8.673617379884035e-18	1.7336456458472187e-15
VUHD095_150_15_17	VUHD095	hed_hematoxylin_sd	0.0047531887400739	0.004753188740073901	8.673617379884035e-19	1.8247996985175855e-16
VUHD095_150_15_17	VUHD095	hed_eosin_mean	0.0003537372058316	0.0003537372058316338	3.382710778154774e-17	9.56277915466191e-14
VUHD095_150_15_17	VUHD095	hed_eosin_sd	0.0030140707602099	0.0030140707602099638	6.375108774214766e-17	2.1151158288569188e-14
VUHD095_150_15_17	VUHD095	hed_dab_mean	0.0046356150572527	0.004635615057252774	7.37257477290143e-17	1.5904199727211153e-14
VUHD095_150_15_17	VUHD095	hed_dab_sd	0.0061131054529207	0.006113105452920734	3.382710778154774e-17	5.533539056713954e-15
VUHD095_150_15_17	VUHD095	brightness_mean	0.9501812268838736	0.9501812268838737	1.1102230246251565e-16	1.1684329191244298e-16
VUHD095_150_15_17	VUHD095	brightness_sd	0.0414799629036549	0.0414799629036549	0.0	0.0
VUHD095_150_15_17	VUHD095	saturation_mean	0.0198756388852471	0.019875638885247154	5.551115123125783e-17	2.792924119408386e-15
VUHD095_150_15_17	VUHD095	saturation_sd	0.0488130731224572	0.0488130731224572	0.0	0.0
VUHD095_150_15_17	VUHD095	rgb_r_hist_0	0.0	0.0	0.0	0.0
VUHD095_150_15_17	VUHD095	rgb_r_hist_1	0.0	0.0	0.0	0.0
VUHD095_150_15_17	VUHD095	rgb_r_hist_2	0.0009469696969696	0.000946969696969697	9.703609443745265e-17	1.024701157259605e-13
VUHD095_150_15_17	VUHD095	rgb_r_hist_3	0.0020833333333333	0.0020833333333333333	3.3393426912553537e-17	1.6028844918025953e-14
VUHD095_150_15_17	VUHD095	rgb_r_hist_4	0.0020833333333333	0.0020833333333333333	3.3393426912553537e-17	1.6028844918025953e-14
VUHD095_150_15_17	VUHD095	rgb_r_hist_5	0.0047348484848484	0.004734848484848485	8.500145032286355e-17	1.7952306308189102e-14
VUHD095_150_15_17	VUHD095	rgb_r_hist_6	0.0096590909090909	0.009659090909090909	8.673617379884035e-18	8.979745052115244e-16
VUHD095_150_15_17	VUHD095	rgb_r_hist_7	0.9804924242424242	0.9804924242424242	0.0	0.0
VUHD095_150_15_17	VUHD095	rgb_g_hist_0	0.0	0.0	0.0	0.0
VUHD095_150_15_17	VUHD095	rgb_g_hist_1	0.0017045454545454	0.0017045454545454545	5.442694905877232e-17	3.193047678114745e-14
VUHD095_150_15_17	VUHD095	rgb_g_hist_2	0.0058712121212121	0.005871212121212121	2.0816681711721685e-17	3.5455509496093837e-15
VUHD095_150_15_17	VUHD095	rgb_g_hist_3	0.0018939393939393	0.001893939393939394	9.389190813724468e-17	4.957492749646765e-14
VUHD095_150_15_17	VUHD095	rgb_g_hist_4	0.0026515151515151	0.0026515151515151517	5.160802341031001e-17	1.9463597400460154e-14
VUHD095_150_15_17	VUHD095	rgb_g_hist_5	0.003030303030303	0.0030303030303030303	3.0357660829594124e-17	1.0018028073766162e-14
VUHD095_150_15_17	VUHD095	rgb_g_hist_6	0.0100378787878787	0.010037878787878788	8.847089727481716e-17	8.813704483227146e-15
VUHD095_150_15_17	VUHD095	rgb_g_hist_7	0.974810606060606	0.9748106060606061	1.1102230246251565e-16	1.1389115154499372e-16
VUHD095_150_15_17	VUHD095	rgb_b_hist_0	0.0	0.0	0.0	0.0
VUHD095_150_15_17	VUHD095	rgb_b_hist_1	0.0	0.0	0.0	0.0
VUHD095_150_15_17	VUHD095	rgb_b_hist_2	0.0022727272727272	0.0022727272727272726	7.24247051220317e-17	3.186687025369496e-14
VUHD095_150_15_17	VUHD095	rgb_b_hist_3	0.0056818181818181	0.005681818181818182	8.239936510889834e-17	1.450228825916632e-14
VUHD095_150_15_17	VUHD095	rgb_b_hist_4	0.0017045454545454	0.0017045454545454545	5.442694905877232e-17	3.193047678114745e-14
VUHD095_150_15_17	VUHD095	rgb_b_hist_5	0.0037878787878787	0.003787878787878788	8.803721640582296e-17	2.32418251311378e-14
VUHD095_150_15_17	VUHD095	rgb_b_hist_6	0.0111742424242424	0.011174242424242425	2.42861286636753e-17	2.1734027007492515e-15
VUHD095_150_15_17	VUHD095	rgb_b_hist_7	0.9753787878787878	0.9753787878787878	0.0	0.0
VUHD095_150_14_11	VUHD095	rgb_r_mean	0.9313264705167608	0.9313264705167607	1.1102230246251565e-16	1.1920879087750317e-16
VUHD095_150_14_11	VUHD095	rgb_r_sd	0.0656998284497314	0.06569982844973149	8.326672684688674e-17	1.2673811912704797e-15
VUHD095_150_14_11	VUHD095	rgb_g_mean	0.9108805337811104	0.9108805337811104	0.0	0.0
VUHD095_150_14_11	VUHD095	rgb_g_sd	0.1304229641687646	0.13042296416876462	2.7755575615628914e-17	2.1281202886719994e-16
VUHD095_150_14_11	VUHD095	rgb_b_mean	0.912674713077424	0.9126747130774239	1.1102230246251565e-16	1.216449857454278e-16
VUHD095_150_14_11	VUHD095	rgb_b_sd	0.0994396675467148	0.09943966754671484	4.163336342344337e-17	4.1867963208831967e-16
VUHD095_150_14_11	VUHD095	hed_hematoxylin_mean	0.0052948875900536	0.005294887590053631	3.122502256758253e-17	5.897202166527286e-15
VUHD095_150_14_11	VUHD095	hed_hematoxylin_sd	0.0060221712223917	0.006022171222391773	7.28583859910259e-17	1.2098358432607011e-14
VUHD095_150_14_11	VUHD095	hed_eosin_mean	0.0017551442753578	0.0017551442753578582	5.811323644522304e-17	3.3110233307387906e-14
VUHD095_150_14_11	VUHD095	hed_eosin_sd	0.0060251684121305	0.006025168412130509	9.540979117872439e-18	1.5835207358957038e-15
VUHD095_150_14_11	VUHD095	hed_dab_mean	0.007269031443262	0.007269031443262073	7.37257477290143e-17	1.0142444465191315e-14
VUHD095_150_14_11	VUHD095	hed_dab_sd	0.0107155318755568	0.01071553187555685	5.0306980803327406e-17	4.694772166940464e-15
VUHD095_150_14_11	VUHD095	brightness_mean	0.9357589974110438	0.9357589974110438	0.0	0.0
VUHD095_150_14_11	VUHD095	brightness_sd	0.0662247068298501	0.06622470682985013	2.7755575615628914e-17	4.1911209493068495e-16
VUHD095_150_14_11	VUHD095	saturation_mean	0.0420741204802915	0.04207412048029157	6.938893903907228e-17	1.6492071194114606e-15
VUHD095_150_14_11	VUHD095	saturation_sd	0.0963395311826194	0.0963395311826194	0.0	0.0
VUHD095_150_14_11	VUHD095	rgb_r_hist_0	0.0	0.0	0.0	0.0
VUHD095_150_14_11	VUHD095	rgb_r_hist_1	0.0001291322314049	0.00012913223140495868	5.868244258577793e-17	4.5443683538447076e-13
VUHD095_150_14_11	VUHD095	rgb_r_hist_2	0.0	0.0	0.0	0.0
VUHD095_150_14_11	VUHD095	rgb_r_hist_3	0.0036157024793388	0.003615702479338843	4.2934406030425976e-17	1.187443001070081e-14
VUHD095_150_14_11	VUHD095	rgb_r_hist_4	0.0089101239669421	0.008910123966942149	4.85722573273506e-17	5.4513559527971756e-15
VUHD095_150_14_11	VUHD095	rgb_r_hist_5	0.0196280991735537	0.01962809917355372	2.0816681711721685e-17	1.0605551524708744e-15
VUHD095_150_14_11	VUHD095	rgb_r_hist_6	0.0464876033057851	0.04648760330578512	2.0816681711721685e-17	4.4778995326548e-16
VUHD095_150_14_11	VUHD095	rgb_r_hist_7	0.9212293388429752	0.9212293388429752	0.0	0.0
VUHD095_150_14_11	VUHD095	rgb_g_hist_0	0.0001291322314049	0.00012913223140495868	5.868244258577793e-17	4.5443683538447076e-13
VUHD095_150_14_11	VUHD095	rgb_g_hist_1	0.0011621900826446	0.0011621900826446281	2.8189256484623115e-17	2.4255289135214077e-14
VUHD095_150_14_11	VUHD095	rgb_g_hist_2	0.0136880165289256	0.01368801652892562	1.9081958235744878e-17	1.3940630620529108e-15
VUHD095_150_14_11	VUHD095	rgb_g_hist_3	0.0322830578512396	0.032283057851239666	6.938893903907228e-17	2.1493917756743077e-15
VUHD095_150_14_11	VUHD095	rgb_g_hist_4	0.012267561983471	0.012267561983471075	7.45931094670027e-17	6.08051620749971e-15
VUHD095_150_14_11	VUHD095	rgb_g_hist_5	0.0161415289256198	0.016141528925619833	3.469446951953614e-17	2.1493917756743077e-15
VUHD095_150_14_11	VUHD095	rgb_g_hist_6	0.0388688016528925	0.03886880165289256	6.245004513516506e-17	1.6066882044077043e-15
VUHD095_150_14_11	VUHD095	rgb_g_hist_7	0.8854597107438017	0.8854597107438017	0.0	0.0
VUHD095_150_14_11	VUHD095	rgb_b_hist_0	0.0	0.0	0.0	0.0
VUHD095_150_14_11	VUHD095	rgb_b_hist_1	0.0001291322314049	0.00012913223140495868	5.868244258577793e-17	4.5443683538447076e-13
VUHD095_150_14_11	VUHD095	rgb_b_hist_2	0.0001291322314049	0.00012913223140495868	5.868244258577793e-17	4.5443683538447076e-13
VUHD095_150_14_11	VUHD095	rgb_b_hist_3	0.0144628099173553	0.014462809917355372	7.28583859910259e-17	5.037636974236673e-15
VUHD095_150_14_11	VUHD095	rgb_b_hist_4	0.0357696280991735	0.035769628099173556	5.551115123125783e-17	1.551907419259427e-15
VUHD095_150_14_11	VUHD095	rgb_b_hist_5	0.015625	0.015625	0.0	0.0
VUHD095_150_14_11	VUHD095	rgb_b_hist_6	0.0406766528925619	0.04067665289256198	8.326672684688674e-17	2.0470397863564833e-15
VUHD095_150_14_11	VUHD095	rgb_b_hist_7	0.8932076446280992	0.8932076446280992	0.0	0.0
VUHD113_150_9_25	VUHD113	rgb_r_mean	0.9242674639282996	0.9242674639282997	1.1102230246251565e-16	1.2011923690427367e-16
VUHD113_150_9_25	VUHD113	rgb_r_sd	0.0892294059753657	0.08922940597536577	6.938893903907228e-17	7.77646542421554e-16
VUHD113_150_9_25	VUHD113	rgb_g_mean	0.8983396463118973	0.8983396463118973	0.0	0.0
VUHD113_150_9_25	VUHD113	rgb_g_sd	0.1581550993839545	0.1581550993839545	0.0	0.0
VUHD113_150_9_25	VUHD113	rgb_b_mean	0.9042895959787246	0.9042895959787246	0.0	0.0
VUHD113_150_9_25	VUHD113	rgb_b_sd	0.120833254163524	0.12083325416352406	5.551115123125783e-17	4.594029318794511e-16
VUHD113_150_9_25	VUHD113	hed_hematoxylin_mean	0.0061546289048608	0.006154628904860871	7.112366251504909e-17	1.1556125253770716e-14
VUHD113_150_9_25	VUHD113	hed_hematoxylin_sd	0.0104522666160804	0.010452266616080449	4.85722573273506e-17	4.647054950992553e-15
VUHD113_150_9_25	VUHD113	hed_eosin_mean	0.0024313998693839	0.0024313998693839757	7.589415207398531e-17	3.1214179547199027e-14
VUHD113_150_9_25	VUHD113	hed_eosin_sd	0.0073054695741685	0.00730546957416858	7.979727989493313e-17	1.0922950138221e-14
VUHD113_150_9_25	VUHD113	hed_dab_mean	0.008187848507072	0.008187848507072078	7.806255641895632e-17	9.533952216083653e-15
VUHD113_150_9_25	VUHD113	hed_dab_sd	0.0131551115845811	0.01315511158458116	6.071532165918825e-17	4.615340680983028e-15
VUHD113_150_9_25	VUHD113	brightness_mean	0.9306259926872764	0.9306259926872764	0.0	0.0
VUHD113_150_9_25	VUHD113	brightness_sd	0.0878896592441032	0.08788965924410322	1.3877787807814457e-17	1.5790012075562303e-16
VUHD113_150_9_25	VUHD113	saturation_mean	0.0544706221907261	0.05447062219072617	6.938893903907228e-17	1.2738782163366972e-15
VUHD113_150_9_25	VUHD113	saturation_sd	0.1152499984513132	0.11524999845131323	2.7755575615628914e-17	2.4082929274271637e-16
VUHD113_150_9_25	VUHD113	rgb_r_hist_0	0.0	0.0	0.0	0.0
VUHD113_150_9_25	VUHD113	rgb_r_hist_1	0.0006384065372829	0.0006384065372829418	4.174178364069192e-17	6.53843298947841e-14
VUHD113_150_9_25	VUHD113	rgb_r_hist_2	0.0045965270684371	0.004596527068437181	8.066464163292153e-17	1.7549040924140347e-14
VUHD113_150_9_25	VUHD113	rgb_r_hist_3	0.0071501532175689	0.007150153217568948	4.85722573273506e-17	6.793177131925222e-15
VUHD113_150_9_25	VUHD113	rgb_r_hist_4	0.0118743615934627	0.011874361593462716	1.5612511283791264e-17	1.3148084771468102e-15
VUHD113_150_9_25	VUHD113	rgb_r_hist_5	0.0277068437180796	0.027706843718079674	7.28583859910259e-17	2.6296169542936237e-15
VUHD113_150_9_25	VUHD113	rgb_r_hist_6	0.0395812053115423	0.03958120531154239	9.020562075079397e-17	2.2790013603878063e-15
VUHD113_150_9_25	VUHD113	rgb_r_hist_7	0.9084525025536262	0.9084525025536262	0.0	0.0
VUHD113_150_9_25	VUHD113	rgb_g_hist_0	0.0002553626149131	0.0002553626149131767	7.670730370334944e-17	3.003858013024066e-13
VUHD113_150_9_25	VUHD113	rgb_g_hist_1	0.0077885597548518	0.00778855975485189	9.020562075079397e-17	1.1581810192134861e-14
VUHD113_150_9_25	VUHD113	rgb_g_hist_2	0.0219611848825331	0.021961184882533197	9.71445146547012e-17	4.423464178928042e-15
VUHD113_150_9_25	VUHD113	rgb_g_hist_3	0.0343462717058222	0.034346271705822266	6.938893903907228e-17	2.0202757269665996e-15
VUHD113_150_9_25	VUHD113	rgb_g_hist_4	0.0215781409601634	0.02157814096016343	3.122502256758253e-17	1.447067318043235e-15
VUHD113_150_9_25	VUHD113	rgb_g_hist_5	0.0154494382022471	0.01544943820224719	9.020562075079397e-17	5.8387638158696075e-15
VUHD113_150_9_25	VUHD113	rgb_g_hist_6	0.0266853932584269	0.026685393258426966	6.591949208711867e-17	2.4702462297909796e-15
VUHD113_150_9_25	VUHD113	rgb_g_hist_7	0.8719356486210419	0.8719356486210419	0.0	0.0
VUHD113_150_9_25	VUHD113	rgb_b_hist_0	0.0	0.0	0.0	0.0
VUHD113_150_9_25	VUHD113	rgb_b_hist_1	0.0001276813074565	0.00012768130745658836	8.836247705756861e-17	6.920549203153563e-13
VUHD113_150_9_25	VUHD113	rgb_b_hist_2	0.0060010214504596	0.006001021450459653	5.2909066017292616e-17	8.816676703137009e-15
VUHD113_150_9_25	VUHD113	rgb_b_hist_3	0.0255362614913176	0.02553626149131767	7.28583859910259e-17	2.853134395408582e-15
VUHD113_150_9_25	VUHD113	rgb_b_hist_4	0.0358784473953013	0.03587844739530133	2.7755575615628914e-17	7.736002427815154e-16
VUHD113_150_9_25	VUHD113	rgb_b_hist_5	0.0223442288049029	0.02234422880490296	6.245004513516506e-17	2.7949071628492236e-15
VUHD113_150_9_25	VUHD113	rgb_b_hist_6	0.0287282941777323	0.02872829417773238	7.979727989493313e-17	2.7776546494983022e-15
VUHD113_150_9_25	VUHD113	rgb_b_hist_7	0.8813840653728294	0.8813840653728294	0.0	0.0
VUHD113_150_12_23	VUHD113	rgb_r_mean	0.8145511705510173	0.8145511705510173	0.0	0.0
VUHD113_150_12_23	VUHD113	rgb_r_sd	0.1950914089643333	0.19509140896433336	5.551115123125783e-17	2.845391887113102e-16
VUHD113_150_12_23	VUHD113	rgb_g_mean	0.7073960089004876	0.7073960089004876	0.0	0.0
VUHD113_150_12_23	VUHD113	rgb_g_sd	0.293800611220721	0.293800611220721	0.0	0.0
VUHD113_150_12_23	VUHD113	rgb_b_mean	0.7566799938933689	0.7566799938933689	0.0	0.0
VUHD113_150_12_23	VUHD113	rgb_b_sd	0.2321824070817197	0.2321824070817197	0.0	0.0
VUHD113_150_12_23	VUHD113	hed_hematoxylin_mean	0.0166170930406976	0.01661709304069763	2.7755575615628914e-17	1.670302714659634e-15
VUHD113_150_12_23	VUHD113	hed_hematoxylin_sd	0.0269367337781121	0.02693673377811215	4.85722573273506e-17	1.8031977346421567e-15
VUHD113_150_12_23	VUHD113	hed_eosin_mean	0.0104138306588943	0.0104138306588943	0.0	0.0
VUHD113_150_12_23	VUHD113	hed_eosin_sd	0.0135044198426309	0.013504419842630929	2.949029909160572e-17	2.183751648368516e-15
VUHD113_150_12_23	VUHD113	hed_dab_mean	0.0243323115456708	0.02433231154567087	6.938893903907228e-17	2.851719981836989e-15
VUHD113_150_12_23	VUHD113	hed_dab_sd	0.0268756973083953	0.026875697308395303	3.469446951953614e-18	1.290923510613377e-16
VUHD113_150_12_23	VUHD113	brightness_mean	0.821400396228103	0.821400396228103	0.0	0.0
VUHD113_150_12_23	VUHD113	brightness_sd	0.1932831388821487	0.1932831388821487	0.0	0.0
VUHD113_150_12_23	VUHD113	saturation_mean	0.1894473015563562	0.18944730155635625	5.551115123125783e-17	2.9301632050295814e-16
VUHD113_150_12_23	VUHD113	saturation_sd	0.2070432558185195	0.2070432558185195	0.0	0.0
VUHD113_150_12_23	VUHD113	rgb_r_hist_0	0.0003830439223697	0.00038304392236976505	6.505213034913027e-17	1.6982942829815827e-13
VUHD113_150_12_23	VUHD113	rgb_r_hist_1	0.0136618998978549	0.013661899897854953	5.377642775528102e-17	3.9362334783118004e-15
VUHD113_150_12_23	VUHD113	rgb_r_hist_2	0.0328140960163432	0.032814096016343205	6.938893903907228e-18	2.1146076675253474e-16
VUHD113_150_12_23	VUHD113	rgb_r_hist_3	0.0518386108273748	0.05183861082737487	6.938893903907228e-17	1.338557070330086e-15
VUHD113_150_12_23	VUHD113	rgb_r_hist_4	0.0776302349336057	0.07763023493360573	2.7755575615628914e-17	3.575356385223778e-16
VUHD113_150_12_23	VUHD113	rgb_r_hist_5	0.1121041879468845	0.11210418794688458	8.326672684688674e-17	7.42761964310726e-16
VUHD113_150_12_23	VUHD113	rgb_r_hist_6	0.1155515832482124	0.11555158324821246	6.938893903907228e-17	6.005018459160381e-16
VUHD113_150_12_23	VUHD113	rgb_r_hist_7	0.5960163432073544	0.5960163432073544	0.0	0.0
VUHD113_150_12_23	VUHD113	rgb_g_hist_0	0.0113636363636363	0.011363636363636364	6.418476861114186e-17	5.6482596377805155e-15
VUHD113_150_12_23	VUHD113	rgb_g_hist_1	0.0812053115423901	0.08120531154239019	9.71445146547012e-17	1.1962827653704728e-15
VUHD113_150_12_23	VUHD113	rgb_g_hist_2	0.1155515832482124	0.11555158324821246	6.938893903907228e-17	6.005018459160381e-16
VUHD113_150_12_23	VUHD113	rgb_g_hist_3	0.1072522982635342	0.10725229826353422	1.3877787807814457e-17	1.2939385013190813e-16
VUHD113_150_12_23	VUHD113	rgb_g_hist_4	0.0652451481103166	0.06524514811031665	4.163336342344337e-17	6.381066581847528e-16
VUHD113_150_12_23	VUHD113	rgb_g_hist_5	0.0420071501532175	0.04200715015321757	6.938893903907228e-17	1.6518363846626595e-15
VUHD113_150_12_23	VUHD113	rgb_g_hist_6	0.0435393258426966	0.04353932584269663	3.469446951953614e-17	7.968536225132178e-16
VUHD113_150_12_23	VUHD113	rgb_g_hist_7	0.533835546475996	0.533835546475996	0.0	0.0
VUHD113_150_12_23	VUHD113	rgb_b_hist_0	0.0005107252298263	0.0005107252298263534	5.345116710353537e-17	1.0465738518873321e-13
VUHD113_150_12_23	VUHD113	rgb_b_hist_1	0.0144279877425944	0.014427987742594484	8.326672684688674e-17	5.771194731547086e-15
VUHD113_150_12_23	VUHD113	rgb_b_hist_2	0.0721399387129724	0.07213993871297242	1.3877787807814457e-17	1.9237315771823512e-16
VUHD113_150_12_23	VUHD113	rgb_b_hist_3	0.1129979570990807	0.1129979570990807	0.0	0.0
VUHD113_150_12_23	VUHD113	rgb_b_hist_4	0.1197650663942798	0.11976506639427988	6.938893903907228e-17	5.793754483518278e-16
VUHD113_150_12_23	VUHD113	rgb_b_hist_5	0.0771195097037793	0.07711950970377937	6.938893903907228e-17	8.997585605198918e-16
VUHD113_150_12_23	VUHD113	rgb_b_hist_6	0.0560520939734422	0.05605209397344229	9.020562075079397e-17	1.6093175893399077e-15
VUHD113_150_12_23	VUHD113	rgb_b_hist_7	0.5469867211440245	0.5469867211440245	0.0	0.0
VUHD113_150_11_19	VUHD113	rgb_r_mean	0.9463174557621198	0.9463174557621198	0.0	0.0
VUHD113_150_11_19	VUHD113	rgb_r_sd	0.0290438830680263	0.02904388306802635	5.204170427930421e-17	1.7918301129849835e-15
VUHD113_150_11_19	VUHD113	rgb_g_mean	0.9430405356024568	0.9430405356024569	1.1102230246251565e-16	1.1772802787484592e-16
VUHD113_150_11_19	VUHD113	rgb_g_sd	0.0519408149964166	0.0519408149964166	0.0	0.0
VUHD113_150_11_19	VUHD113	rgb_b_mean	0.9375754573828856	0.9375754573828856	0.0	0.0
VUHD113_150_11_19	VUHD113	rgb_b_sd	0.0397716525300234	0.039771652530023405	6.938893903907228e-18	1.7446833265650947e-16
VUHD113_150_11_19	VUHD113	hed_hematoxylin_mean	0.0044646816155584	0.004464681615558467	6.678685382510707e-17	1.4958928670830654e-14
VUHD113_150_11_19	VUHD113	hed_hematoxylin_sd	0.003188267723669	0.0031882677236690815	8.153200337090993e-17	2.5572508470864673e-14
VUHD113_150_11_19	VUHD113	hed_eosin_mean	0.0003458320030556	0.0003458320030556412	4.119968255444917e-17	1.1913207045741635e-13
VUHD113_150_11_19	VUHD113	hed_eosin_sd	0.00226441348891	0.0022644134889100807	8.066464163292153e-17	3.562275265890168e-14
VUHD113_150_11_19	VUHD113	hed_dab_mean	0.0046377975655312	0.004637797565531227	2.688821387764051e-17	5.797625596571465e-15
VUHD113_150_11_19	VUHD113	hed_dab_sd	0.0041127559907687	0.004112755990768782	8.239936510889834e-17	2.003507266024245e-14
VUHD113_150_11_19	VUHD113	brightness_mean	0.950763655464696	0.950763655464696	0.0	0.0
VUHD113_150_11_19	VUHD113	brightness_sd	0.0286045690225904	0.02860456902259046	5.898059818321144e-17	2.0619292720904704e-15
VUHD113_150_11_19	VUHD113	saturation_mean	0.0187214046053074	0.01872140460530746	6.245004513516506e-17	3.3357563949801537e-15
VUHD113_150_11_19	VUHD113	saturation_sd	0.0382605428033091	0.0382605428033091	0.0	0.0
VUHD113_150_11_19	VUHD113	rgb_r_hist_0	0.0	0.0	0.0	0.0
VUHD113_150_11_19	VUHD113	rgb_r_hist_1	0.0	0.0	0.0	0.0
VUHD113_150_11_19	VUHD113	rgb_r_hist_2	0.0002582644628099	0.00025826446280991736	1.734723475976807e-17	6.716849298982648e-14
VUHD113_150_11_19	VUHD113	rgb_r_hist_3	0.0010330578512396	0.0010330578512396695	6.938893903907228e-17	6.716849298982648e-14
VUHD113_150_11_19	VUHD113	rgb_r_hist_4	0.0011621900826446	0.0011621900826446281	2.8189256484623115e-17	2.4255289135214077e-14
VUHD113_150_11_19	VUHD113	rgb_r_hist_5	0.0015495867768595	0.0015495867768595042	4.119968255444917e-18	2.658752847513793e-15
VUHD113_150_11_19	VUHD113	rgb_r_hist_6	0.0068440082644628	0.00684400826446281	9.540979117872439e-18	1.3940630620529108e-15
VUHD113_150_11_19	VUHD113	rgb_r_hist_7	0.9891528925619836	0.9891528925619835	1.1102230246251565e-16	1.1223977940857978e-16
VUHD113_150_11_19	VUHD113	rgb_g_hist_0	0.0	0.0	0.0	0.0
VUHD113_150_11_19	VUHD113	rgb_g_hist_1	0.0011621900826446	0.0011621900826446281	2.8189256484623115e-17	2.4255289135214077e-14
VUHD113_150_11_19	VUHD113	rgb_g_hist_2	0.0012913223140495	0.0012913223140495868	8.673617379884035e-17	6.716849298982648e-14
VUHD113_150_11_19	VUHD113	rgb_g_hist_3	0.0010330578512396	0.0010330578512396695	6.938893903907228e-17	6.716849298982648e-14
VUHD113_150_11_19	VUHD113	rgb_g_hist_4	0.002840909090909	0.002840909090909091	9.107298248878237e-17	3.2057689836052424e-14
VUHD113_150_11_19	VUHD113	rgb_g_hist_5	0.0056818181818181	0.005681818181818182	8.239936510889834e-17	1.450228825916632e-14
VUHD113_150_11_19	VUHD113	rgb_g_hist_6	0.0273760330578512	0.02737603305785124	3.8163916471489756e-17	1.3940630620529108e-15
VUHD113_150_11_19	VUHD113	rgb_g_hist_7	0.9606146694214877	0.9606146694214877	0.0	0.0
VUHD113_150_11_19	VUHD113	rgb_b_hist_0	0.0	0.0	0.0	0.0
VUHD113_150_11_19	VUHD113	rgb_b_hist_1	0.0	0.0	0.0	0.0
VUHD113_150_11_19	VUHD113	rgb_b_hist_2	0.0006456611570247	0.0006456611570247934	9.345822726825048e-17	1.4474810239308728e-13
VUHD113_150_11_19	VUHD113	rgb_b_hist_3	0.0018078512396694	0.0018078512396694215	2.1467203015212988e-17	1.187443001070081e-14
VUHD113_150_11_19	VUHD113	rgb_b_hist_4	0.0012913223140495	0.0012913223140495868	8.673617379884035e-17	6.716849298982648e-14
VUHD113_150_11_19	VUHD113	rgb_b_hist_5	0.0041322314049586	0.004132231404958678	7.806255641895632e-17	1.8891138653387786e-14
VUHD113_150_11_19	VUHD113	rgb_b_hist_6	0.0254390495867768	0.025439049586776858	5.898059818321144e-17	2.318506357009089e-15
VUHD113_150_11_19	VUHD113	rgb_b_hist_7	0.9666838842975206	0.9666838842975206	0.0	0.0
VUHD113_150_9_22	VUHD113	rgb_r_mean	0.9142835484759896	0.9142835484759897	1.1102230246251565e-16	1.2143093097056997e-16
VUHD113_150_9_22	VUHD113	rgb_r_sd	0.1071166180169899	0.1071166180169899	0.0	0.0
VUHD113_150_9_22	VUHD113	rgb_g_mean	0.8802883492028417	0.8802883492028417	0.0	0.0
VUHD113_150_9_22	VUHD113	rgb_g_sd	0.1785623437029186	0.17856234370291865	5.551115123125783e-17	3.108782629086342e-16
VUHD113_150_9_22	VUHD113	rgb_b_mean	0.8923128393386329	0.8923128393386329	0.0	0.0
VUHD113_150_9_22	VUHD113	rgb_b_sd	0.1359175306064012	0.1359175306064012	0.0	0.0
VUHD113_150_9_22	VUHD113	hed_hematoxylin_mean	0.0072196246704476	0.007219624670447644	4.336808689942018e-17	6.0069725060557e-15
VUHD113_150_9_22	VUHD113	hed_hematoxylin_sd	0.0129654385255369	0.012965438525536976	7.632783294297951e-17	5.887022856391876e-15
VUHD113_150_9_22	VUHD113	hed_eosin_mean	0.0030322742815131	0.0030322742815131233	2.3418766925686896e-17	7.723169064376646e-15
VUHD113_150_9_22	VUHD113	hed_eosin_sd	0.0078423971412811	0.007842397141281193	9.194034422677078e-17	1.1723500170988763e-14
VUHD113_150_9_22	VUHD113	hed_dab_mean	0.009273167608379	0.009273167608379007	6.938893903907228e-18	7.482765541342549e-16
VUHD113_150_9_22	VUHD113	hed_dab_sd	0.0143428521512882	0.014342852151288287	8.673617379884035e-17	6.047344899323261e-15
VUHD113_150_9_22	VUHD113	brightness_mean	0.9200281600798826	0.9200281600798826	0.0	0.0
VUHD113_150_9_22	VUHD113	brightness_sd	0.1051989319333531	0.10519893193335313	2.7755575615628914e-17	2.6383894879477447e-16
VUHD113_150_9_22	VUHD113	saturation_mean	0.0646478743824558	0.06464787438245584	4.163336342344337e-17	6.440020467980286e-16
VUHD113_150_9_22	VUHD113	saturation_sd	0.1265707746697939	0.12657077466979397	5.551115123125783e-17	4.3857795273892363e-16
VUHD113_150_9_22	VUHD113	rgb_r_hist_0	0.0	0.0	0.0	0.0
VUHD113_150_9_22	VUHD113	rgb_r_hist_1	0.0006456611570247	0.0006456611570247934	9.345822726825048e-17	1.4474810239308728e-13
VUHD113_150_9_22	VUHD113	rgb_r_hist_2	0.0083935950413223	0.008393595041322314	1.3877787807814457e-17	1.653378288980236e-15
VUHD113_150_9_22	VUHD113	rgb_r_hist_3	0.0117510330578512	0.01175103305785124	3.9898639947466563e-17	3.395330414870133e-15
VUHD113_150_9_22	VUHD113	rgb_r_hist_4	0.0183367768595041	0.018336776859504134	3.469446951953614e-17	1.892070225065411e-15
VUHD113_150_9_22	VUHD113	rgb_r_hist_5	0.0335743801652892	0.033574380165289255	5.551115123125783e-17	1.653378288980236e-15
VUHD113_150_9_22	VUHD113	rgb_r_hist_6	0.0488119834710743	0.04881198347107438	7.632783294297951e-17	1.5637109479112018e-15
VUHD113_150_9_22	VUHD113	rgb_r_hist_7	0.8784865702479339	0.8784865702479339	0.0	0.0
VUHD113_150_9_22	VUHD113	rgb_g_hist_0	0.0	0.0	0.0	0.0
VUHD113_150_9_22	VUHD113	rgb_g_hist_1	0.015495867768595	0.015495867768595042	4.163336342344337e-17	2.686739719592886e-15
VUHD113_150_9_22	VUHD113	rgb_g_hist_2	0.0285382231404958	0.028538223140495866	6.591949208711867e-17	2.309866727251802e-15
VUHD113_150_9_22	VUHD113	rgb_g_hist_3	0.0357696280991735	0.035769628099173556	5.551115123125783e-17	1.551907419259427e-15
VUHD113_150_9_22	VUHD113	rgb_g_hist_4	0.0302169421487603	0.03021694214876033	3.122502256758253e-17	1.0333614306126468e-15
VUHD113_150_9_22	VUHD113	rgb_g_hist_5	0.0254390495867768	0.025439049586776858	5.898059818321144e-17	2.318506357009089e-15
VUHD113_150_9_22	VUHD113	rgb_g_hist_6	0.0333161157024793	0.03331611570247934	4.163336342344337e-17	1.2496463812059918e-15
VUHD113_150_9_22	VUHD113	rgb_g_hist_7	0.831224173553719	0.831224173553719	0.0	0.0
VUHD113_150_9_22	VUHD113	rgb_b_hist_0	0.0	0.0	0.0	0.0
VUHD113_150_9_22	VUHD113	rgb_b_hist_1	0.0	0.0	0.0	0.0
VUHD113_150_9_22	VUHD113	rgb_b_hist_2	0.0099431818181818	0.009943181818181818	1.734723475976807e-17	1.7446361815538205e-15
VUHD113_150_9_22	VUHD113	rgb_b_hist_3	0.0338326446280991	0.03383264462809917	6.938893903907228e-17	2.0509463508342628e-15
VUHD113_150_9_22	VUHD113	rgb_b_hist_4	0.0391270661157024	0.03912706611570248	7.632783294297951e-17	1.9507681132357574e-15
VUHD113_150_9_22	VUHD113	rgb_b_hist_5	0.037319214876033	0.037319214876033055	5.551115123125783e-17	1.487468356868032e-15
VUHD113_150_9_22	VUHD113	rgb_b_hist_6	0.0352530991735537	0.035253099173553716	1.3877787807814457e-17	3.9366149737624616e-16
VUHD113_150_9_22	VUHD113	rgb_b_hist_7	0.8445247933884298	0.8445247933884298	0.0	0.0
VUHD116A_150_13_11	VUHD116A	rgb_r_mean	0.9190310568179288	0.9190310568179288	0.0	0.0
VUHD116A_150_13_11	VUHD116A	rgb_r_sd	0.0940290718586381	0.0940290718586381	0.0	0.0
VUHD116A_150_13_11	VUHD116A	rgb_g_mean	0.8929129235450302	0.8929129235450302	0.0	0.0
VUHD116A_150_13_11	VUHD116A	rgb_g_sd	0.1598880665035532	0.15988806650355322	2.7755575615628914e-17	1.7359379109767457e-16
VUHD116A_150_13_11	VUHD116A	rgb_b_mean	0.9033640259973058	0.9033640259973058	0.0	0.0
VUHD116A_150_13_11	VUHD116A	rgb_b_sd	0.1205314315121003	0.12053143151210034	4.163336342344337e-17	3.4541499176722e-16
VUHD116A_150_13_11	VUHD116A	hed_hematoxylin_mean	0.0069852517259781	0.006985251725978116	1.5612511283791264e-17	2.235067810903428e-15
VUHD116A_150_13_11	VUHD116A	hed_hematoxylin_sd	0.0111579425438462	0.011157942543846283	8.326672684688674e-17	7.46255203588674e-15
VUHD116A_150_13_11	VUHD116A	hed_eosin_mean	0.0024224587745426	0.002422458774542689	8.890457814381136e-17	3.670014081482068e-14
VUHD116A_150_13_11	VUHD116A	hed_eosin_sd	0.0075420135444388	0.00754201354443888	7.979727989493313e-17	1.0580368150329386e-14
VUHD116A_150_13_11	VUHD116A	hed_dab_mean	0.007955351603393	0.007955351603393022	2.2551405187698492e-17	2.8347465092655614e-15
VUHD116A_150_13_11	VUHD116A	hed_dab_sd	0.0126955136752578	0.012695513675257803	3.469446951953614e-18	2.7328133706910936e-16
VUHD116A_150_13_11	VUHD116A	brightness_mean	0.92344788530041	0.9234478853004099	1.1102230246251565e-16	1.2022584515031793e-16
VUHD116A_150_13_11	VUHD116A	brightness_sd	0.0930528703323265	0.09305287033232656	6.938893903907228e-17	7.456936985528604e-16
VUHD116A_150_13_11	VUHD116A	saturation_mean	0.0494668108266456	0.0494668108266456	0.0	0.0
VUHD116A_150_13_11	VUHD116A	saturation_sd	0.117416509330335	0.11741650933033504	4.163336342344337e-17	3.5457844608813656e-16
VUHD116A_150_13_11	VUHD116A	rgb_r_hist_0	0.0	0.0	0.0	0.0
VUHD116A_150_13_11	VUHD116A	rgb_r_hist_1	0.0005165289256198	0.0005165289256198347	3.469446951953614e-17	6.716849298982648e-14
VUHD116A_150_13_11	VUHD116A	rgb_r_hist_2	0.0049070247933884	0.00490702479338843	2.949029909160572e-17	6.0098125306683175e-15
VUHD116A_150_13_11	VUHD116A	rgb_r_hist_3	0.0114927685950413	0.011492768595041322	2.2551405187698492e-17	1.9622256379049155e-15
VUHD116A_150_13_11	VUHD116A	rgb_r_hist_4	0.015625	0.015625	0.0	0.0
VUHD116A_150_13_11	VUHD116A	rgb_r_hist_5	0.0182076446280991	0.018207644628099172	7.28583859910259e-17	4.001527241946857e-15
VUHD116A_150_13_11	VUHD116A	rgb_r_hist_6	0.0495867768595041	0.049586776859504134	3.469446951953614e-17	6.996718019773127e-16
VUHD116A_150_13_11	VUHD116A	rgb_r_hist_7	0.8996642561983471	0.8996642561983471	0.0	0.0
VUHD116A_150_13_11	VUHD116A	rgb_g_hist_0	0.0002582644628099	0.00025826446280991736	1.734723475976807e-17	6.716849298982648e-14
VUHD116A_150_13_11	VUHD116A	rgb_g_hist_1	0.0116219008264462	0.01162190082644628	7.979727989493313e-17	6.866112616737405e-15
VUHD116A_150_13_11	VUHD116A	rgb_g_hist_2	0.0258264462809917	0.025826446280991736	3.469446951953614e-17	1.3433698597964411e-15
VUHD116A_150_13_11	VUHD116A	rgb_g_hist_3	0.028021694214876	0.028021694214876033	3.469446951953614e-17	1.2381289030381945e-15
VUHD116A_150_13_11	VUHD116A	rgb_g_hist_4	0.0175619834710743	0.01756198347107438	7.979727989493313e-17	4.543750996370331e-15
VUHD116A_150_13_11	VUHD116A	rgb_g_hist_5	0.0140754132231404	0.014075413223140496	9.540979117872439e-17	6.778471769615107e-15
VUHD116A_150_13_11	VUHD116A	rgb_g_hist_6	0.0330578512396694	0.03305785123966942	2.0816681711721685e-17	6.297046217795814e-16
VUHD116A_150_13_11	VUHD116A	rgb_g_hist_7	0.8695764462809917	0.8695764462809917	0.0	0.0
VUHD116A_150_13_11	VUHD116A	rgb_b_hist_0	0.0	0.0	0.0	0.0
VUHD116A_150_13_11	VUHD116A	rgb_b_hist_1	0.0001291322314049	0.00012913223140495868	5.868244258577793e-17	4.5443683538447076e-13
VUHD116A_150_13_11	VUHD116A	rgb_b_hist_2	0.0065857438016528	0.006585743801652892	9.194034422677078e-17	1.3960510307688684e-14
VUHD116A_150_13_11	VUHD116A	rgb_b_hist_3	0.0264721074380165	0.026472107438016527	2.7755575615628914e-17	1.0484837930118563e-15
VUHD116A_150_13_11	VUHD116A	rgb_b_hist_4	0.0346074380165289	0.03460743801652893	2.7755575615628914e-17	8.020118565948897e-16
VUHD116A_150_13_11	VUHD116A	rgb_b_hist_5	0.0196280991735537	0.01962809917355372	2.0816681711721685e-17	1.0605551524708744e-15
VUHD116A_150_13_11	VUHD116A	rgb_b_hist_6	0.0360278925619834	0.03602789256198347	6.938893903907228e-17	1.9259782936149706e-15
VUHD116A_150_13_11	VUHD116A	rgb_b_hist_7	0.8765495867768595	0.8765495867768595	0.0	0.0
VUHD116A_150_11_12	VUHD116A	rgb_r_mean	0.91630716087816	0.9163071608781601	1.1102230246251565e-16	1.2116275764571716e-16
VUHD116A_150_11_12	VUHD116A	rgb_r_sd	0.0773059039904486	0.07730590399044862	2.7755575615628914e-17	3.590356516503346e-16
VUHD116A_150_11_12	VUHD116A	rgb_g_mean	0.8792245041091943	0.8792245041091943	0.0	0.0
VUHD116A_150_11_12	VUHD116A	rgb_g_sd	0.1528862371547309	0.15288623715473093	2.7755575615628914e-17	1.8154397761479636e-16
VUHD116A_150_11_12	VUHD116A	rgb_b_mean	0.8943479798821707	0.8943479798821707	0.0	0.0
VUHD116A_150_11_12	VUHD116A	rgb_b_sd	0.1138461876501991	0.11384618765019912	1.3877787807814457e-17	1.218994513057828e-16
VUHD116A_150_11_12	VUHD116A	hed_hematoxylin_mean	0.0067568745074617	0.006756874507461722	2.2551405187698492e-17	3.3375498039507318e-15
VUHD116A_150_11_12	VUHD116A	hed_hematoxylin_sd	0.0091082859568646	0.00910828595686469	9.020562075079397e-17	9.903687826446545e-15
VUHD116A_150_11_12	VUHD116A	hed_eosin_mean	0.0029607925157917	0.002960792515791763	6.288372600415926e-17	2.1238815509280792e-14
VUHD116A_150_11_12	VUHD116A	hed_eosin_sd	0.0080200597406519	0.00802005974065198	7.979727989493313e-17	9.949711408065758e-15
VUHD116A_150_11_12	VUHD116A	hed_dab_mean	0.0087399882755351	0.00873998827553511	8.673617379884035e-18	9.924060658254142e-16
VUHD116A_150_11_12	VUHD116A	hed_dab_sd	0.0123346896674019	0.012334689667401904	3.469446951953614e-18	2.812755768896775e-16
VUHD116A_150_11_12	VUHD116A	brightness_mean	0.9201726496877934	0.9201726496877934	0.0	0.0
VUHD116A_150_11_12	VUHD116A	brightness_sd	0.0748420008073549	0.07484200080735495	5.551115123125783e-17	7.41711213388654e-16
VUHD116A_150_11_12	VUHD116A	saturation_mean	0.0560483447804265	0.05604834478042651	6.938893903907228e-18	1.238019415397699e-16
VUHD116A_150_11_12	VUHD116A	saturation_sd	0.1224401080794397	0.12244010807943974	4.163336342344337e-17	3.4003043672937184e-16
VUHD116A_150_11_12	VUHD116A	rgb_r_hist_0	0.0	0.0	0.0	0.0
VUHD116A_150_11_12	VUHD116A	rgb_r_hist_1	0.0001276813074565	0.00012768130745658836	8.836247705756861e-17	6.920549203153563e-13
VUHD116A_150_11_12	VUHD116A	rgb_r_hist_2	0.0026813074565883	0.0026813074565883556	5.551115123125783e-17	2.0703016021105727e-14
VUHD116A_150_11_12	VUHD116A	rgb_r_hist_3	0.0062563840653728	0.00625638406537283	2.949029909160572e-17	4.713633111948103e-15
VUHD116A_150_11_12	VUHD116A	rgb_r_hist_4	0.0094484167517875	0.009448416751787538	3.8163916471489756e-17	4.039186402766338e-15
VUHD116A_150_11_12	VUHD116A	rgb_r_hist_5	0.0196629213483146	0.019662921348314606	6.938893903907228e-18	3.5289231854156774e-16
VUHD116A_150_11_12	VUHD116A	rgb_r_hist_6	0.080949948927477	0.08094994892747702	1.3877787807814457e-17	1.7143664686246504e-16
VUHD116A_150_11_12	VUHD116A	rgb_r_hist_7	0.8808733401430031	0.8808733401430031	0.0	0.0
VUHD116A_150_11_12	VUHD116A	rgb_g_hist_0	0.0	0.0	0.0	0.0
VUHD116A_150_11_12	VUHD116A	rgb_g_hist_1	0.0044688457609805	0.004468845760980593	9.280770596475918e-17	2.0767712946171683e-14
VUHD116A_150_11_12	VUHD116A	rgb_g_hist_2	0.0169816138917262	0.01698161389172625	5.204170427930421e-17	3.0645911873346754e-15
VUHD116A_150_11_12	VUHD116A	rgb_g_hist_3	0.0393258426966292	0.03932584269662921	1.3877787807814457e-17	3.5289231854156774e-16
VUHD116A_150_11_12	VUHD116A	rgb_g_hist_4	0.0370275791624106	0.037027579162410625	2.7755575615628914e-17	7.495919593848476e-16
VUHD116A_150_11_12	VUHD116A	rgb_g_hist_5	0.0277068437180796	0.027706843718079674	7.28583859910259e-17	2.6296169542936237e-15
VUHD116A_150_11_12	VUHD116A	rgb_g_hist_6	0.0487742594484167	0.04877425944841675	4.85722573273506e-17	9.958584277167808e-16
VUHD116A_150_11_12	VUHD116A	rgb_g_hist_7	0.8257150153217568	0.8257150153217568	0.0	0.0
VUHD116A_150_11_12	VUHD116A	rgb_b_hist_0	0.0	0.0	0.0	0.0
VUHD116A_150_11_12	VUHD116A	rgb_b_hist_1	0.0001276813074565	0.00012768130745658836	8.836247705756861e-17	6.920549203153563e-13
VUHD116A_150_11_12	VUHD116A	rgb_b_hist_2	0.001532175689479	0.0015321756894790602	6.028164079019405e-17	3.934381755573486e-14
VUHD116A_150_11_12	VUHD116A	rgb_b_hist_3	0.0163432073544433	0.01634320735444331	1.0408340855860843e-17	6.368603561179857e-16
VUHD116A_150_11_12	VUHD116A	rgb_b_hist_4	0.0474974463738508	0.047497446373850866	6.245004513516506e-17	1.3148084771468102e-15
VUHD116A_150_11_12	VUHD116A	rgb_b_hist_5	0.041241062308478	0.04124106230847804	3.469446951953614e-17	8.412603259350072e-16
VUHD116A_150_11_12	VUHD116A	rgb_b_hist_6	0.0580949948927477	0.0580949948927477	0.0	0.0
VUHD116A_150_11_12	VUHD116A	rgb_b_hist_7	0.8351634320735445	0.8351634320735445	0.0	0.0
VUHD116A_150_9_17	VUHD116A	rgb_r_mean	0.9035285156262056	0.9035285156262055	1.1102230246251565e-16	1.2287636808625766e-16
VUHD116A_150_9_17	VUHD116A	rgb_r_sd	0.100060764295625	0.100060764295625	0.0	0.0
VUHD116A_150_9_17	VUHD116A	rgb_g_mean	0.8689939765482227	0.8689939765482227	0.0	0.0
VUHD116A_150_9_17	VUHD116A	rgb_g_sd	0.1721761972548038	0.17217619725480382	2.7755575615628914e-17	1.6120448736914197e-16
VUHD116A_150_9_17	VUHD116A	rgb_b_mean	0.8845981350882061	0.8845981350882061	0.0	0.0
VUHD116A_150_9_17	VUHD116A	rgb_b_sd	0.1289405900636997	0.12894059006369976	5.551115123125783e-17	4.3051727313977703e-16
VUHD116A_150_9_17	VUHD116A	hed_hematoxylin_mean	0.0083884053832092	0.008388405383209232	3.122502256758253e-17	3.7224026666718615e-15
VUHD116A_150_9_17	VUHD116A	hed_hematoxylin_sd	0.0128827104694525	0.012882710469452599	9.8879238130678e-17	7.675344281402627e-15
VUHD116A_150_9_17	VUHD116A	hed_eosin_mean	0.0031053757455992	0.0031053757455992903	9.020562075079397e-17	2.904821449662874e-14
VUHD116A_150_9_17	VUHD116A	hed_eosin_sd	0.0083495980044665	0.008349598004466522	2.2551405187698492e-17	2.7008971181169365e-15
VUHD116A_150_9_17	VUHD116A	hed_dab_mean	0.0095216321043982	0.009521632104398202	1.734723475976807e-18	1.8218761835751975e-16
VUHD116A_150_9_17	VUHD116A	hed_dab_sd	0.0136247041240944	0.013624704124094429	2.949029909160572e-17	2.164472624359897e-15
VUHD116A_150_9_17	VUHD116A	brightness_mean	0.9089537191340764	0.9089537191340763	1.1102230246251565e-16	1.2214296517569908e-16
VUHD116A_150_9_17	VUHD116A	brightness_sd	0.0972762434331965	0.09727624343319653	2.7755575615628914e-17	2.8532737938929334e-16
VUHD116A_150_9_17	VUHD116A	saturation_mean	0.061162567367186	0.061162567367186	0.0	0.0
VUHD116A_150_9_17	VUHD116A	saturation_sd	0.1306674052455348	0.13066740524553486	5.551115123125783e-17	4.2482783772240527e-16
VUHD116A_150_9_17	VUHD116A	rgb_r_hist_0	0.0	0.0	0.0	0.0
VUHD116A_150_9_17	VUHD116A	rgb_r_hist_1	0.001532175689479	0.0015321756894790602	6.028164079019405e-17	3.934381755573486e-14
VUHD116A_150_9_17	VUHD116A	rgb_r_hist_2	0.0062563840653728	0.00625638406537283	2.949029909160572e-17	4.713633111948103e-15
VUHD116A_150_9_17	VUHD116A	rgb_r_hist_3	0.0118743615934627	0.011874361593462716	1.5612511283791264e-17	1.3148084771468102e-15
VUHD116A_150_9_17	VUHD116A	rgb_r_hist_4	0.015194075587334	0.015194075587334014	1.3877787807814457e-17	9.133683538722935e-16
VUHD116A_150_9_17	VUHD116A	rgb_r_hist_5	0.0291113381001021	0.029111338100102146	4.5102810375396984e-17	1.5493211002636392e-15
VUHD116A_150_9_17	VUHD116A	rgb_r_hist_6	0.0637129724208376	0.0637129724208376	0.0	0.0
VUHD116A_150_9_17	VUHD116A	rgb_r_hist_7	0.8723186925434117	0.8723186925434117	0.0	0.0
VUHD116A_150_9_17	VUHD116A	rgb_g_hist_0	0.0002553626149131	0.0002553626149131767	7.670730370334944e-17	3.003858013024066e-13
VUHD116A_150_9_17	VUHD116A	rgb_g_hist_1	0.0143003064351378	0.014300306435137897	9.71445146547012e-17	6.793177131925222e-15
VUHD116A_150_9_17	VUHD116A	rgb_g_hist_2	0.0277068437180796	0.027706843718079674	7.28583859910259e-17	2.6296169542936237e-15
VUHD116A_150_9_17	VUHD116A	rgb_g_hist_3	0.0409856996935648	0.04098569969356486	5.551115123125783e-17	1.354402917268573e-15
VUHD116A_150_9_17	VUHD116A	rgb_g_hist_4	0.023237997957099	0.02323799795709908	7.979727989493313e-17	3.433913715039112e-15
VUHD116A_150_9_17	VUHD116A	rgb_g_hist_5	0.0234933605720122	0.02349336057201226	5.898059818321144e-17	2.5105219835375714e-15
VUHD116A_150_9_17	VUHD116A	rgb_g_hist_6	0.0399642492339121	0.039964249233912154	5.551115123125783e-17	1.389020244227514e-15
VUHD116A_150_9_17	VUHD116A	rgb_g_hist_7	0.8300561797752809	0.8300561797752809	0.0	0.0
VUHD116A_150_9_17	VUHD116A	rgb_b_hist_0	0.0	0.0	0.0	0.0
VUHD116A_150_9_17	VUHD116A	rgb_b_hist_1	0.0	0.0	0.0	0.0
VUHD116A_150_9_17	VUHD116A	rgb_b_hist_2	0.0070224719101123	0.007022471910112359	5.898059818321144e-17	8.39883718128938e-15
VUHD116A_150_9_17	VUHD116A	rgb_b_hist_3	0.0310265577119509	0.03102655771195097	6.938893903907228e-17	2.2364369158601454e-15
VUHD116A_150_9_17	VUHD116A	rgb_b_hist_4	0.0448161389172625	0.044816138917262514	1.3877787807814457e-17	3.0966049604217336e-16
VUHD116A_150_9_17	VUHD116A	rgb_b_hist_5	0.0320480081716036	0.03204800817160368	7.632783294297951e-17	2.3816716637825376e-15
VUHD116A_150_9_17	VUHD116A	rgb_b_hist_6	0.0457099080694586	0.045709908069458634	3.469446951953614e-17	7.5901420468437785e-16
VUHD116A_150_9_17	VUHD116A	rgb_b_hist_7	0.8393769152196119	0.8393769152196119	0.0	0.0
VUHD116A_150_12_12	VUHD116A	rgb_r_mean	0.9162058710013506	0.9162058710013506	0.0	0.0
VUHD116A_150_12_12	VUHD116A	rgb_r_sd	0.0792190941982441	0.07921909419824416	5.551115123125783e-17	7.007294364202442e-16
VUHD116A_150_12_12	VUHD116A	rgb_g_mean	0.8842184265583788	0.8842184265583788	0.0	0.0
VUHD116A_150_12_12	VUHD116A	rgb_g_sd	0.1516805481314957	0.15168054813149573	2.7755575615628914e-17	1.8298704716946899e-16
VUHD116A_150_12_12	VUHD116A	rgb_b_mean	0.8977555373546948	0.8977555373546948	0.0	0.0
VUHD116A_150_12_12	VUHD116A	rgb_b_sd	0.1136164516340128	0.11361645163401285	5.551115123125783e-17	4.885837432247332e-16
VUHD116A_150_12_12	VUHD116A	hed_hematoxylin_mean	0.0068356672437502	0.0068356672437502215	2.168404344971009e-17	3.172191196043905e-15
VUHD116A_150_12_12	VUHD116A	hed_hematoxylin_sd	0.0083668570756752	0.00836685707567523	2.949029909160572e-17	3.524656728909866e-15
VUHD116A_150_12_12	VUHD116A	hed_eosin_mean	0.0026419009951772	0.0026419009951772175	1.734723475976807e-17	6.566194112283356e-15
VUHD116A_150_12_12	VUHD116A	hed_eosin_sd	0.0076135774424178	0.007613577442417874	7.37257477290143e-17	9.683456730638001e-15
VUHD116A_150_12_12	VUHD116A	hed_dab_mean	0.0083726990420577	0.008372699042057776	7.632783294297951e-17	9.116275714625585e-15
VUHD116A_150_12_12	VUHD116A	hed_dab_sd	0.0122248213767278	0.012224821376727856	5.551115123125783e-17	4.5408558146242965e-15
VUHD116A_150_12_12	VUHD116A	brightness_mean	0.9203428013986024	0.9203428013986025	1.1102230246251565e-16	1.206314672030902e-16
VUHD116A_150_12_12	VUHD116A	brightness_sd	0.0786508309415497	0.07865083094154979	8.326672684688674e-17	1.058688456944179e-15
VUHD116A_150_12_12	VUHD116A	saturation_mean	0.0521944311147386	0.05219443111473866	6.245004513516506e-17	1.1964886636637847e-15
VUHD116A_150_12_12	VUHD116A	saturation_sd	0.1168254120723647	0.11682541207236478	8.326672684688674e-17	7.127449873261235e-16
VUHD116A_150_12_12	VUHD116A	rgb_r_hist_0	0.0	0.0	0.0	0.0
VUHD116A_150_12_12	VUHD116A	rgb_r_hist_1	0.0	0.0	0.0	0.0
VUHD116A_150_12_12	VUHD116A	rgb_r_hist_2	0.0017674536043428	0.001767453604342886	8.608565249534905e-17	4.8706032386835214e-14
VUHD116A_150_12_12	VUHD116A	rgb_r_hist_3	0.0068173210453225	0.00681732104532256	5.984795992119984e-17	8.778809083996817e-15
VUHD116A_150_12_12	VUHD116A	rgb_r_hist_4	0.0128771619744981	0.01287716197449817	6.938893903907228e-17	5.38852731498524e-15
VUHD116A_150_12_12	VUHD116A	rgb_r_hist_5	0.0273955308673147	0.02739553086731473	3.122502256758253e-17	1.139785270773371e-15
VUHD116A_150_12_12	VUHD116A	rgb_r_hist_6	0.0661532634768337	0.06615326347683373	2.7755575615628914e-17	4.1956472223548995e-16
VUHD116A_150_12_12	VUHD116A	rgb_r_hist_7	0.884989269031688	0.884989269031688	0.0	0.0
VUHD116A_150_12_12	VUHD116A	rgb_g_hist_0	0.0	0.0	0.0	0.0
VUHD116A_150_12_12	VUHD116A	rgb_g_hist_1	0.0046711273829061	0.004671127382906199	9.8879238130678e-17	2.116817419548965e-14
VUHD116A_150_12_12	VUHD116A	rgb_g_hist_2	0.0195682363337962	0.019568236333796236	3.8163916471489756e-17	1.950299241101103e-15
VUHD116A_150_12_12	VUHD116A	rgb_g_hist_3	0.0392627193536169	0.03926271935361697	6.938893903907228e-17	1.7672983476800402e-15
VUHD116A_150_12_12	VUHD116A	rgb_g_hist_4	0.0249968438328493	0.024996843832849388	8.673617379884035e-17	3.469885013437459e-15
VUHD116A_150_12_12	VUHD116A	rgb_g_hist_5	0.0217144299962126	0.0217144299962126	0.0	0.0
VUHD116A_150_12_12	VUHD116A	rgb_g_hist_6	0.0448175735386946	0.04481757353869461	6.938893903907228e-18	1.5482529186718074e-16
VUHD116A_150_12_12	VUHD116A	rgb_g_hist_7	0.844969069561924	0.844969069561924	0.0	0.0
VUHD116A_150_12_12	VUHD116A	rgb_b_hist_0	0.0	0.0	0.0	0.0
VUHD116A_150_12_12	VUHD116A	rgb_b_hist_1	0.0	0.0	0.0	0.0
VUHD116A_150_12_12	VUHD116A	rgb_b_hist_2	0.0026511804065143	0.002651180406514329	2.905661822261152e-17	1.0959879663871827e-14
VUHD116A_150_12_12	VUHD116A	rgb_b_hist_3	0.0207044565080166	0.020704456508016663	6.245004513516506e-17	3.0162610214368534e-15
VUHD116A_150_12_12	VUHD116A	rgb_b_hist_4	0.0405251862138618	0.040525186213861884	8.326672684688674e-17	2.0546907892653935e-15
VUHD116A_150_12_12	VUHD116A	rgb_b_hist_5	0.0316879181921474	0.03168791819214745	5.551115123125783e-17	1.751808083278064e-15
VUHD116A_150_12_12	VUHD116A	rgb_b_hist_6	0.0520136346420906	0.05201363464209065	4.85722573273506e-17	9.338370152668554e-16
VUHD116A_150_12_12	VUHD116A	rgb_b_hist_7	0.852417624037369	0.852417624037369	0.0	0.0
VUHD116B_150_7_10	VUHD116B	rgb_r_mean	0.8231627861988415	0.8231627861988415	0.0	0.0
VUHD116B_150_7_10	VUHD116B	rgb_r_sd	0.1584046497239699	0.15840464972396998	8.326672684688674e-17	5.25658350256664e-16
VUHD116B_150_7_10	VUHD116B	rgb_g_mean	0.6796953589078193	0.6796953589078193	0.0	0.0
VUHD116B_150_7_10	VUHD116B	rgb_g_sd	0.2461636080578582	0.2461636080578582	0.0	0.0
VUHD116B_150_7_10	VUHD116B	rgb_b_mean	0.7535746961808956	0.7535746961808956	0.0	0.0
VUHD116B_150_7_10	VUHD116B	rgb_b_sd	0.1777263707529529	0.17772637075295292	2.7755575615628914e-17	1.5617027173874117e-16
VUHD116B_150_7_10	VUHD116B	hed_hematoxylin_mean	0.0143093954919737	0.014309395491973714	1.3877787807814457e-17	9.698374620785807e-16
VUHD116B_150_7_10	VUHD116B	hed_hematoxylin_sd	0.0217217041500858	0.02172170415008585	5.204170427930421e-17	2.395838923121446e-15
VUHD116B_150_7_10	VUHD116B	hed_eosin_mean	0.0120816498951657	0.012081649895165783	8.326672684688674e-17	6.891999649832986e-15
VUHD116B_150_7_10	VUHD116B	hed_eosin_sd	0.0117484689751955	0.01174846897519554	3.9898639947466563e-17	3.3960714397513764e-15
VUHD116B_150_7_10	VUHD116B	hed_dab_mean	0.0223717699890608	0.0223717699890608	0.0	0.0
VUHD116B_150_7_10	VUHD116B	hed_dab_sd	0.0179433618114827	0.01794336181148279	9.020562075079397e-17	5.027241923699475e-15
VUHD116B_150_7_10	VUHD116B	brightness_mean	0.8300543962650709	0.8300543962650709	0.0	0.0
VUHD116B_150_7_10	VUHD116B	brightness_sd	0.1501651164194296	0.15016511641942962	2.7755575615628914e-17	1.848337102347005e-16
VUHD116B_150_7_10	VUHD116B	saturation_mean	0.2102359458423496	0.2102359458423496	0.0	0.0
VUHD116B_150_7_10	VUHD116B	saturation_sd	0.1788409908420062	0.17884099084200628	8.326672684688674e-17	4.655908382907988e-16
VUHD116B_150_7_10	VUHD116B	rgb_r_hist_0	0.0	0.0	0.0	0.0
VUHD116B_150_7_10	VUHD116B	rgb_r_hist_1	0.0014204545454545	0.0014204545454545455	4.5536491244391186e-17	3.2057689836052424e-14
VUHD116B_150_7_10	VUHD116B	rgb_r_hist_2	0.0136880165289256	0.01368801652892562	1.9081958235744878e-17	1.3940630620529108e-15
VUHD116B_150_7_10	VUHD116B	rgb_r_hist_3	0.0462293388429752	0.046229338842975205	6.938893903907228e-18	1.5009719103870834e-16
VUHD116B_150_7_10	VUHD116B	rgb_r_hist_4	0.0736053719008264	0.07360537190082644	4.163336342344337e-17	5.656294146511328e-16
VUHD116B_150_7_10	VUHD116B	rgb_r_hist_5	0.1137654958677686	0.1137654958677686	0.0	0.0
VUHD116B_150_7_10	VUHD116B	rgb_r_hist_6	0.2277892561983471	0.2277892561983471	0.0	0.0
VUHD116B_150_7_10	VUHD116B	rgb_r_hist_7	0.5235020661157025	0.5235020661157025	0.0	0.0
VUHD116B_150_7_10	VUHD116B	rgb_g_hist_0	0.0005165289256198	0.0005165289256198347	3.469446951953614e-17	6.716849298982648e-14
VUHD116B_150_7_10	VUHD116B	rgb_g_hist_1	0.0266012396694214	0.02660123966942149	9.020562075079397e-17	3.391030714049276e-15
VUHD116B_150_7_10	VUHD116B	rgb_g_hist_2	0.096849173553719	0.09684917355371901	1.3877787807814457e-17	1.4329278504495356e-16
VUHD116B_150_7_10	VUHD116B	rgb_g_hist_3	0.1776859504132231	0.17768595041322313	2.7755575615628914e-17	1.562057976507488e-16
VUHD116B_150_7_10	VUHD116B	rgb_g_hist_4	0.1774276859504132	0.17742768595041322	2.7755575615628914e-17	1.5643317144645585e-16
VUHD116B_150_7_10	VUHD116B	rgb_g_hist_5	0.0676652892561983	0.06766528925619834	4.163336342344337e-17	6.152839052502781e-16
VUHD116B_150_7_10	VUHD116B	rgb_g_hist_6	0.0504907024793388	0.050490702479338845	4.163336342344337e-17	8.245748500029302e-16
VUHD116B_150_7_10	VUHD116B	rgb_g_hist_7	0.4027634297520661	0.40276342975206614	5.551115123125783e-17	1.3782569898520701e-16
VUHD116B_150_7_10	VUHD116B	rgb_b_hist_0	0.0	0.0	0.0	0.0
VUHD116B_150_7_10	VUHD116B	rgb_b_hist_1	0.0002582644628099	0.00025826446280991736	1.734723475976807e-17	6.716849298982648e-14
VUHD116B_150_7_10	VUHD116B	rgb_b_hist_2	0.0080061983471074	0.008006198347107437	3.8163916471489756e-17	4.766796276697066e-15
VUHD116B_150_7_10	VUHD116B	rgb_b_hist_3	0.0759297520661157	0.0759297520661157	0.0	0.0
VUHD116B_150_7_10	VUHD116B	rgb_b_hist_4	0.218620867768595	0.21862086776859505	5.551115123125783e-17	2.5391515365319595e-16
VUHD116B_150_7_10	VUHD116B	rgb_b_hist_5	0.1980888429752066	0.19808884297520662	2.7755575615628914e-17	1.4011680415086722e-16
VUHD116B_150_7_10	VUHD116B	rgb_b_hist_6	0.0821280991735537	0.08212809917355372	2.7755575615628914e-17	3.379546817097962e-16
VUHD116B_150_7_10	VUHD116B	rgb_b_hist_7	0.4169679752066115	0.41696797520661155	5.551115123125783e-17	1.3313049090581007e-16
VUHD116B_150_13_14	VUHD116B	rgb_r_mean	0.8538035856067272	0.8538035856067272	0.0	0.0
VUHD116B_150_13_14	VUHD116B	rgb_r_sd	0.0989354898825613	0.09893548988256139	8.326672684688674e-17	8.416264673650098e-16
VUHD116B_150_13_14	VUHD116B	rgb_g_mean	0.5750795202445208	0.5750795202445208	0.0	0.0
VUHD116B_150_13_14	VUHD116B	rgb_g_sd	0.1604788774470273	0.16047887744702732	2.7755575615628914e-17	1.7295469694939007e-16
VUHD116B_150_13_14	VUHD116B	rgb_b_mean	0.6717499363397764	0.6717499363397764	0.0	0.0
VUHD116B_150_13_14	VUHD116B	rgb_b_sd	0.1306759345074711	0.13067593450747117	8.326672684688674e-17	6.372001636010964e-16
VUHD116B_150_13_14	VUHD116B	hed_hematoxylin_mean	0.0048448339264928	0.004844833926492816	1.6479873021779667e-17	3.401535175780428e-15
VUHD116B_150_13_14	VUHD116B	hed_hematoxylin_sd	0.011116714620665	0.011116714620665028	2.7755575615628914e-17	2.4967426584859637e-15
VUHD116B_150_13_14	VUHD116B	hed_eosin_mean	0.0220769974088941	0.022076997408894117	1.734723475976807e-17	7.857606013388142e-16
VUHD116B_150_13_14	VUHD116B	hed_eosin_sd	0.0103474556764696	0.010347455676469658	5.898059818321144e-17	5.700009744166864e-15
VUHD116B_150_13_14	VUHD116B	hed_dab_mean	0.0349864175074168	0.0349864175074168	0.0	0.0
VUHD116B_150_13_14	VUHD116B	hed_dab_sd	0.0164272276717913	0.016427227671791306	6.938893903907228e-18	4.224020049239739e-16
VUHD116B_150_13_14	VUHD116B	brightness_mean	0.8556463785069294	0.8556463785069294	0.0	0.0
VUHD116B_150_13_14	VUHD116B	brightness_sd	0.0976216646434094	0.09762166464340943	2.7755575615628914e-17	2.843177866000745e-16
VUHD116B_150_13_14	VUHD116B	saturation_mean	0.3365177535444733	0.3365177535444733	0.0	0.0
VUHD116B_150_13_14	VUHD116B	saturation_sd	0.131683026406659	0.13168302640665908	8.326672684688674e-17	6.323269529798419e-16
VUHD116B_150_13_14	VUHD116B	rgb_r_hist_0	0.0	0.0	0.0	0.0
VUHD116B_150_13_14	VUHD116B	rgb_r_hist_1	0.0	0.0	0.0	0.0
VUHD116B_150_13_14	VUHD116B	rgb_r_hist_2	0.0014204545454545	0.0014204545454545455	4.5536491244391186e-17	3.2057689836052424e-14
VUHD116B_150_13_14	VUHD116B	rgb_r_hist_3	0.0094266528925619	0.009426652892561983	8.326672684688674e-17	8.833116886332831e-15
VUHD116B_150_13_14	VUHD116B	rgb_r_hist_4	0.0235020661157024	0.02350206611570248	7.979727989493313e-17	3.395330414870133e-15
VUHD116B_150_13_14	VUHD116B	rgb_r_hist_5	0.0835485537190082	0.08354855371900827	6.938893903907228e-17	8.305223244491131e-16
VUHD116B_150_13_14	VUHD116B	rgb_r_hist_6	0.4180010330578512	0.41800103305785125	5.551115123125783e-17	1.3280146899439625e-16
VUHD116B_150_13_14	VUHD116B	rgb_r_hist_7	0.4641012396694214	0.46410123966942146	5.551115123125783e-17	1.1961000421114655e-16
VUHD116B_150_13_14	VUHD116B	rgb_g_hist_0	0.0	0.0	0.0	0.0
VUHD116B_150_13_14	VUHD116B	rgb_g_hist_1	0.0041322314049586	0.004132231404958678	7.806255641895632e-17	1.8891138653387786e-14
VUHD116B_150_13_14	VUHD116B	rgb_g_hist_2	0.0671487603305785	0.06714876033057851	1.3877787807814457e-17	2.066722861225292e-16
VUHD116B_150_13_14	VUHD116B	rgb_g_hist_3	0.2630423553719008	0.26304235537190085	5.551115123125783e-17	2.1103502952128652e-16
VUHD116B_150_13_14	VUHD116B	rgb_g_hist_4	0.3808109504132231	0.38081095041322316	5.551115123125783e-17	1.4577089017797919e-16
VUHD116B_150_13_14	VUHD116B	rgb_g_hist_5	0.1487603305785124	0.1487603305785124	0.0	0.0
VUHD116B_150_13_14	VUHD116B	rgb_g_hist_6	0.056172520661157	0.05617252066115702	2.0816681711721685e-17	3.7058478890936275e-16
VUHD116B_150_13_14	VUHD116B	rgb_g_hist_7	0.0799328512396694	0.07993285123966942	2.7755575615628914e-17	3.4723615115901515e-16
VUHD116B_150_13_14	VUHD116B	rgb_b_hist_0	0.0	0.0	0.0	0.0
VUHD116B_150_13_14	VUHD116B	rgb_b_hist_1	0.0	0.0	0.0	0.0
VUHD116B_150_13_14	VUHD116B	rgb_b_hist_2	0.0036157024793388	0.003615702479338843	4.2934406030425976e-17	1.187443001070081e-14
VUHD116B_150_13_14	VUHD116B	rgb_b_hist_3	0.0702479338842975	0.07024793388429752	2.7755575615628914e-17	3.9510878229307054e-16
VUHD116B_150_13_14	VUHD116B	rgb_b_hist_4	0.3112086776859504	0.3112086776859504	0.0	0.0
VUHD116B_150_13_14	VUHD116B	rgb_b_hist_5	0.3853305785123967	0.3853305785123967	0.0	0.0
VUHD116B_150_13_14	VUHD116B	rgb_b_hist_6	0.1317148760330578	0.13171487603305784	5.551115123125783e-17	4.2144936777927534e-16
VUHD116B_150_13_14	VUHD116B	rgb_b_hist_7	0.0978822314049586	0.09788223140495868	8.326672684688674e-17	8.50682760820965e-16
VUHD116B_150_17_7	VUHD116B	rgb_r_mean	0.9211385212134688	0.9211385212134687	1.1102230246251565e-16	1.2052726045617936e-16
VUHD116B_150_17_7	VUHD116B	rgb_r_sd	0.0681852950993026	0.06818529509930264	4.163336342344337e-17	6.105915265573031e-16
VUHD116B_150_17_7	VUHD116B	rgb_g_mean	0.8851584300039236	0.8851584300039236	0.0	0.0
VUHD116B_150_17_7	VUHD116B	rgb_g_sd	0.144318532261077	0.144318532261077	0.0	0.0
VUHD116B_150_17_7	VUHD116B	rgb_b_mean	0.899124262074391	0.899124262074391	0.0	0.0
VUHD116B_150_17_7	VUHD116B	rgb_b_sd	0.1076160022355576	0.10761600223555767	6.938893903907228e-17	6.447827237364645e-16
VUHD116B_150_17_7	VUHD116B	hed_hematoxylin_mean	0.0061114518797889	0.006111451879788945	4.5102810375396984e-17	7.380048352267303e-15
VUHD116B_150_17_7	VUHD116B	hed_hematoxylin_sd	0.0078136443188952	0.007813644318895288	8.847089727481716e-17	1.1322616395639365e-14
VUHD116B_150_17_7	VUHD116B	hed_eosin_mean	0.0027288102307697	0.0027288102307697097	9.540979117872439e-18	3.4963879167153622e-15
VUHD116B_150_17_7	VUHD116B	hed_eosin_sd	0.0076649552719015	0.007664955271901594	9.454242944073599e-17	1.2334374577150294e-14
VUHD116B_150_17_7	VUHD116B	hed_dab_mean	0.0083465002255162	0.008346500225516251	5.204170427930421e-17	6.235152803351854e-15
VUHD116B_150_17_7	VUHD116B	hed_dab_sd	0.0117588429518515	0.011758842951851521	2.0816681711721685e-17	1.7703001729812177e-15
VUHD116B_150_17_7	VUHD116B	brightness_mean	0.924277478364792	0.9242774783647919	1.1102230246251565e-16	1.2011793542663557e-16
VUHD116B_150_17_7	VUHD116B	brightness_sd	0.0669368685998239	0.0669368685998239	0.0	0.0
VUHD116B_150_17_7	VUHD116B	saturation_mean	0.0526016024974687	0.05260160249746876	5.551115123125783e-17	1.0553129295619679e-15
VUHD116B_150_17_7	VUHD116B	saturation_sd	0.1162861261724537	0.1162861261724537	0.0	0.0
VUHD116B_150_17_7	VUHD116B	rgb_r_hist_0	0.0	0.0	0.0	0.0
VUHD116B_150_17_7	VUHD116B	rgb_r_hist_1	0.0006384065372829	0.0006384065372829418	4.174178364069192e-17	6.53843298947841e-14
VUHD116B_150_17_7	VUHD116B	rgb_r_hist_2	0.0011491317671092	0.0011491317671092952	9.519295074422729e-17	8.283902113653888e-14
VUHD116B_150_17_7	VUHD116B	rgb_r_hist_3	0.0039581205311542	0.003958120531154239	3.903127820947816e-17	9.86106357860116e-15
VUHD116B_150_17_7	VUHD116B	rgb_r_hist_4	0.0062563840653728	0.00625638406537283	2.949029909160572e-17	4.713633111948103e-15
VUHD116B_150_17_7	VUHD116B	rgb_r_hist_5	0.0194075587334014	0.01940755873340143	3.122502256758253e-17	1.6089103733507022e-15
VUHD116B_150_17_7	VUHD116B	rgb_r_hist_6	0.0769918283963227	0.07699182839632278	8.326672684688674e-17	1.0815008369234125e-15
VUHD116B_150_17_7	VUHD116B	rgb_r_hist_7	0.8915985699693565	0.8915985699693565	0.0	0.0
VUHD116B_150_17_7	VUHD116B	rgb_g_hist_0	0.0001276813074565	0.00012768130745658836	8.836247705756861e-17	6.920549203153563e-13
VUHD116B_150_17_7	VUHD116B	rgb_g_hist_1	0.0029366700715015	0.0029366700715015323	3.209238430557093e-17	1.0928154516575403e-14
VUHD116B_150_17_7	VUHD116B	rgb_g_hist_2	0.012385086823289	0.01238508682328907	7.112366251504909e-17	5.742685822864615e-15
VUHD116B_150_17_7	VUHD116B	rgb_g_hist_3	0.0435393258426966	0.04353932584269663	3.469446951953614e-17	7.968536225132178e-16
VUHD116B_150_17_7	VUHD116B	rgb_g_hist_4	0.0296220633299285	0.0296220633299285	0.0	0.0
VUHD116B_150_17_7	VUHD116B	rgb_g_hist_5	0.023876404494382	0.023876404494382022	2.0816681711721685e-17	8.718516105144619e-16
VUHD116B_150_17_7	VUHD116B	rgb_g_hist_6	0.0543922369765066	0.054392236976506636	3.469446951953614e-17	6.378570076925053e-16
VUHD116B_150_17_7	VUHD116B	rgb_g_hist_7	0.833120531154239	0.833120531154239	0.0	0.0
VUHD116B_150_17_7	VUHD116B	rgb_b_hist_0	0.0	0.0	0.0	0.0
VUHD116B_150_17_7	VUHD116B	rgb_b_hist_1	0.0001276813074565	0.00012768130745658836	8.836247705756861e-17	6.920549203153563e-13
VUHD116B_150_17_7	VUHD116B	rgb_b_hist_2	0.0016598569969356	0.0016598569969356485	4.85722573273506e-17	2.9262916875986236e-14
VUHD116B_150_17_7	VUHD116B	rgb_b_hist_3	0.0109805924412665	0.010980592441266599	9.8879238130678e-17	9.004909221389268e-15
VUHD116B_150_17_7	VUHD116B	rgb_b_hist_4	0.0485188968335035	0.04851889683350358	7.632783294297951e-17	1.5731568094984644e-15
VUHD116B_150_17_7	VUHD116B	rgb_b_hist_5	0.0335801838610827	0.03358018386108274	4.163336342344337e-17	1.2398194005034558e-15
VUHD116B_150_17_7	VUHD116B	rgb_b_hist_6	0.0582226762002042	0.05822267620020429	9.020562075079397e-17	1.5493211002636392e-15
VUHD116B_150_17_7	VUHD116B	rgb_b_hist_7	0.8469101123595506	0.8469101123595506	0.0	0.0
VUHD116B_150_14_13	VUHD116B	rgb_r_mean	0.8237816091705775	0.8237816091705775	0.0	0.0
VUHD116B_150_14_13	VUHD116B	rgb_r_sd	0.1225395667304765	0.12253956673047654	4.163336342344337e-17	3.39754452657852e-16
VUHD116B_150_14_13	VUHD116B	rgb_g_mean	0.5792558072009778	0.5792558072009778	0.0	0.0
VUHD116B_150_14_13	VUHD116B	rgb_g_sd	0.1835013579921772	0.18350135799217726	5.551115123125783e-17	3.02510846996698e-16
VUHD116B_150_14_13	VUHD116B	rgb_b_mean	0.6774358049800911	0.6774358049800911	0.0	0.0
VUHD116B_150_14_13	VUHD116B	rgb_b_sd	0.144854599953475	0.144854599953475	0.0	0.0
VUHD116B_150_14_13	VUHD116B	hed_hematoxylin_mean	0.0094267965665137	0.009426796566513797	9.71445146547012e-17	1.0305145970772554e-14
VUHD116B_150_14_13	VUHD116B	hed_hematoxylin_sd	0.0162263358716879	0.016226335871687942	4.163336342344337e-17	2.5657895752106463e-15
VUHD116B_150_14_13	VUHD116B	hed_eosin_mean	0.0197010019338794	0.01970100193387943	3.122502256758253e-17	1.5849459165772432e-15
VUHD116B_150_14_13	VUHD116B	hed_eosin_sd	0.0110052697491911	0.011005269749191138	3.8163916471489756e-17	3.4677856464440457e-15
VUHD116B_150_14_13	VUHD116B	hed_dab_mean	0.0327995361909346	0.032799536190934654	5.551115123125783e-17	1.6924370792352986e-15
VUHD116B_150_14_13	VUHD116B	hed_dab_sd	0.0177835264790487	0.017783526479048736	3.469446951953614e-17	1.950933048088675e-15
VUHD116B_150_14_13	VUHD116B	brightness_mean	0.8271947513230545	0.8271947513230545	0.0	0.0
VUHD116B_150_14_13	VUHD116B	brightness_sd	0.1195412808193896	0.1195412808193896	0.0	0.0
VUHD116B_150_14_13	VUHD116B	saturation_mean	0.3122609070399276	0.3122609070399276	0.0	0.0
VUHD116B_150_14_13	VUHD116B	saturation_sd	0.1443611091148597	0.14436110911485978	8.326672684688674e-17	5.767947292552059e-16
VUHD116B_150_14_13	VUHD116B	rgb_r_hist_0	0.0001291322314049	0.00012913223140495868	5.868244258577793e-17	4.5443683538447076e-13
VUHD116B_150_14_13	VUHD116B	rgb_r_hist_1	0.0002582644628099	0.00025826446280991736	1.734723475976807e-17	6.716849298982648e-14
VUHD116B_150_14_13	VUHD116B	rgb_r_hist_2	0.0033574380165289	0.0033574380165289257	2.5587171270657905e-17	7.62104055076832e-15
VUHD116B_150_14_13	VUHD116B	rgb_r_hist_3	0.0211776859504132	0.021177685950413222	2.0816681711721685e-17	9.829535559486152e-16
VUHD116B_150_14_13	VUHD116B	rgb_r_hist_4	0.0595299586776859	0.05952995867768595	4.85722573273506e-17	8.159296328481635e-16
VUHD116B_150_14_13	VUHD116B	rgb_r_hist_5	0.1237086776859504	0.12370867768595041	1.3877787807814457e-17	1.1218119914792815e-16
VUHD116B_150_14_13	VUHD116B	rgb_r_hist_6	0.4071539256198347	0.4071539256198347	0.0	0.0
VUHD116B_150_14_13	VUHD116B	rgb_r_hist_7	0.3846849173553719	0.3846849173553719	0.0	0.0
VUHD116B_150_14_13	VUHD116B	rgb_g_hist_0	0.0001291322314049	0.00012913223140495868	5.868244258577793e-17	4.5443683538447076e-13
VUHD116B_150_14_13	VUHD116B	rgb_g_hist_1	0.0089101239669421	0.008910123966942149	4.85722573273506e-17	5.4513559527971756e-15
VUHD116B_150_14_13	VUHD116B	rgb_g_hist_2	0.0932334710743801	0.09323347107438017	6.938893903907228e-17	7.442492298041221e-16
VUHD116B_150_14_13	VUHD116B	rgb_g_hist_3	0.265754132231405	0.265754132231405	0.0	0.0
VUHD116B_150_14_13	VUHD116B	rgb_g_hist_4	0.3220557851239669	0.32205578512396693	5.551115123125783e-17	1.72365018097378e-16
VUHD116B_150_14_13	VUHD116B	rgb_g_hist_5	0.1357179752066115	0.13571797520661158	8.326672684688674e-17	6.135276238841972e-16
VUHD116B_150_14_13	VUHD116B	rgb_g_hist_6	0.0521694214876033	0.052169421487603305	6.938893903907228e-18	1.3300691681152867e-16
VUHD116B_150_14_13	VUHD116B	rgb_g_hist_7	0.1220299586776859	0.12202995867768596	5.551115123125783e-17	4.5489773030144e-16
VUHD116B_150_14_13	VUHD116B	rgb_b_hist_0	0.0	0.0	0.0	0.0
VUHD116B_150_14_13	VUHD116B	rgb_b_hist_1	0.0001291322314049	0.00012913223140495868	5.868244258577793e-17	4.5443683538447076e-13
VUHD116B_150_14_13	VUHD116B	rgb_b_hist_2	0.0073605371900826	0.007360537190082644	4.423544863740858e-17	6.0098125306683175e-15
VUHD116B_150_14_13	VUHD116B	rgb_b_hist_3	0.0800619834710743	0.08006198347107438	8.326672684688674e-17	1.0400282785520833e-15
VUHD116B_150_14_13	VUHD116B	rgb_b_hist_4	0.3106921487603306	0.3106921487603306	0.0	0.0
VUHD116B_150_14_13	VUHD116B	rgb_b_hist_5	0.3433626033057851	0.3433626033057851	0.0	0.0
VUHD116B_150_14_13	VUHD116B	rgb_b_hist_6	0.1151859504132231	0.11518595041322315	4.163336342344337e-17	3.6144480532639636e-16
VUHD116B_150_14_13	VUHD116B	rgb_b_hist_7	0.1432076446280991	0.14320764462809918	8.326672684688674e-17	5.814405164132473e-16
VUILD102LA_150_17_1	VUILD102LA	rgb_r_mean	0.9391531010022324	0.9391531010022324	0.0	0.0
VUILD102LA_150_17_1	VUILD102LA	rgb_r_sd	0.0320366590464998	0.03203665904649986	6.245004513516506e-17	1.9493307664985154e-15
VUILD102LA_150_17_1	VUILD102LA	rgb_g_mean	0.9371948202651478	0.9371948202651478	0.0	0.0
VUILD102LA_150_17_1	VUILD102LA	rgb_g_sd	0.0526307166333392	0.05263071663333928	7.632783294297951e-17	1.4502525868064895e-15
VUILD102LA_150_17_1	VUILD102LA	rgb_b_mean	0.9379018242371032	0.9379018242371033	1.1102230246251565e-16	1.1837305312080193e-16
VUILD102LA_150_17_1	VUILD102LA	rgb_b_sd	0.0401552507986955	0.04015525079869555	4.85722573273506e-17	1.2096116039929836e-15
VUILD102LA_150_17_1	VUILD102LA	hed_hematoxylin_mean	0.0054831646005867	0.00548316460058671	1.0408340855860843e-17	1.8982360760694924e-15
VUILD102LA_150_17_1	VUILD102LA	hed_hematoxylin_sd	0.0035910417824923	0.0035910417824923536	5.377642775528102e-17	1.4975160694999887e-14
VUILD102LA_150_17_1	VUILD102LA	hed_eosin_mean	0.0002811736768492	0.0002811736768492186	1.85940672581264e-17	6.613018496784403e-14
VUILD102LA_150_17_1	VUILD102LA	hed_eosin_sd	0.0018659720428268	0.0018659720428268437	4.358492733391728e-17	2.335776010228404e-14
VUILD102LA_150_17_1	VUILD102LA	hed_dab_mean	0.0042241505700466	0.004224150570046621	2.168404344971009e-17	5.133350028635669e-15
VUILD102LA_150_17_1	VUILD102LA	hed_dab_sd	0.0037418380218074	0.003741838021807473	7.28583859910259e-17	1.947128271357762e-14
VUILD102LA_150_17_1	VUILD102LA	brightness_mean	0.944374014388492	0.9443740143884921	1.1102230246251565e-16	1.1756179307242548e-16
VUILD102LA_150_17_1	VUILD102LA	brightness_sd	0.0311405814628287	0.031140581462828783	8.326672684688674e-17	2.6738976260375548e-15
VUILD102LA_150_17_1	VUILD102LA	saturation_mean	0.0142383799770826	0.014238379977082698	9.8879238130678e-17	6.9445567747053525e-15
VUILD102LA_150_17_1	VUILD102LA	saturation_sd	0.0354394572953985	0.03543945729539852	2.0816681711721685e-17	5.873871469929238e-16
VUILD102LA_150_17_1	VUILD102LA	rgb_r_hist_0	0.0	0.0	0.0	0.0
VUILD102LA_150_17_1	VUILD102LA	rgb_r_hist_1	0.0	0.0	0.0	0.0
VUILD102LA_150_17_1	VUILD102LA	rgb_r_hist_2	0.0002553626149131	0.0002553626149131767	7.670730370334944e-17	3.003858013024066e-13
VUILD102LA_150_17_1	VUILD102LA	rgb_r_hist_3	0.0005107252298263	0.0005107252298263534	5.345116710353537e-17	1.0465738518873321e-13
VUILD102LA_150_17_1	VUILD102LA	rgb_r_hist_4	0.0014044943820224	0.0014044943820224719	7.177418381854039e-17	5.110321887880337e-14
VUILD102LA_150_17_1	VUILD102LA	rgb_r_hist_5	0.0026813074565883	0.0026813074565883556	5.551115123125783e-17	2.0703016021105727e-14
VUILD102LA_150_17_1	VUILD102LA	rgb_r_hist_6	0.0223442288049029	0.02234422880490296	6.245004513516506e-17	2.7949071628492236e-15
VUILD102LA_150_17_1	VUILD102LA	rgb_r_hist_7	0.9728038815117468	0.9728038815117467	1.1102230246251565e-16	1.1412608910439986e-16
VUILD102LA_150_17_1	VUILD102LA	rgb_g_hist_0	0.0	0.0	0.0	0.0
VUILD102LA_150_17_1	VUILD102LA	rgb_g_hist_1	0.0005107252298263	0.0005107252298263534	5.345116710353537e-17	1.0465738518873321e-13
VUILD102LA_150_17_1	VUILD102LA	rgb_g_hist_2	0.0008937691521961	0.0008937691521961185	1.8539857149502126e-17	2.074345159927195e-14
VUILD102LA_150_17_1	VUILD102LA	rgb_g_hist_3	0.0022982635342185	0.0022982635342185904	9.020562075079397e-17	3.9249467873347004e-14
VUILD102LA_150_17_1	VUILD102LA	rgb_g_hist_4	0.0030643513789581	0.0030643513789581204	2.0383000842727483e-17	6.651652608343447e-15
VUILD102LA_150_17_1	VUILD102LA	rgb_g_hist_5	0.0090653728294177	0.009065372829417773	7.28583859910259e-17	8.036998296925627e-15
VUILD102LA_150_17_1	VUILD102LA	rgb_g_hist_6	0.031920326864147	0.031920326864147086	8.326672684688674e-17	2.6085800186592748e-15
VUILD102LA_150_17_1	VUILD102LA	rgb_g_hist_7	0.952247191011236	0.952247191011236	0.0	0.0
VUILD102LA_150_17_1	VUILD102LA	rgb_b_hist_0	0.0	0.0	0.0	0.0
VUILD102LA_150_17_1	VUILD102LA	rgb_b_hist_1	0.0	0.0	0.0	0.0
VUILD102LA_150_17_1	VUILD102LA	rgb_b_hist_2	0.0001276813074565	0.00012768130745658836	8.836247705756861e-17	6.920549203153563e-13
VUILD102LA_150_17_1	VUILD102LA	rgb_b_hist_3	0.001532175689479	0.0015321756894790602	6.028164079019405e-17	3.934381755573486e-14
VUILD102LA_150_17_1	VUILD102LA	rgb_b_hist_4	0.002170582226762	0.002170582226762002	1.734723475976807e-18	7.991973096382567e-16
VUILD102LA_150_17_1	VUILD102LA	rgb_b_hist_5	0.0068947906026557	0.006894790602655771	7.112366251504909e-17	1.0315565274405005e-14
VUILD102LA_150_17_1	VUILD102LA	rgb_b_hist_6	0.0283452502553626	0.028345250255362615	1.3877787807814457e-17	4.895983518504634e-16
VUILD102LA_150_17_1	VUILD102LA	rgb_b_hist_7	0.960929519918284	0.960929519918284	0.0	0.0
VUILD102LA_150_15_10	VUILD102LA	rgb_r_mean	0.9416448948750934	0.9416448948750934	0.0	0.0
VUILD102LA_150_15_10	VUILD102LA	rgb_r_sd	0.0305676968342307	0.030567696834230745	4.5102810375396984e-17	1.4755056823544975e-15
VUILD102LA_150_15_10	VUILD102LA	rgb_g_mean	0.9328568139910112	0.9328568139910113	1.1102230246251565e-16	1.19013229894878e-16
VUILD102LA_150_15_10	VUILD102LA	rgb_g_sd	0.052055644031751	0.05205564403175107	6.938893903907228e-17	1.332976285851904e-15
VUILD102LA_150_15_10	VUILD102LA	rgb_b_mean	0.9345107193081832	0.9345107193081832	0.0	0.0
VUILD102LA_150_15_10	VUILD102LA	rgb_b_sd	0.039456069435693	0.03945606943569309	9.020562075079397e-17	2.2862292681691093e-15
VUILD102LA_150_15_10	VUILD102LA	hed_hematoxylin_mean	0.0049417621518172	0.004941762151817227	2.688821387764051e-17	5.441017404642409e-15
VUILD102LA_150_15_10	VUILD102LA	hed_hematoxylin_sd	0.0033481379041235	0.0033481379041235613	6.114900252818245e-17	1.826358539559334e-14
VUILD102LA_150_15_10	VUILD102LA	hed_eosin_mean	0.0003658443158591	0.0003658443158591327	3.268869550043796e-17	8.935138276967946e-14
VUILD102LA_150_15_10	VUILD102LA	hed_eosin_sd	0.0021679477756426	0.002167947775642608	7.806255641895632e-18	3.6007581592143215e-15
VUILD102LA_150_15_10	VUILD102LA	hed_dab_mean	0.004692506219186	0.00469250621918606	5.984795992119984e-17	1.2753943655205546e-14
VUILD102LA_150_15_10	VUILD102LA	hed_dab_sd	0.0037210198138173	0.0037210198138173177	1.7780915628762273e-17	4.778506032872016e-15
VUILD102LA_150_15_10	VUILD102LA	brightness_mean	0.9440264982009722	0.9440264982009722	0.0	0.0
VUILD102LA_150_15_10	VUILD102LA	brightness_sd	0.0300843985431527	0.03008439854315278	7.979727989493313e-17	2.6524472404017937e-15
VUILD102LA_150_15_10	VUILD102LA	saturation_mean	0.0169177264048384	0.016917726404838407	6.938893903907228e-18	4.1015522640930835e-16
VUILD102LA_150_15_10	VUILD102LA	saturation_sd	0.0372160754463461	0.03721607544634617	6.938893903907228e-17	1.864488348297481e-15
VUILD102LA_150_15_10	VUILD102LA	rgb_r_hist_0	0.0	0.0	0.0	0.0
VUILD102LA_150_15_10	VUILD102LA	rgb_r_hist_1	0.0	0.0	0.0	0.0
VUILD102LA_150_15_10	VUILD102LA	rgb_r_hist_2	0.0003873966942148	0.00038739669421487604	7.605678239985814e-17	1.9632790763487234e-13
VUILD102LA_150_15_10	VUILD102LA	rgb_r_hist_3	0.0006456611570247	0.0006456611570247934	9.345822726825048e-17	1.4474810239308728e-13
VUILD102LA_150_15_10	VUILD102LA	rgb_r_hist_4	0.0002582644628099	0.00025826446280991736	1.734723475976807e-17	6.716849298982648e-14
VUILD102LA_150_15_10	VUILD102LA	rgb_r_hist_5	0.0019369834710743	0.0019369834710743802	8.023096076392733e-17	4.1420570677058596e-14
VUILD102LA_150_15_10	VUILD102LA	rgb_r_hist_6	0.0269886363636363	0.026988636363636364	6.245004513516506e-17	2.3139385144819106e-15
VUILD102LA_150_15_10	VUILD102LA	rgb_r_hist_7	0.9697830578512396	0.9697830578512396	0.0	0.0
VUILD102LA_150_15_10	VUILD102LA	rgb_g_hist_0	0.0	0.0	0.0	0.0
VUILD102LA_150_15_10	VUILD102LA	rgb_g_hist_1	0.0006456611570247	0.0006456611570247934	9.345822726825048e-17	1.4474810239308728e-13
VUILD102LA_150_15_10	VUILD102LA	rgb_g_hist_2	0.0006456611570247	0.0006456611570247934	9.345822726825048e-17	1.4474810239308728e-13
VUILD102LA_150_15_10	VUILD102LA	rgb_g_hist_3	0.0014204545454545	0.0014204545454545455	4.5536491244391186e-17	3.2057689836052424e-14
VUILD102LA_150_15_10	VUILD102LA	rgb_g_hist_4	0.0045196280991735	0.004519628099173553	5.377642775528102e-17	1.1898418758197178e-14
VUILD102LA_150_15_10	VUILD102LA	rgb_g_hist_5	0.0087809917355371	0.00878099173553719	9.020562075079397e-17	1.0272828339619937e-14
VUILD102LA_150_15_10	VUILD102LA	rgb_g_hist_6	0.0379648760330578	0.03796487603305785	4.85722573273506e-17	1.2793998664728012e-15
VUILD102LA_150_15_10	VUILD102LA	rgb_g_hist_7	0.9460227272727272	0.9460227272727273	1.1102230246251565e-16	1.1735690830872527e-16
VUILD102LA_150_15_10	VUILD102LA	rgb_b_hist_0	0.0	0.0	0.0	0.0
VUILD102LA_150_15_10	VUILD102LA	rgb_b_hist_1	0.0	0.0	0.0	0.0
VUILD102LA_150_15_10	VUILD102LA	rgb_b_hist_2	0.0001291322314049	0.00012913223140495868	5.868244258577793e-17	4.5443683538447076e-13
VUILD102LA_150_15_10	VUILD102LA	rgb_b_hist_3	0.0011621900826446	0.0011621900826446281	2.8189256484623115e-17	2.4255289135214077e-14
VUILD102LA_150_15_10	VUILD102LA	rgb_b_hist_4	0.0021952479338842	0.0021952479338842976	9.75781955236954e-17	4.44497380079724e-14
VUILD102LA_150_15_10	VUILD102LA	rgb_b_hist_5	0.006069214876033	0.006069214876033058	5.724587470723463e-17	9.432171356017643e-15
VUILD102LA_150_15_10	VUILD102LA	rgb_b_hist_6	0.0360278925619834	0.03602789256198347	6.938893903907228e-17	1.9259782936149706e-15
VUILD102LA_150_15_10	VUILD102LA	rgb_b_hist_7	0.9544163223140496	0.9544163223140496	0.0	0.0
VUILD102LA_150_18_10	VUILD102LA	rgb_r_mean	0.8489178294808535	0.8489178294808535	0.0	0.0
VUILD102LA_150_18_10	VUILD102LA	rgb_r_sd	0.1293112290207266	0.12931122902072664	5.551115123125783e-17	4.29283300852088e-16
VUILD102LA_150_18_10	VUILD102LA	rgb_g_mean	0.7073863740329254	0.7073863740329254	0.0	0.0
VUILD102LA_150_18_10	VUILD102LA	rgb_g_sd	0.2279943718090441	0.22799437180904417	5.551115123125783e-17	2.4347597175666687e-16
VUILD102LA_150_18_10	VUILD102LA	rgb_b_mean	0.7740110111815378	0.7740110111815378	0.0	0.0
VUILD102LA_150_18_10	VUILD102LA	rgb_b_sd	0.164433910510714	0.16443391051071407	8.326672684688674e-17	5.06384155119034e-16
VUILD102LA_150_18_10	VUILD102LA	hed_hematoxylin_mean	0.0104676679845928	0.010467667984592829	2.949029909160572e-17	2.8172749780573898e-15
VUILD102LA_150_18_10	VUILD102LA	hed_hematoxylin_sd	0.0157292024773035	0.01572920247730351	1.0408340855860843e-17	6.617208260164232e-16
VUILD102LA_150_18_10	VUILD102LA	hed_eosin_mean	0.0114444609335847	0.011444460933584722	2.2551405187698492e-17	1.970508293799978e-15
VUILD102LA_150_18_10	VUILD102LA	hed_eosin_sd	0.0112021573033015	0.01120215730330151	1.0408340855860843e-17	9.291371808172428e-16
VUILD102LA_150_18_10	VUILD102LA	hed_dab_mean	0.0208251309448511	0.02082513094485117	6.938893903907228e-17	3.331980923569094e-15
VUILD102LA_150_18_10	VUILD102LA	hed_dab_sd	0.0167471603297364	0.01674716032973649	9.020562075079397e-17	5.386323351226543e-15
VUILD102LA_150_18_10	VUILD102LA	brightness_mean	0.8540076648947313	0.8540076648947313	0.0	0.0
VUILD102LA_150_18_10	VUILD102LA	brightness_sd	0.1274585258310755	0.12745852583107556	5.551115123125783e-17	4.3552324859639733e-16
VUILD102LA_150_18_10	VUILD102LA	saturation_mean	0.1963234066420565	0.19632340664205658	8.326672684688674e-17	4.241304094661594e-16
VUILD102LA_150_18_10	VUILD102LA	saturation_sd	0.1664246693288432	0.16642466932884326	5.551115123125783e-17	3.335512184288723e-16
VUILD102LA_150_18_10	VUILD102LA	rgb_r_hist_0	0.0	0.0	0.0	0.0
VUILD102LA_150_18_10	VUILD102LA	rgb_r_hist_1	0.0010330578512396	0.0010330578512396695	6.938893903907228e-17	6.716849298982648e-14
VUILD102LA_150_18_10	VUILD102LA	rgb_r_hist_2	0.0047778925619834	0.004777892561983471	7.112366251504909e-17	1.4885990338285092e-14
VUILD102LA_150_18_10	VUILD102LA	rgb_r_hist_3	0.0200154958677685	0.020015495867768594	9.367506770274758e-17	4.680127253484392e-15
VUILD102LA_150_18_10	VUILD102LA	rgb_r_hist_4	0.0480371900826446	0.04803719008264463	2.7755575615628914e-17	5.777934880844904e-16
VUILD102LA_150_18_10	VUILD102LA	rgb_r_hist_5	0.1089876033057851	0.10898760330578512	2.7755575615628914e-17	2.5466727199932507e-16
VUILD102LA_150_18_10	VUILD102LA	rgb_r_hist_6	0.275051652892562	0.275051652892562	0.0	0.0
VUILD102LA_150_18_10	VUILD102LA	rgb_r_hist_7	0.5420971074380165	0.5420971074380165	0.0	0.0
VUILD102LA_150_18_10	VUILD102LA	rgb_g_hist_0	0.0002582644628099	0.00025826446280991736	1.734723475976807e-17	6.716849298982648e-14
VUILD102LA_150_18_10	VUILD102LA	rgb_g_hist_1	0.0103305785123966	0.010330578512396695	9.367506770274758e-17	9.067746553626048e-15
VUILD102LA_150_18_10	VUILD102LA	rgb_g_hist_2	0.0617252066115702	0.06172520661157025	4.85722573273506e-17	7.869112149435216e-16
VUILD102LA_150_18_10	VUILD102LA	rgb_g_hist_3	0.1587035123966942	0.15870351239669422	2.7755575615628914e-17	1.748894854088123e-16
VUILD102LA_150_18_10	VUILD102LA	rgb_g_hist_4	0.2035123966942148	0.20351239669421486	5.551115123125783e-17	2.727654537657746e-16
VUILD102LA_150_18_10	VUILD102LA	rgb_g_hist_5	0.1004648760330578	0.10046487603305786	5.551115123125783e-17	5.525428729239856e-16
VUILD102LA_150_18_10	VUILD102LA	rgb_g_hist_6	0.0583677685950413	0.05836776859504132	2.0816681711721685e-17	3.5664686543268317e-16
VUILD102LA_150_18_10	VUILD102LA	rgb_g_hist_7	0.4066373966942149	0.4066373966942149	0.0	0.0
VUILD102LA_150_18_10	VUILD102LA	rgb_b_hist_0	0.0	0.0	0.0	0.0
VUILD102LA_150_18_10	VUILD102LA	rgb_b_hist_1	0.0	0.0	0.0	0.0
VUILD102LA_150_18_10	VUILD102LA	rgb_b_hist_2	0.003099173553719	0.0030991735537190084	8.239936510889834e-18	2.658752847513793e-15
VUILD102LA_150_18_10	VUILD102LA	rgb_b_hist_3	0.0410640495867768	0.04106404958677686	6.245004513516506e-17	1.5207960676940845e-15
VUILD102LA_150_18_10	VUILD102LA	rgb_b_hist_4	0.1884039256198347	0.1884039256198347	0.0	0.0
VUILD102LA_150_18_10	VUILD102LA	rgb_b_hist_5	0.240444214876033	0.24044421487603307	5.551115123125783e-17	2.3086914883719694e-16
VUILD102LA_150_18_10	VUILD102LA	rgb_b_hist_6	0.1052427685950413	0.10524276859504132	2.7755575615628914e-17	2.637290522299759e-16
VUILD102LA_150_18_10	VUILD102LA	rgb_b_hist_7	0.421745867768595	0.421745867768595	0.0	0.0
VUILD102LA_150_17_24	VUILD102LA	rgb_r_mean	0.8267865467748098	0.8267865467748098	0.0	0.0
VUILD102LA_150_17_24	VUILD102LA	rgb_r_sd	0.1143408183853368	0.1143408183853368	0.0	0.0
VUILD102LA_150_17_24	VUILD102LA	rgb_g_mean	0.629514924624404	0.629514924624404	0.0	0.0
VUILD102LA_150_17_24	VUILD102LA	rgb_g_sd	0.1922559078300859	0.1922559078300859	0.0	0.0
VUILD102LA_150_17_24	VUILD102LA	rgb_b_mean	0.7222696379344602	0.7222696379344602	0.0	0.0
VUILD102LA_150_17_24	VUILD102LA	rgb_b_sd	0.1440666226638044	0.14406662266380446	5.551115123125783e-17	3.8531583655430943e-16
VUILD102LA_150_17_24	VUILD102LA	hed_hematoxylin_mean	0.0103867848101398	0.01038678481013986	5.898059818321144e-17	5.678426891604929e-15
VUILD102LA_150_17_24	VUILD102LA	hed_hematoxylin_sd	0.0129609229862139	0.01296092298621394	3.9898639947466563e-17	3.078379525123744e-15
VUILD102LA_150_17_24	VUILD102LA	hed_eosin_mean	0.0156972727767711	0.015697272776771187	8.673617379884035e-17	5.525556893372775e-15
VUILD102LA_150_17_24	VUILD102LA	hed_eosin_sd	0.0102926975359344	0.01029269753593449	9.020562075079397e-17	8.764040761507217e-15
VUILD102LA_150_17_24	VUILD102LA	hed_dab_mean	0.0262981499190635	0.02629814991906356	6.245004513516506e-17	2.3746934794791436e-15
VUILD102LA_150_17_24	VUILD102LA	hed_dab_sd	0.015625921269368	0.01562592126936806	5.898059818321144e-17	3.7745357324200154e-15
VUILD102LA_150_17_24	VUILD102LA	brightness_mean	0.8303821524024863	0.8303821524024863	0.0	0.0
VUILD102LA_150_17_24	VUILD102LA	brightness_sd	0.1152104673597537	0.11521046735975372	2.7755575615628914e-17	2.409119262485062e-16
VUILD102LA_150_17_24	VUILD102LA	saturation_mean	0.2593958916470067	0.25939589164700677	5.551115123125783e-17	2.1400165931231854e-16
VUILD102LA_150_17_24	VUILD102LA	saturation_sd	0.1404584278864745	0.14045842788647456	5.551115123125783e-17	3.9521410047480174e-16
VUILD102LA_150_17_24	VUILD102LA	rgb_r_hist_0	0.0	0.0	0.0	0.0
VUILD102LA_150_17_24	VUILD102LA	rgb_r_hist_1	0.0001276813074565	0.00012768130745658836	8.836247705756861e-17	6.920549203153563e-13
VUILD102LA_150_17_24	VUILD102LA	rgb_r_hist_2	0.001532175689479	0.0015321756894790602	6.028164079019405e-17	3.934381755573486e-14
VUILD102LA_150_17_24	VUILD102LA	rgb_r_hist_3	0.0127681307456588	0.012768130745658836	3.642919299551295e-17	2.853134395408582e-15
VUILD102LA_150_17_24	VUILD102LA	rgb_r_hist_4	0.0472420837589376	0.047242083758937695	9.71445146547012e-17	2.0563130777719495e-15
VUILD102LA_150_17_24	VUILD102LA	rgb_r_hist_5	0.151046986721144	0.15104698672114403	2.7755575615628914e-17	1.8375458006898198e-16
VUILD102LA_150_17_24	VUILD102LA	rgb_r_hist_6	0.4092185903983656	0.40921859039836567	5.551115123125783e-17	1.356515870337633e-16
VUILD102LA_150_17_24	VUILD102LA	rgb_r_hist_7	0.3780643513789581	0.3780643513789581	0.0	0.0
VUILD102LA_150_17_24	VUILD102LA	rgb_g_hist_0	0.0	0.0	0.0	0.0
VUILD102LA_150_17_24	VUILD102LA	rgb_g_hist_1	0.0075331971399387	0.007533197139938713	1.3010426069826053e-17	1.7270789318453869e-15
VUILD102LA_150_17_24	VUILD102LA	rgb_g_hist_2	0.0640960163432073	0.06409601634320736	5.551115123125783e-17	8.660624231936487e-16
VUILD102LA_150_17_24	VUILD102LA	rgb_g_hist_3	0.2142492339121552	0.21424923391215525	5.551115123125783e-17	2.590961480591248e-16
VUILD102LA_150_17_24	VUILD102LA	rgb_g_hist_4	0.2634065372829418	0.2634065372829418	0.0	0.0
VUILD102LA_150_17_24	VUILD102LA	rgb_g_hist_5	0.1807967313585291	0.1807967313585291	0.0	0.0
VUILD102LA_150_17_24	VUILD102LA	rgb_g_hist_6	0.1098059244126659	0.10980592441266598	8.326672684688674e-17	7.583081449590901e-16
VUILD102LA_150_17_24	VUILD102LA	rgb_g_hist_7	0.1601123595505618	0.1601123595505618	0.0	0.0
VUILD102LA_150_17_24	VUILD102LA	rgb_b_hist_0	0.0	0.0	0.0	0.0
VUILD102LA_150_17_24	VUILD102LA	rgb_b_hist_1	0.0	0.0	0.0	0.0
VUILD102LA_150_17_24	VUILD102LA	rgb_b_hist_2	0.0024259448416751	0.002425944841675179	7.892991815694472e-17	3.253574310553743e-14
VUILD102LA_150_17_24	VUILD102LA	rgb_b_hist_3	0.0473697650663942	0.04736976506639428	8.326672684688674e-17	1.7578032470749814e-15
VUILD102LA_150_17_24	VUILD102LA	rgb_b_hist_4	0.2295709908069458	0.22957099080694587	8.326672684688674e-17	3.6270578679911967e-16
VUILD102LA_150_17_24	VUILD102LA	rgb_b_hist_5	0.3306945863125638	0.3306945863125638	0.0	0.0
VUILD102LA_150_17_24	VUILD102LA	rgb_b_hist_6	0.1926710929519918	0.19267109295199183	2.7755575615628914e-17	1.4405677151862536e-16
VUILD102LA_150_17_24	VUILD102LA	rgb_b_hist_7	0.197267620020429	0.197267620020429	0.0	0.0
VUILD102MA_150_6_18	VUILD102MA	rgb_r_mean	0.8528773782013296	0.8528773782013296	0.0	0.0
VUILD102MA_150_6_18	VUILD102MA	rgb_r_sd	0.111875485848323	0.11187548584832309	8.326672684688674e-17	7.442803596828795e-16
VUILD102MA_150_6_18	VUILD102MA	rgb_g_mean	0.6640273200300876	0.6640273200300876	0.0	0.0
VUILD102MA_150_6_18	VUILD102MA	rgb_g_sd	0.1775412117654553	0.1775412117654553	0.0	0.0
VUILD102MA_150_6_18	VUILD102MA	rgb_b_mean	0.7474188888847177	0.7474188888847177	0.0	0.0
VUILD102MA_150_6_18	VUILD102MA	rgb_b_sd	0.13204323117135	0.13204323117135	0.0	0.0
VUILD102MA_150_6_18	VUILD102MA	hed_hematoxylin_mean	0.0087021897816752	0.00870218978167522	2.0816681711721685e-17	2.3921199415297523e-15
VUILD102MA_150_6_18	VUILD102MA	hed_hematoxylin_sd	0.0258802692878282	0.02588026928782828	7.979727989493313e-17	3.0833249456358145e-15
VUILD102MA_150_6_18	VUILD102MA	hed_eosin_mean	0.0140799795942927	0.014079979594292726	2.6020852139652106e-17	1.8480745632756187e-15
VUILD102MA_150_6_18	VUILD102MA	hed_eosin_sd	0.0095091843252147	0.009509184325214734	3.469446951953614e-17	3.6485221374392494e-15
VUILD102MA_150_6_18	VUILD102MA	hed_dab_mean	0.0239040301528677	0.023904030152867795	9.367506770274758e-17	3.918798089848864e-15
VUILD102MA_150_6_18	VUILD102MA	hed_dab_sd	0.0150743903356316	0.015074390335631654	5.377642775528102e-17	3.5674031624462275e-15
VUILD102MA_150_6_18	VUILD102MA	brightness_mean	0.8555390213573859	0.8555390213573859	0.0	0.0
VUILD102MA_150_6_18	VUILD102MA	brightness_sd	0.1086306261181088	0.10863062611810888	8.326672684688674e-17	7.665124451768775e-16
VUILD102MA_150_6_18	VUILD102MA	saturation_mean	0.2363037870633911	0.23630378706339114	2.7755575615628914e-17	1.1745717646151464e-16
VUILD102MA_150_6_18	VUILD102MA	saturation_sd	0.134509789065656	0.13450978906565605	5.551115123125783e-17	4.126922777654651e-16
VUILD102MA_150_6_18	VUILD102MA	rgb_r_hist_0	0.0015495867768595	0.0015495867768595042	4.119968255444917e-18	2.658752847513793e-15
VUILD102MA_150_6_18	VUILD102MA	rgb_r_hist_1	0.0014204545454545	0.0014204545454545455	4.5536491244391186e-17	3.2057689836052424e-14
VUILD102MA_150_6_18	VUILD102MA	rgb_r_hist_2	0.0019369834710743	0.0019369834710743802	8.023096076392733e-17	4.1420570677058596e-14
VUILD102MA_150_6_18	VUILD102MA	rgb_r_hist_3	0.0107179752066115	0.010717975206611571	7.112366251504909e-17	6.6359234038137805e-15
VUILD102MA_150_6_18	VUILD102MA	rgb_r_hist_4	0.0325413223140495	0.03254132231404959	9.020562075079397e-17	2.7720330440244063e-15
VUILD102MA_150_6_18	VUILD102MA	rgb_r_hist_5	0.0807076446280991	0.08070764462809918	8.326672684688674e-17	1.0317080523236664e-15
VUILD102MA_150_6_18	VUILD102MA	rgb_r_hist_6	0.3694473140495867	0.36944731404958675	5.551115123125783e-17	1.502545806133732e-16
VUILD102MA_150_6_18	VUILD102MA	rgb_r_hist_7	0.5016787190082644	0.5016787190082644	0.0	0.0
VUILD102MA_150_6_18	VUILD102MA	rgb_g_hist_0	0.0015495867768595	0.0015495867768595042	4.119968255444917e-18	2.658752847513793e-15
VUILD102MA_150_6_18	VUILD102MA	rgb_g_hist_1	0.0037448347107438	0.0037448347107438018	1.734723475976807e-18	4.632309861367035e-16
VUILD102MA_150_6_18	VUILD102MA	rgb_g_hist_2	0.0370609504132231	0.03706095041322314	4.163336342344337e-17	1.1233754925127034e-15
VUILD102MA_150_6_18	VUILD102MA	rgb_g_hist_3	0.1268078512396694	0.12680785123966942	2.7755575615628914e-17	2.1887899955950138e-16
VUILD102MA_150_6_18	VUILD102MA	rgb_g_hist_4	0.296745867768595	0.296745867768595	0.0	0.0
VUILD102MA_150_6_18	VUILD102MA	rgb_g_hist_5	0.240444214876033	0.24044421487603307	5.551115123125783e-17	2.3086914883719694e-16
VUILD102MA_150_6_18	VUILD102MA	rgb_g_hist_6	0.1074380165289256	0.10743801652892562	2.7755575615628914e-17	2.583403576531615e-16
VUILD102MA_150_6_18	VUILD102MA	rgb_g_hist_7	0.1862086776859504	0.18620867768595042	2.7755575615628914e-17	1.490562951230446e-16
VUILD102MA_150_6_18	VUILD102MA	rgb_b_hist_0	0.0015495867768595	0.0015495867768595042	4.119968255444917e-18	2.658752847513793e-15
VUILD102MA_150_6_18	VUILD102MA	rgb_b_hist_1	0.0012913223140495	0.0012913223140495868	8.673617379884035e-17	6.716849298982648e-14
VUILD102MA_150_6_18	VUILD102MA	rgb_b_hist_2	0.0012913223140495	0.0012913223140495868	8.673617379884035e-17	6.716849298982648e-14
VUILD102MA_150_6_18	VUILD102MA	rgb_b_hist_3	0.0189824380165289	0.018982438016528925	2.42861286636753e-17	1.2793998664728012e-15
VUILD102MA_150_6_18	VUILD102MA	rgb_b_hist_4	0.1443698347107438	0.1443698347107438	0.0	0.0
VUILD102MA_150_6_18	VUILD102MA	rgb_b_hist_5	0.3769369834710744	0.3769369834710744	0.0	0.0
VUILD102MA_150_6_18	VUILD102MA	rgb_b_hist_6	0.2414772727272727	0.24147727272727273	2.7755575615628914e-17	1.1494073666707504e-16
VUILD102MA_150_6_18	VUILD102MA	rgb_b_hist_7	0.2141012396694215	0.2141012396694215	0.0	0.0
VUILD102MA_150_10_6	VUILD102MA	rgb_r_mean	0.845967538242059	0.845967538242059	0.0	0.0
VUILD102MA_150_10_6	VUILD102MA	rgb_r_sd	0.1167146136802688	0.11671461368026881	1.3877787807814457e-17	1.189036005879405e-16
VUILD102MA_150_10_6	VUILD102MA	rgb_g_mean	0.6686553169269892	0.6686553169269892	0.0	0.0
VUILD102MA_150_10_6	VUILD102MA	rgb_g_sd	0.1844269794790425	0.1844269794790425	0.0	0.0
VUILD102MA_150_10_6	VUILD102MA	rgb_b_mean	0.7516053048879378	0.7516053048879378	0.0	0.0
VUILD102MA_150_10_6	VUILD102MA	rgb_b_sd	0.1363600867251144	0.1363600867251144	0.0	0.0
VUILD102MA_150_10_6	VUILD102MA	hed_hematoxylin_mean	0.0097970297571928	0.009797029757192809	8.673617379884035e-18	8.853313294793275e-16
VUILD102MA_150_10_6	VUILD102MA	hed_hematoxylin_sd	0.0154083990147358	0.015408399014735836	3.469446951953614e-17	2.251659597233699e-15
VUILD102MA_150_10_6	VUILD102MA	hed_eosin_mean	0.0132959470908259	0.013295947090825934	3.469446951953614e-17	2.6094018938654664e-15
VUILD102MA_150_10_6	VUILD102MA	hed_eosin_sd	0.0096276580105776	0.00962765801057762	1.9081958235744878e-17	1.9819937740601233e-15
VUILD102MA_150_10_6	VUILD102MA	hed_dab_mean	0.0230972253877053	0.02309722538770533	2.7755575615628914e-17	1.2016844079637055e-15
VUILD102MA_150_10_6	VUILD102MA	hed_dab_sd	0.0155789726139273	0.015578972613927362	6.245004513516506e-17	4.008611266145749e-15
VUILD102MA_150_10_6	VUILD102MA	brightness_mean	0.8494652492621498	0.8494652492621498	0.0	0.0
VUILD102MA_150_10_6	VUILD102MA	brightness_sd	0.1148891602360811	0.11488916023608113	2.7755575615628914e-17	2.415856775225365e-16
VUILD102MA_150_10_6	VUILD102MA	saturation_mean	0.2269559006603201	0.2269559006603201	0.0	0.0
VUILD102MA_150_10_6	VUILD102MA	saturation_sd	0.1353147379100715	0.13531473791007154	2.7755575615628914e-17	2.0511864446040552e-16
VUILD102MA_150_10_6	VUILD102MA	rgb_r_hist_0	0.0006456611570247	0.0006456611570247934	9.345822726825048e-17	1.4474810239308728e-13
VUILD102MA_150_10_6	VUILD102MA	rgb_r_hist_1	0.0019369834710743	0.0019369834710743802	8.023096076392733e-17	4.1420570677058596e-14
VUILD102MA_150_10_6	VUILD102MA	rgb_r_hist_2	0.0016787190082644	0.0016787190082644629	6.288372600415926e-17	3.745935185970981e-14
VUILD102MA_150_10_6	VUILD102MA	rgb_r_hist_3	0.0114927685950413	0.011492768595041322	2.2551405187698492e-17	1.9622256379049155e-15
VUILD102MA_150_10_6	VUILD102MA	rgb_r_hist_4	0.0422262396694214	0.04222623966942149	9.020562075079397e-17	2.1362456486059632e-15
VUILD102MA_150_10_6	VUILD102MA	rgb_r_hist_5	0.1082128099173553	0.10821280991735537	6.938893903907228e-17	6.412266633873224e-16
VUILD102MA_150_10_6	VUILD102MA	rgb_r_hist_6	0.3366477272727273	0.3366477272727273	0.0	0.0
VUILD102MA_150_10_6	VUILD102MA	rgb_r_hist_7	0.4971590909090909	0.4971590909090909	0.0	0.0
VUILD102MA_150_10_6	VUILD102MA	rgb_g_hist_0	0.0016787190082644	0.0016787190082644629	6.288372600415926e-17	3.745935185970981e-14
VUILD102MA_150_10_6	VUILD102MA	rgb_g_hist_1	0.003099173553719	0.0030991735537190084	8.239936510889834e-18	2.658752847513793e-15
VUILD102MA_150_10_6	VUILD102MA	rgb_g_hist_2	0.037319214876033	0.037319214876033055	5.551115123125783e-17	1.487468356868032e-15
VUILD102MA_150_10_6	VUILD102MA	rgb_g_hist_3	0.1514721074380165	0.15147210743801653	2.7755575615628914e-17	1.832388555562066e-16
VUILD102MA_150_10_6	VUILD102MA	rgb_g_hist_4	0.2583935950413223	0.2583935950413223	0.0	0.0
VUILD102MA_150_10_6	VUILD102MA	rgb_g_hist_5	0.2151342975206611	0.21513429752066116	5.551115123125783e-17	2.5803022517098484e-16
VUILD102MA_150_10_6	VUILD102MA	rgb_g_hist_6	0.137396694214876	0.13739669421487602	2.7755575615628914e-17	2.0201050523254733e-16
VUILD102MA_150_10_6	VUILD102MA	rgb_g_hist_7	0.1955061983471074	0.19550619834710745	5.551115123125783e-17	2.839355053730916e-16
VUILD102MA_150_10_6	VUILD102MA	rgb_b_hist_0	0.0014204545454545	0.0014204545454545455	4.5536491244391186e-17	3.2057689836052424e-14
VUILD102MA_150_10_6	VUILD102MA	rgb_b_hist_1	0.0010330578512396	0.0010330578512396695	6.938893903907228e-17	6.716849298982648e-14
VUILD102MA_150_10_6	VUILD102MA	rgb_b_hist_2	0.0015495867768595	0.0015495867768595042	4.119968255444917e-18	2.658752847513793e-15
VUILD102MA_150_10_6	VUILD102MA	rgb_b_hist_3	0.0210485537190082	0.021048553719008264	6.245004513516506e-17	2.9669518375872373e-15
VUILD102MA_150_10_6	VUILD102MA	rgb_b_hist_4	0.1590909090909091	0.1590909090909091	0.0	0.0
VUILD102MA_150_10_6	VUILD102MA	rgb_b_hist_5	0.3234762396694214	0.32347623966942146	5.551115123125783e-17	1.7160812580233961e-16
VUILD102MA_150_10_6	VUILD102MA	rgb_b_hist_6	0.2614927685950413	0.26149276859504134	5.551115123125783e-17	2.1228560747400528e-16
VUILD102MA_150_10_6	VUILD102MA	rgb_b_hist_7	0.2308884297520661	0.2308884297520661	0.0	0.0
VUILD102MA_150_4_14	VUILD102MA	rgb_r_mean	0.8524264540823902	0.8524264540823902	0.0	0.0
VUILD102MA_150_4_14	VUILD102MA	rgb_r_sd	0.1044482528195962	0.10444825281959627	6.938893903907228e-17	6.643379584235016e-16
VUILD102MA_150_4_14	VUILD102MA	rgb_g_mean	0.6800431752571716	0.6800431752571716	0.0	0.0
VUILD102MA_150_4_14	VUILD102MA	rgb_g_sd	0.1754478960228713	0.1754478960228713	0.0	0.0
VUILD102MA_150_4_14	VUILD102MA	rgb_b_mean	0.7611077866223056	0.7611077866223056	0.0	0.0
VUILD102MA_150_4_14	VUILD102MA	rgb_b_sd	0.127271197975223	0.12727119797522307	8.326672684688674e-17	6.542464294482166e-16
VUILD102MA_150_4_14	VUILD102MA	hed_hematoxylin_mean	0.0088650815095757	0.008865081509575776	7.632783294297951e-17	8.609941472115433e-15
VUILD102MA_150_4_14	VUILD102MA	hed_hematoxylin_sd	0.0116789650889776	0.011678965088977679	7.806255641895632e-17	6.684030290717314e-15
VUILD102MA_150_4_14	VUILD102MA	hed_eosin_mean	0.0126903704826476	0.012690370482647616	1.5612511283791264e-17	1.2302644201868892e-15
VUILD102MA_150_4_14	VUILD102MA	hed_eosin_sd	0.0091254087416578	0.009125408741657891	9.194034422677078e-17	1.0075202857167373e-14
VUILD102MA_150_4_14	VUILD102MA	hed_dab_mean	0.0218720994763065	0.021872099476306524	2.42861286636753e-17	1.1103702545786176e-15
VUILD102MA_150_4_14	VUILD102MA	hed_dab_sd	0.0131281250376325	0.013128125037632539	3.8163916471489756e-17	2.9070348097760165e-15
VUILD102MA_150_4_14	VUILD102MA	brightness_mean	0.8552204214219115	0.8552204214219115	0.0	0.0
VUILD102MA_150_4_14	VUILD102MA	brightness_sd	0.1039303333176227	0.10393033331762273	2.7755575615628914e-17	2.6705943038597574e-16
VUILD102MA_150_4_14	VUILD102MA	saturation_mean	0.2183717064170259	0.2183717064170259	0.0	0.0
VUILD102MA_150_4_14	VUILD102MA	saturation_sd	0.1270081939374688	0.12700819393746887	8.326672684688674e-17	6.556012196180214e-16
VUILD102MA_150_4_14	VUILD102MA	rgb_r_hist_0	0.0	0.0	0.0	0.0
VUILD102MA_150_4_14	VUILD102MA	rgb_r_hist_1	0.0	0.0	0.0	0.0
VUILD102MA_150_4_14	VUILD102MA	rgb_r_hist_2	0.0012768130745658	0.0012768130745658835	8.348356728138384e-17	6.53843298947841e-14
VUILD102MA_150_4_14	VUILD102MA	rgb_r_hist_3	0.0076608784473953	0.007660878447395302	1.734723475976807e-18	2.2643923773083927e-16
VUILD102MA_150_4_14	VUILD102MA	rgb_r_hist_4	0.0294943820224719	0.02949438202247191	1.0408340855860843e-17	3.5289231854156774e-16
VUILD102MA_150_4_14	VUILD102MA	rgb_r_hist_5	0.1131256384065372	0.11312563840653728	8.326672684688674e-17	7.360553100054374e-16
VUILD102MA_150_4_14	VUILD102MA	rgb_r_hist_6	0.3550817160367722	0.35508171603677224	5.551115123125783e-17	1.563334543125535e-16
VUILD102MA_150_4_14	VUILD102MA	rgb_r_hist_7	0.4933605720122574	0.4933605720122574	0.0	0.0
VUILD102MA_150_4_14	VUILD102MA	rgb_g_hist_0	0.0	0.0	0.0	0.0
VUILD102MA_150_4_14	VUILD102MA	rgb_g_hist_1	0.0025536261491317	0.002553626149131767	6.722053469410127e-17	2.6323561386210753e-14
VUILD102MA_150_4_14	VUILD102MA	rgb_g_hist_2	0.0348569969356486	0.03485699693564862	2.0816681711721685e-17	5.972023852241917e-16
VUILD102MA_150_4_14	VUILD102MA	rgb_g_hist_3	0.1325331971399387	0.13253319713993872	2.7755575615628914e-17	2.0942357246782821e-16
VUILD102MA_150_4_14	VUILD102MA	rgb_g_hist_4	0.2285495403472931	0.22854954034729316	5.551115123125783e-17	2.428845454990008e-16
VUILD102MA_150_4_14	VUILD102MA	rgb_g_hist_5	0.245658835546476	0.245658835546476	0.0	0.0
VUILD102MA_150_4_14	VUILD102MA	rgb_g_hist_6	0.1823289070480081	0.18232890704800817	5.551115123125783e-17	3.04456117957431e-16
VUILD102MA_150_4_14	VUILD102MA	rgb_g_hist_7	0.1735188968335035	0.17351889683350358	8.326672684688674e-17	4.798712322772754e-16
VUILD102MA_150_4_14	VUILD102MA	rgb_b_hist_0	0.0	0.0	0.0	0.0
VUILD102MA_150_4_14	VUILD102MA	rgb_b_hist_1	0.0	0.0	0.0	0.0
VUILD102MA_150_4_14	VUILD102MA	rgb_b_hist_2	0.0008937691521961	0.0008937691521961185	1.8539857149502126e-17	2.074345159927195e-14
VUILD102MA_150_4_14	VUILD102MA	rgb_b_hist_3	0.021067415730337	0.021067415730337078	7.979727989493313e-17	3.787710885679507e-15
VUILD102MA_150_4_14	VUILD102MA	rgb_b_hist_4	0.1284473953013279	0.1284473953013279	0.0	0.0
VUILD102MA_150_4_14	VUILD102MA	rgb_b_hist_5	0.3193309499489274	0.31933094994892747	5.551115123125783e-17	1.738358002571817e-16
VUILD102MA_150_4_14	VUILD102MA	rgb_b_hist_6	0.3073289070480082	0.3073289070480082	0.0	0.0
VUILD102MA_150_4_14	VUILD102MA	rgb_b_hist_7	0.2229315628192032	0.22293156281920326	5.551115123125783e-17	2.4900534733288167e-16
VUILD102MA_150_12_8	VUILD102MA	rgb_r_mean	0.8467489090863238	0.8467489090863238	0.0	0.0
VUILD102MA_150_12_8	VUILD102MA	rgb_r_sd	0.1091455707844462	0.10914557078444621	1.3877787807814457e-17	1.2714934475190002e-16
VUILD102MA_150_12_8	VUILD102MA	rgb_g_mean	0.6588225543297702	0.6588225543297702	0.0	0.0
VUILD102MA_150_12_8	VUILD102MA	rgb_g_sd	0.1714279906775367	0.17142799067753675	5.551115123125783e-17	3.238161458456143e-16
VUILD102MA_150_12_8	VUILD102MA	rgb_b_mean	0.7471249319265895	0.7471249319265895	0.0	0.0
VUILD102MA_150_12_8	VUILD102MA	rgb_b_sd	0.1243709634986472	0.12437096349864729	9.71445146547012e-17	7.81086773970018e-16
VUILD102MA_150_12_8	VUILD102MA	hed_hematoxylin_mean	0.0091679353447552	0.009167935344755263	6.245004513516506e-17	6.8117894364178216e-15
VUILD102MA_150_12_8	VUILD102MA	hed_hematoxylin_sd	0.0135467671886666	0.013546767188666651	5.204170427930421e-17	3.841632734549611e-15
VUILD102MA_150_12_8	VUILD102MA	hed_eosin_mean	0.0140091554366079	0.014009155436607905	5.204170427930421e-18	3.7148352386262984e-16
VUILD102MA_150_12_8	VUILD102MA	hed_eosin_sd	0.0087725593247866	0.008772559324786634	3.469446951953614e-17	3.9548857106623346e-15
VUILD102MA_150_12_8	VUILD102MA	hed_dab_mean	0.0232954748133957	0.02329547481339574	3.8163916471489756e-17	1.6382545012366173e-15
VUILD102MA_150_12_8	VUILD102MA	hed_dab_sd	0.0126125613512291	0.01261256135122911	1.0408340855860843e-17	8.252360932893735e-16
VUILD102MA_150_12_8	VUILD102MA	brightness_mean	0.8494629652557191	0.8494629652557191	0.0	0.0
VUILD102MA_150_12_8	VUILD102MA	brightness_sd	0.1071066738377505	0.10710667383775058	8.326672684688674e-17	7.774186599522503e-16
VUILD102MA_150_12_8	VUILD102MA	saturation_mean	0.2366391743181524	0.23663917431815248	8.326672684688674e-17	3.5187211537062658e-16
VUILD102MA_150_12_8	VUILD102MA	saturation_sd	0.1235129978307646	0.12351299783076462	2.7755575615628914e-17	2.247178523968719e-16
VUILD102MA_150_12_8	VUILD102MA	rgb_r_hist_0	0.0	0.0	0.0	0.0
VUILD102MA_150_12_8	VUILD102MA	rgb_r_hist_1	0.0008837268021714	0.000883726802171443	4.3042826247674526e-17	4.8706032386835214e-14
VUILD102MA_150_12_8	VUILD102MA	rgb_r_hist_2	0.0013887135462694	0.0013887135462694105	1.0625181290357943e-17	7.651096454629628e-15
VUILD102MA_150_12_8	VUILD102MA	rgb_r_hist_3	0.0087110213356899	0.008711021335689939	3.8163916471489756e-17	4.3811069908792995e-15
VUILD102MA_150_12_8	VUILD102MA	rgb_r_hist_4	0.0402726928418129	0.0402726928418129	0.0	0.0
VUILD102MA_150_12_8	VUILD102MA	rgb_r_hist_5	0.1023860623658629	0.1023860623658629	0.0	0.0
VUILD102MA_150_12_8	VUILD102MA	rgb_r_hist_6	0.3802550183057694	0.38025501830576947	5.551115123125783e-17	1.4598400693983843e-16
VUILD102MA_150_12_8	VUILD102MA	rgb_r_hist_7	0.4661027648024239	0.46610276480242396	5.551115123125783e-17	1.190963783593698e-16
VUILD102MA_150_12_8	VUILD102MA	rgb_g_hist_0	0.0001262466860244	0.00012624668602449185	9.185902906383436e-17	7.276153692151615e-13
VUILD102MA_150_12_8	VUILD102MA	rgb_g_hist_1	0.0027774270925388	0.002777427092538821	2.1250362580715887e-17	7.651096454629628e-15
VUILD102MA_150_12_8	VUILD102MA	rgb_g_hist_2	0.0340866052266128	0.034086605226612804	6.938893903907228e-18	2.035665874549969e-16
VUILD102MA_150_12_8	VUILD102MA	rgb_g_hist_3	0.1376088877666961	0.13760888776669614	2.7755575615628914e-17	2.0169900408385014e-16
VUILD102MA_150_12_8	VUILD102MA	rgb_g_hist_4	0.2942810251230905	0.2942810251230905	0.0	0.0
VUILD102MA_150_12_8	VUILD102MA	rgb_g_hist_5	0.2489584648402979	0.24895846484029793	2.7755575615628914e-17	1.114867720341768e-16
VUILD102MA_150_12_8	VUILD102MA	rgb_g_hist_6	0.1294028531751041	0.12940285317510417	5.551115123125783e-17	4.2897934527101794e-16
VUILD102MA_150_12_8	VUILD102MA	rgb_g_hist_7	0.1527584900896351	0.15275849008963516	5.551115123125783e-17	3.6339159413454e-16
VUILD102MA_150_12_8	VUILD102MA	rgb_b_hist_0	0.0	0.0	0.0	0.0
VUILD102MA_150_12_8	VUILD102MA	rgb_b_hist_1	0.0001262466860244	0.00012624668602449185	9.185902906383436e-17	7.276153692151615e-13
VUILD102MA_150_12_8	VUILD102MA	rgb_b_hist_2	0.0011362201742204	0.0011362201742204268	2.688821387764051e-17	2.3664615791643946e-14
VUILD102MA_150_12_8	VUILD102MA	rgb_b_hist_3	0.0164120691831839	0.01641206918318394	4.163336342344337e-17	2.536752859054583e-15
VUILD102MA_150_12_8	VUILD102MA	rgb_b_hist_4	0.1455624289862391	0.1455624289862391	0.0	0.0
VUILD102MA_150_12_8	VUILD102MA	rgb_b_hist_5	0.3842949122585532	0.3842949122585532	0.0	0.0
VUILD102MA_150_12_8	VUILD102MA	rgb_b_hist_6	0.2590581997222573	0.2590581997222573	0.0	0.0
VUILD102MA_150_12_8	VUILD102MA	rgb_b_hist_7	0.1934099229895215	0.19340992298952153	2.7755575615628914e-17	1.435064715740187e-16
VUILD104MA1_150_9_15	VUILD104MA1	rgb_r_mean	0.7684978238203032	0.7684978238203032	0.0	0.0
VUILD104MA1_150_9_15	VUILD104MA1	rgb_r_sd	0.1578348390336031	0.1578348390336031	0.0	0.0
VUILD104MA1_150_9_15	VUILD104MA1	rgb_g_mean	0.551179417961254	0.551179417961254	0.0	0.0
VUILD104MA1_150_9_15	VUILD104MA1	rgb_g_sd	0.2236255183037723	0.22362551830377234	2.7755575615628914e-17	1.2411631653739005e-16
VUILD104MA1_150_9_15	VUILD104MA1	rgb_b_mean	0.6522489420469265	0.6522489420469265	0.0	0.0
VUILD104MA1_150_9_15	VUILD104MA1	rgb_b_sd	0.1716949904078274	0.17169499040782743	2.7755575615628914e-17	1.6165629264838215e-16
VUILD104MA1_150_9_15	VUILD104MA1	hed_hematoxylin_mean	0.0167259451611118	0.016725945161111835	3.469446951953614e-17	2.0742905220209357e-15
VUILD104MA1_150_9_15	VUILD104MA1	hed_hematoxylin_sd	0.023503756134458	0.023503756134458043	4.163336342344337e-17	1.7713493615774124e-15
VUILD104MA1_150_9_15	VUILD104MA1	hed_eosin_mean	0.0188820913775439	0.018882091377543923	2.42861286636753e-17	1.286199085582136e-15
VUILD104MA1_150_9_15	VUILD104MA1	hed_eosin_sd	0.0121019945830166	0.012101994583016647	4.683753385137379e-17	3.8702325910064036e-15
VUILD104MA1_150_9_15	VUILD104MA1	hed_dab_mean	0.0343123331098022	0.03431233310980223	2.7755575615628914e-17	8.089095989715668e-16
VUILD104MA1_150_9_15	VUILD104MA1	hed_dab_sd	0.01964651751155	0.019646517511550037	3.8163916471489756e-17	1.9425283106308055e-15
VUILD104MA1_150_9_15	VUILD104MA1	brightness_mean	0.7743872664099144	0.7743872664099144	0.0	0.0
VUILD104MA1_150_9_15	VUILD104MA1	brightness_sd	0.1511688644384545	0.1511688644384545	0.0	0.0
VUILD104MA1_150_9_15	VUILD104MA1	saturation_mean	0.3128667138221655	0.3128667138221655	0.0	0.0
VUILD104MA1_150_9_15	VUILD104MA1	saturation_sd	0.1659011346617205	0.16590113466172055	5.551115123125783e-17	3.3460380692662193e-16
VUILD104MA1_150_9_15	VUILD104MA1	rgb_r_hist_0	0.0	0.0	0.0	0.0
VUILD104MA1_150_9_15	VUILD104MA1	rgb_r_hist_1	0.0032283057851239	0.003228305785123967	6.722053469410127e-17	2.0822232826845244e-14
VUILD104MA1_150_9_15	VUILD104MA1	rgb_r_hist_2	0.0204028925619834	0.020402892561983473	7.28583859910259e-17	3.570983171610801e-15
VUILD104MA1_150_9_15	VUILD104MA1	rgb_r_hist_3	0.0528150826446281	0.0528150826446281	0.0	0.0
VUILD104MA1_150_9_15	VUILD104MA1	rgb_r_hist_4	0.0897469008264462	0.08974690082644628	8.326672684688674e-17	9.277950110824338e-16
VUILD104MA1_150_9_15	VUILD104MA1	rgb_r_hist_5	0.2169421487603305	0.21694214876033058	8.326672684688674e-17	3.8381995994184e-16
VUILD104MA1_150_9_15	VUILD104MA1	rgb_r_hist_6	0.3335485537190082	0.33354855371900827	5.551115123125783e-17	1.6642599889077068e-16
VUILD104MA1_150_9_15	VUILD104MA1	rgb_r_hist_7	0.2833161157024793	0.28331611570247933	5.551115123125783e-17	1.9593361674332758e-16
VUILD104MA1_150_9_15	VUILD104MA1	rgb_g_hist_0	0.0020661157024793	0.002066115702479339	3.903127820947816e-17	1.8891138653387786e-14
VUILD104MA1_150_9_15	VUILD104MA1	rgb_g_hist_1	0.0448088842975206	0.04480888429752066	6.245004513516506e-17	1.393697837252792e-15
VUILD104MA1_150_9_15	VUILD104MA1	rgb_g_hist_2	0.1581869834710743	0.15818698347107438	8.326672684688674e-17	5.263816593488092e-16
VUILD104MA1_150_9_15	VUILD104MA1	rgb_g_hist_3	0.324767561983471	0.32476756198347106	5.551115123125783e-17	1.709257873299645e-16
VUILD104MA1_150_9_15	VUILD104MA1	rgb_g_hist_4	0.1820764462809917	0.18207644628099173	2.7755575615628914e-17	1.5243913302654634e-16
VUILD104MA1_150_9_15	VUILD104MA1	rgb_g_hist_5	0.0711518595041322	0.07115185950413223	2.7755575615628914e-17	3.9008925148353974e-16
VUILD104MA1_150_9_15	VUILD104MA1	rgb_g_hist_6	0.0358987603305785	0.03589876033057851	1.3877787807814457e-17	3.8658125461768057e-16
VUILD104MA1_150_9_15	VUILD104MA1	rgb_g_hist_7	0.181043388429752	0.18104338842975207	5.551115123125783e-17	3.06617942321584e-16
VUILD104MA1_150_9_15	VUILD104MA1	rgb_b_hist_0	0.0	0.0	0.0	0.0
VUILD104MA1_150_9_15	VUILD104MA1	rgb_b_hist_1	0.0010330578512396	0.0010330578512396695	6.938893903907228e-17	6.716849298982648e-14
VUILD104MA1_150_9_15	VUILD104MA1	rgb_b_hist_2	0.0220816115702479	0.022081611570247933	3.469446951953614e-17	1.5711928184753702e-15
VUILD104MA1_150_9_15	VUILD104MA1	rgb_b_hist_3	0.1478564049586777	0.1478564049586777	0.0	0.0
VUILD104MA1_150_9_15	VUILD104MA1	rgb_b_hist_4	0.368801652892562	0.368801652892562	0.0	0.0
VUILD104MA1_150_9_15	VUILD104MA1	rgb_b_hist_5	0.1952479338842975	0.1952479338842975	0.0	0.0
VUILD104MA1_150_9_15	VUILD104MA1	rgb_b_hist_6	0.0719266528925619	0.07192665289256199	9.71445146547012e-17	1.3506052450377146e-15
VUILD104MA1_150_9_15	VUILD104MA1	rgb_b_hist_7	0.1930526859504132	0.19305268595041322	2.7755575615628914e-17	1.4377202512871594e-16
VUILD104MA1_150_6_23	VUILD104MA1	rgb_r_mean	0.8280029670808711	0.8280029670808711	0.0	0.0
VUILD104MA1_150_6_23	VUILD104MA1	rgb_r_sd	0.1252966797882837	0.12529667978828377	5.551115123125783e-17	4.430376872320649e-16
VUILD104MA1_150_6_23	VUILD104MA1	rgb_g_mean	0.6345370592970847	0.6345370592970847	0.0	0.0
VUILD104MA1_150_6_23	VUILD104MA1	rgb_g_sd	0.2268049602313239	0.2268049602313239	0.0	0.0
VUILD104MA1_150_6_23	VUILD104MA1	rgb_b_mean	0.7140698567598535	0.7140698567598535	0.0	0.0
VUILD104MA1_150_6_23	VUILD104MA1	rgb_b_sd	0.1739630546809359	0.17396305468093592	2.7755575615628914e-17	1.595486792671879e-16
VUILD104MA1_150_6_23	VUILD104MA1	hed_hematoxylin_mean	0.0095631699334476	0.00956316993344769	9.020562075079397e-17	9.432606696164198e-15
VUILD104MA1_150_6_23	VUILD104MA1	hed_hematoxylin_sd	0.0134130304118126	0.013413030411812635	3.469446951953614e-17	2.5866242343699887e-15
VUILD104MA1_150_6_23	VUILD104MA1	hed_eosin_mean	0.0159741840982143	0.015974184098214314	1.3877787807814457e-17	8.687634825346609e-16
VUILD104MA1_150_6_23	VUILD104MA1	hed_eosin_sd	0.0122201479370124	0.01222014793701244	3.9898639947466563e-17	3.2649882925411653e-15
VUILD104MA1_150_6_23	VUILD104MA1	hed_dab_mean	0.0286526838205178	0.028652683820517822	2.0816681711721685e-17	7.265176917498786e-16
VUILD104MA1_150_6_23	VUILD104MA1	hed_dab_sd	0.0197031133014675	0.01970311330146759	8.673617379884035e-17	4.4021557645095704e-15
VUILD104MA1_150_6_23	VUILD104MA1	brightness_mean	0.8311897478401199	0.8311897478401199	0.0	0.0
VUILD104MA1_150_6_23	VUILD104MA1	brightness_sd	0.1262723116688372	0.1262723116688372	0.0	0.0
VUILD104MA1_150_6_23	VUILD104MA1	saturation_mean	0.2608346343118036	0.26083463431180365	5.551115123125783e-17	2.1282124353508744e-16
VUILD104MA1_150_6_23	VUILD104MA1	saturation_sd	0.1715875451912289	0.1715875451912289	0.0	0.0
VUILD104MA1_150_6_23	VUILD104MA1	rgb_r_hist_0	0.0	0.0	0.0	0.0
VUILD104MA1_150_6_23	VUILD104MA1	rgb_r_hist_1	0.0003873966942148	0.00038739669421487604	7.605678239985814e-17	1.9632790763487234e-13
VUILD104MA1_150_6_23	VUILD104MA1	rgb_r_hist_2	0.0037448347107438	0.0037448347107438018	1.734723475976807e-18	4.632309861367035e-16
VUILD104MA1_150_6_23	VUILD104MA1	rgb_r_hist_3	0.0142045454545454	0.014204545454545454	5.377642775528102e-17	3.785860513971798e-15
VUILD104MA1_150_6_23	VUILD104MA1	rgb_r_hist_4	0.046875	0.046875	0.0	0.0
VUILD104MA1_150_6_23	VUILD104MA1	rgb_r_hist_5	0.1855630165289256	0.18556301652892562	2.7755575615628914e-17	1.4957493219723753e-16
VUILD104MA1_150_6_23	VUILD104MA1	rgb_r_hist_6	0.3199896694214876	0.3199896694214876	0.0	0.0
VUILD104MA1_150_6_23	VUILD104MA1	rgb_r_hist_7	0.4292355371900826	0.42923553719008267	5.551115123125783e-17	1.2932561827161872e-16
VUILD104MA1_150_6_23	VUILD104MA1	rgb_g_hist_0	0.0001291322314049	0.00012913223140495868	5.868244258577793e-17	4.5443683538447076e-13
VUILD104MA1_150_6_23	VUILD104MA1	rgb_g_hist_1	0.0133006198347107	0.013300619834710745	4.5102810375396984e-17	3.391030714049276e-15
VUILD104MA1_150_6_23	VUILD104MA1	rgb_g_hist_2	0.1016270661157024	0.10162706611570248	8.326672684688674e-17	8.193361279571683e-16
VUILD104MA1_150_6_23	VUILD104MA1	rgb_g_hist_3	0.2397985537190082	0.23979855371900827	5.551115123125783e-17	2.314907674393434e-16
VUILD104MA1_150_6_23	VUILD104MA1	rgb_g_hist_4	0.1929235537190082	0.19292355371900827	5.551115123125783e-17	2.8773651615452525e-16
VUILD104MA1_150_6_23	VUILD104MA1	rgb_g_hist_5	0.1206095041322314	0.1206095041322314	0.0	0.0
VUILD104MA1_150_6_23	VUILD104MA1	rgb_g_hist_6	0.0739927685950413	0.07399276859504132	2.7755575615628914e-17	3.7511200273548063e-16
VUILD104MA1_150_6_23	VUILD104MA1	rgb_g_hist_7	0.2576188016528926	0.2576188016528926	0.0	0.0
VUILD104MA1_150_6_23	VUILD104MA1	rgb_b_hist_0	0.0	0.0	0.0	0.0
VUILD104MA1_150_6_23	VUILD104MA1	rgb_b_hist_1	0.0001291322314049	0.00012913223140495868	5.868244258577793e-17	4.5443683538447076e-13
VUILD104MA1_150_6_23	VUILD104MA1	rgb_b_hist_2	0.0086518595041322	0.008651859504132232	3.122502256758253e-17	3.609053354677014e-15
VUILD104MA1_150_6_23	VUILD104MA1	rgb_b_hist_3	0.0950413223140495	0.09504132231404959	8.326672684688674e-17	8.761107781281134e-16
VUILD104MA1_150_6_23	VUILD104MA1	rgb_b_hist_4	0.271823347107438	0.271823347107438	0.0	0.0
VUILD104MA1_150_6_23	VUILD104MA1	rgb_b_hist_5	0.2162964876033057	0.21629648760330578	8.326672684688674e-17	3.84965691165547e-16
VUILD104MA1_150_6_23	VUILD104MA1	rgb_b_hist_6	0.1297778925619834	0.12977789256198347	5.551115123125783e-17	4.2773965685060777e-16
VUILD104MA1_150_6_23	VUILD104MA1	rgb_b_hist_7	0.2782799586776859	0.27827995867768596	5.551115123125783e-17	1.9947951514378686e-16
VUILD104MA1_150_3_9	VUILD104MA1	rgb_r_mean	0.7024925182350288	0.7024925182350288	0.0	0.0
VUILD104MA1_150_3_9	VUILD104MA1	rgb_r_sd	0.1782544295659678	0.17825442956596782	2.7755575615628914e-17	1.557076347735708e-16
VUILD104MA1_150_3_9	VUILD104MA1	rgb_g_mean	0.5037443397503177	0.5037443397503177	0.0	0.0
VUILD104MA1_150_3_9	VUILD104MA1	rgb_g_sd	0.2114694395418723	0.21146943954187233	2.7755575615628914e-17	1.3125100097564279e-16
VUILD104MA1_150_3_9	VUILD104MA1	rgb_b_mean	0.6224857345550544	0.6224857345550544	0.0	0.0
VUILD104MA1_150_3_9	VUILD104MA1	rgb_b_sd	0.166686446884705	0.16668644688470505	5.551115123125783e-17	3.3302738326202503e-16
VUILD104MA1_150_3_9	VUILD104MA1	hed_hematoxylin_mean	0.0277399162967956	0.02773991629679567	7.28583859910259e-17	2.626481825377469e-15
VUILD104MA1_150_3_9	VUILD104MA1	hed_hematoxylin_sd	0.0290797370986895	0.02907973709868955	5.204170427930421e-17	1.789620865645636e-15
VUILD104MA1_150_3_9	VUILD104MA1	hed_eosin_mean	0.0178487654898558	0.017848765489855818	1.734723475976807e-17	9.719010970045649e-16
VUILD104MA1_150_3_9	VUILD104MA1	hed_eosin_sd	0.011214310738893	0.011214310738893028	2.7755575615628914e-17	2.475013958670522e-15
VUILD104MA1_150_3_9	VUILD104MA1	hed_dab_mean	0.0348111076912037	0.03481110769120378	8.326672684688674e-17	2.3919585548818123e-15
VUILD104MA1_150_3_9	VUILD104MA1	hed_dab_sd	0.0192091837378491	0.019209183737849127	2.7755575615628914e-17	1.44491176691388e-15
VUILD104MA1_150_3_9	VUILD104MA1	brightness_mean	0.713710817652716	0.713710817652716	0.0	0.0
VUILD104MA1_150_3_9	VUILD104MA1	brightness_sd	0.1689869913282147	0.1689869913282147	0.0	0.0
VUILD104MA1_150_3_9	VUILD104MA1	saturation_mean	0.3207602398747252	0.3207602398747252	0.0	0.0
VUILD104MA1_150_3_9	VUILD104MA1	saturation_sd	0.1502603266420722	0.1502603266420722	0.0	0.0
VUILD104MA1_150_3_9	VUILD104MA1	rgb_r_hist_0	0.0	0.0	0.0	0.0
VUILD104MA1_150_3_9	VUILD104MA1	rgb_r_hist_1	0.0056818181818181	0.005681818181818182	8.239936510889834e-17	1.450228825916632e-14
VUILD104MA1_150_3_9	VUILD104MA1	rgb_r_hist_2	0.0457128099173553	0.04571280991735537	6.938893903907228e-17	1.5179320449677305e-15
VUILD104MA1_150_3_9	VUILD104MA1	rgb_r_hist_3	0.1056301652892562	0.1056301652892562	0.0	0.0
VUILD104MA1_150_3_9	VUILD104MA1	rgb_r_hist_4	0.1558626033057851	0.15586260330578514	2.7755575615628914e-17	1.7807719765321485e-16
VUILD104MA1_150_3_9	VUILD104MA1	rgb_r_hist_5	0.2272727272727272	0.22727272727272727	5.551115123125783e-17	2.442490654175345e-16
VUILD104MA1_150_3_9	VUILD104MA1	rgb_r_hist_6	0.2791838842975206	0.27918388429752067	5.551115123125783e-17	1.988336517737561e-16
VUILD104MA1_150_3_9	VUILD104MA1	rgb_r_hist_7	0.1806559917355372	0.1806559917355372	0.0	0.0
VUILD104MA1_150_3_9	VUILD104MA1	rgb_g_hist_0	0.0037448347107438	0.0037448347107438018	1.734723475976807e-18	4.632309861367035e-16
VUILD104MA1_150_3_9	VUILD104MA1	rgb_g_hist_1	0.0938791322314049	0.09387913223140495	5.551115123125783e-17	5.913044774894923e-16
VUILD104MA1_150_3_9	VUILD104MA1	rgb_g_hist_2	0.2073863636363636	0.20738636363636365	5.551115123125783e-17	2.676702086767501e-16
VUILD104MA1_150_3_9	VUILD104MA1	rgb_g_hist_3	0.2538739669421487	0.25387396694214875	5.551115123125783e-17	2.1865633526696883e-16
VUILD104MA1_150_3_9	VUILD104MA1	rgb_g_hist_4	0.1875	0.1875	0.0	0.0
VUILD104MA1_150_3_9	VUILD104MA1	rgb_g_hist_5	0.1026601239669421	0.10266012396694214	4.163336342344337e-17	4.055456180517555e-16
VUILD104MA1_150_3_9	VUILD104MA1	rgb_g_hist_6	0.0643078512396694	0.06430785123966942	2.7755575615628914e-17	4.3160477423178795e-16
VUILD104MA1_150_3_9	VUILD104MA1	rgb_g_hist_7	0.0866477272727272	0.08664772727272728	8.326672684688674e-17	9.609799295116118e-16
VUILD104MA1_150_3_9	VUILD104MA1	rgb_b_hist_0	0.0	0.0	0.0	0.0
VUILD104MA1_150_3_9	VUILD104MA1	rgb_b_hist_1	0.0024535123966942	0.002453512396694215	1.474514954580286e-17	6.0098125306683175e-15
VUILD104MA1_150_3_9	VUILD104MA1	rgb_b_hist_2	0.0526859504132231	0.05268595041322314	4.163336342344337e-17	7.902175645861415e-16
VUILD104MA1_150_3_9	VUILD104MA1	rgb_b_hist_3	0.1933109504132231	0.19331095041322313	2.7755575615628914e-17	1.4357994493482322e-16
VUILD104MA1_150_3_9	VUILD104MA1	rgb_b_hist_4	0.3022985537190082	0.30229855371900827	5.551115123125783e-17	1.8363022432074357e-16
VUILD104MA1_150_3_9	VUILD104MA1	rgb_b_hist_5	0.2236570247933884	0.22365702479338842	2.7755575615628914e-17	1.2409883231375886e-16
VUILD104MA1_150_3_9	VUILD104MA1	rgb_b_hist_6	0.1208677685950413	0.12086776859504132	2.7755575615628914e-17	2.296358734694769e-16
VUILD104MA1_150_3_9	VUILD104MA1	rgb_b_hist_7	0.1047262396694214	0.10472623966942149	8.326672684688674e-17	7.950894361310621e-16
VUILD104MA1_150_11_25	VUILD104MA1	rgb_r_mean	0.9332847681783132	0.9332847681783132	0.0	0.0
VUILD104MA1_150_11_25	VUILD104MA1	rgb_r_sd	0.0660468448691537	0.06604684486915377	6.938893903907228e-17	1.0506018747230037e-15
VUILD104MA1_150_11_25	VUILD104MA1	rgb_g_mean	0.9111718681209984	0.9111718681209984	0.0	0.0
VUILD104MA1_150_11_25	VUILD104MA1	rgb_g_sd	0.1297815704908396	0.12978157049083963	2.7755575615628914e-17	2.1386376748760325e-16
VUILD104MA1_150_11_25	VUILD104MA1	rgb_b_mean	0.9137660523360944	0.9137660523360943	1.1102230246251565e-16	1.2149970134990337e-16
VUILD104MA1_150_11_25	VUILD104MA1	rgb_b_sd	0.0994585109253084	0.0994585109253084	0.0	0.0
VUILD104MA1_150_11_25	VUILD104MA1	hed_hematoxylin_mean	0.0051170308622585	0.005117030862258517	1.734723475976807e-17	3.390097739631677e-15
VUILD104MA1_150_11_25	VUILD104MA1	hed_hematoxylin_sd	0.0062546040717727	0.0062546040717727765	7.632783294297951e-17	1.2203463571331451e-14
VUILD104MA1_150_11_25	VUILD104MA1	hed_eosin_mean	0.001861721156088	0.0018617211560880498	4.9873299934333204e-17	2.6788813013830194e-14
VUILD104MA1_150_11_25	VUILD104MA1	hed_eosin_sd	0.0066973328746255	0.006697332874625502	1.734723475976807e-18	2.5901706073909443e-16
VUILD104MA1_150_11_25	VUILD104MA1	hed_dab_mean	0.0072755289798088	0.007275528979808839	3.903127820947816e-17	5.3647340719552596e-15
VUILD104MA1_150_11_25	VUILD104MA1	hed_dab_sd	0.0114497578368271	0.011449757836827123	2.2551405187698492e-17	1.9695966944526947e-15
VUILD104MA1_150_11_25	VUILD104MA1	brightness_mean	0.9370100578793588	0.9370100578793588	0.0	0.0
VUILD104MA1_150_11_25	VUILD104MA1	brightness_sd	0.06637899549703	0.06637899549703008	8.326672684688674e-17	1.2544137829053521e-15
VUILD104MA1_150_11_25	VUILD104MA1	saturation_mean	0.0425449287554175	0.04254492875541759	9.020562075079397e-17	2.120243784385408e-15
VUILD104MA1_150_11_25	VUILD104MA1	saturation_sd	0.1002460140200632	0.10024601402006328	8.326672684688674e-17	8.3062381742402015e-16
VUILD104MA1_150_11_25	VUILD104MA1	rgb_r_hist_0	0.0	0.0	0.0	0.0
VUILD104MA1_150_11_25	VUILD104MA1	rgb_r_hist_1	0.0	0.0	0.0	0.0
VUILD104MA1_150_11_25	VUILD104MA1	rgb_r_hist_2	0.0016598569969356	0.0016598569969356485	4.85722573273506e-17	2.9262916875986236e-14
VUILD104MA1_150_11_25	VUILD104MA1	rgb_r_hist_3	0.0038304392236976	0.003830439223697651	5.074066167232161e-17	1.3246695407254269e-14
VUILD104MA1_150_11_25	VUILD104MA1	rgb_r_hist_4	0.0081716036772216	0.008171603677221655	5.551115123125783e-17	6.793177131925222e-15
VUILD104MA1_150_11_25	VUILD104MA1	rgb_r_hist_5	0.0150663942798774	0.015066394279877425	2.6020852139652106e-17	1.7270789318453869e-15
VUILD104MA1_150_11_25	VUILD104MA1	rgb_r_hist_6	0.0379213483146067	0.037921348314606744	4.163336342344337e-17	1.0978872132404338e-15
VUILD104MA1_150_11_25	VUILD104MA1	rgb_r_hist_7	0.9333503575076608	0.9333503575076609	1.1102230246251565e-16	1.1895029724848463e-16
VUILD104MA1_150_11_25	VUILD104MA1	rgb_g_hist_0	0.0001276813074565	0.00012768130745658836	8.836247705756861e-17	6.920549203153563e-13
VUILD104MA1_150_11_25	VUILD104MA1	rgb_g_hist_1	0.0066394279877425	0.006639427987742594	9.454242944073599e-17	1.4239544372689517e-14
VUILD104MA1_150_11_25	VUILD104MA1	rgb_g_hist_2	0.0128958120531154	0.012895812053115423	2.2551405187698492e-17	1.748738667624306e-15
VUILD104MA1_150_11_25	VUILD104MA1	rgb_g_hist_3	0.0178753830439223	0.01787538304392237	6.938893903907228e-17	3.881815503957259e-15
VUILD104MA1_150_11_25	VUILD104MA1	rgb_g_hist_4	0.0185137895812053	0.018513789581205312	1.3877787807814457e-17	7.495919593848476e-16
VUILD104MA1_150_11_25	VUILD104MA1	rgb_g_hist_5	0.0192798774259448	0.019279877425944843	4.163336342344337e-17	2.1594205452477427e-15
VUILD104MA1_150_11_25	VUILD104MA1	rgb_g_hist_6	0.0208120531154239	0.020812053115423904	3.469446951953614e-18	1.6670373329877735e-16
VUILD104MA1_150_11_25	VUILD104MA1	rgb_g_hist_7	0.9038559754851888	0.9038559754851889	1.1102230246251565e-16	1.2283185095160654e-16
VUILD104MA1_150_11_25	VUILD104MA1	rgb_b_hist_0	0.0	0.0	0.0	0.0
VUILD104MA1_150_11_25	VUILD104MA1	rgb_b_hist_1	0.0001276813074565	0.00012768130745658836	8.836247705756861e-17	6.920549203153563e-13
VUILD104MA1_150_11_25	VUILD104MA1	rgb_b_hist_2	0.0062563840653728	0.00625638406537283	2.949029909160572e-17	4.713633111948103e-15
VUILD104MA1_150_11_25	VUILD104MA1	rgb_b_hist_3	0.0134065372829417	0.013406537282941777	7.806255641895632e-17	5.822723255935899e-15
VUILD104MA1_150_11_25	VUILD104MA1	rgb_b_hist_4	0.0178753830439223	0.01787538304392237	6.938893903907228e-17	3.881815503957259e-15
VUILD104MA1_150_11_25	VUILD104MA1	rgb_b_hist_5	0.0271961184882533	0.027196118488253318	1.734723475976807e-17	6.378570076925053e-16
VUILD104MA1_150_11_25	VUILD104MA1	rgb_b_hist_6	0.0273237997957099	0.027323799795709907	6.938893903907228e-18	2.5395054698785717e-16
VUILD104MA1_150_11_25	VUILD104MA1	rgb_b_hist_7	0.9078140960163432	0.9078140960163432	0.0	0.0
VUILD104MA2_150_9_22	VUILD104MA2	rgb_r_mean	0.836173238557925	0.836173238557925	0.0	0.0
VUILD104MA2_150_9_22	VUILD104MA2	rgb_r_sd	0.1173128351591934	0.11731283515919341	1.3877787807814457e-17	1.1829726720850546e-16
VUILD104MA2_150_9_22	VUILD104MA2	rgb_g_mean	0.7021744987448246	0.7021744987448246	0.0	0.0
VUILD104MA2_150_9_22	VUILD104MA2	rgb_g_sd	0.1861871450259704	0.1861871450259704	0.0	0.0
VUILD104MA2_150_9_22	VUILD104MA2	rgb_b_mean	0.7699425867450816	0.7699425867450816	0.0	0.0
VUILD104MA2_150_9_22	VUILD104MA2	rgb_b_sd	0.1365081088043745	0.13650810880437456	5.551115123125783e-17	4.06650943430834e-16
VUILD104MA2_150_9_22	VUILD104MA2	hed_hematoxylin_mean	0.012099189060587	0.01209918906058708	7.979727989493313e-17	6.595258533059215e-15
VUILD104MA2_150_9_22	VUILD104MA2	hed_hematoxylin_sd	0.0150304154584477	0.015030415458447799	9.8879238130678e-17	6.578609779884952e-15
VUILD104MA2_150_9_22	VUILD104MA2	hed_eosin_mean	0.0093267001187705	0.009326700118770575	7.45931094670027e-17	7.997802922480583e-15
VUILD104MA2_150_9_22	VUILD104MA2	hed_eosin_sd	0.0083185689588549	0.008318568958854959	5.898059818321144e-17	7.090233725889611e-15
VUILD104MA2_150_9_22	VUILD104MA2	hed_dab_mean	0.0201765058125821	0.020176505812582176	7.632783294297951e-17	3.7830055239486195e-15
VUILD104MA2_150_9_22	VUILD104MA2	hed_dab_sd	0.0134426007660957	0.013442600766095764	6.418476861114186e-17	4.7747284716679e-15
VUILD104MA2_150_9_22	VUILD104MA2	brightness_mean	0.8408412420506443	0.8408412420506443	0.0	0.0
VUILD104MA2_150_9_22	VUILD104MA2	brightness_sd	0.1138313387944681	0.11383133879446819	8.326672684688674e-17	7.314921156926011e-16
VUILD104MA2_150_9_22	VUILD104MA2	saturation_mean	0.1822642711396973	0.18226427113969737	8.326672684688674e-17	4.568461296677645e-16
VUILD104MA2_150_9_22	VUILD104MA2	saturation_sd	0.128905525254705	0.12890552525470506	5.551115123125783e-17	4.306343822080015e-16
VUILD104MA2_150_9_22	VUILD104MA2	rgb_r_hist_0	0.0	0.0	0.0	0.0
VUILD104MA2_150_9_22	VUILD104MA2	rgb_r_hist_1	0.0001291322314049	0.00012913223140495868	5.868244258577793e-17	4.5443683538447076e-13
VUILD104MA2_150_9_22	VUILD104MA2	rgb_r_hist_2	0.0064566115702479	0.006456611570247934	3.382710778154774e-17	5.239142453206141e-15
VUILD104MA2_150_9_22	VUILD104MA2	rgb_r_hist_3	0.0211776859504132	0.021177685950413222	2.0816681711721685e-17	9.829535559486152e-16
VUILD104MA2_150_9_22	VUILD104MA2	rgb_r_hist_4	0.0325413223140495	0.03254132231404959	9.020562075079397e-17	2.7720330440244063e-15
VUILD104MA2_150_9_22	VUILD104MA2	rgb_r_hist_5	0.1004648760330578	0.10046487603305786	5.551115123125783e-17	5.525428729239856e-16
VUILD104MA2_150_9_22	VUILD104MA2	rgb_r_hist_6	0.4059917355371901	0.4059917355371901	0.0	0.0
VUILD104MA2_150_9_22	VUILD104MA2	rgb_r_hist_7	0.4332386363636363	0.43323863636363635	5.551115123125783e-17	1.281306572682148e-16
VUILD104MA2_150_9_22	VUILD104MA2	rgb_g_hist_0	0.0001291322314049	0.00012913223140495868	5.868244258577793e-17	4.5443683538447076e-13
VUILD104MA2_150_9_22	VUILD104MA2	rgb_g_hist_1	0.0096849173553719	0.009684917355371902	1.734723475976807e-18	1.7911598130619194e-16
VUILD104MA2_150_9_22	VUILD104MA2	rgb_g_hist_2	0.0423553719008264	0.042355371900826444	4.163336342344337e-17	9.829535559486152e-16
VUILD104MA2_150_9_22	VUILD104MA2	rgb_g_hist_3	0.0940082644628099	0.09400826446280992	2.7755575615628914e-17	2.9524612303218457e-16
VUILD104MA2_150_9_22	VUILD104MA2	rgb_g_hist_4	0.1909865702479339	0.1909865702479339	0.0	0.0
VUILD104MA2_150_9_22	VUILD104MA2	rgb_g_hist_5	0.259426652892562	0.259426652892562	0.0	0.0
VUILD104MA2_150_9_22	VUILD104MA2	rgb_g_hist_6	0.1594783057851239	0.15947830578512398	8.326672684688674e-17	5.221194596779686e-16
VUILD104MA2_150_9_22	VUILD104MA2	rgb_g_hist_7	0.2439307851239669	0.24393078512396693	2.7755575615628914e-17	1.1378463608651686e-16
VUILD104MA2_150_9_22	VUILD104MA2	rgb_b_hist_0	0.0	0.0	0.0	0.0
VUILD104MA2_150_9_22	VUILD104MA2	rgb_b_hist_1	0.0	0.0	0.0	0.0
VUILD104MA2_150_9_22	VUILD104MA2	rgb_b_hist_2	0.0020661157024793	0.002066115702479339	3.903127820947816e-17	1.8891138653387786e-14
VUILD104MA2_150_9_22	VUILD104MA2	rgb_b_hist_3	0.0349948347107438	0.0349948347107438	0.0	0.0
VUILD104MA2_150_9_22	VUILD104MA2	rgb_b_hist_4	0.1137654958677686	0.1137654958677686	0.0	0.0
VUILD104MA2_150_9_22	VUILD104MA2	rgb_b_hist_5	0.2809917355371901	0.2809917355371901	0.0	0.0
VUILD104MA2_150_9_22	VUILD104MA2	rgb_b_hist_6	0.2930010330578512	0.29300103305785125	5.551115123125783e-17	1.894571860444516e-16
VUILD104MA2_150_9_22	VUILD104MA2	rgb_b_hist_7	0.2751807851239669	0.27518078512396693	5.551115123125783e-17	2.0172611690983608e-16
VUILD104MA2_150_10_1	VUILD104MA2	rgb_r_mean	0.8391442920537358	0.8391442920537358	0.0	0.0
VUILD104MA2_150_10_1	VUILD104MA2	rgb_r_sd	0.1450046929850033	0.14500469298500332	2.7755575615628914e-17	1.914115677518069e-16
VUILD104MA2_150_10_1	VUILD104MA2	rgb_g_mean	0.6964866010027684	0.6964866010027684	0.0	0.0
VUILD104MA2_150_10_1	VUILD104MA2	rgb_g_sd	0.2316890796049464	0.2316890796049464	0.0	0.0
VUILD104MA2_150_10_1	VUILD104MA2	rgb_b_mean	0.7581302780573341	0.7581302780573341	0.0	0.0
VUILD104MA2_150_10_1	VUILD104MA2	rgb_b_sd	0.1796170028147145	0.17961700281471457	8.326672684688674e-17	4.635793134393923e-16
VUILD104MA2_150_10_1	VUILD104MA2	hed_hematoxylin_mean	0.0115234956694605	0.011523495669460511	1.0408340855860843e-17	9.032277317936574e-16
VUILD104MA2_150_10_1	VUILD104MA2	hed_hematoxylin_sd	0.0191021012498104	0.019102101249810405	3.469446951953614e-18	1.816264559893928e-16
VUILD104MA2_150_10_1	VUILD104MA2	hed_eosin_mean	0.0111880875644557	0.011188087564455784	8.326672684688674e-17	7.442445044086286e-15
VUILD104MA2_150_10_1	VUILD104MA2	hed_eosin_sd	0.0114833528369959	0.011483352836995916	1.5612511283791264e-17	1.3595777736178635e-15
VUILD104MA2_150_10_1	VUILD104MA2	hed_dab_mean	0.0232003082934071	0.02320030829340712	2.0816681711721685e-17	8.97258840204172e-16
VUILD104MA2_150_10_1	VUILD104MA2	hed_dab_sd	0.0197797229832935	0.019779722983293585	8.673617379884035e-17	4.385105588794147e-15
VUILD104MA2_150_10_1	VUILD104MA2	brightness_mean	0.844835225240643	0.844835225240643	0.0	0.0
VUILD104MA2_150_10_1	VUILD104MA2	brightness_sd	0.142239165800995	0.14223916580099505	5.551115123125783e-17	3.9026628790077956e-16
VUILD104MA2_150_10_1	VUILD104MA2	saturation_mean	0.2029148713852859	0.2029148713852859	0.0	0.0
VUILD104MA2_150_10_1	VUILD104MA2	saturation_sd	0.1674580398414996	0.16745803984149968	8.326672684688674e-17	4.97239349783978e-16
VUILD104MA2_150_10_1	VUILD104MA2	rgb_r_hist_0	0.0001291322314049	0.00012913223140495868	5.868244258577793e-17	4.5443683538447076e-13
VUILD104MA2_150_10_1	VUILD104MA2	rgb_r_hist_1	0.003099173553719	0.0030991735537190084	8.239936510889834e-18	2.658752847513793e-15
VUILD104MA2_150_10_1	VUILD104MA2	rgb_r_hist_2	0.0130423553719008	0.013042355371900826	2.6020852139652106e-17	1.9951037521729337e-15
VUILD104MA2_150_10_1	VUILD104MA2	rgb_r_hist_3	0.0250516528925619	0.025051652892561983	8.326672684688674e-17	3.3238017149602735e-15
VUILD104MA2_150_10_1	VUILD104MA2	rgb_r_hist_4	0.0423553719008264	0.042355371900826444	4.163336342344337e-17	9.829535559486152e-16
VUILD104MA2_150_10_1	VUILD104MA2	rgb_r_hist_5	0.1239669421487603	0.12396694214876033	2.7755575615628914e-17	2.2389497663273995e-16
VUILD104MA2_150_10_1	VUILD104MA2	rgb_r_hist_6	0.2691115702479338	0.26911157024793386	5.551115123125783e-17	2.062756022720061e-16
VUILD104MA2_150_10_1	VUILD104MA2	rgb_r_hist_7	0.5232438016528925	0.5232438016528925	0.0	0.0
VUILD104MA2_150_10_1	VUILD104MA2	rgb_g_hist_0	0.0014204545454545	0.0014204545454545455	4.5536491244391186e-17	3.2057689836052424e-14
VUILD104MA2_150_10_1	VUILD104MA2	rgb_g_hist_1	0.0285382231404958	0.028538223140495866	6.591949208711867e-17	2.309866727251802e-15
VUILD104MA2_150_10_1	VUILD104MA2	rgb_g_hist_2	0.0741219008264462	0.07412190082644628	8.326672684688674e-17	1.1233754925127034e-15
VUILD104MA2_150_10_1	VUILD104MA2	rgb_g_hist_3	0.1353305785123967	0.1353305785123967	0.0	0.0
VUILD104MA2_150_10_1	VUILD104MA2	rgb_g_hist_4	0.1527634297520661	0.1527634297520661	0.0	0.0
VUILD104MA2_150_10_1	VUILD104MA2	rgb_g_hist_5	0.143724173553719	0.143724173553719	0.0	0.0
VUILD104MA2_150_10_1	VUILD104MA2	rgb_g_hist_6	0.1292613636363636	0.12926136363636365	5.551115123125783e-17	4.2944890622863213e-16
VUILD104MA2_150_10_1	VUILD104MA2	rgb_g_hist_7	0.3348398760330578	0.33483987603305787	5.551115123125783e-17	1.6578417089659107e-16
VUILD104MA2_150_10_1	VUILD104MA2	rgb_b_hist_0	0.0	0.0	0.0	0.0
VUILD104MA2_150_10_1	VUILD104MA2	rgb_b_hist_1	0.0018078512396694	0.0018078512396694215	2.1467203015212988e-17	1.187443001070081e-14
VUILD104MA2_150_10_1	VUILD104MA2	rgb_b_hist_2	0.0176911157024793	0.01769111570247934	3.8163916471489756e-17	2.1572362712059658e-15
VUILD104MA2_150_10_1	VUILD104MA2	rgb_b_hist_3	0.07786673553719	0.07786673553719008	8.326672684688674e-17	1.0693491421265202e-15
VUILD104MA2_150_10_1	VUILD104MA2	rgb_b_hist_4	0.1619318181818181	0.16193181818181818	8.326672684688674e-17	5.14208558773757e-16
VUILD104MA2_150_10_1	VUILD104MA2	rgb_b_hist_5	0.1903409090909091	0.1903409090909091	0.0	0.0
VUILD104MA2_150_10_1	VUILD104MA2	rgb_b_hist_6	0.181043388429752	0.18104338842975207	5.551115123125783e-17	3.06617942321584e-16
VUILD104MA2_150_10_1	VUILD104MA2	rgb_b_hist_7	0.3693181818181818	0.3693181818181818	0.0	0.0
VUILD104MA2_150_9_0	VUILD104MA2	rgb_r_mean	0.9463147701556672	0.9463147701556671	1.1102230246251565e-16	1.1732069070870855e-16
VUILD104MA2_150_9_0	VUILD104MA2	rgb_r_sd	0.0305769712858351	0.030576971285835135	3.469446951953614e-17	1.1346601072817336e-15
VUILD104MA2_150_9_0	VUILD104MA2	rgb_g_mean	0.938766051305456	0.9387660513054561	1.1102230246251565e-16	1.1826407900895767e-16
VUILD104MA2_150_9_0	VUILD104MA2	rgb_g_sd	0.0636544476943567	0.06365444769435674	4.163336342344337e-17	6.540527006588793e-16
VUILD104MA2_150_9_0	VUILD104MA2	rgb_b_mean	0.936680089457834	0.9366800894578339	1.1102230246251565e-16	1.1852744999285424e-16
VUILD104MA2_150_9_0	VUILD104MA2	rgb_b_sd	0.0479642776064883	0.04796427760648833	3.469446951953614e-17	7.233397697381957e-16
VUILD104MA2_150_9_0	VUILD104MA2	hed_hematoxylin_mean	0.0044083769782158	0.0044083769782158715	7.112366251504909e-17	1.6133752368844582e-14
VUILD104MA2_150_9_0	VUILD104MA2	hed_hematoxylin_sd	0.0031317405256327	0.0031317405256327123	1.214306433183765e-17	3.877417120750898e-15
VUILD104MA2_150_9_0	VUILD104MA2	hed_eosin_mean	0.0005923604033257	0.0005923604033257109	1.0950441942103595e-17	1.8486113995169708e-14
VUILD104MA2_150_9_0	VUILD104MA2	hed_eosin_sd	0.0029423881156302	0.002942388115630275	7.502679033599691e-17	2.5498604326685736e-14
VUILD104MA2_150_9_0	VUILD104MA2	hed_dab_mean	0.0047441838124244	0.00474418381242447	6.938893903907228e-17	1.4626106783078615e-14
VUILD104MA2_150_9_0	VUILD104MA2	hed_dab_sd	0.0049571245542841	0.004957124554284145	4.5102810375396984e-17	9.09858323741689e-15
VUILD104MA2_150_9_0	VUILD104MA2	brightness_mean	0.950452144983566	0.9504521449835661	1.1102230246251565e-16	1.1680998675050106e-16
VUILD104MA2_150_9_0	VUILD104MA2	brightness_sd	0.0300052887430093	0.0300052887430093	0.0	0.0
VUILD104MA2_150_9_0	VUILD104MA2	saturation_mean	0.0216474271767898	0.02164742717678983	3.122502256758253e-17	1.4424357367078592e-15
VUILD104MA2_150_9_0	VUILD104MA2	saturation_sd	0.0486070642801435	0.04860706428014353	3.469446951953614e-17	7.137742226022319e-16
VUILD104MA2_150_9_0	VUILD104MA2	rgb_r_hist_0	0.0	0.0	0.0	0.0
VUILD104MA2_150_9_0	VUILD104MA2	rgb_r_hist_1	0.0001276813074565	0.00012768130745658836	8.836247705756861e-17	6.920549203153563e-13
VUILD104MA2_150_9_0	VUILD104MA2	rgb_r_hist_2	0.0001276813074565	0.00012768130745658836	8.836247705756861e-17	6.920549203153563e-13
VUILD104MA2_150_9_0	VUILD104MA2	rgb_r_hist_3	0.0001276813074565	0.00012768130745658836	8.836247705756861e-17	6.920549203153563e-13
VUILD104MA2_150_9_0	VUILD104MA2	rgb_r_hist_4	0.0007660878447395	0.0007660878447395301	3.0140820395097023e-17	3.934381755573486e-14
VUILD104MA2_150_9_0	VUILD104MA2	rgb_r_hist_5	0.0048518896833503	0.004851889683350358	5.811323644522304e-17	1.1977443890499796e-14
VUILD104MA2_150_9_0	VUILD104MA2	rgb_r_hist_6	0.0146833503575076	0.01468335035750766	6.071532165918825e-17	4.134977384650125e-15
VUILD104MA2_150_9_0	VUILD104MA2	rgb_r_hist_7	0.9793156281920328	0.9793156281920327	1.1102230246251565e-16	1.13367232449338e-16
VUILD104MA2_150_9_0	VUILD104MA2	rgb_g_hist_0	0.0001276813074565	0.00012768130745658836	8.836247705756861e-17	6.920549203153563e-13
VUILD104MA2_150_9_0	VUILD104MA2	rgb_g_hist_1	0.0002553626149131	0.0002553626149131767	7.670730370334944e-17	3.003858013024066e-13
VUILD104MA2_150_9_0	VUILD104MA2	rgb_g_hist_2	0.0007660878447395	0.0007660878447395301	3.0140820395097023e-17	3.934381755573486e-14
VUILD104MA2_150_9_0	VUILD104MA2	rgb_g_hist_3	0.0030643513789581	0.0030643513789581204	2.0383000842727483e-17	6.651652608343447e-15
VUILD104MA2_150_9_0	VUILD104MA2	rgb_g_hist_4	0.0079162410623084	0.007916241062308479	7.806255641895632e-17	9.86106357860116e-15
VUILD104MA2_150_9_0	VUILD104MA2	rgb_g_hist_5	0.0153217568947906	0.015321756894790603	3.469446951953614e-18	2.2643923773083927e-16
VUILD104MA2_150_9_0	VUILD104MA2	rgb_g_hist_6	0.0302604698672114	0.03026046986721144	3.8163916471489756e-17	1.2611805645768276e-15
VUILD104MA2_150_9_0	VUILD104MA2	rgb_g_hist_7	0.942288049029622	0.942288049029622	0.0	0.0
VUILD104MA2_150_9_0	VUILD104MA2	rgb_b_hist_0	0.0	0.0	0.0	0.0
VUILD104MA2_150_9_0	VUILD104MA2	rgb_b_hist_1	0.0	0.0	0.0	0.0
VUILD104MA2_150_9_0	VUILD104MA2	rgb_b_hist_2	0.0003830439223697	0.00038304392236976505	6.505213034913027e-17	1.6982942829815827e-13
VUILD104MA2_150_9_0	VUILD104MA2	rgb_b_hist_3	0.0008937691521961	0.0008937691521961185	1.8539857149502126e-17	2.074345159927195e-14
VUILD104MA2_150_9_0	VUILD104MA2	rgb_b_hist_4	0.0044688457609805	0.004468845760980593	9.280770596475918e-17	2.0767712946171683e-14
VUILD104MA2_150_9_0	VUILD104MA2	rgb_b_hist_5	0.0122574055158324	0.012257405515832482	8.153200337090993e-17	6.651652608343447e-15
VUILD104MA2_150_9_0	VUILD104MA2	rgb_b_hist_6	0.0324310520939734	0.03243105209397344	4.163336342344337e-17	1.2837500091827121e-15
VUILD104MA2_150_9_0	VUILD104MA2	rgb_b_hist_7	0.9495658835546475	0.9495658835546475	0.0	0.0
VUILD104MA2_150_11_20	VUILD104MA2	rgb_r_mean	0.8301860615322443	0.8301860615322443	0.0	0.0
VUILD104MA2_150_11_20	VUILD104MA2	rgb_r_sd	0.1085566027303426	0.10855660273034261	1.3877787807814457e-17	1.2783918673548802e-16
VUILD104MA2_150_11_20	VUILD104MA2	rgb_g_mean	0.6289990603094459	0.6289990603094459	0.0	0.0
VUILD104MA2_150_11_20	VUILD104MA2	rgb_g_sd	0.1963268258781425	0.19632682587814254	2.7755575615628914e-17	1.4137434093115953e-16
VUILD104MA2_150_11_20	VUILD104MA2	rgb_b_mean	0.7125045730047359	0.7125045730047359	0.0	0.0
VUILD104MA2_150_11_20	VUILD104MA2	rgb_b_sd	0.1515599796206461	0.15155997962064618	8.326672684688674e-17	5.4939784932211625e-16
VUILD104MA2_150_11_20	VUILD104MA2	hed_hematoxylin_mean	0.0088877653278777	0.008887765327877797	9.71445146547012e-17	1.0930139474991993e-14
VUILD104MA2_150_11_20	VUILD104MA2	hed_hematoxylin_sd	0.0118774870946721	0.011877487094672156	5.551115123125783e-17	4.6736444155901066e-15
VUILD104MA2_150_11_20	VUILD104MA2	hed_eosin_mean	0.0157109479562169	0.015710947956216987	8.673617379884035e-17	5.520747318402161e-15
VUILD104MA2_150_11_20	VUILD104MA2	hed_eosin_sd	0.0110981380480007	0.011098138048000743	4.336808689942018e-17	3.907690345159549e-15
VUILD104MA2_150_11_20	VUILD104MA2	hed_dab_mean	0.0283231234354079	0.028323123435407955	5.551115123125783e-17	1.959923359365834e-15
VUILD104MA2_150_11_20	VUILD104MA2	hed_dab_sd	0.0170580383000132	0.01705803830001326	5.898059818321144e-17	3.4576424994406186e-15
VUILD104MA2_150_11_20	VUILD104MA2	brightness_mean	0.8330244385167833	0.8330244385167833	0.0	0.0
VUILD104MA2_150_11_20	VUILD104MA2	brightness_sd	0.1084403197401199	0.10844031974011993	2.7755575615628914e-17	2.5595254313290373e-16
VUILD104MA2_150_11_20	VUILD104MA2	saturation_mean	0.2619260971688532	0.2619260971688532	0.0	0.0
VUILD104MA2_150_11_20	VUILD104MA2	saturation_sd	0.1513449336361982	0.1513449336361982	0.0	0.0
VUILD104MA2_150_11_20	VUILD104MA2	rgb_r_hist_0	0.0	0.0	0.0	0.0
VUILD104MA2_150_11_20	VUILD104MA2	rgb_r_hist_1	0.0003873966942148	0.00038739669421487604	7.605678239985814e-17	1.9632790763487234e-13
VUILD104MA2_150_11_20	VUILD104MA2	rgb_r_hist_2	0.0025826446280991	0.0025826446280991736	7.37257477290143e-17	2.854660952067515e-14
VUILD104MA2_150_11_20	VUILD104MA2	rgb_r_hist_3	0.0063274793388429	0.006327479338842975	7.45931094670027e-17	1.1788755912499505e-14
VUILD104MA2_150_11_20	VUILD104MA2	rgb_r_hist_4	0.0322830578512396	0.032283057851239666	6.938893903907228e-17	2.1493917756743077e-15
VUILD104MA2_150_11_20	VUILD104MA2	rgb_r_hist_5	0.1672262396694215	0.1672262396694215	0.0	0.0
VUILD104MA2_150_11_20	VUILD104MA2	rgb_r_hist_6	0.4128357438016529	0.4128357438016529	0.0	0.0
VUILD104MA2_150_11_20	VUILD104MA2	rgb_r_hist_7	0.3783574380165289	0.37835743801652894	5.551115123125783e-17	1.4671616216206848e-16
VUILD104MA2_150_11_20	VUILD104MA2	rgb_g_hist_0	0.0003873966942148	0.00038739669421487604	7.605678239985814e-17	1.9632790763487234e-13
VUILD104MA2_150_11_20	VUILD104MA2	rgb_g_hist_1	0.0047778925619834	0.004777892561983471	7.112366251504909e-17	1.4885990338285092e-14
VUILD104MA2_150_11_20	VUILD104MA2	rgb_g_hist_2	0.0650826446280991	0.06508264462809918	8.326672684688674e-17	1.279399866472801e-15
VUILD104MA2_150_11_20	VUILD104MA2	rgb_g_hist_3	0.2549070247933884	0.25490702479338845	5.551115123125783e-17	2.1777019003792333e-16
VUILD104MA2_150_11_20	VUILD104MA2	rgb_g_hist_4	0.2178460743801653	0.2178460743801653	0.0	0.0
VUILD104MA2_150_11_20	VUILD104MA2	rgb_g_hist_5	0.1658057851239669	0.16580578512396693	2.7755575615628914e-17	1.6739811337027287e-16
VUILD104MA2_150_11_20	VUILD104MA2	rgb_g_hist_6	0.124870867768595	0.12487086776859505	4.163336342344337e-17	3.3341134059063656e-16
VUILD104MA2_150_11_20	VUILD104MA2	rgb_g_hist_7	0.1663223140495867	0.16632231404958678	8.326672684688674e-17	5.006347303589218e-16
VUILD104MA2_150_11_20	VUILD104MA2	rgb_b_hist_0	0.0	0.0	0.0	0.0
VUILD104MA2_150_11_20	VUILD104MA2	rgb_b_hist_1	0.0	0.0	0.0	0.0
VUILD104MA2_150_11_20	VUILD104MA2	rgb_b_hist_2	0.0018078512396694	0.0018078512396694215	2.1467203015212988e-17	1.187443001070081e-14
VUILD104MA2_150_11_20	VUILD104MA2	rgb_b_hist_3	0.0565599173553719	0.0565599173553719	0.0	0.0
VUILD104MA2_150_11_20	VUILD104MA2	rgb_b_hist_4	0.2870609504132231	0.28706095041322316	5.551115123125783e-17	1.9337757765850682e-16
VUILD104MA2_150_11_20	VUILD104MA2	rgb_b_hist_5	0.2642045454545454	0.26420454545454547	5.551115123125783e-17	2.101067229398146e-16
VUILD104MA2_150_11_20	VUILD104MA2	rgb_b_hist_6	0.1885330578512396	0.18853305785123967	5.551115123125783e-17	2.9443722954442515e-16
VUILD104MA2_150_11_20	VUILD104MA2	rgb_b_hist_7	0.2018336776859504	0.20183367768595042	2.7755575615628914e-17	1.375170681813374e-16
VUILD105MA2_150_10_5	VUILD105MA2	rgb_r_mean	0.8728705908495101	0.8728705908495101	0.0	0.0
VUILD105MA2_150_10_5	VUILD105MA2	rgb_r_sd	0.1310203121907159	0.13102031219071597	8.326672684688674e-17	6.35525327749807e-16
VUILD105MA2_150_10_5	VUILD105MA2	rgb_g_mean	0.7933317208008395	0.7933317208008395	0.0	0.0
VUILD105MA2_150_10_5	VUILD105MA2	rgb_g_sd	0.2113011614104497	0.21130116141044974	5.551115123125783e-17	2.6271105591998215e-16
VUILD105MA2_150_10_5	VUILD105MA2	rgb_b_mean	0.8255894593124794	0.8255894593124794	0.0	0.0
VUILD105MA2_150_10_5	VUILD105MA2	rgb_b_sd	0.1620099261587733	0.16200992615877333	2.7755575615628914e-17	1.7132021644419392e-16
VUILD105MA2_150_10_5	VUILD105MA2	hed_hematoxylin_mean	0.010018903809033	0.010018903809033086	8.673617379884035e-17	8.657251876262092e-15
VUILD105MA2_150_10_5	VUILD105MA2	hed_hematoxylin_sd	0.0159435030439657	0.015943503043965798	9.71445146547012e-17	6.093047079228204e-15
VUILD105MA2_150_10_5	VUILD105MA2	hed_eosin_mean	0.0057036990607233	0.005703699060723388	8.760353553682876e-17	1.5359073928020238e-14
VUILD105MA2_150_10_5	VUILD105MA2	hed_eosin_sd	0.0089643745044085	0.008964374504408505	5.204170427930421e-18	5.805391581276658e-16
VUILD105MA2_150_10_5	VUILD105MA2	hed_dab_mean	0.0158428206030328	0.015842820603032836	3.469446951953614e-17	2.1899174641221753e-15
VUILD105MA2_150_10_5	VUILD105MA2	hed_dab_sd	0.0176661925402891	0.017666192540289172	7.28583859910259e-17	4.124170266166113e-15
VUILD105MA2_150_10_5	VUILD105MA2	brightness_mean	0.8765273116652138	0.8765273116652138	0.0	0.0
VUILD105MA2_150_10_5	VUILD105MA2	brightness_sd	0.1276149782920453	0.12761497829204538	8.326672684688674e-17	6.524839635699492e-16
VUILD105MA2_150_10_5	VUILD105MA2	saturation_mean	0.1185258797668512	0.11852587976685122	2.7755575615628914e-17	2.3417312463932855e-16
VUILD105MA2_150_10_5	VUILD105MA2	saturation_sd	0.1481703773095683	0.14817037730956834	2.7755575615628914e-17	1.8732202832715982e-16
VUILD105MA2_150_10_5	VUILD105MA2	rgb_r_hist_0	0.0	0.0	0.0	0.0
VUILD105MA2_150_10_5	VUILD105MA2	rgb_r_hist_1	0.0010330578512396	0.0010330578512396695	6.938893903907228e-17	6.716849298982648e-14
VUILD105MA2_150_10_5	VUILD105MA2	rgb_r_hist_2	0.0103305785123966	0.010330578512396695	9.367506770274758e-17	9.067746553626048e-15
VUILD105MA2_150_10_5	VUILD105MA2	rgb_r_hist_3	0.018724173553719	0.01872417355371901	6.938893903907228e-18	3.7058478890936275e-16
VUILD105MA2_150_10_5	VUILD105MA2	rgb_r_hist_4	0.0344783057851239	0.03447830578512397	6.938893903907228e-17	2.012539115799913e-15
VUILD105MA2_150_10_5	VUILD105MA2	rgb_r_hist_5	0.0845816115702479	0.08458161157024793	2.7755575615628914e-17	3.281514161334815e-16
VUILD105MA2_150_10_5	VUILD105MA2	rgb_r_hist_6	0.1327479338842975	0.1327479338842975	0.0	0.0
VUILD105MA2_150_10_5	VUILD105MA2	rgb_r_hist_7	0.7181043388429752	0.7181043388429752	0.0	0.0
VUILD105MA2_150_10_5	VUILD105MA2	rgb_g_hist_0	0.0007747933884297	0.0007747933884297521	5.204170427930421e-17	6.716849298982648e-14
VUILD105MA2_150_10_5	VUILD105MA2	rgb_g_hist_1	0.0176911157024793	0.01769111570247934	3.8163916471489756e-17	2.1572362712059658e-15
VUILD105MA2_150_10_5	VUILD105MA2	rgb_g_hist_2	0.0411931818181818	0.041193181818181816	1.3877787807814457e-17	3.368952626448752e-16
VUILD105MA2_150_10_5	VUILD105MA2	rgb_g_hist_3	0.0774793388429752	0.07747933884297521	1.3877787807814457e-17	1.7911598130619194e-16
VUILD105MA2_150_10_5	VUILD105MA2	rgb_g_hist_4	0.0933626033057851	0.09336260330578512	2.7755575615628914e-17	2.97287935777912e-16
VUILD105MA2_150_10_5	VUILD105MA2	rgb_g_hist_5	0.0910382231404958	0.09103822314049587	6.938893903907228e-17	7.621956651327322e-16
VUILD105MA2_150_10_5	VUILD105MA2	rgb_g_hist_6	0.0742510330578512	0.07425103305785125	4.163336342344337e-17	5.607108980019924e-16
VUILD105MA2_150_10_5	VUILD105MA2	rgb_g_hist_7	0.6042097107438017	0.6042097107438017	0.0	0.0
VUILD105MA2_150_10_5	VUILD105MA2	rgb_b_hist_0	0.0002582644628099	0.00025826446280991736	1.734723475976807e-17	6.716849298982648e-14
VUILD105MA2_150_10_5	VUILD105MA2	rgb_b_hist_1	0.0032283057851239	0.003228305785123967	6.722053469410127e-17	2.0822232826845244e-14
VUILD105MA2_150_10_5	VUILD105MA2	rgb_b_hist_2	0.0089101239669421	0.008910123966942149	4.85722573273506e-17	5.4513559527971756e-15
VUILD105MA2_150_10_5	VUILD105MA2	rgb_b_hist_3	0.0441632231404958	0.044163223140495866	6.938893903907228e-17	1.5711928184753702e-15
VUILD105MA2_150_10_5	VUILD105MA2	rgb_b_hist_4	0.0983987603305785	0.09839876033057851	1.3877787807814457e-17	1.4103620575290705e-16
VUILD105MA2_150_10_5	VUILD105MA2	rgb_b_hist_5	0.1184142561983471	0.11841425619834711	1.3877787807814457e-17	1.1719693433338623e-16
VUILD105MA2_150_10_5	VUILD105MA2	rgb_b_hist_6	0.1055010330578512	0.10550103305785125	4.163336342344337e-17	3.9462517301241806e-16
VUILD105MA2_150_10_5	VUILD105MA2	rgb_b_hist_7	0.6211260330578512	0.6211260330578512	0.0	0.0
VUILD105MA2_150_12_2	VUILD105MA2	rgb_r_mean	0.6364818190940797	0.6364818190940797	0.0	0.0
VUILD105MA2_150_12_2	VUILD105MA2	rgb_r_sd	0.1704066136173564	0.1704066136173564	0.0	0.0
VUILD105MA2_150_12_2	VUILD105MA2	rgb_g_mean	0.3368102789169655	0.3368102789169655	0.0	0.0
VUILD105MA2_150_12_2	VUILD105MA2	rgb_g_sd	0.1909131381037021	0.1909131381037021	0.0	0.0
VUILD105MA2_150_12_2	VUILD105MA2	rgb_b_mean	0.4261826899357376	0.4261826899357376	0.0	0.0
VUILD105MA2_150_12_2	VUILD105MA2	rgb_b_sd	0.1844324537197422	0.18443245371974223	2.7755575615628914e-17	1.5049181993644904e-16
VUILD105MA2_150_12_2	VUILD105MA2	hed_hematoxylin_mean	0.0206897289022593	0.020689728902259362	6.245004513516506e-17	3.018408091772801e-15
VUILD105MA2_150_12_2	VUILD105MA2	hed_hematoxylin_sd	0.0225269370536343	0.022526937053634375	7.632783294297951e-17	3.388291659946972e-15
VUILD105MA2_150_12_2	VUILD105MA2	hed_eosin_mean	0.0323820659141282	0.032382065914128205	6.938893903907228e-18	2.1428200171996469e-16
VUILD105MA2_150_12_2	VUILD105MA2	hed_eosin_sd	0.0129761109759203	0.012976110975920305	5.204170427930421e-18	4.010577928616496e-16
VUILD105MA2_150_12_2	VUILD105MA2	hed_dab_mean	0.0759987358102553	0.07599873581025539	8.326672684688674e-17	1.0956330517757202e-15
VUILD105MA2_150_12_2	VUILD105MA2	hed_dab_sd	0.0351016559995837	0.03510165599958376	5.551115123125783e-17	1.5814396685990021e-15
VUILD105MA2_150_12_2	VUILD105MA2	brightness_mean	0.6369264504707688	0.6369264504707688	0.0	0.0
VUILD105MA2_150_12_2	VUILD105MA2	brightness_sd	0.1703421738078755	0.1703421738078755	0.0	0.0
VUILD105MA2_150_12_2	VUILD105MA2	saturation_mean	0.5021441877144531	0.5021441877144531	0.0	0.0
VUILD105MA2_150_12_2	VUILD105MA2	saturation_sd	0.156719644609978	0.15671964460997806	5.551115123125783e-17	3.542067197089825e-16
VUILD105MA2_150_12_2	VUILD105MA2	rgb_r_hist_0	0.0	0.0	0.0	0.0
VUILD105MA2_150_12_2	VUILD105MA2	rgb_r_hist_1	0.0153217568947906	0.015321756894790603	3.469446951953614e-18	2.2643923773083927e-16
VUILD105MA2_150_12_2	VUILD105MA2	rgb_r_hist_2	0.0482635342185904	0.0482635342185904	0.0	0.0
VUILD105MA2_150_12_2	VUILD105MA2	rgb_r_hist_3	0.154749744637385	0.15474974463738508	8.326672684688674e-17	5.380734361920935e-16
VUILD105MA2_150_12_2	VUILD105MA2	rgb_r_hist_4	0.2545965270684371	0.25459652706843716	5.551115123125783e-17	2.1803577554825048e-16
VUILD105MA2_150_12_2	VUILD105MA2	rgb_r_hist_5	0.2566394279877426	0.2566394279877426	0.0	0.0
VUILD105MA2_150_12_2	VUILD105MA2	rgb_r_hist_6	0.1830949948927477	0.1830949948927477	0.0	0.0
VUILD105MA2_150_12_2	VUILD105MA2	rgb_r_hist_7	0.0873340143003064	0.08733401430030643	2.7755575615628914e-17	3.1780945646433586e-16
VUILD105MA2_150_12_2	VUILD105MA2	rgb_g_hist_0	0.0458375893769152	0.04583758937691522	2.0816681711721685e-17	4.541399753933268e-16
VUILD105MA2_150_12_2	VUILD105MA2	rgb_g_hist_1	0.348314606741573	0.34831460674157305	5.551115123125783e-17	1.5937072450264345e-16
VUILD105MA2_150_12_2	VUILD105MA2	rgb_g_hist_2	0.3010725229826353	0.3010725229826353	0.0	0.0
VUILD105MA2_150_12_2	VUILD105MA2	rgb_g_hist_3	0.1428753830439223	0.14287538304392236	5.551115123125783e-17	3.8852845079822297e-16
VUILD105MA2_150_12_2	VUILD105MA2	rgb_g_hist_4	0.0566905005107252	0.05669050051072523	2.7755575615628914e-17	4.895983518504634e-16
VUILD105MA2_150_12_2	VUILD105MA2	rgb_g_hist_5	0.0570735444330949	0.057073544433094994	9.71445146547012e-17	1.7020935990506064e-15
VUILD105MA2_150_12_2	VUILD105MA2	rgb_g_hist_6	0.023876404494382	0.023876404494382022	2.0816681711721685e-17	8.718516105144619e-16
VUILD105MA2_150_12_2	VUILD105MA2	rgb_g_hist_7	0.0242594484167517	0.02425944841675179	9.020562075079397e-17	3.718370640632742e-15
VUILD105MA2_150_12_2	VUILD105MA2	rgb_b_hist_0	0.0146833503575076	0.01468335035750766	6.071532165918825e-17	4.134977384650125e-15
VUILD105MA2_150_12_2	VUILD105MA2	rgb_b_hist_1	0.1464504596527068	0.14645045965270684	2.7755575615628914e-17	1.8952194265179224e-16
VUILD105MA2_150_12_2	VUILD105MA2	rgb_b_hist_2	0.2972420837589377	0.2972420837589377	0.0	0.0
VUILD105MA2_150_12_2	VUILD105MA2	rgb_b_hist_3	0.2516598569969356	0.25165985699693566	5.551115123125783e-17	2.2058007937250704e-16
VUILD105MA2_150_12_2	VUILD105MA2	rgb_b_hist_4	0.1435137895812053	0.1435137895812053	0.0	0.0
VUILD105MA2_150_12_2	VUILD105MA2	rgb_b_hist_5	0.0686925434116445	0.06869254341164453	2.7755575615628914e-17	4.0405514539331923e-16
VUILD105MA2_150_12_2	VUILD105MA2	rgb_b_hist_6	0.0512002042900919	0.05120020429009193	2.7755575615628914e-17	5.420989232458997e-16
VUILD105MA2_150_12_2	VUILD105MA2	rgb_b_hist_7	0.0265577119509703	0.026557711950970377	7.632783294297951e-17	2.8740364788914294e-15
VUILD105MA2_150_20_11	VUILD105MA2	rgb_r_mean	0.9190320699333312	0.9190320699333313	1.1102230246251565e-16	1.2080351284212473e-16
VUILD105MA2_150_20_11	VUILD105MA2	rgb_r_sd	0.0747005904706382	0.07470059047063826	5.551115123125783e-17	7.431152937549674e-16
VUILD105MA2_150_20_11	VUILD105MA2	rgb_g_mean	0.8825230968169375	0.8825230968169375	0.0	0.0
VUILD105MA2_150_20_11	VUILD105MA2	rgb_g_sd	0.1553393037045461	0.1553393037045461	0.0	0.0
VUILD105MA2_150_20_11	VUILD105MA2	rgb_b_mean	0.8894835779335627	0.8894835779335627	0.0	0.0
VUILD105MA2_150_20_11	VUILD105MA2	rgb_b_sd	0.1232944832299367	0.12329448322993672	1.3877787807814457e-17	1.1255805973032245e-16
VUILD105MA2_150_20_11	VUILD105MA2	hed_hematoxylin_mean	0.0058344204836325	0.005834420483632583	8.239936510889834e-17	1.4122973368144462e-14
VUILD105MA2_150_20_11	VUILD105MA2	hed_hematoxylin_sd	0.006591005914158	0.006591005914158068	6.852157730108388e-17	1.039622452073577e-14
VUILD105MA2_150_20_11	VUILD105MA2	hed_eosin_mean	0.0029064664164502	0.002906466416450215	1.474514954580286e-17	5.073222061795499e-15
VUILD105MA2_150_20_11	VUILD105MA2	hed_eosin_sd	0.0083429309206036	0.008342930920603618	1.734723475976807e-17	2.079273450164564e-15
VUILD105MA2_150_20_11	VUILD105MA2	hed_dab_mean	0.0099187384017939	0.009918738401793949	4.85722573273506e-17	4.897019697441142e-15
VUILD105MA2_150_20_11	VUILD105MA2	hed_dab_sd	0.015305451600977	0.015305451600977085	8.500145032286355e-17	5.5536714981632824e-15
VUILD105MA2_150_20_11	VUILD105MA2	brightness_mean	0.921916529334204	0.9219165293342041	1.1102230246251565e-16	1.2042554714003718e-16
VUILD105MA2_150_20_11	VUILD105MA2	brightness_sd	0.074898397017893	0.07489839701789308	8.326672684688674e-17	1.1117290911712646e-15
VUILD105MA2_150_20_11	VUILD105MA2	saturation_mean	0.0587383224933133	0.0587383224933133	0.0	0.0
VUILD105MA2_150_20_11	VUILD105MA2	saturation_sd	0.1256503777843982	0.12565037778439825	5.551115123125783e-17	4.4179056370613285e-16
VUILD105MA2_150_20_11	VUILD105MA2	rgb_r_hist_0	0.0	0.0	0.0	0.0
VUILD105MA2_150_20_11	VUILD105MA2	rgb_r_hist_1	0.0003873966942148	0.00038739669421487604	7.605678239985814e-17	1.9632790763487234e-13
VUILD105MA2_150_20_11	VUILD105MA2	rgb_r_hist_2	0.0016787190082644	0.0016787190082644629	6.288372600415926e-17	3.745935185970981e-14
VUILD105MA2_150_20_11	VUILD105MA2	rgb_r_hist_3	0.0043904958677685	0.004390495867768595	9.540979117872439e-17	2.1730983026119345e-14
VUILD105MA2_150_20_11	VUILD105MA2	rgb_r_hist_4	0.0113636363636363	0.011363636363636364	6.418476861114186e-17	5.6482596377805155e-15
VUILD105MA2_150_20_11	VUILD105MA2	rgb_r_hist_5	0.0277634297520661	0.027763429752066117	1.734723475976807e-17	6.248231906029954e-16
VUILD105MA2_150_20_11	VUILD105MA2	rgb_r_hist_6	0.0475206611570247	0.047520661157024795	9.71445146547012e-17	2.0442584822989336e-15
VUILD105MA2_150_20_11	VUILD105MA2	rgb_r_hist_7	0.9068956611570248	0.9068956611570248	0.0	0.0
VUILD105MA2_150_20_11	VUILD105MA2	rgb_g_hist_0	0.0005165289256198	0.0005165289256198347	3.469446951953614e-17	6.716849298982648e-14
VUILD105MA2_150_20_11	VUILD105MA2	rgb_g_hist_1	0.0082644628099173	0.008264462809917356	5.551115123125783e-17	6.716849298982242e-15
VUILD105MA2_150_20_11	VUILD105MA2	rgb_g_hist_2	0.0222107438016528	0.02221074380165289	9.020562075079397e-17	4.061350738919485e-15
VUILD105MA2_150_20_11	VUILD105MA2	rgb_g_hist_3	0.0338326446280991	0.03383264462809917	6.938893903907228e-17	2.0509463508342628e-15
VUILD105MA2_150_20_11	VUILD105MA2	rgb_g_hist_4	0.0224690082644628	0.02246900826446281	1.0408340855860843e-17	4.632309861367035e-16
VUILD105MA2_150_20_11	VUILD105MA2	rgb_g_hist_5	0.0236311983471074	0.02363119834710744	3.8163916471489756e-17	1.6149801593181264e-15
VUILD105MA2_150_20_11	VUILD105MA2	rgb_g_hist_6	0.0445506198347107	0.044550619834710745	4.163336342344337e-17	9.345181633366544e-16
VUILD105MA2_150_20_11	VUILD105MA2	rgb_g_hist_7	0.8445247933884298	0.8445247933884298	0.0	0.0
VUILD105MA2_150_20_11	VUILD105MA2	rgb_b_hist_0	0.0	0.0	0.0	0.0
VUILD105MA2_150_20_11	VUILD105MA2	rgb_b_hist_1	0.0007747933884297	0.0007747933884297521	5.204170427930421e-17	6.716849298982648e-14
VUILD105MA2_150_20_11	VUILD105MA2	rgb_b_hist_2	0.0107179752066115	0.010717975206611571	7.112366251504909e-17	6.6359234038137805e-15
VUILD105MA2_150_20_11	VUILD105MA2	rgb_b_hist_3	0.0219524793388429	0.021952479338842975	7.632783294297951e-17	3.4769572841790318e-15
VUILD105MA2_150_20_11	VUILD105MA2	rgb_b_hist_4	0.0353822314049586	0.03538223140495868	7.632783294297951e-17	2.1572362712059658e-15
VUILD105MA2_150_20_11	VUILD105MA2	rgb_b_hist_5	0.0269886363636363	0.026988636363636364	6.245004513516506e-17	2.3139385144819106e-15
VUILD105MA2_150_20_11	VUILD105MA2	rgb_b_hist_6	0.0510072314049586	0.05100723140495868	7.632783294297951e-17	1.4964119957226183e-15
VUILD105MA2_150_20_11	VUILD105MA2	rgb_b_hist_7	0.853176652892562	0.853176652892562	0.0	0.0
VUILD105MA2_150_10_7	VUILD105MA2	rgb_r_mean	0.8622928887080356	0.8622928887080356	0.0	0.0
VUILD105MA2_150_10_7	VUILD105MA2	rgb_r_sd	0.1527538451739467	0.15275384517394672	2.7755575615628914e-17	1.8170132204542917e-16
VUILD105MA2_150_10_7	VUILD105MA2	rgb_g_mean	0.7918089718686817	0.7918089718686817	0.0	0.0
VUILD105MA2_150_10_7	VUILD105MA2	rgb_g_sd	0.2350873286171629	0.2350873286171629	0.0	0.0
VUILD105MA2_150_10_7	VUILD105MA2	rgb_b_mean	0.8237471716999931	0.8237471716999931	0.0	0.0
VUILD105MA2_150_10_7	VUILD105MA2	rgb_b_sd	0.1787739572881501	0.17877395728815015	5.551115123125783e-17	3.105102783051575e-16
VUILD105MA2_150_10_7	VUILD105MA2	hed_hematoxylin_mean	0.0121400369534401	0.012140036953440127	2.7755575615628914e-17	2.286284277558469e-15
VUILD105MA2_150_10_7	VUILD105MA2	hed_hematoxylin_sd	0.0203788362533552	0.02037883625335524	4.163336342344337e-17	2.042970604692346e-15
VUILD105MA2_150_10_7	VUILD105MA2	hed_eosin_mean	0.0057950827065676	0.0057950827065676785	7.892991815694472e-17	1.3620153870710595e-14
VUILD105MA2_150_10_7	VUILD105MA2	hed_eosin_sd	0.0100910220148569	0.010091022014856978	7.806255641895632e-17	7.735842445296986e-15
VUILD105MA2_150_10_7	VUILD105MA2	hed_dab_mean	0.0158354148795362	0.015835414879536283	8.326672684688674e-17	5.2582598864833484e-15
VUILD105MA2_150_10_7	VUILD105MA2	hed_dab_sd	0.0186857884120671	0.018685788412067163	6.245004513516506e-17	3.342114539562881e-15
VUILD105MA2_150_10_7	VUILD105MA2	brightness_mean	0.8664241072256118	0.8664241072256118	0.0	0.0
VUILD105MA2_150_10_7	VUILD105MA2	brightness_sd	0.1473207216865232	0.14732072168652324	5.551115123125783e-17	3.768047739365368e-16
VUILD105MA2_150_10_7	VUILD105MA2	saturation_mean	0.1167337670414165	0.1167337670414165	0.0	0.0
VUILD105MA2_150_10_7	VUILD105MA2	saturation_sd	0.1663560770313008	0.16635607703130087	8.326672684688674e-17	5.005331234831876e-16
VUILD105MA2_150_10_7	VUILD105MA2	rgb_r_hist_0	0.0001291322314049	0.00012913223140495868	5.868244258577793e-17	4.5443683538447076e-13
VUILD105MA2_150_10_7	VUILD105MA2	rgb_r_hist_1	0.0034865702479338	0.0034865702479338844	8.456776945386935e-17	2.4255289135214077e-14
VUILD105MA2_150_10_7	VUILD105MA2	rgb_r_hist_2	0.0176911157024793	0.01769111570247934	3.8163916471489756e-17	2.1572362712059658e-15
VUILD105MA2_150_10_7	VUILD105MA2	rgb_r_hist_3	0.0281508264462809	0.02815082644628099	9.020562075079397e-17	3.204368472908948e-15
VUILD105MA2_150_10_7	VUILD105MA2	rgb_r_hist_4	0.0495867768595041	0.049586776859504134	3.469446951953614e-17	6.996718019773127e-16
VUILD105MA2_150_10_7	VUILD105MA2	rgb_r_hist_5	0.0774793388429752	0.07747933884297521	1.3877787807814457e-17	1.7911598130619194e-16
VUILD105MA2_150_10_7	VUILD105MA2	rgb_r_hist_6	0.07786673553719	0.07786673553719008	8.326672684688674e-17	1.0693491421265202e-15
VUILD105MA2_150_10_7	VUILD105MA2	rgb_r_hist_7	0.7456095041322314	0.7456095041322314	0.0	0.0
VUILD105MA2_150_10_7	VUILD105MA2	rgb_g_hist_0	0.0016787190082644	0.0016787190082644629	6.288372600415926e-17	3.745935185970981e-14
VUILD105MA2_150_10_7	VUILD105MA2	rgb_g_hist_1	0.0334452479338843	0.0334452479338843	0.0	0.0
VUILD105MA2_150_10_7	VUILD105MA2	rgb_g_hist_2	0.0711518595041322	0.07115185950413223	2.7755575615628914e-17	3.9008925148353974e-16
VUILD105MA2_150_10_7	VUILD105MA2	rgb_g_hist_3	0.0724431818181818	0.07244318181818182	2.7755575615628914e-17	3.831357888902502e-16
VUILD105MA2_150_10_7	VUILD105MA2	rgb_g_hist_4	0.052944214876033	0.052944214876033055	5.551115123125783e-17	1.0484837930118563e-15
VUILD105MA2_150_10_7	VUILD105MA2	rgb_g_hist_5	0.0392561983471074	0.03925619834710744	4.163336342344337e-17	1.0605551524708744e-15
VUILD105MA2_150_10_7	VUILD105MA2	rgb_g_hist_6	0.059271694214876	0.05927169421487603	3.469446951953614e-17	5.853463441378824e-16
VUILD105MA2_150_10_7	VUILD105MA2	rgb_g_hist_7	0.6698088842975206	0.6698088842975206	0.0	0.0
VUILD105MA2_150_10_7	VUILD105MA2	rgb_b_hist_0	0.0001291322314049	0.00012913223140495868	5.868244258577793e-17	4.5443683538447076e-13
VUILD105MA2_150_10_7	VUILD105MA2	rgb_b_hist_1	0.0006456611570247	0.0006456611570247934	9.345822726825048e-17	1.4474810239308728e-13
VUILD105MA2_150_10_7	VUILD105MA2	rgb_b_hist_2	0.0211776859504132	0.021177685950413222	2.0816681711721685e-17	9.829535559486152e-16
VUILD105MA2_150_10_7	VUILD105MA2	rgb_b_hist_3	0.0769628099173553	0.07696280991735537	6.938893903907228e-17	9.01590509930497e-16
VUILD105MA2_150_10_7	VUILD105MA2	rgb_b_hist_4	0.0884555785123966	0.08845557851239669	8.326672684688674e-17	9.413394637989657e-16
VUILD105MA2_150_10_7	VUILD105MA2	rgb_b_hist_5	0.0597882231404958	0.059788223140495866	6.938893903907228e-17	1.1605787125671197e-15
VUILD105MA2_150_10_7	VUILD105MA2	rgb_b_hist_6	0.0683109504132231	0.06831095041322315	4.163336342344337e-17	6.0946836739347e-16
VUILD105MA2_150_10_7	VUILD105MA2	rgb_b_hist_7	0.684529958677686	0.684529958677686	0.0	0.0
VUILD106MA_150_8_22	VUILD106MA	rgb_r_mean	0.7705361745657971	0.7705361745657971	0.0	0.0
VUILD106MA_150_8_22	VUILD106MA	rgb_r_sd	0.092505913774041	0.09250591377404109	9.71445146547012e-17	1.0501438307175761e-15
VUILD106MA_150_8_22	VUILD106MA	rgb_g_mean	0.553752847261293	0.553752847261293	0.0	0.0
VUILD106MA_150_8_22	VUILD106MA	rgb_g_sd	0.0989912104916071	0.09899121049160713	2.7755575615628914e-17	2.803842429826853e-16
VUILD106MA_150_8_22	VUILD106MA	rgb_b_mean	0.6439103730616519	0.6439103730616519	0.0	0.0
VUILD106MA_150_8_22	VUILD106MA	rgb_b_sd	0.0853284794248026	0.08532847942480269	9.71445146547012e-17	1.1384770396654228e-15
VUILD106MA_150_8_22	VUILD106MA	hed_hematoxylin_mean	0.0142939604783665	0.014293960478366558	5.724587470723463e-17	4.004899467427144e-15
VUILD106MA_150_8_22	VUILD106MA	hed_hematoxylin_sd	0.0133014889595592	0.013301488959559259	5.898059818321144e-17	4.434135032741929e-15
VUILD106MA_150_8_22	VUILD106MA	hed_eosin_mean	0.0146940006544416	0.014694000654441644	4.336808689942018e-17	2.9514145207494036e-15
VUILD106MA_150_8_22	VUILD106MA	hed_eosin_sd	0.005245699872252	0.005245699872252024	2.3418766925686896e-17	4.464374153306854e-15
VUILD106MA_150_8_22	VUILD106MA	hed_dab_mean	0.034348322491605	0.034348322491605014	1.3877787807814457e-17	4.040310210551417e-16
VUILD106MA_150_8_22	VUILD106MA	hed_dab_sd	0.0102831785645242	0.010283178564524268	6.765421556309548e-17	6.579115118791659e-15
VUILD106MA_150_8_22	VUILD106MA	brightness_mean	0.7724308651264099	0.7724308651264099	0.0	0.0
VUILD106MA_150_8_22	VUILD106MA	brightness_sd	0.0886257025883765	0.08862570258837653	2.7755575615628914e-17	3.1317749597473014e-16
VUILD106MA_150_8_22	VUILD106MA	saturation_mean	0.2867148554289572	0.28671485542895725	5.551115123125783e-17	1.9361100473223472e-16
VUILD106MA_150_8_22	VUILD106MA	saturation_sd	0.068016826151579	0.06801682615157909	8.326672684688674e-17	1.224207766785862e-15
VUILD106MA_150_8_22	VUILD106MA	rgb_r_hist_0	0.0	0.0	0.0	0.0
VUILD106MA_150_8_22	VUILD106MA	rgb_r_hist_1	0.0	0.0	0.0	0.0
VUILD106MA_150_8_22	VUILD106MA	rgb_r_hist_2	0.0008937691521961	0.0008937691521961185	1.8539857149502126e-17	2.074345159927195e-14
VUILD106MA_150_8_22	VUILD106MA	rgb_r_hist_3	0.014555669050051	0.014555669050051073	7.28583859910259e-17	5.005498939313313e-15
VUILD106MA_150_8_22	VUILD106MA	rgb_r_hist_4	0.0531154239019407	0.05311542390194075	5.551115123125783e-17	1.045104174142336e-15
VUILD106MA_150_8_22	VUILD106MA	rgb_r_hist_5	0.2856230847803881	0.28562308478038817	5.551115123125783e-17	1.943510668051906e-16
VUILD106MA_150_8_22	VUILD106MA	rgb_r_hist_6	0.5474974463738509	0.5474974463738509	0.0	0.0
VUILD106MA_150_8_22	VUILD106MA	rgb_r_hist_7	0.098314606741573	0.09831460674157304	4.163336342344337e-17	4.234707822498813e-16
VUILD106MA_150_8_22	VUILD106MA	rgb_g_hist_0	0.0	0.0	0.0	0.0
VUILD106MA_150_8_22	VUILD106MA	rgb_g_hist_1	0.0019152196118488	0.0019152196118488254	2.5370330836160804e-17	1.3246695407254269e-14
VUILD106MA_150_8_22	VUILD106MA	rgb_g_hist_2	0.0292390194075587	0.029239019407558735	3.469446951953614e-17	1.1865811584148793e-15
VUILD106MA_150_8_22	VUILD106MA	rgb_g_hist_3	0.2482124616956077	0.24821246169560776	5.551115123125783e-17	2.236436915860141e-16
VUILD106MA_150_8_22	VUILD106MA	rgb_g_hist_4	0.5210674157303371	0.5210674157303371	0.0	0.0
VUILD106MA_150_8_22	VUILD106MA	rgb_g_hist_5	0.1648365679264555	0.16483656792645557	5.551115123125783e-17	3.367647842317672e-16
VUILD106MA_150_8_22	VUILD106MA	rgb_g_hist_6	0.0287282941777323	0.02872829417773238	7.979727989493313e-17	2.7776546494983022e-15
VUILD106MA_150_8_22	VUILD106MA	rgb_g_hist_7	0.0060010214504596	0.006001021450459653	5.2909066017292616e-17	8.816676703137009e-15
VUILD106MA_150_8_22	VUILD106MA	rgb_b_hist_0	0.0	0.0	0.0	0.0
VUILD106MA_150_8_22	VUILD106MA	rgb_b_hist_1	0.0	0.0	0.0	0.0
VUILD106MA_150_8_22	VUILD106MA	rgb_b_hist_2	0.0005107252298263	0.0005107252298263534	5.345116710353537e-17	1.0465738518873321e-13
VUILD106MA_150_8_22	VUILD106MA	rgb_b_hist_3	0.0284729315628192	0.028472931562819204	3.469446951953614e-18	1.2185071088655025e-16
VUILD106MA_150_8_22	VUILD106MA	rgb_b_hist_4	0.4107507660878447	0.4107507660878447	0.0	0.0
VUILD106MA_150_8_22	VUILD106MA	rgb_b_hist_5	0.4582482124616956	0.4582482124616956	0.0	0.0
VUILD106MA_150_8_22	VUILD106MA	rgb_b_hist_6	0.088993871297242	0.08899387129724208	8.326672684688674e-17	9.356456307960081e-16
VUILD106MA_150_8_22	VUILD106MA	rgb_b_hist_7	0.013023493360572	0.013023493360572012	1.214306433183765e-17	9.323968612446329e-16
VUILD106MA_150_2_19	VUILD106MA	rgb_r_mean	0.7853862937551361	0.7853862937551361	0.0	0.0
VUILD106MA_150_2_19	VUILD106MA	rgb_r_sd	0.1525652763492726	0.15256527634927264	2.7755575615628914e-17	1.8192590266796476e-16
VUILD106MA_150_2_19	VUILD106MA	rgb_g_mean	0.6007266957967057	0.6007266957967057	0.0	0.0
VUILD106MA_150_2_19	VUILD106MA	rgb_g_sd	0.2368521374281091	0.23685213742810912	2.7755575615628914e-17	1.1718524441880313e-16
VUILD106MA_150_2_19	VUILD106MA	rgb_b_mean	0.6764847809277582	0.6764847809277582	0.0	0.0
VUILD106MA_150_2_19	VUILD106MA	rgb_b_sd	0.1889575509478491	0.18895755094784916	5.551115123125783e-17	2.937757763730675e-16
VUILD106MA_150_2_19	VUILD106MA	hed_hematoxylin_mean	0.0147547502816868	0.014754750281686877	7.806255641895632e-17	5.290672829335883e-15
VUILD106MA_150_2_19	VUILD106MA	hed_hematoxylin_sd	0.0195243500117031	0.019524350011703176	7.632783294297951e-17	3.909366145209844e-15
VUILD106MA_150_2_19	VUILD106MA	hed_eosin_mean	0.0147573527711175	0.014757352771117541	4.163336342344337e-17	2.8211945644429214e-15
VUILD106MA_150_2_19	VUILD106MA	hed_eosin_sd	0.0111764977291151	0.011176497729115118	1.734723475976807e-17	1.5521172356683813e-15
VUILD106MA_150_2_19	VUILD106MA	hed_dab_mean	0.0326888059461881	0.032688805946188164	6.245004513516506e-17	1.9104413063594165e-15
VUILD106MA_150_2_19	VUILD106MA	hed_dab_sd	0.0217879988858296	0.02178799888582967	6.938893903907228e-17	3.184732081301932e-15
VUILD106MA_150_2_19	VUILD106MA	brightness_mean	0.7893392591639076	0.7893392591639076	0.0	0.0
VUILD106MA_150_2_19	VUILD106MA	brightness_sd	0.1507218503473679	0.1507218503473679	0.0	0.0
VUILD106MA_150_2_19	VUILD106MA	saturation_mean	0.2668976678569755	0.2668976678569755	0.0	0.0
VUILD106MA_150_2_19	VUILD106MA	saturation_sd	0.1686559787743152	0.1686559787743152	0.0	0.0
VUILD106MA_150_2_19	VUILD106MA	rgb_r_hist_0	0.0002582644628099	0.00025826446280991736	1.734723475976807e-17	6.716849298982648e-14
VUILD106MA_150_2_19	VUILD106MA	rgb_r_hist_1	0.0015495867768595	0.0015495867768595042	4.119968255444917e-18	2.658752847513793e-15
VUILD106MA_150_2_19	VUILD106MA	rgb_r_hist_2	0.0113636363636363	0.011363636363636364	6.418476861114186e-17	5.6482596377805155e-15
VUILD106MA_150_2_19	VUILD106MA	rgb_r_hist_3	0.0411931818181818	0.041193181818181816	1.3877787807814457e-17	3.368952626448752e-16
VUILD106MA_150_2_19	VUILD106MA	rgb_r_hist_4	0.0941373966942148	0.09413739669421488	8.326672684688674e-17	8.845233644750226e-16
VUILD106MA_150_2_19	VUILD106MA	rgb_r_hist_5	0.2258522727272727	0.22585227272727273	2.7755575615628914e-17	1.2289261153083496e-16
VUILD106MA_150_2_19	VUILD106MA	rgb_r_hist_6	0.2834452479338843	0.2834452479338843	0.0	0.0
VUILD106MA_150_2_19	VUILD106MA	rgb_r_hist_7	0.3422004132231405	0.3422004132231405	0.0	0.0
VUILD106MA_150_2_19	VUILD106MA	rgb_g_hist_0	0.0005165289256198	0.0005165289256198347	3.469446951953614e-17	6.716849298982648e-14
VUILD106MA_150_2_19	VUILD106MA	rgb_g_hist_1	0.0250516528925619	0.025051652892561983	8.326672684688674e-17	3.3238017149602735e-15
VUILD106MA_150_2_19	VUILD106MA	rgb_g_hist_2	0.1485020661157025	0.1485020661157025	0.0	0.0
VUILD106MA_150_2_19	VUILD106MA	rgb_g_hist_3	0.259426652892562	0.259426652892562	0.0	0.0
VUILD106MA_150_2_19	VUILD106MA	rgb_g_hist_4	0.1908574380165289	0.19085743801652894	2.7755575615628914e-17	1.4542569524183378e-16
VUILD106MA_150_2_19	VUILD106MA	rgb_g_hist_5	0.0861311983471074	0.08613119834710743	2.7755575615628914e-17	3.2224764252988066e-16
VUILD106MA_150_2_19	VUILD106MA	rgb_g_hist_6	0.0428719008264462	0.042871900826446284	8.326672684688674e-17	1.9422214840430486e-15
VUILD106MA_150_2_19	VUILD106MA	rgb_g_hist_7	0.246642561983471	0.24664256198347106	5.551115123125783e-17	2.2506720164128836e-16
VUILD106MA_150_2_19	VUILD106MA	rgb_b_hist_0	0.0001291322314049	0.00012913223140495868	5.868244258577793e-17	4.5443683538447076e-13
VUILD106MA_150_2_19	VUILD106MA	rgb_b_hist_1	0.0009039256198347	0.0009039256198347108	1.0733601507606494e-17	1.187443001070081e-14
VUILD106MA_150_2_19	VUILD106MA	rgb_b_hist_2	0.0220816115702479	0.022081611570247933	3.469446951953614e-17	1.5711928184753702e-15
VUILD106MA_150_2_19	VUILD106MA	rgb_b_hist_3	0.1714876033057851	0.17148760330578514	2.7755575615628914e-17	1.6185179033692043e-16
VUILD106MA_150_2_19	VUILD106MA	rgb_b_hist_4	0.2831869834710744	0.2831869834710744	0.0	0.0
VUILD106MA_150_2_19	VUILD106MA	rgb_b_hist_5	0.1868543388429752	0.1868543388429752	0.0	0.0
VUILD106MA_150_2_19	VUILD106MA	rgb_b_hist_6	0.0772210743801652	0.07722107438016529	8.326672684688674e-17	1.0782901884653707e-15
VUILD106MA_150_2_19	VUILD106MA	rgb_b_hist_7	0.2581353305785124	0.2581353305785124	0.0	0.0
VUILD106MA_150_7_38	VUILD106MA	rgb_r_mean	0.8167658175881172	0.8167658175881172	0.0	0.0
VUILD106MA_150_7_38	VUILD106MA	rgb_r_sd	0.1297835909233828	0.12978359092338282	2.7755575615628914e-17	2.1386043811974893e-16
VUILD106MA_150_7_38	VUILD106MA	rgb_g_mean	0.63296532303483	0.63296532303483	0.0	0.0
VUILD106MA_150_7_38	VUILD106MA	rgb_g_sd	0.2138697134854431	0.21386971348544315	5.551115123125783e-17	2.5955592461686334e-16
VUILD106MA_150_7_38	VUILD106MA	rgb_b_mean	0.7153172644504001	0.7153172644504001	0.0	0.0
VUILD106MA_150_7_38	VUILD106MA	rgb_b_sd	0.1640642460066977	0.16406424600669778	8.326672684688674e-17	5.075251242948295e-16
VUILD106MA_150_7_38	VUILD106MA	hed_hematoxylin_mean	0.0116496709417795	0.011649670941779558	5.724587470723463e-17	4.9139477838753665e-15
VUILD106MA_150_7_38	VUILD106MA	hed_hematoxylin_sd	0.0150076096728529	0.015007609672852976	7.632783294297951e-17	5.0859420391941624e-15
VUILD106MA_150_7_38	VUILD106MA	hed_eosin_mean	0.014651602815408	0.014651602815408026	2.6020852139652106e-17	1.7759730773132831e-15
VUILD106MA_150_7_38	VUILD106MA	hed_eosin_sd	0.010956756266854	0.010956756266854077	7.632783294297951e-17	6.9662800818052175e-15
VUILD106MA_150_7_38	VUILD106MA	hed_dab_mean	0.0274962659928205	0.027496265992820595	9.71445146547012e-17	3.5330075247332284e-15
VUILD106MA_150_7_38	VUILD106MA	hed_dab_sd	0.0181224618928653	0.018122461892865333	3.469446951953614e-17	1.9144457151925445e-15
VUILD106MA_150_7_38	VUILD106MA	brightness_mean	0.8199763764666281	0.8199763764666281	0.0	0.0
VUILD106MA_150_7_38	VUILD106MA	brightness_sd	0.130055308553787	0.13005530855378702	2.7755575615628914e-17	2.1341363089496678e-16
VUILD106MA_150_7_38	VUILD106MA	saturation_mean	0.2500148641958212	0.25001486419582125	5.551115123125783e-17	2.2203140365198196e-16
VUILD106MA_150_7_38	VUILD106MA	saturation_sd	0.1568994506254137	0.15689945062541377	8.326672684688674e-17	5.307012007688934e-16
VUILD106MA_150_7_38	VUILD106MA	rgb_r_hist_0	0.0	0.0	0.0	0.0
VUILD106MA_150_7_38	VUILD106MA	rgb_r_hist_1	0.0	0.0	0.0	0.0
VUILD106MA_150_7_38	VUILD106MA	rgb_r_hist_2	0.0035750766087844	0.003575076608784474	7.41594285980085e-17	2.074345159927195e-14
VUILD106MA_150_7_38	VUILD106MA	rgb_r_hist_3	0.0225995914198161	0.02259959141981614	3.8163916471489756e-17	1.6886994000266005e-15
VUILD106MA_150_7_38	VUILD106MA	rgb_r_hist_4	0.0693309499489274	0.06933094994892748	8.326672684688674e-17	1.2010036918320767e-15
VUILD106MA_150_7_38	VUILD106MA	rgb_r_hist_5	0.1616445352400408	0.16164453524004085	5.551115123125783e-17	3.434149576960596e-16
VUILD106MA_150_7_38	VUILD106MA	rgb_r_hist_6	0.3393769152196118	0.33937691521961183	5.551115123125783e-17	1.6356784666787486e-16
VUILD106MA_150_7_38	VUILD106MA	rgb_r_hist_7	0.4034729315628192	0.4034729315628192	0.0	0.0
VUILD106MA_150_7_38	VUILD106MA	rgb_g_hist_0	0.0	0.0	0.0	0.0
VUILD106MA_150_7_38	VUILD106MA	rgb_g_hist_1	0.0144279877425944	0.014427987742594484	8.326672684688674e-17	5.771194731547086e-15
VUILD106MA_150_7_38	VUILD106MA	rgb_g_hist_2	0.0997191011235955	0.0997191011235955	0.0	0.0
VUILD106MA_150_7_38	VUILD106MA	rgb_g_hist_3	0.2002042900919305	0.20020429009193055	5.551115123125783e-17	2.7727253599694605e-16
VUILD106MA_150_7_38	VUILD106MA	rgb_g_hist_4	0.2243360572012257	0.22433605720122574	2.7755575615628914e-17	1.2372320331337831e-16
VUILD106MA_150_7_38	VUILD106MA	rgb_g_hist_5	0.1433861082737487	0.14338610827374873	2.7755575615628914e-17	1.935722780245821e-16
VUILD106MA_150_7_38	VUILD106MA	rgb_g_hist_6	0.1029111338100102	0.10291113381001021	1.3877787807814457e-17	1.3485215150223677e-16
VUILD106MA_150_7_38	VUILD106MA	rgb_g_hist_7	0.2150153217568947	0.21501532175689478	8.326672684688674e-17	3.8725950395772995e-16
VUILD106MA_150_7_38	VUILD106MA	rgb_b_hist_0	0.0	0.0	0.0	0.0
VUILD106MA_150_7_38	VUILD106MA	rgb_b_hist_1	0.0	0.0	0.0	0.0
VUILD106MA_150_7_38	VUILD106MA	rgb_b_hist_2	0.0054902962206332	0.005490296220633299	9.974659986866641e-17	1.8167799306311848e-14
VUILD106MA_150_7_38	VUILD106MA	rgb_b_hist_3	0.0956332992849846	0.09563329928498468	8.326672684688674e-17	8.706875896726536e-16
VUILD106MA_150_7_38	VUILD106MA	rgb_b_hist_4	0.2387640449438202	0.23876404494382023	2.7755575615628914e-17	1.1624688140192816e-16
VUILD106MA_150_7_38	VUILD106MA	rgb_b_hist_5	0.2525536261491318	0.2525536261491318	0.0	0.0
VUILD106MA_150_7_38	VUILD106MA	rgb_b_hist_6	0.1638151174668028	0.16381511746680286	5.551115123125783e-17	3.388646425901882e-16
VUILD106MA_150_7_38	VUILD106MA	rgb_b_hist_7	0.2437436159346271	0.24374361593462718	8.326672684688674e-17	3.4161603177832223e-16
VUILD106MA_150_35_39	VUILD106MA	rgb_r_mean	0.9458622013926814	0.9458622013926814	0.0	0.0
VUILD106MA_150_35_39	VUILD106MA	rgb_r_sd	0.0266749451372359	0.02667494513723593	2.7755575615628914e-17	1.0405110665770235e-15
VUILD106MA_150_35_39	VUILD106MA	rgb_g_mean	0.9465372336947568	0.9465372336947567	1.1102230246251565e-16	1.1729311696397415e-16
VUILD106MA_150_35_39	VUILD106MA	rgb_g_sd	0.0422731732259644	0.04227317322596443	3.469446951953614e-17	8.207207283466154e-16
VUILD106MA_150_35_39	VUILD106MA	rgb_b_mean	0.9421325589122236	0.9421325589122236	0.0	0.0
VUILD106MA_150_35_39	VUILD106MA	rgb_b_sd	0.0323989344434839	0.03239893444348391	6.938893903907228e-18	2.141704356361258e-16
VUILD106MA_150_35_39	VUILD106MA	hed_hematoxylin_mean	0.0047396204938879	0.004739620493887937	3.642919299551295e-17	7.686099138631702e-15
VUILD106MA_150_35_39	VUILD106MA	hed_hematoxylin_sd	0.0029359899757724	0.0029359899757724827	8.283304597789254e-17	2.8212986645535405e-14
VUILD106MA_150_35_39	VUILD106MA	hed_eosin_mean	0.0001506927036225	0.00015069270362259472	9.470505976660881e-17	6.284647994892591e-13
VUILD106MA_150_35_39	VUILD106MA	hed_eosin_sd	0.0015827829455251	0.0015827829455251155	1.5395670849294163e-17	9.726962811180995e-15
VUILD106MA_150_35_39	VUILD106MA	hed_dab_mean	0.004062869462317	0.004062869462317068	6.765421556309548e-17	1.6651830975763907e-14
VUILD106MA_150_35_39	VUILD106MA	hed_dab_sd	0.0030252035611718	0.0030252035611718917	9.150666335777657e-17	3.024810116325919e-14
VUILD106MA_150_35_39	VUILD106MA	brightness_mean	0.9507363098404132	0.9507363098404131	1.1102230246251565e-16	1.16775073501875e-16
VUILD106MA_150_35_39	VUILD106MA	brightness_sd	0.0259348321848489	0.025934832184848947	4.5102810375396984e-17	1.7390824067774764e-15
VUILD106MA_150_35_39	VUILD106MA	saturation_mean	0.0134465049614086	0.01344650496140869	9.020562075079397e-17	6.708480829009742e-15
VUILD106MA_150_35_39	VUILD106MA	saturation_sd	0.0284228767952595	0.02842287679525957	6.938893903907228e-17	2.441305978240925e-15
VUILD106MA_150_35_39	VUILD106MA	rgb_r_hist_0	0.0	0.0	0.0	0.0
VUILD106MA_150_35_39	VUILD106MA	rgb_r_hist_1	0.0	0.0	0.0	0.0
VUILD106MA_150_35_39	VUILD106MA	rgb_r_hist_2	0.0001291322314049	0.00012913223140495868	5.868244258577793e-17	4.5443683538447076e-13
VUILD106MA_150_35_39	VUILD106MA	rgb_r_hist_3	0.0005165289256198	0.0005165289256198347	3.469446951953614e-17	6.716849298982648e-14
VUILD106MA_150_35_39	VUILD106MA	rgb_r_hist_4	0.0010330578512396	0.0010330578512396695	6.938893903907228e-17	6.716849298982648e-14
VUILD106MA_150_35_39	VUILD106MA	rgb_r_hist_5	0.0014204545454545	0.0014204545454545455	4.5536491244391186e-17	3.2057689836052424e-14
VUILD106MA_150_35_39	VUILD106MA	rgb_r_hist_6	0.0109762396694214	0.010976239669421487	8.673617379884035e-17	7.902175645861471e-15
VUILD106MA_150_35_39	VUILD106MA	rgb_r_hist_7	0.9859245867768596	0.9859245867768595	1.1102230246251565e-16	1.1260729669544482e-16
VUILD106MA_150_35_39	VUILD106MA	rgb_g_hist_0	0.0	0.0	0.0	0.0
VUILD106MA_150_35_39	VUILD106MA	rgb_g_hist_1	0.0001291322314049	0.00012913223140495868	5.868244258577793e-17	4.5443683538447076e-13
VUILD106MA_150_35_39	VUILD106MA	rgb_g_hist_2	0.0011621900826446	0.0011621900826446281	2.8189256484623115e-17	2.4255289135214077e-14
VUILD106MA_150_35_39	VUILD106MA	rgb_g_hist_3	0.0015495867768595	0.0015495867768595042	4.119968255444917e-18	2.658752847513793e-15
VUILD106MA_150_35_39	VUILD106MA	rgb_g_hist_4	0.0027117768595041	0.0027117768595041323	3.209238430557093e-17	1.1834448764873534e-14
VUILD106MA_150_35_39	VUILD106MA	rgb_g_hist_5	0.0025826446280991	0.0025826446280991736	7.37257477290143e-17	2.854660952067515e-14
VUILD106MA_150_35_39	VUILD106MA	rgb_g_hist_6	0.0142045454545454	0.014204545454545454	5.377642775528102e-17	3.785860513971798e-15
VUILD106MA_150_35_39	VUILD106MA	rgb_g_hist_7	0.977660123966942	0.9776601239669421	1.1102230246251565e-16	1.1355920093378963e-16
VUILD106MA_150_35_39	VUILD106MA	rgb_b_hist_0	0.0	0.0	0.0	0.0
VUILD106MA_150_35_39	VUILD106MA	rgb_b_hist_1	0.0	0.0	0.0	0.0
VUILD106MA_150_35_39	VUILD106MA	rgb_b_hist_2	0.0	0.0	0.0	0.0
VUILD106MA_150_35_39	VUILD106MA	rgb_b_hist_3	0.0012913223140495	0.0012913223140495868	8.673617379884035e-17	6.716849298982648e-14
VUILD106MA_150_35_39	VUILD106MA	rgb_b_hist_4	0.0014204545454545	0.0014204545454545455	4.5536491244391186e-17	3.2057689836052424e-14
VUILD106MA_150_35_39	VUILD106MA	rgb_b_hist_5	0.0034865702479338	0.0034865702479338844	8.456776945386935e-17	2.4255289135214077e-14
VUILD106MA_150_35_39	VUILD106MA	rgb_b_hist_6	0.012396694214876	0.012396694214876033	3.2959746043559335e-17	2.658752847513793e-15
VUILD106MA_150_35_39	VUILD106MA	rgb_b_hist_7	0.981404958677686	0.981404958677686	0.0	0.0
VUILD107MA_150_6_18	VUILD107MA	rgb_r_mean	0.8378975339337783	0.8378975339337783	0.0	0.0
VUILD107MA_150_6_18	VUILD107MA	rgb_r_sd	0.1119016654052958	0.1119016654052958	0.0	0.0
VUILD107MA_150_6_18	VUILD107MA	rgb_g_mean	0.6030009488963853	0.6030009488963853	0.0	0.0
VUILD107MA_150_6_18	VUILD107MA	rgb_g_sd	0.1390175158197814	0.13901751581978142	2.7755575615628914e-17	1.996552409382031e-16
VUILD107MA_150_6_18	VUILD107MA	rgb_b_mean	0.7057046231983061	0.7057046231983061	0.0	0.0
VUILD107MA_150_6_18	VUILD107MA	rgb_b_sd	0.1017702834430958	0.10177028344309581	1.3877787807814457e-17	1.3636385139453927e-16
VUILD107MA_150_6_18	VUILD107MA	hed_hematoxylin_mean	0.0086801774180529	0.008680177418052925	2.42861286636753e-17	2.7978839019079702e-15
VUILD107MA_150_6_18	VUILD107MA	hed_hematoxylin_sd	0.0147350224098502	0.014735022409850211	1.214306433183765e-17	8.240954098393597e-16
VUILD107MA_150_6_18	VUILD107MA	hed_eosin_mean	0.0177793358112439	0.017779335811243916	1.734723475976807e-17	9.756964458029662e-16
VUILD107MA_150_6_18	VUILD107MA	hed_eosin_sd	0.0079934327236769	0.007993432723676972	7.28583859910259e-17	9.11478065927998e-15
VUILD107MA_150_6_18	VUILD107MA	hed_dab_mean	0.0281189643345625	0.02811896433456254	4.163336342344337e-17	1.4806151082979116e-15
VUILD107MA_150_6_18	VUILD107MA	hed_dab_sd	0.0105363421389512	0.010536342138951263	6.245004513516506e-17	5.927108697837085e-15
VUILD107MA_150_6_18	VUILD107MA	brightness_mean	0.839810716623271	0.839810716623271	0.0	0.0
VUILD107MA_150_6_18	VUILD107MA	brightness_sd	0.1082191530098204	0.10821915300982049	8.326672684688674e-17	7.694268946951623e-16
VUILD107MA_150_6_18	VUILD107MA	saturation_mean	0.288896201495988	0.288896201495988	0.0	0.0
VUILD107MA_150_6_18	VUILD107MA	saturation_sd	0.1003830028937644	0.10038300289376442	2.7755575615628914e-17	2.7649676554309415e-16
VUILD107MA_150_6_18	VUILD107MA	rgb_r_hist_0	0.0	0.0	0.0	0.0
VUILD107MA_150_6_18	VUILD107MA	rgb_r_hist_1	0.0001291322314049	0.00012913223140495868	5.868244258577793e-17	4.5443683538447076e-13
VUILD107MA_150_6_18	VUILD107MA	rgb_r_hist_2	0.0018078512396694	0.0018078512396694215	2.1467203015212988e-17	1.187443001070081e-14
VUILD107MA_150_6_18	VUILD107MA	rgb_r_hist_3	0.0127840909090909	0.01278409090909091	1.0408340855860843e-17	8.141635513917821e-16
VUILD107MA_150_6_18	VUILD107MA	rgb_r_hist_4	0.0543646694214876	0.054364669421487606	6.938893903907228e-18	1.2763609119206076e-16
VUILD107MA_150_6_18	VUILD107MA	rgb_r_hist_5	0.0964617768595041	0.09646177685950413	2.7755575615628914e-17	2.8773651615452525e-16
VUILD107MA_150_6_18	VUILD107MA	rgb_r_hist_6	0.3988894628099173	0.39888946280991733	5.551115123125783e-17	1.391642457542443e-16
VUILD107MA_150_6_18	VUILD107MA	rgb_r_hist_7	0.4355630165289256	0.4355630165289256	0.0	0.0
VUILD107MA_150_6_18	VUILD107MA	rgb_g_hist_0	0.0	0.0	0.0	0.0
VUILD107MA_150_6_18	VUILD107MA	rgb_g_hist_1	0.0032283057851239	0.003228305785123967	6.722053469410127e-17	2.0822232826845244e-14
VUILD107MA_150_6_18	VUILD107MA	rgb_g_hist_2	0.0488119834710743	0.04881198347107438	7.632783294297951e-17	1.5637109479112018e-15
VUILD107MA_150_6_18	VUILD107MA	rgb_g_hist_3	0.1659349173553719	0.1659349173553719	0.0	0.0
VUILD107MA_150_6_18	VUILD107MA	rgb_g_hist_4	0.359504132231405	0.359504132231405	0.0	0.0
VUILD107MA_150_6_18	VUILD107MA	rgb_g_hist_5	0.2808626033057851	0.2808626033057851	0.0	0.0
VUILD107MA_150_6_18	VUILD107MA	rgb_g_hist_6	0.1110537190082644	0.11105371900826447	6.938893903907228e-17	6.248231906029954e-16
VUILD107MA_150_6_18	VUILD107MA	rgb_g_hist_7	0.0306043388429752	0.030604338842975205	6.938893903907228e-18	2.2672909026100247e-16
VUILD107MA_150_6_18	VUILD107MA	rgb_b_hist_0	0.0	0.0	0.0	0.0
VUILD107MA_150_6_18	VUILD107MA	rgb_b_hist_1	0.0	0.0	0.0	0.0
VUILD107MA_150_6_18	VUILD107MA	rgb_b_hist_2	0.0007747933884297	0.0007747933884297521	5.204170427930421e-17	6.716849298982648e-14
VUILD107MA_150_6_18	VUILD107MA	rgb_b_hist_3	0.0182076446280991	0.018207644628099172	7.28583859910259e-17	4.001527241946857e-15
VUILD107MA_150_6_18	VUILD107MA	rgb_b_hist_4	0.1933109504132231	0.19331095041322313	2.7755575615628914e-17	1.4357994493482322e-16
VUILD107MA_150_6_18	VUILD107MA	rgb_b_hist_5	0.4684917355371901	0.4684917355371901	0.0	0.0
VUILD107MA_150_6_18	VUILD107MA	rgb_b_hist_6	0.2630423553719008	0.26304235537190085	5.551115123125783e-17	2.1103502952128652e-16
VUILD107MA_150_6_18	VUILD107MA	rgb_b_hist_7	0.056172520661157	0.05617252066115702	2.0816681711721685e-17	3.7058478890936275e-16
VUILD107MA_150_15_4	VUILD107MA	rgb_r_mean	0.8327895703138565	0.8327895703138565	0.0	0.0
VUILD107MA_150_15_4	VUILD107MA	rgb_r_sd	0.1261561022815065	0.1261561022815065	0.0	0.0
VUILD107MA_150_15_4	VUILD107MA	rgb_g_mean	0.6255833438318888	0.6255833438318888	0.0	0.0
VUILD107MA_150_15_4	VUILD107MA	rgb_g_sd	0.166278460409154	0.166278460409154	0.0	0.0
VUILD107MA_150_15_4	VUILD107MA	rgb_b_mean	0.7234488131023707	0.7234488131023707	0.0	0.0
VUILD107MA_150_15_4	VUILD107MA	rgb_b_sd	0.1168802918483379	0.11688029184833795	5.551115123125783e-17	4.749402174943938e-16
VUILD107MA_150_15_4	VUILD107MA	hed_hematoxylin_mean	0.0107703770982971	0.010770377098297132	3.122502256758253e-17	2.8991577808839675e-15
VUILD107MA_150_15_4	VUILD107MA	hed_hematoxylin_sd	0.0174090220623082	0.017409022062308273	7.28583859910259e-17	4.185093552656792e-15
VUILD107MA_150_15_4	VUILD107MA	hed_eosin_mean	0.0157246088271301	0.015724608827130195	9.367506770274758e-17	5.95722721834119e-15
VUILD107MA_150_15_4	VUILD107MA	hed_eosin_sd	0.0086995599118276	0.008699559911827649	4.85722573273506e-17	5.583300514008019e-15
VUILD107MA_150_15_4	VUILD107MA	hed_dab_mean	0.0254850769474071	0.025485076947407124	2.42861286636753e-17	9.529548886116357e-16
VUILD107MA_150_15_4	VUILD107MA	hed_dab_sd	0.0115831538905103	0.011583153890510362	6.245004513516506e-17	5.391454324571164e-15
VUILD107MA_150_15_4	VUILD107MA	brightness_mean	0.8372033379964371	0.8372033379964371	0.0	0.0
VUILD107MA_150_15_4	VUILD107MA	brightness_sd	0.1185215050125156	0.11852150501251563	2.7755575615628914e-17	2.3418176821748923e-16
VUILD107MA_150_15_4	VUILD107MA	saturation_mean	0.2642699874148788	0.2642699874148788	0.0	0.0
VUILD107MA_150_15_4	VUILD107MA	saturation_sd	0.1171008991351515	0.11710089913515159	9.71445146547012e-17	8.295795794239143e-16
VUILD107MA_150_15_4	VUILD107MA	rgb_r_hist_0	0.0	0.0	0.0	0.0
VUILD107MA_150_15_4	VUILD107MA	rgb_r_hist_1	0.0	0.0	0.0	0.0
VUILD107MA_150_15_4	VUILD107MA	rgb_r_hist_2	0.0045965270684371	0.004596527068437181	8.066464163292153e-17	1.7549040924140347e-14
VUILD107MA_150_15_4	VUILD107MA	rgb_r_hist_3	0.023237997957099	0.02323799795709908	7.979727989493313e-17	3.433913715039112e-15
VUILD107MA_150_15_4	VUILD107MA	rgb_r_hist_4	0.0566905005107252	0.05669050051072523	2.7755575615628914e-17	4.895983518504634e-16
VUILD107MA_150_15_4	VUILD107MA	rgb_r_hist_5	0.1094228804902962	0.10942288049029622	1.3877787807814457e-17	1.2682711098110015e-16
VUILD107MA_150_15_4	VUILD107MA	rgb_r_hist_6	0.357635342185904	0.357635342185904	0.0	0.0
VUILD107MA_150_15_4	VUILD107MA	rgb_r_hist_7	0.4484167517875383	0.4484167517875383	0.0	0.0
VUILD107MA_150_15_4	VUILD107MA	rgb_g_hist_0	0.0	0.0	0.0	0.0
VUILD107MA_150_15_4	VUILD107MA	rgb_g_hist_1	0.0063840653728294	0.006384065372829418	1.8214596497756474e-17	2.853134395408582e-15
VUILD107MA_150_15_4	VUILD107MA	rgb_g_hist_2	0.0531154239019407	0.05311542390194075	5.551115123125783e-17	1.045104174142336e-15
VUILD107MA_150_15_4	VUILD107MA	rgb_g_hist_3	0.1658580183861082	0.16585801838610828	8.326672684688674e-17	5.020361852692974e-16
VUILD107MA_150_15_4	VUILD107MA	rgb_g_hist_4	0.3057967313585291	0.3057967313585291	0.0	0.0
VUILD107MA_150_15_4	VUILD107MA	rgb_g_hist_5	0.2489785495403473	0.2489785495403473	0.0	0.0
VUILD107MA_150_15_4	VUILD107MA	rgb_g_hist_6	0.1238508682328907	0.12385086823289071	1.3877787807814457e-17	1.1205240629979672e-16
VUILD107MA_150_15_4	VUILD107MA	rgb_g_hist_7	0.0960163432073544	0.09601634320735444	4.163336342344337e-17	4.3360705097394764e-16
VUILD107MA_150_15_4	VUILD107MA	rgb_b_hist_0	0.0	0.0	0.0	0.0
VUILD107MA_150_15_4	VUILD107MA	rgb_b_hist_1	0.0	0.0	0.0	0.0
VUILD107MA_150_15_4	VUILD107MA	rgb_b_hist_2	0.0001276813074565	0.00012768130745658836	8.836247705756861e-17	6.920549203153563e-13
VUILD107MA_150_15_4	VUILD107MA	rgb_b_hist_3	0.0224719101123595	0.02247191011235955	4.85722573273506e-17	2.1614654510671064e-15
VUILD107MA_150_15_4	VUILD107MA	rgb_b_hist_4	0.1813074565883554	0.18130745658835545	5.551115123125783e-17	3.0617136369240246e-16
VUILD107MA_150_15_4	VUILD107MA	rgb_b_hist_5	0.4076864147088866	0.4076864147088866	0.0	0.0
VUILD107MA_150_15_4	VUILD107MA	rgb_b_hist_6	0.2667262512768131	0.2667262512768131	0.0	0.0
VUILD107MA_150_15_4	VUILD107MA	rgb_b_hist_7	0.1216802860061287	0.12168028600612871	1.3877787807814457e-17	1.140512425087123e-16
VUILD107MA_150_4_16	VUILD107MA	rgb_r_mean	0.8430886945027983	0.8430886945027983	0.0	0.0
VUILD107MA_150_4_16	VUILD107MA	rgb_r_sd	0.116872725532329	0.11687272553232902	2.7755575615628914e-17	2.374854825127805e-16
VUILD107MA_150_4_16	VUILD107MA	rgb_g_mean	0.6309444586479079	0.6309444586479079	0.0	0.0
VUILD107MA_150_4_16	VUILD107MA	rgb_g_sd	0.1436490228973372	0.1436490228973372	0.0	0.0
VUILD107MA_150_4_16	VUILD107MA	rgb_b_mean	0.7264726068405958	0.7264726068405958	0.0	0.0
VUILD107MA_150_4_16	VUILD107MA	rgb_b_sd	0.1053027604404115	0.10530276044041156	6.938893903907228e-17	6.589470090704598e-16
VUILD107MA_150_4_16	VUILD107MA	hed_hematoxylin_mean	0.0094390337348778	0.00943903373487781	1.0408340855860843e-17	1.1026913504293765e-15
VUILD107MA_150_4_16	VUILD107MA	hed_hematoxylin_sd	0.0170652706734267	0.01706527067342678	7.979727989493313e-17	4.676004349534871e-15
VUILD107MA_150_4_16	VUILD107MA	hed_eosin_mean	0.015423320501748	0.015423320501748057	5.724587470723463e-17	3.711643980992724e-15
VUILD107MA_150_4_16	VUILD107MA	hed_eosin_sd	0.007884524539804	0.007884524539804058	5.724587470723463e-17	7.260536056199237e-15
VUILD107MA_150_4_16	VUILD107MA	hed_dab_mean	0.0254718899433159	0.025471889943315992	9.367506770274758e-17	3.677586072773094e-15
VUILD107MA_150_4_16	VUILD107MA	hed_dab_sd	0.0108466183317412	0.010846618331741203	3.469446951953614e-18	3.1986438960433733e-16
VUILD107MA_150_4_16	VUILD107MA	brightness_mean	0.8479065359822181	0.8479065359822181	0.0	0.0
VUILD107MA_150_4_16	VUILD107MA	brightness_sd	0.1072955942446325	0.10729559424463256	5.551115123125783e-17	5.173665481985509e-16
VUILD107MA_150_4_16	VUILD107MA	saturation_mean	0.2632554884261782	0.2632554884261782	0.0	0.0
VUILD107MA_150_4_16	VUILD107MA	saturation_sd	0.1038243474476368	0.10382434744763683	2.7755575615628914e-17	2.673320497355139e-16
VUILD107MA_150_4_16	VUILD107MA	rgb_r_hist_0	0.0	0.0	0.0	0.0
VUILD107MA_150_4_16	VUILD107MA	rgb_r_hist_1	0.0007660878447395	0.0007660878447395301	3.0140820395097023e-17	3.934381755573486e-14
VUILD107MA_150_4_16	VUILD107MA	rgb_r_hist_2	0.0040858018386108	0.0040858018386108275	2.7755575615628914e-17	6.793177131925222e-15
VUILD107MA_150_4_16	VUILD107MA	rgb_r_hist_3	0.021067415730337	0.021067415730337078	7.979727989493313e-17	3.787710885679507e-15
VUILD107MA_150_4_16	VUILD107MA	rgb_r_hist_4	0.0403472931562819	0.04034729315628192	1.3877787807814457e-17	3.4395833579368e-16
VUILD107MA_150_4_16	VUILD107MA	rgb_r_hist_5	0.0760980592441266	0.07609805924412666	5.551115123125783e-17	7.294686853074021e-16
VUILD107MA_150_4_16	VUILD107MA	rgb_r_hist_6	0.3935137895812053	0.3935137895812053	0.0	0.0
VUILD107MA_150_4_16	VUILD107MA	rgb_r_hist_7	0.4641215526046987	0.4641215526046987	0.0	0.0
VUILD107MA_150_4_16	VUILD107MA	rgb_g_hist_0	0.0	0.0	0.0	0.0
VUILD107MA_150_4_16	VUILD107MA	rgb_g_hist_1	0.0045965270684371	0.004596527068437181	8.066464163292153e-17	1.7549040924140347e-14
VUILD107MA_150_4_16	VUILD107MA	rgb_g_hist_2	0.0351123595505618	0.0351123595505618	0.0	0.0
VUILD107MA_150_4_16	VUILD107MA	rgb_g_hist_3	0.1075076608784473	0.10750766087844739	8.326672684688674e-17	7.745190079154602e-16
VUILD107MA_150_4_16	VUILD107MA	rgb_g_hist_4	0.3669560776302349	0.3669560776302349	0.0	0.0
VUILD107MA_150_4_16	VUILD107MA	rgb_g_hist_5	0.3041368743615935	0.3041368743615935	0.0	0.0
VUILD107MA_150_4_16	VUILD107MA	rgb_g_hist_6	0.1175944841675178	0.11759448416751787	6.938893903907228e-17	5.900696748686367e-16
VUILD107MA_150_4_16	VUILD107MA	rgb_g_hist_7	0.0640960163432073	0.06409601634320736	5.551115123125783e-17	8.660624231936487e-16
VUILD107MA_150_4_16	VUILD107MA	rgb_b_hist_0	0.0	0.0	0.0	0.0
VUILD107MA_150_4_16	VUILD107MA	rgb_b_hist_1	0.0001276813074565	0.00012768130745658836	8.836247705756861e-17	6.920549203153563e-13
VUILD107MA_150_4_16	VUILD107MA	rgb_b_hist_2	0.0012768130745658	0.0012768130745658835	8.348356728138384e-17	6.53843298947841e-14
VUILD107MA_150_4_16	VUILD107MA	rgb_b_hist_3	0.016726251276813	0.016726251276813073	7.28583859910259e-17	4.355930374669598e-15
VUILD107MA_150_4_16	VUILD107MA	rgb_b_hist_4	0.1281920326864147	0.12819203268641471	2.7755575615628914e-17	2.1651560579841203e-16
VUILD107MA_150_4_16	VUILD107MA	rgb_b_hist_5	0.4830183861082737	0.48301838610827375	5.551115123125783e-17	1.1492554492286845e-16
VUILD107MA_150_4_16	VUILD107MA	rgb_b_hist_6	0.2771961184882533	0.2771961184882533	0.0	0.0
VUILD107MA_150_4_16	VUILD107MA	rgb_b_hist_7	0.0934627170582226	0.09346271705822268	8.326672684688674e-17	8.909084763180568e-16
VUILD107MA_150_12_15	VUILD107MA	rgb_r_mean	0.8265927709958709	0.8265927709958709	0.0	0.0
VUILD107MA_150_12_15	VUILD107MA	rgb_r_sd	0.1302295148479653	0.1302295148479653	0.0	0.0
VUILD107MA_150_12_15	VUILD107MA	rgb_g_mean	0.606835222307429	0.606835222307429	0.0	0.0
VUILD107MA_150_12_15	VUILD107MA	rgb_g_sd	0.1582719723569591	0.15827197235695917	5.551115123125783e-17	3.507326686121065e-16
VUILD107MA_150_12_15	VUILD107MA	rgb_b_mean	0.7094970021636603	0.7094970021636603	0.0	0.0
VUILD107MA_150_12_15	VUILD107MA	rgb_b_sd	0.113094106151273	0.11309410615127304	4.163336342344337e-17	3.681302663797104e-16
VUILD107MA_150_12_15	VUILD107MA	hed_hematoxylin_mean	0.0112201192619725	0.011220119261972568	6.765421556309548e-17	6.029723390943872e-15
VUILD107MA_150_12_15	VUILD107MA	hed_hematoxylin_sd	0.0183699267503284	0.018369926750328443	4.5102810375396984e-17	2.455252597814016e-15
VUILD107MA_150_12_15	VUILD107MA	hed_eosin_mean	0.0167558941731509	0.016755894173150952	5.204170427930421e-17	3.105874490583388e-15
VUILD107MA_150_12_15	VUILD107MA	hed_eosin_sd	0.0082635426439108	0.008263542643910878	7.806255641895632e-17	9.446621114308485e-15
VUILD107MA_150_12_15	VUILD107MA	hed_dab_mean	0.0270406296048537	0.027040629604853757	5.898059818321144e-17	2.181184352772046e-15
VUILD107MA_150_12_15	VUILD107MA	hed_dab_sd	0.0113441006699119	0.01134410066991196	6.071532165918825e-17	5.352149405745689e-15
VUILD107MA_150_12_15	VUILD107MA	brightness_mean	0.8307101178697412	0.8307101178697412	0.0	0.0
VUILD107MA_150_12_15	VUILD107MA	brightness_sd	0.1221326125212443	0.12213261252124437	6.938893903907228e-17	5.681442295112e-16
VUILD107MA_150_12_15	VUILD107MA	saturation_mean	0.2793579472907161	0.27935794729071617	5.551115123125783e-17	1.987097620440692e-16
VUILD107MA_150_12_15	VUILD107MA	saturation_sd	0.1102008384098036	0.11020083840980363	2.7755575615628914e-17	2.518635612590743e-16
VUILD107MA_150_12_15	VUILD107MA	rgb_r_hist_0	0.0	0.0	0.0	0.0
VUILD107MA_150_12_15	VUILD107MA	rgb_r_hist_1	0.0002553626149131	0.0002553626149131767	7.670730370334944e-17	3.003858013024066e-13
VUILD107MA_150_12_15	VUILD107MA	rgb_r_hist_2	0.0052349336057201	0.005234933605720122	2.2551405187698492e-17	4.307868425123301e-15
VUILD107MA_150_12_15	VUILD107MA	rgb_r_hist_3	0.0300051072522982	0.030005107252298265	6.591949208711867e-17	2.1969423916013385e-15
VUILD107MA_150_12_15	VUILD107MA	rgb_r_hist_4	0.0583503575076608	0.05835035750766088	7.632783294297951e-17	1.3080953777011299e-15
VUILD107MA_150_12_15	VUILD107MA	rgb_r_hist_5	0.1101889683350357	0.11018896833503575	4.163336342344337e-17	3.7783603978262875e-16
VUILD107MA_150_12_15	VUILD107MA	rgb_r_hist_6	0.3572522982635342	0.3572522982635342	0.0	0.0
VUILD107MA_150_12_15	VUILD107MA	rgb_r_hist_7	0.4387129724208375	0.43871297242083757	5.551115123125783e-17	1.2653182085076e-16
VUILD107MA_150_12_15	VUILD107MA	rgb_g_hist_0	0.0	0.0	0.0	0.0
VUILD107MA_150_12_15	VUILD107MA	rgb_g_hist_1	0.0084269662921348	0.008426966292134831	3.122502256758253e-17	3.705369344686474e-15
VUILD107MA_150_12_15	VUILD107MA	rgb_g_hist_2	0.0611593462717058	0.06115934627170582	2.0816681711721685e-17	3.4036795650564573e-16
VUILD107MA_150_12_15	VUILD107MA	rgb_g_hist_3	0.1650919305413687	0.16509193054136875	5.551115123125783e-17	3.362438796931256e-16
VUILD107MA_150_12_15	VUILD107MA	rgb_g_hist_4	0.3400153217568948	0.3400153217568948	0.0	0.0
VUILD107MA_150_12_15	VUILD107MA	rgb_g_hist_5	0.2548518896833504	0.2548518896833504	0.0	0.0
VUILD107MA_150_12_15	VUILD107MA	rgb_g_hist_6	0.0986976506639428	0.0986976506639428	0.0	0.0
VUILD107MA_150_12_15	VUILD107MA	rgb_g_hist_7	0.0717568947906026	0.07175689479060265	5.551115123125783e-17	7.736002427815154e-16
VUILD107MA_150_12_15	VUILD107MA	rgb_b_hist_0	0.0	0.0	0.0	0.0
VUILD107MA_150_12_15	VUILD107MA	rgb_b_hist_1	0.0005107252298263	0.0005107252298263534	5.345116710353537e-17	1.0465738518873321e-13
VUILD107MA_150_12_15	VUILD107MA	rgb_b_hist_2	0.0011491317671092	0.0011491317671092952	9.519295074422729e-17	8.283902113653888e-14
VUILD107MA_150_12_15	VUILD107MA	rgb_b_hist_3	0.0273237997957099	0.027323799795709907	6.938893903907228e-18	2.5395054698785717e-16
VUILD107MA_150_12_15	VUILD107MA	rgb_b_hist_4	0.192288049029622	0.19228804902962207	8.326672684688674e-17	4.3303121159682416e-16
VUILD107MA_150_12_15	VUILD107MA	rgb_b_hist_5	0.4467568947906026	0.44675689479060265	5.551115123125783e-17	1.2425359715439022e-16
VUILD107MA_150_12_15	VUILD107MA	rgb_b_hist_6	0.2411899897854954	0.2411899897854954	0.0	0.0
VUILD107MA_150_12_15	VUILD107MA	rgb_b_hist_7	0.0907814096016343	0.09078140960163432	1.3877787807814457e-17	1.5287037146385772e-16
VUILD110LA_150_29_17	VUILD110LA	rgb_r_mean	0.7864272539482591	0.7864272539482591	0.0	0.0
VUILD110LA_150_29_17	VUILD110LA	rgb_r_sd	0.1705653979557437	0.17056539795574374	2.7755575615628914e-17	1.6272688334377527e-16
VUILD110LA_150_29_17	VUILD110LA	rgb_g_mean	0.6410296863282875	0.6410296863282875	0.0	0.0
VUILD110LA_150_29_17	VUILD110LA	rgb_g_sd	0.2684898051858823	0.2684898051858823	0.0	0.0
VUILD110LA_150_29_17	VUILD110LA	rgb_b_mean	0.7049431873908956	0.7049431873908956	0.0	0.0
VUILD110LA_150_29_17	VUILD110LA	rgb_b_sd	0.20825339589232	0.20825339589232003	2.7755575615628914e-17	1.332779016481454e-16
VUILD110LA_150_29_17	VUILD110LA	hed_hematoxylin_mean	0.0168719973925966	0.01687199739259664	3.8163916471489756e-17	2.261967897661957e-15
VUILD110LA_150_29_17	VUILD110LA	hed_hematoxylin_sd	0.0218808801194829	0.02188088011948293	2.7755575615628914e-17	1.2684853380698858e-15
VUILD110LA_150_29_17	VUILD110LA	hed_eosin_mean	0.0124883546588683	0.012488354658868387	8.673617379884035e-17	6.945364394920253e-15
VUILD110LA_150_29_17	VUILD110LA	hed_eosin_sd	0.0122486001952175	0.012248600195217587	8.673617379884035e-17	7.081313163663121e-15
VUILD110LA_150_29_17	VUILD110LA	hed_dab_mean	0.0291122470397204	0.02911224703972043	2.7755575615628914e-17	9.533986015493596e-16
VUILD110LA_150_29_17	VUILD110LA	hed_dab_sd	0.0232830030074158	0.023283003007415846	4.5102810375396984e-17	1.9371560601968492e-15
VUILD110LA_150_29_17	VUILD110LA	brightness_mean	0.7904092228660197	0.7904092228660197	0.0	0.0
VUILD110LA_150_29_17	VUILD110LA	brightness_sd	0.1676437662638721	0.1676437662638721	0.0	0.0
VUILD110LA_150_29_17	VUILD110LA	saturation_mean	0.2293287308110878	0.22932873081108782	2.7755575615628914e-17	1.2102964821487148e-16
VUILD110LA_150_29_17	VUILD110LA	saturation_sd	0.1923117265742859	0.1923117265742859	0.0	0.0
VUILD110LA_150_29_17	VUILD110LA	rgb_r_hist_0	0.0	0.0	0.0	0.0
VUILD110LA_150_29_17	VUILD110LA	rgb_r_hist_1	0.0030299204645878	0.0030299204645878046	4.7704895589362195e-18	1.5744603248472439e-15
VUILD110LA_150_29_17	VUILD110LA	rgb_r_hist_2	0.0204519631359676	0.02045196313596768	8.326672684688674e-17	4.071331749099954e-15
VUILD110LA_150_29_17	VUILD110LA	rgb_r_hist_3	0.052897361444262	0.05289736144426209	9.020562075079397e-17	1.7052952791576139e-15
VUILD110LA_150_29_17	VUILD110LA	rgb_r_hist_4	0.107562176492867	0.10756217649286706	5.551115123125783e-17	5.16084306223936e-16
VUILD110LA_150_29_17	VUILD110LA	rgb_r_hist_5	0.1992172705466481	0.19921727054664815	5.551115123125783e-17	2.7864627940607947e-16
VUILD110LA_150_29_17	VUILD110LA	rgb_r_hist_6	0.1653831586920843	0.16538315869208434	2.7755575615628914e-17	1.6782588889419592e-16
VUILD110LA_150_29_17	VUILD110LA	rgb_r_hist_7	0.4514581492235829	0.4514581492235829	0.0	0.0
VUILD110LA_150_29_17	VUILD110LA	rgb_g_hist_0	0.0012624668602449	0.0012624668602449186	1.8648277366750676e-17	1.477130050220343e-14
VUILD110LA_150_29_17	VUILD110LA	rgb_g_hist_1	0.0517611412700416	0.05176114127004166	6.245004513516506e-17	1.2065044085747391e-15
VUILD110LA_150_29_17	VUILD110LA	rgb_g_hist_2	0.1690443125867946	0.1690443125867946	0.0	0.0
VUILD110LA_150_29_17	VUILD110LA	rgb_g_hist_3	0.185330135083954	0.18533013508395405	5.551115123125783e-17	2.9952576900735244e-16
VUILD110LA_150_29_17	VUILD110LA	rgb_g_hist_4	0.0989774018432016	0.09897740184320161	1.3877787807814457e-17	1.402116801348193e-16
VUILD110LA_150_29_17	VUILD110LA	rgb_g_hist_5	0.0555485418507764	0.055548541850776414	1.3877787807814457e-17	2.4983172096749623e-16
VUILD110LA_150_29_17	VUILD110LA	rgb_g_hist_6	0.0496149476076253	0.0496149476076253	0.0	0.0
VUILD110LA_150_29_17	VUILD110LA	rgb_g_hist_7	0.3884610528973614	0.38846105289736144	5.551115123125783e-17	1.429001718891106e-16
VUILD110LA_150_29_17	VUILD110LA	rgb_b_hist_0	0.0	0.0	0.0	0.0
VUILD110LA_150_29_17	VUILD110LA	rgb_b_hist_1	0.0005049867440979	0.0005049867440979674	6.743737512859838e-17	1.3354286209842478e-13
VUILD110LA_150_29_17	VUILD110LA	rgb_b_hist_2	0.0348440853427597	0.034844085342759755	5.551115123125783e-17	1.5931298148651955e-15
VUILD110LA_150_29_17	VUILD110LA	rgb_b_hist_3	0.1929049362454235	0.19290493624542357	8.326672684688674e-17	4.316464288967213e-16
VUILD110LA_150_29_17	VUILD110LA	rgb_b_hist_4	0.2033834111854564	0.2033834111854564	0.0	0.0
VUILD110LA_150_29_17	VUILD110LA	rgb_b_hist_5	0.100871102133569	0.100871102133569	0.0	0.0
VUILD110LA_150_29_17	VUILD110LA	rgb_b_hist_6	0.069056937255397	0.06905693725539705	5.551115123125783e-17	8.038461223085806e-16
VUILD110LA_150_29_17	VUILD110LA	rgb_b_hist_7	0.3984345410932963	0.3984345410932963	0.0	0.0
VUILD110LA_150_17_23	VUILD110LA	rgb_r_mean	0.7415745481525274	0.7415745481525274	0.0	0.0
VUILD110LA_150_17_23	VUILD110LA	rgb_r_sd	0.1705334681916745	0.17053346819167453	2.7755575615628914e-17	1.6275735144512794e-16
VUILD110LA_150_17_23	VUILD110LA	rgb_g_mean	0.5481679085175962	0.5481679085175962	0.0	0.0
VUILD110LA_150_17_23	VUILD110LA	rgb_g_sd	0.2462308238436135	0.24623082384361356	5.551115123125783e-17	2.2544355074941453e-16
VUILD110LA_150_17_23	VUILD110LA	rgb_b_mean	0.638530726328614	0.638530726328614	0.0	0.0
VUILD110LA_150_17_23	VUILD110LA	rgb_b_sd	0.1923048462742105	0.19230484627421052	2.7755575615628914e-17	1.4433112921164662e-16
VUILD110LA_150_17_23	VUILD110LA	hed_hematoxylin_mean	0.0202444733887316	0.02024447338873168	7.979727989493313e-17	3.941682174817626e-15
VUILD110LA_150_17_23	VUILD110LA	hed_hematoxylin_sd	0.0231234595907996	0.023123459590799644	4.5102810375396984e-17	1.9505217287357195e-15
VUILD110LA_150_17_23	VUILD110LA	hed_eosin_mean	0.0173961443776371	0.01739614437763714	3.8163916471489756e-17	2.1938146547317585e-15
VUILD110LA_150_17_23	VUILD110LA	hed_eosin_sd	0.0125244200680536	0.012524420068053668	6.765421556309548e-17	5.401784289850117e-15
VUILD110LA_150_17_23	VUILD110LA	hed_dab_mean	0.0361865425181625	0.03618654251816255	4.85722573273506e-17	1.3422740595615496e-15
VUILD110LA_150_17_23	VUILD110LA	hed_dab_sd	0.0223665116141565	0.02236651161415658	7.979727989493313e-17	3.56771235816795e-15
VUILD110LA_150_17_23	VUILD110LA	brightness_mean	0.7451726574112069	0.7451726574112069	0.0	0.0
VUILD110LA_150_17_23	VUILD110LA	brightness_sd	0.1681798933340126	0.1681798933340126	0.0	0.0
VUILD110LA_150_17_23	VUILD110LA	saturation_mean	0.3000469241936147	0.3000469241936147	0.0	0.0
VUILD110LA_150_17_23	VUILD110LA	saturation_sd	0.1791796585324798	0.17917965853247989	8.326672684688674e-17	4.647108244811898e-16
VUILD110LA_150_17_23	VUILD110LA	rgb_r_hist_0	0.0	0.0	0.0	0.0
VUILD110LA_150_17_23	VUILD110LA	rgb_r_hist_1	0.0024259448416751	0.002425944841675179	7.892991815694472e-17	3.253574310553743e-14
VUILD110LA_150_17_23	VUILD110LA	rgb_r_hist_2	0.0256639427987742	0.02566394279877426	5.898059818321144e-17	2.298189278462254e-15
VUILD110LA_150_17_23	VUILD110LA	rgb_r_hist_3	0.074438202247191	0.07443820224719101	1.3877787807814457e-17	1.864336777200735e-16
VUILD110LA_150_17_23	VUILD110LA	rgb_r_hist_4	0.1469611848825332	0.1469611848825332	0.0	0.0
VUILD110LA_150_17_23	VUILD110LA	rgb_r_hist_5	0.2392747701736465	0.23927477017364657	5.551115123125783e-17	2.319975114424821e-16
VUILD110LA_150_17_23	VUILD110LA	rgb_r_hist_6	0.2111848825331971	0.21118488253319714	5.551115123125783e-17	2.628557052256417e-16
VUILD110LA_150_17_23	VUILD110LA	rgb_r_hist_7	0.3000510725229826	0.30005107252298263	5.551115123125783e-17	1.850056750822176e-16
VUILD110LA_150_17_23	VUILD110LA	rgb_g_hist_0	0.0029366700715015	0.0029366700715015323	3.209238430557093e-17	1.0928154516575403e-14
VUILD110LA_150_17_23	VUILD110LA	rgb_g_hist_1	0.0772471910112359	0.07724719101123595	5.551115123125783e-17	7.186170850301019e-16
VUILD110LA_150_17_23	VUILD110LA	rgb_g_hist_2	0.2295709908069458	0.22957099080694587	8.326672684688674e-17	3.6270578679911967e-16
VUILD110LA_150_17_23	VUILD110LA	rgb_g_hist_3	0.2141215526046986	0.21412155260469867	8.326672684688674e-17	3.888759717738922e-16
VUILD110LA_150_17_23	VUILD110LA	rgb_g_hist_4	0.1288304392236976	0.12883043922369766	5.551115123125783e-17	4.308853681300411e-16
VUILD110LA_150_17_23	VUILD110LA	rgb_g_hist_5	0.0760980592441266	0.07609805924412666	5.551115123125783e-17	7.294686853074021e-16
VUILD110LA_150_17_23	VUILD110LA	rgb_g_hist_6	0.0706077630234933	0.07060776302349336	6.938893903907228e-17	9.827381022676576e-16
VUILD110LA_150_17_23	VUILD110LA	rgb_g_hist_7	0.2005873340143003	0.20058733401430032	2.7755575615628914e-17	1.383715265573556e-16
VUILD110LA_150_17_23	VUILD110LA	rgb_b_hist_0	0.0	0.0	0.0	0.0
VUILD110LA_150_17_23	VUILD110LA	rgb_b_hist_1	0.0008937691521961	0.0008937691521961185	1.8539857149502126e-17	2.074345159927195e-14
VUILD110LA_150_17_23	VUILD110LA	rgb_b_hist_2	0.0561797752808988	0.056179775280898875	7.632783294297951e-17	1.3586354263850372e-15
VUILD110LA_150_17_23	VUILD110LA	rgb_b_hist_3	0.2387640449438202	0.23876404494382023	2.7755575615628914e-17	1.1624688140192816e-16
VUILD110LA_150_17_23	VUILD110LA	rgb_b_hist_4	0.2482124616956077	0.24821246169560776	5.551115123125783e-17	2.236436915860141e-16
VUILD110LA_150_17_23	VUILD110LA	rgb_b_hist_5	0.1424923391215526	0.1424923391215526	0.0	0.0
VUILD110LA_150_17_23	VUILD110LA	rgb_b_hist_6	0.1032941777323799	0.10329417773237998	8.326672684688674e-17	8.061124903149784e-16
VUILD110LA_150_17_23	VUILD110LA	rgb_b_hist_7	0.2101634320735444	0.21016343207354443	2.7755575615628914e-17	1.3206662710911645e-16
VUILD110LA_150_22_2	VUILD110LA	rgb_r_mean	0.940729828520624	0.9407298285206241	1.1102230246251565e-16	1.18017202279115e-16
VUILD110LA_150_22_2	VUILD110LA	rgb_r_sd	0.0202147172050619	0.020214717205061978	7.632783294297951e-17	3.775854599829203e-15
VUILD110LA_150_22_2	VUILD110LA	rgb_g_mean	0.939632457819544	0.9396324578195441	1.1102230246251565e-16	1.1815503129824559e-16
VUILD110LA_150_22_2	VUILD110LA	rgb_g_sd	0.033190474421311	0.03319047442131107	6.938893903907228e-17	2.0906281169189587e-15
VUILD110LA_150_22_2	VUILD110LA	rgb_b_mean	0.9354607273924572	0.9354607273924572	0.0	0.0
VUILD110LA_150_22_2	VUILD110LA	rgb_b_sd	0.0269718668367213	0.02697186683672139	9.020562075079397e-17	3.344433712982077e-15
VUILD110LA_150_22_2	VUILD110LA	hed_hematoxylin_mean	0.0051185867914014	0.005118586791401438	3.8163916471489756e-17	7.455947906480842e-15
VUILD110LA_150_22_2	VUILD110LA	hed_hematoxylin_sd	0.0019592090954449	0.001959209095444952	5.160802341031001e-17	2.6341253483508752e-14
VUILD110LA_150_22_2	VUILD110LA	hed_eosin_mean	0.0001435958749586	0.000143595874958667	6.700369425960417e-17	4.666129460816472e-13
VUILD110LA_150_22_2	VUILD110LA	hed_eosin_sd	0.0012240171179965	0.001224017117996587	8.716985466783456e-17	7.121620554663175e-14
VUILD110LA_150_22_2	VUILD110LA	hed_dab_mean	0.0045638095540203	0.0045638095540203915	9.107298248878237e-17	1.9955473910727797e-14
VUILD110LA_150_22_2	VUILD110LA	hed_dab_sd	0.0024873316571251	0.0024873316571251062	6.071532165918825e-18	2.440982145877725e-15
VUILD110LA_150_22_2	VUILD110LA	brightness_mean	0.9446792489625822	0.9446792489625822	0.0	0.0
VUILD110LA_150_22_2	VUILD110LA	brightness_sd	0.0201554477265234	0.020155447726523404	3.469446951953614e-18	1.7213445213563891e-16
VUILD110LA_150_22_2	VUILD110LA	saturation_mean	0.0134544823583179	0.013454482358317988	8.847089727481716e-17	6.575570499010854e-15
VUILD110LA_150_22_2	VUILD110LA	saturation_sd	0.0231141322340587	0.023114132234058764	6.591949208711867e-17	2.8519129085013292e-15
VUILD110LA_150_22_2	VUILD110LA	rgb_r_hist_0	0.0	0.0	0.0	0.0
VUILD110LA_150_22_2	VUILD110LA	rgb_r_hist_1	0.0	0.0	0.0	0.0
VUILD110LA_150_22_2	VUILD110LA	rgb_r_hist_2	0.0	0.0	0.0	0.0
VUILD110LA_150_22_2	VUILD110LA	rgb_r_hist_3	0.0	0.0	0.0	0.0
VUILD110LA_150_22_2	VUILD110LA	rgb_r_hist_4	0.0	0.0	0.0	0.0
VUILD110LA_150_22_2	VUILD110LA	rgb_r_hist_5	0.0001291322314049	0.00012913223140495868	5.868244258577793e-17	4.5443683538447076e-13
VUILD110LA_150_22_2	VUILD110LA	rgb_r_hist_6	0.0253099173553719	0.0253099173553719	0.0	0.0
VUILD110LA_150_22_2	VUILD110LA	rgb_r_hist_7	0.9745609504132232	0.9745609504132231	1.1102230246251565e-16	1.139203273181027e-16
VUILD110LA_150_22_2	VUILD110LA	rgb_g_hist_0	0.0	0.0	0.0	0.0
VUILD110LA_150_22_2	VUILD110LA	rgb_g_hist_1	0.0	0.0	0.0	0.0
VUILD110LA_150_22_2	VUILD110LA	rgb_g_hist_2	0.0	0.0	0.0	0.0
VUILD110LA_150_22_2	VUILD110LA	rgb_g_hist_3	0.0	0.0	0.0	0.0
VUILD110LA_150_22_2	VUILD110LA	rgb_g_hist_4	0.0015495867768595	0.0015495867768595042	4.119968255444917e-18	2.658752847513793e-15
VUILD110LA_150_22_2	VUILD110LA	rgb_g_hist_5	0.005940082644628	0.005940082644628099	9.974659986866641e-17	1.6792123247455774e-14
VUILD110LA_150_22_2	VUILD110LA	rgb_g_hist_6	0.0338326446280991	0.03383264462809917	6.938893903907228e-17	2.0509463508342628e-15
VUILD110LA_150_22_2	VUILD110LA	rgb_g_hist_7	0.9586776859504132	0.9586776859504132	0.0	0.0
VUILD110LA_150_22_2	VUILD110LA	rgb_b_hist_0	0.0	0.0	0.0	0.0
VUILD110LA_150_22_2	VUILD110LA	rgb_b_hist_1	0.0	0.0	0.0	0.0
VUILD110LA_150_22_2	VUILD110LA	rgb_b_hist_2	0.0	0.0	0.0	0.0
VUILD110LA_150_22_2	VUILD110LA	rgb_b_hist_3	0.0	0.0	0.0	0.0
VUILD110LA_150_22_2	VUILD110LA	rgb_b_hist_4	0.0	0.0	0.0	0.0
VUILD110LA_150_22_2	VUILD110LA	rgb_b_hist_5	0.003099173553719	0.0030991735537190084	8.239936510889834e-18	2.658752847513793e-15
VUILD110LA_150_22_2	VUILD110LA	rgb_b_hist_6	0.0329287190082644	0.03292871900826446	6.245004513516506e-17	1.896522155006742e-15
VUILD110LA_150_22_2	VUILD110LA	rgb_b_hist_7	0.9639721074380164	0.9639721074380165	1.1102230246251565e-16	1.1517169595039804e-16
VUILD110LA_150_36_22	VUILD110LA	rgb_r_mean	0.6997847943230001	0.6997847943230001	0.0	0.0
VUILD110LA_150_36_22	VUILD110LA	rgb_r_sd	0.1570103179310126	0.1570103179310126	0.0	0.0
VUILD110LA_150_36_22	VUILD110LA	rgb_g_mean	0.4691824763722252	0.4691824763722252	0.0	0.0
VUILD110LA_150_36_22	VUILD110LA	rgb_g_sd	0.194898914622829	0.19489891462282904	5.551115123125783e-17	2.8482021738645266e-16
VUILD110LA_150_36_22	VUILD110LA	rgb_b_mean	0.566731500320405	0.566731500320405	0.0	0.0
VUILD110LA_150_36_22	VUILD110LA	rgb_b_sd	0.1589501415174055	0.15895014151740555	5.551115123125783e-17	3.492362491868508e-16
VUILD110LA_150_36_22	VUILD110LA	hed_hematoxylin_mean	0.0225426680232086	0.02254266802320862	2.0816681711721685e-17	9.234346923926688e-16
VUILD110LA_150_36_22	VUILD110LA	hed_hematoxylin_sd	0.0240345876427018	0.02403458764270189	9.020562075079397e-17	3.753158660002443e-15
VUILD110LA_150_36_22	VUILD110LA	hed_eosin_mean	0.0197195588855441	0.0197195588855441	0.0	0.0
VUILD110LA_150_36_22	VUILD110LA	hed_eosin_sd	0.0095322356368597	0.009532235636859772	7.112366251504909e-17	7.461383165983093e-15
VUILD110LA_150_36_22	VUILD110LA	hed_dab_mean	0.0454959802202424	0.04549598022024245	4.85722573273506e-17	1.0676164595688716e-15
VUILD110LA_150_36_22	VUILD110LA	hed_dab_sd	0.0303795427197142	0.030379542719714298	9.71445146547012e-17	3.1976950920877815e-15
VUILD110LA_150_36_22	VUILD110LA	brightness_mean	0.70308956662039	0.70308956662039	0.0	0.0
VUILD110LA_150_36_22	VUILD110LA	brightness_sd	0.1539446927542932	0.15394469275429326	5.551115123125783e-17	3.6059152308587613e-16
VUILD110LA_150_36_22	VUILD110LA	saturation_mean	0.3557752510354746	0.35577525103547464	5.551115123125783e-17	1.5602870371026109e-16
VUILD110LA_150_36_22	VUILD110LA	saturation_sd	0.1353255295822517	0.13532552958225177	8.326672684688674e-17	6.1530686119559365e-16
VUILD110LA_150_36_22	VUILD110LA	rgb_r_hist_0	0.0006456611570247	0.0006456611570247934	9.345822726825048e-17	1.4474810239308728e-13
VUILD110LA_150_36_22	VUILD110LA	rgb_r_hist_1	0.0043904958677685	0.004390495867768595	9.540979117872439e-17	2.1730983026119345e-14
VUILD110LA_150_36_22	VUILD110LA	rgb_r_hist_2	0.028021694214876	0.028021694214876033	3.469446951953614e-17	1.2381289030381945e-15
VUILD110LA_150_36_22	VUILD110LA	rgb_r_hist_3	0.0711518595041322	0.07115185950413223	2.7755575615628914e-17	3.9008925148353974e-16
VUILD110LA_150_36_22	VUILD110LA	rgb_r_hist_4	0.184142561983471	0.18414256198347106	5.551115123125783e-17	3.0145747204408187e-16
VUILD110LA_150_36_22	VUILD110LA	rgb_r_hist_5	0.3441373966942149	0.3441373966942149	0.0	0.0
VUILD110LA_150_36_22	VUILD110LA	rgb_r_hist_6	0.2192665289256198	0.21926652892561985	5.551115123125783e-17	2.5316746474373424e-16
VUILD110LA_150_36_22	VUILD110LA	rgb_r_hist_7	0.1482438016528925	0.14824380165289255	5.551115123125783e-17	3.7445849750423416e-16
VUILD110LA_150_36_22	VUILD110LA	rgb_g_hist_0	0.002970041322314	0.0029700413223140497	4.9873299934333204e-17	1.6792123247455774e-14
VUILD110LA_150_36_22	VUILD110LA	rgb_g_hist_1	0.0699896694214876	0.0699896694214876	0.0	0.0
VUILD110LA_150_36_22	VUILD110LA	rgb_g_hist_2	0.2691115702479338	0.26911157024793386	5.551115123125783e-17	2.062756022720061e-16
VUILD110LA_150_36_22	VUILD110LA	rgb_g_hist_3	0.346849173553719	0.346849173553719	0.0	0.0
VUILD110LA_150_36_22	VUILD110LA	rgb_g_hist_4	0.1553460743801653	0.1553460743801653	0.0	0.0
VUILD110LA_150_36_22	VUILD110LA	rgb_g_hist_5	0.0441632231404958	0.044163223140495866	6.938893903907228e-17	1.5711928184753702e-15
VUILD110LA_150_36_22	VUILD110LA	rgb_g_hist_6	0.0262138429752066	0.02621384297520661	1.0408340855860843e-17	3.9705513097431725e-16
VUILD110LA_150_36_22	VUILD110LA	rgb_g_hist_7	0.0853564049586776	0.08535640495867769	8.326672684688674e-17	9.75518203785615e-16
VUILD110LA_150_36_22	VUILD110LA	rgb_b_hist_0	0.0009039256198347	0.0009039256198347108	1.0733601507606494e-17	1.187443001070081e-14
VUILD110LA_150_36_22	VUILD110LA	rgb_b_hist_1	0.0024535123966942	0.002453512396694215	1.474514954580286e-17	6.0098125306683175e-15
VUILD110LA_150_36_22	VUILD110LA	rgb_b_hist_2	0.0552685950413223	0.05526859504132232	1.3877787807814457e-17	2.510971700554093e-16
VUILD110LA_150_36_22	VUILD110LA	rgb_b_hist_3	0.324767561983471	0.32476756198347106	5.551115123125783e-17	1.709257873299645e-16
VUILD110LA_150_36_22	VUILD110LA	rgb_b_hist_4	0.3676394628099173	0.36763946280991733	5.551115123125783e-17	1.5099345104842315e-16
VUILD110LA_150_36_22	VUILD110LA	rgb_b_hist_5	0.1153150826446281	0.1153150826446281	0.0	0.0
VUILD110LA_150_36_22	VUILD110LA	rgb_b_hist_6	0.0437758264462809	0.043775826446280995	9.71445146547012e-17	2.2191360515811434e-15
VUILD110LA_150_36_22	VUILD110LA	rgb_b_hist_7	0.0898760330578512	0.08987603305785125	4.163336342344337e-17	4.632309861367035e-16
VUILD115MA_150_5_14	VUILD115MA	rgb_r_mean	0.7641934168482707	0.7641934168482707	0.0	0.0
VUILD115MA_150_5_14	VUILD115MA	rgb_r_sd	0.1494734720735067	0.14947347207350678	8.326672684688674e-17	5.570669209178375e-16
VUILD115MA_150_5_14	VUILD115MA	rgb_g_mean	0.5636444788258753	0.5636444788258753	0.0	0.0
VUILD115MA_150_5_14	VUILD115MA	rgb_g_sd	0.1970786795187372	0.1970786795187372	0.0	0.0
VUILD115MA_150_5_14	VUILD115MA	rgb_b_mean	0.6554797797104005	0.6554797797104005	0.0	0.0
VUILD115MA_150_5_14	VUILD115MA	rgb_b_sd	0.1584594315734968	0.15845943157349685	5.551115123125783e-17	3.503177480824838e-16
VUILD115MA_150_5_14	VUILD115MA	hed_hematoxylin_mean	0.0174011868249408	0.0174011868249408	0.0	0.0
VUILD115MA_150_5_14	VUILD115MA	hed_hematoxylin_sd	0.0211211447430563	0.02112114474305633	3.122502256758253e-17	1.4783773771470384e-15
VUILD115MA_150_5_14	VUILD115MA	hed_eosin_mean	0.0155861780197599	0.015586178019759986	8.673617379884035e-17	5.5649418150413566e-15
VUILD115MA_150_5_14	VUILD115MA	hed_eosin_sd	0.0093571386240539	0.00935713862405399	9.020562075079397e-17	9.640299708599717e-15
VUILD115MA_150_5_14	VUILD115MA	hed_dab_mean	0.0335019773205405	0.03350197732054051	1.3877787807814457e-17	4.1423787244061573e-16
VUILD115MA_150_5_14	VUILD115MA	hed_dab_sd	0.0177076799683383	0.01770767996833837	6.938893903907228e-17	3.918578784072287e-15
VUILD115MA_150_5_14	VUILD115MA	brightness_mean	0.7685910023206245	0.7685910023206245	0.0	0.0
VUILD115MA_150_5_14	VUILD115MA	brightness_sd	0.1451653107313791	0.14516531073137912	2.7755575615628914e-17	1.9119978096550335e-16
VUILD115MA_150_5_14	VUILD115MA	saturation_mean	0.2869702035633121	0.28697020356331215	5.551115123125783e-17	1.9343872827901735e-16
VUILD115MA_150_5_14	VUILD115MA	saturation_sd	0.1346527785781776	0.1346527785781776	0.0	0.0
VUILD115MA_150_5_14	VUILD115MA	rgb_r_hist_0	0.0	0.0	0.0	0.0
VUILD115MA_150_5_14	VUILD115MA	rgb_r_hist_1	0.0027117768595041	0.0027117768595041323	3.209238430557093e-17	1.1834448764873534e-14
VUILD115MA_150_5_14	VUILD115MA	rgb_r_hist_2	0.0171745867768595	0.017174586776859502	3.469446951953614e-18	2.0201050523254733e-16
VUILD115MA_150_5_14	VUILD115MA	rgb_r_hist_3	0.040547520661157	0.04054752066115702	2.0816681711721685e-17	5.133897553362192e-16
VUILD115MA_150_5_14	VUILD115MA	rgb_r_hist_4	0.0914256198347107	0.09142561983471074	4.163336342344337e-17	4.553796134903186e-16
VUILD115MA_150_5_14	VUILD115MA	rgb_r_hist_5	0.2777634297520661	0.27776342975206614	5.551115123125783e-17	1.9985046728724345e-16
VUILD115MA_150_5_14	VUILD115MA	rgb_r_hist_6	0.3101756198347107	0.31017561983471076	5.551115123125783e-17	1.7896684227096615e-16
VUILD115MA_150_5_14	VUILD115MA	rgb_r_hist_7	0.2602014462809917	0.26020144628099173	5.551115123125783e-17	2.133391340619656e-16
VUILD115MA_150_5_14	VUILD115MA	rgb_g_hist_0	0.0009039256198347	0.0009039256198347108	1.0733601507606494e-17	1.187443001070081e-14
VUILD115MA_150_5_14	VUILD115MA	rgb_g_hist_1	0.0290547520661157	0.029054752066115703	3.469446951953614e-18	1.1941065420412795e-16
VUILD115MA_150_5_14	VUILD115MA	rgb_g_hist_2	0.1330061983471074	0.13300619834710745	5.551115123125783e-17	4.1735762634452504e-16
VUILD115MA_150_5_14	VUILD115MA	rgb_g_hist_3	0.2658832644628099	0.2658832644628099	0.0	0.0
VUILD115MA_150_5_14	VUILD115MA	rgb_g_hist_4	0.2392820247933884	0.23928202479338842	2.7755575615628914e-17	1.159952388383326e-16
VUILD115MA_150_5_14	VUILD115MA	rgb_g_hist_5	0.1488894628099173	0.14888946280991736	5.551115123125783e-17	3.7283465319588964e-16
VUILD115MA_150_5_14	VUILD115MA	rgb_g_hist_6	0.0787706611570247	0.07877066115702479	8.326672684688674e-17	1.0570779224627733e-15
VUILD115MA_150_5_14	VUILD115MA	rgb_g_hist_7	0.1042097107438016	0.10420971074380166	5.551115123125783e-17	5.3268693325261565e-16
VUILD115MA_150_5_14	VUILD115MA	rgb_b_hist_0	0.0001291322314049	0.00012913223140495868	5.868244258577793e-17	4.5443683538447076e-13
VUILD115MA_150_5_14	VUILD115MA	rgb_b_hist_1	0.0002582644628099	0.00025826446280991736	1.734723475976807e-17	6.716849298982648e-14
VUILD115MA_150_5_14	VUILD115MA	rgb_b_hist_2	0.0171745867768595	0.017174586776859502	3.469446951953614e-18	2.0201050523254733e-16
VUILD115MA_150_5_14	VUILD115MA	rgb_b_hist_3	0.1514721074380165	0.15147210743801653	2.7755575615628914e-17	1.832388555562066e-16
VUILD115MA_150_5_14	VUILD115MA	rgb_b_hist_4	0.3068181818181818	0.3068181818181818	0.0	0.0
VUILD115MA_150_5_14	VUILD115MA	rgb_b_hist_5	0.2552944214876033	0.2552944214876033	0.0	0.0
VUILD115MA_150_5_14	VUILD115MA	rgb_b_hist_6	0.1454028925619834	0.14540289256198347	5.551115123125783e-17	3.81774738130427e-16
VUILD115MA_150_5_14	VUILD115MA	rgb_b_hist_7	0.1234504132231405	0.1234504132231405	0.0	0.0
VUILD115MA_150_15_34	VUILD115MA	rgb_r_mean	0.7606045698092545	0.7606045698092545	0.0	0.0
VUILD115MA_150_15_34	VUILD115MA	rgb_r_sd	0.1755846305323482	0.17558463053234824	2.7755575615628914e-17	1.580752001554912e-16
VUILD115MA_150_15_34	VUILD115MA	rgb_g_mean	0.6029507004916553	0.6029507004916553	0.0	0.0
VUILD115MA_150_15_34	VUILD115MA	rgb_g_sd	0.2417735914236733	0.24177359142367338	8.326672684688674e-17	3.4439959449902793e-16
VUILD115MA_150_15_34	VUILD115MA	rgb_b_mean	0.6855760310454041	0.6855760310454041	0.0	0.0
VUILD115MA_150_15_34	VUILD115MA	rgb_b_sd	0.1863801345748602	0.18638013457486025	5.551115123125783e-17	2.978383471923162e-16
VUILD115MA_150_15_34	VUILD115MA	hed_hematoxylin_mean	0.0211091647164354	0.02110916471643544	3.8163916471489756e-17	1.8079311514290132e-15
VUILD115MA_150_15_34	VUILD115MA	hed_hematoxylin_sd	0.026241854865291	0.026241854865291004	3.469446951953614e-18	1.3221043138008152e-16
VUILD115MA_150_15_34	VUILD115MA	hed_eosin_mean	0.0127092339695974	0.012709233969597469	6.938893903907228e-17	5.459726306484101e-15
VUILD115MA_150_15_34	VUILD115MA	hed_eosin_sd	0.0105349170447902	0.010534917044790235	3.469446951953614e-17	3.293283598914857e-15
VUILD115MA_150_15_34	VUILD115MA	hed_dab_mean	0.02928927888336	0.02928927888336002	1.734723475976807e-17	5.922725113462416e-16
VUILD115MA_150_15_34	VUILD115MA	hed_dab_sd	0.0198174876155067	0.019817487615506744	4.5102810375396984e-17	2.2759096031983963e-15
VUILD115MA_150_15_34	VUILD115MA	brightness_mean	0.766808379236019	0.766808379236019	0.0	0.0
VUILD115MA_150_15_34	VUILD115MA	brightness_sd	0.1675487587718353	0.1675487587718353	0.0	0.0
VUILD115MA_150_15_34	VUILD115MA	saturation_mean	0.245813901802709	0.245813901802709	0.0	0.0
VUILD115MA_150_15_34	VUILD115MA	saturation_sd	0.1671432192641189	0.16714321926411893	2.7755575615628914e-17	1.660586396374817e-16
VUILD115MA_150_15_34	VUILD115MA	rgb_r_hist_0	0.0001276813074565	0.00012768130745658836	8.836247705756861e-17	6.920549203153563e-13
VUILD115MA_150_15_34	VUILD115MA	rgb_r_hist_1	0.0074055158324821	0.007405515832482125	2.42861286636753e-17	3.2794648223087168e-15
VUILD115MA_150_15_34	VUILD115MA	rgb_r_hist_2	0.0274514811031664	0.027451481103166496	9.71445146547012e-17	3.53877134314243e-15
VUILD115MA_150_15_34	VUILD115MA	rgb_r_hist_3	0.0596271705822267	0.05962717058222676	6.245004513516506e-17	1.0473420845794717e-15
VUILD115MA_150_15_34	VUILD115MA	rgb_r_hist_4	0.1131256384065372	0.11312563840653728	8.326672684688674e-17	7.360553100054374e-16
VUILD115MA_150_15_34	VUILD115MA	rgb_r_hist_5	0.2137385086823289	0.2137385086823289	0.0	0.0
VUILD115MA_150_15_34	VUILD115MA	rgb_r_hist_6	0.2300817160367722	0.23008171603677222	2.7755575615628914e-17	1.2063355617181225e-16
VUILD115MA_150_15_34	VUILD115MA	rgb_r_hist_7	0.3484422880490296	0.3484422880490296	0.0	0.0
VUILD115MA_150_15_34	VUILD115MA	rgb_g_hist_0	0.0029366700715015	0.0029366700715015323	3.209238430557093e-17	1.0928154516575403e-14
VUILD115MA_150_15_34	VUILD115MA	rgb_g_hist_1	0.0494126659856997	0.0494126659856997	0.0	0.0
VUILD115MA_150_15_34	VUILD115MA	rgb_g_hist_2	0.1453013278855975	0.14530132788559755	5.551115123125783e-17	3.8204159617153906e-16
VUILD115MA_150_15_34	VUILD115MA	rgb_g_hist_3	0.216802860061287	0.21680286006128702	2.7755575615628914e-17	1.2802218387609287e-16
VUILD115MA_150_15_34	VUILD115MA	rgb_g_hist_4	0.1620275791624106	0.16202757916241062	2.7755575615628914e-17	1.7130155100205334e-16
VUILD115MA_150_15_34	VUILD115MA	rgb_g_hist_5	0.0967824310520939	0.09678243105209397	6.938893903907228e-17	7.169580086464572e-16
VUILD115MA_150_15_34	VUILD115MA	rgb_g_hist_6	0.0754596527068437	0.07545965270684372	2.7755575615628914e-17	3.678200815932415e-16
VUILD115MA_150_15_34	VUILD115MA	rgb_g_hist_7	0.2512768130745659	0.2512768130745659	0.0	0.0
VUILD115MA_150_15_34	VUILD115MA	rgb_b_hist_0	0.0	0.0	0.0	0.0
VUILD115MA_150_15_34	VUILD115MA	rgb_b_hist_1	0.0016598569969356	0.0016598569969356485	4.85722573273506e-17	2.9262916875986236e-14
VUILD115MA_150_15_34	VUILD115MA	rgb_b_hist_2	0.0277068437180796	0.027706843718079674	7.28583859910259e-17	2.6296169542936237e-15
VUILD115MA_150_15_34	VUILD115MA	rgb_b_hist_3	0.1590909090909091	0.1590909090909091	0.0	0.0
VUILD115MA_150_15_34	VUILD115MA	rgb_b_hist_4	0.2447650663942799	0.2447650663942799	0.0	0.0
VUILD115MA_150_15_34	VUILD115MA	rgb_b_hist_5	0.1811797752808988	0.18117977528089887	8.326672684688674e-17	4.595806939145999e-16
VUILD115MA_150_15_34	VUILD115MA	rgb_b_hist_6	0.1138917262512768	0.11389172625127682	1.3877787807814457e-17	1.2185071088655025e-16
VUILD115MA_150_15_34	VUILD115MA	rgb_b_hist_7	0.27170582226762	0.27170582226762	0.0	0.0
VUILD115MA_150_24_33	VUILD115MA	rgb_r_mean	0.7449749966906307	0.7449749966906307	0.0	0.0
VUILD115MA_150_24_33	VUILD115MA	rgb_r_sd	0.1491791510749679	0.14917915107496799	8.326672684688674e-17	5.5816597860274865e-16
VUILD115MA_150_24_33	VUILD115MA	rgb_g_mean	0.5410417826049615	0.5410417826049615	0.0	0.0
VUILD115MA_150_24_33	VUILD115MA	rgb_g_sd	0.15167021331711	0.15167021331711003	2.7755575615628914e-17	1.8299951591416264e-16
VUILD115MA_150_24_33	VUILD115MA	rgb_b_mean	0.6381512498002007	0.6381512498002007	0.0	0.0
VUILD115MA_150_24_33	VUILD115MA	rgb_b_sd	0.12307015419035	0.12307015419035003	2.7755575615628914e-17	2.255264552013151e-16
VUILD115MA_150_24_33	VUILD115MA	hed_hematoxylin_mean	0.0204486649693271	0.020448664969327155	5.551115123125783e-17	2.71465894299331e-15
VUILD115MA_150_24_33	VUILD115MA	hed_hematoxylin_sd	0.0247656363144714	0.024765636314471404	3.469446951953614e-18	1.40091169388864e-16
VUILD115MA_150_24_33	VUILD115MA	hed_eosin_mean	0.0145243305122704	0.01452433051227049	9.020562075079397e-17	6.210656021259413e-15
VUILD115MA_150_24_33	VUILD115MA	hed_eosin_sd	0.007088560385044	0.007088560385044043	4.336808689942018e-17	6.118038719247079e-15
VUILD115MA_150_24_33	VUILD115MA	hed_dab_mean	0.0340174026636816	0.034017402663681605	6.938893903907228e-18	2.039807087128225e-16
VUILD115MA_150_24_33	VUILD115MA	hed_dab_sd	0.0134900851008606	0.01349008510086064	3.9898639947466563e-17	2.9576270015465824e-15
VUILD115MA_150_24_33	VUILD115MA	brightness_mean	0.7517926723240251	0.7517926723240251	0.0	0.0
VUILD115MA_150_24_33	VUILD115MA	brightness_sd	0.1376851543566564	0.13768515435665643	2.7755575615628914e-17	2.0158727892864557e-16
VUILD115MA_150_24_33	VUILD115MA	saturation_mean	0.2911888855027322	0.29118888550273225	5.551115123125783e-17	1.9063622959172653e-16
VUILD115MA_150_24_33	VUILD115MA	saturation_sd	0.0967383354233659	0.09673833542336593	2.7755575615628914e-17	2.8691392604761433e-16
VUILD115MA_150_24_33	VUILD115MA	rgb_r_hist_0	0.0002582644628099	0.00025826446280991736	1.734723475976807e-17	6.716849298982648e-14
VUILD115MA_150_24_33	VUILD115MA	rgb_r_hist_1	0.0045196280991735	0.004519628099173553	5.377642775528102e-17	1.1898418758197178e-14
VUILD115MA_150_24_33	VUILD115MA	rgb_r_hist_2	0.0205320247933884	0.02053202479338843	3.122502256758253e-17	1.5207960676940845e-15
VUILD115MA_150_24_33	VUILD115MA	rgb_r_hist_3	0.0495867768595041	0.049586776859504134	3.469446951953614e-17	6.996718019773127e-16
VUILD115MA_150_24_33	VUILD115MA	rgb_r_hist_4	0.106146694214876	0.10614669421487603	2.7755575615628914e-17	2.614831843886014e-16
VUILD115MA_150_24_33	VUILD115MA	rgb_r_hist_5	0.2631714876033058	0.2631714876033058	0.0	0.0
VUILD115MA_150_24_33	VUILD115MA	rgb_r_hist_6	0.3757747933884297	0.37577479338842973	5.551115123125783e-17	1.477245206649006e-16
VUILD115MA_150_24_33	VUILD115MA	rgb_r_hist_7	0.1800103305785124	0.1800103305785124	0.0	0.0
VUILD115MA_150_24_33	VUILD115MA	rgb_g_hist_0	0.0015495867768595	0.0015495867768595042	4.119968255444917e-18	2.658752847513793e-15
VUILD115MA_150_24_33	VUILD115MA	rgb_g_hist_1	0.0223398760330578	0.02233987603305785	4.85722573273506e-17	2.174240235508693e-15
VUILD115MA_150_24_33	VUILD115MA	rgb_g_hist_2	0.0963326446280991	0.09633264462809918	8.326672684688674e-17	8.64366665820766e-16
VUILD115MA_150_24_33	VUILD115MA	rgb_g_hist_3	0.293517561983471	0.29351756198347106	5.551115123125783e-17	1.8912378140557004e-16
VUILD115MA_150_24_33	VUILD115MA	rgb_g_hist_4	0.3295454545454545	0.32954545454545453	5.551115123125783e-17	1.6844763132243758e-16
VUILD115MA_150_24_33	VUILD115MA	rgb_g_hist_5	0.1638688016528925	0.16386880165289255	5.551115123125783e-17	3.3875362894788085e-16
VUILD115MA_150_24_33	VUILD115MA	rgb_g_hist_6	0.0649535123966942	0.06495351239669421	1.3877787807814457e-17	2.1365723416245564e-16
VUILD115MA_150_24_33	VUILD115MA	rgb_g_hist_7	0.027892561983471	0.027892561983471075	7.632783294297951e-17	2.7364941588446064e-15
VUILD115MA_150_24_33	VUILD115MA	rgb_b_hist_0	0.0002582644628099	0.00025826446280991736	1.734723475976807e-17	6.716849298982648e-14
VUILD115MA_150_24_33	VUILD115MA	rgb_b_hist_1	0.0005165289256198	0.0005165289256198347	3.469446951953614e-17	6.716849298982648e-14
VUILD115MA_150_24_33	VUILD115MA	rgb_b_hist_2	0.0098140495867768	0.00981404958677686	5.898059818321144e-17	6.0098125306683175e-15
VUILD115MA_150_24_33	VUILD115MA	rgb_b_hist_3	0.1008522727272727	0.10085227272727272	2.7755575615628914e-17	2.7521021455496846e-16
VUILD115MA_150_24_33	VUILD115MA	rgb_b_hist_4	0.3846849173553719	0.3846849173553719	0.0	0.0
VUILD115MA_150_24_33	VUILD115MA	rgb_b_hist_5	0.3268336776859504	0.3268336776859504	0.0	0.0
VUILD115MA_150_24_33	VUILD115MA	rgb_b_hist_6	0.1333935950413223	0.1333935950413223	0.0	0.0
VUILD115MA_150_24_33	VUILD115MA	rgb_b_hist_7	0.043646694214876	0.04364669421487603	3.469446951953614e-17	7.948934081635743e-16
VUILD115MA_150_34_37	VUILD115MA	rgb_r_mean	0.9375122711138536	0.9375122711138535	1.1102230246251565e-16	1.1842223924238413e-16
VUILD115MA_150_34_37	VUILD115MA	rgb_r_sd	0.0319988894220472	0.031998889422047296	9.71445146547012e-17	3.0358714445810966e-15
VUILD115MA_150_34_37	VUILD115MA	rgb_g_mean	0.9349826791488296	0.9349826791488296	0.0	0.0
VUILD115MA_150_34_37	VUILD115MA	rgb_g_sd	0.049333182148765	0.04933318214876502	2.0816681711721685e-17	4.2196105754841946e-16
VUILD115MA_150_34_37	VUILD115MA	rgb_b_mean	0.930350101239926	0.930350101239926	0.0	0.0
VUILD115MA_150_34_37	VUILD115MA	rgb_b_sd	0.0389974583999312	0.038997458399931226	2.7755575615628914e-17	7.117278087968389e-16
VUILD115MA_150_34_37	VUILD115MA	hed_hematoxylin_mean	0.0053579824759428	0.00535798247594281	1.0408340855860843e-17	1.9425858338645225e-15
VUILD115MA_150_34_37	VUILD115MA	hed_hematoxylin_sd	0.0036505181056529	0.0036505181056529713	7.155734338404329e-17	1.9601969176165797e-14
VUILD115MA_150_34_37	VUILD115MA	hed_eosin_mean	0.0002141852408945	0.00021418524089455426	5.42643187328995e-17	2.5335227817881327e-13
VUILD115MA_150_34_37	VUILD115MA	hed_eosin_sd	0.001943403766186	0.0019434037661860862	8.608565249534905e-17	4.4296328942644406e-14
VUILD115MA_150_34_37	VUILD115MA	hed_dab_mean	0.0050502716684697	0.005050271668469723	2.3418766925686896e-17	4.63713013141392e-15
VUILD115MA_150_34_37	VUILD115MA	hed_dab_sd	0.0038794147863046	0.003879414786304602	2.168404344971009e-18	5.589514048938701e-16
VUILD115MA_150_34_37	VUILD115MA	brightness_mean	0.940456451678818	0.940456451678818	0.0	0.0
VUILD115MA_150_34_37	VUILD115MA	brightness_sd	0.0311134858874517	0.031113485887451775	7.632783294297951e-17	2.4532073718478167e-15
VUILD115MA_150_34_37	VUILD115MA	saturation_mean	0.0147641083163535	0.014764108316353556	5.551115123125783e-17	3.75987157787042e-15
VUILD115MA_150_34_37	VUILD115MA	saturation_sd	0.033418610537969	0.03341861053796901	1.3877787807814457e-17	4.152712391212981e-16
VUILD115MA_150_34_37	VUILD115MA	rgb_r_hist_0	0.0	0.0	0.0	0.0
VUILD115MA_150_34_37	VUILD115MA	rgb_r_hist_1	0.0	0.0	0.0	0.0
VUILD115MA_150_34_37	VUILD115MA	rgb_r_hist_2	0.0003830439223697	0.00038304392236976505	6.505213034913027e-17	1.6982942829815827e-13
VUILD115MA_150_34_37	VUILD115MA	rgb_r_hist_3	0.0006384065372829	0.0006384065372829418	4.174178364069192e-17	6.53843298947841e-14
VUILD115MA_150_34_37	VUILD115MA	rgb_r_hist_4	0.001532175689479	0.0015321756894790602	6.028164079019405e-17	3.934381755573486e-14
VUILD115MA_150_34_37	VUILD115MA	rgb_r_hist_5	0.001532175689479	0.0015321756894790602	6.028164079019405e-17	3.934381755573486e-14
VUILD115MA_150_34_37	VUILD115MA	rgb_r_hist_6	0.0199182839632277	0.019918283963227784	8.326672684688674e-17	4.180416696569357e-15
VUILD115MA_150_34_37	VUILD115MA	rgb_r_hist_7	0.9759959141981612	0.9759959141981613	1.1102230246251565e-16	1.1375283528079837e-16
VUILD115MA_150_34_37	VUILD115MA	rgb_g_hist_0	0.0	0.0	0.0	0.0
VUILD115MA_150_34_37	VUILD115MA	rgb_g_hist_1	0.0007660878447395	0.0007660878447395301	3.0140820395097023e-17	3.934381755573486e-14
VUILD115MA_150_34_37	VUILD115MA	rgb_g_hist_2	0.0006384065372829	0.0006384065372829418	4.174178364069192e-17	6.53843298947841e-14
VUILD115MA_150_34_37	VUILD115MA	rgb_g_hist_3	0.0024259448416751	0.002425944841675179	7.892991815694472e-17	3.253574310553743e-14
VUILD115MA_150_34_37	VUILD115MA	rgb_g_hist_4	0.0028089887640449	0.0028089887640449437	4.380176776841438e-17	1.5593429325555762e-14
VUILD115MA_150_34_37	VUILD115MA	rgb_g_hist_5	0.004341164453524	0.004341164453524004	3.469446951953614e-18	7.991973096382567e-16
VUILD115MA_150_34_37	VUILD115MA	rgb_g_hist_6	0.0323033707865168	0.032303370786516857	5.551115123125783e-17	1.718432159854593e-15
VUILD115MA_150_34_37	VUILD115MA	rgb_g_hist_7	0.9567160367722164	0.9567160367722165	1.1102230246251565e-16	1.1604519857018853e-16
VUILD115MA_150_34_37	VUILD115MA	rgb_b_hist_0	0.0	0.0	0.0	0.0
VUILD115MA_150_34_37	VUILD115MA	rgb_b_hist_1	0.0	0.0	0.0	0.0
VUILD115MA_150_34_37	VUILD115MA	rgb_b_hist_2	0.0007660878447395	0.0007660878447395301	3.0140820395097023e-17	3.934381755573486e-14
VUILD115MA_150_34_37	VUILD115MA	rgb_b_hist_3	0.0008937691521961	0.0008937691521961185	1.8539857149502126e-17	2.074345159927195e-14
VUILD115MA_150_34_37	VUILD115MA	rgb_b_hist_4	0.0030643513789581	0.0030643513789581204	2.0383000842727483e-17	6.651652608343447e-15
VUILD115MA_150_34_37	VUILD115MA	rgb_b_hist_5	0.0033197139938712	0.003319713993871297	9.71445146547012e-17	2.9262916875986236e-14
VUILD115MA_150_34_37	VUILD115MA	rgb_b_hist_6	0.028217568947906	0.028217568947906026	2.7755575615628914e-17	9.836274580163162e-16
VUILD115MA_150_34_37	VUILD115MA	rgb_b_hist_7	0.9637385086823288	0.9637385086823289	1.1102230246251565e-16	1.15199612200109e-16
VUILD48LA2_150_3_22	VUILD48LA2	rgb_r_mean	0.9523770486866702	0.9523770486866702	0.0	0.0
VUILD48LA2_150_3_22	VUILD48LA2	rgb_r_sd	0.0202739773118437	0.020273977311843792	9.367506770274758e-17	4.6204583472639216e-15
VUILD48LA2_150_3_22	VUILD48LA2	rgb_g_mean	0.9518412765084712	0.9518412765084712	0.0	0.0
VUILD48LA2_150_3_22	VUILD48LA2	rgb_g_sd	0.040142753569932	0.04014275356993201	6.938893903907228e-18	1.728554542682056e-16
VUILD48LA2_150_3_22	VUILD48LA2	rgb_b_mean	0.9465281185386164	0.9465281185386164	0.0	0.0
VUILD48LA2_150_3_22	VUILD48LA2	rgb_b_sd	0.0304091453524526	0.030409145352452663	6.245004513516506e-17	2.053659989826983e-15
VUILD48LA2_150_3_22	VUILD48LA2	hed_hematoxylin_mean	0.0040285934518064	0.004028593451806447	4.683753385137379e-17	1.1626274631998939e-14
VUILD48LA2_150_3_22	VUILD48LA2	hed_hematoxylin_sd	0.0021167905282578	0.002116790528257882	8.196568423990414e-17	3.872167942255725e-14
VUILD48LA2_150_3_22	VUILD48LA2	hed_eosin_mean	0.0002400600688344	0.0002400600688344933	9.33227019966898e-17	3.887472933329297e-13
VUILD48LA2_150_3_22	VUILD48LA2	hed_eosin_sd	0.0018570177187247	0.0018570177187247944	9.432558900623889e-17	5.079412439371695e-14
VUILD48LA2_150_3_22	VUILD48LA2	hed_dab_mean	0.0038638394711076	0.003863839471107634	3.382710778154774e-17	8.75479119525919e-15
VUILD48LA2_150_3_22	VUILD48LA2	hed_dab_sd	0.0031222930576493	0.003122293057649328	2.7755575615628914e-17	8.88948446002869e-15
VUILD48LA2_150_3_22	VUILD48LA2	brightness_mean	0.9574106734068988	0.9574106734068988	0.0	0.0
VUILD48LA2_150_3_22	VUILD48LA2	brightness_sd	0.0199894404399932	0.019989440439993292	9.367506770274758e-17	4.686227610220162e-15
VUILD48LA2_150_3_22	VUILD48LA2	saturation_mean	0.0156410924914367	0.015641092491436706	6.938893903907228e-18	4.4363230431034057e-16
VUILD48LA2_150_3_22	VUILD48LA2	saturation_sd	0.0310272324655327	0.031027232465532746	4.5102810375396984e-17	1.4536523818390975e-15
VUILD48LA2_150_3_22	VUILD48LA2	rgb_r_hist_0	0.0	0.0	0.0	0.0
VUILD48LA2_150_3_22	VUILD48LA2	rgb_r_hist_1	0.0	0.0	0.0	0.0
VUILD48LA2_150_3_22	VUILD48LA2	rgb_r_hist_2	0.0001291322314049	0.00012913223140495868	5.868244258577793e-17	4.5443683538447076e-13
VUILD48LA2_150_3_22	VUILD48LA2	rgb_r_hist_3	0.0002582644628099	0.00025826446280991736	1.734723475976807e-17	6.716849298982648e-14
VUILD48LA2_150_3_22	VUILD48LA2	rgb_r_hist_4	0.0005165289256198	0.0005165289256198347	3.469446951953614e-17	6.716849298982648e-14
VUILD48LA2_150_3_22	VUILD48LA2	rgb_r_hist_5	0.0006456611570247	0.0006456611570247934	9.345822726825048e-17	1.4474810239308728e-13
VUILD48LA2_150_3_22	VUILD48LA2	rgb_r_hist_6	0.0052944214876033	0.0052944214876033055	5.204170427930421e-18	9.829535559486152e-16
VUILD48LA2_150_3_22	VUILD48LA2	rgb_r_hist_7	0.9931559917355371	0.9931559917355371	0.0	0.0
VUILD48LA2_150_3_22	VUILD48LA2	rgb_g_hist_0	0.0	0.0	0.0	0.0
VUILD48LA2_150_3_22	VUILD48LA2	rgb_g_hist_1	0.0002582644628099	0.00025826446280991736	1.734723475976807e-17	6.716849298982648e-14
VUILD48LA2_150_3_22	VUILD48LA2	rgb_g_hist_2	0.0007747933884297	0.0007747933884297521	5.204170427930421e-17	6.716849298982648e-14
VUILD48LA2_150_3_22	VUILD48LA2	rgb_g_hist_3	0.0009039256198347	0.0009039256198347108	1.0733601507606494e-17	1.187443001070081e-14
VUILD48LA2_150_3_22	VUILD48LA2	rgb_g_hist_4	0.0019369834710743	0.0019369834710743802	8.023096076392733e-17	4.1420570677058596e-14
VUILD48LA2_150_3_22	VUILD48LA2	rgb_g_hist_5	0.0046487603305785	0.0046487603305785125	1.214306433183765e-17	2.6121080607153057e-15
VUILD48LA2_150_3_22	VUILD48LA2	rgb_g_hist_6	0.0139462809917355	0.013946280991735538	3.8163916471489756e-17	2.7364941588446064e-15
VUILD48LA2_150_3_22	VUILD48LA2	rgb_g_hist_7	0.9775309917355371	0.9775309917355371	0.0	0.0
VUILD48LA2_150_3_22	VUILD48LA2	rgb_b_hist_0	0.0	0.0	0.0	0.0
VUILD48LA2_150_3_22	VUILD48LA2	rgb_b_hist_1	0.0	0.0	0.0	0.0
VUILD48LA2_150_3_22	VUILD48LA2	rgb_b_hist_2	0.0	0.0	0.0	0.0
VUILD48LA2_150_3_22	VUILD48LA2	rgb_b_hist_3	0.0009039256198347	0.0009039256198347108	1.0733601507606494e-17	1.187443001070081e-14
VUILD48LA2_150_3_22	VUILD48LA2	rgb_b_hist_4	0.0014204545454545	0.0014204545454545455	4.5536491244391186e-17	3.2057689836052424e-14
VUILD48LA2_150_3_22	VUILD48LA2	rgb_b_hist_5	0.002840909090909	0.002840909090909091	9.107298248878237e-17	3.2057689836052424e-14
VUILD48LA2_150_3_22	VUILD48LA2	rgb_b_hist_6	0.0139462809917355	0.013946280991735538	3.8163916471489756e-17	2.7364941588446064e-15
VUILD48LA2_150_3_22	VUILD48LA2	rgb_b_hist_7	0.980888429752066	0.9808884297520661	1.1102230246251565e-16	1.1318545422192223e-16
VUILD48LA2_150_11_22	VUILD48LA2	rgb_r_mean	0.8309492066152363	0.8309492066152363	0.0	0.0
VUILD48LA2_150_11_22	VUILD48LA2	rgb_r_sd	0.1488360108361678	0.1488360108361678	0.0	0.0
VUILD48LA2_150_11_22	VUILD48LA2	rgb_g_mean	0.6874427848220379	0.6874427848220379	0.0	0.0
VUILD48LA2_150_11_22	VUILD48LA2	rgb_g_sd	0.2600138079917301	0.2600138079917301	0.0	0.0
VUILD48LA2_150_11_22	VUILD48LA2	rgb_b_mean	0.7509039362857872	0.7509039362857872	0.0	0.0
VUILD48LA2_150_11_22	VUILD48LA2	rgb_b_sd	0.1985557728858511	0.1985557728858511	0.0	0.0
VUILD48LA2_150_11_22	VUILD48LA2	hed_hematoxylin_mean	0.0118588461258682	0.011858846125868211	1.0408340855860843e-17	8.776858005735221e-16
VUILD48LA2_150_11_22	VUILD48LA2	hed_hematoxylin_sd	0.0172918431672464	0.017291843167246454	5.551115123125783e-17	3.2102506768280837e-15
VUILD48LA2_150_11_22	VUILD48LA2	hed_eosin_mean	0.0125079257421019	0.012507925742101987	8.673617379884035e-17	6.9344970211075725e-15
VUILD48LA2_150_11_22	VUILD48LA2	hed_eosin_sd	0.0132375928723991	0.013237592872399105	5.204170427930421e-18	3.9313570662694426e-16
VUILD48LA2_150_11_22	VUILD48LA2	hed_dab_mean	0.0243789897555937	0.024378989755593737	3.8163916471489756e-17	1.5654429020272729e-15
VUILD48LA2_150_11_22	VUILD48LA2	hed_dab_sd	0.0220879222755803	0.0220879222755803	0.0	0.0
VUILD48LA2_150_11_22	VUILD48LA2	brightness_mean	0.8359251017085746	0.8359251017085746	0.0	0.0
VUILD48LA2_150_11_22	VUILD48LA2	brightness_sd	0.148659352545533	0.148659352545533	0.0	0.0
VUILD48LA2_150_11_22	VUILD48LA2	saturation_mean	0.2111492419949961	0.21114924199499618	8.326672684688674e-17	3.9435011018822425e-16
VUILD48LA2_150_11_22	VUILD48LA2	saturation_sd	0.1930858344731653	0.19308583447316538	8.326672684688674e-17	4.312420280549322e-16
VUILD48LA2_150_11_22	VUILD48LA2	rgb_r_hist_0	0.0	0.0	0.0	0.0
VUILD48LA2_150_11_22	VUILD48LA2	rgb_r_hist_1	0.0006456611570247	0.0006456611570247934	9.345822726825048e-17	1.4474810239308728e-13
VUILD48LA2_150_11_22	VUILD48LA2	rgb_r_hist_2	0.0089101239669421	0.008910123966942149	4.85722573273506e-17	5.4513559527971756e-15
VUILD48LA2_150_11_22	VUILD48LA2	rgb_r_hist_3	0.0344783057851239	0.03447830578512397	6.938893903907228e-17	2.012539115799913e-15
VUILD48LA2_150_11_22	VUILD48LA2	rgb_r_hist_4	0.0637913223140495	0.06379132231404959	8.326672684688674e-17	1.3052986491949225e-15
VUILD48LA2_150_11_22	VUILD48LA2	rgb_r_hist_5	0.1500516528925619	0.15005165289256198	8.326672684688674e-17	5.549204240122989e-16
VUILD48LA2_150_11_22	VUILD48LA2	rgb_r_hist_6	0.2169421487603305	0.21694214876033058	8.326672684688674e-17	3.8381995994184e-16
VUILD48LA2_150_11_22	VUILD48LA2	rgb_r_hist_7	0.5251807851239669	0.5251807851239669	0.0	0.0
VUILD48LA2_150_11_22	VUILD48LA2	rgb_g_hist_0	0.0009039256198347	0.0009039256198347108	1.0733601507606494e-17	1.187443001070081e-14
VUILD48LA2_150_11_22	VUILD48LA2	rgb_g_hist_1	0.0277634297520661	0.027763429752066117	1.734723475976807e-17	6.248231906029954e-16
VUILD48LA2_150_11_22	VUILD48LA2	rgb_g_hist_2	0.1197055785123966	0.11970557851239669	8.326672684688674e-17	6.95596043907542e-16
VUILD48LA2_150_11_22	VUILD48LA2	rgb_g_hist_3	0.1895661157024793	0.18956611570247933	2.7755575615628914e-17	1.4641633349279995e-16
VUILD48LA2_150_11_22	VUILD48LA2	rgb_g_hist_4	0.1038223140495867	0.10382231404958678	8.326672684688674e-17	8.020118565948898e-16
VUILD48LA2_150_11_22	VUILD48LA2	rgb_g_hist_5	0.0661157024793388	0.06611570247933884	4.163336342344337e-17	6.297046217795814e-16
VUILD48LA2_150_11_22	VUILD48LA2	rgb_g_hist_6	0.0631456611570247	0.06314566115702479	8.326672684688674e-17	1.318645261149881e-15
VUILD48LA2_150_11_22	VUILD48LA2	rgb_g_hist_7	0.4289772727272727	0.4289772727272727	0.0	0.0
VUILD48LA2_150_11_22	VUILD48LA2	rgb_b_hist_0	0.0	0.0	0.0	0.0
VUILD48LA2_150_11_22	VUILD48LA2	rgb_b_hist_1	0.0003873966942148	0.00038739669421487604	7.605678239985814e-17	1.9632790763487234e-13
VUILD48LA2_150_11_22	VUILD48LA2	rgb_b_hist_2	0.0139462809917355	0.013946280991735538	3.8163916471489756e-17	2.7364941588446064e-15
VUILD48LA2_150_11_22	VUILD48LA2	rgb_b_hist_3	0.1257747933884297	0.12577479338842976	5.551115123125783e-17	4.4135354736638685e-16
VUILD48LA2_150_11_22	VUILD48LA2	rgb_b_hist_4	0.2077737603305785	0.2077737603305785	0.0	0.0
VUILD48LA2_150_11_22	VUILD48LA2	rgb_b_hist_5	0.1166064049586776	0.11660640495867769	8.326672684688674e-17	7.140836464034235e-16
VUILD48LA2_150_11_22	VUILD48LA2	rgb_b_hist_6	0.0893595041322314	0.0893595041322314	0.0	0.0
VUILD48LA2_150_11_22	VUILD48LA2	rgb_b_hist_7	0.4461518595041322	0.4461518595041322	0.0	0.0
VUILD48LA2_150_19_18	VUILD48LA2	rgb_r_mean	0.80761982462646	0.80761982462646	0.0	0.0
VUILD48LA2_150_19_18	VUILD48LA2	rgb_r_sd	0.1334420263142087	0.13344202631420873	2.7755575615628914e-17	2.0799725830207618e-16
VUILD48LA2_150_19_18	VUILD48LA2	rgb_g_mean	0.5470588353639545	0.5470588353639545	0.0	0.0
VUILD48LA2_150_19_18	VUILD48LA2	rgb_g_sd	0.2018775798351953	0.20187757983519536	5.551115123125783e-17	2.7497432491797697e-16
VUILD48LA2_150_19_18	VUILD48LA2	rgb_b_mean	0.6483212969427513	0.6483212969427513	0.0	0.0
VUILD48LA2_150_19_18	VUILD48LA2	rgb_b_sd	0.1617736179996171	0.16177361799961718	8.326672684688674e-17	5.147114089213473e-16
VUILD48LA2_150_19_18	VUILD48LA2	hed_hematoxylin_mean	0.0097204597474101	0.009720459747410154	5.377642775528102e-17	5.532292623258803e-15
VUILD48LA2_150_19_18	VUILD48LA2	hed_hematoxylin_sd	0.0179238321925048	0.017923832192504808	6.938893903907228e-18	3.8713227335440364e-16
VUILD48LA2_150_19_18	VUILD48LA2	hed_eosin_mean	0.0223974325937929	0.022397432593792902	3.469446951953614e-18	1.549037791463258e-16
VUILD48LA2_150_19_18	VUILD48LA2	hed_eosin_sd	0.0121212216547305	0.012121221654730518	1.734723475976807e-17	1.4311457420628914e-15
VUILD48LA2_150_19_18	VUILD48LA2	hed_dab_mean	0.0370429566712737	0.037042956671273795	9.71445146547012e-17	2.6224827439337593e-15
VUILD48LA2_150_19_18	VUILD48LA2	hed_dab_sd	0.019696194928463	0.019696194928463022	2.0816681711721685e-17	1.0568884897478075e-15
VUILD48LA2_150_19_18	VUILD48LA2	brightness_mean	0.8110436010713235	0.8110436010713235	0.0	0.0
VUILD48LA2_150_19_18	VUILD48LA2	brightness_sd	0.131987976126403	0.131987976126403	0.0	0.0
VUILD48LA2_150_19_18	VUILD48LA2	saturation_mean	0.3437282408265087	0.3437282408265087	0.0	0.0
VUILD48LA2_150_19_18	VUILD48LA2	saturation_sd	0.1568276023696063	0.15682760236960633	2.7755575615628914e-17	1.7698144456876574e-16
VUILD48LA2_150_19_18	VUILD48LA2	rgb_r_hist_0	0.0	0.0	0.0	0.0
VUILD48LA2_150_19_18	VUILD48LA2	rgb_r_hist_1	0.0014204545454545	0.0014204545454545455	4.5536491244391186e-17	3.2057689836052424e-14
VUILD48LA2_150_19_18	VUILD48LA2	rgb_r_hist_2	0.0112345041322314	0.011234504132231406	5.204170427930421e-18	4.632309861367035e-16
VUILD48LA2_150_19_18	VUILD48LA2	rgb_r_hist_3	0.0300878099173553	0.030087809917355372	7.28583859910259e-17	2.4215250691609697e-15
VUILD48LA2_150_19_18	VUILD48LA2	rgb_r_hist_4	0.0493285123966942	0.04932851239669422	1.3877787807814457e-17	2.813340020516104e-16
VUILD48LA2_150_19_18	VUILD48LA2	rgb_r_hist_5	0.153021694214876	0.15302169421487602	2.7755575615628914e-17	1.8138327220880198e-16
VUILD48LA2_150_19_18	VUILD48LA2	rgb_r_hist_6	0.4283316115702479	0.42833161157024796	5.551115123125783e-17	1.2959853938343703e-16
VUILD48LA2_150_19_18	VUILD48LA2	rgb_r_hist_7	0.3265754132231405	0.3265754132231405	0.0	0.0
VUILD48LA2_150_19_18	VUILD48LA2	rgb_g_hist_0	0.0010330578512396	0.0010330578512396695	6.938893903907228e-17	6.716849298982648e-14
VUILD48LA2_150_19_18	VUILD48LA2	rgb_g_hist_1	0.0333161157024793	0.03331611570247934	4.163336342344337e-17	1.2496463812059918e-15
VUILD48LA2_150_19_18	VUILD48LA2	rgb_g_hist_2	0.1379132231404958	0.13791322314049587	5.551115123125783e-17	4.02507823159982e-16
VUILD48LA2_150_19_18	VUILD48LA2	rgb_g_hist_3	0.3190857438016529	0.3190857438016529	0.0	0.0
VUILD48LA2_150_19_18	VUILD48LA2	rgb_g_hist_4	0.246900826446281	0.246900826446281	0.0	0.0
VUILD48LA2_150_19_18	VUILD48LA2	rgb_g_hist_5	0.0933626033057851	0.09336260330578512	2.7755575615628914e-17	2.97287935777912e-16
VUILD48LA2_150_19_18	VUILD48LA2	rgb_g_hist_6	0.0449380165289256	0.04493801652892562	2.0816681711721685e-17	4.632309861367035e-16
VUILD48LA2_150_19_18	VUILD48LA2	rgb_g_hist_7	0.1234504132231405	0.1234504132231405	0.0	0.0
VUILD48LA2_150_19_18	VUILD48LA2	rgb_b_hist_0	0.0	0.0	0.0	0.0
VUILD48LA2_150_19_18	VUILD48LA2	rgb_b_hist_1	0.0005165289256198	0.0005165289256198347	3.469446951953614e-17	6.716849298982648e-14
VUILD48LA2_150_19_18	VUILD48LA2	rgb_b_hist_2	0.0242768595041322	0.02427685950413223	3.122502256758253e-17	1.2862051849114862e-15
VUILD48LA2_150_19_18	VUILD48LA2	rgb_b_hist_3	0.1430785123966942	0.14307851239669422	2.7755575615628914e-17	1.939884274074281e-16
VUILD48LA2_150_19_18	VUILD48LA2	rgb_b_hist_4	0.3419421487603306	0.3419421487603306	0.0	0.0
VUILD48LA2_150_19_18	VUILD48LA2	rgb_b_hist_5	0.2578770661157025	0.2578770661157025	0.0	0.0
VUILD48LA2_150_19_18	VUILD48LA2	rgb_b_hist_6	0.0922004132231405	0.0922004132231405	0.0	0.0
VUILD48LA2_150_19_18	VUILD48LA2	rgb_b_hist_7	0.1401084710743801	0.14010847107438015	5.551115123125783e-17	3.9620124897222195e-16
VUILD48LA2_150_4_6	VUILD48LA2	rgb_r_mean	0.8880229984220799	0.8880229984220799	0.0	0.0
VUILD48LA2_150_4_6	VUILD48LA2	rgb_r_sd	0.1299893770810513	0.1299893770810513	0.0	0.0
VUILD48LA2_150_4_6	VUILD48LA2	rgb_g_mean	0.8157588828981029	0.8157588828981029	0.0	0.0
VUILD48LA2_150_4_6	VUILD48LA2	rgb_g_sd	0.2332305159955053	0.23323051599550532	2.7755575615628914e-17	1.1900490592819254e-16
VUILD48LA2_150_4_6	VUILD48LA2	rgb_b_mean	0.8467894479845469	0.8467894479845469	0.0	0.0
VUILD48LA2_150_4_6	VUILD48LA2	rgb_b_sd	0.1780031084912011	0.17800310849120116	5.551115123125783e-17	3.1185495411728617e-16
VUILD48LA2_150_4_6	VUILD48LA2	hed_hematoxylin_mean	0.0086366470445362	0.008636647044536204	3.469446951953614e-18	4.017122540799545e-16
VUILD48LA2_150_4_6	VUILD48LA2	hed_hematoxylin_sd	0.0154401360861898	0.015440136086189889	8.847089727481716e-17	5.729929890575811e-15
VUILD48LA2_150_4_6	VUILD48LA2	hed_eosin_mean	0.006390843553719	0.006390843553719032	3.209238430557093e-17	5.021619452238904e-15
VUILD48LA2_150_4_6	VUILD48LA2	hed_eosin_sd	0.0112648425671551	0.011264842567155198	9.8879238130678e-17	8.77768486698431e-15
VUILD48LA2_150_4_6	VUILD48LA2	hed_dab_mean	0.0142479940601724	0.014247994060172494	9.367506770274758e-17	6.574614454998876e-15
VUILD48LA2_150_4_6	VUILD48LA2	hed_dab_sd	0.0191195731593621	0.01911957315936219	9.020562075079397e-17	4.717972519518504e-15
VUILD48LA2_150_4_6	VUILD48LA2	brightness_mean	0.8926080089401115	0.8926080089401115	0.0	0.0
VUILD48LA2_150_4_6	VUILD48LA2	brightness_sd	0.127760396668452	0.127760396668452	0.0	0.0
VUILD48LA2_150_4_6	VUILD48LA2	saturation_mean	0.1124942479564178	0.11249424795641785	5.551115123125783e-17	4.934576855232972e-16
VUILD48LA2_150_4_6	VUILD48LA2	saturation_sd	0.174021978553205	0.174021978553205	0.0	0.0
VUILD48LA2_150_4_6	VUILD48LA2	rgb_r_hist_0	0.0	0.0	0.0	0.0
VUILD48LA2_150_4_6	VUILD48LA2	rgb_r_hist_1	0.0017875383043922	0.001787538304392237	3.707971429900425e-17	2.074345159927195e-14
VUILD48LA2_150_4_6	VUILD48LA2	rgb_r_hist_2	0.0079162410623084	0.007916241062308479	7.806255641895632e-17	9.86106357860116e-15
VUILD48LA2_150_4_6	VUILD48LA2	rgb_r_hist_3	0.0196629213483146	0.019662921348314606	6.938893903907228e-18	3.5289231854156774e-16
VUILD48LA2_150_4_6	VUILD48LA2	rgb_r_hist_4	0.0296220633299285	0.0296220633299285	0.0	0.0
VUILD48LA2_150_4_6	VUILD48LA2	rgb_r_hist_5	0.0743105209397344	0.07431052093973442	1.3877787807814457e-17	1.8675401049966126e-16
VUILD48LA2_150_4_6	VUILD48LA2	rgb_r_hist_6	0.1158069458631256	0.11580694586312563	4.163336342344337e-17	3.5950661778655857e-16
VUILD48LA2_150_4_6	VUILD48LA2	rgb_r_hist_7	0.7508937691521961	0.7508937691521961	0.0	0.0
VUILD48LA2_150_4_6	VUILD48LA2	rgb_g_hist_0	0.0006384065372829	0.0006384065372829418	4.174178364069192e-17	6.53843298947841e-14
VUILD48LA2_150_4_6	VUILD48LA2	rgb_g_hist_1	0.019535240040858	0.019535240040858017	1.734723475976807e-17	8.879970107091743e-16
VUILD48LA2_150_4_6	VUILD48LA2	rgb_g_hist_2	0.0545199182839632	0.05451991828396323	2.7755575615628914e-17	5.090905578960322e-16
VUILD48LA2_150_4_6	VUILD48LA2	rgb_g_hist_3	0.1059754851889683	0.10597548518896834	4.163336342344337e-17	3.928584365450706e-16
VUILD48LA2_150_4_6	VUILD48LA2	rgb_g_hist_4	0.0601378958120531	0.060137895812053116	1.3877787807814457e-17	2.3076610214607826e-16
VUILD48LA2_150_4_6	VUILD48LA2	rgb_g_hist_5	0.0274514811031664	0.027451481103166496	9.71445146547012e-17	3.53877134314243e-15
VUILD48LA2_150_4_6	VUILD48LA2	rgb_g_hist_6	0.0181307456588355	0.018130745658835545	4.5102810375396984e-17	2.4876423300007754e-15
VUILD48LA2_150_4_6	VUILD48LA2	rgb_g_hist_7	0.7136108273748724	0.7136108273748724	0.0	0.0
VUILD48LA2_150_4_6	VUILD48LA2	rgb_b_hist_0	0.0	0.0	0.0	0.0
VUILD48LA2_150_4_6	VUILD48LA2	rgb_b_hist_1	0.0	0.0	0.0	0.0
VUILD48LA2_150_4_6	VUILD48LA2	rgb_b_hist_2	0.01085291113381	0.01085291113381001	1.0408340855860843e-17	9.590367715659083e-16
VUILD48LA2_150_4_6	VUILD48LA2	rgb_b_hist_3	0.061414708886619	0.061414708886619	0.0	0.0
VUILD48LA2_150_4_6	VUILD48LA2	rgb_b_hist_4	0.1140194075587334	0.1140194075587334	0.0	0.0
VUILD48LA2_150_4_6	VUILD48LA2	rgb_b_hist_5	0.0656281920326864	0.06562819203268641	1.3877787807814457e-17	2.1146076675253474e-16
VUILD48LA2_150_4_6	VUILD48LA2	rgb_b_hist_6	0.029749744637385	0.029749744637385087	8.673617379884035e-17	2.915526666062316e-15
VUILD48LA2_150_4_6	VUILD48LA2	rgb_b_hist_7	0.7183350357507661	0.7183350357507661	0.0	0.0
VUILD78LA_150_22_10	VUILD78LA	rgb_r_mean	0.8341137057493541	0.8341137057493541	0.0	0.0
VUILD78LA_150_22_10	VUILD78LA	rgb_r_sd	0.1524429657729432	0.15244296577294328	8.326672684688674e-17	5.462156054540995e-16
VUILD78LA_150_22_10	VUILD78LA	rgb_g_mean	0.6899074383247413	0.6899074383247413	0.0	0.0
VUILD78LA_150_22_10	VUILD78LA	rgb_g_sd	0.2602757385928802	0.2602757385928802	0.0	0.0
VUILD78LA_150_22_10	VUILD78LA	rgb_b_mean	0.7575008213627806	0.7575008213627806	0.0	0.0
VUILD78LA_150_22_10	VUILD78LA	rgb_b_sd	0.1980015265799024	0.19800152657990244	5.551115123125783e-17	2.803571880990353e-16
VUILD78LA_150_22_10	VUILD78LA	hed_hematoxylin_mean	0.0119481212489113	0.011948121248911361	6.071532165918825e-17	5.081578969138814e-15
VUILD78LA_150_22_10	VUILD78LA	hed_hematoxylin_sd	0.0184476035425655	0.018447603542565517	1.734723475976807e-17	9.403516678869172e-16
VUILD78LA_150_22_10	VUILD78LA	hed_eosin_mean	0.0126453142746577	0.012645314274657763	6.245004513516506e-17	4.938591780223314e-15
VUILD78LA_150_22_10	VUILD78LA	hed_eosin_sd	0.0128295865420469	0.012829586542046929	2.949029909160572e-17	2.2986164826867976e-15
VUILD78LA_150_22_10	VUILD78LA	hed_dab_mean	0.023451664347334	0.023451664347334034	3.469446951953614e-17	1.4794032954629181e-15
VUILD78LA_150_22_10	VUILD78LA	hed_dab_sd	0.021577578844497	0.02157757884449703	3.122502256758253e-17	1.4471050154705353e-15
VUILD78LA_150_22_10	VUILD78LA	brightness_mean	0.8399444055716576	0.8399444055716576	0.0	0.0
VUILD78LA_150_22_10	VUILD78LA	brightness_sd	0.1518398580012095	0.15183985800120955	5.551115123125783e-17	3.655901155467074e-16
VUILD78LA_150_22_10	VUILD78LA	saturation_mean	0.211745912655933	0.21174591265593304	2.7755575615628914e-17	1.310796287280836e-16
VUILD78LA_150_22_10	VUILD78LA	saturation_sd	0.1896628656496314	0.18966286564963145	5.551115123125783e-17	2.92683288534746e-16
VUILD78LA_150_22_10	VUILD78LA	rgb_r_hist_0	0.0	0.0	0.0	0.0
VUILD78LA_150_22_10	VUILD78LA	rgb_r_hist_1	0.0020661157024793	0.002066115702479339	3.903127820947816e-17	1.8891138653387786e-14
VUILD78LA_150_22_10	VUILD78LA	rgb_r_hist_2	0.0102014462809917	0.010201446280991736	3.642919299551295e-17	3.570983171610801e-15
VUILD78LA_150_22_10	VUILD78LA	rgb_r_hist_3	0.0293130165289256	0.02931301652892562	2.0816681711721685e-17	7.101514677338011e-16
VUILD78LA_150_22_10	VUILD78LA	rgb_r_hist_4	0.0719266528925619	0.07192665289256199	9.71445146547012e-17	1.3506052450377146e-15
VUILD78LA_150_22_10	VUILD78LA	rgb_r_hist_5	0.1330061983471074	0.13300619834710745	5.551115123125783e-17	4.1735762634452504e-16
VUILD78LA_150_22_10	VUILD78LA	rgb_r_hist_6	0.2192665289256198	0.21926652892561985	5.551115123125783e-17	2.5316746474373424e-16
VUILD78LA_150_22_10	VUILD78LA	rgb_r_hist_7	0.534220041322314	0.534220041322314	0.0	0.0
VUILD78LA_150_22_10	VUILD78LA	rgb_g_hist_0	0.0016787190082644	0.0016787190082644629	6.288372600415926e-17	3.745935185970981e-14
VUILD78LA_150_22_10	VUILD78LA	rgb_g_hist_1	0.028021694214876	0.028021694214876033	3.469446951953614e-17	1.2381289030381945e-15
VUILD78LA_150_22_10	VUILD78LA	rgb_g_hist_2	0.1031766528925619	0.10317665289256199	9.71445146547012e-17	9.415358216345516e-16
VUILD78LA_150_22_10	VUILD78LA	rgb_g_hist_3	0.1898243801652892	0.18982438016528927	5.551115123125783e-17	2.924342551937828e-16
VUILD78LA_150_22_10	VUILD78LA	rgb_g_hist_4	0.1429493801652892	0.14294938016528927	5.551115123125783e-17	3.8832733074513166e-16
VUILD78LA_150_22_10	VUILD78LA	rgb_g_hist_5	0.0574638429752066	0.05746384297520661	1.3877787807814457e-17	2.415046938959892e-16
VUILD78LA_150_22_10	VUILD78LA	rgb_g_hist_6	0.0462293388429752	0.046229338842975205	6.938893903907228e-18	1.5009719103870834e-16
VUILD78LA_150_22_10	VUILD78LA	rgb_g_hist_7	0.4306559917355372	0.4306559917355372	0.0	0.0
VUILD78LA_150_22_10	VUILD78LA	rgb_b_hist_0	0.0	0.0	0.0	0.0
VUILD78LA_150_22_10	VUILD78LA	rgb_b_hist_1	0.0010330578512396	0.0010330578512396695	6.938893903907228e-17	6.716849298982648e-14
VUILD78LA_150_22_10	VUILD78LA	rgb_b_hist_2	0.0191115702479338	0.019111570247933883	8.326672684688674e-17	4.356875220961445e-15
VUILD78LA_150_22_10	VUILD78LA	rgb_b_hist_3	0.0911673553719008	0.09116735537190082	2.7755575615628914e-17	3.044464271493348e-16
VUILD78LA_150_22_10	VUILD78LA	rgb_b_hist_4	0.2195247933884297	0.21952479338842976	5.551115123125783e-17	2.5286962066756513e-16
VUILD78LA_150_22_10	VUILD78LA	rgb_b_hist_5	0.1496642561983471	0.1496642561983471	0.0	0.0
VUILD78LA_150_22_10	VUILD78LA	rgb_b_hist_6	0.0697314049586776	0.06973140495867769	8.326672684688674e-17	1.1941065420412808e-15
VUILD78LA_150_22_10	VUILD78LA	rgb_b_hist_7	0.449767561983471	0.44976756198347106	5.551115123125783e-17	1.2342186481046818e-16
VUILD78LA_150_12_15	VUILD78LA	rgb_r_mean	0.7641240672938016	0.7641240672938016	0.0	0.0
VUILD78LA_150_12_15	VUILD78LA	rgb_r_sd	0.1788761033680957	0.17887610336809573	2.7755575615628914e-17	1.551664816764976e-16
VUILD78LA_150_12_15	VUILD78LA	rgb_g_mean	0.5530248031351217	0.5530248031351217	0.0	0.0
VUILD78LA_150_12_15	VUILD78LA	rgb_g_sd	0.2752252212056469	0.2752252212056469	0.0	0.0
VUILD78LA_150_12_15	VUILD78LA	rgb_b_mean	0.6421523678075595	0.6421523678075595	0.0	0.0
VUILD78LA_150_12_15	VUILD78LA	rgb_b_sd	0.2207185813157616	0.2207185813157616	0.0	0.0
VUILD78LA_150_12_15	VUILD78LA	hed_hematoxylin_mean	0.0165333407694076	0.016533340769407618	1.734723475976807e-17	1.0492274369537254e-15
VUILD78LA_150_12_15	VUILD78LA	hed_hematoxylin_sd	0.0239412626248132	0.023941262624813244	4.5102810375396984e-17	1.8838943911275397e-15
VUILD78LA_150_12_15	VUILD78LA	hed_eosin_mean	0.0203008223059262	0.020300822305926277	7.632783294297951e-17	3.759839468211982e-15
VUILD78LA_150_12_15	VUILD78LA	hed_eosin_sd	0.0148457295840996	0.014845729584099675	7.45931094670027e-17	5.024549924908713e-15
VUILD78LA_150_12_15	VUILD78LA	hed_dab_mean	0.038159650239329	0.038159650239329004	6.938893903907228e-18	1.8183850901116757e-16
VUILD78LA_150_12_15	VUILD78LA	hed_dab_sd	0.0264363862868257	0.026436386286825753	5.204170427930421e-17	1.9685634683450913e-15
VUILD78LA_150_12_15	VUILD78LA	brightness_mean	0.7675178864137464	0.7675178864137464	0.0	0.0
VUILD78LA_150_12_15	VUILD78LA	brightness_sd	0.1783476084523131	0.17834760845231318	8.326672684688674e-17	4.668788528731562e-16
VUILD78LA_150_12_15	VUILD78LA	saturation_mean	0.3194630831705722	0.3194630831705722	0.0	0.0
VUILD78LA_150_12_15	VUILD78LA	saturation_sd	0.2078903459895214	0.2078903459895214	0.0	0.0
VUILD78LA_150_12_15	VUILD78LA	rgb_r_hist_0	0.0001276813074565	0.00012768130745658836	8.836247705756861e-17	6.920549203153563e-13
VUILD78LA_150_12_15	VUILD78LA	rgb_r_hist_1	0.0076608784473953	0.007660878447395302	1.734723475976807e-18	2.2643923773083927e-16
VUILD78LA_150_12_15	VUILD78LA	rgb_r_hist_2	0.0298774259448416	0.029877425944841676	7.632783294297951e-17	2.554699092347936e-15
VUILD78LA_150_12_15	VUILD78LA	rgb_r_hist_3	0.0565628192032686	0.05656281920326864	4.163336342344337e-17	7.360553100054374e-16
VUILD78LA_150_12_15	VUILD78LA	rgb_r_hist_4	0.1072522982635342	0.10725229826353422	1.3877787807814457e-17	1.2939385013190813e-16
VUILD78LA_150_12_15	VUILD78LA	rgb_r_hist_5	0.2312308478038815	0.2312308478038815	0.0	0.0
VUILD78LA_150_12_15	VUILD78LA	rgb_r_hist_6	0.2171859039836567	0.21718590398365678	8.326672684688674e-17	3.8338918557602426e-16
VUILD78LA_150_12_15	VUILD78LA	rgb_r_hist_7	0.3501021450459652	0.35010214504596526	5.551115123125783e-17	1.5855701547892466e-16
VUILD78LA_150_12_15	VUILD78LA	rgb_g_hist_0	0.0094484167517875	0.009448416751787538	3.8163916471489756e-17	4.039186402766338e-15
VUILD78LA_150_12_15	VUILD78LA	rgb_g_hist_1	0.0865679264555669	0.08656792645556691	1.3877787807814457e-17	1.6031096476519593e-16
VUILD78LA_150_12_15	VUILD78LA	rgb_g_hist_2	0.2351889683350357	0.23518896833503575	5.551115123125783e-17	2.360278699474546e-16
VUILD78LA_150_12_15	VUILD78LA	rgb_g_hist_3	0.2464249233912155	0.24642492339121552	2.7755575615628914e-17	1.1263298871585788e-16
VUILD78LA_150_12_15	VUILD78LA	rgb_g_hist_4	0.0851634320735444	0.08516343207354443	2.7755575615628914e-17	3.2590954755862926e-16
VUILD78LA_150_12_15	VUILD78LA	rgb_g_hist_5	0.0365168539325842	0.03651685393258427	6.938893903907228e-17	1.9001894075315216e-15
VUILD78LA_150_12_15	VUILD78LA	rgb_g_hist_6	0.028217568947906	0.028217568947906026	2.7755575615628914e-17	9.836274580163162e-16
VUILD78LA_150_12_15	VUILD78LA	rgb_g_hist_7	0.2724719101123595	0.27247191011235955	5.551115123125783e-17	2.0373164781781227e-16
VUILD78LA_150_12_15	VUILD78LA	rgb_b_hist_0	0.0001276813074565	0.00012768130745658836	8.836247705756861e-17	6.920549203153563e-13
VUILD78LA_150_12_15	VUILD78LA	rgb_b_hist_1	0.0105975485188968	0.010597548518896834	3.2959746043559335e-17	3.110129289315151e-15
VUILD78LA_150_12_15	VUILD78LA	rgb_b_hist_2	0.0688202247191011	0.06882022471910113	2.7755575615628914e-17	4.0330550690464885e-16
VUILD78LA_150_12_15	VUILD78LA	rgb_b_hist_3	0.2461695607763023	0.24616956077630234	2.7755575615628914e-17	1.1274982791577058e-16
VUILD78LA_150_12_15	VUILD78LA	rgb_b_hist_4	0.2588100102145046	0.2588100102145046	0.0	0.0
VUILD78LA_150_12_15	VUILD78LA	rgb_b_hist_5	0.0925689479060265	0.09256894790602656	5.551115123125783e-17	5.99673567507878e-16
VUILD78LA_150_12_15	VUILD78LA	rgb_b_hist_6	0.039070480081716	0.039070480081716034	3.469446951953614e-17	8.879970107091743e-16
VUILD78LA_150_12_15	VUILD78LA	rgb_b_hist_7	0.2838355464759959	0.2838355464759959	0.0	0.0
VUILD78LA_150_23_11	VUILD78LA	rgb_r_mean	0.8043403726702264	0.8043403726702264	0.0	0.0
VUILD78LA_150_23_11	VUILD78LA	rgb_r_sd	0.1324935940914965	0.13249359409149658	8.326672684688674e-17	6.284585109026855e-16
VUILD78LA_150_23_11	VUILD78LA	rgb_g_mean	0.5689363678559384	0.5689363678559384	0.0	0.0
VUILD78LA_150_23_11	VUILD78LA	rgb_g_sd	0.1947832360906071	0.19478323609060713	2.7755575615628914e-17	1.424946836940212e-16
VUILD78LA_150_23_11	VUILD78LA	rgb_b_mean	0.6695091116977163	0.6695091116977163	0.0	0.0
VUILD78LA_150_23_11	VUILD78LA	rgb_b_sd	0.1518760764750669	0.1518760764750669	0.0	0.0
VUILD78LA_150_23_11	VUILD78LA	hed_hematoxylin_mean	0.0113484865512546	0.01134848655125463	2.949029909160572e-17	2.598610745002425e-15
VUILD78LA_150_23_11	VUILD78LA	hed_hematoxylin_sd	0.0182095741699568	0.018209574169956878	7.632783294297951e-17	4.191631953091443e-15
VUILD78LA_150_23_11	VUILD78LA	hed_eosin_mean	0.019394559485924	0.01939455948592406	5.898059818321144e-17	3.041089859556636e-15
VUILD78LA_150_23_11	VUILD78LA	hed_eosin_sd	0.0106962907071025	0.010696290707102598	9.71445146547012e-17	9.082075021595641e-15
VUILD78LA_150_23_11	VUILD78LA	hed_dab_mean	0.0330461516618021	0.03304615166180215	4.85722573273506e-17	1.469830975311266e-15
VUILD78LA_150_23_11	VUILD78LA	hed_dab_sd	0.0171068950648533	0.017106895064853356	5.551115123125783e-17	3.2449577214808187e-15
VUILD78LA_150_23_11	VUILD78LA	brightness_mean	0.8084639952525743	0.8084639952525743	0.0	0.0
VUILD78LA_150_23_11	VUILD78LA	brightness_sd	0.128890327841303	0.12889032784130305	5.551115123125783e-17	4.306851581571448e-16
VUILD78LA_150_23_11	VUILD78LA	saturation_mean	0.3129992799328068	0.31299927993280685	5.551115123125783e-17	1.7735232887172998e-16
VUILD78LA_150_23_11	VUILD78LA	saturation_sd	0.1448518546003597	0.14485185460035976	5.551115123125783e-17	3.832270659178704e-16
VUILD78LA_150_23_11	VUILD78LA	rgb_r_hist_0	0.0	0.0	0.0	0.0
VUILD78LA_150_23_11	VUILD78LA	rgb_r_hist_1	0.0015495867768595	0.0015495867768595042	4.119968255444917e-18	2.658752847513793e-15
VUILD78LA_150_23_11	VUILD78LA	rgb_r_hist_2	0.0077479338842975	0.007747933884297521	2.0816681711721685e-17	2.686739719592886e-15
VUILD78LA_150_23_11	VUILD78LA	rgb_r_hist_3	0.0291838842975206	0.02918388429752066	6.245004513516506e-17	2.1398811925961027e-15
VUILD78LA_150_23_11	VUILD78LA	rgb_r_hist_4	0.0594008264462809	0.059400826446280995	9.71445146547012e-17	1.6354067858391461e-15
VUILD78LA_150_23_11	VUILD78LA	rgb_r_hist_5	0.1699380165289256	0.16993801652892562	2.7755575615628914e-17	1.6332764252844252e-16
VUILD78LA_150_23_11	VUILD78LA	rgb_r_hist_6	0.4106404958677686	0.4106404958677686	0.0	0.0
VUILD78LA_150_23_11	VUILD78LA	rgb_r_hist_7	0.3215392561983471	0.3215392561983471	0.0	0.0
VUILD78LA_150_23_11	VUILD78LA	rgb_g_hist_0	0.0002582644628099	0.00025826446280991736	1.734723475976807e-17	6.716849298982648e-14
VUILD78LA_150_23_11	VUILD78LA	rgb_g_hist_1	0.0170454545454545	0.017045454545454544	4.5102810375396984e-17	2.646031542023297e-15
VUILD78LA_150_23_11	VUILD78LA	rgb_g_hist_2	0.1056301652892562	0.1056301652892562	0.0	0.0
VUILD78LA_150_23_11	VUILD78LA	rgb_g_hist_3	0.3170196280991735	0.31701962809917356	5.551115123125783e-17	1.7510319964760108e-16
VUILD78LA_150_23_11	VUILD78LA	rgb_g_hist_4	0.2607179752066115	0.26071797520661155	5.551115123125783e-17	2.1291647109205583e-16
VUILD78LA_150_23_11	VUILD78LA	rgb_g_hist_5	0.1129907024793388	0.11299070247933884	4.163336342344337e-17	3.6846716154416635e-16
VUILD78LA_150_23_11	VUILD78LA	rgb_g_hist_6	0.0582386363636363	0.05823863636363636	6.245004513516506e-17	1.0723129701257621e-15
VUILD78LA_150_23_11	VUILD78LA	rgb_g_hist_7	0.128099173553719	0.128099173553719	0.0	0.0
VUILD78LA_150_23_11	VUILD78LA	rgb_b_hist_0	0.0	0.0	0.0	0.0
VUILD78LA_150_23_11	VUILD78LA	rgb_b_hist_1	0.0001291322314049	0.00012913223140495868	5.868244258577793e-17	4.5443683538447076e-13
VUILD78LA_150_23_11	VUILD78LA	rgb_b_hist_2	0.0067148760330578	0.006714876033057851	5.117434254131581e-17	7.62104055076832e-15
VUILD78LA_150_23_11	VUILD78LA	rgb_b_hist_3	0.0924586776859504	0.09245867768595041	1.3877787807814457e-17	1.5009719103870834e-16
VUILD78LA_150_23_11	VUILD78LA	rgb_b_hist_4	0.3620867768595041	0.36208677685950413	5.551115123125783e-17	1.5330897116079197e-16
VUILD78LA_150_23_11	VUILD78LA	rgb_b_hist_5	0.2784090909090909	0.2784090909090909	0.0	0.0
VUILD78LA_150_23_11	VUILD78LA	rgb_b_hist_6	0.1097623966942148	0.10976239669421488	8.326672684688674e-17	7.586088620026958e-16
VUILD78LA_150_23_11	VUILD78LA	rgb_b_hist_7	0.1504390495867768	0.15043904958677687	5.551115123125783e-17	3.6899429625309936e-16
VUILD78LA_150_11_17	VUILD78LA	rgb_r_mean	0.7717859456648591	0.7717859456648591	0.0	0.0
VUILD78LA_150_11_17	VUILD78LA	rgb_r_sd	0.2002582424100905	0.2002582424100905	0.0	0.0
VUILD78LA_150_11_17	VUILD78LA	rgb_g_mean	0.6054167000018441	0.6054167000018441	0.0	0.0
VUILD78LA_150_11_17	VUILD78LA	rgb_g_sd	0.2915523564297092	0.2915523564297092	0.0	0.0
VUILD78LA_150_11_17	VUILD78LA	rgb_b_mean	0.6852660884736325	0.6852660884736325	0.0	0.0
VUILD78LA_150_11_17	VUILD78LA	rgb_b_sd	0.2308801456758754	0.2308801456758754	0.0	0.0
VUILD78LA_150_11_17	VUILD78LA	hed_hematoxylin_mean	0.019378847121226	0.01937884712122608	7.979727989493313e-17	4.117751659619098e-15
VUILD78LA_150_11_17	VUILD78LA	hed_hematoxylin_sd	0.0280293348812909	0.028029334881290998	9.71445146547012e-17	3.4658159055905207e-15
VUILD78LA_150_11_17	VUILD78LA	hed_eosin_mean	0.0160896493998936	0.016089649399893637	3.8163916471489756e-17	2.371954510813774e-15
VUILD78LA_150_11_17	VUILD78LA	hed_eosin_sd	0.0142861803112749	0.014286180311274977	7.632783294297951e-17	5.34277401516067e-15
VUILD78LA_150_11_17	VUILD78LA	hed_dab_mean	0.0319629438924832	0.031962943892483234	3.469446951953614e-17	1.0854591378141274e-15
VUILD78LA_150_11_17	VUILD78LA	hed_dab_sd	0.0266938673831399	0.026693867383139946	4.5102810375396984e-17	1.6896319191232794e-15
VUILD78LA_150_11_17	VUILD78LA	brightness_mean	0.7788629948891189	0.7788629948891189	0.0	0.0
VUILD78LA_150_11_17	VUILD78LA	brightness_sd	0.1974194474504144	0.19741944745041443	2.7755575615628914e-17	1.4059190203437402e-16
VUILD78LA_150_11_17	VUILD78LA	saturation_mean	0.2711390636274372	0.2711390636274372	0.0	0.0
VUILD78LA_150_11_17	VUILD78LA	saturation_sd	0.207604384722099	0.20760438472209908	8.326672684688674e-17	4.010836618809776e-16
VUILD78LA_150_11_17	VUILD78LA	rgb_r_hist_0	0.0	0.0	0.0	0.0
VUILD78LA_150_11_17	VUILD78LA	rgb_r_hist_1	0.0095760980592441	0.009576098059244127	2.6020852139652106e-17	2.717270852770078e-15
VUILD78LA_150_11_17	VUILD78LA	rgb_r_hist_2	0.0422625127681307	0.04226251276813075	4.85722573273506e-17	1.1492988501142306e-15
VUILD78LA_150_11_17	VUILD78LA	rgb_r_hist_3	0.0764811031664964	0.07648110316649642	2.7755575615628914e-17	3.6290762641336515e-16
VUILD78LA_150_11_17	VUILD78LA	rgb_r_hist_4	0.1080183861082737	0.10801838610827375	4.163336342344337e-17	3.854284897546201e-16
VUILD78LA_150_11_17	VUILD78LA	rgb_r_hist_5	0.1435137895812053	0.1435137895812053	0.0	0.0
VUILD78LA_150_11_17	VUILD78LA	rgb_r_hist_6	0.1865423901940756	0.1865423901940756	0.0	0.0
VUILD78LA_150_11_17	VUILD78LA	rgb_r_hist_7	0.433605720122574	0.43360572012257403	5.551115123125783e-17	1.2802218387609287e-16
VUILD78LA_150_11_17	VUILD78LA	rgb_g_hist_0	0.0061287027579162	0.006128702757916241	4.0766001685454967e-17	6.651652608343447e-15
VUILD78LA_150_11_17	VUILD78LA	rgb_g_hist_1	0.117849846782431	0.11784984678243106	5.551115123125783e-17	4.710328672190807e-16
VUILD78LA_150_11_17	VUILD78LA	rgb_g_hist_2	0.1615168539325842	0.16151685393258428	8.326672684688674e-17	5.155296479563773e-16
VUILD78LA_150_11_17	VUILD78LA	rgb_g_hist_3	0.1616445352400408	0.16164453524004085	5.551115123125783e-17	3.434149576960596e-16
VUILD78LA_150_11_17	VUILD78LA	rgb_g_hist_4	0.1193820224719101	0.11938202247191011	1.3877787807814457e-17	1.1624688140192816e-16
VUILD78LA_150_11_17	VUILD78LA	rgb_g_hist_5	0.0570735444330949	0.057073544433094994	9.71445146547012e-17	1.7020935990506064e-15
VUILD78LA_150_11_17	VUILD78LA	rgb_g_hist_6	0.0357507660878447	0.03575076608784474	4.163336342344337e-17	1.1645446511871745e-15
VUILD78LA_150_11_17	VUILD78LA	rgb_g_hist_7	0.3406537282941777	0.3406537282941777	0.0	0.0
VUILD78LA_150_11_17	VUILD78LA	rgb_b_hist_0	0.0	0.0	0.0	0.0
VUILD78LA_150_11_17	VUILD78LA	rgb_b_hist_1	0.0079162410623084	0.007916241062308479	7.806255641895632e-17	9.86106357860116e-15
VUILD78LA_150_11_17	VUILD78LA	rgb_b_hist_2	0.0958886618998978	0.09588866189989785	5.551115123125783e-17	5.789125651707211e-16
VUILD78LA_150_11_17	VUILD78LA	rgb_b_hist_3	0.1645812053115423	0.16458120531154238	8.326672684688674e-17	5.059309578470267e-16
VUILD78LA_150_11_17	VUILD78LA	rgb_b_hist_4	0.183605720122574	0.18360572012257406	5.551115123125783e-17	3.0233889877831113e-16
VUILD78LA_150_11_17	VUILD78LA	rgb_b_hist_5	0.1325331971399387	0.13253319713993872	2.7755575615628914e-17	2.0942357246782821e-16
VUILD78LA_150_11_17	VUILD78LA	rgb_b_hist_6	0.0611593462717058	0.06115934627170582	2.0816681711721685e-17	3.4036795650564573e-16
VUILD78LA_150_11_17	VUILD78LA	rgb_b_hist_7	0.3543156281920326	0.35431562819203266	5.551115123125783e-17	1.5667147259214824e-16
VUILD78MA_150_6_4	VUILD78MA	rgb_r_mean	0.9377756448951574	0.9377756448951574	0.0	0.0
VUILD78MA_150_6_4	VUILD78MA	rgb_r_sd	0.0761027165270541	0.07610271652705412	2.7755575615628914e-17	3.6471202188639297e-16
VUILD78MA_150_6_4	VUILD78MA	rgb_g_mean	0.9175894806738012	0.9175894806738011	1.1102230246251565e-16	1.2099343421089585e-16
VUILD78MA_150_6_4	VUILD78MA	rgb_g_sd	0.1327803954629541	0.13278039546295414	5.551115123125783e-17	4.1806737385976165e-16
VUILD78MA_150_6_4	VUILD78MA	rgb_b_mean	0.9272441908249116	0.9272441908249116	0.0	0.0
VUILD78MA_150_6_4	VUILD78MA	rgb_b_sd	0.0990326974537789	0.09903269745377893	2.7755575615628914e-17	2.802667838930991e-16
VUILD78MA_150_6_4	VUILD78MA	hed_hematoxylin_mean	0.0053196501121142	0.005319650112114296	9.540979117872439e-17	1.793535085351797e-14
VUILD78MA_150_6_4	VUILD78MA	hed_hematoxylin_sd	0.0088596358901453	0.008859635890145313	1.214306433183765e-17	1.3706053479403767e-15
VUILD78MA_150_6_4	VUILD78MA	hed_eosin_mean	0.0016520571392246	0.001652057139224664	6.418476861114186e-17	3.885142171369887e-14
VUILD78MA_150_6_4	VUILD78MA	hed_eosin_sd	0.0055464725741886	0.0055464725741886526	5.2909066017292616e-17	9.53922791640825e-15
VUILD78MA_150_6_4	VUILD78MA	hed_dab_mean	0.0057181494881202	0.005718149488120239	3.903127820947816e-17	6.8258583114288965e-15
VUILD78MA_150_6_4	VUILD78MA	hed_dab_sd	0.0098297367958587	0.009829736795858779	7.806255641895632e-17	7.941469648693373e-15
VUILD78MA_150_6_4	VUILD78MA	brightness_mean	0.9407453617790716	0.9407453617790715	1.1102230246251565e-16	1.1801525362034e-16
VUILD78MA_150_6_4	VUILD78MA	brightness_sd	0.0739156751839019	0.07391567518390198	8.326672684688674e-17	1.126509723948533e-15
VUILD78MA_150_6_4	VUILD78MA	saturation_mean	0.0339989212189517	0.033998921218951754	5.551115123125783e-17	1.6327327233051962e-15
VUILD78MA_150_6_4	VUILD78MA	saturation_sd	0.094057008486878	0.09405700848687808	8.326672684688674e-17	8.852793447976116e-16
VUILD78MA_150_6_4	VUILD78MA	rgb_r_hist_0	0.0	0.0	0.0	0.0
VUILD78MA_150_6_4	VUILD78MA	rgb_r_hist_1	0.0002553626149131	0.0002553626149131767	7.670730370334944e-17	3.003858013024066e-13
VUILD78MA_150_6_4	VUILD78MA	rgb_r_hist_2	0.0020429009193054	0.0020429009193054137	1.3877787807814457e-17	6.793177131925222e-15
VUILD78MA_150_6_4	VUILD78MA	rgb_r_hist_3	0.0051072522982635	0.005107252298263534	3.382710778154774e-17	6.623347703627091e-15
VUILD78MA_150_6_4	VUILD78MA	rgb_r_hist_4	0.0099591419816138	0.009959141981613892	9.194034422677078e-17	9.231753538257377e-15
VUILD78MA_150_6_4	VUILD78MA	rgb_r_hist_5	0.0200459652706843	0.020045965270684373	7.28583859910259e-17	3.6345661088007446e-15
VUILD78MA_150_6_4	VUILD78MA	rgb_r_hist_6	0.0366445352400408	0.03664453524004086	6.245004513516506e-17	1.7042116846641585e-15
VUILD78MA_150_6_4	VUILD78MA	rgb_r_hist_7	0.9259448416751788	0.9259448416751788	0.0	0.0
VUILD78MA_150_6_4	VUILD78MA	rgb_g_hist_0	0.0	0.0	0.0	0.0
VUILD78MA_150_6_4	VUILD78MA	rgb_g_hist_1	0.0031920326864147	0.003192032686414709	9.107298248878237e-18	2.853134395408582e-15
VUILD78MA_150_6_4	VUILD78MA	rgb_g_hist_2	0.0109805924412665	0.010980592441266599	9.8879238130678e-17	9.004909221389268e-15
VUILD78MA_150_6_4	VUILD78MA	rgb_g_hist_3	0.0277068437180796	0.027706843718079674	7.28583859910259e-17	2.6296169542936237e-15
VUILD78MA_150_6_4	VUILD78MA	rgb_g_hist_4	0.0265577119509703	0.026557711950970377	7.632783294297951e-17	2.8740364788914294e-15
VUILD78MA_150_6_4	VUILD78MA	rgb_g_hist_5	0.012385086823289	0.01238508682328907	7.112366251504909e-17	5.742685822864615e-15
VUILD78MA_150_6_4	VUILD78MA	rgb_g_hist_6	0.017364657814096	0.017364657814096015	1.3877787807814457e-17	7.991973096382567e-16
VUILD78MA_150_6_4	VUILD78MA	rgb_g_hist_7	0.9018130745658836	0.9018130745658836	0.0	0.0
VUILD78MA_150_6_4	VUILD78MA	rgb_b_hist_0	0.0	0.0	0.0	0.0
VUILD78MA_150_6_4	VUILD78MA	rgb_b_hist_1	0.0001276813074565	0.00012768130745658836	8.836247705756861e-17	6.920549203153563e-13
VUILD78MA_150_6_4	VUILD78MA	rgb_b_hist_2	0.0024259448416751	0.002425944841675179	7.892991815694472e-17	3.253574310553743e-14
VUILD78MA_150_6_4	VUILD78MA	rgb_b_hist_3	0.0060010214504596	0.006001021450459653	5.2909066017292616e-17	8.816676703137009e-15
VUILD78MA_150_6_4	VUILD78MA	rgb_b_hist_4	0.0343462717058222	0.034346271705822266	6.938893903907228e-17	2.0202757269665996e-15
VUILD78MA_150_6_4	VUILD78MA	rgb_b_hist_5	0.0307711950970377	0.030771195097037792	9.367506770274758e-17	3.0442453537258147e-15
VUILD78MA_150_6_4	VUILD78MA	rgb_b_hist_6	0.0191521961184882	0.019152196118488254	5.204170427930421e-17	2.717270852770078e-15
VUILD78MA_150_6_4	VUILD78MA	rgb_b_hist_7	0.9071756894790602	0.9071756894790602	0.0	0.0
VUILD78MA_150_10_6	VUILD78MA	rgb_r_mean	0.7829459482796244	0.7829459482796244	0.0	0.0
VUILD78MA_150_10_6	VUILD78MA	rgb_r_sd	0.1396655437103255	0.13966554371032558	8.326672684688674e-17	5.961866086283013e-16
VUILD78MA_150_10_6	VUILD78MA	rgb_g_mean	0.6063168582868231	0.6063168582868231	0.0	0.0
VUILD78MA_150_10_6	VUILD78MA	rgb_g_sd	0.1879322481307225	0.18793224813072257	5.551115123125783e-17	2.9537853020650934e-16
VUILD78MA_150_10_6	VUILD78MA	rgb_b_mean	0.7005094553782674	0.7005094553782674	0.0	0.0
VUILD78MA_150_10_6	VUILD78MA	rgb_b_sd	0.1409804033924345	0.14098040339243456	5.551115123125783e-17	3.937508327078368e-16
VUILD78MA_150_10_6	VUILD78MA	hed_hematoxylin_mean	0.017041096071275	0.017041096071275012	1.3877787807814457e-17	8.143717839374949e-16
VUILD78MA_150_10_6	VUILD78MA	hed_hematoxylin_sd	0.0189300335126664	0.01893003351266646	5.898059818321144e-17	3.11571546578333e-15
VUILD78MA_150_10_6	VUILD78MA	hed_eosin_mean	0.0132004554514931	0.013200455451493183	8.326672684688674e-17	6.307867721145066e-15
VUILD78MA_150_10_6	VUILD78MA	hed_eosin_sd	0.0085080494001169	0.008508049400116976	7.632783294297951e-17	8.971249384368968e-15
VUILD78MA_150_10_6	VUILD78MA	hed_dab_mean	0.0268906911114936	0.026890691111493694	9.367506770274758e-17	3.483550025336056e-15
VUILD78MA_150_10_6	VUILD78MA	hed_dab_sd	0.0140585291911533	0.014058529191153376	7.632783294297951e-17	5.429290070472721e-15
VUILD78MA_150_10_6	VUILD78MA	brightness_mean	0.788030719873303	0.788030719873303	0.0	0.0
VUILD78MA_150_10_6	VUILD78MA	brightness_sd	0.134513536057949	0.134513536057949	0.0	0.0
VUILD78MA_150_10_6	VUILD78MA	saturation_mean	0.2479870536748617	0.2479870536748617	0.0	0.0
VUILD78MA_150_10_6	VUILD78MA	saturation_sd	0.1242251024248474	0.12422510242484741	1.3877787807814457e-17	1.1171484294979847e-16
VUILD78MA_150_10_6	VUILD78MA	rgb_r_hist_0	0.0	0.0	0.0	0.0
VUILD78MA_150_10_6	VUILD78MA	rgb_r_hist_1	0.0002582644628099	0.00025826446280991736	1.734723475976807e-17	6.716849298982648e-14
VUILD78MA_150_10_6	VUILD78MA	rgb_r_hist_2	0.0080061983471074	0.008006198347107437	3.8163916471489756e-17	4.766796276697066e-15
VUILD78MA_150_10_6	VUILD78MA	rgb_r_hist_3	0.0351239669421487	0.03512396694214876	6.245004513516506e-17	1.77798952031882e-15
VUILD78MA_150_10_6	VUILD78MA	rgb_r_hist_4	0.0964617768595041	0.09646177685950413	2.7755575615628914e-17	2.8773651615452525e-16
VUILD78MA_150_10_6	VUILD78MA	rgb_r_hist_5	0.2188791322314049	0.21887913223140495	5.551115123125783e-17	2.536155487521302e-16
VUILD78MA_150_10_6	VUILD78MA	rgb_r_hist_6	0.350077479338843	0.350077479338843	0.0	0.0
VUILD78MA_150_10_6	VUILD78MA	rgb_r_hist_7	0.2911931818181818	0.2911931818181818	0.0	0.0
VUILD78MA_150_10_6	VUILD78MA	rgb_g_hist_0	0.0	0.0	0.0	0.0
VUILD78MA_150_10_6	VUILD78MA	rgb_g_hist_1	0.0098140495867768	0.00981404958677686	5.898059818321144e-17	6.0098125306683175e-15
VUILD78MA_150_10_6	VUILD78MA	rgb_g_hist_2	0.0856146694214876	0.0856146694214876	0.0	0.0
VUILD78MA_150_10_6	VUILD78MA	rgb_g_hist_3	0.2385072314049586	0.23850723140495866	5.551115123125783e-17	2.327441013182787e-16
VUILD78MA_150_10_6	VUILD78MA	rgb_g_hist_4	0.2463842975206611	0.24638429752066116	5.551115123125783e-17	2.253031211398641e-16
VUILD78MA_150_10_6	VUILD78MA	rgb_g_hist_5	0.1745867768595041	0.17458677685950413	2.7755575615628914e-17	1.5897868163271475e-16
VUILD78MA_150_10_6	VUILD78MA	rgb_g_hist_6	0.1359762396694215	0.1359762396694215	0.0	0.0
VUILD78MA_150_10_6	VUILD78MA	rgb_g_hist_7	0.10911673553719	0.10911673553719008	8.326672684688674e-17	7.630976718370313e-16
VUILD78MA_150_10_6	VUILD78MA	rgb_b_hist_0	0.0	0.0	0.0	0.0
VUILD78MA_150_10_6	VUILD78MA	rgb_b_hist_1	0.0	0.0	0.0	0.0
VUILD78MA_150_10_6	VUILD78MA	rgb_b_hist_2	0.0015495867768595	0.0015495867768595042	4.119968255444917e-18	2.658752847513793e-15
VUILD78MA_150_10_6	VUILD78MA	rgb_b_hist_3	0.0583677685950413	0.05836776859504132	2.0816681711721685e-17	3.5664686543268317e-16
VUILD78MA_150_10_6	VUILD78MA	rgb_b_hist_4	0.2847365702479338	0.28473657024793386	5.551115123125783e-17	1.9495617012918854e-16
VUILD78MA_150_10_6	VUILD78MA	rgb_b_hist_5	0.3037190082644628	0.3037190082644628	0.0	0.0
VUILD78MA_150_10_6	VUILD78MA	rgb_b_hist_6	0.2098398760330578	0.20983987603305784	5.551115123125783e-17	2.6454052623683737e-16
VUILD78MA_150_10_6	VUILD78MA	rgb_b_hist_7	0.1417871900826446	0.14178719008264462	2.7755575615628914e-17	1.957551708264393e-16
VUILD78MA_150_20_16	VUILD78MA	rgb_r_mean	0.8283685877907652	0.8283685877907652	0.0	0.0
VUILD78MA_150_20_16	VUILD78MA	rgb_r_sd	0.1346406584227543	0.13464065842275433	2.7755575615628914e-17	2.0614557252445978e-16
VUILD78MA_150_20_16	VUILD78MA	rgb_g_mean	0.6816374084148326	0.6816374084148326	0.0	0.0
VUILD78MA_150_20_16	VUILD78MA	rgb_g_sd	0.2020261490838416	0.20202614908384162	2.7755575615628914e-17	1.373860549314844e-16
VUILD78MA_150_20_16	VUILD78MA	rgb_b_mean	0.7548609542379479	0.7548609542379479	0.0	0.0
VUILD78MA_150_20_16	VUILD78MA	rgb_b_sd	0.1558777193603549	0.1558777193603549	0.0	0.0
VUILD78MA_150_20_16	VUILD78MA	hed_hematoxylin_mean	0.0128617346465864	0.012861734646586428	2.7755575615628914e-17	2.157996287304485e-15
VUILD78MA_150_20_16	VUILD78MA	hed_hematoxylin_sd	0.0182900635256026	0.01829006352560265	5.204170427930421e-17	2.845353938025188e-15
VUILD78MA_150_20_16	VUILD78MA	hed_eosin_mean	0.0108204560645144	0.010820456064514433	3.2959746043559335e-17	3.046058858059649e-15
VUILD78MA_150_20_16	VUILD78MA	hed_eosin_sd	0.011062765456931	0.011062765456931009	8.673617379884035e-18	7.840369945156773e-16
VUILD78MA_150_20_16	VUILD78MA	hed_dab_mean	0.0223437030634604	0.02234370306346042	2.0816681711721685e-17	9.316576420926431e-16
VUILD78MA_150_20_16	VUILD78MA	hed_dab_sd	0.0171482754048834	0.01714827540488343	3.122502256758253e-17	1.8208841315139146e-15
VUILD78MA_150_20_16	VUILD78MA	brightness_mean	0.831259124156103	0.831259124156103	0.0	0.0
VUILD78MA_150_20_16	VUILD78MA	brightness_sd	0.1299164218434796	0.1299164218434796	0.0	0.0
VUILD78MA_150_20_16	VUILD78MA	saturation_mean	0.199145203298737	0.19914520329873708	8.326672684688674e-17	4.1812067510347523e-16
VUILD78MA_150_20_16	VUILD78MA	saturation_sd	0.1544396373236413	0.15443963732364138	8.326672684688674e-17	5.391538615983297e-16
VUILD78MA_150_20_16	VUILD78MA	rgb_r_hist_0	0.0	0.0	0.0	0.0
VUILD78MA_150_20_16	VUILD78MA	rgb_r_hist_1	0.0021952479338842	0.0021952479338842976	9.75781955236954e-17	4.44497380079724e-14
VUILD78MA_150_20_16	VUILD78MA	rgb_r_hist_2	0.0130423553719008	0.013042355371900826	2.6020852139652106e-17	1.9951037521729337e-15
VUILD78MA_150_20_16	VUILD78MA	rgb_r_hist_3	0.0264721074380165	0.026472107438016527	2.7755575615628914e-17	1.0484837930118563e-15
VUILD78MA_150_20_16	VUILD78MA	rgb_r_hist_4	0.0520402892561983	0.052040289256198344	4.163336342344337e-17	8.000217527323715e-16
VUILD78MA_150_20_16	VUILD78MA	rgb_r_hist_5	0.1012396694214876	0.1012396694214876	0.0	0.0
VUILD78MA_150_20_16	VUILD78MA	rgb_r_hist_6	0.2711776859504132	0.27117768595041325	5.551115123125783e-17	2.0470397863564793e-16
VUILD78MA_150_20_16	VUILD78MA	rgb_r_hist_7	0.5338326446280992	0.5338326446280992	0.0	0.0
VUILD78MA_150_20_16	VUILD78MA	rgb_g_hist_0	0.0011621900826446	0.0011621900826446281	2.8189256484623115e-17	2.4255289135214077e-14
VUILD78MA_150_20_16	VUILD78MA	rgb_g_hist_1	0.0272469008264462	0.02724690082644628	7.979727989493313e-17	2.928673627992246e-15
VUILD78MA_150_20_16	VUILD78MA	rgb_g_hist_2	0.0782541322314049	0.07825413223140495	5.551115123125783e-17	7.0937022299482e-16
VUILD78MA_150_20_16	VUILD78MA	rgb_g_hist_3	0.1222882231404958	0.12228822314049587	6.938893903907228e-17	5.674212712973348e-16
VUILD78MA_150_20_16	VUILD78MA	rgb_g_hist_4	0.1169938016528925	0.11699380165289257	6.938893903907228e-17	5.93099275848318e-16
VUILD78MA_150_20_16	VUILD78MA	rgb_g_hist_5	0.1042097107438016	0.10420971074380166	5.551115123125783e-17	5.3268693325261565e-16
VUILD78MA_150_20_16	VUILD78MA	rgb_g_hist_6	0.4770144628099173	0.47701446280991733	5.551115123125783e-17	1.1637205065913934e-16
VUILD78MA_150_20_16	VUILD78MA	rgb_g_hist_7	0.0728305785123966	0.07283057851239669	8.326672684688674e-17	1.1432934976990989e-15
VUILD78MA_150_20_16	VUILD78MA	rgb_b_hist_0	0.0	0.0	0.0	0.0
VUILD78MA_150_20_16	VUILD78MA	rgb_b_hist_1	0.0006456611570247	0.0006456611570247934	9.345822726825048e-17	1.4474810239308728e-13
VUILD78MA_150_20_16	VUILD78MA	rgb_b_hist_2	0.0160123966942148	0.016012396694214875	7.632783294297951e-17	4.766796276697066e-15
VUILD78MA_150_20_16	VUILD78MA	rgb_b_hist_3	0.0730888429752066	0.07308884297520661	1.3877787807814457e-17	1.8987559855780067e-16
VUILD78MA_150_20_16	VUILD78MA	rgb_b_hist_4	0.1399793388429752	0.1399793388429752	0.0	0.0
VUILD78MA_150_20_16	VUILD78MA	rgb_b_hist_5	0.1442407024793388	0.14424070247933884	5.551115123125783e-17	3.8485081032664347e-16
VUILD78MA_150_20_16	VUILD78MA	rgb_b_hist_6	0.4258780991735537	0.42587809917355374	5.551115123125783e-17	1.3034516529255932e-16
VUILD78MA_150_20_16	VUILD78MA	rgb_b_hist_7	0.2001549586776859	0.20015495867768596	5.551115123125783e-17	2.773408742805553e-16
VUILD78MA_150_6_6	VUILD78MA	rgb_r_mean	0.8214597610779846	0.8214597610779846	0.0	0.0
VUILD78MA_150_6_6	VUILD78MA	rgb_r_sd	0.1259751775049537	0.1259751775049537	0.0	0.0
VUILD78MA_150_6_6	VUILD78MA	rgb_g_mean	0.659459580807785	0.659459580807785	0.0	0.0
VUILD78MA_150_6_6	VUILD78MA	rgb_g_sd	0.2021568089792678	0.2021568089792678	0.0	0.0
VUILD78MA_150_6_6	VUILD78MA	rgb_b_mean	0.7404204281239408	0.7404204281239408	0.0	0.0
VUILD78MA_150_6_6	VUILD78MA	rgb_b_sd	0.1493385138327975	0.14933851383279753	2.7755575615628914e-17	1.8585678204019515e-16
VUILD78MA_150_6_6	VUILD78MA	hed_hematoxylin_mean	0.0126966551084046	0.01269665510840463	2.949029909160572e-17	2.3226825364488717e-15
VUILD78MA_150_6_6	VUILD78MA	hed_hematoxylin_sd	0.0156265711106357	0.015626571110635798	9.71445146547012e-17	6.216623849654583e-15
VUILD78MA_150_6_6	VUILD78MA	hed_eosin_mean	0.0123054847701005	0.012305484770100504	5.204170427930421e-18	4.2291470227774854e-16
VUILD78MA_150_6_6	VUILD78MA	hed_eosin_sd	0.0104988682410476	0.010498868241047692	9.194034422677078e-17	8.757167164676864e-15
VUILD78MA_150_6_6	VUILD78MA	hed_dab_mean	0.0236241358351373	0.023624135835137332	3.122502256758253e-17	1.3217424241669008e-15
VUILD78MA_150_6_6	VUILD78MA	hed_dab_sd	0.015459673360546	0.015459673360546074	7.45931094670027e-17	4.825011999113043e-15
VUILD78MA_150_6_6	VUILD78MA	brightness_mean	0.8248926528444713	0.8248926528444713	0.0	0.0
VUILD78MA_150_6_6	VUILD78MA	brightness_sd	0.1237016729876718	0.12370167298767186	5.551115123125783e-17	4.487502059635855e-16
VUILD78MA_150_6_6	VUILD78MA	saturation_mean	0.2190057561372758	0.21900575613727588	8.326672684688674e-17	3.80203371434192e-16
VUILD78MA_150_6_6	VUILD78MA	saturation_sd	0.1492469044417493	0.1492469044417493	0.0	0.0
VUILD78MA_150_6_6	VUILD78MA	rgb_r_hist_0	0.0	0.0	0.0	0.0
VUILD78MA_150_6_6	VUILD78MA	rgb_r_hist_1	0.0002582644628099	0.00025826446280991736	1.734723475976807e-17	6.716849298982648e-14
VUILD78MA_150_6_6	VUILD78MA	rgb_r_hist_2	0.0043904958677685	0.004390495867768595	9.540979117872439e-17	2.1730983026119345e-14
VUILD78MA_150_6_6	VUILD78MA	rgb_r_hist_3	0.0227272727272727	0.022727272727272728	2.7755575615628914e-17	1.2212453270876736e-15
VUILD78MA_150_6_6	VUILD78MA	rgb_r_hist_4	0.0605630165289256	0.06056301652892562	2.0816681711721685e-17	3.4371936711209546e-16
VUILD78MA_150_6_6	VUILD78MA	rgb_r_hist_5	0.1408832644628099	0.1408832644628099	0.0	0.0
VUILD78MA_150_6_6	VUILD78MA	rgb_r_hist_6	0.3691890495867768	0.36918904958677684	5.551115123125783e-17	1.503596904983773e-16
VUILD78MA_150_6_6	VUILD78MA	rgb_r_hist_7	0.4019886363636363	0.40198863636363635	5.551115123125783e-17	1.380913444056732e-16
VUILD78MA_150_6_6	VUILD78MA	rgb_g_hist_0	0.0	0.0	0.0	0.0
VUILD78MA_150_6_6	VUILD78MA	rgb_g_hist_1	0.009168388429752	0.009168388429752067	6.765421556309548e-17	7.379073877755144e-15
VUILD78MA_150_6_6	VUILD78MA	rgb_g_hist_2	0.0677944214876033	0.06779442148760331	1.3877787807814457e-17	2.0470397863564793e-16
VUILD78MA_150_6_6	VUILD78MA	rgb_g_hist_3	0.2017045454545454	0.20170454545454544	5.551115123125783e-17	2.7521021455496846e-16
VUILD78MA_150_6_6	VUILD78MA	rgb_g_hist_4	0.1730371900826446	0.17303719008264462	2.7755575615628914e-17	1.6040237131897787e-16
VUILD78MA_150_6_6	VUILD78MA	rgb_g_hist_5	0.1317148760330578	0.13171487603305784	5.551115123125783e-17	4.2144936777927534e-16
VUILD78MA_150_6_6	VUILD78MA	rgb_g_hist_6	0.2524535123966942	0.2524535123966942	0.0	0.0
VUILD78MA_150_6_6	VUILD78MA	rgb_g_hist_7	0.1641270661157025	0.1641270661157025	0.0	0.0
VUILD78MA_150_6_6	VUILD78MA	rgb_b_hist_0	0.0	0.0	0.0	0.0
VUILD78MA_150_6_6	VUILD78MA	rgb_b_hist_1	0.0	0.0	0.0	0.0
VUILD78MA_150_6_6	VUILD78MA	rgb_b_hist_2	0.0023243801652892	0.0023243801652892563	5.637851296924623e-17	2.4255289135214077e-14
VUILD78MA_150_6_6	VUILD78MA	rgb_b_hist_3	0.0440340909090909	0.04403409090909091	1.3877787807814457e-17	3.151600844097219e-16
VUILD78MA_150_6_6	VUILD78MA	rgb_b_hist_4	0.2341167355371901	0.2341167355371901	0.0	0.0
VUILD78MA_150_6_6	VUILD78MA	rgb_b_hist_5	0.2106146694214876	0.2106146694214876	0.0	0.0
VUILD78MA_150_6_6	VUILD78MA	rgb_b_hist_6	0.3015237603305785	0.30152376033057854	5.551115123125783e-17	1.8410207928687822e-16
VUILD78MA_150_6_6	VUILD78MA	rgb_b_hist_7	0.2073863636363636	0.20738636363636365	5.551115123125783e-17	2.676702086767501e-16
VUILD91LA_150_6_5	VUILD91LA	rgb_r_mean	0.85320755138162	0.85320755138162	0.0	0.0
VUILD91LA_150_6_5	VUILD91LA	rgb_r_sd	0.1330955114272898	0.1330955114272898	0.0	0.0
VUILD91LA_150_6_5	VUILD91LA	rgb_g_mean	0.7392425347323537	0.7392425347323537	0.0	0.0
VUILD91LA_150_6_5	VUILD91LA	rgb_g_sd	0.2296958164820796	0.22969581648207968	8.326672684688674e-17	3.6250867831275036e-16
VUILD91LA_150_6_5	VUILD91LA	rgb_b_mean	0.7939454818602405	0.7939454818602405	0.0	0.0
VUILD91LA_150_6_5	VUILD91LA	rgb_b_sd	0.1706351421361419	0.17063514213614195	5.551115123125783e-17	3.253207430563632e-16
VUILD91LA_150_6_5	VUILD91LA	hed_hematoxylin_mean	0.0109357193879262	0.010935719387926264	6.418476861114186e-17	5.8692772129839345e-15
VUILD91LA_150_6_5	VUILD91LA	hed_hematoxylin_sd	0.0152824033138682	0.015282403313868284	8.326672684688674e-17	5.4485361455763535e-15
VUILD91LA_150_6_5	VUILD91LA	hed_eosin_mean	0.0089062438078358	0.008906243807835827	2.7755575615628914e-17	3.1164176744419786e-15
VUILD91LA_150_6_5	VUILD91LA	hed_eosin_sd	0.0097234367209449	0.009723436720944917	1.734723475976807e-17	1.784064138804033e-15
VUILD91LA_150_6_5	VUILD91LA	hed_dab_mean	0.0187145733234189	0.018714573323418974	7.28583859910259e-17	3.893136366611838e-15
VUILD91LA_150_6_5	VUILD91LA	hed_dab_sd	0.0171052327378999	0.01710523273789993	3.122502256758253e-17	1.825466104205501e-15
VUILD91LA_150_6_5	VUILD91LA	brightness_mean	0.8602090500860883	0.8602090500860883	0.0	0.0
VUILD91LA_150_6_5	VUILD91LA	brightness_sd	0.1323518798593991	0.1323518798593991	0.0	0.0
VUILD91LA_150_6_5	VUILD91LA	saturation_mean	0.167917032681431	0.16791703268143104	5.551115123125783e-17	3.3058678053567403e-16
VUILD91LA_150_6_5	VUILD91LA	saturation_sd	0.1554384247690981	0.15543842476909814	2.7755575615628914e-17	1.7856315551871735e-16
VUILD91LA_150_6_5	VUILD91LA	rgb_r_hist_0	0.0	0.0	0.0	0.0
VUILD91LA_150_6_5	VUILD91LA	rgb_r_hist_1	0.0007747933884297	0.0007747933884297521	5.204170427930421e-17	6.716849298982648e-14
VUILD91LA_150_6_5	VUILD91LA	rgb_r_hist_2	0.0050361570247933	0.005036157024793388	8.847089727481716e-17	1.7567144320415286e-14
VUILD91LA_150_6_5	VUILD91LA	rgb_r_hist_3	0.0178202479338842	0.017820247933884297	9.71445146547012e-17	5.4513559527971756e-15
VUILD91LA_150_6_5	VUILD91LA	rgb_r_hist_4	0.0457128099173553	0.04571280991735537	6.938893903907228e-17	1.5179320449677305e-15
VUILD91LA_150_6_5	VUILD91LA	rgb_r_hist_5	0.1358471074380165	0.13584710743801653	2.7755575615628914e-17	2.04314807573603e-16
VUILD91LA_150_6_5	VUILD91LA	rgb_r_hist_6	0.2305010330578512	0.23050103305785125	5.551115123125783e-17	2.408282101595858e-16
VUILD91LA_150_6_5	VUILD91LA	rgb_r_hist_7	0.5643078512396694	0.5643078512396694	0.0	0.0
VUILD91LA_150_6_5	VUILD91LA	rgb_g_hist_0	0.0002582644628099	0.00025826446280991736	1.734723475976807e-17	6.716849298982648e-14
VUILD91LA_150_6_5	VUILD91LA	rgb_g_hist_1	0.0077479338842975	0.007747933884297521	2.0816681711721685e-17	2.686739719592886e-15
VUILD91LA_150_6_5	VUILD91LA	rgb_g_hist_2	0.0450671487603305	0.04506714876033058	7.632783294297951e-17	1.6936468146430783e-15
VUILD91LA_150_6_5	VUILD91LA	rgb_g_hist_3	0.1553460743801653	0.1553460743801653	0.0	0.0
VUILD91LA_150_6_5	VUILD91LA	rgb_g_hist_4	0.1745867768595041	0.17458677685950413	2.7755575615628914e-17	1.5897868163271475e-16
VUILD91LA_150_6_5	VUILD91LA	rgb_g_hist_5	0.0949121900826446	0.09491219008264463	2.7755575615628914e-17	2.924342551937828e-16
VUILD91LA_150_6_5	VUILD91LA	rgb_g_hist_6	0.0586260330578512	0.05862603305785124	4.163336342344337e-17	7.101514677338011e-16
VUILD91LA_150_6_5	VUILD91LA	rgb_g_hist_7	0.4634555785123967	0.4634555785123967	0.0	0.0
VUILD91LA_150_6_5	VUILD91LA	rgb_b_hist_0	0.0	0.0	0.0	0.0
VUILD91LA_150_6_5	VUILD91LA	rgb_b_hist_1	0.0001291322314049	0.00012913223140495868	5.868244258577793e-17	4.5443683538447076e-13
VUILD91LA_150_6_5	VUILD91LA	rgb_b_hist_2	0.0027117768595041	0.0027117768595041323	3.209238430557093e-17	1.1834448764873534e-14
VUILD91LA_150_6_5	VUILD91LA	rgb_b_hist_3	0.0364152892561983	0.036415289256198344	4.163336342344337e-17	1.1432934976990989e-15
VUILD91LA_150_6_5	VUILD91LA	rgb_b_hist_4	0.1894369834710743	0.18943698347107438	8.326672684688674e-17	4.3954842038329327e-16
VUILD91LA_150_6_5	VUILD91LA	rgb_b_hist_5	0.1885330578512396	0.18853305785123967	5.551115123125783e-17	2.9443722954442515e-16
VUILD91LA_150_6_5	VUILD91LA	rgb_b_hist_6	0.1020144628099173	0.10201446280991736	5.551115123125783e-17	5.441498166264062e-16
VUILD91LA_150_6_5	VUILD91LA	rgb_b_hist_7	0.4807592975206611	0.48075929752066116	5.551115123125783e-17	1.1546558021350004e-16
VUILD91LA_150_12_10	VUILD91LA	rgb_r_mean	0.880145312847229	0.880145312847229	0.0	0.0
VUILD91LA_150_12_10	VUILD91LA	rgb_r_sd	0.1285149051155721	0.12851490511557215	5.551115123125783e-17	4.319432923468078e-16
VUILD91LA_150_12_10	VUILD91LA	rgb_g_mean	0.7972781415505523	0.7972781415505523	0.0	0.0
VUILD91LA_150_12_10	VUILD91LA	rgb_g_sd	0.228890767742871	0.22889076774287104	2.7755575615628914e-17	1.2126122818028507e-16
VUILD91LA_150_12_10	VUILD91LA	rgb_b_mean	0.8359765951712906	0.8359765951712906	0.0	0.0
VUILD91LA_150_12_10	VUILD91LA	rgb_b_sd	0.1711447315328023	0.17114473153280235	5.551115123125783e-17	3.2435208921764755e-16
VUILD91LA_150_12_10	VUILD91LA	hed_hematoxylin_mean	0.0092333586196648	0.009233358619664848	4.85722573273506e-17	5.260518878136451e-15
VUILD91LA_150_12_10	VUILD91LA	hed_hematoxylin_sd	0.0148235272886872	0.014823527288687285	8.500145032286355e-17	5.7342256446435454e-15
VUILD91LA_150_12_10	VUILD91LA	hed_eosin_mean	0.0069172124368669	0.006917212436866963	6.245004513516506e-17	9.02820980346403e-15
VUILD91LA_150_12_10	VUILD91LA	hed_eosin_sd	0.0100500892780375	0.010050089278037511	1.214306433183765e-17	1.2082543742545588e-15
VUILD91LA_150_12_10	VUILD91LA	hed_dab_mean	0.0148699351265282	0.014869935126528223	2.2551405187698492e-17	1.5165772409770926e-15
VUILD91LA_150_12_10	VUILD91LA	hed_dab_sd	0.0175663019738454	0.01756630197384542	2.0816681711721685e-17	1.1850349460413354e-15
VUILD91LA_150_12_10	VUILD91LA	brightness_mean	0.8882548280471253	0.8882548280471253	0.0	0.0
VUILD91LA_150_12_10	VUILD91LA	brightness_sd	0.1276677889876502	0.1276677889876502	0.0	0.0
VUILD91LA_150_12_10	VUILD91LA	saturation_mean	0.1307184820124533	0.1307184820124533	0.0	0.0
VUILD91LA_150_12_10	VUILD91LA	saturation_sd	0.1592280936206369	0.15922809362063697	8.326672684688674e-17	5.229399219290463e-16
VUILD91LA_150_12_10	VUILD91LA	rgb_r_hist_0	0.0	0.0	0.0	0.0
VUILD91LA_150_12_10	VUILD91LA	rgb_r_hist_1	0.0017875383043922	0.001787538304392237	3.707971429900425e-17	2.074345159927195e-14
VUILD91LA_150_12_10	VUILD91LA	rgb_r_hist_2	0.0053626149131767	0.005362614913176711	1.1275702593849246e-17	2.1026500646435113e-15
VUILD91LA_150_12_10	VUILD91LA	rgb_r_hist_3	0.0131511746680286	0.013151174668028601	1.734723475976807e-18	1.3190635207621704e-16
VUILD91LA_150_12_10	VUILD91LA	rgb_r_hist_4	0.0334525025536261	0.03345250255362615	4.85722573273506e-17	1.4519767915565284e-15
VUILD91LA_150_12_10	VUILD91LA	rgb_r_hist_5	0.1075076608784473	0.10750766087844739	8.326672684688674e-17	7.745190079154602e-16
VUILD91LA_150_12_10	VUILD91LA	rgb_r_hist_6	0.1421092951991828	0.14210929519918283	2.7755575615628914e-17	1.9531147189721986e-16
VUILD91LA_150_12_10	VUILD91LA	rgb_r_hist_7	0.6966292134831461	0.6966292134831461	0.0	0.0
VUILD91LA_150_12_10	VUILD91LA	rgb_g_hist_0	0.0001276813074565	0.00012768130745658836	8.836247705756861e-17	6.920549203153563e-13
VUILD91LA_150_12_10	VUILD91LA	rgb_g_hist_1	0.0082992849846782	0.008299284984678242	4.163336342344337e-17	5.016500035883233e-15
VUILD91LA_150_12_10	VUILD91LA	rgb_g_hist_2	0.0448161389172625	0.044816138917262514	1.3877787807814457e-17	3.0966049604217336e-16
VUILD91LA_150_12_10	VUILD91LA	rgb_g_hist_3	0.126532175689479	0.12653217568947905	5.551115123125783e-17	4.3871174212231235e-16
VUILD91LA_150_12_10	VUILD91LA	rgb_g_hist_4	0.0971654749744637	0.09716547497446373	2.7755575615628914e-17	2.8565265206518493e-16
VUILD91LA_150_12_10	VUILD91LA	rgb_g_hist_5	0.0615423901940755	0.061542390194075584	8.326672684688674e-17	1.3529979349892487e-15
VUILD91LA_150_12_10	VUILD91LA	rgb_g_hist_6	0.0418794688457609	0.04187946884576098	7.632783294297951e-17	1.822559718321392e-15
VUILD91LA_150_12_10	VUILD91LA	rgb_g_hist_7	0.6196373850868233	0.6196373850868233	0.0	0.0
VUILD91LA_150_12_10	VUILD91LA	rgb_b_hist_0	0.0	0.0	0.0	0.0
VUILD91LA_150_12_10	VUILD91LA	rgb_b_hist_1	0.0	0.0	0.0	0.0
VUILD91LA_150_12_10	VUILD91LA	rgb_b_hist_2	0.0063840653728294	0.006384065372829418	1.8214596497756474e-17	2.853134395408582e-15
VUILD91LA_150_12_10	VUILD91LA	rgb_b_hist_3	0.0391981613891726	0.03919816138917263	2.7755575615628914e-17	7.080836098423642e-16
VUILD91LA_150_12_10	VUILD91LA	rgb_b_hist_4	0.141726251276813	0.14172625127681307	8.326672684688674e-17	5.875180222205562e-16
VUILD91LA_150_12_10	VUILD91LA	rgb_b_hist_5	0.1084014300306435	0.10840143003064351	1.3877787807814457e-17	1.2802218387609287e-16
VUILD91LA_150_12_10	VUILD91LA	rgb_b_hist_6	0.0706077630234933	0.07060776302349336	6.938893903907228e-17	9.827381022676576e-16
VUILD91LA_150_12_10	VUILD91LA	rgb_b_hist_7	0.633682328907048	0.633682328907048	0.0	0.0
VUILD91LA_150_16_2	VUILD91LA	rgb_r_mean	0.8618903003579144	0.8618903003579144	0.0	0.0
VUILD91LA_150_16_2	VUILD91LA	rgb_r_sd	0.1463145518064745	0.14631455180647457	5.551115123125783e-17	3.793959694773259e-16
VUILD91LA_150_16_2	VUILD91LA	rgb_g_mean	0.7579925326930651	0.7579925326930651	0.0	0.0
VUILD91LA_150_16_2	VUILD91LA	rgb_g_sd	0.2535899560090208	0.2535899560090208	0.0	0.0
VUILD91LA_150_16_2	VUILD91LA	rgb_b_mean	0.802948274678543	0.802948274678543	0.0	0.0
VUILD91LA_150_16_2	VUILD91LA	rgb_b_sd	0.1948655664398806	0.1948655664398806	0.0	0.0
VUILD91LA_150_16_2	VUILD91LA	hed_hematoxylin_mean	0.0103983776521964	0.01039837765219643	3.122502256758253e-17	3.0028744494567397e-15
VUILD91LA_150_16_2	VUILD91LA	hed_hematoxylin_sd	0.0167006265665187	0.016700626566518797	9.71445146547012e-17	5.816818564727137e-15
VUILD91LA_150_16_2	VUILD91LA	hed_eosin_mean	0.0091122055719615	0.009112205571961586	8.500145032286355e-17	9.3283069232344e-15
VUILD91LA_150_16_2	VUILD91LA	hed_eosin_sd	0.0118942471174165	0.01189424711741653	2.949029909160572e-17	2.4793750121790967e-15
VUILD91LA_150_16_2	VUILD91LA	hed_dab_mean	0.0189465350506545	0.018946535050654502	3.469446951953614e-18	1.8311775439033449e-16
VUILD91LA_150_16_2	VUILD91LA	hed_dab_sd	0.0212128257001795	0.02121282570017955	5.204170427930421e-17	2.4533131519043144e-15
VUILD91LA_150_16_2	VUILD91LA	brightness_mean	0.8698007885235831	0.8698007885235831	0.0	0.0
VUILD91LA_150_16_2	VUILD91LA	brightness_sd	0.1472712771408273	0.1472712771408273	0.0	0.0
VUILD91LA_150_16_2	VUILD91LA	saturation_mean	0.1633286313805031	0.16332863138050316	5.551115123125783e-17	3.3987397532239603e-16
VUILD91LA_150_16_2	VUILD91LA	saturation_sd	0.180513795987574	0.18051379598757408	8.326672684688674e-17	4.612762497810337e-16
VUILD91LA_150_16_2	VUILD91LA	rgb_r_hist_0	0.0	0.0	0.0	0.0
VUILD91LA_150_16_2	VUILD91LA	rgb_r_hist_1	0.0010330578512396	0.0010330578512396695	6.938893903907228e-17	6.716849298982648e-14
VUILD91LA_150_16_2	VUILD91LA	rgb_r_hist_2	0.0109762396694214	0.010976239669421487	8.673617379884035e-17	7.902175645861471e-15
VUILD91LA_150_16_2	VUILD91LA	rgb_r_hist_3	0.0271177685950413	0.027117768595041322	2.0816681711721685e-17	7.676399198836803e-16
VUILD91LA_150_16_2	VUILD91LA	rgb_r_hist_4	0.049715909090909	0.04971590909090909	9.020562075079397e-17	1.8144216288159735e-15
VUILD91LA_150_16_2	VUILD91LA	rgb_r_hist_5	0.1075671487603305	0.10756714876033058	8.326672684688674e-17	7.740906755129549e-16
VUILD91LA_150_16_2	VUILD91LA	rgb_r_hist_6	0.1506973140495867	0.15069731404958678	8.326672684688674e-17	5.525428729239857e-16
VUILD91LA_150_16_2	VUILD91LA	rgb_r_hist_7	0.6528925619834711	0.6528925619834711	0.0	0.0
VUILD91LA_150_16_2	VUILD91LA	rgb_g_hist_0	0.0	0.0	0.0	0.0
VUILD91LA_150_16_2	VUILD91LA	rgb_g_hist_1	0.0268595041322314	0.026859504132231406	6.938893903907228e-18	2.583403576531615e-16
VUILD91LA_150_16_2	VUILD91LA	rgb_g_hist_2	0.0836776859504132	0.08367768595041322	2.7755575615628914e-17	3.316962616781333e-16
VUILD91LA_150_16_2	VUILD91LA	rgb_g_hist_3	0.1194473140495867	0.11944731404958678	8.326672684688674e-17	6.971000353538285e-16
VUILD91LA_150_16_2	VUILD91LA	rgb_g_hist_4	0.0963326446280991	0.09633264462809918	8.326672684688674e-17	8.64366665820766e-16
VUILD91LA_150_16_2	VUILD91LA	rgb_g_hist_5	0.0681818181818181	0.06818181818181818	8.326672684688674e-17	1.2212453270876738e-15
VUILD91LA_150_16_2	VUILD91LA	rgb_g_hist_6	0.0473915289256198	0.04739152892561983	3.469446951953614e-17	7.320816674640003e-16
VUILD91LA_150_16_2	VUILD91LA	rgb_g_hist_7	0.5581095041322314	0.5581095041322314	0.0	0.0
VUILD91LA_150_16_2	VUILD91LA	rgb_b_hist_0	0.0	0.0	0.0	0.0
VUILD91LA_150_16_2	VUILD91LA	rgb_b_hist_1	0.0001291322314049	0.00012913223140495868	5.868244258577793e-17	4.5443683538447076e-13
VUILD91LA_150_16_2	VUILD91LA	rgb_b_hist_2	0.018595041322314	0.01859504132231405	4.85722573273506e-17	2.6121080607153057e-15
VUILD91LA_150_16_2	VUILD91LA	rgb_b_hist_3	0.0869059917355371	0.08690599173553719	8.326672684688674e-17	9.58124119914252e-16
VUILD91LA_150_16_2	VUILD91LA	rgb_b_hist_4	0.1377840909090909	0.1377840909090909	0.0	0.0
VUILD91LA_150_16_2	VUILD91LA	rgb_b_hist_5	0.1107954545454545	0.11079545454545454	4.163336342344337e-17	3.7576779295005313e-16
VUILD91LA_150_16_2	VUILD91LA	rgb_b_hist_6	0.0727014462809917	0.07270144628099173	2.7755575615628914e-17	3.81774738130427e-16
VUILD91LA_150_16_2	VUILD91LA	rgb_b_hist_7	0.5730888429752066	0.5730888429752066	0.0	0.0
VUILD91LA_150_13_9	VUILD91LA	rgb_r_mean	0.836850802491088	0.836850802491088	0.0	0.0
VUILD91LA_150_13_9	VUILD91LA	rgb_r_sd	0.1481319687909404	0.14813196879094045	5.551115123125783e-17	3.74741196544826e-16
VUILD91LA_150_13_9	VUILD91LA	rgb_g_mean	0.6970471853557744	0.6970471853557744	0.0	0.0
VUILD91LA_150_13_9	VUILD91LA	rgb_g_sd	0.2496867669388385	0.2496867669388385	0.0	0.0
VUILD91LA_150_13_9	VUILD91LA	rgb_b_mean	0.7620634937481878	0.7620634937481878	0.0	0.0
VUILD91LA_150_13_9	VUILD91LA	rgb_b_sd	0.1893010302082207	0.18930103020822073	2.7755575615628914e-17	1.4662136590117503e-16
VUILD91LA_150_13_9	VUILD91LA	hed_hematoxylin_mean	0.0118656421883806	0.0118656421883806	0.0	0.0
VUILD91LA_150_13_9	VUILD91LA	hed_hematoxylin_sd	0.0183356081228776	0.018335608122877635	3.469446951953614e-17	1.8921908281976946e-15
VUILD91LA_150_13_9	VUILD91LA	hed_eosin_mean	0.0117942503489985	0.011794250348998515	1.5612511283791264e-17	1.3237391798383344e-15
VUILD91LA_150_13_9	VUILD91LA	hed_eosin_sd	0.011678976580902	0.011678976580902065	6.418476861114186e-17	5.495752831296858e-15
VUILD91LA_150_13_9	VUILD91LA	hed_dab_mean	0.0226823708381496	0.022682370838149665	6.591949208711867e-17	2.906199380897535e-15
VUILD91LA_150_13_9	VUILD91LA	hed_dab_sd	0.0201495151216508	0.020149515121650842	4.163336342344337e-17	2.066221602459705e-15
VUILD91LA_150_13_9	VUILD91LA	brightness_mean	0.84406296392972	0.84406296392972	0.0	0.0
VUILD91LA_150_13_9	VUILD91LA	brightness_sd	0.1469643033091777	0.14696430330917776	5.551115123125783e-17	3.777186022817776e-16
VUILD91LA_150_13_9	VUILD91LA	saturation_mean	0.206377760824362	0.20637776082436207	8.326672684688674e-17	4.0346753697822593e-16
VUILD91LA_150_13_9	VUILD91LA	saturation_sd	0.176771694856731	0.176771694856731	0.0	0.0
VUILD91LA_150_13_9	VUILD91LA	rgb_r_hist_0	0.0	0.0	0.0	0.0
VUILD91LA_150_13_9	VUILD91LA	rgb_r_hist_1	0.0020661157024793	0.002066115702479339	3.903127820947816e-17	1.8891138653387786e-14
VUILD91LA_150_13_9	VUILD91LA	rgb_r_hist_2	0.0126549586776859	0.01265495867768595	5.0306980803327406e-17	3.9752781565405e-15
VUILD91LA_150_13_9	VUILD91LA	rgb_r_hist_3	0.0268595041322314	0.026859504132231406	6.938893903907228e-18	2.583403576531615e-16
VUILD91LA_150_13_9	VUILD91LA	rgb_r_hist_4	0.0524276859504132	0.05242768595041322	2.0816681711721685e-17	3.9705513097431725e-16
VUILD91LA_150_13_9	VUILD91LA	rgb_r_hist_5	0.1447572314049586	0.14475723140495866	5.551115123125783e-17	3.834775692550052e-16
VUILD91LA_150_13_9	VUILD91LA	rgb_r_hist_6	0.2305010330578512	0.23050103305785125	5.551115123125783e-17	2.408282101595858e-16
VUILD91LA_150_13_9	VUILD91LA	rgb_r_hist_7	0.5307334710743802	0.5307334710743802	0.0	0.0
VUILD91LA_150_13_9	VUILD91LA	rgb_g_hist_0	0.0006456611570247	0.0006456611570247934	9.345822726825048e-17	1.4474810239308728e-13
VUILD91LA_150_13_9	VUILD91LA	rgb_g_hist_1	0.0238894628099173	0.023889462809917356	5.551115123125783e-17	2.3236667845127655e-15
VUILD91LA_150_13_9	VUILD91LA	rgb_g_hist_2	0.0844524793388429	0.08445247933884298	8.326672684688674e-17	9.85959530125828e-16
VUILD91LA_150_13_9	VUILD91LA	rgb_g_hist_3	0.1809142561983471	0.1809142561983471	0.0	0.0
VUILD91LA_150_13_9	VUILD91LA	rgb_g_hist_4	0.1577995867768595	0.1577995867768595	0.0	0.0
VUILD91LA_150_13_9	VUILD91LA	rgb_g_hist_5	0.0819989669421487	0.08199896694214875	5.551115123125783e-17	6.769737876139543e-16
VUILD91LA_150_13_9	VUILD91LA	rgb_g_hist_6	0.0548811983471074	0.05488119834710744	4.163336342344337e-17	7.586088620026958e-16
VUILD91LA_150_13_9	VUILD91LA	rgb_g_hist_7	0.415418388429752	0.41541838842975204	5.551115123125783e-17	1.3362709205311182e-16
VUILD91LA_150_13_9	VUILD91LA	rgb_b_hist_0	0.0	0.0	0.0	0.0
VUILD91LA_150_13_9	VUILD91LA	rgb_b_hist_1	0.0002582644628099	0.00025826446280991736	1.734723475976807e-17	6.716849298982648e-14
VUILD91LA_150_13_9	VUILD91LA	rgb_b_hist_2	0.015625	0.015625	0.0	0.0
VUILD91LA_150_13_9	VUILD91LA	rgb_b_hist_3	0.0796745867768595	0.0796745867768595	0.0	0.0
VUILD91LA_150_13_9	VUILD91LA	rgb_b_hist_4	0.2020919421487603	0.20209194214876033	2.7755575615628914e-17	1.373413275191248e-16
VUILD91LA_150_13_9	VUILD91LA	rgb_b_hist_5	0.1762654958677686	0.1762654958677686	0.0	0.0
VUILD91LA_150_13_9	VUILD91LA	rgb_b_hist_6	0.0914256198347107	0.09142561983471074	4.163336342344337e-17	4.553796134903186e-16
VUILD91LA_150_13_9	VUILD91LA	rgb_b_hist_7	0.4346590909090909	0.4346590909090909	0.0	0.0
VUILD91MA_150_2_3	VUILD91MA	rgb_r_mean	0.8485380287132079	0.8485380287132079	0.0	0.0
VUILD91MA_150_2_3	VUILD91MA	rgb_r_sd	0.1365621516372041	0.13656215163720417	8.326672684688674e-17	6.097350242993836e-16
VUILD91MA_150_2_3	VUILD91MA	rgb_g_mean	0.7263176646362606	0.7263176646362606	0.0	0.0
VUILD91MA_150_2_3	VUILD91MA	rgb_g_sd	0.2305570442095772	0.23055704420957726	5.551115123125783e-17	2.4076970374758093e-16
VUILD91MA_150_2_3	VUILD91MA	rgb_b_mean	0.7836807349615939	0.7836807349615939	0.0	0.0
VUILD91MA_150_2_3	VUILD91MA	rgb_b_sd	0.1752801046474165	0.17528010464741658	8.326672684688674e-17	4.750495044168381e-16
VUILD91MA_150_2_3	VUILD91MA	hed_hematoxylin_mean	0.011133039415808	0.011133039415808	0.0	0.0
VUILD91MA_150_2_3	VUILD91MA	hed_hematoxylin_sd	0.016326298630312	0.016326298630312038	3.8163916471489756e-17	2.3375730982056914e-15
VUILD91MA_150_2_3	VUILD91MA	hed_eosin_mean	0.0097248257229474	0.009724825722947484	8.500145032286355e-17	8.740665667898603e-15
VUILD91MA_150_2_3	VUILD91MA	hed_eosin_sd	0.0110825476794548	0.011082547679454824	2.42861286636753e-17	2.19138499252277e-15
VUILD91MA_150_2_3	VUILD91MA	hed_dab_mean	0.020105222672704	0.020105222672704096	9.71445146547012e-17	4.831804961135305e-15
VUILD91MA_150_2_3	VUILD91MA	hed_dab_sd	0.0188578070934823	0.018857807093482302	3.469446951953614e-18	1.8397934260090806e-16
VUILD91MA_150_2_3	VUILD91MA	brightness_mean	0.8546634539018947	0.8546634539018947	0.0	0.0
VUILD91MA_150_2_3	VUILD91MA	brightness_sd	0.1346558502388417	0.13465585023884175	5.551115123125783e-17	4.1224463053626426e-16
VUILD91MA_150_2_3	VUILD91MA	saturation_mean	0.176882095047569	0.17688209504756908	8.326672684688674e-17	4.70747063599025e-16
VUILD91MA_150_2_3	VUILD91MA	saturation_sd	0.1662740426745246	0.1662740426745246	0.0	0.0
VUILD91MA_150_2_3	VUILD91MA	rgb_r_hist_0	0.0	0.0	0.0	0.0
VUILD91MA_150_2_3	VUILD91MA	rgb_r_hist_1	0.0014204545454545	0.0014204545454545455	4.5536491244391186e-17	3.2057689836052424e-14
VUILD91MA_150_2_3	VUILD91MA	rgb_r_hist_2	0.0076188016528925	0.007618801652892562	6.158268339717665e-17	8.082988139453217e-15
VUILD91MA_150_2_3	VUILD91MA	rgb_r_hist_3	0.0202737603305785	0.02027376033057851	1.0408340855860843e-17	5.133897553362192e-16
VUILD91MA_150_2_3	VUILD91MA	rgb_r_hist_4	0.0473915289256198	0.04739152892561983	3.469446951953614e-17	7.320816674640003e-16
VUILD91MA_150_2_3	VUILD91MA	rgb_r_hist_5	0.1237086776859504	0.12370867768595041	1.3877787807814457e-17	1.1218119914792815e-16
VUILD91MA_150_2_3	VUILD91MA	rgb_r_hist_6	0.2423811983471074	0.24238119834710745	5.551115123125783e-17	2.290241636307196e-16
VUILD91MA_150_2_3	VUILD91MA	rgb_r_hist_7	0.5572055785123967	0.5572055785123967	0.0	0.0
VUILD91MA_150_2_3	VUILD91MA	rgb_g_hist_0	0.0006456611570247	0.0006456611570247934	9.345822726825048e-17	1.4474810239308728e-13
VUILD91MA_150_2_3	VUILD91MA	rgb_g_hist_1	0.0162706611570247	0.016270661157024795	9.367506770274758e-17	5.75729939912763e-15
VUILD91MA_150_2_3	VUILD91MA	rgb_g_hist_2	0.0714101239669421	0.07141012396694214	4.163336342344337e-17	5.830176606711495e-16
VUILD91MA_150_2_3	VUILD91MA	rgb_g_hist_3	0.1324896694214876	0.1324896694214876	0.0	0.0
VUILD91MA_150_2_3	VUILD91MA	rgb_g_hist_4	0.1379132231404958	0.13791322314049587	5.551115123125783e-17	4.02507823159982e-16
VUILD91MA_150_2_3	VUILD91MA	rgb_g_hist_5	0.1051136363636363	0.10511363636363637	6.938893903907228e-17	6.6013260923658e-16
VUILD91MA_150_2_3	VUILD91MA	rgb_g_hist_6	0.1253873966942148	0.12538739669421486	5.551115123125783e-17	4.42717152559074e-16
VUILD91MA_150_2_3	VUILD91MA	rgb_g_hist_7	0.4107696280991735	0.41076962809917356	5.551115123125783e-17	1.3513937602479116e-16
VUILD91MA_150_2_3	VUILD91MA	rgb_b_hist_0	0.0	0.0	0.0	0.0
VUILD91MA_150_2_3	VUILD91MA	rgb_b_hist_1	0.0009039256198347	0.0009039256198347108	1.0733601507606494e-17	1.187443001070081e-14
VUILD91MA_150_2_3	VUILD91MA	rgb_b_hist_2	0.0120092975206611	0.012009297520661157	5.724587470723463e-17	4.766796276697066e-15
VUILD91MA_150_2_3	VUILD91MA	rgb_b_hist_3	0.0634039256198347	0.06340392561983471	1.3877787807814457e-17	2.1887899955950138e-16
VUILD91MA_150_2_3	VUILD91MA	rgb_b_hist_4	0.1490185950413223	0.1490185950413223	0.0	0.0
VUILD91MA_150_2_3	VUILD91MA	rgb_b_hist_5	0.1669679752066115	0.16696797520661158	8.326672684688674e-17	4.986987878594673e-16
VUILD91MA_150_2_3	VUILD91MA	rgb_b_hist_6	0.1638688016528925	0.16386880165289255	5.551115123125783e-17	3.3875362894788085e-16
VUILD91MA_150_2_3	VUILD91MA	rgb_b_hist_7	0.443827479338843	0.443827479338843	0.0	0.0
VUILD91MA_150_8_11	VUILD91MA	rgb_r_mean	0.8234623258779314	0.8234623258779314	0.0	0.0
VUILD91MA_150_8_11	VUILD91MA	rgb_r_sd	0.1321947379404544	0.13219473794045442	2.7755575615628914e-17	2.099597612435307e-16
VUILD91MA_150_8_11	VUILD91MA	rgb_g_mean	0.6419440748225194	0.6419440748225194	0.0	0.0
VUILD91MA_150_8_11	VUILD91MA	rgb_g_sd	0.1851058083892629	0.1851058083892629	0.0	0.0
VUILD91MA_150_8_11	VUILD91MA	rgb_b_mean	0.728674732537729	0.728674732537729	0.0	0.0
VUILD91MA_150_8_11	VUILD91MA	rgb_b_sd	0.1453445218939632	0.14534452189396327	5.551115123125783e-17	3.819280596743526e-16
VUILD91MA_150_8_11	VUILD91MA	hed_hematoxylin_mean	0.0121186101526339	0.01211861015263392	1.9081958235744878e-17	1.574599561782053e-15
VUILD91MA_150_8_11	VUILD91MA	hed_hematoxylin_sd	0.0180429514695243	0.01804295146952435	5.204170427930421e-17	2.8843232420818727e-15
VUILD91MA_150_8_11	VUILD91MA	hed_eosin_mean	0.0134532623466095	0.013453262346609542	4.163336342344337e-17	3.0946667321875157e-15
VUILD91MA_150_8_11	VUILD91MA	hed_eosin_sd	0.0092131465955681	0.00921314659556819	9.020562075079397e-17	9.790967701977797e-15
VUILD91MA_150_8_11	VUILD91MA	hed_dab_mean	0.0252360853938872	0.025236085393887237	3.8163916471489756e-17	1.5122756115230928e-15
VUILD91MA_150_8_11	VUILD91MA	hed_dab_sd	0.0155269237673306	0.015526923767330662	6.245004513516506e-17	4.0220488018729745e-15
VUILD91MA_150_8_11	VUILD91MA	brightness_mean	0.828310209865833	0.828310209865833	0.0	0.0
VUILD91MA_150_8_11	VUILD91MA	brightness_sd	0.126471876073186	0.12647187607318605	5.551115123125783e-17	4.389209123389216e-16
VUILD91MA_150_8_11	VUILD91MA	saturation_mean	0.2406358461492539	0.2406358461492539	0.0	0.0
VUILD91MA_150_8_11	VUILD91MA	saturation_sd	0.1300881329141022	0.1300881329141022	0.0	0.0
VUILD91MA_150_8_11	VUILD91MA	rgb_r_hist_0	0.0	0.0	0.0	0.0
VUILD91MA_150_8_11	VUILD91MA	rgb_r_hist_1	0.0010214504596527	0.0010214504596527069	6.938893903907228e-18	6.793177131925222e-15
VUILD91MA_150_8_11	VUILD91MA	rgb_r_hist_2	0.0113636363636363	0.011363636363636364	6.418476861114186e-17	5.6482596377805155e-15
VUILD91MA_150_8_11	VUILD91MA	rgb_r_hist_3	0.0251532175689479	0.025153217568947905	3.469446951953614e-18	1.3793253059746554e-16
VUILD91MA_150_8_11	VUILD91MA	rgb_r_hist_4	0.0370275791624106	0.037027579162410625	2.7755575615628914e-17	7.495919593848476e-16
VUILD91MA_150_8_11	VUILD91MA	rgb_r_hist_5	0.148237997957099	0.14823799795709908	8.326672684688674e-17	5.617097370067333e-16
VUILD91MA_150_8_11	VUILD91MA	rgb_r_hist_6	0.3755107252298263	0.37551072522982637	5.551115123125783e-17	1.4782840409493756e-16
VUILD91MA_150_8_11	VUILD91MA	rgb_r_hist_7	0.4016853932584269	0.40168539325842695	5.551115123125783e-17	1.3819559327501951e-16
VUILD91MA_150_8_11	VUILD91MA	rgb_g_hist_0	0.0002553626149131	0.0002553626149131767	7.670730370334944e-17	3.003858013024066e-13
VUILD91MA_150_8_11	VUILD91MA	rgb_g_hist_1	0.0159601634320735	0.015960163432073543	4.163336342344337e-17	2.6085800186592748e-15
VUILD91MA_150_8_11	VUILD91MA	rgb_g_hist_2	0.0538815117466802	0.05388151174668029	9.020562075079397e-17	1.6741479187682927e-15
VUILD91MA_150_8_11	VUILD91MA	rgb_g_hist_3	0.1594739530132788	0.15947395301327885	5.551115123125783e-17	3.480891404669427e-16
VUILD91MA_150_8_11	VUILD91MA	rgb_g_hist_4	0.2562563840653728	0.2562563840653728	0.0	0.0
VUILD91MA_150_8_11	VUILD91MA	rgb_g_hist_5	0.2286772216547497	0.22867722165474974	2.7755575615628914e-17	1.2137446578537448e-16
VUILD91MA_150_8_11	VUILD91MA	rgb_g_hist_6	0.1539836567926455	0.15398365679264556	5.551115123125783e-17	3.605002789744705e-16
VUILD91MA_150_8_11	VUILD91MA	rgb_g_hist_7	0.131511746680286	0.131511746680286	0.0	0.0
VUILD91MA_150_8_11	VUILD91MA	rgb_b_hist_0	0.0001276813074565	0.00012768130745658836	8.836247705756861e-17	6.920549203153563e-13
VUILD91MA_150_8_11	VUILD91MA	rgb_b_hist_1	0.0010214504596527	0.0010214504596527069	6.938893903907228e-18	6.793177131925222e-15
VUILD91MA_150_8_11	VUILD91MA	rgb_b_hist_2	0.0048518896833503	0.004851889683350358	5.811323644522304e-17	1.1977443890499796e-14
VUILD91MA_150_8_11	VUILD91MA	rgb_b_hist_3	0.0515832482124616	0.05158324821246169	9.020562075079397e-17	1.748738667624306e-15
VUILD91MA_150_8_11	VUILD91MA	rgb_b_hist_4	0.1943309499489274	0.19433094994892747	5.551115123125783e-17	2.8565265206518493e-16
VUILD91MA_150_8_11	VUILD91MA	rgb_b_hist_5	0.3120531154239019	0.31205311542390196	5.551115123125783e-17	1.7789007219444e-16
VUILD91MA_150_8_11	VUILD91MA	rgb_b_hist_6	0.2448927477017364	0.24489274770173647	5.551115123125783e-17	2.2667535789531355e-16
VUILD91MA_150_8_11	VUILD91MA	rgb_b_hist_7	0.1911389172625127	0.19113891726251278	8.326672684688674e-17	4.356346056545205e-16
VUILD91MA_150_10_1	VUILD91MA	rgb_r_mean	0.8053288663090938	0.8053288663090938	0.0	0.0
VUILD91MA_150_10_1	VUILD91MA	rgb_r_sd	0.1595666196613296	0.1595666196613296	0.0	0.0
VUILD91MA_150_10_1	VUILD91MA	rgb_g_mean	0.6427311342246138	0.6427311342246138	0.0	0.0
VUILD91MA_150_10_1	VUILD91MA	rgb_g_sd	0.2140749209688442	0.2140749209688442	0.0	0.0
VUILD91MA_150_10_1	VUILD91MA	rgb_b_mean	0.7340752242791104	0.7340752242791104	0.0	0.0
VUILD91MA_150_10_1	VUILD91MA	rgb_b_sd	0.1582592906838067	0.1582592906838067	0.0	0.0
VUILD91MA_150_10_1	VUILD91MA	hed_hematoxylin_mean	0.0163521218766776	0.01635212187667762	2.0816681711721685e-17	1.2730263306936158e-15
VUILD91MA_150_10_1	VUILD91MA	hed_hematoxylin_sd	0.0238099034653895	0.023809903465389522	2.0816681711721685e-17	8.742866909133497e-16
VUILD91MA_150_10_1	VUILD91MA	hed_eosin_mean	0.0128279358672289	0.012827935867228992	9.194034422677078e-17	7.167197059477644e-15
VUILD91MA_150_10_1	VUILD91MA	hed_eosin_sd	0.0094121666296859	0.00941216662968593	2.949029909160572e-17	3.1332104765967004e-15
VUILD91MA_150_10_1	VUILD91MA	hed_dab_mean	0.0233901408216205	0.023390140821620588	8.673617379884035e-17	3.708236494184183e-15
VUILD91MA_150_10_1	VUILD91MA	hed_dab_sd	0.0153174789424751	0.015317478942475192	9.194034422677078e-17	6.002315692553153e-15
VUILD91MA_150_10_1	VUILD91MA	brightness_mean	0.8154265004063933	0.8154265004063933	0.0	0.0
VUILD91MA_150_10_1	VUILD91MA	brightness_sd	0.1482086942469957	0.1482086942469957	0.0	0.0
VUILD91MA_150_10_1	VUILD91MA	saturation_mean	0.2361827840665855	0.23618278406658555	5.551115123125783e-17	2.350347060673479e-16
VUILD91MA_150_10_1	VUILD91MA	saturation_sd	0.1423249025579397	0.14232490255793973	2.7755575615628914e-17	1.9501559542139696e-16
VUILD91MA_150_10_1	VUILD91MA	rgb_r_hist_0	0.0	0.0	0.0	0.0
VUILD91MA_150_10_1	VUILD91MA	rgb_r_hist_1	0.002840909090909	0.002840909090909091	9.107298248878237e-17	3.2057689836052424e-14
VUILD91MA_150_10_1	VUILD91MA	rgb_r_hist_2	0.0238894628099173	0.023889462809917356	5.551115123125783e-17	2.3236667845127655e-15
VUILD91MA_150_10_1	VUILD91MA	rgb_r_hist_3	0.040418388429752	0.04041838842975207	6.938893903907228e-17	1.7167665939890628e-15
VUILD91MA_150_10_1	VUILD91MA	rgb_r_hist_4	0.0625	0.0625	0.0	0.0
VUILD91MA_150_10_1	VUILD91MA	rgb_r_hist_5	0.1434659090909091	0.1434659090909091	0.0	0.0
VUILD91MA_150_10_1	VUILD91MA	rgb_r_hist_6	0.3170196280991735	0.31701962809917356	5.551115123125783e-17	1.7510319964760108e-16
VUILD91MA_150_10_1	VUILD91MA	rgb_r_hist_7	0.4098657024793388	0.40986570247933884	5.551115123125783e-17	1.3543741497632661e-16
VUILD91MA_150_10_1	VUILD91MA	rgb_g_hist_0	0.0003873966942148	0.00038739669421487604	7.605678239985814e-17	1.9632790763487234e-13
VUILD91MA_150_10_1	VUILD91MA	rgb_g_hist_1	0.0320247933884297	0.03202479338842975	4.85722573273506e-17	1.5167079062217889e-15
VUILD91MA_150_10_1	VUILD91MA	rgb_g_hist_2	0.0792871900826446	0.07928719008264463	2.7755575615628914e-17	3.500638071130788e-16
VUILD91MA_150_10_1	VUILD91MA	rgb_g_hist_3	0.1553460743801653	0.1553460743801653	0.0	0.0
VUILD91MA_150_10_1	VUILD91MA	rgb_g_hist_4	0.2285640495867768	0.22856404958677687	5.551115123125783e-17	2.4286912719483655e-16
VUILD91MA_150_10_1	VUILD91MA	rgb_g_hist_5	0.1885330578512396	0.18853305785123967	5.551115123125783e-17	2.9443722954442515e-16
VUILD91MA_150_10_1	VUILD91MA	rgb_g_hist_6	0.1184142561983471	0.11841425619834711	1.3877787807814457e-17	1.1719693433338623e-16
VUILD91MA_150_10_1	VUILD91MA	rgb_g_hist_7	0.1974431818181818	0.19744318181818182	2.7755575615628914e-17	1.4057500167915653e-16
VUILD91MA_150_10_1	VUILD91MA	rgb_b_hist_0	0.0	0.0	0.0	0.0
VUILD91MA_150_10_1	VUILD91MA	rgb_b_hist_1	0.0003873966942148	0.00038739669421487604	7.605678239985814e-17	1.9632790763487234e-13
VUILD91MA_150_10_1	VUILD91MA	rgb_b_hist_2	0.0085227272727272	0.008522727272727272	7.28583859910259e-17	8.54871728961378e-15
VUILD91MA_150_10_1	VUILD91MA	rgb_b_hist_3	0.0658574380165289	0.06585743801652892	2.7755575615628914e-17	4.2144936777927534e-16
VUILD91MA_150_10_1	VUILD91MA	rgb_b_hist_4	0.1886621900826446	0.18866219008264462	2.7755575615628914e-17	1.4711784912212892e-16
VUILD91MA_150_10_1	VUILD91MA	rgb_b_hist_5	0.2844783057851239	0.28447830578512395	5.551115123125783e-17	1.95133161659038e-16
VUILD91MA_150_10_1	VUILD91MA	rgb_b_hist_6	0.2119059917355372	0.2119059917355372	0.0	0.0
VUILD91MA_150_10_1	VUILD91MA	rgb_b_hist_7	0.2401859504132231	0.24018595041322313	2.7755575615628914e-17	1.1555869761689803e-16
VUILD91MA_150_2_5	VUILD91MA	rgb_r_mean	0.8245138646842343	0.8245138646842343	0.0	0.0
VUILD91MA_150_2_5	VUILD91MA	rgb_r_sd	0.1330631576239099	0.13306315762390997	5.551115123125783e-17	4.171789714186304e-16
VUILD91MA_150_2_5	VUILD91MA	rgb_g_mean	0.6348393824469099	0.6348393824469099	0.0	0.0
VUILD91MA_150_2_5	VUILD91MA	rgb_g_sd	0.2084370681942676	0.2084370681942676	0.0	0.0
VUILD91MA_150_2_5	VUILD91MA	rgb_b_mean	0.7221823997087469	0.7221823997087469	0.0	0.0
VUILD91MA_150_2_5	VUILD91MA	rgb_b_sd	0.1583163276284092	0.1583163276284092	0.0	0.0
VUILD91MA_150_2_5	VUILD91MA	hed_hematoxylin_mean	0.0112489346873947	0.011248934687394789	8.847089727481716e-17	7.864824513023054e-15
VUILD91MA_150_2_5	VUILD91MA	hed_hematoxylin_sd	0.016562815666327	0.01656281566632708	7.979727989493313e-17	4.8178571507720655e-15
VUILD91MA_150_2_5	VUILD91MA	hed_eosin_mean	0.0150752346859894	0.015075234685989425	2.42861286636753e-17	1.6109950637283482e-15
VUILD91MA_150_2_5	VUILD91MA	hed_eosin_sd	0.010554996702218	0.010554996702218085	8.500145032286355e-17	8.053195346333132e-15
VUILD91MA_150_2_5	VUILD91MA	hed_dab_mean	0.0265497064688277	0.026549706468827726	2.42861286636753e-17	9.147418896020528e-16
VUILD91MA_150_2_5	VUILD91MA	hed_dab_sd	0.0171503362066098	0.017150336206609877	7.632783294297951e-17	4.4505152565791974e-15
VUILD91MA_150_2_5	VUILD91MA	brightness_mean	0.8285053166068228	0.8285053166068228	0.0	0.0
VUILD91MA_150_2_5	VUILD91MA	brightness_sd	0.1297340903675604	0.12973409036756048	8.326672684688674e-17	6.4182611224988655e-16
VUILD91MA_150_2_5	VUILD91MA	saturation_mean	0.2536541649425082	0.2536541649425082	0.0	0.0
VUILD91MA_150_2_5	VUILD91MA	saturation_sd	0.1512188466136419	0.15121884661364193	2.7755575615628914e-17	1.8354574338569913e-16
VUILD91MA_150_2_5	VUILD91MA	rgb_r_hist_0	0.0	0.0	0.0	0.0
VUILD91MA_150_2_5	VUILD91MA	rgb_r_hist_1	0.0005165289256198	0.0005165289256198347	3.469446951953614e-17	6.716849298982648e-14
VUILD91MA_150_2_5	VUILD91MA	rgb_r_hist_2	0.0064566115702479	0.006456611570247934	3.382710778154774e-17	5.239142453206141e-15
VUILD91MA_150_2_5	VUILD91MA	rgb_r_hist_3	0.0231146694214876	0.023114669421487603	3.469446951953614e-18	1.5009719103870834e-16
VUILD91MA_150_2_5	VUILD91MA	rgb_r_hist_4	0.0577221074380165	0.05772210743801653	2.7755575615628914e-17	4.808482719629316e-16
VUILD91MA_150_2_5	VUILD91MA	rgb_r_hist_5	0.1512138429752066	0.15121384297520662	2.7755575615628914e-17	1.8355181688081155e-16
VUILD91MA_150_2_5	VUILD91MA	rgb_r_hist_6	0.3353564049586777	0.3353564049586777	0.0	0.0
VUILD91MA_150_2_5	VUILD91MA	rgb_r_hist_7	0.4256198347107438	0.4256198347107438	0.0	0.0
VUILD91MA_150_2_5	VUILD91MA	rgb_g_hist_0	0.0001291322314049	0.00012913223140495868	5.868244258577793e-17	4.5443683538447076e-13
VUILD91MA_150_2_5	VUILD91MA	rgb_g_hist_1	0.0160123966942148	0.016012396694214875	7.632783294297951e-17	4.766796276697066e-15
VUILD91MA_150_2_5	VUILD91MA	rgb_g_hist_2	0.0803202479338843	0.0803202479338843	0.0	0.0
VUILD91MA_150_2_5	VUILD91MA	rgb_g_hist_3	0.1957644628099173	0.19576446280991736	5.551115123125783e-17	2.8356092027365486e-16
VUILD91MA_150_2_5	VUILD91MA	rgb_g_hist_4	0.2427685950413223	0.2427685950413223	0.0	0.0
VUILD91MA_150_2_5	VUILD91MA	rgb_g_hist_5	0.178073347107438	0.17807334710743802	2.7755575615628914e-17	1.558659735804426e-16
VUILD91MA_150_2_5	VUILD91MA	rgb_g_hist_6	0.084194214876033	0.08419421487603305	5.551115123125783e-17	6.5932263057494e-16
VUILD91MA_150_2_5	VUILD91MA	rgb_g_hist_7	0.2027376033057851	0.20273760330578514	2.7755575615628914e-17	1.3690393475632505e-16
VUILD91MA_150_2_5	VUILD91MA	rgb_b_hist_0	0.0	0.0	0.0	0.0
VUILD91MA_150_2_5	VUILD91MA	rgb_b_hist_1	0.0	0.0	0.0	0.0
VUILD91MA_150_2_5	VUILD91MA	rgb_b_hist_2	0.0094266528925619	0.009426652892561983	8.326672684688674e-17	8.833116886332831e-15
VUILD91MA_150_2_5	VUILD91MA	rgb_b_hist_3	0.0644369834710743	0.06443698347107438	8.326672684688674e-17	1.2922195044134103e-15
VUILD91MA_150_2_5	VUILD91MA	rgb_b_hist_4	0.2243026859504132	0.22430268595041322	2.7755575615628914e-17	1.2374161057422588e-16
VUILD91MA_150_2_5	VUILD91MA	rgb_b_hist_5	0.2932592975206611	0.29325929752066116	5.551115123125783e-17	1.8929033691539442e-16
VUILD91MA_150_2_5	VUILD91MA	rgb_b_hist_6	0.1814307851239669	0.18143078512396693	2.7755575615628914e-17	1.529816210444344e-16
VUILD91MA_150_2_5	VUILD91MA	rgb_b_hist_7	0.2271435950413223	0.2271435950413223	0.0	0.0
VUILD96LA_150_15_22	VUILD96LA	rgb_r_mean	0.8224720571013091	0.8224720571013091	0.0	0.0
VUILD96LA_150_15_22	VUILD96LA	rgb_r_sd	0.1101949295837872	0.1101949295837872	0.0	0.0
VUILD96LA_150_15_22	VUILD96LA	rgb_g_mean	0.6009606598676298	0.6009606598676298	0.0	0.0
VUILD96LA_150_15_22	VUILD96LA	rgb_g_sd	0.1281418983598148	0.12814189835981482	2.7755575615628914e-17	2.1660031551657612e-16
VUILD96LA_150_15_22	VUILD96LA	rgb_b_mean	0.7076902214460814	0.7076902214460814	0.0	0.0
VUILD96LA_150_15_22	VUILD96LA	rgb_b_sd	0.0904216486242093	0.09042164862420932	1.3877787807814457e-17	1.5347859742626775e-16
VUILD96LA_150_15_22	VUILD96LA	hed_hematoxylin_mean	0.0109127325846754	0.010912732584675431	3.122502256758253e-17	2.8613385625733557e-15
VUILD96LA_150_15_22	VUILD96LA	hed_hematoxylin_sd	0.0144646263194561	0.014464626319456194	9.367506770274758e-17	6.476148476559466e-15
VUILD96LA_150_15_22	VUILD96LA	hed_eosin_mean	0.016471200019691	0.016471200019691008	6.938893903907228e-18	4.212743391866965e-16
VUILD96LA_150_15_22	VUILD96LA	hed_eosin_sd	0.0065661051437033	0.00656610514370338	7.979727989493313e-17	1.2152909243534784e-14
VUILD96LA_150_15_22	VUILD96LA	hed_dab_mean	0.0268087696423591	0.02680876964235918	7.979727989493313e-17	2.9765364453298045e-15
VUILD96LA_150_15_22	VUILD96LA	hed_dab_sd	0.0090141176759945	0.009014117675994552	5.204170427930421e-17	5.773355324381497e-15
VUILD96LA_150_15_22	VUILD96LA	brightness_mean	0.8246835098478728	0.8246835098478728	0.0	0.0
VUILD96LA_150_15_22	VUILD96LA	brightness_sd	0.106209971765948	0.10620997176594807	6.938893903907228e-17	6.533184962329412e-16
VUILD96LA_150_15_22	VUILD96LA	saturation_mean	0.2768839513080234	0.2768839513080234	0.0	0.0
VUILD96LA_150_15_22	VUILD96LA	saturation_sd	0.0849122886303926	0.08491228863039262	1.3877787807814457e-17	1.6343674197997283e-16
VUILD96LA_150_15_22	VUILD96LA	rgb_r_hist_0	0.0	0.0	0.0	0.0
VUILD96LA_150_15_22	VUILD96LA	rgb_r_hist_1	0.0	0.0	0.0	0.0
VUILD96LA_150_15_22	VUILD96LA	rgb_r_hist_2	0.0001291322314049	0.00012913223140495868	5.868244258577793e-17	4.5443683538447076e-13
VUILD96LA_150_15_22	VUILD96LA	rgb_r_hist_3	0.0049070247933884	0.00490702479338843	2.949029909160572e-17	6.0098125306683175e-15
VUILD96LA_150_15_22	VUILD96LA	rgb_r_hist_4	0.0711518595041322	0.07115185950413223	2.7755575615628914e-17	3.9008925148353974e-16
VUILD96LA_150_15_22	VUILD96LA	rgb_r_hist_5	0.1456611570247933	0.14566115702479338	8.326672684688674e-17	5.71646748849549e-16
VUILD96LA_150_15_22	VUILD96LA	rgb_r_hist_6	0.4159349173553719	0.4159349173553719	0.0	0.0
VUILD96LA_150_15_22	VUILD96LA	rgb_r_hist_7	0.3622159090909091	0.3622159090909091	0.0	0.0
VUILD96LA_150_15_22	VUILD96LA	rgb_g_hist_0	0.0	0.0	0.0	0.0
VUILD96LA_150_15_22	VUILD96LA	rgb_g_hist_1	0.0002582644628099	0.00025826446280991736	1.734723475976807e-17	6.716849298982648e-14
VUILD96LA_150_15_22	VUILD96LA	rgb_g_hist_2	0.0277634297520661	0.027763429752066117	1.734723475976807e-17	6.248231906029954e-16
VUILD96LA_150_15_22	VUILD96LA	rgb_g_hist_3	0.1878873966942148	0.18788739669421486	5.551115123125783e-17	2.954490413298012e-16
VUILD96LA_150_15_22	VUILD96LA	rgb_g_hist_4	0.3879132231404958	0.38791322314049587	5.551115123125783e-17	1.4310198240175123e-16
VUILD96LA_150_15_22	VUILD96LA	rgb_g_hist_5	0.2818956611570248	0.2818956611570248	0.0	0.0
VUILD96LA_150_15_22	VUILD96LA	rgb_g_hist_6	0.0825154958677686	0.0825154958677686	0.0	0.0
VUILD96LA_150_15_22	VUILD96LA	rgb_g_hist_7	0.0317665289256198	0.03176652892561983	3.469446951953614e-17	1.0921706177206837e-15
VUILD96LA_150_15_22	VUILD96LA	rgb_b_hist_0	0.0	0.0	0.0	0.0
VUILD96LA_150_15_22	VUILD96LA	rgb_b_hist_1	0.0	0.0	0.0	0.0
VUILD96LA_150_15_22	VUILD96LA	rgb_b_hist_2	0.0	0.0	0.0	0.0
VUILD96LA_150_15_22	VUILD96LA	rgb_b_hist_3	0.0052944214876033	0.0052944214876033055	5.204170427930421e-18	9.829535559486152e-16
VUILD96LA_150_15_22	VUILD96LA	rgb_b_hist_4	0.1691632231404958	0.16916322314049587	5.551115123125783e-17	3.281514161334815e-16
VUILD96LA_150_15_22	VUILD96LA	rgb_b_hist_5	0.5298295454545454	0.5298295454545454	0.0	0.0
VUILD96LA_150_15_22	VUILD96LA	rgb_b_hist_6	0.2496126033057851	0.24961260330578514	2.7755575615628914e-17	1.1119460815697379e-16
VUILD96LA_150_15_22	VUILD96LA	rgb_b_hist_7	0.0461002066115702	0.04610020661157025	4.85722573273506e-17	1.0536234194481888e-15
VUILD96LA_150_9_27	VUILD96LA	rgb_r_mean	0.834527435071751	0.834527435071751	0.0	0.0
VUILD96LA_150_9_27	VUILD96LA	rgb_r_sd	0.1458422188525824	0.14584221885258247	8.326672684688674e-17	5.709370544550815e-16
VUILD96LA_150_9_27	VUILD96LA	rgb_g_mean	0.6769010415454665	0.6769010415454665	0.0	0.0
VUILD96LA_150_9_27	VUILD96LA	rgb_g_sd	0.2105951507820193	0.21059515078201937	8.326672684688674e-17	3.9538767411161155e-16
VUILD96LA_150_9_27	VUILD96LA	rgb_b_mean	0.7558251427648174	0.7558251427648174	0.0	0.0
VUILD96LA_150_9_27	VUILD96LA	rgb_b_sd	0.1484260429206169	0.1484260429206169	0.0	0.0
VUILD96LA_150_9_27	VUILD96LA	hed_hematoxylin_mean	0.0126667966699758	0.012666796669975833	3.2959746043559335e-17	2.6020585079481114e-15
VUILD96LA_150_9_27	VUILD96LA	hed_hematoxylin_sd	0.0192982208470058	0.019298220847005877	7.632783294297951e-17	3.955174601228698e-15
VUILD96LA_150_9_27	VUILD96LA	hed_eosin_mean	0.0120999739676104	0.012099973967610488	8.847089727481716e-17	7.311660133454742e-15
VUILD96LA_150_9_27	VUILD96LA	hed_eosin_sd	0.0096441200212666	0.009644120021266652	5.204170427930421e-17	5.396210765165215e-15
VUILD96LA_150_9_27	VUILD96LA	hed_dab_mean	0.021811737036917	0.021811737036917047	4.85722573273506e-17	2.226886251431541e-15
VUILD96LA_150_9_27	VUILD96LA	hed_dab_sd	0.0140149075867719	0.014014907586771985	8.500145032286355e-17	6.065073907664789e-15
VUILD96LA_150_9_27	VUILD96LA	brightness_mean	0.8397337430164464	0.8397337430164464	0.0	0.0
VUILD96LA_150_9_27	VUILD96LA	brightness_sd	0.1391084381198376	0.13910843811983764	2.7755575615628914e-17	1.9952474480173765e-16
VUILD96LA_150_9_27	VUILD96LA	saturation_mean	0.2142476720800613	0.21424767208006137	8.326672684688674e-17	3.886470552444143e-16
VUILD96LA_150_9_27	VUILD96LA	saturation_sd	0.1456032069151491	0.14560320691514914	2.7755575615628914e-17	1.9062475479543245e-16
VUILD96LA_150_9_27	VUILD96LA	rgb_r_hist_0	0.0	0.0	0.0	0.0
VUILD96LA_150_9_27	VUILD96LA	rgb_r_hist_1	0.0001291322314049	0.00012913223140495868	5.868244258577793e-17	4.5443683538447076e-13
VUILD96LA_150_9_27	VUILD96LA	rgb_r_hist_2	0.0036157024793388	0.003615702479338843	4.2934406030425976e-17	1.187443001070081e-14
VUILD96LA_150_9_27	VUILD96LA	rgb_r_hist_3	0.0453254132231404	0.045325413223140494	9.71445146547012e-17	2.143268152381788e-15
VUILD96LA_150_9_27	VUILD96LA	rgb_r_hist_4	0.0755423553719008	0.07554235537190082	2.7755575615628914e-17	3.674173975511631e-16
VUILD96LA_150_9_27	VUILD96LA	rgb_r_hist_5	0.0857438016528925	0.08574380165289257	6.938893903907228e-17	8.092589516846027e-16
VUILD96LA_150_9_27	VUILD96LA	rgb_r_hist_6	0.2581353305785124	0.2581353305785124	0.0	0.0
VUILD96LA_150_9_27	VUILD96LA	rgb_r_hist_7	0.53150826446281	0.53150826446281	0.0	0.0
VUILD96LA_150_9_27	VUILD96LA	rgb_g_hist_0	0.0	0.0	0.0	0.0
VUILD96LA_150_9_27	VUILD96LA	rgb_g_hist_1	0.0085227272727272	0.008522727272727272	7.28583859910259e-17	8.54871728961378e-15
VUILD96LA_150_9_27	VUILD96LA	rgb_g_hist_2	0.09375	0.09375	0.0	0.0
VUILD96LA_150_9_27	VUILD96LA	rgb_g_hist_3	0.1189307851239669	0.11893078512396695	4.163336342344337e-17	3.500638071130788e-16
VUILD96LA_150_9_27	VUILD96LA	rgb_g_hist_4	0.2017045454545454	0.20170454545454544	5.551115123125783e-17	2.7521021455496846e-16
VUILD96LA_150_9_27	VUILD96LA	rgb_g_hist_5	0.1915030991735537	0.1915030991735537	0.0	0.0
VUILD96LA_150_9_27	VUILD96LA	rgb_g_hist_6	0.1269369834710743	0.12693698347107438	8.326672684688674e-17	6.559690058009068e-16
VUILD96LA_150_9_27	VUILD96LA	rgb_g_hist_7	0.2586518595041322	0.2586518595041322	0.0	0.0
VUILD96LA_150_9_27	VUILD96LA	rgb_b_hist_0	0.0	0.0	0.0	0.0
VUILD96LA_150_9_27	VUILD96LA	rgb_b_hist_1	0.0	0.0	0.0	0.0
VUILD96LA_150_9_27	VUILD96LA	rgb_b_hist_2	0.0001291322314049	0.00012913223140495868	5.868244258577793e-17	4.5443683538447076e-13
VUILD96LA_150_9_27	VUILD96LA	rgb_b_hist_3	0.0477789256198347	0.04777892561983471	1.3877787807814457e-17	2.904583480640951e-16
VUILD96LA_150_9_27	VUILD96LA	rgb_b_hist_4	0.1656766528925619	0.16567665289256198	8.326672684688674e-17	5.025857620438747e-16
VUILD96LA_150_9_27	VUILD96LA	rgb_b_hist_5	0.2806043388429752	0.2806043388429752	0.0	0.0
VUILD96LA_150_9_27	VUILD96LA	rgb_b_hist_6	0.2184917355371901	0.2184917355371901	0.0	0.0
VUILD96LA_150_9_27	VUILD96LA	rgb_b_hist_7	0.287319214876033	0.28731921487603307	5.551115123125783e-17	1.9320375511679133e-16
VUILD96LA_150_2_12	VUILD96LA	rgb_r_mean	0.8720988876055983	0.8720988876055983	0.0	0.0
VUILD96LA_150_2_12	VUILD96LA	rgb_r_sd	0.0950313536557592	0.09503135365575925	5.551115123125783e-17	5.841351206291449e-16
VUILD96LA_150_2_12	VUILD96LA	rgb_g_mean	0.618258444006356	0.618258444006356	0.0	0.0
VUILD96LA_150_2_12	VUILD96LA	rgb_g_sd	0.1431095241375437	0.14310952413754374	5.551115123125783e-17	3.8789278048262966e-16
VUILD96LA_150_2_12	VUILD96LA	rgb_b_mean	0.7124081363823489	0.7124081363823489	0.0	0.0
VUILD96LA_150_2_12	VUILD96LA	rgb_b_sd	0.1079125456418051	0.10791254564180514	4.163336342344337e-17	3.858065174519865e-16
VUILD96LA_150_2_12	VUILD96LA	hed_hematoxylin_mean	0.0049590392457041	0.004959039245704172	7.19910242530375e-17	1.4517131380922554e-14
VUILD96LA_150_2_12	VUILD96LA	hed_hematoxylin_sd	0.0125743377671275	0.01257433776712752	1.9081958235744878e-17	1.5175318644318546e-15
VUILD96LA_150_2_12	VUILD96LA	hed_eosin_mean	0.0191163018842465	0.01911630188424657	6.938893903907228e-17	3.629830678508735e-15
VUILD96LA_150_2_12	VUILD96LA	hed_eosin_sd	0.009288156862954	0.009288156862954033	3.2959746043559335e-17	3.548577670454721e-15
VUILD96LA_150_2_12	VUILD96LA	hed_dab_mean	0.0291327235630214	0.029132723563021448	4.85722573273506e-17	1.6672748506426665e-15
VUILD96LA_150_2_12	VUILD96LA	hed_dab_sd	0.0125376335662497	0.012537633566249717	1.734723475976807e-17	1.383613156988846e-15
VUILD96LA_150_2_12	VUILD96LA	brightness_mean	0.8749354155591487	0.8749354155591487	0.0	0.0
VUILD96LA_150_2_12	VUILD96LA	brightness_sd	0.0892824356858251	0.08928243568582514	4.163336342344337e-17	4.66310793423541e-16
VUILD96LA_150_2_12	VUILD96LA	saturation_mean	0.299454959434235	0.299454959434235	0.0	0.0
VUILD96LA_150_2_12	VUILD96LA	saturation_sd	0.1168226217425429	0.11682262174254293	2.7755575615628914e-17	2.375873371237761e-16
VUILD96LA_150_2_12	VUILD96LA	rgb_r_hist_0	0.0	0.0	0.0	0.0
VUILD96LA_150_2_12	VUILD96LA	rgb_r_hist_1	0.0001276813074565	0.00012768130745658836	8.836247705756861e-17	6.920549203153563e-13
VUILD96LA_150_2_12	VUILD96LA	rgb_r_hist_2	0.0016598569969356	0.0016598569969356485	4.85722573273506e-17	2.9262916875986236e-14
VUILD96LA_150_2_12	VUILD96LA	rgb_r_hist_3	0.0125127681307456	0.01251276813074566	5.898059818321144e-17	4.713633111948103e-15
VUILD96LA_150_2_12	VUILD96LA	rgb_r_hist_4	0.0208120531154239	0.020812053115423904	3.469446951953614e-18	1.6670373329877735e-16
VUILD96LA_150_2_12	VUILD96LA	rgb_r_hist_5	0.0365168539325842	0.03651685393258427	6.938893903907228e-17	1.9001894075315216e-15
VUILD96LA_150_2_12	VUILD96LA	rgb_r_hist_6	0.3518896833503575	0.35188968335035753	5.551115123125783e-17	1.577515734554468e-16
VUILD96LA_150_2_12	VUILD96LA	rgb_r_hist_7	0.5764811031664965	0.5764811031664965	0.0	0.0
VUILD96LA_150_2_12	VUILD96LA	rgb_g_hist_0	0.0	0.0	0.0	0.0
VUILD96LA_150_2_12	VUILD96LA	rgb_g_hist_1	0.0019152196118488	0.0019152196118488254	2.5370330836160804e-17	1.3246695407254269e-14
VUILD96LA_150_2_12	VUILD96LA	rgb_g_hist_2	0.0227272727272727	0.022727272727272728	2.7755575615628914e-17	1.2212453270876736e-15
VUILD96LA_150_2_12	VUILD96LA	rgb_g_hist_3	0.1661133810010214	0.16611338100102144	2.7755575615628914e-17	1.6708813852544636e-16
VUILD96LA_150_2_12	VUILD96LA	rgb_g_hist_4	0.3977272727272727	0.3977272727272727	0.0	0.0
VUILD96LA_150_2_12	VUILD96LA	rgb_g_hist_5	0.236976506639428	0.236976506639428	0.0	0.0
VUILD96LA_150_2_12	VUILD96LA	rgb_g_hist_6	0.1073799795709908	0.10737997957099081	1.3877787807814457e-17	1.2923999299738743e-16
VUILD96LA_150_2_12	VUILD96LA	rgb_g_hist_7	0.0671603677221654	0.06716036772216548	8.326672684688674e-17	1.2398194005034558e-15
VUILD96LA_150_2_12	VUILD96LA	rgb_b_hist_0	0.0	0.0	0.0	0.0
VUILD96LA_150_2_12	VUILD96LA	rgb_b_hist_1	0.0	0.0	0.0	0.0
VUILD96LA_150_2_12	VUILD96LA	rgb_b_hist_2	0.0001276813074565	0.00012768130745658836	8.836247705756861e-17	6.920549203153563e-13
VUILD96LA_150_2_12	VUILD96LA	rgb_b_hist_3	0.0095760980592441	0.009576098059244127	2.6020852139652106e-17	2.717270852770078e-15
VUILD96LA_150_2_12	VUILD96LA	rgb_b_hist_4	0.2062053115423902	0.2062053115423902	0.0	0.0
VUILD96LA_150_2_12	VUILD96LA	rgb_b_hist_5	0.4595250255362615	0.4595250255362615	0.0	0.0
VUILD96LA_150_2_12	VUILD96LA	rgb_b_hist_6	0.2313585291113381	0.2313585291113381	0.0	0.0
VUILD96LA_150_2_12	VUILD96LA	rgb_b_hist_7	0.0932073544433095	0.0932073544433095	0.0	0.0
VUILD96LA_150_13_21	VUILD96LA	rgb_r_mean	0.818797702890601	0.818797702890601	0.0	0.0
VUILD96LA_150_13_21	VUILD96LA	rgb_r_sd	0.1195988884292174	0.11959888842921748	8.326672684688674e-17	6.962165613785513e-16
VUILD96LA_150_13_21	VUILD96LA	rgb_g_mean	0.5788665066498871	0.5788665066498871	0.0	0.0
VUILD96LA_150_13_21	VUILD96LA	rgb_g_sd	0.1400313297242316	0.1400313297242316	0.0	0.0
VUILD96LA_150_13_21	VUILD96LA	rgb_b_mean	0.689200683111616	0.689200683111616	0.0	0.0
VUILD96LA_150_13_21	VUILD96LA	rgb_b_sd	0.1002029144569434	0.10020291445694345	4.163336342344337e-17	4.154905438537217e-16
VUILD96LA_150_13_21	VUILD96LA	hed_hematoxylin_mean	0.0109337600076523	0.010933760007652322	2.2551405187698492e-17	2.0625480321422144e-15
VUILD96LA_150_13_21	VUILD96LA	hed_hematoxylin_sd	0.0170924067652718	0.01709240676527183	3.122502256758253e-17	1.826835915877292e-15
VUILD96LA_150_13_21	VUILD96LA	hed_eosin_mean	0.0185578503674099	0.018557850367409996	9.71445146547012e-17	5.2346857384570865e-15
VUILD96LA_150_13_21	VUILD96LA	hed_eosin_sd	0.0081244088992697	0.008124408899269778	7.806255641895632e-17	9.608398270792763e-15
VUILD96LA_150_13_21	VUILD96LA	hed_dab_mean	0.029369629054494	0.029369629054494074	7.28583859910259e-17	2.48073906060715e-15
VUILD96LA_150_13_21	VUILD96LA	hed_dab_sd	0.0108819370783703	0.010881937078370372	7.28583859910259e-17	6.6953507878523144e-15
VUILD96LA_150_13_21	VUILD96LA	brightness_mean	0.8235484490873134	0.8235484490873134	0.0	0.0
VUILD96LA_150_13_21	VUILD96LA	brightness_sd	0.1111442201381409	0.11114422013814092	1.3877787807814457e-17	1.2486288347307476e-16
VUILD96LA_150_13_21	VUILD96LA	saturation_mean	0.3039892094786635	0.3039892094786635	0.0	0.0
VUILD96LA_150_13_21	VUILD96LA	saturation_sd	0.099826644492844	0.09982664449284402	2.7755575615628914e-17	2.7803774990772683e-16
VUILD96LA_150_13_21	VUILD96LA	rgb_r_hist_0	0.0	0.0	0.0	0.0
VUILD96LA_150_13_21	VUILD96LA	rgb_r_hist_1	0.0001276813074565	0.00012768130745658836	8.836247705756861e-17	6.920549203153563e-13
VUILD96LA_150_13_21	VUILD96LA	rgb_r_hist_2	0.0022982635342185	0.0022982635342185904	9.020562075079397e-17	3.9249467873347004e-14
VUILD96LA_150_13_21	VUILD96LA	rgb_r_hist_3	0.0187691521961184	0.018769152196118487	8.673617379884035e-17	4.621208933282455e-15
VUILD96LA_150_13_21	VUILD96LA	rgb_r_hist_4	0.0612870275791624	0.06128702757916241	1.3877787807814457e-17	2.2643923773083927e-16
VUILD96LA_150_13_21	VUILD96LA	rgb_r_hist_5	0.1431307456588355	0.14313074565883555	5.551115123125783e-17	3.878352689056302e-16
VUILD96LA_150_13_21	VUILD96LA	rgb_r_hist_6	0.4208375893769152	0.42083758937691523	5.551115123125783e-17	1.3190635207621704e-16
VUILD96LA_150_13_21	VUILD96LA	rgb_r_hist_7	0.3535495403472931	0.35354954034729313	5.551115123125783e-17	1.5701095573969353e-16
VUILD96LA_150_13_21	VUILD96LA	rgb_g_hist_0	0.0	0.0	0.0	0.0
VUILD96LA_150_13_21	VUILD96LA	rgb_g_hist_1	0.002170582226762	0.002170582226762002	1.734723475976807e-18	7.991973096382567e-16
VUILD96LA_150_13_21	VUILD96LA	rgb_g_hist_2	0.0402196118488253	0.04021961184882533	3.469446951953614e-17	8.6262566754605495e-16
VUILD96LA_150_13_21	VUILD96LA	rgb_g_hist_3	0.2540858018386108	0.25408580183861085	5.551115123125783e-17	2.1847403841367405e-16
VUILD96LA_150_13_21	VUILD96LA	rgb_g_hist_4	0.3975995914198161	0.39759959141981616	5.551115123125783e-17	1.3961571497855213e-16
VUILD96LA_150_13_21	VUILD96LA	rgb_g_hist_5	0.1888406537282941	0.18884065372829417	8.326672684688674e-17	4.4093644669696905e-16
VUILD96LA_150_13_21	VUILD96LA	rgb_g_hist_6	0.072267620020429	0.07226762002042901	1.3877787807814457e-17	1.920332758141393e-16
VUILD96LA_150_13_21	VUILD96LA	rgb_g_hist_7	0.0448161389172625	0.044816138917262514	1.3877787807814457e-17	3.0966049604217336e-16
VUILD96LA_150_13_21	VUILD96LA	rgb_b_hist_0	0.0	0.0	0.0	0.0
VUILD96LA_150_13_21	VUILD96LA	rgb_b_hist_1	0.0	0.0	0.0	0.0
VUILD96LA_150_13_21	VUILD96LA	rgb_b_hist_2	0.0	0.0	0.0	0.0
VUILD96LA_150_13_21	VUILD96LA	rgb_b_hist_3	0.0120020429009193	0.012002042900919305	5.204170427930421e-18	4.3360705097394764e-16
VUILD96LA_150_13_21	VUILD96LA	rgb_b_hist_4	0.2634065372829418	0.2634065372829418	0.0	0.0
VUILD96LA_150_13_21	VUILD96LA	rgb_b_hist_5	0.490679264555669	0.49067926455566907	5.551115123125783e-17	1.1313123508800712e-16
VUILD96LA_150_13_21	VUILD96LA	rgb_b_hist_6	0.1745403472931563	0.1745403472931563	0.0	0.0
VUILD96LA_150_13_21	VUILD96LA	rgb_b_hist_7	0.0593718079673135	0.05937180796731358	8.326672684688674e-17	1.4024623756232643e-15
VUILD96MA_150_5_22	VUILD96MA	rgb_r_mean	0.8746586930283831	0.8746586930283831	0.0	0.0
VUILD96MA_150_5_22	VUILD96MA	rgb_r_sd	0.0841686111357762	0.08416861113577626	5.551115123125783e-17	6.5952319376768945e-16
VUILD96MA_150_5_22	VUILD96MA	rgb_g_mean	0.6072780137462157	0.6072780137462157	0.0	0.0
VUILD96MA_150_5_22	VUILD96MA	rgb_g_sd	0.1098776417767053	0.10987764177670532	2.7755575615628914e-17	2.52604398554841e-16
VUILD96MA_150_5_22	VUILD96MA	rgb_b_mean	0.7046583991821024	0.7046583991821024	0.0	0.0
VUILD96MA_150_5_22	VUILD96MA	rgb_b_sd	0.0906946090013349	0.09069460900133497	6.938893903907228e-17	7.650833914290426e-16
VUILD96MA_150_5_22	VUILD96MA	hed_hematoxylin_mean	0.0040135863293977	0.004013586329397775	7.546047120499111e-17	1.880125778092211e-14
VUILD96MA_150_5_22	VUILD96MA	hed_hematoxylin_sd	0.0103195513249108	0.010319551324910838	3.8163916471489756e-17	3.698214706230907e-15
VUILD96MA_150_5_22	VUILD96MA	hed_eosin_mean	0.019714989018252	0.01971498901825202	2.0816681711721685e-17	1.0558809691676596e-15
VUILD96MA_150_5_22	VUILD96MA	hed_eosin_sd	0.0073839440057393	0.007383944005739372	7.19910242530375e-17	9.749670934270521e-15
VUILD96MA_150_5_22	VUILD96MA	hed_dab_mean	0.0301637464646066	0.030163746464606615	1.3877787807814457e-17	4.600817018568404e-16
VUILD96MA_150_5_22	VUILD96MA	hed_dab_sd	0.0109073476209678	0.01090734762096789	9.020562075079397e-17	8.270170153684907e-15
VUILD96MA_150_5_22	VUILD96MA	brightness_mean	0.8758912728445158	0.8758912728445158	0.0	0.0
VUILD96MA_150_5_22	VUILD96MA	brightness_sd	0.0815297434640174	0.08152974346401744	4.163336342344337e-17	5.106524521546909e-16
VUILD96MA_150_5_22	VUILD96MA	saturation_mean	0.309011244774899	0.309011244774899	0.0	0.0
VUILD96MA_150_5_22	VUILD96MA	saturation_sd	0.091006524654199	0.091006524654199	0.0	0.0
VUILD96MA_150_5_22	VUILD96MA	rgb_r_hist_0	0.0	0.0	0.0	0.0
VUILD96MA_150_5_22	VUILD96MA	rgb_r_hist_1	0.0	0.0	0.0	0.0
VUILD96MA_150_5_22	VUILD96MA	rgb_r_hist_2	0.0006456611570247	0.0006456611570247934	9.345822726825048e-17	1.4474810239308728e-13
VUILD96MA_150_5_22	VUILD96MA	rgb_r_hist_3	0.0071022727272727	0.007102272727272727	2.688821387764051e-17	3.785860513971798e-15
VUILD96MA_150_5_22	VUILD96MA	rgb_r_hist_4	0.0170454545454545	0.017045454545454544	4.5102810375396984e-17	2.646031542023297e-15
VUILD96MA_150_5_22	VUILD96MA	rgb_r_hist_5	0.0433884297520661	0.04338842975206612	1.3877787807814457e-17	3.1984996661819996e-16
VUILD96MA_150_5_22	VUILD96MA	rgb_r_hist_6	0.3345816115702479	0.33458161157024796	5.551115123125783e-17	1.65912140152397e-16
VUILD96MA_150_5_22	VUILD96MA	rgb_r_hist_7	0.5972365702479339	0.5972365702479339	0.0	0.0
VUILD96MA_150_5_22	VUILD96MA	rgb_g_hist_0	0.0	0.0	0.0	0.0
VUILD96MA_150_5_22	VUILD96MA	rgb_g_hist_1	0.0014204545454545	0.0014204545454545455	4.5536491244391186e-17	3.2057689836052424e-14
VUILD96MA_150_5_22	VUILD96MA	rgb_g_hist_2	0.0130423553719008	0.013042355371900826	2.6020852139652106e-17	1.9951037521729337e-15
VUILD96MA_150_5_22	VUILD96MA	rgb_g_hist_3	0.1024018595041322	0.10240185950413223	2.7755575615628914e-17	2.7104562114430056e-16
VUILD96MA_150_5_22	VUILD96MA	rgb_g_hist_4	0.5135588842975206	0.5135588842975206	0.0	0.0
VUILD96MA_150_5_22	VUILD96MA	rgb_g_hist_5	0.2720816115702479	0.27208161157024796	5.551115123125783e-17	2.0402389897240659e-16
VUILD96MA_150_5_22	VUILD96MA	rgb_g_hist_6	0.0736053719008264	0.07360537190082644	4.163336342344337e-17	5.656294146511328e-16
VUILD96MA_150_5_22	VUILD96MA	rgb_g_hist_7	0.0238894628099173	0.023889462809917356	5.551115123125783e-17	2.3236667845127655e-15
VUILD96MA_150_5_22	VUILD96MA	rgb_b_hist_0	0.0	0.0	0.0	0.0
VUILD96MA_150_5_22	VUILD96MA	rgb_b_hist_1	0.0002582644628099	0.00025826446280991736	1.734723475976807e-17	6.716849298982648e-14
VUILD96MA_150_5_22	VUILD96MA	rgb_b_hist_2	0.0018078512396694	0.0018078512396694215	2.1467203015212988e-17	1.187443001070081e-14
VUILD96MA_150_5_22	VUILD96MA	rgb_b_hist_3	0.0102014462809917	0.010201446280991736	3.642919299551295e-17	3.570983171610801e-15
VUILD96MA_150_5_22	VUILD96MA	rgb_b_hist_4	0.1411415289256198	0.14114152892561985	5.551115123125783e-17	3.93301331321922e-16
VUILD96MA_150_5_22	VUILD96MA	rgb_b_hist_5	0.5856146694214877	0.5856146694214877	0.0	0.0
VUILD96MA_150_5_22	VUILD96MA	rgb_b_hist_6	0.2141012396694215	0.2141012396694215	0.0	0.0
VUILD96MA_150_5_22	VUILD96MA	rgb_b_hist_7	0.046875	0.046875	0.0	0.0
VUILD96MA_150_16_19	VUILD96MA	rgb_r_mean	0.8767020204912656	0.8767020204912656	0.0	0.0
VUILD96MA_150_16_19	VUILD96MA	rgb_r_sd	0.0846370225289611	0.08463702252896119	8.326672684688674e-17	9.838097366716148e-16
VUILD96MA_150_16_19	VUILD96MA	rgb_g_mean	0.5776484970345878	0.5776484970345878	0.0	0.0
VUILD96MA_150_16_19	VUILD96MA	rgb_g_sd	0.1005147414039791	0.10051474140397916	5.551115123125783e-17	5.522687563623408e-16
VUILD96MA_150_16_19	VUILD96MA	rgb_b_mean	0.678422276113444	0.678422276113444	0.0	0.0
VUILD96MA_150_16_19	VUILD96MA	rgb_b_sd	0.0833776422372409	0.08337764223724091	1.3877787807814457e-17	1.6644495377222238e-16
VUILD96MA_150_16_19	VUILD96MA	hed_hematoxylin_mean	0.0033074021275604	0.00330740212756048	8.023096076392733e-17	2.425799998596093e-14
VUILD96MA_150_16_19	VUILD96MA	hed_hematoxylin_sd	0.0107627815809995	0.010762781580999555	5.551115123125783e-17	5.1576956025249664e-15
VUILD96MA_150_16_19	VUILD96MA	hed_eosin_mean	0.0225602519177476	0.022560251917747694	9.367506770274758e-17	4.152217273294528e-15
VUILD96MA_150_16_19	VUILD96MA	hed_eosin_sd	0.007103689875781	0.007103689875781009	9.540979117872439e-18	1.343101864624049e-15
VUILD96MA_150_16_19	VUILD96MA	hed_dab_mean	0.0339989581523711	0.03399895815237118	8.326672684688674e-17	2.4490964244761626e-15
VUILD96MA_150_16_19	VUILD96MA	hed_dab_sd	0.0103897149845807	0.010389714984580705	5.204170427930421e-18	5.008963610314521e-16
VUILD96MA_150_16_19	VUILD96MA	brightness_mean	0.8778875050642951	0.8778875050642951	0.0	0.0
VUILD96MA_150_16_19	VUILD96MA	brightness_sd	0.0808186347471313	0.08081863474713137	6.938893903907228e-17	8.585759862954785e-16
VUILD96MA_150_16_19	VUILD96MA	saturation_mean	0.3437833079891082	0.3437833079891082	0.0	0.0
VUILD96MA_150_16_19	VUILD96MA	saturation_sd	0.0839047355868128	0.0839047355868128	0.0	0.0
VUILD96MA_150_16_19	VUILD96MA	rgb_r_hist_0	0.0	0.0	0.0	0.0
VUILD96MA_150_16_19	VUILD96MA	rgb_r_hist_1	0.0	0.0	0.0	0.0
VUILD96MA_150_16_19	VUILD96MA	rgb_r_hist_2	0.0024535123966942	0.002453512396694215	1.474514954580286e-17	6.0098125306683175e-15
VUILD96MA_150_16_19	VUILD96MA	rgb_r_hist_3	0.0078770661157024	0.007877066115702479	7.979727989493313e-17	1.0130330090268335e-14
VUILD96MA_150_16_19	VUILD96MA	rgb_r_hist_4	0.0151084710743801	0.015108471074380165	6.591949208711867e-17	4.363081595920079e-15
VUILD96MA_150_16_19	VUILD96MA	rgb_r_hist_5	0.037319214876033	0.037319214876033055	5.551115123125783e-17	1.487468356868032e-15
VUILD96MA_150_16_19	VUILD96MA	rgb_r_hist_6	0.3073347107438016	0.30733471074380164	5.551115123125783e-17	1.8062115761968938e-16
VUILD96MA_150_16_19	VUILD96MA	rgb_r_hist_7	0.6299070247933884	0.6299070247933884	0.0	0.0
VUILD96MA_150_16_19	VUILD96MA	rgb_g_hist_0	0.0	0.0	0.0	0.0
VUILD96MA_150_16_19	VUILD96MA	rgb_g_hist_1	0.0021952479338842	0.0021952479338842976	9.75781955236954e-17	4.44497380079724e-14
VUILD96MA_150_16_19	VUILD96MA	rgb_g_hist_2	0.0171745867768595	0.017174586776859502	3.469446951953614e-18	2.0201050523254733e-16
VUILD96MA_150_16_19	VUILD96MA	rgb_g_hist_3	0.1434659090909091	0.1434659090909091	0.0	0.0
VUILD96MA_150_16_19	VUILD96MA	rgb_g_hist_4	0.6055010330578512	0.6055010330578512	0.0	0.0
VUILD96MA_150_16_19	VUILD96MA	rgb_g_hist_5	0.1744576446280991	0.17445764462809918	8.326672684688674e-17	4.772890693577285e-16
VUILD96MA_150_16_19	VUILD96MA	rgb_g_hist_6	0.040418388429752	0.04041838842975207	6.938893903907228e-17	1.7167665939890628e-15
VUILD96MA_150_16_19	VUILD96MA	rgb_g_hist_7	0.0167871900826446	0.016787190082644628	2.7755575615628914e-17	1.653378288980236e-15
VUILD96MA_150_16_19	VUILD96MA	rgb_b_hist_0	0.0	0.0	0.0	0.0
VUILD96MA_150_16_19	VUILD96MA	rgb_b_hist_1	0.0006456611570247	0.0006456611570247934	9.345822726825048e-17	1.4474810239308728e-13
VUILD96MA_150_16_19	VUILD96MA	rgb_b_hist_2	0.0016787190082644	0.0016787190082644629	6.288372600415926e-17	3.745935185970981e-14
VUILD96MA_150_16_19	VUILD96MA	rgb_b_hist_3	0.0103305785123966	0.010330578512396695	9.367506770274758e-17	9.067746553626048e-15
VUILD96MA_150_16_19	VUILD96MA	rgb_b_hist_4	0.2219783057851239	0.22197830578512398	8.326672684688674e-17	3.751120027354806e-16
VUILD96MA_150_16_19	VUILD96MA	rgb_b_hist_5	0.6131198347107438	0.6131198347107438	0.0	0.0
VUILD96MA_150_16_19	VUILD96MA	rgb_b_hist_6	0.1261621900826446	0.12616219008264462	2.7755575615628914e-17	2.1999915820617234e-16
VUILD96MA_150_16_19	VUILD96MA	rgb_b_hist_7	0.0260847107438016	0.026084710743801653	5.204170427930421e-17	1.9951037521729337e-15
VUILD96MA_150_9_6	VUILD96MA	rgb_r_mean	0.835781283717033	0.835781283717033	0.0	0.0
VUILD96MA_150_9_6	VUILD96MA	rgb_r_sd	0.1398206259616041	0.1398206259616041	0.0	0.0
VUILD96MA_150_9_6	VUILD96MA	rgb_g_mean	0.667239927110447	0.667239927110447	0.0	0.0
VUILD96MA_150_9_6	VUILD96MA	rgb_g_sd	0.1808507261137589	0.1808507261137589	0.0	0.0
VUILD96MA_150_9_6	VUILD96MA	rgb_b_mean	0.7483410442802162	0.7483410442802162	0.0	0.0
VUILD96MA_150_9_6	VUILD96MA	rgb_b_sd	0.1329448455295613	0.13294484552956135	5.551115123125783e-17	4.175502330318967e-16
VUILD96MA_150_9_6	VUILD96MA	hed_hematoxylin_mean	0.0120582688849917	0.0120582688849917	0.0	0.0
VUILD96MA_150_9_6	VUILD96MA	hed_hematoxylin_sd	0.0198989247082192	0.019898924708219228	2.7755575615628914e-17	1.3948279126944252e-15
VUILD96MA_150_9_6	VUILD96MA	hed_eosin_mean	0.0120361390185811	0.012036139018581162	6.245004513516506e-17	5.188544685198151e-15
VUILD96MA_150_9_6	VUILD96MA	hed_eosin_sd	0.0079234050567777	0.007923405056777725	2.42861286636753e-17	3.0651125986422826e-15
VUILD96MA_150_9_6	VUILD96MA	hed_dab_mean	0.0226325373964396	0.0226325373964396	0.0	0.0
VUILD96MA_150_9_6	VUILD96MA	hed_dab_sd	0.0124779254403723	0.012477925440372385	8.500145032286355e-17	6.812146035737763e-15
VUILD96MA_150_9_6	VUILD96MA	brightness_mean	0.8413749881481275	0.8413749881481275	0.0	0.0
VUILD96MA_150_9_6	VUILD96MA	brightness_sd	0.1321914210056403	0.13219142100564035	5.551115123125783e-17	4.1993005906857826e-16
VUILD96MA_150_9_6	VUILD96MA	saturation_mean	0.2220109799960512	0.22201097999605127	5.551115123125783e-17	2.500378640382794e-16
VUILD96MA_150_9_6	VUILD96MA	saturation_sd	0.1196719995913117	0.11967199959131171	1.3877787807814457e-17	1.1596520368346882e-16
VUILD96MA_150_9_6	VUILD96MA	rgb_r_hist_0	0.0	0.0	0.0	0.0
VUILD96MA_150_9_6	VUILD96MA	rgb_r_hist_1	0.0001291322314049	0.00012913223140495868	5.868244258577793e-17	4.5443683538447076e-13
VUILD96MA_150_9_6	VUILD96MA	rgb_r_hist_2	0.0127840909090909	0.01278409090909091	1.0408340855860843e-17	8.141635513917821e-16
VUILD96MA_150_9_6	VUILD96MA	rgb_r_hist_3	0.0337035123966942	0.03370351239669422	1.3877787807814457e-17	4.1176087656595856e-16
VUILD96MA_150_9_6	VUILD96MA	rgb_r_hist_4	0.0551394628099173	0.055139462809917356	5.551115123125783e-17	1.0067408785359743e-15
VUILD96MA_150_9_6	VUILD96MA	rgb_r_hist_5	0.07786673553719	0.07786673553719008	8.326672684688674e-17	1.0693491421265202e-15
VUILD96MA_150_9_6	VUILD96MA	rgb_r_hist_6	0.3143078512396694	0.3143078512396694	0.0	0.0
VUILD96MA_150_9_6	VUILD96MA	rgb_r_hist_7	0.5060692148760331	0.5060692148760331	0.0	0.0
VUILD96MA_150_9_6	VUILD96MA	rgb_g_hist_0	0.0001291322314049	0.00012913223140495868	5.868244258577793e-17	4.5443683538447076e-13
VUILD96MA_150_9_6	VUILD96MA	rgb_g_hist_1	0.015495867768595	0.015495867768595042	4.163336342344337e-17	2.686739719592886e-15
VUILD96MA_150_9_6	VUILD96MA	rgb_g_hist_2	0.0556559917355371	0.05565599173553719	9.020562075079397e-17	1.6207710605432707e-15
VUILD96MA_150_9_6	VUILD96MA	rgb_g_hist_3	0.0959452479338843	0.0959452479338843	0.0	0.0
VUILD96MA_150_9_6	VUILD96MA	rgb_g_hist_4	0.234375	0.234375	0.0	0.0
VUILD96MA_150_9_6	VUILD96MA	rgb_g_hist_5	0.2731146694214876	0.2731146694214876	0.0	0.0
VUILD96MA_150_9_6	VUILD96MA	rgb_g_hist_6	0.1761363636363636	0.17613636363636365	5.551115123125783e-17	3.151600844097219e-16
VUILD96MA_150_9_6	VUILD96MA	rgb_g_hist_7	0.1491477272727272	0.14914772727272727	5.551115123125783e-17	3.7218905206481454e-16
VUILD96MA_150_9_6	VUILD96MA	rgb_b_hist_0	0.0	0.0	0.0	0.0
VUILD96MA_150_9_6	VUILD96MA	rgb_b_hist_1	0.0	0.0	0.0	0.0
VUILD96MA_150_9_6	VUILD96MA	rgb_b_hist_2	0.0040030991735537	0.004003099173553719	1.9081958235744878e-17	4.766796276697066e-15
VUILD96MA_150_9_6	VUILD96MA	rgb_b_hist_3	0.0411931818181818	0.041193181818181816	1.3877787807814457e-17	3.368952626448752e-16
VUILD96MA_150_9_6	VUILD96MA	rgb_b_hist_4	0.1222882231404958	0.12228822314049587	6.938893903907228e-17	5.674212712973348e-16
VUILD96MA_150_9_6	VUILD96MA	rgb_b_hist_5	0.3352272727272727	0.3352272727272727	0.0	0.0
VUILD96MA_150_9_6	VUILD96MA	rgb_b_hist_6	0.3010072314049586	0.30100723140495866	5.551115123125783e-17	1.8441799877085402e-16
VUILD96MA_150_9_6	VUILD96MA	rgb_b_hist_7	0.1962809917355372	0.1962809917355372	0.0	0.0
VUILD96MA_150_6_7	VUILD96MA	rgb_r_mean	0.8071574797153411	0.8071574797153411	0.0	0.0
VUILD96MA_150_6_7	VUILD96MA	rgb_r_sd	0.1622747990103211	0.16227479901032113	2.7755575615628914e-17	1.710405792205824e-16
VUILD96MA_150_6_7	VUILD96MA	rgb_g_mean	0.6242115465464255	0.6242115465464255	0.0	0.0
VUILD96MA_150_6_7	VUILD96MA	rgb_g_sd	0.2116169275845993	0.21161692758459938	8.326672684688674e-17	3.9347857374783374e-16
VUILD96MA_150_6_7	VUILD96MA	rgb_b_mean	0.7164038592903328	0.7164038592903328	0.0	0.0
VUILD96MA_150_6_7	VUILD96MA	rgb_b_sd	0.155912414661931	0.15591241466193104	2.7755575615628914e-17	1.7802030502710164e-16
VUILD96MA_150_6_7	VUILD96MA	hed_hematoxylin_mean	0.0155631962692016	0.015563196269201652	5.204170427930421e-17	3.343895648369535e-15
VUILD96MA_150_6_7	VUILD96MA	hed_hematoxylin_sd	0.0232574867236013	0.023257486723601326	2.42861286636753e-17	1.0442284221119279e-15
VUILD96MA_150_6_7	VUILD96MA	hed_eosin_mean	0.0143747398996795	0.014374739899679542	4.163336342344337e-17	2.8962863825015456e-15
VUILD96MA_150_6_7	VUILD96MA	hed_eosin_sd	0.0099072916013256	0.00990729160132567	6.938893903907228e-17	7.003825246224509e-15
VUILD96MA_150_6_7	VUILD96MA	hed_dab_mean	0.0259075536904875	0.025907553690487535	3.469446951953614e-17	1.3391642427542259e-15
VUILD96MA_150_6_7	VUILD96MA	hed_dab_sd	0.0153633609620947	0.0153633609620947	0.0	0.0
VUILD96MA_150_6_7	VUILD96MA	brightness_mean	0.8149525090197701	0.8149525090197701	0.0	0.0
VUILD96MA_150_6_7	VUILD96MA	brightness_sd	0.1536906252553422	0.1536906252553422	0.0	0.0
VUILD96MA_150_6_7	VUILD96MA	saturation_mean	0.2541613039840349	0.25416130398403497	5.551115123125783e-17	2.1840913766615214e-16
VUILD96MA_150_6_7	VUILD96MA	saturation_sd	0.1443139607434933	0.1443139607434933	0.0	0.0
VUILD96MA_150_6_7	VUILD96MA	rgb_r_hist_0	0.0	0.0	0.0	0.0
VUILD96MA_150_6_7	VUILD96MA	rgb_r_hist_1	0.0005165289256198	0.0005165289256198347	3.469446951953614e-17	6.716849298982648e-14
VUILD96MA_150_6_7	VUILD96MA	rgb_r_hist_2	0.0148502066115702	0.014850206611570249	4.85722573273506e-17	3.2708135716782978e-15
VUILD96MA_150_6_7	VUILD96MA	rgb_r_hist_3	0.0583677685950413	0.05836776859504132	2.0816681711721685e-17	3.5664686543268317e-16
VUILD96MA_150_6_7	VUILD96MA	rgb_r_hist_4	0.0867768595041322	0.08677685950413223	2.7755575615628914e-17	3.1984996661819996e-16
VUILD96MA_150_6_7	VUILD96MA	rgb_r_hist_5	0.1135072314049586	0.11350723140495868	8.326672684688674e-17	7.335808108103429e-16
VUILD96MA_150_6_7	VUILD96MA	rgb_r_hist_6	0.2737603305785124	0.2737603305785124	0.0	0.0
VUILD96MA_150_6_7	VUILD96MA	rgb_r_hist_7	0.4522210743801653	0.4522210743801653	0.0	0.0
VUILD96MA_150_6_7	VUILD96MA	rgb_g_hist_0	0.0001291322314049	0.00012913223140495868	5.868244258577793e-17	4.5443683538447076e-13
VUILD96MA_150_6_7	VUILD96MA	rgb_g_hist_1	0.0235020661157024	0.02350206611570248	7.979727989493313e-17	3.395330414870133e-15
VUILD96MA_150_6_7	VUILD96MA	rgb_g_hist_2	0.0949121900826446	0.09491219008264463	2.7755575615628914e-17	2.924342551937828e-16
VUILD96MA_150_6_7	VUILD96MA	rgb_g_hist_3	0.1930526859504132	0.19305268595041322	2.7755575615628914e-17	1.4377202512871594e-16
VUILD96MA_150_6_7	VUILD96MA	rgb_g_hist_4	0.2422520661157025	0.2422520661157025	0.0	0.0
VUILD96MA_150_6_7	VUILD96MA	rgb_g_hist_5	0.1584452479338843	0.1584452479338843	0.0	0.0
VUILD96MA_150_6_7	VUILD96MA	rgb_g_hist_6	0.0950413223140495	0.09504132231404959	8.326672684688674e-17	8.761107781281134e-16
VUILD96MA_150_6_7	VUILD96MA	rgb_g_hist_7	0.1926652892561983	0.19266528925619836	5.551115123125783e-17	2.8812222194025515e-16
VUILD96MA_150_6_7	VUILD96MA	rgb_b_hist_0	0.0	0.0	0.0	0.0
VUILD96MA_150_6_7	VUILD96MA	rgb_b_hist_1	0.0	0.0	0.0	0.0
VUILD96MA_150_6_7	VUILD96MA	rgb_b_hist_2	0.0047778925619834	0.004777892561983471	7.112366251504909e-17	1.4885990338285092e-14
VUILD96MA_150_6_7	VUILD96MA	rgb_b_hist_3	0.0693440082644628	0.06934400826446281	1.3877787807814457e-17	2.0012958805161112e-16
VUILD96MA_150_6_7	VUILD96MA	rgb_b_hist_4	0.2459969008264463	0.2459969008264463	0.0	0.0
VUILD96MA_150_6_7	VUILD96MA	rgb_b_hist_5	0.2886105371900826	0.28861053719008267	5.551115123125783e-17	1.9233930878517256e-16
VUILD96MA_150_6_7	VUILD96MA	rgb_b_hist_6	0.1707128099173553	0.17071280991735538	8.326672684688674e-17	4.877591018928073e-16
VUILD96MA_150_6_7	VUILD96MA	rgb_b_hist_7	0.2205578512396694	0.22055785123966942	2.7755575615628914e-17	1.2584260981699668e-16
