target	stratum	donor_id	n_regions	target_mean	target_variance	M2_R2	M4_R2	M2_MAE	M4_MAE	M2_RMSE	M4_RMSE	mean_absolute_M2_residual	mean_absolute_M4_residual	improvement	M4_minus_M2_error	paired_SSE_gain	residual_model_MAE	residual_model_RMSE	residual_R2	LOW_TARGET_VARIANCE	fold	mahalanobis_median	mahalanobis_p90	mahalanobis_p95	mahalanobis_fraction_outside95	mahalanobis_fraction_outside99	mahalanobis_train95	mahalanobis_train99	nearest_neighbor_median	nearest_neighbor_p90	nearest_neighbor_p95	nearest_neighbor_fraction_outside95	nearest_neighbor_fraction_outside99	nearest_neighbor_train95	nearest_neighbor_train99	C_fraction_features_outside	C_fraction_regions_ge1	C_fraction_regions_ge2	N_fraction_features_outside	N_fraction_regions_ge1	N_fraction_regions_ge2	unsupported_donor	paired_case
epithelial_injury	POOLED	THD0008	313	1.515752178554985	0.08999970870846954	-0.5523392510160821	-0.28521678755470137	0.30666886543658384	0.26374827096063874	0.3737781165453258	0.3401016561370411	0.30666886543658384	0.26374827096063874	0.042920594475945095	-0.042920594475945095	7.524815441017078	0.2842507292007775	0.3494235009216085	-0.5380294569384836	False	fold_2	4.678323719417954	6.626636147010159	7.4317648367557725	0.051118210862619806	0.01597444089456869	7.435892307455551	11.190706619848756	2.9178276912089407	3.654679736076035	3.9275642345758883	0.012779552715654952	0.003194888178913738	5.375045162550152	8.297225788937483	0.0017039403620873268	0.025559105431309903	0.0	0.0004259850905218317	0.006389776357827476	0.0	False	CASE3_INCREMENTAL_SIGNAL
epithelial_injury	POOLED	THD0011	124	1.5155371421667285	0.09220025086147739	-0.554323846460143	-2.3537778968671694	0.3054463148581023	0.4792046362759788	0.37856181604013056	0.5560747822234264	0.3054463148581023	0.4792046362759788	-0.1737583214178765	0.1737583214178765	-20.572854242792452	0.42810696732090214	0.500550469369158	-1.0586401766390972	False	fold_4	3.9780472559023417	5.310307507403624	6.004483531649168	0.016129032258064516	0.0	7.5394283972514105	11.738548288775915	2.6552354793483515	3.235507181339526	3.4185938057135625	0.008064516129032258	0.0	4.856848202752881	6.642486842603012	0.0	0.0	0.0	0.001075268817204301	0.016129032258064516	0.0	False	CASE4_MORPHOLOGY_HARM
epithelial_injury	POOLED	TILD117	326	2.5562095204348307	0.26083880153656713	-0.2284657484923227	0.1299713441814656	0.4332012384120119	0.37472835190906567	0.566066721831852	0.4763792941408946	0.4332012384120119	0.37472835190906567	0.05847288650294624	-0.05847288650294624	30.479142347446064	0.4387782174607389	0.5730747659597761	-0.3152858309622675	False	fold_5	4.578797779220218	6.486601306035919	7.221790392699832	0.03987730061349693	0.003067484662576687	7.604926624291698	11.051736906569232	3.143956832723124	4.056964033010278	4.358618411314391	0.018404907975460124	0.0	4.92085325449051	6.690174377325989	0.00020449897750511248	0.003067484662576687	0.0	0.0006134969325153375	0.003067484662576687	0.003067484662576687	False	CASE3_INCREMENTAL_SIGNAL
epithelial_injury	POOLED	TILD175	145	2.8825840240451406	0.2808822158415582	-1.6205639494022992	-0.5912069724088358	0.6796151930396779	0.5537946509097608	0.8579451083039187	0.6685370148860352	0.6796151930396779	0.5537946509097608	0.1258205421299171	-0.1258205421299171	41.92356994553431	0.6987776310918783	0.8738357813703361	-1.2823355118144044	False	fold_2	4.559159131878761	6.160603581246239	7.410502650430573	0.05517241379310345	0.0	7.435892307455551	11.190706619848756	2.98337066533241	4.257805936999161	5.209932997995794	0.041379310344827586	0.0	5.375045162550152	8.297225788937483	0.0	0.0	0.0	0.001379310344827586	0.020689655172413793	0.0	False	CASE1_HARD_DONOR
epithelial_injury	POOLED	VUHD069	74	1.41471513189573	0.0948697078395407	-0.15651980891591233	0.20164384213870024	0.2682714837133155	0.22416760601801497	0.33123812640228184	0.275208676186271	0.2682714837133155	0.22416760601801497	0.044103877695300525	-0.044103877695300525	2.514437189137779	0.24654897937351272	0.2997205586196435	0.07546490186841703	False	fold_3	4.223950345460839	5.613505584034162	6.1482279164837665	0.013513513513513514	0.0	7.448342998288172	11.06024205556392	2.3747112045839827	2.917623126041651	3.2139565611766754	0.013513513513513514	0.0	4.883808473863809	6.462369504172375	0.0	0.0	0.0	0.0	0.0	0.0	False	CASE3_INCREMENTAL_SIGNAL
epithelial_injury	POOLED	VUHD095	57	1.5605469255922	0.08410181729811682	-0.0566349565437525	-0.3891056800923116	0.2364953024946745	0.27670422954425683	0.2981021973519254	0.3417986426463685	0.2364953024946745	0.27670422954425683	-0.040208927049582344	0.040208927049582344	-1.593799346784657	0.28304578381168044	0.36757807904424844	-0.5748316311345574	True	fold_1	4.108194602271138	5.181043765398235	6.015939168072665	0.017543859649122806	0.017543859649122806	7.490837814101856	10.565656075151749	2.55544972765288	3.3638386918419876	3.9016830547661665	0.017543859649122806	0.0	4.920213149891009	6.639344026247243	0.0	0.0	0.0	0.0011695906432748538	0.017543859649122806	0.0	False	CASE4_MORPHOLOGY_HARM
epithelial_injury	POOLED	VUHD113	6	1.4087172212193353	0.08035814371094553	-0.5163061918029908	0.05226722407204909	0.28087420457335427	0.23715673881939134	0.34906668542085373	0.2759674738218104	0.28087420457335427	0.23715673881939134	0.04371746575396293	-0.04371746575396293	0.27413702557865777	0.2744946757757304	0.337694490789882	-0.5252689750318866	True	fold_5	4.5477916567159085	5.427156722453341	5.4980757054575875	0.0	0.0	7.604926624291698	11.051736906569232	2.740601790592886	3.0230939539657546	3.042436171919589	0.0	0.0	4.92085325449051	6.690174377325989	0.0	0.0	0.0	0.0	0.0	0.0	False	CASE3_INCREMENTAL_SIGNAL
epithelial_injury	POOLED	VUHD116	171	1.362455586623161	0.09293540204297289	-0.1675880653883648	-1.9222006068999677	0.26730496042279267	0.4592660288729007	0.32940896508359424	0.5211294352197617	0.26730496042279267	0.4592660288729007	-0.19196106845010802	0.19196106845010802	-27.88422135772899	0.235355510155119	0.3057162351059831	-0.2967787979491736	False	fold_1	4.56632449115142	6.182829094181779	6.713825641209862	0.011695906432748537	0.011695906432748537	7.490837814101856	10.565656075151749	2.910754283203007	3.5795706779687766	3.9174406663306685	0.011695906432748537	0.0	4.920213149891009	6.639344026247243	0.0	0.0	0.0	0.0003898635477582846	0.005847953216374269	0.0	False	CASE4_MORPHOLOGY_HARM
epithelial_injury	POOLED	VUILD102	133	2.0586826783277963	0.11977013752818343	-0.9767116316057007	-0.3793542827952925	0.399173548826031	0.3157149690857331	0.486570677261767	0.40645473567235135	0.399173548826031	0.3157149690857331	0.08345857974029791	-0.08345857974029791	9.51556105212566	0.3695194876142722	0.453949444032709	-0.12784645898431068	False	fold_4	4.255465939925838	5.248022825474088	5.61703947810004	0.007518796992481203	0.0	7.5394283972514105	11.738548288775915	2.812725359986139	3.2898832603562673	3.45608839009605	0.0	0.0	4.856848202752881	6.642486842603012	0.0	0.0	0.0	0.0	0.0	0.0	False	CASE3_INCREMENTAL_SIGNAL
epithelial_injury	POOLED	VUILD104	150	2.113961953746198	0.19047267134703938	-0.41963058114007556	-0.024058926600618813	0.4375168632099411	0.35646519484485834	0.5200007972260237	0.441650585153469	0.4375168632099411	0.35646519484485834	0.08105166836508276	-0.08105166836508276	11.301838462394787	0.4286010429488068	0.5108064545673703	-0.11406426129515435	False	fold_2	5.171583133656894	10.143377800870445	12.613821502493005	0.22	0.06666666666666667	7.435892307455551	11.190706619848756	3.619675879520324	5.900029173050259	7.166412248715336	0.16666666666666666	0.02	5.375045162550152	8.297225788937483	0.0017777777777777779	0.02666666666666667	0.0	0.0	0.0	0.0	False	CASE3_INCREMENTAL_SIGNAL
epithelial_injury	POOLED	VUILD105	28	2.6690648422804055	0.37887554225902925	-0.08605833663764151	0.30958530318293964	0.5239639166694187	0.4096179712159375	0.6414678021682193	0.5114501370027845	0.5239639166694187	0.4096179712159375	0.11434594545348115	-0.11434594545348115	4.197191560194046	0.45623280428507773	0.5591527614624325	0.18768543925091463	False	fold_4	4.706694130873826	5.914822185781442	6.355427363754099	0.03571428571428571	0.0	7.5394283972514105	11.738548288775915	3.280966330455697	4.071161180429677	4.245169530830378	0.0	0.0	4.856848202752881	6.642486842603012	0.0	0.0	0.0	0.002380952380952381	0.03571428571428571	0.0	False	CASE3_INCREMENTAL_SIGNAL
epithelial_injury	POOLED	VUILD106	155	2.613545940820606	0.4650506878643893	-0.25925738760085393	0.03931522165699497	0.6145608933687635	0.5357220899556162	0.7652571556686621	0.668406401068439	0.6145608933687635	0.5357220899556162	0.07883880341314731	-0.07883880341314731	21.52196658348838	0.6131904401498726	0.7625582472949404	-0.39379463492528455	False	fold_3	4.956582749798765	8.025616894821292	9.868431864061424	0.13548387096774195	0.01935483870967742	7.448342998288172	11.06024205556392	3.340441165044803	4.557869994619384	4.922780453133837	0.06451612903225806	0.012903225806451613	4.883808473863809	6.462369504172375	0.00043010752688172043	0.0064516129032258064	0.0	0.00043010752688172043	0.0064516129032258064	0.0	False	CASE1_HARD_DONOR
epithelial_injury	POOLED	VUILD107	93	2.646926303848132	0.4358613508312898	0.1103505117450968	0.2731642045139028	0.4981868152575324	0.43750405999101766	0.6227068553638605	0.5628495639627924	0.4981868152575324	0.43750405999101766	0.06068275526651473	-0.06068275526651473	6.599670233955943	0.49894147759893337	0.6286281256582393	-0.08142558578632442	False	fold_2	5.962057398195678	8.688851875871357	9.873127354500896	0.22580645161290322	0.021505376344086023	7.435892307455551	11.190706619848756	4.168217404028669	5.377951050332258	6.066886738827697	0.11827956989247312	0.0	5.375045162550152	8.297225788937483	0.0007168458781362007	0.010752688172043012	0.0	0.0007168458781362007	0.010752688172043012	0.0	False	CASE3_INCREMENTAL_SIGNAL
epithelial_injury	POOLED	VUILD110	319	2.2720466504185204	0.43812567111872264	-0.3010991967838681	-0.3042909404362957	0.6486273343519801	0.6347715866565654	0.7550132176213626	0.7559387168367037	0.6486273343519801	0.6347715866565654	0.013855747695414644	-0.013855747695414644	-0.4460847606930409	0.8077525830264792	0.95244912389488	-0.8033933327299247	False	fold_1	4.979182454420141	7.877625218596568	9.061584840764398	0.12539184952978055	0.018808777429467086	7.490837814101856	10.565656075151749	3.345709890470331	5.144208879688181	5.684689803991318	0.11598746081504702	0.018808777429467086	4.920213149891009	6.639344026247243	0.0010449320794148381	0.01567398119122257	0.0	0.0	0.0	0.0	False	CASE1_HARD_DONOR
epithelial_injury	POOLED	VUILD115	190	1.7787112536689638	0.2773100938199446	-1.23941846286229	-2.2221178481480686	0.7083506576053157	0.8548995572288666	0.7880439987960429	0.9452649378713139	0.7083506576053157	0.8548995572288666	-0.1465488996235509	0.1465488996235509	-51.777367158776244	0.9814105008056937	1.0633137970540802	-3.793088046259369	False	fold_4	4.773559247756404	6.581403697399471	7.2476935766032415	0.042105263157894736	0.0	7.5394283972514105	11.738548288775915	3.150863701177709	4.125551597802643	4.483418702806957	0.021052631578947368	0.005263157894736842	4.856848202752881	6.642486842603012	0.0	0.0	0.0	0.0	0.0	0.0	False	CASE1_HARD_DONOR
epithelial_injury	POOLED	VUILD48	80	1.8839788562709567	0.10561503185508807	-0.4092948428103176	-0.23677904985518317	0.31951842747412823	0.29999132578763044	0.3858013993191614	0.3614172917116179	0.31951842747412823	0.29999132578763044	0.019527101686497794	-0.019527101686497794	1.4576208774769857	0.31248754185462574	0.3840704475104292	-0.025634878095428082	False	fold_3	4.134947915877684	5.293530975633061	5.5586886692484585	0.0	0.0	7.448342998288172	11.06024205556392	2.8269451505719987	3.582549670714957	3.7749318339057023	0.0	0.0	4.883808473863809	6.462369504172375	0.0	0.0	0.0	0.0	0.0	0.0	False	CASE3_INCREMENTAL_SIGNAL
epithelial_injury	POOLED	VUILD78	384	2.1957241263442193	0.3204701256061952	-0.14591282873290434	-0.11885514374383388	0.4970577882926999	0.4813490501780226	0.6059957327884283	0.5987985040485021	0.4970577882926999	0.4813490501780226	0.015708738114677323	-0.015708738114677323	3.3297330075111304	0.5252612963061325	0.6482084663643837	-0.16093529005640939	False	fold_1	4.428687702147522	5.865885832321572	6.530245127855725	0.033854166666666664	0.015625	7.490837814101856	10.565656075151749	2.93653726733843	3.7284737717446714	4.129547309547525	0.020833333333333332	0.013020833333333334	4.920213149891009	6.639344026247243	0.00017361111111111112	0.0026041666666666665	0.0	0.00034722222222222224	0.005208333333333333	0.0	False	CASE3_INCREMENTAL_SIGNAL
epithelial_injury	POOLED	VUILD91	84	2.487009120347399	0.5290410881562001	-0.6289408979834277	0.043522718921958914	0.7720950941248544	0.5955894739748713	0.9283192690078614	0.7113478625666985	0.7720950941248544	0.5955894739748713	0.17650562014998317	-0.17650562014998317	29.883914225178685	0.7626605006913177	0.9114464988039376	-0.030647727651489154	False	fold_3	5.002705918137534	6.630158411102881	8.150779014591299	0.05952380952380952	0.011904761904761904	7.448342998288172	11.06024205556392	3.143898463116485	4.289072695920181	5.1022263492122715	0.07142857142857142	0.011904761904761904	4.883808473863809	6.462369504172375	0.0007936507936507937	0.011904761904761904	0.0	0.0	0.0	0.0	False	CASE1_HARD_DONOR
epithelial_injury	POOLED	VUILD96	387	2.4261524346546217	0.15560145215502982	-0.8824097007265623	0.036876739371714984	0.44751663064296193	0.303172329993195	0.5412076154155337	0.38712191614276814	0.44751663064296193	0.303172329993195	0.14434430064976694	-0.14434430064976694	55.35737204495357	0.44694300915602025	0.5398048470099471	-0.0070238257485557565	False	fold_5	5.37399796118788	8.753601494688642	10.733637094707637	0.15503875968992248	0.04909560723514212	7.604926624291698	11.051736906569232	3.4970094417014415	4.812102817804457	5.9243396454744515	0.08527131782945736	0.031007751937984496	4.92085325449051	6.690174377325989	0.0017226528854435831	0.025839793281653745	0.0	0.0024117140396210162	0.028423772609819122	0.00516795865633075	False	CASE3_INCREMENTAL_SIGNAL
epithelial_injury	PF_ONLY	TILD117	326	2.5562095204348307	0.26083880153656713	-0.10360697956153575	0.14198801251877957	0.41429578869094846	0.3760642968236164	0.5365291435851567	0.47307802582513764	0.41429578869094846	0.3760642968236164	0.038231491867332046	-0.038231491867332046	20.88378930762154	0.38042699616641446	0.4931120666678551	0.03604406934755633	False	fold_5	4.49407296066185	6.354971741436336	7.258758826894002	0.024539877300613498	0.003067484662576687	7.649418050310749	11.257066677887089	3.233909519930792	4.116727181387091	4.529872472485523	0.015337423312883436	0.0	5.273894731035996	7.137396099175395	0.00020449897750511248	0.003067484662576687	0.0	0.0008179959100204499	0.006134969325153374	0.003067484662576687	False	CASE3_INCREMENTAL_SIGNAL
epithelial_injury	PF_ONLY	TILD175	145	2.8825840240451406	0.2808822158415582	-0.880324385280083	-0.41747925402655084	0.564274873322229	0.5203332466031297	0.7267390727340767	0.630987094781198	0.564274873322229	0.5203332466031297	0.04394162671909929	-0.04394162671909929	18.8507200784055	0.5023160334848756	0.6165352462422323	-0.37735321384304776	False	fold_2	4.6035437580529415	6.366735502755983	7.311037131444339	0.034482758620689655	0.0	7.591447899078069	11.681138004634072	3.0609346081924342	4.6498555436580045	5.173983475733207	0.034482758620689655	0.006896551724137931	5.528205726622191	7.899101570669455	0.0	0.0	0.0	0.0018390804597701149	0.027586206896551724	0.0	False	CASE3_INCREMENTAL_SIGNAL
epithelial_injury	PF_ONLY	VUILD102	133	2.0586826783277963	0.11977013752818343	-0.866897116636127	-0.3693463711659233	0.39012540301553533	0.3213007406664168	0.47286205642922763	0.40497753418956656	0.39012540301553533	0.3213007406664168	0.06882466234911855	-0.06882466234911855	7.925698921224792	0.327971406343733	0.41321654759708765	-0.35770381105407334	True	fold_4	4.288515059925561	5.174038978025676	5.644104885250897	0.015037593984962405	0.0	7.616799081904837	11.617879347355146	2.8787648325865094	3.4212141790709216	3.7334721745657706	0.0	0.0	5.095994517497804	6.8696501036913755	0.0	0.0	0.0	0.0	0.0	0.0	False	CASE3_INCREMENTAL_SIGNAL
epithelial_injury	PF_ONLY	VUILD104	150	2.113961953746198	0.19047267134703938	-0.9026365120642053	-0.008592313691204279	0.5181286766888904	0.36192190466384355	0.6019968928950404	0.4383027176379982	0.5181286766888904	0.36192190466384355	0.15620677202504685	-0.15620677202504685	25.543648014964184	0.47264806795391556	0.5599776376352497	-0.5303077902602449	False	fold_2	5.461738052257505	11.682286424654755	14.020775607975084	0.28	0.1	7.591447899078069	11.681138004634072	3.7498855405935587	6.538360043225375	7.367101180734853	0.22	0.04	5.528205726622191	7.899101570669455	0.0017777777777777779	0.02666666666666667	0.0	0.0	0.0	0.0	True	CASE3_INCREMENTAL_SIGNAL
epithelial_injury	PF_ONLY	VUILD105	28	2.6690648422804055	0.37887554225902925	-0.1820047554596611	0.29918539326453986	0.5480040652287861	0.39893296973800574	0.6692030279948906	0.5152877974005845	0.5480040652287861	0.39893296973800574	0.14907109549078035	-0.14907109549078035	5.104712998772367	0.4164429098213311	0.5413424659131073	0.23263660871239922	False	fold_4	4.4974678680522295	5.836811538279358	5.96512007482902	0.03571428571428571	0.0	7.616799081904837	11.617879347355146	3.1262948893868403	3.9634132419730257	4.09514545596948	0.0	0.0	5.095994517497804	6.8696501036913755	0.0	0.0	0.0	0.002380952380952381	0.03571428571428571	0.0	False	CASE3_INCREMENTAL_SIGNAL
epithelial_injury	PF_ONLY	VUILD106	155	2.613545940820606	0.4650506878643893	-0.1930363656908609	0.18166220426113922	0.6014856667308514	0.5031808084580445	0.744864002695637	0.6169023867791283	0.6014856667308514	0.5031808084580445	0.09830485827280688	-0.09830485827280688	27.00934329318701	0.611977300198599	0.7242582137407213	-0.14901283662933174	False	fold_3	5.099180942382952	8.400499799339775	9.409143740976624	0.12258064516129032	0.01935483870967742	7.661903574941851	11.919266357152898	3.417262635549536	4.480214549949523	5.20910087498728	0.05161290322580645	0.025806451612903226	5.212552594276432	7.2944650918404115	0.0008602150537634409	0.012903225806451613	0.0	0.002150537634408602	0.03225806451612903	0.0	False	MIXED_BAD_M2_WITHOUT_LARGE_RESCUE
epithelial_injury	PF_ONLY	VUILD107	93	2.646926303848132	0.4358613508312898	0.00936522270363671	0.2926096032911496	0.5392605362279573	0.44285808604588106	0.6570992407641687	0.555269424581078	0.5392605362279573	0.44285808604588106	0.09640245018207627	-0.09640245018207627	11.481340885456804	0.4303737795330388	0.5419039597612387	0.26848700933010583	False	fold_2	5.725997482887221	8.323362691412758	9.7272086934684	0.16129032258064516	0.0	7.591447899078069	11.681138004634072	3.9869825810788715	5.484575875052855	5.792280770224846	0.08602150537634409	0.0	5.528205726622191	7.899101570669455	0.0007168458781362007	0.010752688172043012	0.0	0.0007168458781362007	0.010752688172043012	0.0	False	CASE3_INCREMENTAL_SIGNAL
epithelial_injury	PF_ONLY	VUILD110	319	2.2720466504185204	0.43812567111872264	0.04035038444329986	-0.11007891414262772	0.5383865131570147	0.5764996492829085	0.6484189477911664	0.6973909013268539	0.5383865131570147	0.5764996492829085	-0.03811313612589384	0.03811313612589384	-21.024313030242133	0.7088576929462017	0.8371123884287047	-0.6825964903078579	False	fold_1	5.311557465950394	7.462063203028688	8.292735238408525	0.0877742946708464	0.012539184952978056	7.555598195945484	10.3351609967045	3.7020648765503172	5.127737888682391	5.525902555614658	0.09404388714733543	0.003134796238244514	5.155349464058549	7.023477691622478	0.006269592476489028	0.09404388714733543	0.0	0.0	0.0	0.0	False	CASE4_MORPHOLOGY_HARM
epithelial_injury	PF_ONLY	VUILD115	190	1.7787112536689638	0.2773100938199446	-1.4152615413986762	-2.469573141982114	0.7378042763329047	0.8986382576271114	0.8183986831886834	0.9808912546853602	0.7378042763329047	0.8986382576271114	-0.16083398129420667	0.16083398129420667	-55.550537285917365	0.9997220342765281	1.0776589391791218	-3.3789064543949694	False	fold_4	4.669410928231182	6.266269056471091	6.861605365824834	0.02631578947368421	0.0	7.616799081904837	11.617879347355146	3.099553378575674	3.9961022129312678	4.305574831042044	0.021052631578947368	0.0	5.095994517497804	6.8696501036913755	0.0	0.0	0.0	0.0	0.0	0.0	False	CASE1_HARD_DONOR
epithelial_injury	PF_ONLY	VUILD48	80	1.8839788562709567	0.10561503185508807	-1.252299614811252	-1.222934165052406	0.41547200577433807	0.4156428768976247	0.48772604560910315	0.4845361314223878	0.41547200577433807	0.4156428768976247	-0.00017087112328662002	0.00017087112328662002	0.24811463293756053	0.3493291604543841	0.4254379257947111	-0.47469508452665155	True	fold_3	4.352506403365254	5.533747045874416	6.514022158288951	0.025	0.0	7.661903574941851	11.919266357152898	3.161385102296988	4.087905743626998	4.297250103272939	0.0125	0.0	5.212552594276432	7.2944650918404115	0.0008333333333333334	0.0125	0.0	0.0	0.0	0.0	False	CASE4_MORPHOLOGY_HARM
epithelial_injury	PF_ONLY	VUILD78	384	2.1957241263442193	0.3204701256061952	-0.057926545209564084	-0.09842430755296139	0.4766483986122784	0.47556597382305626	0.582266135736432	0.5933061400410378	0.4766483986122784	0.47556597382305626	0.0010824247892221583	-0.0010824247892221583	-4.983676026224005	0.4992099756872473	0.6152594733001522	-0.159989759841364	False	fold_1	4.355230028704178	5.667562471570163	6.3766843918762515	0.0234375	0.018229166666666668	7.555598195945484	10.3351609967045	2.9753445199806254	3.772048952429183	4.107829059571107	0.020833333333333332	0.013020833333333334	5.155349464058549	7.023477691622478	0.00017361111111111112	0.0026041666666666665	0.0	0.00034722222222222224	0.005208333333333333	0.0	False	CASE3_INCREMENTAL_SIGNAL
epithelial_injury	PF_ONLY	VUILD91	84	2.487009120347399	0.5290410881562001	-0.1854905307267889	0.4325134899183345	0.6198410640507224	0.4157923197336461	0.7919426749295504	0.5479267111645213	0.6198410640507224	0.4157923197336461	0.20404874431707626	-0.20404874431707626	27.463759643628247	0.48972283294525937	0.6303786420734669	0.35845354369047555	False	fold_3	5.210862761102197	8.050879023950534	8.855432405981276	0.14285714285714285	0.023809523809523808	7.661903574941851	11.919266357152898	3.4280540858704445	4.886018502382392	6.169269296429972	0.09523809523809523	0.03571428571428571	5.212552594276432	7.2944650918404115	0.0007936507936507937	0.011904761904761904	0.0	0.0	0.0	0.0	False	CASE2_POTENTIAL_RESCUE
epithelial_injury	PF_ONLY	VUILD96	387	2.4261524346546217	0.15560145215502982	-0.6108552152917781	0.22147406159853367	0.40897158261268984	0.2662119690267534	0.5006509869269249	0.3480513849356521	0.40897158261268984	0.2662119690267534	0.14275961358593642	-0.14275961358593642	50.121006288092744	0.3607009449875493	0.44863561599368335	0.12746327258560686	False	fold_5	5.22926039099375	8.228034457259675	9.942284683155565	0.12144702842377261	0.03617571059431524	7.649418050310749	11.257066677887089	3.5410805446497995	4.6817577712471445	5.663830243211024	0.06459948320413436	0.01808785529715762	5.273894731035996	7.137396099175395	0.0017226528854435831	0.025839793281653745	0.0	0.0034453057708871662	0.04392764857881137	0.00516795865633075	False	CASE3_INCREMENTAL_SIGNAL
epithelial_injury	DISEASE_ADJUSTED	THD0008	313	1.515752178554985	0.08999970870846954	-0.0848277447242316	-0.5993438393739665	0.24763725365272826	0.29207850719730455	0.31246468764333485	0.37939488619160683	0.24763725365272826	0.29207850719730455	-0.04444125354457629	0.04444125354457629	-14.493871475664475	0.2375065599506077	0.3020956097093842	-0.14828912209683387	False	fold_2	5.2087143530665365	6.83460818458728	7.646420232858695	0.05750798722044728	0.01597444089456869	7.5304791811028835	11.209516520737164	3.041166061436672	3.7722558691780925	4.050213704672594	0.012779552715654952	0.003194888178913738	5.380467795797607	8.297225788937483	0.0017039403620873268	0.025559105431309903	0.0	0.0004259850905218317	0.006389776357827476	0.0	False	CASE4_MORPHOLOGY_HARM
epithelial_injury	DISEASE_ADJUSTED	THD0011	124	1.5155371421667285	0.09220025086147739	-0.10819179367657195	-1.939403951038745	0.25775478095821225	0.4438362469823912	0.3196491222881904	0.5205898401515248	0.25775478095821225	0.4438362469823912	-0.18608146602417897	0.18608146602417897	-20.93593931588306	0.27839659663395805	0.33612264892934557	-0.1217246204604765	False	fold_4	4.677342478820876	5.790747498923555	6.5707564560678735	0.016129032258064516	0.0	7.61252099781612	11.775178567347409	2.828633982144863	3.488841381278465	3.756989953122114	0.008064516129032258	0.0	4.884189797621242	6.650959148749546	0.0	0.0	0.0	0.001075268817204301	0.016129032258064516	0.0	False	CASE4_MORPHOLOGY_HARM
epithelial_injury	DISEASE_ADJUSTED	TILD117	326	2.5562095204348307	0.26083880153656713	-0.14972631071461762	0.14166407590880303	0.4178848715624203	0.37199396154489317	0.5476250843249054	0.47316732109870996	0.4178848715624203	0.37199396154489317	0.04589091001752715	-0.04589091001752715	24.777929667718396	0.4236291954630211	0.5554990319819546	-0.25017650816106807	False	fold_5	4.638388350866245	6.50657733835326	7.248421884137288	0.04294478527607362	0.003067484662576687	7.6410808630061045	11.100055242168446	3.168255259260013	4.056964033010278	4.373778209368472	0.02147239263803681	0.0	4.956241607660334	6.736400189543171	0.00020449897750511248	0.003067484662576687	0.0	0.0006134969325153375	0.003067484662576687	0.003067484662576687	False	CASE3_INCREMENTAL_SIGNAL
epithelial_injury	DISEASE_ADJUSTED	TILD175	145	2.8825840240451406	0.2808822158415582	-1.327375080066425	-0.3511888298807262	0.6320408008764521	0.506723838316475	0.8085284593528427	0.6160559329778916	0.6320408008764521	0.506723838316475	0.12531696255997704	-0.12531696255997704	39.758036768802	0.650071408871251	0.8261663383254231	-1.1242205698512504	False	fold_2	4.5880943721035115	6.179110268325427	7.435910666379068	0.04827586206896552	0.0	7.5304791811028835	11.209516520737164	2.983370665332409	4.25780593699916	5.209932997995794	0.041379310344827586	0.0	5.380467795797607	8.297225788937483	0.0	0.0	0.0	0.001379310344827586	0.020689655172413793	0.0	False	CASE1_HARD_DONOR
epithelial_injury	DISEASE_ADJUSTED	VUHD069	74	1.41471513189573	0.0948697078395407	-0.12489610585080357	0.18623825495770285	0.26673830865396	0.22554392473069107	0.326678075346208	0.27785128936745557	0.26673830865396	0.22554392473069107	0.04119438392326891	-0.04119438392326891	2.1842747172471486	0.25673084126491985	0.31625430321996695	0.04909230564585598	False	fold_3	4.299001424296522	5.771850033408943	6.1967675786369	0.013513513513513514	0.0	7.491611470401054	11.211799532205417	2.383051170639969	3.017355122444585	3.3636287057125576	0.013513513513513514	0.0	4.91304572669697	6.538694073584642	0.0	0.0	0.0	0.0	0.0	0.0	False	CASE3_INCREMENTAL_SIGNAL
epithelial_injury	DISEASE_ADJUSTED	VUHD095	57	1.5605469255922	0.08410181729811682	0.09063799775602	-0.33474367906253666	0.21771402956185879	0.26987286571897584	0.27654836280580813	0.3350438315151224	0.21771402956185879	0.26987286571897584	-0.052158836157117056	0.052158836157117056	-2.039196207748367	0.28570356760432025	0.36468965353669325	-0.7451842703231679	True	fold_1	4.202614875608288	5.885186417674471	6.3717162629217325	0.017543859649122806	0.017543859649122806	7.5999146835813844	10.637192329373965	2.557220226074159	3.755196078284667	4.372236022960835	0.017543859649122806	0.0	4.96491280727709	6.639344026247243	0.0	0.0	0.0	0.0011695906432748538	0.017543859649122806	0.0	False	CASE4_MORPHOLOGY_HARM
epithelial_injury	DISEASE_ADJUSTED	VUHD113	6	1.4087172212193353	0.08035814371094553	-0.27260617901782624	0.06353946247401188	0.2698926640480092	0.2284785383461657	0.31978785189708464	0.27432139992013505	0.2698926640480092	0.2284785383461657	0.041414125701843524	-0.041414125701843524	0.1620722386008545	0.26265916655314864	0.31011420367885073	-0.20866007499667072	True	fold_5	4.6322793345814866	5.512509055201807	5.55379261734353	0.0	0.0	7.6410808630061045	11.100055242168446	2.740601790592886	3.0230939539657546	3.0424361719195896	0.0	0.0	4.956241607660334	6.736400189543171	0.0	0.0	0.0	0.0	0.0	0.0	False	CASE3_INCREMENTAL_SIGNAL
epithelial_injury	DISEASE_ADJUSTED	VUHD116	171	1.362455586623161	0.09293540204297289	0.038579258448943055	-1.6915586082339344	0.23656737329828761	0.4379821308235804	0.2989147422736132	0.5001410614801041	0.23656737329828761	0.4379821308235804	-0.20141475752529278	0.20141475752529278	-27.49527095732054	0.2278392855687901	0.2949017647035725	-0.16089846048753254	False	fold_1	4.723421944544603	6.310422917416135	6.756299198580431	0.017543859649122806	0.011695906432748537	7.5999146835813844	10.637192329373965	2.956792835489066	3.680926066772003	4.038843566365708	0.011695906432748537	0.0	4.96491280727709	6.639344026247243	0.0	0.0	0.0	0.0003898635477582846	0.005847953216374269	0.0	False	CASE4_MORPHOLOGY_HARM
epithelial_injury	DISEASE_ADJUSTED	VUILD102	133	2.0586826783277963	0.11977013752818343	-0.9017716899154276	-0.3651869047039962	0.39152182976558386	0.3144309971066379	0.4772582705919056	0.4043619954051971	0.39152182976558386	0.3144309971066379	0.07709083265894595	-0.07709083265894595	8.54748885820042	0.3438515181422993	0.42561389068711586	-0.18402550846875898	False	fold_4	4.298650149688638	5.278642206392082	5.648499002469511	0.007518796992481203	0.0	7.61252099781612	11.775178567347409	2.8135609697566157	3.3513255046112347	3.5252012172581333	0.0	0.0	4.884189797621242	6.650959148749546	0.0	0.0	0.0	0.0	0.0	0.0	False	CASE3_INCREMENTAL_SIGNAL
epithelial_injury	DISEASE_ADJUSTED	VUILD104	150	2.113961953746198	0.19047267134703938	-0.4525974828990067	-0.06976917686337725	0.4455185844561198	0.36271873232607504	0.5260039191486687	0.4513998148447681	0.4455185844561198	0.36271873232607504	0.08279985213004476	-0.08279985213004476	10.937749517680235	0.43585251152618115	0.5143140245304494	-0.246395213598964	False	fold_2	5.2929420806315495	10.363507908914093	12.680173442308487	0.21333333333333335	0.06666666666666667	7.5304791811028835	11.209516520737164	3.6211086036975955	5.918486843578249	7.240149879513593	0.16666666666666666	0.02	5.380467795797607	8.297225788937483	0.0017777777777777779	0.02666666666666667	0.0	0.0	0.0	0.0	False	CASE3_INCREMENTAL_SIGNAL
epithelial_injury	DISEASE_ADJUSTED	VUILD105	28	2.6690648422804055	0.37887554225902925	-0.08776553177396829	0.3061639216012798	0.5207475755144271	0.4092647574618863	0.641971771732639	0.5127158281564882	0.5207475755144271	0.4092647574618863	0.11148281805254079	-0.11148281805254079	4.179006587261804	0.44012558753423753	0.5481376973557086	0.20959202140424893	False	fold_4	4.725451992277625	5.944071802816359	6.407970059206748	0.03571428571428571	0.0	7.61252099781612	11.775178567347409	3.280966330455697	4.071161180429677	4.245169530830378	0.0	0.0	4.884189797621242	6.650959148749546	0.0	0.0	0.0	0.002380952380952381	0.03571428571428571	0.0	False	CASE3_INCREMENTAL_SIGNAL
epithelial_injury	DISEASE_ADJUSTED	VUILD106	155	2.613545940820606	0.4650506878643893	-0.23147080732653258	0.09650975819706642	0.6046061846689638	0.5266663940830383	0.7567670355083649	0.6482042567194524	0.6046061846689638	0.5266663940830383	0.07793979058592548	-0.07793979058592548	23.641776078449688	0.6118793043976826	0.7608593168633129	-0.33343731122223863	False	fold_3	4.990236429894503	8.254168541040814	9.955318569652407	0.13548387096774195	0.01935483870967742	7.491611470401054	11.211799532205417	3.340441165044803	4.581191901297684	4.922780453133836	0.05806451612903226	0.012903225806451613	4.91304572669697	6.538694073584642	0.00043010752688172043	0.0064516129032258064	0.0	0.00043010752688172043	0.0064516129032258064	0.0	False	CASE1_HARD_DONOR
epithelial_injury	DISEASE_ADJUSTED	VUILD107	93	2.646926303848132	0.4358613508312898	0.06093757308862613	0.4116352371353663	0.5169172141711226	0.39460422436464837	0.6397663776008401	0.5064044434280872	0.5169172141711226	0.39460422436464837	0.1223129898064742	-0.1223129898064742	14.215566855385475	0.5208142605806301	0.6470108085474217	-0.1030920541942506	False	fold_2	6.068925302228919	8.741739920747433	9.88893015872461	0.22580645161290322	0.021505376344086023	7.5304791811028835	11.209516520737164	4.168217404028669	5.377951050332257	6.066886738827697	0.0967741935483871	0.0	5.380467795797607	8.297225788937483	0.0007168458781362007	0.010752688172043012	0.0	0.0007168458781362007	0.010752688172043012	0.0	False	CASE3_INCREMENTAL_SIGNAL
epithelial_injury	DISEASE_ADJUSTED	VUILD110	319	2.2720466504185204	0.43812567111872264	-0.059303944588027235	-0.27786618266295426	0.5734587417767867	0.6274338356313042	0.6812549094438436	0.748241925368478	0.5734587417767867	0.6274338356313042	-0.053975093854517486	0.053975093854517486	-30.546714988854223	0.7040261898834274	0.8319098071454334	-0.5802362021720338	False	fold_1	5.389276667766357	7.95036911138558	9.101232236335967	0.12539184952978055	0.018808777429467086	7.5999146835813844	10.637192329373965	3.5441494123000936	5.168580900102263	5.684689803991317	0.11598746081504702	0.018808777429467086	4.96491280727709	6.639344026247243	0.0010449320794148381	0.01567398119122257	0.0	0.0	0.0	0.0	False	CASE1_HARD_DONOR
epithelial_injury	DISEASE_ADJUSTED	VUILD115	190	1.7787112536689638	0.2773100938199446	-1.3402318574684062	-2.2397387356493828	0.7258007393656026	0.8585057555917768	0.8055866905274609	0.9478461123700614	0.7258007393656026	0.8585057555917768	-0.13270501622617414	0.13270501622617414	-47.394043988209916	0.9754553679935785	1.0552010056377767	-3.4874399987431097	False	fold_4	4.7864640133787475	6.6127328029203944	7.276213358641004	0.03684210526315789	0.0	7.61252099781612	11.775178567347409	3.150863701177709	4.125551597802643	4.483418702806957	0.021052631578947368	0.005263157894736842	4.884189797621242	6.650959148749546	0.0	0.0	0.0	0.0	0.0	0.0	False	CASE1_HARD_DONOR
epithelial_injury	DISEASE_ADJUSTED	VUILD48	80	1.8839788562709567	0.10561503185508807	-0.7873925371212729	-0.2974421826151954	0.354937100790344	0.3058516360877854	0.43448304885876726	0.37017482011481934	0.354937100790344	0.3058516360877854	0.049085464702558645	-0.049085464702558645	4.139689783885686	0.33764526233334435	0.41558852032967747	-0.36834228550678416	False	fold_3	4.2885034491631115	5.476908662125021	5.759912392329778	0.0	0.0	7.491611470401054	11.211799532205417	2.990435624467253	3.7589904949430224	3.847670064941848	0.0	0.0	4.91304572669697	6.538694073584642	0.0	0.0	0.0	0.0	0.0	0.0	False	CASE3_INCREMENTAL_SIGNAL
epithelial_injury	DISEASE_ADJUSTED	VUILD78	384	2.1957241263442193	0.3204701256061952	-0.11536220196357849	-0.11453206805722838	0.4900513370722734	0.4802984527608884	0.5978630821180301	0.5976405540476921	0.4900513370722734	0.4802984527608884	0.00975288431138499	-0.00975288431138499	0.10215671701937312	0.5150894541636372	0.6361000419575098	-0.16396111901441524	False	fold_1	4.458959774231875	5.879617082275291	6.5664710450912605	0.028645833333333332	0.015625	7.5999146835813844	10.637192329373965	2.9461636888167373	3.7284737717446714	4.129547309547525	0.020833333333333332	0.013020833333333334	4.96491280727709	6.639344026247243	0.00017361111111111112	0.0026041666666666665	0.0	0.00034722222222222224	0.005208333333333333	0.0	False	CASE3_INCREMENTAL_SIGNAL
epithelial_injury	DISEASE_ADJUSTED	VUILD91	84	2.487009120347399	0.5290410881562001	-0.4800970413361998	0.20357576289827717	0.7131262038036315	0.5321942610383472	0.8848910381088032	0.6491079609974499	0.7131262038036315	0.5321942610383472	0.18093194276528424	-0.18093194276528424	30.3820443607807	0.699022076458797	0.8632002083169469	0.021634957330661786	False	fold_3	5.043624493663067	6.763888113751372	8.196124414174468	0.05952380952380952	0.011904761904761904	7.491611470401054	11.211799532205417	3.181294862449281	4.289072695920181	5.1022263492122715	0.07142857142857142	0.011904761904761904	4.91304572669697	6.538694073584642	0.0007936507936507937	0.011904761904761904	0.0	0.0	0.0	0.0	False	CASE2_POTENTIAL_RESCUE
epithelial_injury	DISEASE_ADJUSTED	VUILD96	387	2.4261524346546217	0.15560145215502982	-0.6780745556642258	0.09639181568157107	0.4156840299811006	0.2917158673727054	0.5109900563472444	0.37497032637145755	0.4156840299811006	0.2917158673727054	0.12396816260839522	-0.12396816260839522	46.63663161431069	0.4136965461125629	0.5075403941297839	-0.0262580248593125	False	fold_5	5.522285973023953	8.787289142769326	10.762866541300374	0.1524547803617571	0.04909560723514212	7.6410808630061045	11.100055242168446	3.5271409975943153	4.82101955937686	5.924339645474451	0.082687338501292	0.025839793281653745	4.956241607660334	6.736400189543171	0.0017226528854435831	0.025839793281653745	0.0	0.0024117140396210162	0.028423772609819122	0.00516795865633075	False	CASE3_INCREMENTAL_SIGNAL
fibroblast_activation	POOLED	THD0008	275	3.366956617609681	0.06258848548187428	-1.003645332941054	-1.8943349815241683	0.29071986386870946	0.3452962250622347	0.35412586298039045	0.4256195989035353	0.29071986386870946	0.3452962250622347	-0.054576361193525214	0.054576361193525214	-15.330401938279987	0.41771070772140545	0.4888562597045936	-1.570339067029821	True	fold_2	4.924713373712658	6.468019497673785	7.038101126649678	0.07272727272727272	0.0036363636363636364	6.8966449723242205	10.108573929276503	3.0512948439717453	3.998851372543537	4.347006976697269	0.02181818181818182	0.0036363636363636364	4.695544014399066	5.959205721464129	0.0	0.0	0.0	0.00024242424242424242	0.0036363636363636364	0.0	False	CASE4_MORPHOLOGY_HARM
fibroblast_activation	POOLED	THD0011	64	2.6037649039039605	0.20522602341824736	-2.6109949623079047	-3.3242664984398953	0.7534089176174641	0.8469197952610363	0.8608543063130807	0.9420467173530028	0.7534089176174641	0.8469197952610363	-0.09351087764357224	0.09351087764357224	-9.368440382578768	0.7140326208363834	0.8239330252809728	-2.1044135324109385	False	fold_4	4.048197877666852	5.189726606997248	5.486018435126569	0.015625	0.0	6.897038515707027	9.538441913952294	2.6421936779448174	3.198538954904881	3.4029202826738967	0.03125	0.0	4.4212214726748265	5.663168538098221	0.0	0.0	0.0	0.0	0.0	0.0	False	CASE1_HARD_DONOR
fibroblast_activation	POOLED	TILD117	511	3.9766698344337277	0.3199316844602521	-0.11844726711192677	0.4395527307004472	0.47211896998745906	0.33264309069419695	0.5981861902009142	0.42344402099705514	0.47211896998745906	0.33264309069419695	0.1394758792932621	-0.1394758792932621	91.22468028598311	0.4716237398151121	0.5978174186714761	-0.3635980458386978	False	fold_5	4.050881255006899	5.503715717389606	6.095560107593465	0.019569471624266144	0.0019569471624266144	6.973769033298275	9.968947143114365	2.935899124970761	3.6724469373378255	4.00932008783533	0.023483365949119372	0.0	4.409732055459749	5.78124700641097	0.0	0.0	0.0	0.0002609262883235486	0.003913894324853229	0.0	False	CASE3_INCREMENTAL_SIGNAL
fibroblast_activation	POOLED	TILD175	143	3.590821390220313	0.3185399957938473	-0.3379989686851703	0.17537569377609774	0.5105344145970546	0.38117324335374775	0.6528446873929098	0.5125190952892058	0.5105344145970546	0.38117324335374775	0.12936117124330687	-0.12936117124330687	23.38484188341446	0.5671861810364747	0.702014273644677	-0.3985290805473132	False	fold_2	4.6299357880275105	6.150304042754797	6.874647769674852	0.04895104895104895	0.0	6.8966449723242205	10.108573929276503	3.2067044152831983	4.269651839008257	4.513063610988108	0.04195804195804196	0.0	4.695544014399066	5.959205721464129	0.0	0.0	0.0	0.0	0.0	0.0	False	CASE3_INCREMENTAL_SIGNAL
fibroblast_activation	POOLED	VUHD069	25	3.2347388206827192	0.4058767357142314	0.327978375127878	-0.01928766238219559	0.44346327093351556	0.5637608716705266	0.5222623320061199	0.6431991520217321	0.44346327093351556	0.5637608716705266	-0.12029760073701101	0.12029760073701101	-3.523680143225115	0.6124652668729931	0.7131110458422883	-1.4298596969675081	False	fold_3	4.299658252777795	6.091761045318903	6.551763477969394	0.04	0.04	7.343402534080647	10.110037264145772	2.695529968385301	3.479738084163918	4.079974697731447	0.04	0.0	4.592490976074196	5.592832322636181	0.0	0.0	0.0	0.0	0.0	0.0	False	CASE4_MORPHOLOGY_HARM
fibroblast_activation	POOLED	VUHD095	10	2.360978865282744	0.09641286151475126	-9.965430970581382	-10.75238618430362	0.9532919078078477	1.0318329485074929	1.0282064858851199	1.0644628606274344	0.9532919078078477	1.0318329485074929	-0.07854104069964518	0.07854104069964518	-0.7587260403891398	0.9624708907656725	1.0285186575989653	-6.126303035456162	False	fold_1	3.6892182073842434	4.27591081354447	4.326383825755022	0.0	0.0	7.0022915741770335	9.735863874778067	2.4987806098842436	2.9193076873468056	2.956716172420037	0.0	0.0	4.317259914427866	5.381380448125138	0.0	0.0	0.0	0.0	0.0	0.0	False	CASE1_HARD_DONOR
fibroblast_activation	POOLED	VUHD113	1	2.85001290376351	0.0			0.1660368474153806	0.4241800867392542	0.1660368474153806	0.4241800867392542	0.1660368474153806	0.4241800867392542	-0.2581432393238736	0.2581432393238736	-0.15236051128648287	0.1345903305887481	0.1345903305887481		True	fold_5	4.357013482925167	4.357013482925167	4.357013482925167	0.0	0.0	6.973769033298275	9.968947143114365	2.2139641016925324	2.2139641016925324	2.2139641016925324	0.0	0.0	4.409732055459749	5.78124700641097	0.0	0.0	0.0	0.0	0.0	0.0	False	CASE4_MORPHOLOGY_HARM
fibroblast_activation	POOLED	VUHD116	110	2.8119004025203873	0.07812955693017028	-2.4593593643208114	-5.094883346147894	0.39108917262310194	0.6129320362459303	0.519882885269962	0.6900656022260554	0.39108917262310194	0.6129320362459303	-0.22184286362282835	0.22184286362282835	-22.650355307688674	0.4109552506457921	0.5288841690915277	-0.654461939132734	False	fold_1	4.7672907364950365	5.934010534882961	6.200378425918398	0.03636363636363636	0.0	7.0022915741770335	9.735863874778067	2.960517638058901	3.4911397821137777	3.9224044807815948	0.01818181818181818	0.00909090909090909	4.317259914427866	5.381380448125138	0.0006060606060606061	0.00909090909090909	0.0	0.0006060606060606061	0.00909090909090909	0.0	False	CASE4_MORPHOLOGY_HARM
fibroblast_activation	POOLED	VUILD102	291	4.355897168230674	0.21730775373886968	0.015061928572221106	-0.06349222242013464	0.3683994489162935	0.3943313389042551	0.46263882227269365	0.48073392429999967	0.3683994489162935	0.3943313389042551	-0.025931889987961587	0.025931889987961587	-4.967493994812722	0.389187229313741	0.48684316157818036	-0.5123044733655051	False	fold_4	4.153600765877935	6.280365206092448	7.079314390963839	0.061855670103092786	0.013745704467353952	6.897038515707027	9.538441913952294	2.890247330205976	3.8910365123520627	4.271207692270457	0.037800687285223365	0.003436426116838488	4.4212214726748265	5.663168538098221	0.0	0.0	0.0	0.0018327605956471936	0.027491408934707903	0.0	False	CASE4_MORPHOLOGY_HARM
fibroblast_activation	POOLED	VUILD104	340	4.077364374293304	0.48341851225580923	0.19303702216090046	0.6681949739590505	0.4838522091380466	0.31138622467947186	0.6245805329919394	0.4005005518694273	0.4838522091380466	0.31138622467947186	0.17246598445857475	-0.17246598445857475	78.09805104922492	0.36907079554405925	0.4952778886752814	0.16611607817094176	False	fold_2	4.40485460403544	7.128450724343805	8.392817428165234	0.1264705882352941	0.023529411764705882	6.8966449723242205	10.108573929276503	3.164726596155318	4.466592483914775	5.166102957966015	0.07941176470588235	0.008823529411764706	4.695544014399066	5.959205721464129	0.000784313725490196	0.011764705882352941	0.0	0.000588235294117647	0.008823529411764706	0.0	False	CASE3_INCREMENTAL_SIGNAL
fibroblast_activation	POOLED	VUILD105	96	3.493674010779067	0.1943068142940613	-1.3978876480903386	-0.4184533734595559	0.5384106689481046	0.41111149618185555	0.682587657327257	0.5249906248892362	0.5384106689481046	0.41111149618185555	0.12729917276624908	-0.12729917276624908	18.26983235653653	0.5144554082584294	0.6585883521457332	-0.3499071704350716	False	fold_4	4.523775193069457	6.147123233983599	7.483481726771459	0.0625	0.03125	6.897038515707027	9.538441913952294	3.2970055876094984	3.870149944044128	3.993989839703021	0.020833333333333332	0.010416666666666666	4.4212214726748265	5.663168538098221	0.0006944444444444445	0.010416666666666666	0.0	0.0	0.0	0.0	False	MIXED_BAD_M2_WITHOUT_LARGE_RESCUE
fibroblast_activation	POOLED	VUILD106	854	3.6826830014338996	0.3959545367360313	-3.3279181771931876	0.4973749149875982	0.4938354972092172	0.35035239358279313	1.3090679267639163	0.4461128586893611	0.4938354972092172	0.35035239358279313	0.14348310362642408	-0.14348310362642408	1293.504399681662	0.4372688349005868	1.2610154449071456	0.06227788245284871	False	fold_3	4.6841484672108615	6.8347764698012625	8.004423583334015	0.07377049180327869	0.02810304449648712	7.343402534080647	10.110037264145772	3.0453833028875326	3.8902566514909385	4.328385956713886	0.03395784543325527	0.02576112412177986	4.592490976074196	5.592832322636181	0.000858704137392662	0.01288056206088993	0.0	0.001483216237314598	0.02224824355971897	0.0	False	CASE3_INCREMENTAL_SIGNAL
fibroblast_activation	POOLED	VUILD107	336	4.08646028382969	0.32240177121954217	0.40182607665274894	0.46180140595905783	0.3453521839264679	0.32647884557972545	0.43914955582864523	0.41655273374047985	0.3453521839264679	0.32647884557972545	0.01887333834674243	-0.01887333834674243	6.4969472056706525	0.3333582005740397	0.4262678032819463	-0.27573100134000383	False	fold_2	5.256099965945861	7.728413431033635	9.468345314986106	0.22023809523809523	0.03571428571428571	6.8966449723242205	10.108573929276503	3.6220097174170225	4.406152318507422	4.760204640618257	0.05654761904761905	0.011904761904761904	4.695544014399066	5.959205721464129	0.0003968253968253968	0.005952380952380952	0.0	0.0017857142857142857	0.026785714285714284	0.0	False	CASE3_INCREMENTAL_SIGNAL
fibroblast_activation	POOLED	VUILD110	264	4.003610446136778	0.4390987770980965	-0.01643354427919408	0.2539630124361607	0.5315162434451128	0.4627656645815335	0.6680679054515926	0.5723494814440122	0.5315162434451128	0.4627656645815335	0.06875057886357933	-0.06875057886357933	31.344930509705563	0.5309729652268085	0.6636778615453947	-0.11894048484798025	False	fold_1	4.474378126951018	5.956010877658386	6.43031914257379	0.022727272727272728	0.003787878787878788	7.0022915741770335	9.735863874778067	3.1399222690469544	3.9827372009136104	4.153125017365733	0.030303030303030304	0.003787878787878788	4.317259914427866	5.381380448125138	0.0	0.0	0.0	0.0	0.0	0.0	False	CASE3_INCREMENTAL_SIGNAL
fibroblast_activation	POOLED	VUILD115	660	3.6279566723981356	0.2912122785003537	-0.16583851107063552	0.29831877571029486	0.4506917005496894	0.35463284866723116	0.5826718537670578	0.4520378171196772	0.4506917005496894	0.35463284866723116	0.09605885188245822	-0.09605885188245822	89.21107870357113	0.4251468589954128	0.5553151602144784	-0.5041111547712065	False	fold_4	4.818687540859834	7.093924637139302	8.185973392633315	0.11212121212121212	0.013636363636363636	6.897038515707027	9.538441913952294	3.2458463503523554	4.16008051887492	4.712565645294824	0.0696969696969697	0.00909090909090909	4.4212214726748265	5.663168538098221	0.000505050505050505	0.007575757575757576	0.0	0.00020202020202020202	0.0030303030303030303	0.0	False	CASE3_INCREMENTAL_SIGNAL
fibroblast_activation	POOLED	VUILD48	126	4.259298425088549	0.1366438491835067	-3.409544819432777	-1.0934617569178564	0.6857032918300573	0.44246468198690647	0.7762326824312963	0.534844531227274	0.6857032918300573	0.44246468198690647	0.24323860984315082	-0.24323860984315082	39.87629159103615	0.4990540885934451	0.5958647832480282	-1.31861532196472	False	fold_3	3.8745135798099017	4.859368847748503	5.9437736288723695	0.023809523809523808	0.0	7.343402534080647	10.110037264145772	2.74383574280525	3.3558923381031764	3.5743220984691275	0.015873015873015872	0.007936507936507936	4.592490976074196	5.592832322636181	0.0	0.0	0.0	0.0	0.0	0.0	False	CASE2_POTENTIAL_RESCUE
fibroblast_activation	POOLED	VUILD78	215	3.5040722071096067	0.6059550383585801	0.030604008702452057	0.05387932982907939	0.601199411001902	0.6042851849209044	0.7664270252877043	0.7571701175992523	0.601199411001902	0.6042851849209044	-0.0030857739190024436	0.0030857739190024436	3.0323165928101137	0.6186613858168413	0.7835511669060792	-0.3185415590106375	False	fold_1	4.156941042359941	5.840184290990974	6.3241220718973175	0.013953488372093023	0.004651162790697674	7.0022915741770335	9.735863874778067	2.691089224084748	3.2799635217632503	3.7703678251964132	0.023255813953488372	0.0	4.317259914427866	5.381380448125138	0.000310077519379845	0.004651162790697674	0.0	0.0015503875968992248	0.023255813953488372	0.0	False	CASE1_HARD_DONOR
fibroblast_activation	POOLED	VUILD91	265	4.431506927141939	0.27610711473586375	0.29499393486616854	-0.3515838008725689	0.3443073693915844	0.5179383667652205	0.44119971726576007	0.6108861625398444	0.3443073693915844	0.5179383667652205	-0.17363099737363613	0.17363099737363613	-47.309048962826694	0.3509490376768871	0.4403848148182563	-0.08737662539119828	False	fold_3	5.219804327555242	6.971583810591497	7.851647048510639	0.07547169811320754	0.022641509433962263	7.343402534080647	10.110037264145772	3.383112712774201	4.258157401796266	4.696170751211841	0.06415094339622641	0.018867924528301886	4.592490976074196	5.592832322636181	0.0010062893081761006	0.01509433962264151	0.0	0.0012578616352201257	0.018867924528301886	0.0	False	CASE4_MORPHOLOGY_HARM
fibroblast_activation	POOLED	VUILD96	283	3.9624445191166435	0.5166740016713649	0.48877934434562176	0.20389648524523163	0.4044295989532192	0.523614720557594	0.5139400956278917	0.6413470111515175	0.4044295989532192	0.523614720557594	-0.11918512160437472	0.11918512160437472	-41.655213409770816	0.40002505694665136	0.5103946965770839	-0.05042186612573096	False	fold_5	4.942232584879017	7.346838836843799	8.422174073203724	0.1166077738515901	0.02120141342756184	6.973769033298275	9.968947143114365	3.3855608921322595	4.205923983522963	4.480670893854653	0.0636042402826855	0.0035335689045936395	4.409732055459749	5.78124700641097	0.0	0.0	0.0	0.00023557126030624264	0.0035335689045936395	0.0	False	CASE4_MORPHOLOGY_HARM
fibroblast_activation	PF_ONLY	TILD117	511	3.9766698344337277	0.3199316844602521	0.12986318899878446	0.4496570184861316	0.4184959606247666	0.3334202174657517	0.5276213942350053	0.4196095293324608	0.4184959606247666	0.3334202174657517	0.08507574315901495	-0.08507574315901495	52.281523237967534	0.3682834098386014	0.463276015682011	0.14020527612473244	False	fold_5	4.17022064254956	5.822235442147056	6.226273206254566	0.0273972602739726	0.0019569471624266144	7.06971530031111	10.472429483030897	3.037784043568473	3.868245747319686	4.174283435018907	0.025440313111545987	0.0019569471624266144	4.545469496258551	5.98177764305342	0.0	0.0	0.0	0.0002609262883235486	0.003913894324853229	0.0	False	CASE3_INCREMENTAL_SIGNAL
fibroblast_activation	PF_ONLY	TILD175	143	3.590821390220313	0.3185399957938473	-0.06775496240648704	0.32425403290560095	0.44950443888906644	0.35040263718818315	0.5832003611399961	0.46395271043066355	0.44950443888906644	0.35040263718818315	0.09910180170088329	-0.09910180170088329	17.85648775165437	0.47134035445303896	0.6003181405739874	-0.1646375946580263	False	fold_2	4.808954670092787	6.528680907001312	6.971010152889401	0.04895104895104895	0.0	7.041286135791698	10.506299034839317	3.2541185621020476	4.26235526738682	4.708973309878851	0.06293706293706294	0.0	4.623426700838491	5.940113682324626	0.0	0.0	0.0	0.0	0.0	0.0	False	CASE3_INCREMENTAL_SIGNAL
fibroblast_activation	PF_ONLY	VUILD102	291	4.355897168230674	0.21730775373886968	0.2974292305189937	-0.01630671377093873	0.3127510187475417	0.38345518570557857	0.39073530139789864	0.46994821957242805	0.3127510187475417	0.38345518570557857	-0.07070416695803688	0.07070416695803688	-19.839580716349413	0.3755530653989318	0.46738778265070297	-0.44899008018867725	False	fold_4	4.282159546080036	6.286136590940162	6.909820216082397	0.048109965635738834	0.013745704467353952	7.142879372302461	10.03866374157516	2.9782568184684606	4.002960448468903	4.332153753311974	0.041237113402061855	0.0	4.543666743005888	6.066504434004335	0.0	0.0	0.0	0.0018327605956471936	0.027491408934707903	0.0	False	CASE4_MORPHOLOGY_HARM
fibroblast_activation	PF_ONLY	VUILD104	340	4.077364374293304	0.48341851225580923	0.2287207691119153	0.6896187537845939	0.47148958223320026	0.3093600150143846	0.6106149837088202	0.38735518620196074	0.47148958223320026	0.3093600150143846	0.16212956721881566	-0.16212956721881566	75.75425013773682	0.3838654723749592	0.5021529895288012	0.20593781198999805	False	fold_2	4.522528900727009	7.318692229954704	8.550489396972887	0.11176470588235295	0.026470588235294117	7.041286135791698	10.506299034839317	3.1332814928011916	4.519896685934513	4.894092334191543	0.08235294117647059	0.014705882352941176	4.623426700838491	5.940113682324626	0.000784313725490196	0.011764705882352941	0.0	0.000588235294117647	0.008823529411764706	0.0	False	CASE3_INCREMENTAL_SIGNAL
fibroblast_activation	PF_ONLY	VUILD105	96	3.493674010779067	0.1943068142940613	-0.9381780428326147	-0.1777021249278694	0.4844806851453003	0.3746338164510436	0.6136784182595182	0.4783675867803764	0.4844806851453003	0.3746338164510436	0.1098468686942567	-0.1098468686942567	14.18550268372063	0.40725533210331055	0.5058186344884177	0.054977424457815394	True	fold_4	4.501732914221528	6.016746324883551	7.400717711459487	0.0625	0.020833333333333332	7.142879372302461	10.03866374157516	3.2176906938951397	3.7653832126272384	3.9357700472480883	0.010416666666666666	0.010416666666666666	4.543666743005888	6.066504434004335	0.0006944444444444445	0.010416666666666666	0.0	0.0	0.0	0.0	False	CASE3_INCREMENTAL_SIGNAL
fibroblast_activation	PF_ONLY	VUILD106	854	3.6826830014338996	0.3959545367360313	0.2372677686533312	0.5088556190650187	0.4187779337463406	0.34664984922745107	0.5495518968364222	0.44098848717808425	0.4187779337463406	0.34664984922745107	0.07212808451888952	-0.07212808451888952	91.8361210349318	0.3709138083373759	0.4961843735010518	0.13494932151418604	False	fold_3	4.675226976830553	6.812182718132478	8.319129503512945	0.07611241217798595	0.026932084309133488	7.37467040705392	10.276178252009137	3.0833509691040915	3.9432374309956435	4.567479279811197	0.05035128805620609	0.02576112412177986	4.592614238839186	5.749889065110528	0.000936768149882904	0.01405152224824356	0.0	0.001483216237314598	0.02224824355971897	0.0	False	CASE3_INCREMENTAL_SIGNAL
fibroblast_activation	PF_ONLY	VUILD107	336	4.08646028382969	0.32240177121954217	0.14311253451158568	0.4710385976370075	0.41807366288222736	0.32177165320544165	0.5256063513783762	0.4129625806639165	0.41807366288222736	0.32177165320544165	0.0963020096767857	-0.0963020096767857	35.52324504311096	0.43690629174407797	0.539651491825805	-0.6029610682533009	False	fold_2	5.302128799813433	7.65141386521	9.34411577722102	0.20535714285714285	0.02976190476190476	7.041286135791698	10.506299034839317	3.5169785359053938	4.259814739960099	4.5414534758677325	0.044642857142857144	0.005952380952380952	4.623426700838491	5.940113682324626	0.0003968253968253968	0.005952380952380952	0.0	0.0017857142857142857	0.026785714285714284	0.0	False	CASE3_INCREMENTAL_SIGNAL
fibroblast_activation	PF_ONLY	VUILD110	264	4.003610446136778	0.4390987770980965	0.20205532116140723	0.3005085535577521	0.49052011771650833	0.43781466252747214	0.5919261209559513	0.5542073968501049	0.49052011771650833	0.43781466252747214	0.05270545518903619	-0.05270545518903619	11.41290320189971	0.4487993971403625	0.5601500237312924	0.09581932497568135	False	fold_1	4.653539464279977	6.091017402884917	6.570354413567632	0.030303030303030304	0.003787878787878788	7.105640099738727	9.975006146192099	3.2202392868864536	3.9981065853856292	4.287787433637023	0.026515151515151516	0.003787878787878788	4.399750192733824	5.655277656331614	0.0	0.0	0.0	0.000505050505050505	0.007575757575757576	0.0	False	MIXED_BAD_M2_WITHOUT_LARGE_RESCUE
fibroblast_activation	PF_ONLY	VUILD115	660	3.6279566723981356	0.2912122785003537	-0.4280519153205775	0.440388959971453	0.5029242398635176	0.31583536087125463	0.6448769278531366	0.4036899875407685	0.5029242398635176	0.31583536087125463	0.187088878992263	-0.187088878992263	166.91442638417823	0.354254304708713	0.45062756552715727	0.03420186072807463	False	fold_4	4.83644866799072	7.105769527395521	8.105686745264087	0.09848484848484848	0.019696969696969695	7.142879372302461	10.03866374157516	3.2641185857895594	4.25357523220173	4.698757419810703	0.05606060606060606	0.007575757575757576	4.543666743005888	6.066504434004335	0.000505050505050505	0.007575757575757576	0.0	0.00020202020202020202	0.0030303030303030303	0.0	False	CASE2_POTENTIAL_RESCUE
fibroblast_activation	PF_ONLY	VUILD48	126	4.259298425088549	0.1366438491835067	-0.9315961531393293	-0.19212161773864023	0.4362168269202754	0.33367294526951413	0.5137516262096036	0.40360387329989383	0.4362168269202754	0.33367294526951413	0.10254388165076128	-0.10254388165076128	12.731625508182272	0.37776206565840525	0.4483089908175833	-0.6372164239777567	True	fold_3	4.06490460918161	5.175597661386004	6.446018518322374	0.023809523809523808	0.0	7.37467040705392	10.276178252009137	2.849114499151506	3.485395858651472	4.0224063593762915	0.015873015873015872	0.007936507936507936	4.592614238839186	5.749889065110528	0.0	0.0	0.0	0.0	0.0	0.0	False	CASE3_INCREMENTAL_SIGNAL
fibroblast_activation	PF_ONLY	VUILD78	215	3.5040722071096067	0.6059550383585801	-0.2744431748273122	-0.05457738625193165	0.6796503509770028	0.6443268026142304	0.878780554455044	0.7993913187784694	0.6796503509770028	0.6443268026142304	0.035323548362772406	-0.035323548362772406	28.644188205235857	0.7112502880427543	0.8595705787513197	-0.5880711912369498	False	fold_1	4.250228153700174	5.843928785086501	6.392082339334404	0.013953488372093023	0.004651162790697674	7.105640099738727	9.975006146192099	2.7681949058571633	3.426875538516089	3.8579151266433587	0.03255813953488372	0.004651162790697674	4.399750192733824	5.655277656331614	0.000310077519379845	0.004651162790697674	0.0	0.0015503875968992248	0.023255813953488372	0.0	False	CASE1_HARD_DONOR
fibroblast_activation	PF_ONLY	VUILD91	265	4.431506927141939	0.27610711473586375	0.1994938251423104	-0.2799942901517387	0.37124880402363136	0.510814060599458	0.47013343878966907	0.5944876199990851	0.37124880402363136	0.510814060599458	-0.13956525657582664	0.13956525657582664	-35.083371216953935	0.3596037668128442	0.45282741008142036	-0.33078339249018285	False	fold_3	5.268027609072474	6.993780392723143	7.665144856527707	0.07169811320754717	0.018867924528301886	7.37467040705392	10.276178252009137	3.5370549413211494	4.495983821420091	4.868029792903911	0.07547169811320754	0.022641509433962263	4.592614238839186	5.749889065110528	0.0010062893081761006	0.01509433962264151	0.0	0.0012578616352201257	0.018867924528301886	0.0	False	CASE4_MORPHOLOGY_HARM
fibroblast_activation	PF_ONLY	VUILD96	283	3.9624445191166435	0.5166740016713649	0.36416157971244767	0.30191974876432703	0.47056686906808615	0.5073759847878411	0.5731676726982854	0.6005663301365528	0.47056686906808615	0.5073759847878411	-0.036809115719754926	0.036809115719754926	-9.100922250451013	0.44256557028718924	0.5452045472762975	0.09218207561214464	False	fold_5	5.05163349187646	7.112240591141171	7.9859075186380135	0.11307420494699646	0.0176678445229682	7.06971530031111	10.472429483030897	3.462302199931849	4.170271223263361	4.359591368824747	0.04240282685512368	0.0	4.545469496258551	5.98177764305342	0.0	0.0	0.0	0.00023557126030624264	0.0035335689045936395	0.0	False	CASE4_MORPHOLOGY_HARM
fibroblast_activation	DISEASE_ADJUSTED	THD0008	275	3.366956617609681	0.06258848548187428	-4.510278851532765	-2.656417280317105	0.5180538754513733	0.3884074208252214	0.5872648532819219	0.4783822946815667	0.5180538754513733	0.3884074208252214	0.12964645462615187	-0.12964645462615187	31.908356709744908	0.620924104756235	0.6869147857997355	-3.9338662146623573	True	fold_2	5.554167933429114	6.955059988329967	7.577842099712732	0.10181818181818182	0.0036363636363636364	6.952233980269946	10.236750085535006	3.2620369363986064	4.236872117920364	4.635776680902702	0.04363636363636364	0.0036363636363636364	4.700079176294135	5.972820536768569	0.0	0.0	0.0	0.00024242424242424242	0.0036363636363636364	0.0	False	CASE3_INCREMENTAL_SIGNAL
fibroblast_activation	DISEASE_ADJUSTED	THD0011	64	2.6037649039039605	0.20522602341824736	-1.7299680708094094	-2.7459140091431213	0.6432828246183886	0.7801367177648635	0.7485055051440833	0.8767890488385146	0.6432828246183886	0.7801367177648635	-0.1368538931464749	0.1368538931464749	-13.34390687565746	0.6190877192942451	0.725128084360053	-1.507930836292112	False	fold_4	4.569199846202336	5.4821751206572555	5.704870330265083	0.03125	0.0	6.94137767068388	9.663206373729196	2.923988037502604	3.5013893351672842	3.8279616677981587	0.015625	0.0	4.492943133577792	5.773169696547592	0.0	0.0	0.0	0.0	0.0	0.0	False	CASE1_HARD_DONOR
fibroblast_activation	DISEASE_ADJUSTED	TILD117	511	3.9766698344337277	0.3199316844602521	0.025929853018015314	0.44655741753282696	0.4397125540357755	0.33003203621449895	0.5582435874297096	0.4207895170518803	0.4397125540357755	0.33003203621449895	0.10968051782127658	-0.10968051782127658	68.76633556052053	0.44570879479321246	0.5655115157032389	-0.23337774476067996	False	fold_5	4.1070014624204205	5.573202133620438	6.1721887584728	0.019569471624266144	0.0019569471624266144	7.022881999846841	10.040303600737758	2.9408545455659496	3.6724469373378255	4.009320087835331	0.023483365949119372	0.0	4.48111779955125	5.805240466429607	0.0	0.0	0.0	0.0002609262883235486	0.003913894324853229	0.0	False	CASE3_INCREMENTAL_SIGNAL
fibroblast_activation	DISEASE_ADJUSTED	TILD175	143	3.590821390220313	0.3185399957938473	-0.15899295481844744	0.13159220309284148	0.4694909741266074	0.39038591731186306	0.6076064605918595	0.5259492522802466	0.4694909741266074	0.39038591731186306	0.07910505681474433	-0.07910505681474433	13.23650828197075	0.46624367871049255	0.5989294404064788	-0.018916244595854614	False	fold_2	4.690473575799102	6.2233067528434045	6.892379207175287	0.04895104895104895	0.0	6.952233980269946	10.236750085535006	3.2067044152831983	4.269651839008257	4.513063610988108	0.04195804195804196	0.0	4.700079176294135	5.972820536768569	0.0	0.0	0.0	0.0	0.0	0.0	False	CASE3_INCREMENTAL_SIGNAL
fibroblast_activation	DISEASE_ADJUSTED	VUHD069	25	3.2347388206827192	0.4058767357142314	-0.017576221958134575	0.0334439407489	0.5340353320985302	0.52998615673886	0.6426589416702982	0.6263406566826456	0.5340353320985302	0.52998615673886	0.0040491753596701985	-0.0040491753596701985	0.5176974273785042	0.5906539869640158	0.7055595382373482	-1.79177700088036	False	fold_3	4.662884875433672	6.824296903185809	7.129747968167318	0.04	0.04	7.4428893528842055	10.155316476635544	2.776627338944264	3.862539142222502	4.183376776847415	0.04	0.04	4.598358397188354	5.633339359433139	0.0	0.0	0.0	0.0	0.0	0.0	False	CASE1_HARD_DONOR
fibroblast_activation	DISEASE_ADJUSTED	VUHD095	10	2.360978865282744	0.09641286151475126	-7.741875631998427	-11.127634142528786	0.8479026626345443	1.046341704574504	0.9180573210246966	1.0813232222999731	0.8479026626345443	1.046341704574504	-0.19843904193995976	0.19843904193995976	-3.2643066639815386	0.8291270465133163	0.8987090764874743	-5.519298748884865	False	fold_1	4.454203152253086	4.798084158790599	5.08435150076605	0.0	0.0	7.092483091913598	9.818814718699274	2.604323056282791	3.3510727080430764	3.5029831049832634	0.0	0.0	4.374858409053021	5.468110163731701	0.0	0.0	0.0	0.0	0.0	0.0	False	CASE1_HARD_DONOR
fibroblast_activation	DISEASE_ADJUSTED	VUHD113	1	2.85001290376351	0.0			0.11108588448168	0.42219755590917174	0.11108588448168	0.42219755590917174	0.11108588448168	0.42219755590917174	-0.31111167142749174	0.31111167142749174	-0.16591070248460105	0.0921636403317892	0.0921636403317892		True	fold_5	4.497462622323161	4.497462622323161	4.497462622323161	0.0	0.0	7.022881999846841	10.040303600737758	2.2139641016925324	2.2139641016925324	2.2139641016925324	0.0	0.0	4.48111779955125	5.805240466429607	0.0	0.0	0.0	0.0	0.0	0.0	False	CASE4_MORPHOLOGY_HARM
fibroblast_activation	DISEASE_ADJUSTED	VUHD116	110	2.8119004025203873	0.07812955693017028	-1.3692389724558724	-5.903849760814008	0.32093621625843644	0.6681597274411745	0.43024131737859533	0.7344349684790754	0.32093621625843644	0.6681597274411745	-0.34722351118273803	0.34722351118273803	-38.97158449197104	0.3283041364140101	0.42894477236915846	-0.3382223770396737	False	fold_1	5.223255364161526	6.235771508611932	6.894169388061011	0.045454545454545456	0.00909090909090909	7.092483091913598	9.818814718699274	3.008683718128908	3.694926859397588	4.0755025699228975	0.01818181818181818	0.00909090909090909	4.374858409053021	5.468110163731701	0.0006060606060606061	0.00909090909090909	0.0	0.0006060606060606061	0.00909090909090909	0.0	False	CASE4_MORPHOLOGY_HARM
fibroblast_activation	DISEASE_ADJUSTED	VUILD102	291	4.355897168230674	0.21730775373886968	0.13105382048864678	-0.039360591695186464	0.3452804824587216	0.38966395883930666	0.4345442927822028	0.47524847764720246	0.3452804824587216	0.38966395883930666	-0.04438347638058504	0.04438347638058504	-10.776420576872013	0.3570086841076233	0.4485657263152823	-0.32448719184746233	False	fold_4	4.194814682774454	6.323298371371992	7.109382339358822	0.061855670103092786	0.013745704467353952	6.94137767068388	9.663206373729196	2.891085147214038	3.8910365123520627	4.2712076922704565	0.03436426116838488	0.003436426116838488	4.492943133577792	5.773169696547592	0.0	0.0	0.0	0.0018327605956471936	0.027491408934707903	0.0	False	CASE4_MORPHOLOGY_HARM
fibroblast_activation	DISEASE_ADJUSTED	VUILD104	340	4.077364374293304	0.48341851225580923	0.2685001974102089	0.6839373598468637	0.47063255970655243	0.3081887365305018	0.5946600257990905	0.3908842939828516	0.47063255970655243	0.3081887365305018	0.16244382317605066	-0.16244382317605066	68.2822051003069	0.3990957097137014	0.5094683643318466	0.16366228321989218	False	fold_2	4.447613545188699	7.176711851818655	8.423323299099524	0.12352941176470589	0.020588235294117647	6.952233980269946	10.236750085535006	3.173130271475606	4.466592483914775	5.1661029579660145	0.07941176470588235	0.008823529411764706	4.700079176294135	5.972820536768569	0.000784313725490196	0.011764705882352941	0.0	0.000588235294117647	0.008823529411764706	0.0	False	CASE3_INCREMENTAL_SIGNAL
fibroblast_activation	DISEASE_ADJUSTED	VUILD105	96	3.493674010779067	0.1943068142940613	-1.229682704810044	-0.41161809811095385	0.5205984442813458	0.41075681138903763	0.6582116249795392	0.5237241789757096	0.5205984442813458	0.41075681138903763	0.1098416328923082	-0.1098416328923082	15.259730650984743	0.5043410641488042	0.6413331872239442	-0.39910556019793675	False	fold_4	4.55193846600567	6.208766909559602	7.562594911786915	0.0625	0.03125	6.94137767068388	9.663206373729196	3.297005587609498	3.8701499440441283	3.9939898397030213	0.020833333333333332	0.010416666666666666	4.492943133577792	5.773169696547592	0.0006944444444444445	0.010416666666666666	0.0	0.0	0.0	0.0	False	MIXED_BAD_M2_WITHOUT_LARGE_RESCUE
fibroblast_activation	DISEASE_ADJUSTED	VUILD106	854	3.6826830014338996	0.3959545367360313	-4.775950005654451	0.5216618972117146	0.5140973022216042	0.3428578562532128	1.5122875416730066	0.43520126595947267	0.5140973022216042	0.3428578562532128	0.1712394459683914	-0.1712394459683914	1791.3619006528866	0.4628690715055542	1.4737182069952528	0.026345756501662376	False	fold_3	4.7183615243289605	6.929169053046107	8.042930755611675	0.0702576112412178	0.02810304449648712	7.4428893528842055	10.155316476635544	3.0500080062673867	3.8902566514909394	4.444760247107694	0.03981264637002342	0.02576112412177986	4.598358397188354	5.633339359433139	0.000858704137392662	0.01288056206088993	0.0	0.001483216237314598	0.02224824355971897	0.0	False	CASE3_INCREMENTAL_SIGNAL
fibroblast_activation	DISEASE_ADJUSTED	VUILD107	336	4.08646028382969	0.32240177121954217	0.063217725360452	0.42879769674282253	0.44178205315408076	0.34200557770498985	0.5495637038513933	0.42913475074246327	0.44178205315408076	0.34200557770498985	0.0997764754490909	-0.0997764754490909	39.60217977947811	0.464268236124586	0.5696083799943429	-0.7388178114048813	False	fold_2	5.302502199001216	7.7798993003345736	9.516063945288089	0.22023809523809523	0.03571428571428571	6.952233980269946	10.236750085535006	3.6220097174170225	4.406152318507422	4.795543258967041	0.05654761904761905	0.011904761904761904	4.700079176294135	5.972820536768569	0.0003968253968253968	0.005952380952380952	0.0	0.0017857142857142857	0.026785714285714284	0.0	False	CASE3_INCREMENTAL_SIGNAL
fibroblast_activation	DISEASE_ADJUSTED	VUILD110	264	4.003610446136778	0.4390987770980965	0.08905285461661483	0.26864125306207787	0.5118429131334192	0.4647012173806888	0.6324521938762221	0.5666910369861498	0.5118429131334192	0.4647012173806888	0.04714169575273042	-0.04714169575273042	20.818260180539852	0.5069576887103213	0.6298766958366411	-0.07110695186911009	False	fold_1	4.559064659748	6.02765324415185	6.521288682586743	0.022727272727272728	0.003787878787878788	7.092483091913598	9.818814718699274	3.1679410414046734	3.9905095519216114	4.162597643819207	0.030303030303030304	0.003787878787878788	4.374858409053021	5.468110163731701	0.0	0.0	0.0	0.0	0.0	0.0	False	CASE3_INCREMENTAL_SIGNAL
fibroblast_activation	DISEASE_ADJUSTED	VUILD115	660	3.6279566723981356	0.2912122785003537	-0.2164711559281447	0.2869567426722752	0.4574212152118467	0.35516098866522366	0.5951901688097628	0.45568295078455673	0.4574212152118467	0.35516098866522366	0.10226022654662303	-0.10226022654662303	96.75889437196832	0.4387235615946033	0.5758326841635111	-0.6058633925640291	False	fold_4	4.847052952445496	7.135482609456083	8.23062228762235	0.11666666666666667	0.013636363636363636	6.94137767068388	9.663206373729196	3.245846350352356	4.16008051887492	4.712565645294824	0.06666666666666667	0.00909090909090909	4.492943133577792	5.773169696547592	0.000505050505050505	0.007575757575757576	0.0	0.00020202020202020202	0.0030303030303030303	0.0	False	CASE3_INCREMENTAL_SIGNAL
fibroblast_activation	DISEASE_ADJUSTED	VUILD48	126	4.259298425088549	0.1366438491835067	-1.5229614426972957	-0.8816784844078109	0.5024755531240578	0.4107909224705897	0.5871517375191286	0.5070698088382608	0.5024755531240578	0.4107909224705897	0.0916846306534681	-0.0916846306534681	11.041048851394118	0.36905090690493636	0.4538432418683947	-0.4802247486275766	False	fold_3	4.012542247619438	4.926775539952944	6.056880573665739	0.023809523809523808	0.0	7.4428893528842055	10.155316476635544	2.783161982292167	3.4183781384460374	3.574322098469127	0.015873015873015872	0.007936507936507936	4.598358397188354	5.633339359433139	0.0	0.0	0.0	0.0	0.0	0.0	False	CASE3_INCREMENTAL_SIGNAL
fibroblast_activation	DISEASE_ADJUSTED	VUILD78	215	3.5040722071096067	0.6059550383585801	-0.033425891522867124	-0.028214018798229823	0.614739748081629	0.6281564099300659	0.7913340797277019	0.7893360914095536	0.614739748081629	0.6281564099300659	-0.013416661848436928	0.013416661848436928	0.6790045154071613	0.6183842259763054	0.7913663645182941	-0.3610990294467278	False	fold_1	4.216698821703546	5.855358622629018	6.352311214560813	0.013953488372093023	0.004651162790697674	7.092483091913598	9.818814718699274	2.7195893634650616	3.3049624533700417	3.7703678251964132	0.023255813953488372	0.0	4.374858409053021	5.468110163731701	0.000310077519379845	0.004651162790697674	0.0	0.0015503875968992248	0.023255813953488372	0.0	False	CASE1_HARD_DONOR
fibroblast_activation	DISEASE_ADJUSTED	VUILD91	265	4.431506927141939	0.27610711473586375	0.4461645110129979	-0.27974487973663864	0.30791195624783263	0.5027612416159092	0.3910472080229283	0.5944296984018196	0.30791195624783263	0.5027612416159092	-0.19484928536807655	0.19484928536807655	-53.113618071480985	0.2975596639251948	0.37769655445763417	0.04570667313655874	False	fold_3	5.299446337232393	6.9881994170743935	7.861506892991284	0.07547169811320754	0.022641509433962263	7.4428893528842055	10.155316476635544	3.399086476852404	4.258157401796265	4.696170751211841	0.06415094339622641	0.018867924528301886	4.598358397188354	5.633339359433139	0.0010062893081761006	0.01509433962264151	0.0	0.0012578616352201257	0.018867924528301886	0.0	False	CASE4_MORPHOLOGY_HARM
fibroblast_activation	DISEASE_ADJUSTED	VUILD96	283	3.9624445191166435	0.5166740016713649	0.4431122787716325	0.25150817931249136	0.43659923876384493	0.5127343063862839	0.5364041455923958	0.6218731898167832	0.43659923876384493	0.5127343063862839	-0.07613506762243899	0.07613506762243899	-28.016110475586505	0.43733895242407994	0.5380875014477003	-0.017946790711937055	False	fold_5	5.0248101499859334	7.393966177586866	8.44976018363779	0.11307420494699646	0.024734982332155476	7.022881999846841	10.040303600737758	3.411774729875901	4.205923983522964	4.480670893854653	0.053003533568904596	0.0035335689045936395	4.48111779955125	5.805240466429607	0.0	0.0	0.0	0.00023557126030624264	0.0035335689045936395	0.0	False	CASE4_MORPHOLOGY_HARM
macrophage_inflammatory	POOLED	THD0008	278	1.0824268710665175	0.06277838087979243	-2.2139335699812293	-2.25083992354642	0.3896432254066232	0.3919378031948752	0.44918319845986293	0.45175487479343535	0.3896432254066232	0.3919378031948752	-0.0022945777882519836	0.0022945777882519836	-0.6441040716379562	0.371631542651081	0.43188779795307025	-1.9987104064847085	False	fold_2	4.480706348775678	6.103534346577476	7.362869289593488	0.06474820143884892	0.046762589928057555	6.884296322929089	9.553102354060329	2.747254265748253	3.6896244817411388	4.146941246651395	0.039568345323741004	0.039568345323741004	5.411025561999004	6.360672546132531	0.0009592326139088729	0.014388489208633094	0.0	0.0009592326139088729	0.014388489208633094	0.0	False	CASE4_MORPHOLOGY_HARM
macrophage_inflammatory	POOLED	THD0011	71	0.6468293538847925	0.044822546334254865	-0.5882681745669036	-0.31325836141524466	0.219362975651379	0.19325808558206228	0.2668149618101418	0.24261818512506936	0.219362975651379	0.19325808558206228	0.02610489006931671	-0.02610489006931671	0.8751914465579153	0.2583562288516553	0.32093634216220845	-0.9241381471393455	False	fold_4	3.630112969104806	4.64192190134154	5.222488895510843	0.0	0.0	6.9966610231467055	9.347020475154626	2.569188173469007	3.2511598081419977	3.3267328765948525	0.0	0.0	4.902776200168365	5.792455520828406	0.0	0.0	0.0	0.0009389671361502347	0.014084507042253521	0.0	False	CASE3_INCREMENTAL_SIGNAL
macrophage_inflammatory	POOLED	TILD117	183	1.0103454642306229	0.17359251677833096	-0.23127453356599403	-0.7852580707988408	0.3553858619111333	0.45703991768301216	0.46232028413945503	0.5566933101886519	0.3553858619111333	0.45703991768301216	-0.10165405577187886	0.10165405577187886	-17.598633556208203	0.34599111756792533	0.4472716498994418	-0.33557376488141455	False	fold_5	4.341117558798554	6.096952776671146	6.493923477295649	0.02185792349726776	0.0	6.939319858800108	9.751623298473712	3.1294318163135446	3.9181426365805865	4.220887944444621	0.01639344262295082	0.0	4.895602957337764	5.986001170212521	0.0	0.0	0.0	0.00036429872495446266	0.00546448087431694	0.0	False	CASE4_MORPHOLOGY_HARM
macrophage_inflammatory	POOLED	TILD175	33	1.188507794049734	0.14342190058506535	-1.6170067062822686	-1.6198645425926967	0.5169554200402612	0.5171990644813953	0.6126467788692477	0.6129812003430998	0.5169554200402612	0.5171990644813953	-0.00024364444113411654	0.00024364444113411654	-0.013525918401686786	0.503026100150754	0.5960237042133808	-1.4827574750507777	False	fold_2	5.271696097670746	7.696651888045773	7.865163197305895	0.2727272727272727	0.030303030303030304	6.884296322929089	9.553102354060329	3.8646882496204955	5.167096399945459	5.798515242194989	0.09090909090909091	0.0	5.411025561999004	6.360672546132531	0.0	0.0	0.0	0.0	0.0	0.0	False	CASE1_HARD_DONOR
macrophage_inflammatory	POOLED	VUHD069	44	0.7187697999487236	0.08388277955596339	0.10884377672063184	-0.1480221978325469	0.21309663612566718	0.25850400429629355	0.273409328712954	0.31032127375695684	0.21309663612566718	0.25850400429629355	-0.04540736817062638	0.04540736817062638	-0.9480518044303681	0.22418260716009472	0.27384975446365134	-0.0719604285650084	False	fold_3	4.024756269712845	4.989250699596692	5.032617343188976	0.0	0.0	7.03313704890613	9.628329566331004	2.3356199584654194	3.033310522132307	3.1621396983061563	0.0	0.0	4.9061982053980175	6.012307241634328	0.0015151515151515152	0.022727272727272728	0.0	0.0	0.0	0.0	False	CASE4_MORPHOLOGY_HARM
macrophage_inflammatory	POOLED	VUHD095	44	0.8094344263339827	0.05387941718598487	-0.06052210496048116	-0.02488153717543984	0.19772973368487473	0.1822557188779896	0.23904040020072884	0.23498940382002118	0.19772973368487473	0.1822557188779896	0.015474014806885122	-0.015474014806885122	0.08449289289916767	0.22150791463410158	0.2615054867376329	-0.5668461430580494	False	fold_1	3.478532740117243	4.577883499113798	4.712842896061876	0.022727272727272728	0.022727272727272728	6.911983313859375	10.120324025463095	2.309017406389049	2.8195445538008914	2.903134323366146	0.022727272727272728	0.0	4.753746738505355	5.933945755820314	0.0	0.0	0.0	0.0015151515151515152	0.022727272727272728	0.0	False	CASE3_INCREMENTAL_SIGNAL
macrophage_inflammatory	POOLED	VUHD113	16	0.8544465595304208	0.054304161595699056	0.03459804469490657	0.2539788476257063	0.18283127152044037	0.1671485748796392	0.22896581357419196	0.20127606219405048	0.18283127152044037	0.1671485748796392	0.015682696640801186	-0.015682696640801186	0.19061264917357362	0.19338381079250627	0.2428180987952091	-0.4033922566400121	False	fold_5	4.296493911439641	5.4285757109003825	5.72815025094348	0.0	0.0	6.939319858800108	9.751623298473712	2.502092715457696	3.0214256500634478	3.203066859471472	0.0	0.0	4.895602957337764	5.986001170212521	0.0	0.0	0.0	0.0	0.0	0.0	False	CASE3_INCREMENTAL_SIGNAL
macrophage_inflammatory	POOLED	VUHD116	91	0.7770281544152333	0.06201395245824252	0.24617638838489575	0.0005500578859740646	0.16841441149235714	0.20416586885541996	0.21621189054397483	0.24895750881355727	0.16841441149235714	0.20416586885541996	-0.035751457363062816	0.035751457363062816	-1.3861356219667964	0.1941393460157231	0.23938642218886103	-0.6211752054767394	False	fold_1	4.083760709941508	5.398440478028508	5.8163430803243426	0.02197802197802198	0.0	6.911983313859375	10.120324025463095	2.583459187573871	3.321651912228206	3.678008216069739	0.01098901098901099	0.0	4.753746738505355	5.933945755820314	0.0007326007326007326	0.01098901098901099	0.0	0.0	0.0	0.0	False	CASE4_MORPHOLOGY_HARM
macrophage_inflammatory	POOLED	VUILD102	251	0.9677121120854912	0.1283556135624484	-1.1164111280609128	-1.5126888362692226	0.42920065150443304	0.4756098829512197	0.5212036539517466	0.567906433552967	0.42920065150443304	0.4756098829512197	-0.04640923144678666	0.04640923144678666	-12.766981562927835	0.4759484841493636	0.5602340353015512	-1.7807102056932487	False	fold_4	4.342578067592675	5.957867166269344	6.233784455566271	0.01593625498007968	0.0	6.9966610231467055	9.347020475154626	3.096548161838702	4.058444092554397	4.306675027867985	0.00398406374501992	0.0	4.902776200168365	5.792455520828406	0.0	0.0	0.0	0.0	0.0	0.0	False	CASE1_HARD_DONOR
macrophage_inflammatory	POOLED	VUILD104	102	0.5700251200410448	0.1867403174322289	-0.09164643327006017	-0.09623640283037749	0.3902958172450663	0.3912966523745815	0.4515023825768935	0.45245058718639036	0.3902958172450663	0.3912966523745815	-0.0010008351295152096	0.0010008351295152096	-0.08742750201518737	0.40076746747440356	0.4575896475226033	-0.1275772765889196	False	fold_2	4.499899206186102	9.68105182348011	11.883463931864396	0.17647058823529413	0.10784313725490197	6.884296322929089	9.553102354060329	3.2800772352350123	5.687731605046488	7.093065694275187	0.14705882352941177	0.06862745098039216	5.411025561999004	6.360672546132531	0.00130718954248366	0.0196078431372549	0.0	0.00065359477124183	0.00980392156862745	0.0	True	MIXED_BAD_M2_WITHOUT_LARGE_RESCUE
macrophage_inflammatory	POOLED	VUILD105	1	1.33971498354124	0.0			0.65860707719507	0.9529225253537201	0.65860707719507	0.9529225253537201	0.65860707719507	0.9529225253537201	-0.2943154481586502	0.2943154481586502	-0.4742980571950785	0.8272701390120474	0.8272701390120474		True	fold_4	6.507280688393879	6.507280688393879	6.507280688393879	0.0	0.0	6.9966610231467055	9.347020475154626	3.9258080551486967	3.9258080551486967	3.9258080551486967	0.0	0.0	4.902776200168365	5.792455520828406	0.0	0.0	0.0	0.0	0.0	0.0	False	CASE1_HARD_DONOR
macrophage_inflammatory	POOLED	VUILD106	121	0.8701042046094345	0.250383607886961	0.1978290060034844	-0.06201469306075458	0.3382278791363323	0.41600682595437577	0.4481634385122434	0.5156656576479718	0.3382278791363323	0.41600682595437577	-0.07777894681804348	0.07777894681804348	-7.872332945866151	0.34288758580392537	0.448116473696231	-0.11179491597864555	False	fold_3	4.953852216272629	6.694969044328629	7.070963649340728	0.05785123966942149	0.008264462809917356	7.03313704890613	9.628329566331004	3.3315067621872467	4.443345601714485	4.653929062060756	0.024793388429752067	0.0	4.9061982053980175	6.012307241634328	0.0005509641873278236	0.008264462809917356	0.0	0.0	0.0	0.0	False	CASE4_MORPHOLOGY_HARM
macrophage_inflammatory	POOLED	VUILD107	126	0.6397651783430143	0.12944940386386408	-0.029774988380042222	-0.033006168695666416	0.31682946314758675	0.31734457866385096	0.36510787222369506	0.36568023288844614	0.31682946314758675	0.31734457866385096	-0.0005151155162642085	0.0005151155162642085	-0.05270257006990528	0.3194527878326474	0.36918497583969634	-0.0545869422877463	False	fold_2	5.225425315138853	7.587065828374391	8.62527159741807	0.14285714285714285	0.015873015873015872	6.884296322929089	9.553102354060329	3.629168782940492	4.724607101512979	5.198724029370458	0.047619047619047616	0.007936507936507936	5.411025561999004	6.360672546132531	0.0005291005291005291	0.007936507936507936	0.0	0.0010582010582010583	0.015873015873015872	0.0	False	CASE4_MORPHOLOGY_HARM
macrophage_inflammatory	POOLED	VUILD110	424	0.43870064441032186	0.16946826093880688	0.03135224548721771	-0.6561172417673529	0.33604311885273885	0.48186027329256464	0.40516052426113963	0.5297728842372804	0.33604311885273885	0.48186027329256464	-0.1458171544398258	0.1458171544398258	-49.39780558429473	0.35640373128431346	0.4219291911822109	-0.2426259050689472	False	fold_1	5.619732753584891	7.934995315781488	8.764075637093091	0.22169811320754718	0.007075471698113208	6.911983313859375	10.120324025463095	3.8747247376817464	4.838554423815324	5.13985492071378	0.1179245283018868	0.0047169811320754715	4.753746738505355	5.933945755820314	0.0009433962264150943	0.014150943396226415	0.0	0.0	0.0	0.0	False	CASE4_MORPHOLOGY_HARM
macrophage_inflammatory	POOLED	VUILD115	275	0.33013023737896124	0.09639937232225412	0.36351883063831913	-1.5531567764631702	0.19657056203737192	0.4503015300372117	0.24770221077212926	0.4961075595990846	0.19657056203737192	0.4503015300372117	-0.25373096799983974	0.25373096799983974	-50.810739504238704	0.36366467298802263	0.4216863375187664	-2.852074849223578	False	fold_4	5.570100420220652	7.229885359561887	7.942800080934904	0.12727272727272726	0.014545454545454545	6.9966610231467055	9.347020475154626	3.6172193817739346	4.681795352473445	5.096635570459917	0.06181818181818182	0.014545454545454545	4.902776200168365	5.792455520828406	0.0007272727272727272	0.01090909090909091	0.0	0.0014545454545454545	0.02181818181818182	0.0	False	CASE4_MORPHOLOGY_HARM
macrophage_inflammatory	POOLED	VUILD48	134	0.41310620211155596	0.044333602320527035	-0.091243098683365	-0.3053904321308254	0.1840313473466727	0.19106960108466214	0.2199516709917157	0.24056737162613917	0.1840313473466727	0.19106960108466214	-0.007038253737989442	0.007038253737989442	-1.2721856443541744	0.15934750817781085	0.20089918028273218	-0.5927004239139255	True	fold_3	4.219166330328618	5.68750811316549	6.354351929478784	0.007462686567164179	0.007462686567164179	7.03313704890613	9.628329566331004	2.9731109456680205	3.709965975031981	4.044328362016159	0.007462686567164179	0.0	4.9061982053980175	6.012307241634328	0.0	0.0	0.0	0.0	0.0	0.0	False	CASE4_MORPHOLOGY_HARM
macrophage_inflammatory	POOLED	VUILD78	188	0.4498949445843704	0.06775100864306452	-1.5352275982027352	-1.5345523007986648	0.36443812919870744	0.369236136558047	0.41444447989805483	0.41438927934697994	0.36443812919870744	0.369236136558047	-0.004798007359339551	0.004798007359339551	0.008601391088848054	0.3991576623167027	0.44845875720729844	-2.3442515187814474	False	fold_1	3.8896062785717973	5.375090115824483	5.750242651522102	0.010638297872340425	0.005319148936170213	6.911983313859375	10.120324025463095	2.818209256678503	3.488417318857131	3.609677125798266	0.005319148936170213	0.0	4.753746738505355	5.933945755820314	0.0	0.0	0.0	0.0003546099290780142	0.005319148936170213	0.0	False	CASE4_MORPHOLOGY_HARM
macrophage_inflammatory	POOLED	VUILD91	92	0.48384629631259285	0.06573660033172751	-2.95590434321874	-0.5074690740286474	0.4451094918785276	0.26748090176357175	0.5099487256192679	0.31479500001089683	0.4451094918785276	0.26748090176357175	0.17762859011495585	-0.17762859011495585	14.807566587054641	0.42375783810431483	0.48614289936234095	-1.9059252504994602	False	fold_3	5.19596882942461	7.052578382744214	7.43983543959058	0.10869565217391304	0.021739130434782608	7.03313704890613	9.628329566331004	3.4247488999474722	4.4481032242837	4.632533123939393	0.03260869565217391	0.0	4.9061982053980175	6.012307241634328	0.0007246376811594203	0.010869565217391304	0.0	0.0014492753623188406	0.021739130434782608	0.0	False	CASE2_POTENTIAL_RESCUE
macrophage_inflammatory	POOLED	VUILD96	187	0.4823385266341593	0.14544760701593165	0.0141416212726162	0.2904410195744732	0.3259738531358848	0.27565999610849734	0.37866970045476844	0.3212532579438801	0.3259738531358848	0.27565999610849734	0.05031385702738744	-0.05031385702738744	7.514985138651069	0.3429734378211815	0.3969299777511213	-0.7694060940285843	False	fold_5	6.478435851330198	9.988000442504836	11.192626203291512	0.44919786096256686	0.12834224598930483	6.939319858800108	9.751623298473712	3.6921050837073084	5.28763029967825	5.752571857021763	0.13903743315508021	0.0427807486631016	4.895602957337764	5.986001170212521	0.00071301247771836	0.0106951871657754	0.0	0.006417112299465241	0.0855614973262032	0.0106951871657754	True	CASE3_INCREMENTAL_SIGNAL
macrophage_inflammatory	PF_ONLY	TILD117	183	1.0103454642306229	0.17359251677833096	-0.37201096829446634	-0.8227994768458851	0.3757332873135201	0.456990201534998	0.4880274961861383	0.5625160875636378	0.3757332873135201	0.456990201534998	-0.08125691422147785	0.08125691422147785	-14.320392647356947	0.4121018565082744	0.5183596098891594	-0.6964250692344944	False	fold_5	4.487026042510163	6.23029380869794	6.67367978513817	0.02185792349726776	0.0	7.340479979001262	10.570174189081087	3.1428213113017853	3.9135008026547715	4.273626665381888	0.01639344262295082	0.0	4.951410468067476	6.034426646458613	0.00036429872495446266	0.00546448087431694	0.0	0.0007285974499089253	0.01092896174863388	0.0	False	CASE4_MORPHOLOGY_HARM
macrophage_inflammatory	PF_ONLY	TILD175	33	1.188507794049734	0.14342190058506535	-1.8125696774519802	-1.8103746003163295	0.5382598396487351	0.5380631276126636	0.6351252543145228	0.6348773633808039	0.5382598396487351	0.5380631276126636	0.00019671203607152243	-0.00019671203607152243	0.010389130445952806	0.531318619121476	0.6277520419358166	-1.7478090122138887	False	fold_2	5.2951964903392374	8.126620061233373	9.38551535521776	0.2727272727272727	0.09090909090909091	6.93626039947673	9.19346067800126	3.6680350992946567	5.348670801374804	5.486771241309594	0.12121212121212122	0.0	5.281326259100738	6.191982143180411	0.0	0.0	0.0	0.0	0.0	0.0	False	CASE1_HARD_DONOR
macrophage_inflammatory	PF_ONLY	VUILD102	251	0.9677121120854912	0.1283556135624484	-0.998697722456559	-0.8782548695011272	0.41664708703844316	0.40035160381874557	0.50650179910024	0.49100362137307463	0.41664708703844316	0.40035160381874557	0.016295483219697593	-0.016295483219697593	3.880338588866835	0.42601154470654373	0.5137675724126348	-1.4098687418192997	False	fold_4	4.537654333095025	6.10796500741016	6.624457648647445	0.01195219123505976	0.0	7.396225468485655	9.729006147757287	3.082509347352005	4.041803362576297	4.296221415054857	0.00398406374501992	0.0	4.906048751972312	6.228287126913666	0.0	0.0	0.0	0.0002656042496679947	0.00398406374501992	0.0	False	CASE3_INCREMENTAL_SIGNAL
macrophage_inflammatory	PF_ONLY	VUILD104	102	0.5700251200410448	0.1867403174322289	-0.06291400861363527	-0.06082409537111899	0.37751215733951843	0.3770285836636725	0.4455209303407339	0.4450827207490309	0.37751215733951843	0.3770285836636725	0.0004835736758459497	-0.0004835736758459497	0.039807648355953254	0.3815301759062539	0.4473076218930799	-0.07166064564231966	False	fold_2	4.5602138645967365	10.036922647126666	14.235504796893043	0.19607843137254902	0.12745098039215685	6.93626039947673	9.19346067800126	3.236922516766728	5.534649868388862	7.646085895721473	0.12745098039215685	0.08823529411764706	5.281326259100738	6.191982143180411	0.00130718954248366	0.0196078431372549	0.0	0.00065359477124183	0.00980392156862745	0.0	True	CASE3_INCREMENTAL_SIGNAL
macrophage_inflammatory	PF_ONLY	VUILD105	1	1.33971498354124	0.0			0.6690857228352489	1.002270552715625	0.6690857228352489	1.002270552715625	0.6690857228352489	1.002270552715625	-0.3331848298803761	0.3331848298803761	-0.5568705563389171	0.7998141889038647	0.7998141889038647		True	fold_4	6.2864814504162405	6.2864814504162405	6.2864814504162405	0.0	0.0	7.396225468485655	9.729006147757287	3.675838628267056	3.675838628267056	3.675838628267056	0.0	0.0	4.906048751972312	6.228287126913666	0.0	0.0	0.0	0.0	0.0	0.0	False	CASE1_HARD_DONOR
macrophage_inflammatory	PF_ONLY	VUILD106	121	0.8701042046094345	0.250383607886961	0.1808559383694025	-0.05936653007528414	0.33936793456245384	0.41914255328143746	0.4528799460455808	0.5150223430832301	0.33936793456245384	0.41914255328143746	-0.07977461871898361	0.07977461871898361	-7.27787996970777	0.3914203363608509	0.4778342799423963	-0.2771411776731003	False	fold_3	5.055017215631759	7.642154835115518	8.199955135611532	0.1322314049586777	0.008264462809917356	7.25395558536587	9.854190151943962	3.3904090505561126	4.986060613202662	5.57078651510689	0.11570247933884298	0.01652892561983471	4.937497362997299	6.077105343565894	0.0005509641873278236	0.008264462809917356	0.0	0.0	0.0	0.0	False	CASE4_MORPHOLOGY_HARM
macrophage_inflammatory	PF_ONLY	VUILD107	126	0.6397651783430143	0.12944940386386408	-0.01160503651172795	-0.011408457174153286	0.31459124642069863	0.31458907909048617	0.3618724484153576	0.36183728642038077	0.31459124642069863	0.31458907909048617	2.1673302124658456e-06	-2.1673302124658456e-06	0.0032063318356816885	0.31548010511496977	0.3629344640872769	-0.017576278817033275	False	fold_2	5.154947364396225	7.259012507046325	8.491662355704655	0.12698412698412698	0.015873015873015872	6.93626039947673	9.19346067800126	3.531018776202127	4.468476379622418	4.792985278046652	0.015873015873015872	0.007936507936507936	5.281326259100738	6.191982143180411	0.0005291005291005291	0.007936507936507936	0.0	0.0010582010582010583	0.015873015873015872	0.0	False	CASE3_INCREMENTAL_SIGNAL
macrophage_inflammatory	PF_ONLY	VUILD110	424	0.43870064441032186	0.16946826093880688	0.05383524736692613	-0.5842819900075702	0.3300826418817641	0.4687236004993791	0.4004308869084944	0.5181558777851074	0.3300826418817641	0.4687236004993791	-0.138640958617615	0.138640958617615	-45.851622241003035	0.3495176133236791	0.414952314853084	-0.2550124524979862	False	fold_1	5.567062658599404	7.724199860876859	8.596200424653128	0.14386792452830188	0.009433962264150943	7.30425097481767	10.21177703812354	3.7982010631739573	4.654025641072987	4.943943041742865	0.05188679245283019	0.0023584905660377358	4.877562872403287	6.090203394151603	0.0012578616352201257	0.018867924528301886	0.0	0.0007861635220125787	0.01179245283018868	0.0	False	CASE4_MORPHOLOGY_HARM
macrophage_inflammatory	PF_ONLY	VUILD115	275	0.33013023737896124	0.09639937232225412	0.24668821676345176	-2.1971012334308493	0.22322411694286245	0.5145929579871679	0.26947872470189776	0.5551563312738479	0.22322411694286245	0.5145929579871679	-0.2913688410443054	0.2913688410443054	-64.78443649878122	0.2826930516188404	0.3311863210234072	-1.4635852966316056	False	fold_4	5.646768301325229	7.193030869968211	7.9723300954104825	0.08363636363636363	0.02181818181818182	7.396225468485655	9.729006147757287	3.5277107250860382	4.4783870412970535	4.906010513742018	0.05090909090909091	0.014545454545454545	4.906048751972312	6.228287126913666	0.0007272727272727272	0.01090909090909091	0.0	0.0026666666666666666	0.03272727272727273	0.007272727272727273	False	CASE4_MORPHOLOGY_HARM
macrophage_inflammatory	PF_ONLY	VUILD48	134	0.41310620211155596	0.044333602320527035	-0.05572195772567201	-0.3657641226496915	0.17662621222461491	0.19667458739994306	0.2163422229590382	0.24606755876627648	0.17662621222461491	0.19667458739994306	-0.020048375175328148	0.020048375175328148	-1.8418683296731237	0.15773049726330496	0.20505498223277638	-0.49677166305811493	True	fold_3	4.535645383089415	6.288214931887956	6.620222506779427	0.022388059701492536	0.007462686567164179	7.25395558536587	9.854190151943962	3.0697156799411927	3.8847594438479476	4.147477496923381	0.014925373134328358	0.0	4.937497362997299	6.077105343565894	0.0	0.0	0.0	0.0	0.0	0.0	False	CASE4_MORPHOLOGY_HARM
macrophage_inflammatory	PF_ONLY	VUILD78	188	0.4498949445843704	0.06775100864306452	-1.4627448768941935	-1.3602681804632684	0.36349046347267105	0.35569824066428946	0.4084769876506158	0.39988817173619556	0.36349046347267105	0.35569824066428946	0.007792222808381599	-0.007792222808381599	1.305265114573611	0.39246252517677066	0.437090825433999	-2.358529527675022	False	fold_1	3.986436439799297	5.459740303616269	5.915796489428197	0.010638297872340425	0.005319148936170213	7.30425097481767	10.21177703812354	2.872836877678428	3.503586719997587	3.554719970943194	0.005319148936170213	0.0	4.877562872403287	6.090203394151603	0.0	0.0	0.0	0.0003546099290780142	0.005319148936170213	0.0	False	CASE3_INCREMENTAL_SIGNAL
macrophage_inflammatory	PF_ONLY	VUILD91	92	0.48384629631259285	0.06573660033172751	-3.1634798536420083	-0.7283797617515113	0.45341985894198716	0.2904183108231461	0.5231567749041047	0.33707241005413885	0.45341985894198716	0.2904183108231461	0.16300154811884104	-0.16300154811884104	14.72691853876899	0.4037315537793763	0.4863194365985434	-1.5690759332961277	False	fold_3	5.391470734061285	7.42599282146101	8.931422692615667	0.16304347826086957	0.021739130434782608	7.25395558536587	9.854190151943962	3.593724405834987	4.6866477855425845	5.1047328828203895	0.06521739130434782	0.021739130434782608	4.937497362997299	6.077105343565894	0.0007246376811594203	0.010869565217391304	0.0	0.0014492753623188406	0.021739130434782608	0.0	False	CASE2_POTENTIAL_RESCUE
macrophage_inflammatory	PF_ONLY	VUILD96	187	0.4823385266341593	0.14544760701593165	-0.15122440294476158	0.1273929388873808	0.3607424805255074	0.3107356513877827	0.4091977939171474	0.3562563808607999	0.3607424805255074	0.3107356513877827	0.050006829137724695	-0.050006829137724695	7.578030195170867	0.3671184289009537	0.419295782769859	-0.6473859140869827	False	fold_5	6.485537369295327	9.597385953214115	10.839881852799255	0.33689839572192515	0.058823529411764705	7.340479979001262	10.570174189081087	3.6732799327119476	5.041425777089034	5.50489585870233	0.12299465240641712	0.03208556149732621	4.951410468067476	6.034426646458613	0.00071301247771836	0.0106951871657754	0.0	0.006417112299465241	0.0855614973262032	0.0106951871657754	False	CASE3_INCREMENTAL_SIGNAL
macrophage_inflammatory	DISEASE_ADJUSTED	THD0008	278	1.0824268710665175	0.06277838087979243	-2.2506302565641616	-2.2507424488065078	0.3919420670399249	0.3919307743949556	0.45174030631100687	0.4517481019254913	0.3919420670399249	0.3919307743949556	1.1292644969296273e-05	-1.1292644969296273e-05	-0.0019580227554508722	0.37376322656797084	0.43427429234238063	-2.006955322573661	False	fold_2	4.802778400081859	6.33288652906456	7.61300485613053	0.07194244604316546	0.046762589928057555	6.936945719620815	9.593026950322201	2.777248480143265	3.7870188478859257	4.383476523233096	0.039568345323741004	0.039568345323741004	5.411680599980875	6.360672546132531	0.0009592326139088729	0.014388489208633094	0.0	0.0009592326139088729	0.014388489208633094	0.0	False	MIXED_BAD_M2_WITHOUT_LARGE_RESCUE
macrophage_inflammatory	DISEASE_ADJUSTED	THD0011	71	0.6468293538847925	0.044822546334254865	-0.5670100011078434	-0.3181855157564488	0.21695776596985786	0.19350493281349138	0.26502335440654484	0.24307289309410268	0.21695776596985786	0.19350493281349138	0.02345283315636648	-0.02345283315636648	0.791859238686959	0.2554294986923794	0.31846221067456054	-0.8751305801348774	False	fold_4	4.151187832200276	5.0584911501392975	5.533429134932131	0.014084507042253521	0.0	7.060377316634365	9.451690406316715	2.662720935374469	3.3247214665893363	3.4561051065247907	0.0	0.0	4.941860602697734	5.792455520828406	0.0	0.0	0.0	0.0009389671361502347	0.014084507042253521	0.0	False	CASE3_INCREMENTAL_SIGNAL
macrophage_inflammatory	DISEASE_ADJUSTED	TILD117	183	1.0103454642306229	0.17359251677833096	-0.2693886209792109	-0.7872550142608261	0.35931539896109277	0.4573239185448222	0.46942130915155106	0.5570045745325872	0.35931539896109277	0.4573239185448222	-0.09800851958372941	0.09800851958372941	-16.451284693335072	0.3481613149406938	0.45293750398345173	-0.34865645214145435	False	fold_5	4.393541735476187	6.151387508816907	6.511798364529366	0.02185792349726776	0.0	7.046206861215066	9.831910289936294	3.1310990789960313	3.927351919934147	4.220887944444621	0.01639344262295082	0.0	4.898345773089721	5.986001170212521	0.0	0.0	0.0	0.00036429872495446266	0.00546448087431694	0.0	False	CASE4_MORPHOLOGY_HARM
macrophage_inflammatory	DISEASE_ADJUSTED	TILD175	33	1.188507794049734	0.14342190058506535	-1.6217686264588758	-1.6198920754109851	0.517376433724372	0.517202163558418	0.6132039133119	0.6129844213217778	0.517376433724372	0.517202163558418	0.0001742701659540602	-0.0001742701659540602	0.00888157108850188	0.5033530804636704	0.5964334934537904	-1.4809220513895212	False	fold_2	5.292444977644216	7.739084647296308	7.902440161473712	0.2727272727272727	0.030303030303030304	6.936945719620815	9.593026950322201	3.864688249620495	5.167096399945459	5.798515242194989	0.09090909090909091	0.0	5.411680599980875	6.360672546132531	0.0	0.0	0.0	0.0	0.0	0.0	False	CASE1_HARD_DONOR
macrophage_inflammatory	DISEASE_ADJUSTED	VUHD069	44	0.7187697999487236	0.08388277955596339	0.07924273147474592	-0.14963341072920078	0.21982727302135127	0.2587797628545585	0.2779130781022276	0.31053896045805246	0.21982727302135127	0.2587797628545585	-0.03895248983320723	0.03895248983320723	-0.8447457472129718	0.2307544496001552	0.2785714895193061	-0.10151876400440818	False	fold_3	4.142535180223778	5.060326640452158	5.1337524555629654	0.0	0.0	7.1138170177989535	9.7147274724698	2.3356199584654194	3.033310522132307	3.223773863619655	0.0	0.0	4.916953767649476	6.012307241634328	0.0015151515151515152	0.022727272727272728	0.0	0.0	0.0	0.0	False	CASE4_MORPHOLOGY_HARM
macrophage_inflammatory	DISEASE_ADJUSTED	VUHD095	44	0.8094344263339827	0.05387941718598487	-0.10524292414777991	-0.024871254723182412	0.20238286353882382	0.18225501911820166	0.2440283684369833	0.2349882250138379	0.20238286353882382	0.18225501911820166	0.020127844420622154	-0.020127844420622154	0.19053666310192588	0.22567412277805807	0.26617947224157285	-0.5908731058346595	False	fold_1	3.60185390568145	4.62038167628197	4.761569674674233	0.022727272727272728	0.022727272727272728	6.991278796999766	10.160250929376593	2.309017406389049	2.8195445538008914	2.9853858970831526	0.0	0.0	4.782713779060974	5.933945755820315	0.0	0.0	0.0	0.0015151515151515152	0.022727272727272728	0.0	False	CASE3_INCREMENTAL_SIGNAL
macrophage_inflammatory	DISEASE_ADJUSTED	VUHD113	16	0.8544465595304208	0.054304161595699056	0.19264785096406722	0.25158737579808266	0.16819755181850066	0.16750103703538205	0.2093862019472205	0.2015984129027858	0.16819755181850066	0.16750103703538205	0.0006965147831186069	-0.0006965147831186069	0.05121058369536141	0.17195753644900963	0.2204694588135507	-0.21920111360377348	False	fold_5	4.401534038488146	5.467101378171343	5.8085436631176695	0.0	0.0	7.046206861215066	9.831910289936294	2.5020927154576955	3.0214256500634473	3.203066859471471	0.0	0.0	4.898345773089721	5.986001170212521	0.0	0.0	0.0	0.0	0.0	0.0	False	CASE3_INCREMENTAL_SIGNAL
macrophage_inflammatory	DISEASE_ADJUSTED	VUHD116	91	0.7770281544152333	0.06201395245824252	0.22094146833564865	0.0005511049174076188	0.1720069246971889	0.2041662979643692	0.2198010435480717	0.24895737840862417	0.1720069246971889	0.2041662979643692	-0.0321593732671803	0.0321593732671803	-1.243722254253897	0.1969699287673546	0.24229948762171108	-0.621120998214767	False	fold_1	4.176116587707595	5.537481847328228	5.988504007205492	0.02197802197802198	0.0	6.991278796999766	10.160250929376593	2.583459187573871	3.325854457165839	3.7292335365045775	0.01098901098901099	0.0	4.782713779060974	5.933945755820315	0.0007326007326007326	0.01098901098901099	0.0	0.0	0.0	0.0	False	CASE4_MORPHOLOGY_HARM
macrophage_inflammatory	DISEASE_ADJUSTED	VUILD102	251	0.9677121120854912	0.1283556135624484	-1.1196224671273525	-1.5142243249127731	0.4295547256303353	0.47579345986699073	0.5215989285733647	0.5680799291101664	0.4295547256303353	0.47579345986699073	-0.04623873423665542	0.04623873423665542	-12.71299025580136	0.47647979390734474	0.5605138232768344	-1.7970529849092216	False	fold_4	4.4335270648904155	5.985135903073125	6.31401832699993	0.01593625498007968	0.0	7.060377316634365	9.451690406316715	3.116920047502562	4.058444092554397	4.306675027867984	0.00398406374501992	0.0	4.941860602697734	5.792455520828406	0.0	0.0	0.0	0.0	0.0	0.0	False	CASE1_HARD_DONOR
macrophage_inflammatory	DISEASE_ADJUSTED	VUILD104	102	0.5700251200410448	0.1867403174322289	-0.09844772968528304	-0.09623050498923957	0.39174887057016133	0.39129449880523237	0.4529066986964765	0.4524493700742473	0.39174887057016133	0.39129449880523237	0.0004543717649289625	-0.0004543717649289625	0.04223261484288978	0.40232048459185366	0.45909378091983355	-0.12930787106230035	False	fold_2	4.525108723061145	9.755861657366918	12.00127792393893	0.18627450980392157	0.10784313725490197	6.936945719620815	9.593026950322201	3.286220306496557	5.687731605046487	7.093065694275187	0.14705882352941177	0.06862745098039216	5.411680599980875	6.360672546132531	0.00130718954248366	0.0196078431372549	0.0	0.00065359477124183	0.00980392156862745	0.0	True	CASE3_INCREMENTAL_SIGNAL
macrophage_inflammatory	DISEASE_ADJUSTED	VUILD105	1	1.33971498354124	0.0			0.6571424352699937	0.9537152062809492	0.6571424352699937	0.9537152062809492	0.6571424352699937	0.9537152062809492	-0.29657277101095547	0.29657277101095547	-0.4777365144589356	0.8276715682186706	0.8276715682186706		True	fold_4	6.541304837191045	6.541304837191045	6.541304837191045	0.0	0.0	7.060377316634365	9.451690406316715	3.9258080551486967	3.9258080551486967	3.9258080551486967	0.0	0.0	4.941860602697734	5.792455520828406	0.0	0.0	0.0	0.0	0.0	0.0	False	CASE1_HARD_DONOR
macrophage_inflammatory	DISEASE_ADJUSTED	VUILD106	121	0.8701042046094345	0.250383607886961	0.2030276472018292	-0.061213236732234666	0.33588431159477933	0.41578271420860635	0.44670886836928364	0.5154710456955042	0.33588431159477933	0.41578271420860635	-0.07989840261382702	0.07989840261382702	-8.005551890348723	0.3412386958086639	0.4472470866024269	-0.11923551438931779	False	fold_3	5.025397450179791	6.90032675811132	7.400694266420859	0.0743801652892562	0.008264462809917356	7.1138170177989535	9.7147274724698	3.3322758370750916	4.554399593891143	4.694782505520866	0.03305785123966942	0.0	4.916953767649476	6.012307241634328	0.0005509641873278236	0.008264462809917356	0.0	0.0	0.0	0.0	False	CASE4_MORPHOLOGY_HARM
macrophage_inflammatory	DISEASE_ADJUSTED	VUILD107	126	0.6397651783430143	0.12944940386386408	-0.03359385916731572	-0.03300206985560661	0.3173806110697785	0.31734406462963727	0.365784238187705	0.3656795074008741	0.3173806110697785	0.31734406462963727	3.654644014122743e-05	-3.654644014122743e-05	0.009652453475331264	0.32002800324088787	0.37002761146587326	-0.057889801737728064	False	fold_2	5.279785113872636	7.6512998450859095	8.675480429466164	0.14285714285714285	0.015873015873015872	6.936945719620815	9.593026950322201	3.6291687829404915	4.724607101512979	5.198724029370458	0.047619047619047616	0.007936507936507936	5.411680599980875	6.360672546132531	0.0005291005291005291	0.007936507936507936	0.0	0.0010582010582010583	0.015873015873015872	0.0	False	CASE3_INCREMENTAL_SIGNAL
macrophage_inflammatory	DISEASE_ADJUSTED	VUILD110	424	0.43870064441032186	0.16946826093880688	0.035740715746890306	-0.6561062384173222	0.3341421460255938	0.48185830861277984	0.4042416900772026	0.5297711243117095	0.3341421460255938	0.48185830861277984	-0.14771616258718606	0.14771616258718606	-49.71234646700029	0.35387862786154106	0.42017445028332473	-0.2326023909882442	False	fold_1	5.689251933099777	7.959657660864532	8.813783439489425	0.21462264150943397	0.007075471698113208	6.991278796999766	10.160250929376593	3.881709651677637	4.8385544238153235	5.13985492071378	0.10849056603773585	0.0047169811320754715	4.782713779060974	5.933945755820315	0.0009433962264150943	0.014150943396226415	0.0	0.0	0.0	0.0	False	CASE4_MORPHOLOGY_HARM
macrophage_inflammatory	DISEASE_ADJUSTED	VUILD115	275	0.33013023737896124	0.09639937232225412	0.3634253874110328	-1.5496657805933767	0.19701328281375025	0.44995159572414206	0.2477203929632329	0.4957682733704644	0.19701328281375025	0.44995159572414206	-0.2529383129103918	0.2529383129103918	-50.71571664249008	0.3680313495901279	0.4257911809624189	-2.954027068540682	False	fold_4	5.633733927113136	7.314174841070638	8.020972348326751	0.12727272727272726	0.01818181818181818	7.060377316634365	9.451690406316715	3.6172193817739346	4.681795352473445	5.096635570459917	0.05818181818181818	0.014545454545454545	4.941860602697734	5.792455520828406	0.0007272727272727272	0.01090909090909091	0.0	0.0014545454545454545	0.02181818181818182	0.0	False	CASE4_MORPHOLOGY_HARM
macrophage_inflammatory	DISEASE_ADJUSTED	VUILD48	134	0.41310620211155596	0.044333602320527035	-0.10773427572118655	-0.3170181787959927	0.18543779605297742	0.19213082240916804	0.2216074250936555	0.24163642148410971	0.18543779605297742	0.19213082240916804	-0.006693026356190623	0.006693026356190623	-1.2432934503548274	0.16018340020120478	0.2020798664566204	-0.6366364347636586	True	fold_3	4.357555248885985	5.821839614480903	6.39485906258621	0.007462686567164179	0.007462686567164179	7.1138170177989535	9.7147274724698	3.0099209669167513	3.7394859658288357	4.055955678319614	0.007462686567164179	0.0	4.916953767649476	6.012307241634328	0.0	0.0	0.0	0.0	0.0	0.0	False	CASE4_MORPHOLOGY_HARM
macrophage_inflammatory	DISEASE_ADJUSTED	VUILD78	188	0.4498949445843704	0.06775100864306452	-1.4797941013238782	-1.534525573070011	0.35951461723307887	0.36923407651206075	0.40988846237948007	0.4143870944022441	0.35951461723307887	0.36923407651206075	-0.009719459278981879	0.009719459278981879	-0.6971251340801403	0.3929624702029329	0.4425629192269198	-2.268451895600372	False	fold_1	3.950917437424663	5.405081019473633	5.836252317587031	0.010638297872340425	0.005319148936170213	6.991278796999766	10.160250929376593	2.8439827990245967	3.493537585125054	3.609677125798266	0.005319148936170213	0.0	4.782713779060974	5.933945755820315	0.0	0.0	0.0	0.0003546099290780142	0.005319148936170213	0.0	False	CASE4_MORPHOLOGY_HARM
macrophage_inflammatory	DISEASE_ADJUSTED	VUILD91	92	0.48384629631259285	0.06573660033172751	-2.722797986784807	-0.5051975216358147	0.43500065991841785	0.2671187222037978	0.49469595043120446	0.31455773381063185	0.43500065991841785	0.2671187222037978	0.16788193771462007	-0.16788193771462007	13.41153142351161	0.4160432405752595	0.47259684560130605	-2.001339379593622	False	fold_3	5.286771737480047	7.085608531029948	7.609598390453744	0.09782608695652174	0.021739130434782608	7.1138170177989535	9.7147274724698	3.4247488999474722	4.4481032242837	4.632533123939393	0.03260869565217391	0.0	4.916953767649476	6.012307241634328	0.0007246376811594203	0.010869565217391304	0.0	0.0014492753623188406	0.021739130434782608	0.0	False	CASE2_POTENTIAL_RESCUE
macrophage_inflammatory	DISEASE_ADJUSTED	VUILD96	187	0.4823385266341593	0.14544760701593165	0.023430968693824883	0.292059133171947	0.3253951858304716	0.2753683243391398	0.3768814517714418	0.3208867479172748	0.3253951858304716	0.2753683243391398	0.05002686149133179	-0.05002686149133179	7.306337531979461	0.34489333076903833	0.39595607015615025	-0.7063260466951458	False	fold_5	6.522751136326523	10.038022132033921	11.2652003505619	0.4385026737967914	0.12834224598930483	7.046206861215066	9.831910289936294	3.692105083707309	5.305673427215899	5.752571857021763	0.1443850267379679	0.0427807486631016	4.898345773089721	5.986001170212521	0.00071301247771836	0.0106951871657754	0.0	0.006417112299465241	0.0855614973262032	0.0106951871657754	True	CASE3_INCREMENTAL_SIGNAL
