M2_R2	M4_R2	DeltaR2	residual_R2	residual_Pearson	residual_Spearman	delta_CI_low	delta_CI_high	delta_p	residual_CI_low	residual_CI_high	residual_p	n_donors	n_regions	target	stratum	run	donor_not_in_stratum	donor_id	delta_q	residual_q	M2_R2_full	M4_R2_full	DeltaR2_full	residual_R2_full	residual_Pearson_full	residual_Spearman_full	delta_CI_low_full	delta_CI_high_full	delta_p_full	residual_CI_low_full	residual_CI_high_full	residual_p_full	n_donors_full	n_regions_full	delta_q_full	residual_q_full	full_M2_R2	loo_M2_R2	full_M4_R2	loo_M4_R2	full_DeltaR2	loo_DeltaR2	full_residual_R2	loo_residual_R2	full_residual_Pearson	loo_residual_Pearson	full_residual_Spearman	loo_residual_Spearman	delta_influence	residual_influence	delta_sign_flip	residual_sign_flip	delta_CI_classification_change	delta_FDR_classification_change	residual_CI_classification_change	residual_FDR_classification_change	classification_change	leverage_category	qualitative_interpretation_change	full_phase1_verdict	loo_phase1_verdict	verdict_change	full_robust_targets	loo_robust_targets	loo_heterogeneity
0.1198574736645687	0.1973919509426203	0.0775344772780515	-0.1651135121156659	-0.1212344771365257	-0.0819362013135139	-0.103020054249915	0.2689142819794489	0.3818090954522739	-0.5139915418010338	0.0007488726159574	0.0559720139930035	18	2906	epithelial_injury	POOLED	loo_THD0008__epithelial_injury__POOLED	False	THD0008	0.3818090954522739	0.0839580209895052	0.1799302518067081	0.2677639374919135	0.0878336856852053	-0.1959579697696494	-0.0146865720520534	0.0479999305798339	-0.0662187996324282	0.2480353438538791	0.239880059970015	-0.4346371936267294	-0.0137595830367353	0.0209895052473763	19	3219	0.2398800599700149	0.0314842578710644	0.1799302518067081	0.1198574736645687	0.2677639374919135	0.1973919509426203	0.0878336856852053	0.0775344772780515	-0.1959579697696494	-0.1651135121156659	-0.0146865720520534	-0.1212344771365257	0.0479999305798339	-0.0819362013135139	-0.0102992084071538	0.0308444576539834	False	False	False	False	True	True	True	EXTREME_LEVERAGE	True	HOLD_MODEL_INSTABILITY	HOLD_MODEL_INSTABILITY	False			HIGH
-0.0453297138944717	0.0786337837904341	0.1239634976849058	-0.0927435152968481	0.1859700199751021	0.2179860510217435	-0.0745272670538763	0.3756504756353342	0.2168915542228885	-0.4225134165915305	0.1748766919361947	0.527736131934033	13	2474	epithelial_injury	PF_ONLY	loo_THD0008__epithelial_injury__PF_ONLY	True	THD0008	0.2168915542228885	0.527736131934033	-0.0453297138944717	0.0786337837904341	0.1239634976849058	-0.0927435152968481	0.1859700199751021	0.2179860510217435	-0.0745272670538763	0.3756504756353342	0.2168915542228885	-0.4225134165915305	0.1748766919361947	0.527736131934033	13	2474	0.2168915542228885	0.527736131934033	-0.0453297138944717	-0.0453297138944717	0.0786337837904341	0.0786337837904341	0.1239634976849058	0.1239634976849058	-0.0927435152968481	-0.0927435152968481	0.1859700199751021	0.1859700199751021	0.2179860510217435	0.2179860510217435	0.0	0.0	False	False	False	False	False	False	False	LOW_LEVERAGE	False	HOLD_MODEL_INSTABILITY	HOLD_MODEL_INSTABILITY	False			HIGH
0.1767381977940412	0.2168468868154949	0.0401086890214537	-0.2124639253557794	0.0218207417695516	0.045012718022334	-0.1395195908309869	0.2243092208541298	0.607696151924038	-0.4630587199564993	-0.008879435127424	0.0259870064967516	18	2906	epithelial_injury	DISEASE_ADJUSTED	loo_THD0008__epithelial_injury__DISEASE_ADJUSTED	False	THD0008	0.607696151924038	0.0554722638680659	0.2434773201000711	0.2909158950104775	0.0474385749104063	-0.162988712421026	0.026378272857383	0.0659119678398417	-0.1092351367830776	0.2036667971701989	0.5187406296851574	-0.376308402033229	0.0038535157265251	0.0619690154922538	19	3219	0.5187406296851574	0.0929535232383808	0.2434773201000711	0.1767381977940412	0.2909158950104775	0.2168468868154949	0.0474385749104063	0.0401086890214537	-0.162988712421026	-0.2124639253557794	0.026378272857383	0.0218207417695516	0.0659119678398417	0.045012718022334	-0.0073298858889526	-0.0494752129347533	False	False	False	False	True	False	True	EXTREME_LEVERAGE	True	HOLD_MODEL_INSTABILITY	HOLD_MODEL_INSTABILITY	False			HIGH
0.2303559768039198	0.4376341479805216	0.2072781711766017	0.0625214494413496	0.2912331706374712	0.3027374323935717	0.0153844531947999	0.3877242470563483	0.031984007996002	-0.120760349276172	0.1359686248516477	0.4237881059470265	18	4594	fibroblast_activation	POOLED	loo_THD0008__fibroblast_activation__POOLED	False	THD0008	0.047976011994003	0.4237881059470265	-0.2326160328227631	0.4376745630398683	0.6702905958626314	0.0552168329691414	0.2394739036546756	0.3082978632886964	-0.0108054461805848	1.691784470290271	0.0629685157421289	-0.1223621786351951	0.0985209425810092	0.3318340829585207	19	4869	0.0944527736131934	0.3318340829585207	-0.2326160328227631	0.2303559768039198	0.4376745630398683	0.4376341479805216	0.6702905958626314	0.2072781711766017	0.0552168329691414	0.0625214494413496	0.2394739036546756	0.2912331706374712	0.3082978632886964	0.3027374323935717	-0.4630124246860296	0.0073046164722081	False	False	True	True	False	False	True	EXTREME_LEVERAGE	True	HOLD_MODEL_INSTABILITY	HOLD_MODEL_INSTABILITY	False			HIGH
0.2320820439842654	0.4640700697059879	0.2319880257217225	0.1914831919645906	0.438830837993487	0.4045344205254975	0.0654655852417333	0.403652560125098	0.0069965017491254	0.0178019386345889	0.2843355103012586	0.0259870064967516	13	4384	fibroblast_activation	PF_ONLY	loo_THD0008__fibroblast_activation__PF_ONLY	True	THD0008	0.0209895052473763	0.0389805097451274	0.2320820439842654	0.4640700697059879	0.2319880257217225	0.1914831919645906	0.438830837993487	0.4045344205254975	0.0654655852417333	0.403652560125098	0.0069965017491254	0.0178019386345889	0.2843355103012586	0.0259870064967516	13	4384	0.0209895052473763	0.0389805097451274	0.2320820439842654	0.2320820439842654	0.4640700697059879	0.4640700697059879	0.2319880257217225	0.2319880257217225	0.1914831919645906	0.1914831919645906	0.438830837993487	0.438830837993487	0.4045344205254975	0.4045344205254975	0.0	0.0	False	False	False	False	False	False	False	LOW_LEVERAGE	False	HOLD_MODEL_INSTABILITY	HOLD_MODEL_INSTABILITY	False			HIGH
0.2956226150662241	0.4505446582987132	0.1549220432324891	0.0584099181161053	0.2725499584224295	0.2617773766062946	-0.0374021863358733	0.3043755884641839	0.095952023988006	-0.0552367935576826	0.1275464511090465	0.2998500749625187	18	4594	fibroblast_activation	DISEASE_ADJUSTED	loo_THD0008__fibroblast_activation__DISEASE_ADJUSTED	False	THD0008	0.1439280359820089	0.2998500749625187	-0.4437073119805621	0.4378578537109939	0.8815651656915561	0.0363693302995379	0.1922297195251491	0.2613615324350453	0.0060804709936153	2.2208982822890273	0.0449775112443778	-0.1390663331268575	0.0684732546422427	0.4697651174412793	19	4869	0.0674662668665667	0.4697651174412793	-0.4437073119805621	0.2956226150662241	0.4378578537109939	0.4505446582987132	0.8815651656915561	0.1549220432324891	0.0363693302995379	0.0584099181161053	0.1922297195251491	0.2725499584224295	0.2613615324350453	0.2617773766062946	-0.7266431224590669	0.0220405878165673	False	False	True	False	False	False	True	EXTREME_LEVERAGE	True	HOLD_MODEL_INSTABILITY	HOLD_MODEL_INSTABILITY	False			HIGH
0.1288345375305866	-0.1438444395858609	-0.2726789771164475	-0.0486652519230541	-0.2382718072878241	-0.2511512186733921	-0.5050011551620047	-0.0214997831848629	0.031984007996002	-0.2994802016660526	-0.0060428436299352	0.0369815092453773	18	2383	macrophage_inflammatory	POOLED	loo_THD0008__macrophage_inflammatory__POOLED	False	THD0008	0.047976011994003	0.0839580209895052	0.1542970526147858	-0.0813829391756046	-0.2356799917903905	-0.1187259439988814	-0.0877418877484186	-0.2011710877689566	-0.4581299225791371	-0.000539122615392	0.0509745127436281	-0.4516536932795192	-0.0231208843324509	0.016991504247876	19	2661	0.0944527736131934	0.0314842578710644	0.1542970526147858	0.1288345375305866	-0.0813829391756046	-0.1438444395858609	-0.2356799917903905	-0.2726789771164475	-0.1187259439988814	-0.0486652519230541	-0.0877418877484186	-0.2382718072878241	-0.2011710877689566	-0.2511512186733921	-0.0369989853260569	0.0700606920758273	False	False	False	True	False	True	True	EXTREME_LEVERAGE	True	HOLD_MODEL_INSTABILITY	HOLD_MODEL_INSTABILITY	False			HIGH
0.1180488477948439	-0.1404361284768878	-0.2584849762717317	-0.0920334008227883	-0.0130178160346671	-0.1072444802996393	-0.6531559276608678	0.0750381131185673	0.128935532233883	-0.4027442399609509	-0.0313375104361136	0.0019990004997501	13	2117	macrophage_inflammatory	PF_ONLY	loo_THD0008__macrophage_inflammatory__PF_ONLY	True	THD0008	0.1934032983508246	0.0059970014992503	0.1180488477948439	-0.1404361284768878	-0.2584849762717317	-0.0920334008227883	-0.0130178160346671	-0.1072444802996393	-0.6531559276608678	0.0750381131185673	0.128935532233883	-0.4027442399609509	-0.0313375104361136	0.0019990004997501	13	2117	0.1934032983508246	0.0059970014992503	0.1180488477948439	0.1180488477948439	-0.1404361284768878	-0.1404361284768878	-0.2584849762717317	-0.2584849762717317	-0.0920334008227883	-0.0920334008227883	-0.0130178160346671	-0.0130178160346671	-0.1072444802996393	-0.1072444802996393	0.0	0.0	False	False	False	False	False	False	False	LOW_LEVERAGE	False	HOLD_MODEL_INSTABILITY	HOLD_MODEL_INSTABILITY	False			HIGH
0.1277615442117405	-0.1439039771987522	-0.2716655214104928	-0.0501709947292257	-0.2409475385626018	-0.221107110703249	-0.5067356242502525	-0.0304611386803677	0.0379810094952523	-0.2870826319850495	-0.005747817894142	0.0369815092453773	18	2383	macrophage_inflammatory	DISEASE_ADJUSTED	loo_THD0008__macrophage_inflammatory__DISEASE_ADJUSTED	False	THD0008	0.1139430284857571	0.0554722638680659	0.1551250579439241	-0.0814413724054807	-0.2365664303494049	-0.1194535085914583	-0.0887828680776229	-0.1996586332665987	-0.4603472971083421	-0.0066136364055845	0.0439780109945027	-0.4428047023995438	-0.015653619881067	0.0229885057471264	19	2661	0.0674662668665667	0.0689655172413793	0.1551250579439241	0.1277615442117405	-0.0814413724054807	-0.1439039771987522	-0.2365664303494049	-0.2716655214104928	-0.1194535085914583	-0.0501709947292257	-0.0887828680776229	-0.2409475385626018	-0.1996586332665987	-0.221107110703249	-0.0350990910610878	0.0692825138622326	False	False	False	False	False	False	False	LOW_LEVERAGE	False	HOLD_MODEL_INSTABILITY	HOLD_MODEL_INSTABILITY	False			HIGH
0.1516363839474994	0.2737077440283035	0.1220713600808041	-0.1055537691735146	0.0472132463118008	0.1231250601627561	-0.0306661027316809	0.3109685721235518	0.1209395302348825	-0.3440959188174283	0.0655502622873779	0.2418790604697651	18	3095	epithelial_injury	POOLED	loo_THD0011__epithelial_injury__POOLED	False	THD0011	0.1209395302348825	0.2988505747126437	0.1799302518067081	0.2677639374919135	0.0878336856852053	-0.1959579697696494	-0.0146865720520534	0.0479999305798339	-0.0662187996324282	0.2480353438538791	0.239880059970015	-0.4346371936267294	-0.0137595830367353	0.0209895052473763	19	3219	0.2398800599700149	0.0314842578710644	0.1799302518067081	0.1516363839474994	0.2677639374919135	0.2737077440283035	0.0878336856852053	0.1220713600808041	-0.1959579697696494	-0.1055537691735146	-0.0146865720520534	0.0472132463118008	0.0479999305798339	0.1231250601627561	0.0342376743955987	0.0904042005961347	False	False	False	False	True	True	True	EXTREME_LEVERAGE	True	HOLD_MODEL_INSTABILITY	HOLD_MODEL_INSTABILITY	False			HIGH
-0.0453297138944717	0.0786337837904341	0.1239634976849058	-0.0927435152968481	0.1859700199751021	0.2179860510217435	-0.0745272670538763	0.3756504756353342	0.2168915542228885	-0.4225134165915305	0.1748766919361947	0.527736131934033	13	2474	epithelial_injury	PF_ONLY	loo_THD0011__epithelial_injury__PF_ONLY	True	THD0011	0.2168915542228885	0.527736131934033	-0.0453297138944717	0.0786337837904341	0.1239634976849058	-0.0927435152968481	0.1859700199751021	0.2179860510217435	-0.0745272670538763	0.3756504756353342	0.2168915542228885	-0.4225134165915305	0.1748766919361947	0.527736131934033	13	2474	0.2168915542228885	0.527736131934033	-0.0453297138944717	-0.0453297138944717	0.0786337837904341	0.0786337837904341	0.1239634976849058	0.1239634976849058	-0.0927435152968481	-0.0927435152968481	0.1859700199751021	0.1859700199751021	0.2179860510217435	0.2179860510217435	0.0	0.0	False	False	False	False	False	False	False	LOW_LEVERAGE	False	HOLD_MODEL_INSTABILITY	HOLD_MODEL_INSTABILITY	False			HIGH
0.2159200568965696	0.2844517014070064	0.0685316445104367	-0.0788191120010308	0.0995472663150536	0.1470547451512734	-0.089089555603203	0.2511487554854805	0.3738130934532733	-0.3084928579104184	0.1026345940600865	0.4447776111944028	18	3095	epithelial_injury	DISEASE_ADJUSTED	loo_THD0011__epithelial_injury__DISEASE_ADJUSTED	False	THD0011	0.3738130934532733	0.5307346326836582	0.2434773201000711	0.2909158950104775	0.0474385749104063	-0.162988712421026	0.026378272857383	0.0659119678398417	-0.1092351367830776	0.2036667971701989	0.5187406296851574	-0.376308402033229	0.0038535157265251	0.0619690154922538	19	3219	0.5187406296851574	0.0929535232383808	0.2434773201000711	0.2159200568965696	0.2909158950104775	0.2844517014070064	0.0474385749104063	0.0685316445104367	-0.162988712421026	-0.0788191120010308	0.026378272857383	0.0995472663150536	0.0659119678398417	0.1470547451512734	0.0210930696000303	0.0841696004199952	False	False	False	False	False	False	False	MODERATE_LEVERAGE	False	HOLD_MODEL_INSTABILITY	HOLD_MODEL_INSTABILITY	False			HIGH
-0.2456025037788802	0.4322931681793978	0.677895671958278	0.0578605975041291	0.247571406080223	0.3088640032815056	0.034588584163466	1.64087556100332	0.0129935032483758	-0.0878001780964263	0.0828096477047534	0.2988505747126437	18	4805	fibroblast_activation	POOLED	loo_THD0011__fibroblast_activation__POOLED	False	THD0011	0.0194902548725637	0.2988505747126437	-0.2326160328227631	0.4376745630398683	0.6702905958626314	0.0552168329691414	0.2394739036546756	0.3082978632886964	-0.0108054461805848	1.691784470290271	0.0629685157421289	-0.1223621786351951	0.0985209425810092	0.3318340829585207	19	4869	0.0944527736131934	0.3318340829585207	-0.2326160328227631	-0.2456025037788802	0.4376745630398683	0.4322931681793978	0.6702905958626314	0.677895671958278	0.0552168329691414	0.0578605975041291	0.2394739036546756	0.247571406080223	0.3082978632886964	0.3088640032815056	0.0076050760956466	0.0026437645349877	False	False	True	True	False	False	True	EXTREME_LEVERAGE	True	HOLD_MODEL_INSTABILITY	HOLD_MODEL_INSTABILITY	False			HIGH
0.2320820439842654	0.4640700697059879	0.2319880257217225	0.1914831919645906	0.438830837993487	0.4045344205254975	0.0654655852417333	0.403652560125098	0.0069965017491254	0.0178019386345889	0.2843355103012586	0.0259870064967516	13	4384	fibroblast_activation	PF_ONLY	loo_THD0011__fibroblast_activation__PF_ONLY	True	THD0011	0.0209895052473763	0.0389805097451274	0.2320820439842654	0.4640700697059879	0.2319880257217225	0.1914831919645906	0.438830837993487	0.4045344205254975	0.0654655852417333	0.403652560125098	0.0069965017491254	0.0178019386345889	0.2843355103012586	0.0259870064967516	13	4384	0.0209895052473763	0.0389805097451274	0.2320820439842654	0.2320820439842654	0.4640700697059879	0.4640700697059879	0.2319880257217225	0.2319880257217225	0.1914831919645906	0.1914831919645906	0.438830837993487	0.438830837993487	0.4045344205254975	0.4045344205254975	0.0	0.0	False	False	False	False	False	False	False	LOW_LEVERAGE	False	HOLD_MODEL_INSTABILITY	HOLD_MODEL_INSTABILITY	False			HIGH
-0.3448076751702784	0.4433416841656981	0.7881493593359765	0.0366903638328091	0.1980259079496309	0.1551048281570221	0.0294030036487568	1.8776125853707497	0.0279860069965017	-0.11957939433113	0.05487917308308	0.5307346326836582	18	4805	fibroblast_activation	DISEASE_ADJUSTED	loo_THD0011__fibroblast_activation__DISEASE_ADJUSTED	False	THD0011	0.0419790104947526	0.5307346326836582	-0.4437073119805621	0.4378578537109939	0.8815651656915561	0.0363693302995379	0.1922297195251491	0.2613615324350453	0.0060804709936153	2.2208982822890273	0.0449775112443778	-0.1390663331268575	0.0684732546422427	0.4697651174412793	19	4869	0.0674662668665667	0.4697651174412793	-0.4437073119805621	-0.3448076751702784	0.4378578537109939	0.4433416841656981	0.8815651656915561	0.7881493593359765	0.0363693302995379	0.0366903638328091	0.1922297195251491	0.1980259079496309	0.2613615324350453	0.1551048281570221	-0.0934158063555795	0.0003210335332711	False	False	False	True	False	False	True	EXTREME_LEVERAGE	True	HOLD_MODEL_INSTABILITY	HOLD_MODEL_INSTABILITY	False			HIGH
0.2472723442231217	-0.1030455096675819	-0.3503178538907037	-0.1324692778032812	-0.0812632438710821	-0.2107382733576533	-0.5465859677717522	-0.1544174417784041	0.0019990004997501	-0.5120957533182574	-0.0148732564582016	0.0269865067466266	18	2590	macrophage_inflammatory	POOLED	loo_THD0011__macrophage_inflammatory__POOLED	False	THD0011	0.0059970014992503	0.08095952023988	0.1542970526147858	-0.0813829391756046	-0.2356799917903905	-0.1187259439988814	-0.0877418877484186	-0.2011710877689566	-0.4581299225791371	-0.000539122615392	0.0509745127436281	-0.4516536932795192	-0.0231208843324509	0.016991504247876	19	2661	0.0944527736131934	0.0314842578710644	0.1542970526147858	0.2472723442231217	-0.0813829391756046	-0.1030455096675819	-0.2356799917903905	-0.3503178538907037	-0.1187259439988814	-0.1324692778032812	-0.0877418877484186	-0.0812632438710821	-0.2011710877689566	-0.2107382733576533	-0.1146378621003131	-0.0137433338043997	False	False	False	True	False	True	True	EXTREME_LEVERAGE	True	HOLD_MODEL_INSTABILITY	HOLD_MODEL_INSTABILITY	False			HIGH
0.1180488477948439	-0.1404361284768878	-0.2584849762717317	-0.0920334008227883	-0.0130178160346671	-0.1072444802996393	-0.6531559276608678	0.0750381131185673	0.128935532233883	-0.4027442399609509	-0.0313375104361136	0.0019990004997501	13	2117	macrophage_inflammatory	PF_ONLY	loo_THD0011__macrophage_inflammatory__PF_ONLY	True	THD0011	0.1934032983508246	0.0059970014992503	0.1180488477948439	-0.1404361284768878	-0.2584849762717317	-0.0920334008227883	-0.0130178160346671	-0.1072444802996393	-0.6531559276608678	0.0750381131185673	0.128935532233883	-0.4027442399609509	-0.0313375104361136	0.0019990004997501	13	2117	0.1934032983508246	0.0059970014992503	0.1180488477948439	0.1180488477948439	-0.1404361284768878	-0.1404361284768878	-0.2584849762717317	-0.2584849762717317	-0.0920334008227883	-0.0920334008227883	-0.0130178160346671	-0.0130178160346671	-0.1072444802996393	-0.1072444802996393	0.0	0.0	False	False	False	False	False	False	False	LOW_LEVERAGE	False	HOLD_MODEL_INSTABILITY	HOLD_MODEL_INSTABILITY	False			HIGH
0.2296404299724189	-0.1029352034587822	-0.3325756334312012	-0.1285471715808224	-0.0818804260164942	-0.2137671233317854	-0.5379152624917901	-0.1344626385740935	0.0069965017491254	-0.4584568914905909	-0.0109590834217796	0.0239880059970015	18	2590	macrophage_inflammatory	DISEASE_ADJUSTED	loo_THD0011__macrophage_inflammatory__DISEASE_ADJUSTED	False	THD0011	0.0209895052473763	0.0719640179910044	0.1551250579439241	-0.0814413724054807	-0.2365664303494049	-0.1194535085914583	-0.0887828680776229	-0.1996586332665987	-0.4603472971083421	-0.0066136364055845	0.0439780109945027	-0.4428047023995438	-0.015653619881067	0.0229885057471264	19	2661	0.0674662668665667	0.0689655172413793	0.1551250579439241	0.2296404299724189	-0.0814413724054807	-0.1029352034587822	-0.2365664303494049	-0.3325756334312012	-0.1194535085914583	-0.1285471715808224	-0.0887828680776229	-0.0818804260164942	-0.1996586332665987	-0.2137671233317854	-0.0960092030817962	-0.009093662989364	False	False	False	True	False	False	True	EXTREME_LEVERAGE	True	HOLD_MODEL_INSTABILITY	HOLD_MODEL_INSTABILITY	False			HIGH
0.1611124973508009	0.2287855519851457	0.0676730546343448	-0.119352322454963	-0.0882993189786967	-0.0616463141252788	-0.1045854808688575	0.2375587420860906	0.4077961019490255	-0.4278706626370034	0.0057893588346886	0.096951524237881	18	2893	epithelial_injury	POOLED	loo_TILD117__epithelial_injury__POOLED	False	TILD117	0.4077961019490255	0.1454272863568216	0.1799302518067081	0.2677639374919135	0.0878336856852053	-0.1959579697696494	-0.0146865720520534	0.0479999305798339	-0.0662187996324282	0.2480353438538791	0.239880059970015	-0.4346371936267294	-0.0137595830367353	0.0209895052473763	19	3219	0.2398800599700149	0.0314842578710644	0.1799302518067081	0.1611124973508009	0.2677639374919135	0.2287855519851457	0.0878336856852053	0.0676730546343448	-0.1959579697696494	-0.119352322454963	-0.0146865720520534	-0.0882993189786967	0.0479999305798339	-0.0616463141252788	-0.0201606310508605	0.0766056473146863	False	False	False	False	True	True	True	EXTREME_LEVERAGE	True	HOLD_MODEL_INSTABILITY	HOLD_MODEL_INSTABILITY	False			HIGH
-0.091144604968482	0.0031920191929618	0.0943366241614439	-0.1821960443731802	0.0786569700279843	0.1127041901655319	-0.1394642806644086	0.4090475057940845	0.4187906046976511	-0.4862828578227788	0.0473807416909705	0.1529235382308845	12	2148	epithelial_injury	PF_ONLY	loo_TILD117__epithelial_injury__PF_ONLY	False	TILD117	0.4187906046976512	0.2518740629685158	-0.0453297138944717	0.0786337837904341	0.1239634976849058	-0.0927435152968481	0.1859700199751021	0.2179860510217435	-0.0745272670538763	0.3756504756353342	0.2168915542228885	-0.4225134165915305	0.1748766919361947	0.527736131934033	13	2474	0.2168915542228885	0.527736131934033	-0.0453297138944717	-0.091144604968482	0.0786337837904341	0.0031920191929618	0.1239634976849058	0.0943366241614439	-0.0927435152968481	-0.1821960443731802	0.1859700199751021	0.0786569700279843	0.2179860510217435	0.1127041901655319	-0.0296268735234619	-0.0894525290763321	False	False	False	False	False	False	False	MODERATE_LEVERAGE	False	HOLD_MODEL_INSTABILITY	HOLD_MODEL_INSTABILITY	False			HIGH
0.2259928680194707	0.2457926195541433	0.0197997515346726	-0.1823128224096131	0.0386680294933015	0.0570485916010209	-0.1561710382763132	0.1907641769591026	0.7856071964017991	-0.4168845382145654	-0.0012884719854144	0.047976011994003	18	2893	epithelial_injury	DISEASE_ADJUSTED	loo_TILD117__epithelial_injury__DISEASE_ADJUSTED	False	TILD117	0.7856071964017991	0.0719640179910044	0.2434773201000711	0.2909158950104775	0.0474385749104063	-0.162988712421026	0.026378272857383	0.0659119678398417	-0.1092351367830776	0.2036667971701989	0.5187406296851574	-0.376308402033229	0.0038535157265251	0.0619690154922538	19	3219	0.5187406296851574	0.0929535232383808	0.2434773201000711	0.2259928680194707	0.2909158950104775	0.2457926195541433	0.0474385749104063	0.0197997515346726	-0.162988712421026	-0.1823128224096131	0.026378272857383	0.0386680294933015	0.0659119678398417	0.0570485916010209	-0.0276388233757337	-0.019324109988587	False	False	False	False	True	False	True	EXTREME_LEVERAGE	True	HOLD_MODEL_INSTABILITY	HOLD_MODEL_INSTABILITY	False			HIGH
-0.2236718511423456	0.4272796980524732	0.6509515491948189	0.0632487025028996	0.2531430148394384	0.2969933075806318	-0.0440042737357964	1.6580995423085338	0.1259370314842578	-0.1031617246850851	0.1055473500947811	0.256871564217891	18	4358	fibroblast_activation	POOLED	loo_TILD117__fibroblast_activation__POOLED	False	TILD117	0.3778110944527736	0.256871564217891	-0.2326160328227631	0.4376745630398683	0.6702905958626314	0.0552168329691414	0.2394739036546756	0.3082978632886964	-0.0108054461805848	1.691784470290271	0.0629685157421289	-0.1223621786351951	0.0985209425810092	0.3318340829585207	19	4869	0.0944527736131934	0.3318340829585207	-0.2326160328227631	-0.2236718511423456	0.4376745630398683	0.4272796980524732	0.6702905958626314	0.6509515491948189	0.0552168329691414	0.0632487025028996	0.2394739036546756	0.2531430148394384	0.3082978632886964	0.2969933075806318	-0.0193390466678125	0.0080318695337581	False	False	False	False	False	False	False	LOW_LEVERAGE	False	HOLD_MODEL_INSTABILITY	HOLD_MODEL_INSTABILITY	False			HIGH
0.2246840331322057	0.4514596877102614	0.2267756545780557	0.1066831922312728	0.3363949985641285	0.328054574832823	0.0246606676345523	0.4090625580344302	0.0289855072463768	-0.0647265146534552	0.2111490372584713	0.2748625687156422	12	3873	fibroblast_activation	PF_ONLY	loo_TILD117__fibroblast_activation__PF_ONLY	False	TILD117	0.0869565217391304	0.2748625687156422	0.2320820439842654	0.4640700697059879	0.2319880257217225	0.1914831919645906	0.438830837993487	0.4045344205254975	0.0654655852417333	0.403652560125098	0.0069965017491254	0.0178019386345889	0.2843355103012586	0.0259870064967516	13	4384	0.0209895052473763	0.0389805097451274	0.2320820439842654	0.2246840331322057	0.4640700697059879	0.4514596877102614	0.2319880257217225	0.2267756545780557	0.1914831919645906	0.1066831922312728	0.438830837993487	0.3363949985641285	0.4045344205254975	0.328054574832823	-0.0052123711436667	-0.0847999997333177	False	False	False	True	True	True	True	EXTREME_LEVERAGE	True	HOLD_MODEL_INSTABILITY	HOLD_MODEL_INSTABILITY	False			HIGH
-0.4188222085268365	0.4266575394931616	0.8454797480199981	0.0373847352355648	0.1944932980803526	0.3735423893206789	-0.0444943897411992	2.1384087236750267	0.1459270364817591	-0.1042239122312659	0.0495402564595849	0.3698150924537731	18	4358	fibroblast_activation	DISEASE_ADJUSTED	loo_TILD117__fibroblast_activation__DISEASE_ADJUSTED	False	TILD117	0.368815592203898	0.3698150924537731	-0.4437073119805621	0.4378578537109939	0.8815651656915561	0.0363693302995379	0.1922297195251491	0.2613615324350453	0.0060804709936153	2.2208982822890273	0.0449775112443778	-0.1390663331268575	0.0684732546422427	0.4697651174412793	19	4869	0.0674662668665667	0.4697651174412793	-0.4437073119805621	-0.4188222085268365	0.4378578537109939	0.4266575394931616	0.8815651656915561	0.8454797480199981	0.0363693302995379	0.0373847352355648	0.1922297195251491	0.1944932980803526	0.2613615324350453	0.3735423893206789	-0.0360854176715579	0.0010154049360269	False	False	True	False	False	False	True	EXTREME_LEVERAGE	True	HOLD_MODEL_INSTABILITY	HOLD_MODEL_INSTABILITY	False			HIGH
0.1270859252457917	0.0009541183688885	-0.1261318068769031	-0.0809429354820343	-0.0394197527514302	-0.0942275219014593	-0.3481459422806675	0.1289012359775401	0.2968515742128935	-0.4245629769598136	-0.0181041723341048	0.000999500249875	18	2478	macrophage_inflammatory	POOLED	loo_TILD117__macrophage_inflammatory__POOLED	False	TILD117	0.4077961019490255	0.0029985007496251	0.1542970526147858	-0.0813829391756046	-0.2356799917903905	-0.1187259439988814	-0.0877418877484186	-0.2011710877689566	-0.4581299225791371	-0.000539122615392	0.0509745127436281	-0.4516536932795192	-0.0231208843324509	0.016991504247876	19	2661	0.0944527736131934	0.0314842578710644	0.1542970526147858	0.1270859252457917	-0.0813829391756046	0.0009541183688885	-0.2356799917903905	-0.1261318068769031	-0.1187259439988814	-0.0809429354820343	-0.0877418877484186	-0.0394197527514302	-0.2011710877689566	-0.0942275219014593	0.1095481849134873	0.0377830085168471	False	False	True	False	False	False	True	EXTREME_LEVERAGE	True	HOLD_MODEL_INSTABILITY	HOLD_MODEL_INSTABILITY	False			HIGH
0.0674501215314261	-0.1255787159344921	-0.1930288374659182	-0.1148661480836863	0.0836328526712951	0.0304194201343145	-0.5563031774621957	0.1983060412784272	0.3248375812093953	-0.5337786337443283	0.038050284878527	0.1679160419790105	12	1934	macrophage_inflammatory	PF_ONLY	loo_TILD117__macrophage_inflammatory__PF_ONLY	False	TILD117	0.4187906046976512	0.2518740629685158	0.1180488477948439	-0.1404361284768878	-0.2584849762717317	-0.0920334008227883	-0.0130178160346671	-0.1072444802996393	-0.6531559276608678	0.0750381131185673	0.128935532233883	-0.4027442399609509	-0.0313375104361136	0.0019990004997501	13	2117	0.1934032983508246	0.0059970014992503	0.1180488477948439	0.0674501215314261	-0.1404361284768878	-0.1255787159344921	-0.2584849762717317	-0.1930288374659182	-0.0920334008227883	-0.1148661480836863	-0.0130178160346671	0.0836328526712951	-0.1072444802996393	0.0304194201343145	0.0654561388058134	-0.022832747260898	False	False	False	False	True	True	True	EXTREME_LEVERAGE	True	HOLD_MODEL_INSTABILITY	HOLD_MODEL_INSTABILITY	False			HIGH
0.1408137771637759	0.0014157077088876	-0.1393980694548883	-0.0952542682463666	-0.0527412942502751	-0.108408715814915	-0.3498379908968156	0.1182268204850442	0.2458770614692653	-0.4681040258115952	-0.0151457558158331	0.000999500249875	18	2478	macrophage_inflammatory	DISEASE_ADJUSTED	loo_TILD117__macrophage_inflammatory__DISEASE_ADJUSTED	False	TILD117	0.368815592203898	0.0029985007496251	0.1551250579439241	-0.0814413724054807	-0.2365664303494049	-0.1194535085914583	-0.0887828680776229	-0.1996586332665987	-0.4603472971083421	-0.0066136364055845	0.0439780109945027	-0.4428047023995438	-0.015653619881067	0.0229885057471264	19	2661	0.0674662668665667	0.0689655172413793	0.1551250579439241	0.1408137771637759	-0.0814413724054807	0.0014157077088876	-0.2365664303494049	-0.1393980694548883	-0.1194535085914583	-0.0952542682463666	-0.0887828680776229	-0.0527412942502751	-0.1996586332665987	-0.108408715814915	0.0971683608945166	0.0241992403450916	False	False	True	False	False	True	True	EXTREME_LEVERAGE	True	HOLD_MODEL_INSTABILITY	HOLD_MODEL_INSTABILITY	False			HIGH
0.1788441339744587	0.2503563166463498	0.071512182671891	-0.0605576278328361	0.0222586890598325	0.0930437350515094	-0.0675371516517055	0.2191621879025057	0.2828585707146426	-0.3465519660294582	0.0765342416415784	0.5227386306846576	18	3074	epithelial_injury	POOLED	loo_TILD175__epithelial_injury__POOLED	False	TILD175	0.2828585707146426	0.5227386306846576	0.1799302518067081	0.2677639374919135	0.0878336856852053	-0.1959579697696494	-0.0146865720520534	0.0479999305798339	-0.0662187996324282	0.2480353438538791	0.239880059970015	-0.4346371936267294	-0.0137595830367353	0.0209895052473763	19	3219	0.2398800599700149	0.0314842578710644	0.1799302518067081	0.1788441339744587	0.2677639374919135	0.2503563166463498	0.0878336856852053	0.071512182671891	-0.1959579697696494	-0.0605576278328361	-0.0146865720520534	0.0222586890598325	0.0479999305798339	0.0930437350515094	-0.0163215030133142	0.1354003419368132	False	False	False	False	True	True	True	EXTREME_LEVERAGE	True	HOLD_MODEL_INSTABILITY	HOLD_MODEL_INSTABILITY	False			HIGH
-0.040790617064027	0.0052322412835377	0.0460228583475648	-0.133932446984951	-0.0339719734923241	0.0884428714620267	-0.122089102264122	0.253741414107924	0.5467266366816592	-0.5865706918973569	0.0703357944405233	0.6336831584207896	12	2329	epithelial_injury	PF_ONLY	loo_TILD175__epithelial_injury__PF_ONLY	False	TILD175	0.5467266366816592	0.6336831584207896	-0.0453297138944717	0.0786337837904341	0.1239634976849058	-0.0927435152968481	0.1859700199751021	0.2179860510217435	-0.0745272670538763	0.3756504756353342	0.2168915542228885	-0.4225134165915305	0.1748766919361947	0.527736131934033	13	2474	0.2168915542228885	0.527736131934033	-0.0453297138944717	-0.040790617064027	0.0786337837904341	0.0052322412835377	0.1239634976849058	0.0460228583475648	-0.0927435152968481	-0.133932446984951	0.1859700199751021	-0.0339719734923241	0.2179860510217435	0.0884428714620267	-0.077940639337341	-0.0411889316881028	False	False	False	False	False	False	False	HIGH_LEVERAGE	False	HOLD_MODEL_INSTABILITY	HOLD_MODEL_INSTABILITY	False			HIGH
0.2283076968999847	0.2596365781219261	0.0313288812219413	-0.0448253859835696	0.0491346641341378	0.116965725409423	-0.1109834499679437	0.173235530865692	0.6066966516741629	-0.3006256740323789	0.0960454699239985	0.7166416791604198	18	3074	epithelial_injury	DISEASE_ADJUSTED	loo_TILD175__epithelial_injury__DISEASE_ADJUSTED	False	TILD175	0.6066966516741629	0.7166416791604199	0.2434773201000711	0.2909158950104775	0.0474385749104063	-0.162988712421026	0.026378272857383	0.0659119678398417	-0.1092351367830776	0.2036667971701989	0.5187406296851574	-0.376308402033229	0.0038535157265251	0.0619690154922538	19	3219	0.5187406296851574	0.0929535232383808	0.2434773201000711	0.2283076968999847	0.2909158950104775	0.2596365781219261	0.0474385749104063	0.0313288812219413	-0.162988712421026	-0.0448253859835696	0.026378272857383	0.0491346641341378	0.0659119678398417	0.116965725409423	-0.016109693688465	0.1181633264374564	False	False	False	False	False	False	False	LOW_LEVERAGE	False	HOLD_MODEL_INSTABILITY	HOLD_MODEL_INSTABILITY	False			HIGH
-0.3128486304079556	0.4317501276804424	0.744598758088398	0.0978503430283598	0.3188667042422	0.3513591120586348	0.0063657885062146	1.8494529000572963	0.0419790104947526	-0.0901767481192587	0.2161003785199807	0.1439280359820089	18	4726	fibroblast_activation	POOLED	loo_TILD175__fibroblast_activation__POOLED	False	TILD175	0.0629685157421289	0.2158920539730134	-0.2326160328227631	0.4376745630398683	0.6702905958626314	0.0552168329691414	0.2394739036546756	0.3082978632886964	-0.0108054461805848	1.691784470290271	0.0629685157421289	-0.1223621786351951	0.0985209425810092	0.3318340829585207	19	4869	0.0944527736131934	0.3318340829585207	-0.2326160328227631	-0.3128486304079556	0.4376745630398683	0.4317501276804424	0.6702905958626314	0.744598758088398	0.0552168329691414	0.0978503430283598	0.2394739036546756	0.3188667042422	0.3082978632886964	0.3513591120586348	0.0743081622257666	0.0426335100592183	False	False	True	False	False	False	True	EXTREME_LEVERAGE	True	HOLD_MODEL_INSTABILITY	HOLD_MODEL_INSTABILITY	False			HIGH
0.1628116139810269	0.4586061604650099	0.2957945464839829	0.2431299746964522	0.4932583494785693	0.4668293940444494	0.0776803992135736	0.4758064273524484	0.0119940029985007	0.0767559478294292	0.3406842810722673	0.0069965017491254	12	4241	fibroblast_activation	PF_ONLY	loo_TILD175__fibroblast_activation__PF_ONLY	False	TILD175	0.0359820089955022	0.0209895052473763	0.2320820439842654	0.4640700697059879	0.2319880257217225	0.1914831919645906	0.438830837993487	0.4045344205254975	0.0654655852417333	0.403652560125098	0.0069965017491254	0.0178019386345889	0.2843355103012586	0.0259870064967516	13	4384	0.0209895052473763	0.0389805097451274	0.2320820439842654	0.1628116139810269	0.4640700697059879	0.4586061604650099	0.2319880257217225	0.2957945464839829	0.1914831919645906	0.2431299746964522	0.438830837993487	0.4932583494785693	0.4045344205254975	0.4668293940444494	0.0638065207622604	0.0516467827318616	False	False	False	False	False	False	False	MODERATE_LEVERAGE	False	HOLD_MODEL_INSTABILITY	HOLD_MODEL_INSTABILITY	False			HIGH
-0.5066236245125464	0.4521798010254113	0.9588034255379576	0.0636164543779772	0.2618486513067534	0.2975063299185455	0.0293998749982113	2.35372615496427	0.0199900049975012	-0.1336848786000765	0.1528335156349494	0.2328835582208895	18	4726	fibroblast_activation	DISEASE_ADJUSTED	loo_TILD175__fibroblast_activation__DISEASE_ADJUSTED	False	TILD175	0.0599700149925037	0.3493253373313343	-0.4437073119805621	0.4378578537109939	0.8815651656915561	0.0363693302995379	0.1922297195251491	0.2613615324350453	0.0060804709936153	2.2208982822890273	0.0449775112443778	-0.1390663331268575	0.0684732546422427	0.4697651174412793	19	4869	0.0674662668665667	0.4697651174412793	-0.4437073119805621	-0.5066236245125464	0.4378578537109939	0.4521798010254113	0.8815651656915561	0.9588034255379576	0.0363693302995379	0.0636164543779772	0.1922297195251491	0.2618486513067534	0.2613615324350453	0.2975063299185455	0.0772382598464016	0.0272471240784393	False	False	False	False	False	False	False	LOW_LEVERAGE	False	HOLD_MODEL_INSTABILITY	HOLD_MODEL_INSTABILITY	False			HIGH
0.1354322541300865	-0.1031439912458767	-0.2385762453759632	-0.0178105036114417	-0.1621218892639899	-0.2014397505167539	-0.5219474845786674	-0.0065714391246076	0.0419790104947526	-0.2076298156000558	0.007393916471713	0.1169415292353823	18	2628	macrophage_inflammatory	POOLED	loo_TILD175__macrophage_inflammatory__POOLED	False	TILD175	0.0629685157421289	0.2158920539730134	0.1542970526147858	-0.0813829391756046	-0.2356799917903905	-0.1187259439988814	-0.0877418877484186	-0.2011710877689566	-0.4581299225791371	-0.000539122615392	0.0509745127436281	-0.4516536932795192	-0.0231208843324509	0.016991504247876	19	2661	0.0944527736131934	0.0314842578710644	0.1542970526147858	0.1354322541300865	-0.0813829391756046	-0.1031439912458767	-0.2356799917903905	-0.2385762453759632	-0.1187259439988814	-0.0178105036114417	-0.0877418877484186	-0.1621218892639899	-0.2011710877689566	-0.2014397505167539	-0.0028962535855726	0.1009154403874397	False	False	False	False	True	True	True	EXTREME_LEVERAGE	True	HOLD_MODEL_INSTABILITY	HOLD_MODEL_INSTABILITY	False			HIGH
0.092127370440828	-0.1137864680192508	-0.2059138384600789	-0.027566875928034	-0.1150850098285727	-0.1130035479173954	-0.5203552120054543	0.0270842253118751	0.0889555222388805	-0.3150405901825736	0.0086373302778414	0.1139430284857571	12	2084	macrophage_inflammatory	PF_ONLY	loo_TILD175__macrophage_inflammatory__PF_ONLY	False	TILD175	0.1334332833583208	0.1709145427286356	0.1180488477948439	-0.1404361284768878	-0.2584849762717317	-0.0920334008227883	-0.0130178160346671	-0.1072444802996393	-0.6531559276608678	0.0750381131185673	0.128935532233883	-0.4027442399609509	-0.0313375104361136	0.0019990004997501	13	2117	0.1934032983508246	0.0059970014992503	0.1180488477948439	0.092127370440828	-0.1404361284768878	-0.1137864680192508	-0.2584849762717317	-0.2059138384600789	-0.0920334008227883	-0.027566875928034	-0.0130178160346671	-0.1150850098285727	-0.1072444802996393	-0.1130035479173954	0.0525711378116527	0.0644665248947542	False	False	False	False	True	True	True	EXTREME_LEVERAGE	True	HOLD_MODEL_INSTABILITY	HOLD_MODEL_INSTABILITY	False			HIGH
0.1371222553180118	-0.1029162085593662	-0.240038463877378	-0.0139753465606917	-0.1242948176529506	-0.13472322050737	-0.522623489152839	-0.0083534665455171	0.048975512243878	-0.2005097875392731	0.0120566402495725	0.1679160419790105	18	2628	macrophage_inflammatory	DISEASE_ADJUSTED	loo_TILD175__macrophage_inflammatory__DISEASE_ADJUSTED	False	TILD175	0.0734632683658171	0.3493253373313343	0.1551250579439241	-0.0814413724054807	-0.2365664303494049	-0.1194535085914583	-0.0887828680776229	-0.1996586332665987	-0.4603472971083421	-0.0066136364055845	0.0439780109945027	-0.4428047023995438	-0.015653619881067	0.0229885057471264	19	2661	0.0674662668665667	0.0689655172413793	0.1551250579439241	0.1371222553180118	-0.0814413724054807	-0.1029162085593662	-0.2365664303494049	-0.240038463877378	-0.1194535085914583	-0.0139753465606917	-0.0887828680776229	-0.1242948176529506	-0.1996586332665987	-0.13472322050737	-0.003472033527973	0.1054781620307665	False	False	False	False	True	False	True	EXTREME_LEVERAGE	True	HOLD_MODEL_INSTABILITY	HOLD_MODEL_INSTABILITY	False			HIGH
0.1551692871378048	0.2340189084753433	0.0788496213375384	-0.1658844112887298	0.0177414856387416	0.0747758432066714	-0.0840314640557217	0.2574360417643354	0.335832083958021	-0.4149318955750203	0.0363826051454526	0.1389305347326336	18	3145	epithelial_injury	POOLED	loo_VUHD069__epithelial_injury__POOLED	False	VUHD069	0.335832083958021	0.1619190404797601	0.1799302518067081	0.2677639374919135	0.0878336856852053	-0.1959579697696494	-0.0146865720520534	0.0479999305798339	-0.0662187996324282	0.2480353438538791	0.239880059970015	-0.4346371936267294	-0.0137595830367353	0.0209895052473763	19	3219	0.2398800599700149	0.0314842578710644	0.1799302518067081	0.1551692871378048	0.2677639374919135	0.2340189084753433	0.0878336856852053	0.0788496213375384	-0.1959579697696494	-0.1658844112887298	-0.0146865720520534	0.0177414856387416	0.0479999305798339	0.0747758432066714	-0.0089840643476668	0.0300735584809195	False	False	False	False	True	True	True	EXTREME_LEVERAGE	True	HOLD_MODEL_INSTABILITY	HOLD_MODEL_INSTABILITY	False			HIGH
-0.0453297138944717	0.0786337837904341	0.1239634976849058	-0.0927435152968481	0.1859700199751021	0.2179860510217435	-0.0745272670538763	0.3756504756353342	0.2168915542228885	-0.4225134165915305	0.1748766919361947	0.527736131934033	13	2474	epithelial_injury	PF_ONLY	loo_VUHD069__epithelial_injury__PF_ONLY	True	VUHD069	0.2168915542228885	0.527736131934033	-0.0453297138944717	0.0786337837904341	0.1239634976849058	-0.0927435152968481	0.1859700199751021	0.2179860510217435	-0.0745272670538763	0.3756504756353342	0.2168915542228885	-0.4225134165915305	0.1748766919361947	0.527736131934033	13	2474	0.2168915542228885	0.527736131934033	-0.0453297138944717	-0.0453297138944717	0.0786337837904341	0.0786337837904341	0.1239634976849058	0.1239634976849058	-0.0927435152968481	-0.0927435152968481	0.1859700199751021	0.1859700199751021	0.2179860510217435	0.2179860510217435	0.0	0.0	False	False	False	False	False	False	False	LOW_LEVERAGE	False	HOLD_MODEL_INSTABILITY	HOLD_MODEL_INSTABILITY	False			HIGH
0.2221728212259269	0.2407816790805339	0.0186088578546069	-0.1278724348691733	0.0501345116582242	0.1072187737636568	-0.1642201389545585	0.2037475041508897	0.815592203898051	-0.3230442478040348	0.0338966777719943	0.1909045477261369	18	3145	epithelial_injury	DISEASE_ADJUSTED	loo_VUHD069__epithelial_injury__DISEASE_ADJUSTED	False	VUHD069	0.815592203898051	0.2088955522238881	0.2434773201000711	0.2909158950104775	0.0474385749104063	-0.162988712421026	0.026378272857383	0.0659119678398417	-0.1092351367830776	0.2036667971701989	0.5187406296851574	-0.376308402033229	0.0038535157265251	0.0619690154922538	19	3219	0.5187406296851574	0.0929535232383808	0.2434773201000711	0.2221728212259269	0.2909158950104775	0.2407816790805339	0.0474385749104063	0.0186088578546069	-0.162988712421026	-0.1278724348691733	0.026378272857383	0.0501345116582242	0.0659119678398417	0.1072187737636568	-0.0288297170557993	0.0351162775518527	False	False	False	False	False	False	False	HIGH_LEVERAGE	False	HOLD_MODEL_INSTABILITY	HOLD_MODEL_INSTABILITY	False			HIGH
-0.2472363673127522	0.4267606924079168	0.673997059720669	0.0995621988220519	0.3410223875408557	0.4090156179834011	0.0002727436503657	1.6676889654583489	0.0499750124937531	-0.078497255702525	0.2270084666751514	0.1619190404797601	18	4844	fibroblast_activation	POOLED	loo_VUHD069__fibroblast_activation__POOLED	False	VUHD069	0.0749625187406296	0.1619190404797601	-0.2326160328227631	0.4376745630398683	0.6702905958626314	0.0552168329691414	0.2394739036546756	0.3082978632886964	-0.0108054461805848	1.691784470290271	0.0629685157421289	-0.1223621786351951	0.0985209425810092	0.3318340829585207	19	4869	0.0944527736131934	0.3318340829585207	-0.2326160328227631	-0.2472363673127522	0.4376745630398683	0.4267606924079168	0.6702905958626314	0.673997059720669	0.0552168329691414	0.0995621988220519	0.2394739036546756	0.3410223875408557	0.3082978632886964	0.4090156179834011	0.0037064638580376	0.0443453658529104	False	False	True	False	False	False	True	EXTREME_LEVERAGE	True	HOLD_MODEL_INSTABILITY	HOLD_MODEL_INSTABILITY	False			HIGH
0.2320820439842654	0.4640700697059879	0.2319880257217225	0.1914831919645906	0.438830837993487	0.4045344205254975	0.0654655852417333	0.403652560125098	0.0069965017491254	0.0178019386345889	0.2843355103012586	0.0259870064967516	13	4384	fibroblast_activation	PF_ONLY	loo_VUHD069__fibroblast_activation__PF_ONLY	True	VUHD069	0.0209895052473763	0.0389805097451274	0.2320820439842654	0.4640700697059879	0.2319880257217225	0.1914831919645906	0.438830837993487	0.4045344205254975	0.0654655852417333	0.403652560125098	0.0069965017491254	0.0178019386345889	0.2843355103012586	0.0259870064967516	13	4384	0.0209895052473763	0.0389805097451274	0.2320820439842654	0.2320820439842654	0.4640700697059879	0.4640700697059879	0.2319880257217225	0.2319880257217225	0.1914831919645906	0.1914831919645906	0.438830837993487	0.438830837993487	0.4045344205254975	0.4045344205254975	0.0	0.0	False	False	False	False	False	False	False	LOW_LEVERAGE	False	HOLD_MODEL_INSTABILITY	HOLD_MODEL_INSTABILITY	False			HIGH
-0.4716598044676297	0.3994792594446797	0.8711390639123094	0.064898243211951	0.2611547960737062	0.2924971003003868	-0.0154599740042292	2.177514376432375	0.0859570214892553	-0.0870873971516297	0.1476842373162951	0.208895552223888	18	4844	fibroblast_activation	DISEASE_ADJUSTED	loo_VUHD069__fibroblast_activation__DISEASE_ADJUSTED	False	VUHD069	0.128935532233883	0.2088955522238881	-0.4437073119805621	0.4378578537109939	0.8815651656915561	0.0363693302995379	0.1922297195251491	0.2613615324350453	0.0060804709936153	2.2208982822890273	0.0449775112443778	-0.1390663331268575	0.0684732546422427	0.4697651174412793	19	4869	0.0674662668665667	0.4697651174412793	-0.4437073119805621	-0.4716598044676297	0.4378578537109939	0.3994792594446797	0.8815651656915561	0.8711390639123094	0.0363693302995379	0.064898243211951	0.1922297195251491	0.2611547960737062	0.2613615324350453	0.2924971003003868	-0.0104261017792466	0.0285289129124131	False	False	True	False	False	False	True	EXTREME_LEVERAGE	True	HOLD_MODEL_INSTABILITY	HOLD_MODEL_INSTABILITY	False			HIGH
0.1698826901421813	-0.1070689899689065	-0.2769516801110879	-0.1132267926438603	-0.0794750946753205	-0.1853602079059315	-0.501397431290405	-0.1015724092791297	0.0039980009995002	-0.4296139771383007	-0.0160238118433907	0.0199900049975012	18	2617	macrophage_inflammatory	POOLED	loo_VUHD069__macrophage_inflammatory__POOLED	False	VUHD069	0.0119940029985007	0.0599700149925037	0.1542970526147858	-0.0813829391756046	-0.2356799917903905	-0.1187259439988814	-0.0877418877484186	-0.2011710877689566	-0.4581299225791371	-0.000539122615392	0.0509745127436281	-0.4516536932795192	-0.0231208843324509	0.016991504247876	19	2661	0.0944527736131934	0.0314842578710644	0.1542970526147858	0.1698826901421813	-0.0813829391756046	-0.1070689899689065	-0.2356799917903905	-0.2769516801110879	-0.1187259439988814	-0.1132267926438603	-0.0877418877484186	-0.0794750946753205	-0.2011710877689566	-0.1853602079059315	-0.0412716883206973	0.0054991513550211	False	False	False	True	False	True	True	EXTREME_LEVERAGE	True	HOLD_MODEL_INSTABILITY	HOLD_MODEL_INSTABILITY	False			HIGH
0.1180488477948439	-0.1404361284768878	-0.2584849762717317	-0.0920334008227883	-0.0130178160346671	-0.1072444802996393	-0.6531559276608678	0.0750381131185673	0.128935532233883	-0.4027442399609509	-0.0313375104361136	0.0019990004997501	13	2117	macrophage_inflammatory	PF_ONLY	loo_VUHD069__macrophage_inflammatory__PF_ONLY	True	VUHD069	0.1934032983508246	0.0059970014992503	0.1180488477948439	-0.1404361284768878	-0.2584849762717317	-0.0920334008227883	-0.0130178160346671	-0.1072444802996393	-0.6531559276608678	0.0750381131185673	0.128935532233883	-0.4027442399609509	-0.0313375104361136	0.0019990004997501	13	2117	0.1934032983508246	0.0059970014992503	0.1180488477948439	0.1180488477948439	-0.1404361284768878	-0.1404361284768878	-0.2584849762717317	-0.2584849762717317	-0.0920334008227883	-0.0920334008227883	-0.0130178160346671	-0.0130178160346671	-0.1072444802996393	-0.1072444802996393	0.0	0.0	False	False	False	False	False	False	False	LOW_LEVERAGE	False	HOLD_MODEL_INSTABILITY	HOLD_MODEL_INSTABILITY	False			HIGH
0.175645186829364	-0.1070257841738	-0.2826709710031641	-0.124614452299526	-0.0906374670358885	-0.2003037446738508	-0.5002607133851728	-0.0957249838067188	0.0089955022488755	-0.4831278091082295	-0.0165086863705337	0.0219890054972513	18	2617	macrophage_inflammatory	DISEASE_ADJUSTED	loo_VUHD069__macrophage_inflammatory__DISEASE_ADJUSTED	False	VUHD069	0.0269865067466266	0.0659670164917541	0.1551250579439241	-0.0814413724054807	-0.2365664303494049	-0.1194535085914583	-0.0887828680776229	-0.1996586332665987	-0.4603472971083421	-0.0066136364055845	0.0439780109945027	-0.4428047023995438	-0.015653619881067	0.0229885057471264	19	2661	0.0674662668665667	0.0689655172413793	0.1551250579439241	0.175645186829364	-0.0814413724054807	-0.1070257841738	-0.2365664303494049	-0.2826709710031641	-0.1194535085914583	-0.124614452299526	-0.0887828680776229	-0.0906374670358885	-0.1996586332665987	-0.2003037446738508	-0.0461045406537591	-0.0051609437080677	False	False	False	True	False	False	True	EXTREME_LEVERAGE	True	HOLD_MODEL_INSTABILITY	HOLD_MODEL_INSTABILITY	False			HIGH
0.1658885706286545	0.255599438872419	0.0897108682437644	-0.1808508373697279	0.0046667596252065	0.0728377241535987	-0.0526313579220186	0.2479052111156779	0.2198900549725137	-0.4278420282434857	0.0190247985406431	0.1039480259870064	18	3162	epithelial_injury	POOLED	loo_VUHD095__epithelial_injury__POOLED	False	VUHD095	0.2198900549725137	0.1039480259870064	0.1799302518067081	0.2677639374919135	0.0878336856852053	-0.1959579697696494	-0.0146865720520534	0.0479999305798339	-0.0662187996324282	0.2480353438538791	0.239880059970015	-0.4346371936267294	-0.0137595830367353	0.0209895052473763	19	3219	0.2398800599700149	0.0314842578710644	0.1799302518067081	0.1658885706286545	0.2677639374919135	0.255599438872419	0.0878336856852053	0.0897108682437644	-0.1959579697696494	-0.1808508373697279	-0.0146865720520534	0.0046667596252065	0.0479999305798339	0.0728377241535987	0.001877182558559	0.0151071323999214	False	False	False	False	True	True	True	EXTREME_LEVERAGE	True	HOLD_MODEL_INSTABILITY	HOLD_MODEL_INSTABILITY	False			HIGH
-0.0453297138944717	0.0786337837904341	0.1239634976849058	-0.0927435152968481	0.1859700199751021	0.2179860510217435	-0.0745272670538763	0.3756504756353342	0.2168915542228885	-0.4225134165915305	0.1748766919361947	0.527736131934033	13	2474	epithelial_injury	PF_ONLY	loo_VUHD095__epithelial_injury__PF_ONLY	True	VUHD095	0.2168915542228885	0.527736131934033	-0.0453297138944717	0.0786337837904341	0.1239634976849058	-0.0927435152968481	0.1859700199751021	0.2179860510217435	-0.0745272670538763	0.3756504756353342	0.2168915542228885	-0.4225134165915305	0.1748766919361947	0.527736131934033	13	2474	0.2168915542228885	0.527736131934033	-0.0453297138944717	-0.0453297138944717	0.0786337837904341	0.0786337837904341	0.1239634976849058	0.1239634976849058	-0.0927435152968481	-0.0927435152968481	0.1859700199751021	0.1859700199751021	0.2179860510217435	0.2179860510217435	0.0	0.0	False	False	False	False	False	False	False	LOW_LEVERAGE	False	HOLD_MODEL_INSTABILITY	HOLD_MODEL_INSTABILITY	False			HIGH
0.2337471956642882	0.2767358483750365	0.0429886527107482	-0.1574947843097447	0.0312301343825602	0.0863902552384336	-0.1107525507812079	0.2101556090327543	0.545727136431784	-0.360897453579759	0.0150209060655483	0.0919540229885057	18	3162	epithelial_injury	DISEASE_ADJUSTED	loo_VUHD095__epithelial_injury__DISEASE_ADJUSTED	False	VUHD095	0.545727136431784	0.1329335332333833	0.2434773201000711	0.2909158950104775	0.0474385749104063	-0.162988712421026	0.026378272857383	0.0659119678398417	-0.1092351367830776	0.2036667971701989	0.5187406296851574	-0.376308402033229	0.0038535157265251	0.0619690154922538	19	3219	0.5187406296851574	0.0929535232383808	0.2434773201000711	0.2337471956642882	0.2909158950104775	0.2767358483750365	0.0474385749104063	0.0429886527107482	-0.162988712421026	-0.1574947843097447	0.026378272857383	0.0312301343825602	0.0659119678398417	0.0863902552384336	-0.0044499221996581	0.0054939281112813	False	False	False	False	False	False	False	LOW_LEVERAGE	False	HOLD_MODEL_INSTABILITY	HOLD_MODEL_INSTABILITY	False			HIGH
-0.0478074765610614	0.4599601405107584	0.5077676170718198	0.1322476710113994	0.3640606481046426	0.384515421347496	0.0056946417084158	1.193530707825157	0.0459770114942528	-0.007470784745851	0.2491896877296861	0.0619690154922538	18	4859	fibroblast_activation	POOLED	loo_VUHD095__fibroblast_activation__POOLED	False	VUHD095	0.0689655172413793	0.0929535232383808	-0.2326160328227631	0.4376745630398683	0.6702905958626314	0.0552168329691414	0.2394739036546756	0.3082978632886964	-0.0108054461805848	1.691784470290271	0.0629685157421289	-0.1223621786351951	0.0985209425810092	0.3318340829585207	19	4869	0.0944527736131934	0.3318340829585207	-0.2326160328227631	-0.0478074765610614	0.4376745630398683	0.4599601405107584	0.6702905958626314	0.5077676170718198	0.0552168329691414	0.1322476710113994	0.2394739036546756	0.3640606481046426	0.3082978632886964	0.384515421347496	-0.1625229787908115	0.0770308380422579	False	False	True	False	False	False	True	EXTREME_LEVERAGE	True	HOLD_MODEL_INSTABILITY	HOLD_MODEL_INSTABILITY	False			HIGH
0.2320820439842654	0.4640700697059879	0.2319880257217225	0.1914831919645906	0.438830837993487	0.4045344205254975	0.0654655852417333	0.403652560125098	0.0069965017491254	0.0178019386345889	0.2843355103012586	0.0259870064967516	13	4384	fibroblast_activation	PF_ONLY	loo_VUHD095__fibroblast_activation__PF_ONLY	True	VUHD095	0.0209895052473763	0.0389805097451274	0.2320820439842654	0.4640700697059879	0.2319880257217225	0.1914831919645906	0.438830837993487	0.4045344205254975	0.0654655852417333	0.403652560125098	0.0069965017491254	0.0178019386345889	0.2843355103012586	0.0259870064967516	13	4384	0.0209895052473763	0.0389805097451274	0.2320820439842654	0.2320820439842654	0.4640700697059879	0.4640700697059879	0.2319880257217225	0.2319880257217225	0.1914831919645906	0.1914831919645906	0.438830837993487	0.438830837993487	0.4045344205254975	0.4045344205254975	0.0	0.0	False	False	False	False	False	False	False	LOW_LEVERAGE	False	HOLD_MODEL_INSTABILITY	HOLD_MODEL_INSTABILITY	False			HIGH
-0.0773033939458278	0.4590548383470668	0.5363582322928947	0.1056171461125886	0.3251364495388206	0.3386624663133647	0.003650390692606	1.245136772645728	0.0449775112443778	-0.0585343933432473	0.2173703730872546	0.1329335332333833	18	4859	fibroblast_activation	DISEASE_ADJUSTED	loo_VUHD095__fibroblast_activation__DISEASE_ADJUSTED	False	VUHD095	0.0674662668665667	0.1329335332333833	-0.4437073119805621	0.4378578537109939	0.8815651656915561	0.0363693302995379	0.1922297195251491	0.2613615324350453	0.0060804709936153	2.2208982822890273	0.0449775112443778	-0.1390663331268575	0.0684732546422427	0.4697651174412793	19	4869	0.0674662668665667	0.4697651174412793	-0.4437073119805621	-0.0773033939458278	0.4378578537109939	0.4590548383470668	0.8815651656915561	0.5363582322928947	0.0363693302995379	0.1056171461125886	0.1922297195251491	0.3251364495388206	0.2613615324350453	0.3386624663133647	-0.3452069333986614	0.0692478158130507	False	False	False	False	False	False	False	MODERATE_LEVERAGE	False	HOLD_MODEL_INSTABILITY	HOLD_MODEL_INSTABILITY	False			HIGH
0.2318714951812091	-0.1363339470652087	-0.3682054422464178	-0.1185329764088125	-0.0444390806827267	-0.1432789441762281	-0.5605851019543043	-0.1890232700203929	0.000999500249875	-0.4014607140655811	-0.0437071173650869	0.0019990004997501	18	2617	macrophage_inflammatory	POOLED	loo_VUHD095__macrophage_inflammatory__POOLED	False	VUHD095	0.0029985007496251	0.0059970014992503	0.1542970526147858	-0.0813829391756046	-0.2356799917903905	-0.1187259439988814	-0.0877418877484186	-0.2011710877689566	-0.4581299225791371	-0.000539122615392	0.0509745127436281	-0.4516536932795192	-0.0231208843324509	0.016991504247876	19	2661	0.0944527736131934	0.0314842578710644	0.1542970526147858	0.2318714951812091	-0.0813829391756046	-0.1363339470652087	-0.2356799917903905	-0.3682054422464178	-0.1187259439988814	-0.1185329764088125	-0.0877418877484186	-0.0444390806827267	-0.2011710877689566	-0.1432789441762281	-0.1325254504560272	0.0001929675900689	False	False	False	True	False	False	True	EXTREME_LEVERAGE	True	HOLD_MODEL_INSTABILITY	HOLD_MODEL_INSTABILITY	False			HIGH
0.1180488477948439	-0.1404361284768878	-0.2584849762717317	-0.0920334008227883	-0.0130178160346671	-0.1072444802996393	-0.6531559276608678	0.0750381131185673	0.128935532233883	-0.4027442399609509	-0.0313375104361136	0.0019990004997501	13	2117	macrophage_inflammatory	PF_ONLY	loo_VUHD095__macrophage_inflammatory__PF_ONLY	True	VUHD095	0.1934032983508246	0.0059970014992503	0.1180488477948439	-0.1404361284768878	-0.2584849762717317	-0.0920334008227883	-0.0130178160346671	-0.1072444802996393	-0.6531559276608678	0.0750381131185673	0.128935532233883	-0.4027442399609509	-0.0313375104361136	0.0019990004997501	13	2117	0.1934032983508246	0.0059970014992503	0.1180488477948439	0.1180488477948439	-0.1404361284768878	-0.1404361284768878	-0.2584849762717317	-0.2584849762717317	-0.0920334008227883	-0.0920334008227883	-0.0130178160346671	-0.0130178160346671	-0.1072444802996393	-0.1072444802996393	0.0	0.0	False	False	False	False	False	False	False	LOW_LEVERAGE	False	HOLD_MODEL_INSTABILITY	HOLD_MODEL_INSTABILITY	False			HIGH
0.2342722745289939	-0.1362404017943161	-0.3705126763233101	-0.1193024953166888	-0.0436847847202768	-0.1436275424158936	-0.568462165976639	-0.1870543778068009	0.000999500249875	-0.3925709406299996	-0.0372467246842332	0.0029985007496251	18	2617	macrophage_inflammatory	DISEASE_ADJUSTED	loo_VUHD095__macrophage_inflammatory__DISEASE_ADJUSTED	False	VUHD095	0.0029985007496251	0.0089955022488755	0.1551250579439241	-0.0814413724054807	-0.2365664303494049	-0.1194535085914583	-0.0887828680776229	-0.1996586332665987	-0.4603472971083421	-0.0066136364055845	0.0439780109945027	-0.4428047023995438	-0.015653619881067	0.0229885057471264	19	2661	0.0674662668665667	0.0689655172413793	0.1551250579439241	0.2342722745289939	-0.0814413724054807	-0.1362404017943161	-0.2365664303494049	-0.3705126763233101	-0.1194535085914583	-0.1193024953166888	-0.0887828680776229	-0.0436847847202768	-0.1996586332665987	-0.1436275424158936	-0.1339462459739051	0.0001510132747695	False	False	False	True	False	True	True	EXTREME_LEVERAGE	True	HOLD_MODEL_INSTABILITY	HOLD_MODEL_INSTABILITY	False			HIGH
0.1765602977222012	0.256145174275276	0.0795848765530747	-0.184462646605878	0.0038893631467796	0.0822489281903599	-0.0658053698973525	0.2317301149744522	0.2818590704647676	-0.4273246241827307	0.0248846075528996	0.1099450274862568	18	3213	epithelial_injury	POOLED	loo_VUHD113__epithelial_injury__POOLED	False	VUHD113	0.2818590704647676	0.1649175412293853	0.1799302518067081	0.2677639374919135	0.0878336856852053	-0.1959579697696494	-0.0146865720520534	0.0479999305798339	-0.0662187996324282	0.2480353438538791	0.239880059970015	-0.4346371936267294	-0.0137595830367353	0.0209895052473763	19	3219	0.2398800599700149	0.0314842578710644	0.1799302518067081	0.1765602977222012	0.2677639374919135	0.256145174275276	0.0878336856852053	0.0795848765530747	-0.1959579697696494	-0.184462646605878	-0.0146865720520534	0.0038893631467796	0.0479999305798339	0.0822489281903599	-0.0082488091321305	0.0114953231637713	False	False	False	False	True	True	True	EXTREME_LEVERAGE	True	HOLD_MODEL_INSTABILITY	HOLD_MODEL_INSTABILITY	False			HIGH
-0.0453297138944717	0.0786337837904341	0.1239634976849058	-0.0927435152968481	0.1859700199751021	0.2179860510217435	-0.0745272670538763	0.3756504756353342	0.2168915542228885	-0.4225134165915305	0.1748766919361947	0.527736131934033	13	2474	epithelial_injury	PF_ONLY	loo_VUHD113__epithelial_injury__PF_ONLY	True	VUHD113	0.2168915542228885	0.527736131934033	-0.0453297138944717	0.0786337837904341	0.1239634976849058	-0.0927435152968481	0.1859700199751021	0.2179860510217435	-0.0745272670538763	0.3756504756353342	0.2168915542228885	-0.4225134165915305	0.1748766919361947	0.527736131934033	13	2474	0.2168915542228885	0.527736131934033	-0.0453297138944717	-0.0453297138944717	0.0786337837904341	0.0786337837904341	0.1239634976849058	0.1239634976849058	-0.0927435152968481	-0.0927435152968481	0.1859700199751021	0.1859700199751021	0.2179860510217435	0.2179860510217435	0.0	0.0	False	False	False	False	False	False	False	LOW_LEVERAGE	False	HOLD_MODEL_INSTABILITY	HOLD_MODEL_INSTABILITY	False			HIGH
0.2393078559779671	0.2769447307423121	0.0376368747643449	-0.1345394494860101	0.0709707502683669	0.1219173228500371	-0.118827809712904	0.2066986044354219	0.6206896551724138	-0.3371792189201615	0.057768693072428	0.2208895552223888	18	3213	epithelial_injury	DISEASE_ADJUSTED	loo_VUHD113__epithelial_injury__DISEASE_ADJUSTED	False	VUHD113	0.6206896551724138	0.3313343328335832	0.2434773201000711	0.2909158950104775	0.0474385749104063	-0.162988712421026	0.026378272857383	0.0659119678398417	-0.1092351367830776	0.2036667971701989	0.5187406296851574	-0.376308402033229	0.0038535157265251	0.0619690154922538	19	3219	0.5187406296851574	0.0929535232383808	0.2434773201000711	0.2393078559779671	0.2909158950104775	0.2769447307423121	0.0474385749104063	0.0376368747643449	-0.162988712421026	-0.1345394494860101	0.026378272857383	0.0709707502683669	0.0659119678398417	0.1219173228500371	-0.0098017001460614	0.0284492629350159	False	False	False	False	False	False	False	LOW_LEVERAGE	False	HOLD_MODEL_INSTABILITY	HOLD_MODEL_INSTABILITY	False			HIGH
-0.226347869249208	0.4386753443741559	0.6650232136233639	0.0542158556306341	0.2378333312399773	0.3067807079529905	0.0070684204720873	1.646096581942519	0.0459770114942528	-0.1131686036480072	0.0938757941310562	0.3608195902048975	18	4868	fibroblast_activation	POOLED	loo_VUHD113__fibroblast_activation__POOLED	False	VUHD113	0.0854572713643178	0.3608195902048975	-0.2326160328227631	0.4376745630398683	0.6702905958626314	0.0552168329691414	0.2394739036546756	0.3082978632886964	-0.0108054461805848	1.691784470290271	0.0629685157421289	-0.1223621786351951	0.0985209425810092	0.3318340829585207	19	4869	0.0944527736131934	0.3318340829585207	-0.2326160328227631	-0.226347869249208	0.4376745630398683	0.4386753443741559	0.6702905958626314	0.6650232136233639	0.0552168329691414	0.0542158556306341	0.2394739036546756	0.2378333312399773	0.3082978632886964	0.3067807079529905	-0.0052673822392674	-0.0010009773385073	False	False	True	False	False	False	True	EXTREME_LEVERAGE	True	HOLD_MODEL_INSTABILITY	HOLD_MODEL_INSTABILITY	False			HIGH
0.2320820439842654	0.4640700697059879	0.2319880257217225	0.1914831919645906	0.438830837993487	0.4045344205254975	0.0654655852417333	0.403652560125098	0.0069965017491254	0.0178019386345889	0.2843355103012586	0.0259870064967516	13	4384	fibroblast_activation	PF_ONLY	loo_VUHD113__fibroblast_activation__PF_ONLY	True	VUHD113	0.0209895052473763	0.0389805097451274	0.2320820439842654	0.4640700697059879	0.2319880257217225	0.1914831919645906	0.438830837993487	0.4045344205254975	0.0654655852417333	0.403652560125098	0.0069965017491254	0.0178019386345889	0.2843355103012586	0.0259870064967516	13	4384	0.0209895052473763	0.0389805097451274	0.2320820439842654	0.2320820439842654	0.4640700697059879	0.4640700697059879	0.2319880257217225	0.2319880257217225	0.1914831919645906	0.1914831919645906	0.438830837993487	0.438830837993487	0.4045344205254975	0.4045344205254975	0.0	0.0	False	False	False	False	False	False	False	LOW_LEVERAGE	False	HOLD_MODEL_INSTABILITY	HOLD_MODEL_INSTABILITY	False			HIGH
-0.4844808137028937	0.4480341688908309	0.9325149825937248	0.0311653285973302	0.1771683485433086	0.3083972481000547	0.0208680960610806	2.299177166144782	0.0299850074962518	-0.1180207252582235	0.0431718637433654	0.527736131934033	18	4868	fibroblast_activation	DISEASE_ADJUSTED	loo_VUHD113__fibroblast_activation__DISEASE_ADJUSTED	False	VUHD113	0.0899550224887556	0.527736131934033	-0.4437073119805621	0.4378578537109939	0.8815651656915561	0.0363693302995379	0.1922297195251491	0.2613615324350453	0.0060804709936153	2.2208982822890273	0.0449775112443778	-0.1390663331268575	0.0684732546422427	0.4697651174412793	19	4869	0.0674662668665667	0.4697651174412793	-0.4437073119805621	-0.4844808137028937	0.4378578537109939	0.4480341688908309	0.8815651656915561	0.9325149825937248	0.0363693302995379	0.0311653285973302	0.1922297195251491	0.1771683485433086	0.2613615324350453	0.3083972481000547	0.0509498169021686	-0.0052040017022076	False	False	False	False	False	False	False	LOW_LEVERAGE	False	HOLD_MODEL_INSTABILITY	HOLD_MODEL_INSTABILITY	False			HIGH
0.1410728743115128	-0.0860917258463729	-0.2271646001578857	-0.1369189080962709	-0.111306595817352	-0.2351268869894444	-0.4564452164068945	0.0050112048667695	0.0569715142428785	-0.455735946604273	-0.031910886265876	0.0029985007496251	18	2645	macrophage_inflammatory	POOLED	loo_VUHD113__macrophage_inflammatory__POOLED	False	VUHD113	0.0854572713643178	0.0089955022488755	0.1542970526147858	-0.0813829391756046	-0.2356799917903905	-0.1187259439988814	-0.0877418877484186	-0.2011710877689566	-0.4581299225791371	-0.000539122615392	0.0509745127436281	-0.4516536932795192	-0.0231208843324509	0.016991504247876	19	2661	0.0944527736131934	0.0314842578710644	0.1542970526147858	0.1410728743115128	-0.0813829391756046	-0.0860917258463729	-0.2356799917903905	-0.2271646001578857	-0.1187259439988814	-0.1369189080962709	-0.0877418877484186	-0.111306595817352	-0.2011710877689566	-0.2351268869894444	0.0085153916325048	-0.0181929640973894	False	False	True	False	False	False	True	EXTREME_LEVERAGE	True	HOLD_MODEL_INSTABILITY	HOLD_MODEL_INSTABILITY	False			HIGH
0.1180488477948439	-0.1404361284768878	-0.2584849762717317	-0.0920334008227883	-0.0130178160346671	-0.1072444802996393	-0.6531559276608678	0.0750381131185673	0.128935532233883	-0.4027442399609509	-0.0313375104361136	0.0019990004997501	13	2117	macrophage_inflammatory	PF_ONLY	loo_VUHD113__macrophage_inflammatory__PF_ONLY	True	VUHD113	0.1934032983508246	0.0059970014992503	0.1180488477948439	-0.1404361284768878	-0.2584849762717317	-0.0920334008227883	-0.0130178160346671	-0.1072444802996393	-0.6531559276608678	0.0750381131185673	0.128935532233883	-0.4027442399609509	-0.0313375104361136	0.0019990004997501	13	2117	0.1934032983508246	0.0059970014992503	0.1180488477948439	0.1180488477948439	-0.1404361284768878	-0.1404361284768878	-0.2584849762717317	-0.2584849762717317	-0.0920334008227883	-0.0920334008227883	-0.0130178160346671	-0.0130178160346671	-0.1072444802996393	-0.1072444802996393	0.0	0.0	False	False	False	False	False	False	False	LOW_LEVERAGE	False	HOLD_MODEL_INSTABILITY	HOLD_MODEL_INSTABILITY	False			HIGH
0.1435765713274348	-0.0860632591202164	-0.2296398304476512	-0.1417045221043711	-0.1141190299753778	-0.2408901760926104	-0.4540348598081777	0.0215478993930351	0.0659670164917541	-0.4560231166437835	-0.0294206660764259	0.0019990004997501	18	2645	macrophage_inflammatory	DISEASE_ADJUSTED	loo_VUHD113__macrophage_inflammatory__DISEASE_ADJUSTED	False	VUHD113	0.0989505247376311	0.0059970014992503	0.1551250579439241	-0.0814413724054807	-0.2365664303494049	-0.1194535085914583	-0.0887828680776229	-0.1996586332665987	-0.4603472971083421	-0.0066136364055845	0.0439780109945027	-0.4428047023995438	-0.015653619881067	0.0229885057471264	19	2661	0.0674662668665667	0.0689655172413793	0.1551250579439241	0.1435765713274348	-0.0814413724054807	-0.0860632591202164	-0.2365664303494049	-0.2296398304476512	-0.1194535085914583	-0.1417045221043711	-0.0887828680776229	-0.1141190299753778	-0.1996586332665987	-0.2408901760926104	0.0069265999017537	-0.0222510135129128	False	False	True	False	False	True	True	EXTREME_LEVERAGE	True	HOLD_MODEL_INSTABILITY	HOLD_MODEL_INSTABILITY	False			HIGH
0.1141566294478535	0.2315111764488651	0.1173545470010115	-0.1803807802695594	0.0103796261822781	0.0453047232473701	-0.0338244430185592	0.2908352792491857	0.1159420289855072	-0.4281153851894836	0.0194463031971137	0.0899550224887556	18	3048	epithelial_injury	POOLED	loo_VUHD116__epithelial_injury__POOLED	False	VUHD116	0.1159420289855072	0.1349325337331334	0.1799302518067081	0.2677639374919135	0.0878336856852053	-0.1959579697696494	-0.0146865720520534	0.0479999305798339	-0.0662187996324282	0.2480353438538791	0.239880059970015	-0.4346371936267294	-0.0137595830367353	0.0209895052473763	19	3219	0.2398800599700149	0.0314842578710644	0.1799302518067081	0.1141566294478535	0.2677639374919135	0.2315111764488651	0.0878336856852053	0.1173545470010115	-0.1959579697696494	-0.1803807802695594	-0.0146865720520534	0.0103796261822781	0.0479999305798339	0.0453047232473701	0.0295208613158062	0.01557718950009	False	False	False	False	True	True	True	EXTREME_LEVERAGE	True	HOLD_MODEL_INSTABILITY	HOLD_MODEL_INSTABILITY	False			HIGH
-0.0453297138944717	0.0786337837904341	0.1239634976849058	-0.0927435152968481	0.1859700199751021	0.2179860510217435	-0.0745272670538763	0.3756504756353342	0.2168915542228885	-0.4225134165915305	0.1748766919361947	0.527736131934033	13	2474	epithelial_injury	PF_ONLY	loo_VUHD116__epithelial_injury__PF_ONLY	True	VUHD116	0.2168915542228885	0.527736131934033	-0.0453297138944717	0.0786337837904341	0.1239634976849058	-0.0927435152968481	0.1859700199751021	0.2179860510217435	-0.0745272670538763	0.3756504756353342	0.2168915542228885	-0.4225134165915305	0.1748766919361947	0.527736131934033	13	2474	0.2168915542228885	0.527736131934033	-0.0453297138944717	-0.0453297138944717	0.0786337837904341	0.0786337837904341	0.1239634976849058	0.1239634976849058	-0.0927435152968481	-0.0927435152968481	0.1859700199751021	0.1859700199751021	0.2179860510217435	0.2179860510217435	0.0	0.0	False	False	False	False	False	False	False	LOW_LEVERAGE	False	HOLD_MODEL_INSTABILITY	HOLD_MODEL_INSTABILITY	False			HIGH
0.1755463672592507	0.2404972645975569	0.0649508973383061	-0.127443052957263	0.1066422683045162	0.1508023854906248	-0.0869995588262804	0.2263568330398463	0.3568215892053973	-0.390188184912441	0.0984380825979719	0.3138430784607696	18	3048	epithelial_injury	DISEASE_ADJUSTED	loo_VUHD116__epithelial_injury__DISEASE_ADJUSTED	False	VUHD116	0.3568215892053972	0.4707646176911544	0.2434773201000711	0.2909158950104775	0.0474385749104063	-0.162988712421026	0.026378272857383	0.0659119678398417	-0.1092351367830776	0.2036667971701989	0.5187406296851574	-0.376308402033229	0.0038535157265251	0.0619690154922538	19	3219	0.5187406296851574	0.0929535232383808	0.2434773201000711	0.1755463672592507	0.2909158950104775	0.2404972645975569	0.0474385749104063	0.0649508973383061	-0.162988712421026	-0.127443052957263	0.026378272857383	0.1066422683045162	0.0659119678398417	0.1508023854906248	0.0175123224278997	0.035545659463763	False	False	False	False	False	False	False	LOW_LEVERAGE	False	HOLD_MODEL_INSTABILITY	HOLD_MODEL_INSTABILITY	False			HIGH
-0.3451917129359432	0.4332868190735628	0.778478532009506	0.0695987979483632	0.2792579038643007	0.3210429818683722	0.0316945924733199	1.8949887979100808	0.0239880059970015	-0.1198045068287047	0.1463206636169494	0.2348825587206396	18	4759	fibroblast_activation	POOLED	loo_VUHD116__fibroblast_activation__POOLED	False	VUHD116	0.0359820089955022	0.2348825587206396	-0.2326160328227631	0.4376745630398683	0.6702905958626314	0.0552168329691414	0.2394739036546756	0.3082978632886964	-0.0108054461805848	1.691784470290271	0.0629685157421289	-0.1223621786351951	0.0985209425810092	0.3318340829585207	19	4869	0.0944527736131934	0.3318340829585207	-0.2326160328227631	-0.3451917129359432	0.4376745630398683	0.4332868190735628	0.6702905958626314	0.778478532009506	0.0552168329691414	0.0695987979483632	0.2394739036546756	0.2792579038643007	0.3082978632886964	0.3210429818683722	0.1081879361468746	0.0143819649792217	False	False	True	True	False	False	True	EXTREME_LEVERAGE	True	HOLD_MODEL_INSTABILITY	HOLD_MODEL_INSTABILITY	False			HIGH
0.2320820439842654	0.4640700697059879	0.2319880257217225	0.1914831919645906	0.438830837993487	0.4045344205254975	0.0654655852417333	0.403652560125098	0.0069965017491254	0.0178019386345889	0.2843355103012586	0.0259870064967516	13	4384	fibroblast_activation	PF_ONLY	loo_VUHD116__fibroblast_activation__PF_ONLY	True	VUHD116	0.0209895052473763	0.0389805097451274	0.2320820439842654	0.4640700697059879	0.2319880257217225	0.1914831919645906	0.438830837993487	0.4045344205254975	0.0654655852417333	0.403652560125098	0.0069965017491254	0.0178019386345889	0.2843355103012586	0.0259870064967516	13	4384	0.0209895052473763	0.0389805097451274	0.2320820439842654	0.2320820439842654	0.4640700697059879	0.4640700697059879	0.2319880257217225	0.2319880257217225	0.1914831919645906	0.1914831919645906	0.438830837993487	0.438830837993487	0.4045344205254975	0.4045344205254975	0.0	0.0	False	False	False	False	False	False	False	LOW_LEVERAGE	False	HOLD_MODEL_INSTABILITY	HOLD_MODEL_INSTABILITY	False			HIGH
-0.6933322023662727	0.4384870318196692	1.131819234185942	0.0110853060762893	0.1235645345463154	0.0505402762712923	0.038418739005567	2.719490034004321	0.015992003998001	-0.1484500651865088	0.0617903464226934	0.8545727136431784	18	4759	fibroblast_activation	DISEASE_ADJUSTED	loo_VUHD116__fibroblast_activation__DISEASE_ADJUSTED	False	VUHD116	0.0239880059970015	0.8545727136431784	-0.4437073119805621	0.4378578537109939	0.8815651656915561	0.0363693302995379	0.1922297195251491	0.2613615324350453	0.0060804709936153	2.2208982822890273	0.0449775112443778	-0.1390663331268575	0.0684732546422427	0.4697651174412793	19	4869	0.0674662668665667	0.4697651174412793	-0.4437073119805621	-0.6933322023662727	0.4378578537109939	0.4384870318196692	0.8815651656915561	1.131819234185942	0.0363693302995379	0.0110853060762893	0.1922297195251491	0.1235645345463154	0.2613615324350453	0.0505402762712923	0.2502540684943858	-0.0252840242232486	False	False	False	True	False	False	True	EXTREME_LEVERAGE	True	HOLD_MODEL_INSTABILITY	HOLD_MODEL_INSTABILITY	False			HIGH
0.2303045542108088	-0.0882592189278022	-0.318563773138611	-0.1012406616896717	-0.1146877649549546	-0.1831993910441584	-0.5706326795865525	-0.0737827649326909	0.0069965017491254	-0.3911883612568186	-0.0277620175995941	0.0019990004997501	18	2570	macrophage_inflammatory	POOLED	loo_VUHD116__macrophage_inflammatory__POOLED	False	VUHD116	0.0209895052473763	0.0059970014992503	0.1542970526147858	-0.0813829391756046	-0.2356799917903905	-0.1187259439988814	-0.0877418877484186	-0.2011710877689566	-0.4581299225791371	-0.000539122615392	0.0509745127436281	-0.4516536932795192	-0.0231208843324509	0.016991504247876	19	2661	0.0944527736131934	0.0314842578710644	0.1542970526147858	0.2303045542108088	-0.0813829391756046	-0.0882592189278022	-0.2356799917903905	-0.318563773138611	-0.1187259439988814	-0.1012406616896717	-0.0877418877484186	-0.1146877649549546	-0.2011710877689566	-0.1831993910441584	-0.0828837813482205	0.0174852823092097	False	False	False	True	False	False	True	EXTREME_LEVERAGE	True	HOLD_MODEL_INSTABILITY	HOLD_MODEL_INSTABILITY	False			HIGH
0.1180488477948439	-0.1404361284768878	-0.2584849762717317	-0.0920334008227883	-0.0130178160346671	-0.1072444802996393	-0.6531559276608678	0.0750381131185673	0.128935532233883	-0.4027442399609509	-0.0313375104361136	0.0019990004997501	13	2117	macrophage_inflammatory	PF_ONLY	loo_VUHD116__macrophage_inflammatory__PF_ONLY	True	VUHD116	0.1934032983508246	0.0059970014992503	0.1180488477948439	-0.1404361284768878	-0.2584849762717317	-0.0920334008227883	-0.0130178160346671	-0.1072444802996393	-0.6531559276608678	0.0750381131185673	0.128935532233883	-0.4027442399609509	-0.0313375104361136	0.0019990004997501	13	2117	0.1934032983508246	0.0059970014992503	0.1180488477948439	0.1180488477948439	-0.1404361284768878	-0.1404361284768878	-0.2584849762717317	-0.2584849762717317	-0.0920334008227883	-0.0920334008227883	-0.0130178160346671	-0.0130178160346671	-0.1072444802996393	-0.1072444802996393	0.0	0.0	False	False	False	False	False	False	False	LOW_LEVERAGE	False	HOLD_MODEL_INSTABILITY	HOLD_MODEL_INSTABILITY	False			HIGH
0.2362890193108645	-0.0879403233179845	-0.324229342628849	-0.1106923896126865	-0.1287880860791477	-0.2078079984637367	-0.5799485312674372	-0.088678283307755	0.0129935032483758	-0.4240170721911507	-0.0253573295586023	0.000999500249875	18	2570	macrophage_inflammatory	DISEASE_ADJUSTED	loo_VUHD116__macrophage_inflammatory__DISEASE_ADJUSTED	False	VUHD116	0.0239880059970015	0.0029985007496251	0.1551250579439241	-0.0814413724054807	-0.2365664303494049	-0.1194535085914583	-0.0887828680776229	-0.1996586332665987	-0.4603472971083421	-0.0066136364055845	0.0439780109945027	-0.4428047023995438	-0.015653619881067	0.0229885057471264	19	2661	0.0674662668665667	0.0689655172413793	0.1551250579439241	0.2362890193108645	-0.0814413724054807	-0.0879403233179845	-0.2365664303494049	-0.324229342628849	-0.1194535085914583	-0.1106923896126865	-0.0887828680776229	-0.1287880860791477	-0.1996586332665987	-0.2078079984637367	-0.0876629122794441	0.0087611189787717	False	False	False	True	False	True	True	EXTREME_LEVERAGE	True	HOLD_MODEL_INSTABILITY	HOLD_MODEL_INSTABILITY	False			HIGH
0.1942514112033402	0.278792957401849	0.0845415461985088	-0.0907726283891399	-0.0164047827607896	0.0595028032846587	-0.0652135058870717	0.257095769637395	0.2608695652173913	-0.3349134589275898	0.0376625010302717	0.2478760619690155	18	3086	epithelial_injury	POOLED	loo_VUILD102__epithelial_injury__POOLED	False	VUILD102	0.2608695652173913	0.3718140929535232	0.1799302518067081	0.2677639374919135	0.0878336856852053	-0.1959579697696494	-0.0146865720520534	0.0479999305798339	-0.0662187996324282	0.2480353438538791	0.239880059970015	-0.4346371936267294	-0.0137595830367353	0.0209895052473763	19	3219	0.2398800599700149	0.0314842578710644	0.1799302518067081	0.1942514112033402	0.2677639374919135	0.278792957401849	0.0878336856852053	0.0845415461985088	-0.1959579697696494	-0.0907726283891399	-0.0146865720520534	-0.0164047827607896	0.0479999305798339	0.0595028032846587	-0.0032921394866964	0.1051853413805095	False	False	False	False	True	True	True	EXTREME_LEVERAGE	True	HOLD_MODEL_INSTABILITY	HOLD_MODEL_INSTABILITY	False			HIGH
-0.0241339694655753	0.0664867026668983	0.0906206721324737	-0.0741405122546949	0.1682827175990398	0.1681450637379388	-0.0843602864426249	0.3148953687729203	0.2988505747126437	-0.4011978915504973	0.081946129191045	0.5747126436781609	12	2341	epithelial_injury	PF_ONLY	loo_VUILD102__epithelial_injury__PF_ONLY	False	VUILD102	0.2988505747126437	0.5747126436781609	-0.0453297138944717	0.0786337837904341	0.1239634976849058	-0.0927435152968481	0.1859700199751021	0.2179860510217435	-0.0745272670538763	0.3756504756353342	0.2168915542228885	-0.4225134165915305	0.1748766919361947	0.527736131934033	13	2474	0.2168915542228885	0.527736131934033	-0.0453297138944717	-0.0241339694655753	0.0786337837904341	0.0664867026668983	0.1239634976849058	0.0906206721324737	-0.0927435152968481	-0.0741405122546949	0.1859700199751021	0.1682827175990398	0.2179860510217435	0.1681450637379388	-0.0333428255524321	0.0186030030421531	False	False	False	False	False	False	False	MODERATE_LEVERAGE	False	HOLD_MODEL_INSTABILITY	HOLD_MODEL_INSTABILITY	False			HIGH
0.248399480713911	0.2917621775299026	0.0433626968159915	-0.0806750559533262	0.0526433041646172	0.1190470268912557	-0.0993436912894592	0.1914566956461031	0.5287356321839081	-0.2918506886571988	0.0750652635566202	0.4127936031984008	18	3086	epithelial_injury	DISEASE_ADJUSTED	loo_VUILD102__epithelial_injury__DISEASE_ADJUSTED	False	VUILD102	0.5287356321839081	0.6191904047976012	0.2434773201000711	0.2909158950104775	0.0474385749104063	-0.162988712421026	0.026378272857383	0.0659119678398417	-0.1092351367830776	0.2036667971701989	0.5187406296851574	-0.376308402033229	0.0038535157265251	0.0619690154922538	19	3219	0.5187406296851574	0.0929535232383808	0.2434773201000711	0.248399480713911	0.2909158950104775	0.2917621775299026	0.0474385749104063	0.0433626968159915	-0.162988712421026	-0.0806750559533262	0.026378272857383	0.0526433041646172	0.0659119678398417	0.1190470268912557	-0.0040758780944147	0.0823136564676998	False	False	False	False	False	False	False	LOW_LEVERAGE	False	HOLD_MODEL_INSTABILITY	HOLD_MODEL_INSTABILITY	False			HIGH
-0.0239540503697091	0.4308444796347511	0.4547985300044602	0.0430842815784594	0.2147839036506648	0.3341472617448628	0.06527334234517	0.9653965631788692	0.0109945027486256	-0.1058019657955081	0.1016897391072034	0.4617691154422789	18	4578	fibroblast_activation	POOLED	loo_VUILD102__fibroblast_activation__POOLED	False	VUILD102	0.032983508245877	0.4617691154422789	-0.2326160328227631	0.4376745630398683	0.6702905958626314	0.0552168329691414	0.2394739036546756	0.3082978632886964	-0.0108054461805848	1.691784470290271	0.0629685157421289	-0.1223621786351951	0.0985209425810092	0.3318340829585207	19	4869	0.0944527736131934	0.3318340829585207	-0.2326160328227631	-0.0239540503697091	0.4376745630398683	0.4308444796347511	0.6702905958626314	0.4547985300044602	0.0552168329691414	0.0430842815784594	0.2394739036546756	0.2147839036506648	0.3082978632886964	0.3341472617448628	-0.2154920658581711	-0.012132551390682	False	False	True	True	False	False	True	EXTREME_LEVERAGE	True	HOLD_MODEL_INSTABILITY	HOLD_MODEL_INSTABILITY	False			HIGH
0.1840330201845231	0.4516786290834982	0.267645608898975	0.2470380025405119	0.5093602888421106	0.4848042255735481	0.1310844523030227	0.4411121254855629	0.000999500249875	0.0992952218476337	0.342520711143697	0.0019990004997501	12	4093	fibroblast_activation	PF_ONLY	loo_VUILD102__fibroblast_activation__PF_ONLY	False	VUILD102	0.0029985007496251	0.0059970014992503	0.2320820439842654	0.4640700697059879	0.2319880257217225	0.1914831919645906	0.438830837993487	0.4045344205254975	0.0654655852417333	0.403652560125098	0.0069965017491254	0.0178019386345889	0.2843355103012586	0.0259870064967516	13	4384	0.0209895052473763	0.0389805097451274	0.2320820439842654	0.1840330201845231	0.4640700697059879	0.4516786290834982	0.2319880257217225	0.267645608898975	0.1914831919645906	0.2470380025405119	0.438830837993487	0.5093602888421106	0.4045344205254975	0.4848042255735481	0.0356575831772525	0.0555548105759212	False	False	False	False	False	False	False	MODERATE_LEVERAGE	False	HOLD_MODEL_INSTABILITY	HOLD_MODEL_INSTABILITY	False			HIGH
-0.3368272455824479	0.4384648444577376	0.7752920900401855	0.0079313297477104	0.0918448578229144	0.3735370243247393	0.0453937412153134	1.7946478191081776	0.0149925037481259	-0.1320843555485845	0.0296554880642967	0.944527736131934	18	4578	fibroblast_activation	DISEASE_ADJUSTED	loo_VUILD102__fibroblast_activation__DISEASE_ADJUSTED	False	VUILD102	0.0449775112443778	0.944527736131934	-0.4437073119805621	0.4378578537109939	0.8815651656915561	0.0363693302995379	0.1922297195251491	0.2613615324350453	0.0060804709936153	2.2208982822890273	0.0449775112443778	-0.1390663331268575	0.0684732546422427	0.4697651174412793	19	4869	0.0674662668665667	0.4697651174412793	-0.4437073119805621	-0.3368272455824479	0.4378578537109939	0.4384648444577376	0.8815651656915561	0.7752920900401855	0.0363693302995379	0.0079313297477104	0.1922297195251491	0.0918448578229144	0.2613615324350453	0.3735370243247393	-0.1062730756513705	-0.0284380005518274	False	False	False	True	False	False	True	EXTREME_LEVERAGE	True	HOLD_MODEL_INSTABILITY	HOLD_MODEL_INSTABILITY	False			HIGH
0.2792421665422026	0.093491094426669	-0.1857510721155335	-0.1340105010642129	-0.0805369849223231	-0.1687697163472743	-0.4240809793101194	0.0053331500348806	0.0609695152423788	-0.5408730754353441	-0.0195759251922561	0.0019990004997501	18	2410	macrophage_inflammatory	POOLED	loo_VUILD102__macrophage_inflammatory__POOLED	False	VUILD102	0.0914542728635682	0.0059970014992503	0.1542970526147858	-0.0813829391756046	-0.2356799917903905	-0.1187259439988814	-0.0877418877484186	-0.2011710877689566	-0.4581299225791371	-0.000539122615392	0.0509745127436281	-0.4516536932795192	-0.0231208843324509	0.016991504247876	19	2661	0.0944527736131934	0.0314842578710644	0.1542970526147858	0.2792421665422026	-0.0813829391756046	0.093491094426669	-0.2356799917903905	-0.1857510721155335	-0.1187259439988814	-0.1340105010642129	-0.0877418877484186	-0.0805369849223231	-0.2011710877689566	-0.1687697163472743	0.049928919674857	-0.0152845570653314	False	False	True	False	False	False	True	EXTREME_LEVERAGE	True	HOLD_MODEL_INSTABILITY	HOLD_MODEL_INSTABILITY	False			HIGH
0.2322935817097418	-0.1390384006027452	-0.371331982312487	-0.0915499010083387	0.0504419944142609	0.0364181326396721	-0.8237426951083344	-0.0052336212897238	0.0469765117441279	-0.4936958395329389	0.0468581907940344	0.2898550724637681	12	1866	macrophage_inflammatory	PF_ONLY	loo_VUILD102__macrophage_inflammatory__PF_ONLY	False	VUILD102	0.0704647676161919	0.4347826086956522	0.1180488477948439	-0.1404361284768878	-0.2584849762717317	-0.0920334008227883	-0.0130178160346671	-0.1072444802996393	-0.6531559276608678	0.0750381131185673	0.128935532233883	-0.4027442399609509	-0.0313375104361136	0.0019990004997501	13	2117	0.1934032983508246	0.0059970014992503	0.1180488477948439	0.2322935817097418	-0.1404361284768878	-0.1390384006027452	-0.2584849762717317	-0.371331982312487	-0.0920334008227883	-0.0915499010083387	-0.0130178160346671	0.0504419944142609	-0.1072444802996393	0.0364181326396721	-0.1128470060407552	0.0004834998144496	False	False	True	False	True	True	True	EXTREME_LEVERAGE	True	HOLD_MODEL_INSTABILITY	HOLD_MODEL_INSTABILITY	False			HIGH
0.2815098938177163	0.0930819625767117	-0.1884279312410045	-0.1361457715380425	-0.0868163751244962	-0.1669447774600169	-0.4439811061482206	0.0072632516004369	0.064967516241879	-0.5052616817025702	-0.0186329435999637	0.0019990004997501	18	2410	macrophage_inflammatory	DISEASE_ADJUSTED	loo_VUILD102__macrophage_inflammatory__DISEASE_ADJUSTED	False	VUILD102	0.0974512743628185	0.0059970014992503	0.1551250579439241	-0.0814413724054807	-0.2365664303494049	-0.1194535085914583	-0.0887828680776229	-0.1996586332665987	-0.4603472971083421	-0.0066136364055845	0.0439780109945027	-0.4428047023995438	-0.015653619881067	0.0229885057471264	19	2661	0.0674662668665667	0.0689655172413793	0.1551250579439241	0.2815098938177163	-0.0814413724054807	0.0930819625767117	-0.2365664303494049	-0.1884279312410045	-0.1194535085914583	-0.1361457715380425	-0.0887828680776229	-0.0868163751244962	-0.1996586332665987	-0.1669447774600169	0.0481384991084004	-0.0166922629465842	False	False	True	False	False	True	True	EXTREME_LEVERAGE	True	HOLD_MODEL_INSTABILITY	HOLD_MODEL_INSTABILITY	False			HIGH
0.1802084967197434	0.2821609090206997	0.1019524123009562	-0.1553568441555222	0.0431284865228346	0.0755956701408462	-0.0577070410433832	0.2872864125409717	0.1999000499750124	-0.4040147201354244	0.0114444652142662	0.0779610194902548	18	3069	epithelial_injury	POOLED	loo_VUILD104__epithelial_injury__POOLED	False	VUILD104	0.1999000499750124	0.1169415292353823	0.1799302518067081	0.2677639374919135	0.0878336856852053	-0.1959579697696494	-0.0146865720520534	0.0479999305798339	-0.0662187996324282	0.2480353438538791	0.239880059970015	-0.4346371936267294	-0.0137595830367353	0.0209895052473763	19	3219	0.2398800599700149	0.0314842578710644	0.1799302518067081	0.1802084967197434	0.2677639374919135	0.2821609090206997	0.0878336856852053	0.1019524123009562	-0.1959579697696494	-0.1553568441555222	-0.0146865720520534	0.0431284865228346	0.0479999305798339	0.0755956701408462	0.0141187266157508	0.0406011256141272	False	False	False	False	True	True	True	EXTREME_LEVERAGE	True	HOLD_MODEL_INSTABILITY	HOLD_MODEL_INSTABILITY	False			HIGH
-0.0810641549976718	0.0554699585300187	0.1365341135276906	-0.136244843553456	0.1414177609966888	0.1319327039655514	-0.0889851295545154	0.4841375260877332	0.2798600699650175	-0.4346801622540047	0.0483420135442833	0.1679160419790105	12	2324	epithelial_injury	PF_ONLY	loo_VUILD104__epithelial_injury__PF_ONLY	False	VUILD104	0.2798600699650175	0.2518740629685158	-0.0453297138944717	0.0786337837904341	0.1239634976849058	-0.0927435152968481	0.1859700199751021	0.2179860510217435	-0.0745272670538763	0.3756504756353342	0.2168915542228885	-0.4225134165915305	0.1748766919361947	0.527736131934033	13	2474	0.2168915542228885	0.527736131934033	-0.0453297138944717	-0.0810641549976718	0.0786337837904341	0.0554699585300187	0.1239634976849058	0.1365341135276906	-0.0927435152968481	-0.136244843553456	0.1859700199751021	0.1414177609966888	0.2179860510217435	0.1319327039655514	0.0125706158427847	-0.0435013282566079	False	False	False	False	False	False	False	LOW_LEVERAGE	False	HOLD_MODEL_INSTABILITY	HOLD_MODEL_INSTABILITY	False			HIGH
0.2355976671462988	0.2946740821685089	0.05907641502221	-0.1174190115492752	0.1030365326904099	0.1264376197405941	-0.0982934436135204	0.2364144652289576	0.4587706146926537	-0.3290582291823817	0.0666993218996468	0.2368815592203898	18	3069	epithelial_injury	DISEASE_ADJUSTED	loo_VUILD104__epithelial_injury__DISEASE_ADJUSTED	False	VUILD104	0.4587706146926537	0.3553223388305847	0.2434773201000711	0.2909158950104775	0.0474385749104063	-0.162988712421026	0.026378272857383	0.0659119678398417	-0.1092351367830776	0.2036667971701989	0.5187406296851574	-0.376308402033229	0.0038535157265251	0.0619690154922538	19	3219	0.5187406296851574	0.0929535232383808	0.2434773201000711	0.2355976671462988	0.2909158950104775	0.2946740821685089	0.0474385749104063	0.05907641502221	-0.162988712421026	-0.1174190115492752	0.026378272857383	0.1030365326904099	0.0659119678398417	0.1264376197405941	0.0116378401118036	0.0455697008717508	False	False	False	False	False	False	False	LOW_LEVERAGE	False	HOLD_MODEL_INSTABILITY	HOLD_MODEL_INSTABILITY	False			HIGH
-1.338136382885577	0.2853891561942262	1.6235255390798031	0.0120544412184216	0.1351053224316922	0.2381818397585335	-0.0385405241615955	4.28933461174108	0.1159420289855072	-0.1751297267412142	0.1024038111791218	0.6926536731634183	18	4529	fibroblast_activation	POOLED	loo_VUILD104__fibroblast_activation__POOLED	False	VUILD104	0.1739130434782608	0.6926536731634183	-0.2326160328227631	0.4376745630398683	0.6702905958626314	0.0552168329691414	0.2394739036546756	0.3082978632886964	-0.0108054461805848	1.691784470290271	0.0629685157421289	-0.1223621786351951	0.0985209425810092	0.3318340829585207	19	4869	0.0944527736131934	0.3318340829585207	-0.2326160328227631	-1.338136382885577	0.4376745630398683	0.2853891561942262	0.6702905958626314	1.6235255390798031	0.0552168329691414	0.0120544412184216	0.2394739036546756	0.1351053224316922	0.3082978632886964	0.2381818397585335	0.953234943217172	-0.0431623917507197	False	False	False	False	False	False	False	HIGH_LEVERAGE	False	HOLD_MODEL_INSTABILITY	HOLD_MODEL_INSTABILITY	False			HIGH
-0.7807905804605015	-0.0016680092253471	0.7791225712351544	0.0174580670068782	0.1867508415330696	0.3279268713537386	0.0053451707666963	1.743353376959394	0.0459770114942528	-0.0742856804961527	0.112029723816555	0.6916541729135433	12	4044	fibroblast_activation	PF_ONLY	loo_VUILD104__fibroblast_activation__PF_ONLY	False	VUILD104	0.1334332833583208	0.6916541729135433	0.2320820439842654	0.4640700697059879	0.2319880257217225	0.1914831919645906	0.438830837993487	0.4045344205254975	0.0654655852417333	0.403652560125098	0.0069965017491254	0.0178019386345889	0.2843355103012586	0.0259870064967516	13	4384	0.0209895052473763	0.0389805097451274	0.2320820439842654	-0.7807905804605015	0.4640700697059879	-0.0016680092253471	0.2319880257217225	0.7791225712351544	0.1914831919645906	0.0174580670068782	0.438830837993487	0.1867508415330696	0.4045344205254975	0.3279268713537386	0.5471345455134319	-0.1740251249577123	False	False	False	True	True	True	True	EXTREME_LEVERAGE	True	HOLD_MODEL_INSTABILITY	HOLD_MODEL_INSTABILITY	False			HIGH
-1.0324200665598111	0.3766434933169519	1.409063559876763	0.0137800263706854	0.1212599991892161	0.2208279010384521	-0.0656926502022351	3.635864038328021	0.1859070464767616	-0.1933428959016585	0.0243226635246083	0.7436281859070465	18	4529	fibroblast_activation	DISEASE_ADJUSTED	loo_VUILD104__fibroblast_activation__DISEASE_ADJUSTED	False	VUILD104	0.2788605697151424	0.7436281859070465	-0.4437073119805621	0.4378578537109939	0.8815651656915561	0.0363693302995379	0.1922297195251491	0.2613615324350453	0.0060804709936153	2.2208982822890273	0.0449775112443778	-0.1390663331268575	0.0684732546422427	0.4697651174412793	19	4869	0.0674662668665667	0.4697651174412793	-0.4437073119805621	-1.0324200665598111	0.4378578537109939	0.3766434933169519	0.8815651656915561	1.409063559876763	0.0363693302995379	0.0137800263706854	0.1922297195251491	0.1212599991892161	0.2613615324350453	0.2208279010384521	0.5274983941852068	-0.0225893039288525	False	False	True	False	False	False	True	EXTREME_LEVERAGE	True	HOLD_MODEL_INSTABILITY	HOLD_MODEL_INSTABILITY	False			HIGH
0.0164583271782265	-0.1631789718027021	-0.1796372989809287	-0.1080110697259177	-0.156707936338949	-0.3182336599221622	-0.4524307848122122	-0.0046051211425398	0.0439780109945027	-0.4876828488435052	-0.0421099875081191	0.0019990004997501	18	2559	macrophage_inflammatory	POOLED	loo_VUILD104__macrophage_inflammatory__POOLED	False	VUILD104	0.1319340329835082	0.0059970014992503	0.1542970526147858	-0.0813829391756046	-0.2356799917903905	-0.1187259439988814	-0.0877418877484186	-0.2011710877689566	-0.4581299225791371	-0.000539122615392	0.0509745127436281	-0.4516536932795192	-0.0231208843324509	0.016991504247876	19	2661	0.0944527736131934	0.0314842578710644	0.1542970526147858	0.0164583271782265	-0.0813829391756046	-0.1631789718027021	-0.2356799917903905	-0.1796372989809287	-0.1187259439988814	-0.1080110697259177	-0.0877418877484186	-0.156707936338949	-0.2011710877689566	-0.3182336599221622	0.0560426928094618	0.0107148742729636	False	False	False	False	False	False	False	MODERATE_LEVERAGE	False	HOLD_MODEL_INSTABILITY	HOLD_MODEL_INSTABILITY	False			HIGH
0.0583981545167066	-0.1931730793250337	-0.2515712338417403	-0.1427877998823474	-0.0300110766865973	-0.0830873945010473	-0.6561466065491137	0.0226950259848595	0.0889555222388805	-0.6685894608169435	-0.0489198459182202	0.0029985007496251	12	2015	macrophage_inflammatory	PF_ONLY	loo_VUILD104__macrophage_inflammatory__PF_ONLY	False	VUILD104	0.1334332833583208	0.0089955022488755	0.1180488477948439	-0.1404361284768878	-0.2584849762717317	-0.0920334008227883	-0.0130178160346671	-0.1072444802996393	-0.6531559276608678	0.0750381131185673	0.128935532233883	-0.4027442399609509	-0.0313375104361136	0.0019990004997501	13	2117	0.1934032983508246	0.0059970014992503	0.1180488477948439	0.0583981545167066	-0.1404361284768878	-0.1931730793250337	-0.2584849762717317	-0.2515712338417403	-0.0920334008227883	-0.1427877998823474	-0.0130178160346671	-0.0300110766865973	-0.1072444802996393	-0.0830873945010473	0.0069137424299914	-0.0507543990595591	False	False	False	False	False	False	False	LOW_LEVERAGE	False	HOLD_MODEL_INSTABILITY	HOLD_MODEL_INSTABILITY	False			HIGH
0.0213220792806161	-0.1630904038931546	-0.1844124831737708	-0.1067675589357255	-0.1505967828800299	-0.3066388515914947	-0.4588458048832355	-0.0123367709906562	0.0349825087456271	-0.4825760834796734	-0.0321800748495011	0.0029985007496251	18	2559	macrophage_inflammatory	DISEASE_ADJUSTED	loo_VUILD104__macrophage_inflammatory__DISEASE_ADJUSTED	False	VUILD104	0.1049475262368815	0.0089955022488755	0.1551250579439241	-0.0814413724054807	-0.2365664303494049	-0.1194535085914583	-0.0887828680776229	-0.1996586332665987	-0.4603472971083421	-0.0066136364055845	0.0439780109945027	-0.4428047023995438	-0.015653619881067	0.0229885057471264	19	2661	0.0674662668665667	0.0689655172413793	0.1551250579439241	0.0213220792806161	-0.0814413724054807	-0.1630904038931546	-0.2365664303494049	-0.1844124831737708	-0.1194535085914583	-0.1067675589357255	-0.0887828680776229	-0.1505967828800299	-0.1996586332665987	-0.3066388515914947	0.0521539471756341	0.0126859496557327	False	False	False	False	False	True	True	EXTREME_LEVERAGE	True	HOLD_MODEL_INSTABILITY	HOLD_MODEL_INSTABILITY	False			HIGH
0.1779451584645656	0.2522880747620345	0.0743429162974689	-0.1779116877798663	-0.0420245837694162	0.0223156500781695	-0.0815719874939999	0.2326445222594943	0.320839580209895	-0.3895412078342665	-0.0133155403058941	0.0269865067466266	18	3191	epithelial_injury	POOLED	loo_VUILD105__epithelial_injury__POOLED	False	VUILD105	0.320839580209895	0.04047976011994	0.1799302518067081	0.2677639374919135	0.0878336856852053	-0.1959579697696494	-0.0146865720520534	0.0479999305798339	-0.0662187996324282	0.2480353438538791	0.239880059970015	-0.4346371936267294	-0.0137595830367353	0.0209895052473763	19	3219	0.2398800599700149	0.0314842578710644	0.1799302518067081	0.1779451584645656	0.2677639374919135	0.2522880747620345	0.0878336856852053	0.0743429162974689	-0.1959579697696494	-0.1779116877798663	-0.0146865720520534	-0.0420245837694162	0.0479999305798339	0.0223156500781695	-0.0134907693877364	0.018046281989783	False	False	False	False	False	False	False	LOW_LEVERAGE	False	HOLD_MODEL_INSTABILITY	HOLD_MODEL_INSTABILITY	False			HIGH
-0.0201294902653685	0.0735476052225373	0.0936770954879059	-0.1060999144377536	0.1812001177201443	0.1955704908156064	-0.0931235805114282	0.3228809910138112	0.3078460769615192	-0.414006773485505	0.1445793012262664	0.4217891054472764	12	2446	epithelial_injury	PF_ONLY	loo_VUILD105__epithelial_injury__PF_ONLY	False	VUILD105	0.3078460769615192	0.4217891054472764	-0.0453297138944717	0.0786337837904341	0.1239634976849058	-0.0927435152968481	0.1859700199751021	0.2179860510217435	-0.0745272670538763	0.3756504756353342	0.2168915542228885	-0.4225134165915305	0.1748766919361947	0.527736131934033	13	2474	0.2168915542228885	0.527736131934033	-0.0453297138944717	-0.0201294902653685	0.0786337837904341	0.0735476052225373	0.1239634976849058	0.0936770954879059	-0.0927435152968481	-0.1060999144377536	0.1859700199751021	0.1812001177201443	0.2179860510217435	0.1955704908156064	-0.0302864021969999	-0.0133563991409055	False	False	False	False	False	False	False	MODERATE_LEVERAGE	False	HOLD_MODEL_INSTABILITY	HOLD_MODEL_INSTABILITY	False			HIGH
0.2399267245120591	0.2799099305569491	0.03998320604489	-0.1421805540726135	0.01285335951184	0.0590080912995121	-0.1195741539819845	0.1992896221250285	0.6006996501749126	-0.3210670050244397	0.0086784275465493	0.08095952023988	18	3191	epithelial_injury	DISEASE_ADJUSTED	loo_VUILD105__epithelial_injury__DISEASE_ADJUSTED	False	VUILD105	0.6006996501749126	0.12143928035982	0.2434773201000711	0.2909158950104775	0.0474385749104063	-0.162988712421026	0.026378272857383	0.0659119678398417	-0.1092351367830776	0.2036667971701989	0.5187406296851574	-0.376308402033229	0.0038535157265251	0.0619690154922538	19	3219	0.5187406296851574	0.0929535232383808	0.2434773201000711	0.2399267245120591	0.2909158950104775	0.2799099305569491	0.0474385749104063	0.03998320604489	-0.162988712421026	-0.1421805540726135	0.026378272857383	0.01285335951184	0.0659119678398417	0.0590080912995121	-0.0074553688655163	0.0208081583484125	False	False	False	False	False	False	False	LOW_LEVERAGE	False	HOLD_MODEL_INSTABILITY	HOLD_MODEL_INSTABILITY	False			HIGH
-0.1412981380075177	0.4513874322120652	0.592685570219583	0.0124576123084431	0.1225503720687035	0.2083435515188256	0.0033805070818492	1.4695191340765463	0.0469765117441279	-0.1259191489599149	0.0538849898228557	0.8685657171414293	18	4773	fibroblast_activation	POOLED	loo_VUILD105__fibroblast_activation__POOLED	False	VUILD105	0.1034482758620689	0.8685657171414293	-0.2326160328227631	0.4376745630398683	0.6702905958626314	0.0552168329691414	0.2394739036546756	0.3082978632886964	-0.0108054461805848	1.691784470290271	0.0629685157421289	-0.1223621786351951	0.0985209425810092	0.3318340829585207	19	4869	0.0944527736131934	0.3318340829585207	-0.2326160328227631	-0.1412981380075177	0.4376745630398683	0.4513874322120652	0.6702905958626314	0.592685570219583	0.0552168329691414	0.0124576123084431	0.2394739036546756	0.1225503720687035	0.3082978632886964	0.2083435515188256	-0.0776050256430483	-0.0427592206606983	False	False	True	False	False	False	True	EXTREME_LEVERAGE	True	HOLD_MODEL_INSTABILITY	HOLD_MODEL_INSTABILITY	False			HIGH
0.2585069350664952	0.4794575904402137	0.2209506553737185	0.1847923750883356	0.4330040132084052	0.4056492015666493	0.061993124888074	0.3879321704164894	0.0049975012493753	0.0250270010225642	0.2748156568790801	0.0339830084957521	12	4288	fibroblast_activation	PF_ONLY	loo_VUILD105__fibroblast_activation__PF_ONLY	False	VUILD105	0.0149925037481259	0.1019490254872563	0.2320820439842654	0.4640700697059879	0.2319880257217225	0.1914831919645906	0.438830837993487	0.4045344205254975	0.0654655852417333	0.403652560125098	0.0069965017491254	0.0178019386345889	0.2843355103012586	0.0259870064967516	13	4384	0.0209895052473763	0.0389805097451274	0.2320820439842654	0.2585069350664952	0.4640700697059879	0.4794575904402137	0.2319880257217225	0.2209506553737185	0.1914831919645906	0.1847923750883356	0.438830837993487	0.4330040132084052	0.4045344205254975	0.4056492015666493	-0.011037370348004	-0.0066908168762549	False	False	False	False	False	True	True	EXTREME_LEVERAGE	True	HOLD_MODEL_INSTABILITY	HOLD_MODEL_INSTABILITY	False			HIGH
-0.3235808552367119	0.4714642301935933	0.7950450854303052	0.0094720341799428	0.0981795677275919	0.1054990401663826	0.0217429016306581	1.9413193546200165	0.0239880059970015	-0.0950124830147343	0.038103637279228	0.8755622188905547	18	4773	fibroblast_activation	DISEASE_ADJUSTED	loo_VUILD105__fibroblast_activation__DISEASE_ADJUSTED	False	VUILD105	0.0719640179910044	0.8755622188905546	-0.4437073119805621	0.4378578537109939	0.8815651656915561	0.0363693302995379	0.1922297195251491	0.2613615324350453	0.0060804709936153	2.2208982822890273	0.0449775112443778	-0.1390663331268575	0.0684732546422427	0.4697651174412793	19	4869	0.0674662668665667	0.4697651174412793	-0.4437073119805621	-0.3235808552367119	0.4378578537109939	0.4714642301935933	0.8815651656915561	0.7950450854303052	0.0363693302995379	0.0094720341799428	0.1922297195251491	0.0981795677275919	0.2613615324350453	0.1054990401663826	-0.0865200802612509	-0.0268972961195951	False	False	False	False	False	False	False	LOW_LEVERAGE	False	HOLD_MODEL_INSTABILITY	HOLD_MODEL_INSTABILITY	False			HIGH
0.2230913998782978	0.0422164262020178	-0.18087497367628	-0.128991884683437	-0.1184528108129579	-0.2483385937025484	-0.3855605654010857	0.0135845394561924	0.0689655172413793	-0.4833527867612225	-0.0311030292187138	0.000999500249875	18	2660	macrophage_inflammatory	POOLED	loo_VUILD105__macrophage_inflammatory__POOLED	False	VUILD105	0.1034482758620689	0.0029985007496251	0.1542970526147858	-0.0813829391756046	-0.2356799917903905	-0.1187259439988814	-0.0877418877484186	-0.2011710877689566	-0.4581299225791371	-0.000539122615392	0.0509745127436281	-0.4516536932795192	-0.0231208843324509	0.016991504247876	19	2661	0.0944527736131934	0.0314842578710644	0.1542970526147858	0.2230913998782978	-0.0813829391756046	0.0422164262020178	-0.2356799917903905	-0.18087497367628	-0.1187259439988814	-0.128991884683437	-0.0877418877484186	-0.1184528108129579	-0.2011710877689566	-0.2483385937025484	0.0548050181141105	-0.0102659406845555	False	False	True	False	False	False	True	EXTREME_LEVERAGE	True	HOLD_MODEL_INSTABILITY	HOLD_MODEL_INSTABILITY	False			HIGH
0.1777999067601234	0.013951412280733	-0.1638484944793904	-0.0377108450328185	0.0494143492115003	0.0361175513266012	-0.5613303109214717	0.0776424655034011	0.3058470764617691	-0.3732273644053183	0.0281432097466094	0.2298850574712643	12	2116	macrophage_inflammatory	PF_ONLY	loo_VUILD105__macrophage_inflammatory__PF_ONLY	False	VUILD105	0.3078460769615192	0.3448275862068966	0.1180488477948439	-0.1404361284768878	-0.2584849762717317	-0.0920334008227883	-0.0130178160346671	-0.1072444802996393	-0.6531559276608678	0.0750381131185673	0.128935532233883	-0.4027442399609509	-0.0313375104361136	0.0019990004997501	13	2117	0.1934032983508246	0.0059970014992503	0.1180488477948439	0.1777999067601234	-0.1404361284768878	0.013951412280733	-0.2584849762717317	-0.1638484944793904	-0.0920334008227883	-0.0377108450328185	-0.0130178160346671	0.0494143492115003	-0.1072444802996393	0.0361175513266012	0.0946364817923413	0.0543225557899698	False	False	False	False	True	True	True	EXTREME_LEVERAGE	True	HOLD_MODEL_INSTABILITY	HOLD_MODEL_INSTABILITY	False			HIGH
0.221969683855715	0.0422193453797563	-0.1797503384759586	-0.1257902439779599	-0.1076622789596757	-0.192183032444384	-0.3873847058526093	0.0096109259516866	0.0629685157421289	-0.4305336187086563	-0.0238808151520686	0.0019990004997501	18	2660	macrophage_inflammatory	DISEASE_ADJUSTED	loo_VUILD105__macrophage_inflammatory__DISEASE_ADJUSTED	False	VUILD105	0.0944527736131934	0.0059970014992503	0.1551250579439241	-0.0814413724054807	-0.2365664303494049	-0.1194535085914583	-0.0887828680776229	-0.1996586332665987	-0.4603472971083421	-0.0066136364055845	0.0439780109945027	-0.4428047023995438	-0.015653619881067	0.0229885057471264	19	2661	0.0674662668665667	0.0689655172413793	0.1551250579439241	0.221969683855715	-0.0814413724054807	0.0422193453797563	-0.2365664303494049	-0.1797503384759586	-0.1194535085914583	-0.1257902439779599	-0.0887828680776229	-0.1076622789596757	-0.1996586332665987	-0.192183032444384	0.0568160918734462	-0.0063367353865015	False	False	True	False	False	True	True	EXTREME_LEVERAGE	True	HOLD_MODEL_INSTABILITY	HOLD_MODEL_INSTABILITY	False			HIGH
0.169404216426511	0.2381967913403897	0.0687925749138786	-0.1927424437240235	0.0561871515373114	0.0926297583566605	-0.1117028186916978	0.2576528861558755	0.4357821089455272	-0.5219149702450655	0.0715816988281403	0.2268865567216391	18	3064	epithelial_injury	POOLED	loo_VUILD106__epithelial_injury__POOLED	False	VUILD106	0.5787106446776612	0.3403298350824588	0.1799302518067081	0.2677639374919135	0.0878336856852053	-0.1959579697696494	-0.0146865720520534	0.0479999305798339	-0.0662187996324282	0.2480353438538791	0.239880059970015	-0.4346371936267294	-0.0137595830367353	0.0209895052473763	19	3219	0.2398800599700149	0.0314842578710644	0.1799302518067081	0.169404216426511	0.2677639374919135	0.2381967913403897	0.0878336856852053	0.0687925749138786	-0.1959579697696494	-0.1927424437240235	-0.0146865720520534	0.0561871515373114	0.0479999305798339	0.0926297583566605	-0.0190411107713266	0.0032155260456259	False	False	False	False	True	True	True	EXTREME_LEVERAGE	True	HOLD_MODEL_INSTABILITY	HOLD_MODEL_INSTABILITY	False			HIGH
-0.0219091259124324	-0.0421564966022209	-0.0202473706897885	-0.2053079255633747	0.1496519774773875	0.1626118260889379	-0.2346421686210333	0.2636358347778503	0.9385307346326835	-0.5438018360169552	0.0827473963415409	0.2068965517241379	12	2319	epithelial_injury	PF_ONLY	loo_VUILD106__epithelial_injury__PF_ONLY	False	VUILD106	0.9385307346326835	0.3103448275862069	-0.0453297138944717	0.0786337837904341	0.1239634976849058	-0.0927435152968481	0.1859700199751021	0.2179860510217435	-0.0745272670538763	0.3756504756353342	0.2168915542228885	-0.4225134165915305	0.1748766919361947	0.527736131934033	13	2474	0.2168915542228885	0.527736131934033	-0.0453297138944717	-0.0219091259124324	0.0786337837904341	-0.0421564966022209	0.1239634976849058	-0.0202473706897885	-0.0927435152968481	-0.2053079255633747	0.1859700199751021	0.1496519774773875	0.2179860510217435	0.1626118260889379	-0.1442108683746944	-0.1125644102665266	True	False	False	False	False	False	False	EXTREME_LEVERAGE	True	HOLD_MODEL_INSTABILITY	HOLD_MODEL_INSTABILITY	False			HIGH
0.2211024610289892	0.2583203808728316	0.0372179198438423	-0.1534213460725046	0.087489118800736	0.1251637262940576	-0.1381783381014604	0.2160886373880211	0.6876561719140429	-0.447463294320112	0.0993558427391639	0.3138430784607696	18	3064	epithelial_injury	DISEASE_ADJUSTED	loo_VUILD106__epithelial_injury__DISEASE_ADJUSTED	False	VUILD106	0.6876561719140429	0.3188405797101449	0.2434773201000711	0.2909158950104775	0.0474385749104063	-0.162988712421026	0.026378272857383	0.0659119678398417	-0.1092351367830776	0.2036667971701989	0.5187406296851574	-0.376308402033229	0.0038535157265251	0.0619690154922538	19	3219	0.5187406296851574	0.0929535232383808	0.2434773201000711	0.2211024610289892	0.2909158950104775	0.2583203808728316	0.0474385749104063	0.0372179198438423	-0.162988712421026	-0.1534213460725046	0.026378272857383	0.087489118800736	0.0659119678398417	0.1251637262940576	-0.010220655066564	0.0095673663485214	False	False	False	False	False	False	False	LOW_LEVERAGE	False	HOLD_MODEL_INSTABILITY	HOLD_MODEL_INSTABILITY	False			HIGH
0.2831585645229706	0.3957094994208332	0.1125509348978626	0.0051542522355398	0.2377210212662887	0.2025814996848426	-0.0688901378526449	0.2964860616276822	0.2278860569715142	-0.2184373636004145	0.0995740665294284	0.8115942028985508	18	4015	fibroblast_activation	POOLED	loo_VUILD106__fibroblast_activation__POOLED	False	VUILD106	0.5787106446776612	0.8115942028985508	-0.2326160328227631	0.4376745630398683	0.6702905958626314	0.0552168329691414	0.2394739036546756	0.3082978632886964	-0.0108054461805848	1.691784470290271	0.0629685157421289	-0.1223621786351951	0.0985209425810092	0.3318340829585207	19	4869	0.0944527736131934	0.3318340829585207	-0.2326160328227631	0.2831585645229706	0.4376745630398683	0.3957094994208332	0.6702905958626314	0.1125509348978626	0.0552168329691414	0.0051542522355398	0.2394739036546756	0.2377210212662887	0.3082978632886964	0.2025814996848426	-0.5577396609647688	-0.0500625807336015	False	False	False	False	False	False	False	HIGH_LEVERAGE	False	HOLD_MODEL_INSTABILITY	HOLD_MODEL_INSTABILITY	False			HIGH
0.1719914519298321	0.398882620957792	0.2268911690279599	0.1142218578288084	0.3912241884149628	0.3715674794754184	-0.0107575128640973	0.4799143317116992	0.0619690154922538	-0.3190368529943198	0.2991445232926942	0.6056971514242878	12	3530	fibroblast_activation	PF_ONLY	loo_VUILD106__fibroblast_activation__PF_ONLY	False	VUILD106	0.1859070464767616	0.6056971514242878	0.2320820439842654	0.4640700697059879	0.2319880257217225	0.1914831919645906	0.438830837993487	0.4045344205254975	0.0654655852417333	0.403652560125098	0.0069965017491254	0.0178019386345889	0.2843355103012586	0.0259870064967516	13	4384	0.0209895052473763	0.0389805097451274	0.2320820439842654	0.1719914519298321	0.4640700697059879	0.398882620957792	0.2319880257217225	0.2268911690279599	0.1914831919645906	0.1142218578288084	0.438830837993487	0.3912241884149628	0.4045344205254975	0.3715674794754184	-0.0050968566937625	-0.0772613341357821	False	False	True	True	True	True	True	EXTREME_LEVERAGE	True	HOLD_MODEL_INSTABILITY	HOLD_MODEL_INSTABILITY	False			HIGH
0.3078120623285546	0.404073721449999	0.0962616591214443	-0.0223015437519644	0.1742424167585585	0.0372805796399033	-0.0763952341759272	0.264190185159876	0.2868565717141429	-0.2025356294531143	0.0331622238135353	0.3188405797101449	18	4015	fibroblast_activation	DISEASE_ADJUSTED	loo_VUILD106__fibroblast_activation__DISEASE_ADJUSTED	False	VUILD106	0.6876561719140429	0.3188405797101449	-0.4437073119805621	0.4378578537109939	0.8815651656915561	0.0363693302995379	0.1922297195251491	0.2613615324350453	0.0060804709936153	2.2208982822890273	0.0449775112443778	-0.1390663331268575	0.0684732546422427	0.4697651174412793	19	4869	0.0674662668665667	0.4697651174412793	-0.4437073119805621	0.3078120623285546	0.4378578537109939	0.404073721449999	0.8815651656915561	0.0962616591214443	0.0363693302995379	-0.0223015437519644	0.1922297195251491	0.1742424167585585	0.2613615324350453	0.0372805796399033	-0.7853035065701117	-0.0586708740515024	False	True	True	False	False	False	True	EXTREME_LEVERAGE	True	HOLD_MODEL_INSTABILITY	HOLD_MODEL_INSTABILITY	False			HIGH
0.0301469190416417	-0.0373150006289639	-0.0674619196706057	-0.0682245703683113	0.0118647066727902	-0.0985833627306112	-0.3083536472051577	0.1310690179575712	0.5787106446776612	-0.4388053722661232	0.0068518859303893	0.0889555222388805	18	2540	macrophage_inflammatory	POOLED	loo_VUILD106__macrophage_inflammatory__POOLED	False	VUILD106	0.5787106446776612	0.2668665667166416	0.1542970526147858	-0.0813829391756046	-0.2356799917903905	-0.1187259439988814	-0.0877418877484186	-0.2011710877689566	-0.4581299225791371	-0.000539122615392	0.0509745127436281	-0.4516536932795192	-0.0231208843324509	0.016991504247876	19	2661	0.0944527736131934	0.0314842578710644	0.1542970526147858	0.0301469190416417	-0.0813829391756046	-0.0373150006289639	-0.2356799917903905	-0.0674619196706057	-0.1187259439988814	-0.0682245703683113	-0.0877418877484186	0.0118647066727902	-0.2011710877689566	-0.0985833627306112	0.1682180721197848	0.0505013736305701	False	False	True	False	True	True	True	EXTREME_LEVERAGE	True	HOLD_MODEL_INSTABILITY	HOLD_MODEL_INSTABILITY	False			HIGH
0.1228245430278556	-0.0702658971121179	-0.1930904401399735	-0.1608493746954915	0.0075999798685821	-0.0213596888167545	-0.609280046453793	0.2519245930533756	0.368815592203898	-0.6944652220494985	-0.005489327675961	0.0439780109945027	12	1996	macrophage_inflammatory	PF_ONLY	loo_VUILD106__macrophage_inflammatory__PF_ONLY	False	VUILD106	0.553223388305847	0.1319340329835082	0.1180488477948439	-0.1404361284768878	-0.2584849762717317	-0.0920334008227883	-0.0130178160346671	-0.1072444802996393	-0.6531559276608678	0.0750381131185673	0.128935532233883	-0.4027442399609509	-0.0313375104361136	0.0019990004997501	13	2117	0.1934032983508246	0.0059970014992503	0.1180488477948439	0.1228245430278556	-0.1404361284768878	-0.0702658971121179	-0.2584849762717317	-0.1930904401399735	-0.0920334008227883	-0.1608493746954915	-0.0130178160346671	0.0075999798685821	-0.1072444802996393	-0.0213596888167545	0.0653945361317581	-0.0688159738727032	False	False	False	False	False	True	True	EXTREME_LEVERAGE	True	HOLD_MODEL_INSTABILITY	HOLD_MODEL_INSTABILITY	False			HIGH
0.031906988579529	-0.0373835057343907	-0.0692904943139197	-0.0683236134086313	0.0125662631193108	-0.0510994478200974	-0.3165427749085013	0.1464156246655019	0.5567216391804098	-0.4597163999407236	0.0098097739396108	0.1049475262368815	18	2540	macrophage_inflammatory	DISEASE_ADJUSTED	loo_VUILD106__macrophage_inflammatory__DISEASE_ADJUSTED	False	VUILD106	0.6876561719140429	0.3148425787106447	0.1551250579439241	-0.0814413724054807	-0.2365664303494049	-0.1194535085914583	-0.0887828680776229	-0.1996586332665987	-0.4603472971083421	-0.0066136364055845	0.0439780109945027	-0.4428047023995438	-0.015653619881067	0.0229885057471264	19	2661	0.0674662668665667	0.0689655172413793	0.1551250579439241	0.031906988579529	-0.0814413724054807	-0.0373835057343907	-0.2365664303494049	-0.0692904943139197	-0.1194535085914583	-0.0683236134086313	-0.0887828680776229	0.0125662631193108	-0.1996586332665987	-0.0510994478200974	0.1672759360354851	0.0511298951828269	False	False	True	False	True	False	True	EXTREME_LEVERAGE	True	HOLD_MODEL_INSTABILITY	HOLD_MODEL_INSTABILITY	False			HIGH
0.1593731682630796	0.2321988937197098	0.0728257254566301	-0.1284427378783905	-0.0816252740413063	0.0025342146508	-0.0830850139036069	0.2268418414844718	0.3228385807096451	-0.3840690365418794	0.005948454414989	0.0739630184907546	18	3126	epithelial_injury	POOLED	loo_VUILD107__epithelial_injury__POOLED	False	VUILD107	0.3228385807096451	0.1109445277361319	0.1799302518067081	0.2677639374919135	0.0878336856852053	-0.1959579697696494	-0.0146865720520534	0.0479999305798339	-0.0662187996324282	0.2480353438538791	0.239880059970015	-0.4346371936267294	-0.0137595830367353	0.0209895052473763	19	3219	0.2398800599700149	0.0314842578710644	0.1799302518067081	0.1593731682630796	0.2677639374919135	0.2321988937197098	0.0878336856852053	0.0728257254566301	-0.1959579697696494	-0.1284427378783905	-0.0146865720520534	-0.0816252740413063	0.0479999305798339	0.0025342146508	-0.0150079602285752	0.0675152318912588	False	False	False	False	True	True	True	EXTREME_LEVERAGE	True	HOLD_MODEL_INSTABILITY	HOLD_MODEL_INSTABILITY	False			HIGH
-0.0580761786405104	0.0474165331500484	0.1054927117905588	-0.1237683826504849	0.1274641049001682	0.1767180083869059	-0.0943670909755625	0.3570958407652222	0.2858570714642678	-0.4833666620568398	0.1218896269209888	0.3508245877061469	12	2381	epithelial_injury	PF_ONLY	loo_VUILD107__epithelial_injury__PF_ONLY	False	VUILD107	0.2858570714642678	0.3508245877061469	-0.0453297138944717	0.0786337837904341	0.1239634976849058	-0.0927435152968481	0.1859700199751021	0.2179860510217435	-0.0745272670538763	0.3756504756353342	0.2168915542228885	-0.4225134165915305	0.1748766919361947	0.527736131934033	13	2474	0.2168915542228885	0.527736131934033	-0.0453297138944717	-0.0580761786405104	0.0786337837904341	0.0474165331500484	0.1239634976849058	0.1054927117905588	-0.0927435152968481	-0.1237683826504849	0.1859700199751021	0.1274641049001682	0.2179860510217435	0.1767180083869059	-0.018470785894347	-0.0310248673536368	False	False	False	False	False	False	False	LOW_LEVERAGE	False	HOLD_MODEL_INSTABILITY	HOLD_MODEL_INSTABILITY	False			HIGH
0.2282826509559705	0.2446981093274589	0.0164154583714883	-0.1012852636718009	-0.0345122726913886	0.0537819571351494	-0.1323980980668135	0.1615857359549731	0.8315842078960519	-0.343709572317143	0.0324180758180481	0.2228885557221389	18	3126	epithelial_injury	DISEASE_ADJUSTED	loo_VUILD107__epithelial_injury__DISEASE_ADJUSTED	False	VUILD107	0.8315842078960519	0.2228885557221389	0.2434773201000711	0.2909158950104775	0.0474385749104063	-0.162988712421026	0.026378272857383	0.0659119678398417	-0.1092351367830776	0.2036667971701989	0.5187406296851574	-0.376308402033229	0.0038535157265251	0.0619690154922538	19	3219	0.5187406296851574	0.0929535232383808	0.2434773201000711	0.2282826509559705	0.2909158950104775	0.2446981093274589	0.0474385749104063	0.0164154583714883	-0.162988712421026	-0.1012852636718009	0.026378272857383	-0.0345122726913886	0.0659119678398417	0.0537819571351494	-0.0310231165389179	0.0617034487492251	False	False	False	False	False	False	False	HIGH_LEVERAGE	False	HOLD_MODEL_INSTABILITY	HOLD_MODEL_INSTABILITY	False			HIGH
-0.2769855427731658	0.3969886702722781	0.6739742130454439	0.0506362635282946	0.2349870978221119	0.2976080325505738	-0.0711183657556348	1.7332622757023095	0.1519240379810095	-0.0727742837272816	0.1592187242073542	0.272863568215892	18	4533	fibroblast_activation	POOLED	loo_VUILD107__fibroblast_activation__POOLED	False	VUILD107	0.2278860569715142	0.272863568215892	-0.2326160328227631	0.4376745630398683	0.6702905958626314	0.0552168329691414	0.2394739036546756	0.3082978632886964	-0.0108054461805848	1.691784470290271	0.0629685157421289	-0.1223621786351951	0.0985209425810092	0.3318340829585207	19	4869	0.0944527736131934	0.3318340829585207	-0.2326160328227631	-0.2769855427731658	0.4376745630398683	0.3969886702722781	0.6702905958626314	0.6739742130454439	0.0552168329691414	0.0506362635282946	0.2394739036546756	0.2349870978221119	0.3082978632886964	0.2976080325505738	0.0036836171828125	-0.0045805694408468	False	False	False	False	False	False	False	LOW_LEVERAGE	False	HOLD_MODEL_INSTABILITY	HOLD_MODEL_INSTABILITY	False			HIGH
0.2120737697170768	0.4395787415075883	0.2275049717905115	0.1972608516438032	0.4632415427250969	0.4431592929522313	0.0178357877742089	0.402947343797209	0.0399800099950025	0.035348593676088	0.279379192264264	0.0189905047476261	12	4048	fibroblast_activation	PF_ONLY	loo_VUILD107__fibroblast_activation__PF_ONLY	False	VUILD107	0.0599700149925037	0.0284857571214392	0.2320820439842654	0.4640700697059879	0.2319880257217225	0.1914831919645906	0.438830837993487	0.4045344205254975	0.0654655852417333	0.403652560125098	0.0069965017491254	0.0178019386345889	0.2843355103012586	0.0259870064967516	13	4384	0.0209895052473763	0.0389805097451274	0.2320820439842654	0.2120737697170768	0.4640700697059879	0.4395787415075883	0.2319880257217225	0.2275049717905115	0.1914831919645906	0.1972608516438032	0.438830837993487	0.4632415427250969	0.4045344205254975	0.4431592929522313	-0.0044830539312109	0.0057776596792126	False	False	False	True	False	False	True	EXTREME_LEVERAGE	True	HOLD_MODEL_INSTABILITY	HOLD_MODEL_INSTABILITY	False			HIGH
-0.6409067611983978	0.4066201155697082	1.047526876768106	0.0409163431938893	0.2085448962050703	0.2684636513122576	-0.063539467643224	2.797078949280096	0.1489255372313843	-0.0551500928343151	0.1239857753861562	0.1619190404797601	18	4533	fibroblast_activation	DISEASE_ADJUSTED	loo_VUILD107__fibroblast_activation__DISEASE_ADJUSTED	False	VUILD107	0.2233883058470764	0.2228885557221389	-0.4437073119805621	0.4378578537109939	0.8815651656915561	0.0363693302995379	0.1922297195251491	0.2613615324350453	0.0060804709936153	2.2208982822890273	0.0449775112443778	-0.1390663331268575	0.0684732546422427	0.4697651174412793	19	4869	0.0674662668665667	0.4697651174412793	-0.4437073119805621	-0.6409067611983978	0.4378578537109939	0.4066201155697082	0.8815651656915561	1.047526876768106	0.0363693302995379	0.0409163431938893	0.1922297195251491	0.2085448962050703	0.2613615324350453	0.2684636513122576	0.16596171107655	0.0045470128943514	False	False	True	False	False	False	True	EXTREME_LEVERAGE	True	HOLD_MODEL_INSTABILITY	HOLD_MODEL_INSTABILITY	False			HIGH
0.0351559767553181	-0.196152629679972	-0.2313086064352901	-0.1841140821059839	-0.2087328675224664	-0.2022339418375219	-0.5013513794575665	-0.0116991460937898	0.0449775112443778	-0.590826245802577	-0.026521345739692	0.0029985007496251	18	2535	macrophage_inflammatory	POOLED	loo_VUILD107__macrophage_inflammatory__POOLED	False	VUILD107	0.1349325337331334	0.0089955022488755	0.1542970526147858	-0.0813829391756046	-0.2356799917903905	-0.1187259439988814	-0.0877418877484186	-0.2011710877689566	-0.4581299225791371	-0.000539122615392	0.0509745127436281	-0.4516536932795192	-0.0231208843324509	0.016991504247876	19	2661	0.0944527736131934	0.0314842578710644	0.1542970526147858	0.0351559767553181	-0.0813829391756046	-0.196152629679972	-0.2356799917903905	-0.2313086064352901	-0.1187259439988814	-0.1841140821059839	-0.0877418877484186	-0.2087328675224664	-0.2011710877689566	-0.2022339418375219	0.0043713853551003	-0.0653881381071024	False	False	False	False	False	False	False	LOW_LEVERAGE	False	HOLD_MODEL_INSTABILITY	HOLD_MODEL_INSTABILITY	False			HIGH
0.0558136186752216	-0.2497158485638682	-0.3055294672390898	-0.3438991876759889	-0.2848891928100058	-0.3462700104700126	-0.5726585932809253	-0.037032934684345	0.0299850074962518	-0.9345074637662024	-0.1001795614659219	0.0019990004997501	12	1991	macrophage_inflammatory	PF_ONLY	loo_VUILD107__macrophage_inflammatory__PF_ONLY	False	VUILD107	0.0599700149925037	0.0059970014992503	0.1180488477948439	-0.1404361284768878	-0.2584849762717317	-0.0920334008227883	-0.0130178160346671	-0.1072444802996393	-0.6531559276608678	0.0750381131185673	0.128935532233883	-0.4027442399609509	-0.0313375104361136	0.0019990004997501	13	2117	0.1934032983508246	0.0059970014992503	0.1180488477948439	0.0558136186752216	-0.1404361284768878	-0.2497158485638682	-0.2584849762717317	-0.3055294672390898	-0.0920334008227883	-0.3438991876759889	-0.0130178160346671	-0.2848891928100058	-0.1072444802996393	-0.3462700104700126	-0.047044490967358	-0.2518657868532006	False	False	True	False	False	False	True	EXTREME_LEVERAGE	True	HOLD_MODEL_INSTABILITY	HOLD_MODEL_INSTABILITY	False			HIGH
0.0341653995909083	-0.1960758992102504	-0.2302412988011588	-0.1872727759681123	-0.2122806823305174	-0.2859464696954524	-0.523013484564116	0.003040854728241	0.0549725137431284	-0.5380597869302046	-0.0198445304324146	0.0029985007496251	18	2535	macrophage_inflammatory	DISEASE_ADJUSTED	loo_VUILD107__macrophage_inflammatory__DISEASE_ADJUSTED	False	VUILD107	0.1649175412293853	0.0089955022488755	0.1551250579439241	-0.0814413724054807	-0.2365664303494049	-0.1194535085914583	-0.0887828680776229	-0.1996586332665987	-0.4603472971083421	-0.0066136364055845	0.0439780109945027	-0.4428047023995438	-0.015653619881067	0.0229885057471264	19	2661	0.0674662668665667	0.0689655172413793	0.1551250579439241	0.0341653995909083	-0.0814413724054807	-0.1960758992102504	-0.2365664303494049	-0.2302412988011588	-0.1194535085914583	-0.1872727759681123	-0.0887828680776229	-0.2122806823305174	-0.1996586332665987	-0.2859464696954524	0.006325131548246	-0.067819267376654	False	False	True	False	False	True	True	EXTREME_LEVERAGE	True	HOLD_MODEL_INSTABILITY	HOLD_MODEL_INSTABILITY	False			HIGH
0.2275870960447	0.3705536000941815	0.1429665040494814	-0.076484490739024	0.1167563508260794	0.1589571787681257	-0.0053309605265871	0.3196752717252773	0.063968015992004	-0.2635086057900221	0.0292979498243323	0.1539230384807596	18	2900	epithelial_injury	POOLED	loo_VUILD110__epithelial_injury__POOLED	False	VUILD110	0.063968015992004	0.1619190404797601	0.1799302518067081	0.2677639374919135	0.0878336856852053	-0.1959579697696494	-0.0146865720520534	0.0479999305798339	-0.0662187996324282	0.2480353438538791	0.239880059970015	-0.4346371936267294	-0.0137595830367353	0.0209895052473763	19	3219	0.2398800599700149	0.0314842578710644	0.1799302518067081	0.2275870960447	0.2677639374919135	0.3705536000941815	0.0878336856852053	0.1429665040494814	-0.1959579697696494	-0.076484490739024	-0.0146865720520534	0.1167563508260794	0.0479999305798339	0.1589571787681257	0.055132818364276	0.1194734790306253	False	False	False	False	True	True	True	EXTREME_LEVERAGE	True	HOLD_MODEL_INSTABILITY	HOLD_MODEL_INSTABILITY	False			HIGH
-0.0549456740357088	0.1213368369241771	0.176282510959886	-0.0713944237824488	0.1396045880650932	0.1469627878083952	0.0326572676351037	0.3735774560222102	0.0149925037481259	-0.261941557934934	0.057311844322682	0.2148925537231384	12	2155	epithelial_injury	PF_ONLY	loo_VUILD110__epithelial_injury__PF_ONLY	False	VUILD110	0.0239880059970015	0.2148925537231384	-0.0453297138944717	0.0786337837904341	0.1239634976849058	-0.0927435152968481	0.1859700199751021	0.2179860510217435	-0.0745272670538763	0.3756504756353342	0.2168915542228885	-0.4225134165915305	0.1748766919361947	0.527736131934033	13	2474	0.2168915542228885	0.527736131934033	-0.0453297138944717	-0.0549456740357088	0.0786337837904341	0.1213368369241771	0.1239634976849058	0.176282510959886	-0.0927435152968481	-0.0713944237824488	0.1859700199751021	0.1396045880650932	0.2179860510217435	0.1469627878083952	0.0523190132749801	0.0213490915143992	False	False	True	True	False	False	True	EXTREME_LEVERAGE	True	HOLD_MODEL_INSTABILITY	HOLD_MODEL_INSTABILITY	False			HIGH
0.2664152238125626	0.3805909057073762	0.1141756818948135	-0.0713452198291781	0.1218329704090716	0.1567762403809544	-0.0294406876472054	0.2767929703060733	0.1139430284857571	-0.2542970411085246	0.0364342082837319	0.1809095452273863	18	2900	epithelial_injury	DISEASE_ADJUSTED	loo_VUILD110__epithelial_injury__DISEASE_ADJUSTED	False	VUILD110	0.1139430284857571	0.2713643178410794	0.2434773201000711	0.2909158950104775	0.0474385749104063	-0.162988712421026	0.026378272857383	0.0659119678398417	-0.1092351367830776	0.2036667971701989	0.5187406296851574	-0.376308402033229	0.0038535157265251	0.0619690154922538	19	3219	0.5187406296851574	0.0929535232383808	0.2434773201000711	0.2664152238125626	0.2909158950104775	0.3805909057073762	0.0474385749104063	0.1141756818948135	-0.162988712421026	-0.0713452198291781	0.026378272857383	0.1218329704090716	0.0659119678398417	0.1567762403809544	0.0667371069844071	0.0916434925918479	False	False	False	False	False	False	False	HIGH_LEVERAGE	False	HOLD_MODEL_INSTABILITY	HOLD_MODEL_INSTABILITY	False			HIGH
-0.3172480376562681	0.4436155844162802	0.7608636220725483	0.0811999730631594	0.2865712365186708	0.3508292394491885	-0.0103019173995434	1.8964865292611717	0.0619690154922538	-0.0698969229872013	0.2067678012430044	0.1619190404797601	18	4605	fibroblast_activation	POOLED	loo_VUILD110__fibroblast_activation__POOLED	False	VUILD110	0.063968015992004	0.1619190404797601	-0.2326160328227631	0.4376745630398683	0.6702905958626314	0.0552168329691414	0.2394739036546756	0.3082978632886964	-0.0108054461805848	1.691784470290271	0.0629685157421289	-0.1223621786351951	0.0985209425810092	0.3318340829585207	19	4869	0.0944527736131934	0.3318340829585207	-0.2326160328227631	-0.3172480376562681	0.4376745630398683	0.4436155844162802	0.6702905958626314	0.7608636220725483	0.0552168329691414	0.0811999730631594	0.2394739036546756	0.2865712365186708	0.3082978632886964	0.3508292394491885	0.0905730262099169	0.0259831400940179	False	False	False	False	False	False	False	MODERATE_LEVERAGE	False	HOLD_MODEL_INSTABILITY	HOLD_MODEL_INSTABILITY	False			HIGH
0.1515017801147933	0.4775510275163065	0.3260492474015132	0.2349010060987202	0.48665389983923	0.483193743765	0.0528883178117672	0.5468919112663941	0.015992003998001	0.0624083597377288	0.3789327087933055	0.0119940029985007	12	4120	fibroblast_activation	PF_ONLY	loo_VUILD110__fibroblast_activation__PF_ONLY	False	VUILD110	0.0239880059970015	0.0359820089955022	0.2320820439842654	0.4640700697059879	0.2319880257217225	0.1914831919645906	0.438830837993487	0.4045344205254975	0.0654655852417333	0.403652560125098	0.0069965017491254	0.0178019386345889	0.2843355103012586	0.0259870064967516	13	4384	0.0209895052473763	0.0389805097451274	0.2320820439842654	0.1515017801147933	0.4640700697059879	0.4775510275163065	0.2319880257217225	0.3260492474015132	0.1914831919645906	0.2349010060987202	0.438830837993487	0.48665389983923	0.4045344205254975	0.483193743765	0.0940612216797907	0.0434178141341295	False	False	False	False	False	False	False	HIGH_LEVERAGE	False	HOLD_MODEL_INSTABILITY	HOLD_MODEL_INSTABILITY	False			HIGH
-0.3936097033629437	0.4197631757175131	0.8133728790804569	-0.0075024740162625	-0.0187561406284329	-0.0138819043774607	-0.0322619738887061	2.0853102170560427	0.0889555222388805	-0.2260486717308484	0.0069324475105195	0.31984007996002	18	4605	fibroblast_activation	DISEASE_ADJUSTED	loo_VUILD110__fibroblast_activation__DISEASE_ADJUSTED	False	VUILD110	0.1139430284857571	0.31984007996002	-0.4437073119805621	0.4378578537109939	0.8815651656915561	0.0363693302995379	0.1922297195251491	0.2613615324350453	0.0060804709936153	2.2208982822890273	0.0449775112443778	-0.1390663331268575	0.0684732546422427	0.4697651174412793	19	4869	0.0674662668665667	0.4697651174412793	-0.4437073119805621	-0.3936097033629437	0.4378578537109939	0.4197631757175131	0.8815651656915561	0.8133728790804569	0.0363693302995379	-0.0075024740162625	0.1922297195251491	-0.0187561406284329	0.2613615324350453	-0.0138819043774607	-0.0681922866110992	-0.0438718043158005	False	True	True	False	False	False	True	EXTREME_LEVERAGE	True	HOLD_MODEL_INSTABILITY	HOLD_MODEL_INSTABILITY	False			HIGH
0.12624959278468	-0.101089314174233	-0.2273389069589131	-0.1088463073744685	-0.0967218376120702	-0.1356826832031673	-0.5396526562457576	0.0083726995477763	0.0619690154922538	-0.4505460032761129	-0.0128527848783525	0.031984007996002	18	2237	macrophage_inflammatory	POOLED	loo_VUILD110__macrophage_inflammatory__POOLED	False	VUILD110	0.063968015992004	0.095952023988006	0.1542970526147858	-0.0813829391756046	-0.2356799917903905	-0.1187259439988814	-0.0877418877484186	-0.2011710877689566	-0.4581299225791371	-0.000539122615392	0.0509745127436281	-0.4516536932795192	-0.0231208843324509	0.016991504247876	19	2661	0.0944527736131934	0.0314842578710644	0.1542970526147858	0.12624959278468	-0.0813829391756046	-0.101089314174233	-0.2356799917903905	-0.2273389069589131	-0.1187259439988814	-0.1088463073744685	-0.0877418877484186	-0.0967218376120702	-0.2011710877689566	-0.1356826832031673	0.0083410848314774	0.0098796366244129	False	False	True	False	False	True	True	EXTREME_LEVERAGE	True	HOLD_MODEL_INSTABILITY	HOLD_MODEL_INSTABILITY	False			HIGH
0.1256032137616043	-0.1130902450123616	-0.2386934587739659	-0.2105495886909281	-0.1266525860845612	-0.1349727731963836	-0.7840446106681184	0.123640052084272	0.2958520739630185	-0.9889117663919432	-0.0189376975085431	0.0359820089955022	12	1693	macrophage_inflammatory	PF_ONLY	loo_VUILD110__macrophage_inflammatory__PF_ONLY	False	VUILD110	0.2958520739630185	0.0539730134932533	0.1180488477948439	-0.1404361284768878	-0.2584849762717317	-0.0920334008227883	-0.0130178160346671	-0.1072444802996393	-0.6531559276608678	0.0750381131185673	0.128935532233883	-0.4027442399609509	-0.0313375104361136	0.0019990004997501	13	2117	0.1934032983508246	0.0059970014992503	0.1180488477948439	0.1256032137616043	-0.1404361284768878	-0.1130902450123616	-0.2584849762717317	-0.2386934587739659	-0.0920334008227883	-0.2105495886909281	-0.0130178160346671	-0.1266525860845612	-0.1072444802996393	-0.1349727731963836	0.0197915174977657	-0.1185161878681397	False	False	False	False	False	True	True	EXTREME_LEVERAGE	True	HOLD_MODEL_INSTABILITY	HOLD_MODEL_INSTABILITY	False			HIGH
0.127488815766839	-0.1011246588833703	-0.2286134746502093	-0.1094975264615336	-0.0973948376592112	-0.1352094462227945	-0.5341612543754407	0.0055201125918548	0.0579710144927536	-0.4121319041127014	-0.0122076344688401	0.0339830084957521	18	2237	macrophage_inflammatory	DISEASE_ADJUSTED	loo_VUILD110__macrophage_inflammatory__DISEASE_ADJUSTED	False	VUILD110	0.1139430284857571	0.1019490254872563	0.1551250579439241	-0.0814413724054807	-0.2365664303494049	-0.1194535085914583	-0.0887828680776229	-0.1996586332665987	-0.4603472971083421	-0.0066136364055845	0.0439780109945027	-0.4428047023995438	-0.015653619881067	0.0229885057471264	19	2661	0.0674662668665667	0.0689655172413793	0.1551250579439241	0.127488815766839	-0.0814413724054807	-0.1011246588833703	-0.2365664303494049	-0.2286134746502093	-0.1194535085914583	-0.1094975264615336	-0.0887828680776229	-0.0973948376592112	-0.1996586332665987	-0.1352094462227945	0.0079529556991956	0.0099559821299246	False	False	True	False	False	False	True	EXTREME_LEVERAGE	True	HOLD_MODEL_INSTABILITY	HOLD_MODEL_INSTABILITY	False			HIGH
0.2233036203318119	0.4091788280192454	0.1858752076874334	0.1260839469929108	0.3627876100794679	0.3364606999302335	0.0399056576781702	0.3496203334276415	0.015992003998001	-0.0186175281108153	0.2302315076227082	0.0749625187406296	18	3029	epithelial_injury	POOLED	loo_VUILD115__epithelial_injury__POOLED	False	VUILD115	0.047976011994003	0.224887556221889	0.1799302518067081	0.2677639374919135	0.0878336856852053	-0.1959579697696494	-0.0146865720520534	0.0479999305798339	-0.0662187996324282	0.2480353438538791	0.239880059970015	-0.4346371936267294	-0.0137595830367353	0.0209895052473763	19	3219	0.2398800599700149	0.0314842578710644	0.1799302518067081	0.2233036203318119	0.2677639374919135	0.4091788280192454	0.0878336856852053	0.1858752076874334	-0.1959579697696494	0.1260839469929108	-0.0146865720520534	0.3627876100794679	0.0479999305798339	0.3364606999302335	0.0980415220022281	0.3220419167625602	False	True	True	True	True	True	True	EXTREME_LEVERAGE	True	HOLD_MODEL_INSTABILITY	HOLD_MODEL_INSTABILITY	False			HIGH
-0.0007644784460401	0.2779455048715269	0.278709983317567	0.2281371005458182	0.486754604240814	0.4731258677865151	0.202396357593594	0.4000813900300373	0.000999500249875	0.0985000337863931	0.3451242535190599	0.0029985007496251	12	2284	epithelial_injury	PF_ONLY	loo_VUILD115__epithelial_injury__PF_ONLY	False	VUILD115	0.0029985007496251	0.0089955022488755	-0.0453297138944717	0.0786337837904341	0.1239634976849058	-0.0927435152968481	0.1859700199751021	0.2179860510217435	-0.0745272670538763	0.3756504756353342	0.2168915542228885	-0.4225134165915305	0.1748766919361947	0.527736131934033	13	2474	0.2168915542228885	0.527736131934033	-0.0453297138944717	-0.0007644784460401	0.0786337837904341	0.2779455048715269	0.1239634976849058	0.278709983317567	-0.0927435152968481	0.2281371005458182	0.1859700199751021	0.486754604240814	0.2179860510217435	0.4731258677865151	0.1547464856326611	0.3208806158426663	False	True	True	True	True	True	True	EXTREME_LEVERAGE	True	HOLD_MODEL_INSTABILITY	HOLD_MODEL_INSTABILITY	False			HIGH
0.2930791936801558	0.4285477246657583	0.1354685309856025	0.202475458421978	0.4506885338007478	0.4140034429984668	0.0017799688818992	0.288759890677619	0.0459770114942528	0.0748309440981298	0.2968369009025817	0.0049975012493753	18	3029	epithelial_injury	DISEASE_ADJUSTED	loo_VUILD115__epithelial_injury__DISEASE_ADJUSTED	False	VUILD115	0.1379310344827586	0.0149925037481259	0.2434773201000711	0.2909158950104775	0.0474385749104063	-0.162988712421026	0.026378272857383	0.0659119678398417	-0.1092351367830776	0.2036667971701989	0.5187406296851574	-0.376308402033229	0.0038535157265251	0.0619690154922538	19	3219	0.5187406296851574	0.0929535232383808	0.2434773201000711	0.2930791936801558	0.2909158950104775	0.4285477246657583	0.0474385749104063	0.1354685309856025	-0.162988712421026	0.202475458421978	0.026378272857383	0.4506885338007478	0.0659119678398417	0.4140034429984668	0.0880299560751961	0.3654641708430041	False	True	True	False	True	True	True	EXTREME_LEVERAGE	True	HOLD_MODEL_INSTABILITY	HOLD_MODEL_INSTABILITY	False			HIGH
-0.3064552465551842	0.4364465352068147	0.742901781761999	0.0238137981358744	0.1732063108482222	0.1765687388707343	-0.0509277107290786	1.9303066392553645	0.1519240379810095	-0.1322190799835505	0.0594457886926679	0.657671164417791	18	4209	fibroblast_activation	POOLED	loo_VUILD115__fibroblast_activation__POOLED	False	VUILD115	0.2278860569715142	0.8925537231384307	-0.2326160328227631	0.4376745630398683	0.6702905958626314	0.0552168329691414	0.2394739036546756	0.3082978632886964	-0.0108054461805848	1.691784470290271	0.0629685157421289	-0.1223621786351951	0.0985209425810092	0.3318340829585207	19	4869	0.0944527736131934	0.3318340829585207	-0.2326160328227631	-0.3064552465551842	0.4376745630398683	0.4364465352068147	0.6702905958626314	0.742901781761999	0.0552168329691414	0.0238137981358744	0.2394739036546756	0.1732063108482222	0.3082978632886964	0.1765687388707343	0.0726111858993675	-0.031403034833267	False	False	False	False	False	False	False	LOW_LEVERAGE	False	HOLD_MODEL_INSTABILITY	HOLD_MODEL_INSTABILITY	False			HIGH
0.2324728360912505	0.4306141284889196	0.1981412923976691	0.0789416147813519	0.2893237587458765	0.260155563732778	-0.0290641652325967	0.3743469153221346	0.096951524237881	-0.0535695897026973	0.1234954864659912	0.2168915542228885	12	3724	fibroblast_activation	PF_ONLY	loo_VUILD115__fibroblast_activation__PF_ONLY	False	VUILD115	0.1454272863568216	0.3253373313343328	0.2320820439842654	0.4640700697059879	0.2319880257217225	0.1914831919645906	0.438830837993487	0.4045344205254975	0.0654655852417333	0.403652560125098	0.0069965017491254	0.0178019386345889	0.2843355103012586	0.0259870064967516	13	4384	0.0209895052473763	0.0389805097451274	0.2320820439842654	0.2324728360912505	0.4640700697059879	0.4306141284889196	0.2319880257217225	0.1981412923976691	0.1914831919645906	0.0789416147813519	0.438830837993487	0.2893237587458765	0.4045344205254975	0.260155563732778	-0.0338467333240534	-0.1125415771832386	False	False	True	True	True	True	True	EXTREME_LEVERAGE	True	HOLD_MODEL_INSTABILITY	HOLD_MODEL_INSTABILITY	False			HIGH
-0.5683692156270583	0.4521303312635532	1.0204995468906115	-0.0078233759474795	-0.1781018211178804	-0.2036197578555293	-0.0465486666596573	2.7086263979538394	0.1429285357321339	-0.1747819858981991	-0.0040576967880666	0.0109945027486256	18	4209	fibroblast_activation	DISEASE_ADJUSTED	loo_VUILD115__fibroblast_activation__DISEASE_ADJUSTED	False	VUILD115	0.2143928035982009	0.0164917541229385	-0.4437073119805621	0.4378578537109939	0.8815651656915561	0.0363693302995379	0.1922297195251491	0.2613615324350453	0.0060804709936153	2.2208982822890273	0.0449775112443778	-0.1390663331268575	0.0684732546422427	0.4697651174412793	19	4869	0.0674662668665667	0.4697651174412793	-0.4437073119805621	-0.5683692156270583	0.4378578537109939	0.4521303312635532	0.8815651656915561	1.0204995468906115	0.0363693302995379	-0.0078233759474795	0.1922297195251491	-0.1781018211178804	0.2613615324350453	-0.2036197578555293	0.1389343811990554	-0.0441927062470174	False	True	True	False	True	True	True	EXTREME_LEVERAGE	True	HOLD_MODEL_INSTABILITY	HOLD_MODEL_INSTABILITY	False			HIGH
0.0528673012376916	-0.0005452589421126	-0.0534125601798043	0.0211649613796637	0.172827796205372	0.1095027113315985	-0.2110694234440628	0.1893454732256991	0.5707146426786607	-0.2200716590666677	0.0838607577902463	0.8925537231384307	18	2386	macrophage_inflammatory	POOLED	loo_VUILD115__macrophage_inflammatory__POOLED	False	VUILD115	0.5707146426786607	0.8925537231384307	0.1542970526147858	-0.0813829391756046	-0.2356799917903905	-0.1187259439988814	-0.0877418877484186	-0.2011710877689566	-0.4581299225791371	-0.000539122615392	0.0509745127436281	-0.4516536932795192	-0.0231208843324509	0.016991504247876	19	2661	0.0944527736131934	0.0314842578710644	0.1542970526147858	0.0528673012376916	-0.0813829391756046	-0.0005452589421126	-0.2356799917903905	-0.0534125601798043	-0.1187259439988814	0.0211649613796637	-0.0877418877484186	0.172827796205372	-0.2011710877689566	0.1095027113315985	0.1822674316105862	0.1398909053785452	False	True	True	False	True	True	True	EXTREME_LEVERAGE	True	HOLD_MODEL_INSTABILITY	HOLD_MODEL_INSTABILITY	False			HIGH
-0.0322538774362857	-0.0230864658590095	0.0091674115772761	-0.0093646229453021	0.1160654511530809	0.0585635325297686	-0.2191865275296219	0.3511076426005	0.895552223888056	-0.3275114056820412	0.0472225955698724	0.5567216391804098	12	1842	macrophage_inflammatory	PF_ONLY	loo_VUILD115__macrophage_inflammatory__PF_ONLY	False	VUILD115	0.895552223888056	0.5567216391804098	0.1180488477948439	-0.1404361284768878	-0.2584849762717317	-0.0920334008227883	-0.0130178160346671	-0.1072444802996393	-0.6531559276608678	0.0750381131185673	0.128935532233883	-0.4027442399609509	-0.0313375104361136	0.0019990004997501	13	2117	0.1934032983508246	0.0059970014992503	0.1180488477948439	-0.0322538774362857	-0.1404361284768878	-0.0230864658590095	-0.2584849762717317	0.0091674115772761	-0.0920334008227883	-0.0093646229453021	-0.0130178160346671	0.1160654511530809	-0.1072444802996393	0.0585635325297686	0.2676523878490079	0.0826687778774861	True	False	False	False	True	True	True	EXTREME_LEVERAGE	True	HOLD_MODEL_INSTABILITY	HOLD_MODEL_INSTABILITY	False			HIGH
0.0494040436079589	-0.0010733334489643	-0.0504773770569232	-0.0082116305860675	0.1569537511121833	0.1289461368733895	-0.2001238093071934	0.1858793655643529	0.5817091454272864	-0.2158014823147684	0.0688212480377706	0.5107446276861569	18	2386	macrophage_inflammatory	DISEASE_ADJUSTED	loo_VUILD115__macrophage_inflammatory__DISEASE_ADJUSTED	False	VUILD115	0.5817091454272864	0.5107446276861569	0.1551250579439241	-0.0814413724054807	-0.2365664303494049	-0.1194535085914583	-0.0887828680776229	-0.1996586332665987	-0.4603472971083421	-0.0066136364055845	0.0439780109945027	-0.4428047023995438	-0.015653619881067	0.0229885057471264	19	2661	0.0674662668665667	0.0689655172413793	0.1551250579439241	0.0494040436079589	-0.0814413724054807	-0.0010733334489643	-0.2365664303494049	-0.0504773770569232	-0.1194535085914583	-0.0082116305860675	-0.0887828680776229	0.1569537511121833	-0.1996586332665987	0.1289461368733895	0.1860890532924817	0.1112418780053907	False	False	True	False	True	False	True	EXTREME_LEVERAGE	True	HOLD_MODEL_INSTABILITY	HOLD_MODEL_INSTABILITY	False			HIGH
0.1772770295193576	0.2487213460087204	0.0714443164893627	-0.1646810646413898	-0.0100174234659897	0.0552497210349323	-0.0992661747949536	0.2492318100169515	0.3748125937031484	-0.3967733454457116	0.020178711565184	0.1169415292353823	18	3139	epithelial_injury	POOLED	loo_VUILD48__epithelial_injury__POOLED	False	VUILD48	0.3748125937031484	0.1754122938530734	0.1799302518067081	0.2677639374919135	0.0878336856852053	-0.1959579697696494	-0.0146865720520534	0.0479999305798339	-0.0662187996324282	0.2480353438538791	0.239880059970015	-0.4346371936267294	-0.0137595830367353	0.0209895052473763	19	3219	0.2398800599700149	0.0314842578710644	0.1799302518067081	0.1772770295193576	0.2677639374919135	0.2487213460087204	0.0878336856852053	0.0714443164893627	-0.1959579697696494	-0.1646810646413898	-0.0146865720520534	-0.0100174234659897	0.0479999305798339	0.0552497210349323	-0.0163893691958425	0.0312769051282595	False	False	False	False	True	True	True	EXTREME_LEVERAGE	True	HOLD_MODEL_INSTABILITY	HOLD_MODEL_INSTABILITY	False			HIGH
-0.0578003823817097	0.0924117699546716	0.1502121523363813	0.0102321669673015	0.2861914390811932	0.3169200426437765	-0.0278595791322494	0.3993520974790118	0.1069465267366316	-0.2377098781306081	0.2260371124639689	0.9585207396301848	12	2394	epithelial_injury	PF_ONLY	loo_VUILD48__epithelial_injury__PF_ONLY	False	VUILD48	0.1604197901049475	0.958520739630185	-0.0453297138944717	0.0786337837904341	0.1239634976849058	-0.0927435152968481	0.1859700199751021	0.2179860510217435	-0.0745272670538763	0.3756504756353342	0.2168915542228885	-0.4225134165915305	0.1748766919361947	0.527736131934033	13	2474	0.2168915542228885	0.527736131934033	-0.0453297138944717	-0.0578003823817097	0.0786337837904341	0.0924117699546716	0.1239634976849058	0.1502121523363813	-0.0927435152968481	0.0102321669673015	0.1859700199751021	0.2861914390811932	0.2179860510217435	0.3169200426437765	0.0262486546514754	0.1029756822641496	False	True	False	False	False	False	False	EXTREME_LEVERAGE	True	HOLD_MODEL_INSTABILITY	HOLD_MODEL_INSTABILITY	False			HIGH
0.2452464905217123	0.2701740264169103	0.024927535895198	-0.1293287698474825	0.0932798329194357	0.1583745519128026	-0.133320941304604	0.1962899320504109	0.7916041979010495	-0.3755408062685461	0.0693761489322192	0.2448775612193903	18	3139	epithelial_injury	DISEASE_ADJUSTED	loo_VUILD48__epithelial_injury__DISEASE_ADJUSTED	False	VUILD48	0.7916041979010494	0.2858570714642678	0.2434773201000711	0.2909158950104775	0.0474385749104063	-0.162988712421026	0.026378272857383	0.0659119678398417	-0.1092351367830776	0.2036667971701989	0.5187406296851574	-0.376308402033229	0.0038535157265251	0.0619690154922538	19	3219	0.5187406296851574	0.0929535232383808	0.2434773201000711	0.2452464905217123	0.2909158950104775	0.2701740264169103	0.0474385749104063	0.024927535895198	-0.162988712421026	-0.1293287698474825	0.026378272857383	0.0932798329194357	0.0659119678398417	0.1583745519128026	-0.0225110390152083	0.0336599425735435	False	False	False	False	False	False	False	MODERATE_LEVERAGE	False	HOLD_MODEL_INSTABILITY	HOLD_MODEL_INSTABILITY	False			HIGH
-0.2303237715579122	0.4452521630534785	0.6755759346113908	0.0681343249957303	0.2850441126463021	0.3190077021252862	-0.0001157349224393	1.6753275988476677	0.0519740129935032	-0.1356104690525331	0.1215581896310113	0.2958520739630185	18	4743	fibroblast_activation	POOLED	loo_VUILD48__fibroblast_activation__POOLED	False	VUILD48	0.1349325337331334	0.2958520739630185	-0.2326160328227631	0.4376745630398683	0.6702905958626314	0.0552168329691414	0.2394739036546756	0.3082978632886964	-0.0108054461805848	1.691784470290271	0.0629685157421289	-0.1223621786351951	0.0985209425810092	0.3318340829585207	19	4869	0.0944527736131934	0.3318340829585207	-0.2326160328227631	-0.2303237715579122	0.4376745630398683	0.4452521630534785	0.6702905958626314	0.6755759346113908	0.0552168329691414	0.0681343249957303	0.2394739036546756	0.2850441126463021	0.3082978632886964	0.3190077021252862	0.0052853387487593	0.0129174920265888	False	False	False	False	False	False	False	LOW_LEVERAGE	False	HOLD_MODEL_INSTABILITY	HOLD_MODEL_INSTABILITY	False			HIGH
0.2426399368050438	0.4567508763120927	0.2141109395070489	0.200321087017203	0.448355842517561	0.4154402053006623	0.0522072449092345	0.3689157628037468	0.0089955022488755	0.0136671611342065	0.3036471252566723	0.0379810094952523	12	4258	fibroblast_activation	PF_ONLY	loo_VUILD48__fibroblast_activation__PF_ONLY	False	VUILD48	0.0269865067466266	0.0569715142428785	0.2320820439842654	0.4640700697059879	0.2319880257217225	0.1914831919645906	0.438830837993487	0.4045344205254975	0.0654655852417333	0.403652560125098	0.0069965017491254	0.0178019386345889	0.2843355103012586	0.0259870064967516	13	4384	0.0209895052473763	0.0389805097451274	0.2320820439842654	0.2426399368050438	0.4640700697059879	0.4567508763120927	0.2319880257217225	0.2141109395070489	0.1914831919645906	0.200321087017203	0.438830837993487	0.448355842517561	0.4045344205254975	0.4154402053006623	-0.0178770862146735	0.0088378950526124	False	False	False	False	False	True	True	EXTREME_LEVERAGE	True	HOLD_MODEL_INSTABILITY	HOLD_MODEL_INSTABILITY	False			HIGH
-0.4432196364536704	0.457605600877666	0.9008252373313363	0.052400220365094	0.233125403650485	0.2517395176808292	0.0069959615887656	2.323313814117647	0.0399800099950025	-0.1337738878490108	0.1033273512857951	0.2858570714642678	18	4743	fibroblast_activation	DISEASE_ADJUSTED	loo_VUILD48__fibroblast_activation__DISEASE_ADJUSTED	False	VUILD48	0.095952023988006	0.2858570714642678	-0.4437073119805621	0.4378578537109939	0.8815651656915561	0.0363693302995379	0.1922297195251491	0.2613615324350453	0.0060804709936153	2.2208982822890273	0.0449775112443778	-0.1390663331268575	0.0684732546422427	0.4697651174412793	19	4869	0.0674662668665667	0.4697651174412793	-0.4437073119805621	-0.4432196364536704	0.4378578537109939	0.457605600877666	0.8815651656915561	0.9008252373313363	0.0363693302995379	0.052400220365094	0.1922297195251491	0.233125403650485	0.2613615324350453	0.2517395176808292	0.0192600716397803	0.0160308900655561	False	False	False	False	False	False	False	LOW_LEVERAGE	False	HOLD_MODEL_INSTABILITY	HOLD_MODEL_INSTABILITY	False			HIGH
0.1147743764090239	-0.0945892776546428	-0.2093636540636668	-0.1191437258216085	-0.0841980145280343	-0.1921833333763656	-0.4176985645351804	0.0357738405734622	0.0899550224887556	-0.4566873340652321	-0.0222863329994793	0.0129935032483758	18	2527	macrophage_inflammatory	POOLED	loo_VUILD48__macrophage_inflammatory__POOLED	False	VUILD48	0.1349325337331334	0.0389805097451274	0.1542970526147858	-0.0813829391756046	-0.2356799917903905	-0.1187259439988814	-0.0877418877484186	-0.2011710877689566	-0.4581299225791371	-0.000539122615392	0.0509745127436281	-0.4516536932795192	-0.0231208843324509	0.016991504247876	19	2661	0.0944527736131934	0.0314842578710644	0.1542970526147858	0.1147743764090239	-0.0813829391756046	-0.0945892776546428	-0.2356799917903905	-0.2093636540636668	-0.1187259439988814	-0.1191437258216085	-0.0877418877484186	-0.0841980145280343	-0.2011710877689566	-0.1921833333763656	0.0263163377267237	-0.0004177818227271	False	False	True	False	False	False	True	EXTREME_LEVERAGE	True	HOLD_MODEL_INSTABILITY	HOLD_MODEL_INSTABILITY	False			HIGH
0.0767194312787294	-0.1663644331186686	-0.2430838643973981	-0.1605231241731115	-0.064279779428513	-0.0257530920640948	-0.6147443209370821	0.1179813412768298	0.191904047976012	-0.655647023591491	-0.0395123013215812	0.0079960019990005	12	1983	macrophage_inflammatory	PF_ONLY	loo_VUILD48__macrophage_inflammatory__PF_ONLY	False	VUILD48	0.191904047976012	0.0239880059970015	0.1180488477948439	-0.1404361284768878	-0.2584849762717317	-0.0920334008227883	-0.0130178160346671	-0.1072444802996393	-0.6531559276608678	0.0750381131185673	0.128935532233883	-0.4027442399609509	-0.0313375104361136	0.0019990004997501	13	2117	0.1934032983508246	0.0059970014992503	0.1180488477948439	0.0767194312787294	-0.1404361284768878	-0.1663644331186686	-0.2584849762717317	-0.2430838643973981	-0.0920334008227883	-0.1605231241731115	-0.0130178160346671	-0.064279779428513	-0.1072444802996393	-0.0257530920640948	0.0154011118743335	-0.0684897233503232	False	False	False	False	False	False	False	LOW_LEVERAGE	False	HOLD_MODEL_INSTABILITY	HOLD_MODEL_INSTABILITY	False			HIGH
0.1216426004638249	-0.0945979048552743	-0.2162405053190992	-0.1223125568890357	-0.0862006160081454	-0.2359527699480565	-0.439784283624464	0.0150777504510031	0.063968015992004	-0.4785972887243791	-0.0254331073230882	0.0109945027486256	18	2527	macrophage_inflammatory	DISEASE_ADJUSTED	loo_VUILD48__macrophage_inflammatory__DISEASE_ADJUSTED	False	VUILD48	0.095952023988006	0.032983508245877	0.1551250579439241	-0.0814413724054807	-0.2365664303494049	-0.1194535085914583	-0.0887828680776229	-0.1996586332665987	-0.4603472971083421	-0.0066136364055845	0.0439780109945027	-0.4428047023995438	-0.015653619881067	0.0229885057471264	19	2661	0.0674662668665667	0.0689655172413793	0.1551250579439241	0.1216426004638249	-0.0814413724054807	-0.0945979048552743	-0.2365664303494049	-0.2162405053190992	-0.1194535085914583	-0.1223125568890357	-0.0887828680776229	-0.0862006160081454	-0.1996586332665987	-0.2359527699480565	0.0203259250303057	-0.0028590482975774	False	False	True	False	False	True	True	EXTREME_LEVERAGE	True	HOLD_MODEL_INSTABILITY	HOLD_MODEL_INSTABILITY	False			HIGH
0.204571151953109	0.3140227117610424	0.1094515598079334	-0.2062503861460509	-0.0654159995122814	-0.0534568757391961	-0.0369622141233121	0.2877476253005582	0.1419290354822588	-0.448552255760991	-0.0069634429845914	0.0389805097451274	18	2835	epithelial_injury	POOLED	loo_VUILD78__epithelial_injury__POOLED	False	VUILD78	0.1419290354822588	0.0584707646176911	0.1799302518067081	0.2677639374919135	0.0878336856852053	-0.1959579697696494	-0.0146865720520534	0.0479999305798339	-0.0662187996324282	0.2480353438538791	0.239880059970015	-0.4346371936267294	-0.0137595830367353	0.0209895052473763	19	3219	0.2398800599700149	0.0314842578710644	0.1799302518067081	0.204571151953109	0.2677639374919135	0.3140227117610424	0.0878336856852053	0.1094515598079334	-0.1959579697696494	-0.2062503861460509	-0.0146865720520534	-0.0654159995122814	0.0479999305798339	-0.0534568757391961	0.021617874122728	-0.0102924163764015	False	False	False	False	False	True	True	EXTREME_LEVERAGE	True	HOLD_MODEL_INSTABILITY	HOLD_MODEL_INSTABILITY	False			HIGH
-0.0790274043914629	0.089071426179495	0.1680988305709579	-0.1507925175270781	0.0863243745382423	0.1431192646380981	-0.0057806475839739	0.4112630358762255	0.0629685157421289	-0.4452816051080354	0.0902989615943267	0.2288855572213893	12	2090	epithelial_injury	PF_ONLY	loo_VUILD78__epithelial_injury__PF_ONLY	False	VUILD78	0.0629685157421289	0.2288855572213893	-0.0453297138944717	0.0786337837904341	0.1239634976849058	-0.0927435152968481	0.1859700199751021	0.2179860510217435	-0.0745272670538763	0.3756504756353342	0.2168915542228885	-0.4225134165915305	0.1748766919361947	0.527736131934033	13	2474	0.2168915542228885	0.527736131934033	-0.0453297138944717	-0.0790274043914629	0.0786337837904341	0.089071426179495	0.1239634976849058	0.1680988305709579	-0.0927435152968481	-0.1507925175270781	0.1859700199751021	0.0863243745382423	0.2179860510217435	0.1431192646380981	0.044135332886052	-0.05804900223023	False	False	False	False	False	False	False	MODERATE_LEVERAGE	False	HOLD_MODEL_INSTABILITY	HOLD_MODEL_INSTABILITY	False			HIGH
0.265299053074195	0.3309178519657356	0.0656187988915406	-0.1486166791365504	0.0219542514710757	0.0509734944046094	-0.0787283795111749	0.2291856157240429	0.3918040979510245	-0.3811781201333556	0.0295467406349697	0.1519240379810095	18	2835	epithelial_injury	DISEASE_ADJUSTED	loo_VUILD78__epithelial_injury__DISEASE_ADJUSTED	False	VUILD78	0.3918040979510245	0.2278860569715142	0.2434773201000711	0.2909158950104775	0.0474385749104063	-0.162988712421026	0.026378272857383	0.0659119678398417	-0.1092351367830776	0.2036667971701989	0.5187406296851574	-0.376308402033229	0.0038535157265251	0.0619690154922538	19	3219	0.5187406296851574	0.0929535232383808	0.2434773201000711	0.265299053074195	0.2909158950104775	0.3309178519657356	0.0474385749104063	0.0656187988915406	-0.162988712421026	-0.1486166791365504	0.026378272857383	0.0219542514710757	0.0659119678398417	0.0509734944046094	0.0181802239811342	0.0143720332844756	False	False	False	False	False	False	False	MODERATE_LEVERAGE	False	HOLD_MODEL_INSTABILITY	HOLD_MODEL_INSTABILITY	False			HIGH
-0.1953791228785037	0.4515188645029959	0.6468979873814997	0.0583264434114345	0.2481372074583339	0.2764541475260386	0.0033909727007215	1.5447243952448426	0.0469765117441279	-0.1340439261606451	0.1698831890218096	0.3418290854572713	18	4654	fibroblast_activation	POOLED	loo_VUILD78__fibroblast_activation__POOLED	False	VUILD78	0.0704647676161919	0.3418290854572713	-0.2326160328227631	0.4376745630398683	0.6702905958626314	0.0552168329691414	0.2394739036546756	0.3082978632886964	-0.0108054461805848	1.691784470290271	0.0629685157421289	-0.1223621786351951	0.0985209425810092	0.3318340829585207	19	4869	0.0944527736131934	0.3318340829585207	-0.2326160328227631	-0.1953791228785037	0.4376745630398683	0.4515188645029959	0.6702905958626314	0.6468979873814997	0.0552168329691414	0.0583264434114345	0.2394739036546756	0.2481372074583339	0.3082978632886964	0.2764541475260386	-0.0233926084811316	0.003109610442293	False	False	True	False	False	False	True	EXTREME_LEVERAGE	True	HOLD_MODEL_INSTABILITY	HOLD_MODEL_INSTABILITY	False			HIGH
0.2575990145157589	0.5052976448239807	0.2476986303082217	0.2557039496930586	0.5085213215176069	0.4762325770761872	0.0607016428529731	0.4379348497940371	0.0129935032483758	0.0501795896690214	0.3475394656389101	0.0209895052473763	12	4169	fibroblast_activation	PF_ONLY	loo_VUILD78__fibroblast_activation__PF_ONLY	False	VUILD78	0.0389805097451274	0.0314842578710644	0.2320820439842654	0.4640700697059879	0.2319880257217225	0.1914831919645906	0.438830837993487	0.4045344205254975	0.0654655852417333	0.403652560125098	0.0069965017491254	0.0178019386345889	0.2843355103012586	0.0259870064967516	13	4384	0.0209895052473763	0.0389805097451274	0.2320820439842654	0.2575990145157589	0.4640700697059879	0.5052976448239807	0.2319880257217225	0.2476986303082217	0.1914831919645906	0.2557039496930586	0.438830837993487	0.5085213215176069	0.4045344205254975	0.4762325770761872	0.0157106045864992	0.064220757728468	False	False	False	False	False	False	False	MODERATE_LEVERAGE	False	HOLD_MODEL_INSTABILITY	HOLD_MODEL_INSTABILITY	False			HIGH
-0.3874863710798355	0.438442455788847	0.8259288268686825	-0.0009319747384126	0.0131331212574746	-0.0335503195536316	-0.022031667420264	2.1107885038401	0.0779610194902548	-0.169962118417482	0.0060067543822937	0.3428285857071464	18	4654	fibroblast_activation	DISEASE_ADJUSTED	loo_VUILD78__fibroblast_activation__DISEASE_ADJUSTED	False	VUILD78	0.1169415292353823	0.3428285857071464	-0.4437073119805621	0.4378578537109939	0.8815651656915561	0.0363693302995379	0.1922297195251491	0.2613615324350453	0.0060804709936153	2.2208982822890273	0.0449775112443778	-0.1390663331268575	0.0684732546422427	0.4697651174412793	19	4869	0.0674662668665667	0.4697651174412793	-0.4437073119805621	-0.3874863710798355	0.4378578537109939	0.438442455788847	0.8815651656915561	0.8259288268686825	0.0363693302995379	-0.0009319747384126	0.1922297195251491	0.0131331212574746	0.2613615324350453	-0.0335503195536316	-0.0556363388228735	-0.0373013050379505	False	True	True	False	False	False	True	EXTREME_LEVERAGE	True	HOLD_MODEL_INSTABILITY	HOLD_MODEL_INSTABILITY	False			HIGH
0.269253718422702	-0.0805561082063244	-0.3498098266290265	-0.1520481858548952	-0.0777137239671449	-0.1448585204150481	-0.5537559110278398	-0.1606686222647474	0.0049975012493753	-0.4336986634128128	-0.0546822110089132	0.000999500249875	18	2473	macrophage_inflammatory	POOLED	loo_VUILD78__macrophage_inflammatory__POOLED	False	VUILD78	0.0149925037481259	0.0029985007496251	0.1542970526147858	-0.0813829391756046	-0.2356799917903905	-0.1187259439988814	-0.0877418877484186	-0.2011710877689566	-0.4581299225791371	-0.000539122615392	0.0509745127436281	-0.4516536932795192	-0.0231208843324509	0.016991504247876	19	2661	0.0944527736131934	0.0314842578710644	0.1542970526147858	0.269253718422702	-0.0813829391756046	-0.0805561082063244	-0.2356799917903905	-0.3498098266290265	-0.1187259439988814	-0.1520481858548952	-0.0877418877484186	-0.0777137239671449	-0.2011710877689566	-0.1448585204150481	-0.1141298348386359	-0.0333222418560137	False	False	False	True	False	False	True	EXTREME_LEVERAGE	True	HOLD_MODEL_INSTABILITY	HOLD_MODEL_INSTABILITY	False			HIGH
0.2064216879631405	-0.0815884337657124	-0.288010121728853	-0.1602248714979133	-0.1713626540115885	-0.1513929833626673	-0.602137816425973	0.0040395479466946	0.0529735132433783	-0.5958924199103985	-0.0428942578949622	0.0109945027486256	12	1929	macrophage_inflammatory	PF_ONLY	loo_VUILD78__macrophage_inflammatory__PF_ONLY	False	VUILD78	0.0629685157421289	0.0314842578710644	0.1180488477948439	-0.1404361284768878	-0.2584849762717317	-0.0920334008227883	-0.0130178160346671	-0.1072444802996393	-0.6531559276608678	0.0750381131185673	0.128935532233883	-0.4027442399609509	-0.0313375104361136	0.0019990004997501	13	2117	0.1934032983508246	0.0059970014992503	0.1180488477948439	0.2064216879631405	-0.1404361284768878	-0.0815884337657124	-0.2584849762717317	-0.288010121728853	-0.0920334008227883	-0.1602248714979133	-0.0130178160346671	-0.1713626540115885	-0.1072444802996393	-0.1513929833626673	-0.0295251454571212	-0.0681914706751249	False	False	False	False	False	False	False	MODERATE_LEVERAGE	False	HOLD_MODEL_INSTABILITY	HOLD_MODEL_INSTABILITY	False			HIGH
0.2546755854518018	-0.0805580837855806	-0.3352336692373824	-0.107722702498427	-0.0440495585647105	-0.1083676637812144	-0.5534448434135151	-0.1390720758408248	0.0029985007496251	-0.3391148202476421	-0.0405287788699773	0.0019990004997501	18	2473	macrophage_inflammatory	DISEASE_ADJUSTED	loo_VUILD78__macrophage_inflammatory__DISEASE_ADJUSTED	False	VUILD78	0.0089955022488755	0.0059970014992503	0.1551250579439241	-0.0814413724054807	-0.2365664303494049	-0.1194535085914583	-0.0887828680776229	-0.1996586332665987	-0.4603472971083421	-0.0066136364055845	0.0439780109945027	-0.4428047023995438	-0.015653619881067	0.0229885057471264	19	2661	0.0674662668665667	0.0689655172413793	0.1551250579439241	0.2546755854518018	-0.0814413724054807	-0.0805580837855806	-0.2365664303494049	-0.3352336692373824	-0.1194535085914583	-0.107722702498427	-0.0887828680776229	-0.0440495585647105	-0.1996586332665987	-0.1083676637812144	-0.0986672388879774	0.0117308060930312	False	False	False	True	False	True	True	EXTREME_LEVERAGE	True	HOLD_MODEL_INSTABILITY	HOLD_MODEL_INSTABILITY	False			HIGH
0.2215576122465297	0.282787385987492	0.0612297737409622	-0.2012824883063415	-0.0718744589952914	-0.0134461729809984	-0.1146709192579626	0.2325532224716155	0.4437781109445277	-0.4651671699668766	-0.0044054765067739	0.0369815092453773	18	3135	epithelial_injury	POOLED	loo_VUILD91__epithelial_injury__POOLED	False	VUILD91	0.4437781109445277	0.0554722638680659	0.1799302518067081	0.2677639374919135	0.0878336856852053	-0.1959579697696494	-0.0146865720520534	0.0479999305798339	-0.0662187996324282	0.2480353438538791	0.239880059970015	-0.4346371936267294	-0.0137595830367353	0.0209895052473763	19	3219	0.2398800599700149	0.0314842578710644	0.1799302518067081	0.2215576122465297	0.2677639374919135	0.282787385987492	0.0878336856852053	0.0612297737409622	-0.1959579697696494	-0.2012824883063415	-0.0146865720520534	-0.0718744589952914	0.0479999305798339	-0.0134461729809984	-0.026603911944243	-0.0053245185366921	False	False	False	False	False	True	True	EXTREME_LEVERAGE	True	HOLD_MODEL_INSTABILITY	HOLD_MODEL_INSTABILITY	False			HIGH
-0.0465140616316226	0.0535056344389532	0.1000196960705759	-0.3016979095840568	-0.0086189442050098	0.0271650468278094	-0.1206235376540278	0.351105398072365	0.3778110944527736	-0.7213080061981826	0.0376090048261929	0.1179410294852573	12	2390	epithelial_injury	PF_ONLY	loo_VUILD91__epithelial_injury__PF_ONLY	False	VUILD91	0.3778110944527736	0.1179410294852573	-0.0453297138944717	0.0786337837904341	0.1239634976849058	-0.0927435152968481	0.1859700199751021	0.2179860510217435	-0.0745272670538763	0.3756504756353342	0.2168915542228885	-0.4225134165915305	0.1748766919361947	0.527736131934033	13	2474	0.2168915542228885	0.527736131934033	-0.0453297138944717	-0.0465140616316226	0.0786337837904341	0.0535056344389532	0.1239634976849058	0.1000196960705759	-0.0927435152968481	-0.3016979095840568	0.1859700199751021	-0.0086189442050098	0.2179860510217435	0.0271650468278094	-0.0239438016143299	-0.2089543942872087	False	False	False	False	False	False	False	LOW_LEVERAGE	False	HOLD_MODEL_INSTABILITY	HOLD_MODEL_INSTABILITY	False			HIGH
0.2726124172158458	0.2957255565389334	0.0231131393230875	-0.1741369227131168	-0.005592616380377	0.0259061869786891	-0.1337232555068167	0.1822745032777707	0.7766116941529235	-0.3905235013953259	-0.0046419700524459	0.0439780109945027	18	3135	epithelial_injury	DISEASE_ADJUSTED	loo_VUILD91__epithelial_injury__DISEASE_ADJUSTED	False	VUILD91	0.7766116941529235	0.0599700149925037	0.2434773201000711	0.2909158950104775	0.0474385749104063	-0.162988712421026	0.026378272857383	0.0659119678398417	-0.1092351367830776	0.2036667971701989	0.5187406296851574	-0.376308402033229	0.0038535157265251	0.0619690154922538	19	3219	0.5187406296851574	0.0929535232383808	0.2434773201000711	0.2726124172158458	0.2909158950104775	0.2957255565389334	0.0474385749104063	0.0231131393230875	-0.162988712421026	-0.1741369227131168	0.026378272857383	-0.005592616380377	0.0659119678398417	0.0259061869786891	-0.0243254355873188	-0.0111482102920907	False	False	False	False	True	False	True	EXTREME_LEVERAGE	True	HOLD_MODEL_INSTABILITY	HOLD_MODEL_INSTABILITY	False			HIGH
-0.3240666537172141	0.461026388874436	0.7850930425916501	0.0989066628073678	0.3223930969507327	0.3717563106925412	0.0901273593361564	1.790096406819358	0.000999500249875	-0.0455168925037124	0.1854364905779245	0.1179410294852573	18	4604	fibroblast_activation	POOLED	loo_VUILD91__fibroblast_activation__POOLED	False	VUILD91	0.0029985007496251	0.1179410294852573	-0.2326160328227631	0.4376745630398683	0.6702905958626314	0.0552168329691414	0.2394739036546756	0.3082978632886964	-0.0108054461805848	1.691784470290271	0.0629685157421289	-0.1223621786351951	0.0985209425810092	0.3318340829585207	19	4869	0.0944527736131934	0.3318340829585207	-0.2326160328227631	-0.3240666537172141	0.4376745630398683	0.461026388874436	0.6702905958626314	0.7850930425916501	0.0552168329691414	0.0989066628073678	0.2394739036546756	0.3223930969507327	0.3082978632886964	0.3717563106925412	0.1148024467290187	0.0436898298382263	False	False	True	True	False	False	True	EXTREME_LEVERAGE	True	HOLD_MODEL_INSTABILITY	HOLD_MODEL_INSTABILITY	False			HIGH
0.1787139326260274	0.4844108023180102	0.3056968696919828	0.2098520696324506	0.4765032832515673	0.4801091314038905	0.1788868072437466	0.4528432235200677	0.000999500249875	-0.0199217074873987	0.3438182456315336	0.0729635182408795	12	4119	fibroblast_activation	PF_ONLY	loo_VUILD91__fibroblast_activation__PF_ONLY	False	VUILD91	0.0029985007496251	0.1094452773613193	0.2320820439842654	0.4640700697059879	0.2319880257217225	0.1914831919645906	0.438830837993487	0.4045344205254975	0.0654655852417333	0.403652560125098	0.0069965017491254	0.0178019386345889	0.2843355103012586	0.0259870064967516	13	4384	0.0209895052473763	0.0389805097451274	0.2320820439842654	0.1787139326260274	0.4640700697059879	0.4844108023180102	0.2319880257217225	0.3056968696919828	0.1914831919645906	0.2098520696324506	0.438830837993487	0.4765032832515673	0.4045344205254975	0.4801091314038905	0.0737088439702603	0.0183688776678599	False	False	False	False	True	True	True	EXTREME_LEVERAGE	True	HOLD_MODEL_INSTABILITY	HOLD_MODEL_INSTABILITY	False			HIGH
-0.5096230542911651	0.461925644714291	0.971548699005456	0.0807911756020983	0.2967483649273282	0.3748006776684051	0.0420635240731861	2.4365107127219305	0.016991504247876	-0.0078504464489489	0.1832467771740991	0.0599700149925037	18	4604	fibroblast_activation	DISEASE_ADJUSTED	loo_VUILD91__fibroblast_activation__DISEASE_ADJUSTED	False	VUILD91	0.025487256371814	0.0599700149925037	-0.4437073119805621	0.4378578537109939	0.8815651656915561	0.0363693302995379	0.1922297195251491	0.2613615324350453	0.0060804709936153	2.2208982822890273	0.0449775112443778	-0.1390663331268575	0.0684732546422427	0.4697651174412793	19	4869	0.0674662668665667	0.4697651174412793	-0.4437073119805621	-0.5096230542911651	0.4378578537109939	0.461925644714291	0.8815651656915561	0.971548699005456	0.0363693302995379	0.0807911756020983	0.1922297195251491	0.2967483649273282	0.2613615324350453	0.3748006776684051	0.0899835333138999	0.0444218453025604	False	False	False	True	False	False	True	EXTREME_LEVERAGE	True	HOLD_MODEL_INSTABILITY	HOLD_MODEL_INSTABILITY	False			HIGH
0.2035475818288927	-0.1134891387324068	-0.3170367205612996	-0.1593843504059064	-0.0846005982872462	-0.1835980171033078	-0.526861004808807	-0.1048805106985165	0.0099950024987506	-0.59354382973633	-0.0130387222253966	0.0299850074962518	18	2569	macrophage_inflammatory	POOLED	loo_VUILD91__macrophage_inflammatory__POOLED	False	VUILD91	0.0149925037481259	0.0554722638680659	0.1542970526147858	-0.0813829391756046	-0.2356799917903905	-0.1187259439988814	-0.0877418877484186	-0.2011710877689566	-0.4581299225791371	-0.000539122615392	0.0509745127436281	-0.4516536932795192	-0.0231208843324509	0.016991504247876	19	2661	0.0944527736131934	0.0314842578710644	0.1542970526147858	0.2035475818288927	-0.0813829391756046	-0.1134891387324068	-0.2356799917903905	-0.3170367205612996	-0.1187259439988814	-0.1593843504059064	-0.0877418877484186	-0.0846005982872462	-0.2011710877689566	-0.1835980171033078	-0.081356728770909	-0.040658406407025	False	False	False	True	False	True	True	EXTREME_LEVERAGE	True	HOLD_MODEL_INSTABILITY	HOLD_MODEL_INSTABILITY	False			HIGH
0.2264862264367521	-0.125087543844617	-0.3515737702813691	-0.1158059436839411	-0.0870096866548754	-0.1427776224265343	-0.7301461253228873	0.0627371387526855	0.096951524237881	-0.5075181198835598	-0.0359970328852397	0.0039980009995002	12	2025	macrophage_inflammatory	PF_ONLY	loo_VUILD91__macrophage_inflammatory__PF_ONLY	False	VUILD91	0.1454272863568216	0.0119940029985007	0.1180488477948439	-0.1404361284768878	-0.2584849762717317	-0.0920334008227883	-0.0130178160346671	-0.1072444802996393	-0.6531559276608678	0.0750381131185673	0.128935532233883	-0.4027442399609509	-0.0313375104361136	0.0019990004997501	13	2117	0.1934032983508246	0.0059970014992503	0.1180488477948439	0.2264862264367521	-0.1404361284768878	-0.125087543844617	-0.2584849762717317	-0.3515737702813691	-0.0920334008227883	-0.1158059436839411	-0.0130178160346671	-0.0870096866548754	-0.1072444802996393	-0.1427776224265343	-0.0930887940096374	-0.0237725428611528	False	False	False	False	False	False	False	MODERATE_LEVERAGE	False	HOLD_MODEL_INSTABILITY	HOLD_MODEL_INSTABILITY	False			HIGH
0.1672459771499139	-0.1135522085693379	-0.2807981857192518	-0.1622413183431308	-0.0977093899545716	-0.1993521318606709	-0.5155591465729823	-0.0671892489911546	0.0149925037481259	-0.5456618788274957	-0.0176922240143509	0.0219890054972513	18	2569	macrophage_inflammatory	DISEASE_ADJUSTED	loo_VUILD91__macrophage_inflammatory__DISEASE_ADJUSTED	False	VUILD91	0.025487256371814	0.0599700149925037	0.1551250579439241	-0.0814413724054807	-0.2365664303494049	-0.1194535085914583	-0.0887828680776229	-0.1996586332665987	-0.4603472971083421	-0.0066136364055845	0.0439780109945027	-0.4428047023995438	-0.015653619881067	0.0229885057471264	19	2661	0.0674662668665667	0.0689655172413793	0.1551250579439241	0.1672459771499139	-0.0814413724054807	-0.1135522085693379	-0.2365664303494049	-0.2807981857192518	-0.1194535085914583	-0.1622413183431308	-0.0887828680776229	-0.0977093899545716	-0.1996586332665987	-0.1993521318606709	-0.0442317553698469	-0.0427878097516725	False	False	False	True	False	False	True	EXTREME_LEVERAGE	True	HOLD_MODEL_INSTABILITY	HOLD_MODEL_INSTABILITY	False			HIGH
0.2070562583609084	0.252119893832024	0.0450636354711155	-0.2522789840241126	-0.0027512472225481	0.035604709199123	-0.1217622003274508	0.1873908564822863	0.5397301349325337	-0.5247897134167091	-0.0301091819975006	0.0189905047476261	18	2832	epithelial_injury	POOLED	loo_VUILD96__epithelial_injury__POOLED	False	VUILD96	0.5397301349325337	0.0569715142428785	0.1799302518067081	0.2677639374919135	0.0878336856852053	-0.1959579697696494	-0.0146865720520534	0.0479999305798339	-0.0662187996324282	0.2480353438538791	0.239880059970015	-0.4346371936267294	-0.0137595830367353	0.0209895052473763	19	3219	0.2398800599700149	0.0314842578710644	0.1799302518067081	0.2070562583609084	0.2677639374919135	0.252119893832024	0.0878336856852053	0.0450636354711155	-0.1959579697696494	-0.2522789840241126	-0.0146865720520534	-0.0027512472225481	0.0479999305798339	0.035604709199123	-0.0427700502140897	-0.0563210142544632	False	False	False	False	False	True	True	EXTREME_LEVERAGE	True	HOLD_MODEL_INSTABILITY	HOLD_MODEL_INSTABILITY	False			HIGH
-0.0349055046797082	0.0132598686158844	0.0481653732955926	-0.1346635039700878	0.1041404744343416	0.1200223336091701	-0.1570414376966666	0.3154242763621222	0.6326836581709145	-0.4659045767559556	0.0533916280448498	0.1939030484757621	12	2087	epithelial_injury	PF_ONLY	loo_VUILD96__epithelial_injury__PF_ONLY	False	VUILD96	0.6326836581709145	0.1939030484757621	-0.0453297138944717	0.0786337837904341	0.1239634976849058	-0.0927435152968481	0.1859700199751021	0.2179860510217435	-0.0745272670538763	0.3756504756353342	0.2168915542228885	-0.4225134165915305	0.1748766919361947	0.527736131934033	13	2474	0.2168915542228885	0.527736131934033	-0.0453297138944717	-0.0349055046797082	0.0786337837904341	0.0132598686158844	0.1239634976849058	0.0481653732955926	-0.0927435152968481	-0.1346635039700878	0.1859700199751021	0.1041404744343416	0.2179860510217435	0.1200223336091701	-0.0757981243893132	-0.0419199886732397	False	False	False	False	False	False	False	HIGH_LEVERAGE	False	HOLD_MODEL_INSTABILITY	HOLD_MODEL_INSTABILITY	False			HIGH
0.2593054305898604	0.2550144115490526	-0.0042910190408078	-0.1986028708017078	0.0537564217140969	0.0779285497993792	-0.1601560960348042	0.1435083472121013	0.9635182408795602	-0.4405796062223525	-0.0089879563697713	0.0389805097451274	18	2832	epithelial_injury	DISEASE_ADJUSTED	loo_VUILD96__epithelial_injury__DISEASE_ADJUSTED	False	VUILD96	0.96351824087956	0.0989505247376311	0.2434773201000711	0.2909158950104775	0.0474385749104063	-0.162988712421026	0.026378272857383	0.0659119678398417	-0.1092351367830776	0.2036667971701989	0.5187406296851574	-0.376308402033229	0.0038535157265251	0.0619690154922538	19	3219	0.5187406296851574	0.0929535232383808	0.2434773201000711	0.2593054305898604	0.2909158950104775	0.2550144115490526	0.0474385749104063	-0.0042910190408078	-0.162988712421026	-0.1986028708017078	0.026378272857383	0.0537564217140969	0.0659119678398417	0.0779285497993792	-0.0517295939512142	-0.0356141583806817	True	False	False	False	True	False	True	EXTREME_LEVERAGE	True	HOLD_MODEL_INSTABILITY	HOLD_MODEL_INSTABILITY	False			HIGH
-0.2717809288510966	0.4192734377647198	0.6910543666158164	0.0222337517926606	0.2135519209603593	0.2446883247156864	-0.0223515420087449	1.6626821089982236	0.0759620189905047	-0.2300060011039975	0.1151714988140663	0.8105947026486756	18	4586	fibroblast_activation	POOLED	loo_VUILD96__fibroblast_activation__POOLED	False	VUILD96	0.1139430284857571	0.8105947026486756	-0.2326160328227631	0.4376745630398683	0.6702905958626314	0.0552168329691414	0.2394739036546756	0.3082978632886964	-0.0108054461805848	1.691784470290271	0.0629685157421289	-0.1223621786351951	0.0985209425810092	0.3318340829585207	19	4869	0.0944527736131934	0.3318340829585207	-0.2326160328227631	-0.2717809288510966	0.4376745630398683	0.4192734377647198	0.6702905958626314	0.6910543666158164	0.0552168329691414	0.0222337517926606	0.2394739036546756	0.2135519209603593	0.3082978632886964	0.2446883247156864	0.020763770753185	-0.0329830811764808	False	False	False	False	False	False	False	LOW_LEVERAGE	False	HOLD_MODEL_INSTABILITY	HOLD_MODEL_INSTABILITY	False			HIGH
0.1987724504939725	0.4489375205916756	0.250165070097703	0.1704754767284457	0.4144779615897922	0.401839406619768	0.0878668331456863	0.4269448229014793	0.0069965017491254	-0.080718991484764	0.2915137595650029	0.1849075462268865	12	4101	fibroblast_activation	PF_ONLY	loo_VUILD96__fibroblast_activation__PF_ONLY	False	VUILD96	0.0209895052473763	0.1939030484757621	0.2320820439842654	0.4640700697059879	0.2319880257217225	0.1914831919645906	0.438830837993487	0.4045344205254975	0.0654655852417333	0.403652560125098	0.0069965017491254	0.0178019386345889	0.2843355103012586	0.0259870064967516	13	4384	0.0209895052473763	0.0389805097451274	0.2320820439842654	0.1987724504939725	0.4640700697059879	0.4489375205916756	0.2319880257217225	0.250165070097703	0.1914831919645906	0.1704754767284457	0.438830837993487	0.4144779615897922	0.4045344205254975	0.401839406619768	0.0181770443759805	-0.0210077152361448	False	False	False	False	True	True	True	EXTREME_LEVERAGE	True	HOLD_MODEL_INSTABILITY	HOLD_MODEL_INSTABILITY	False			HIGH
-0.2682223568726636	0.4161949636275428	0.6844173205002064	0.0158996796347046	0.1505924310829493	0.1829885822782038	0.0140844789471902	1.696928498853796	0.0349825087456271	-0.1344698067275868	0.0565391974765704	0.7006496751624188	18	4586	fibroblast_activation	DISEASE_ADJUSTED	loo_VUILD96__fibroblast_activation__DISEASE_ADJUSTED	False	VUILD96	0.0524737631184407	0.7006496751624188	-0.4437073119805621	0.4378578537109939	0.8815651656915561	0.0363693302995379	0.1922297195251491	0.2613615324350453	0.0060804709936153	2.2208982822890273	0.0449775112443778	-0.1390663331268575	0.0684732546422427	0.4697651174412793	19	4869	0.0674662668665667	0.4697651174412793	-0.4437073119805621	-0.2682223568726636	0.4378578537109939	0.4161949636275428	0.8815651656915561	0.6844173205002064	0.0363693302995379	0.0158996796347046	0.1922297195251491	0.1505924310829493	0.2613615324350453	0.1829885822782038	-0.1971478451913496	-0.0204696506648333	False	False	False	False	False	False	False	MODERATE_LEVERAGE	False	HOLD_MODEL_INSTABILITY	HOLD_MODEL_INSTABILITY	False			HIGH
0.0804349611742788	-0.1604563951352615	-0.2408913563095404	-0.0859742561571095	-0.0472999529052202	0.1312951021171965	-0.4417821483135283	-0.0640392698701939	0.016991504247876	-0.4512787140847755	0.0033560428131039	0.0669665167416291	18	2474	macrophage_inflammatory	POOLED	loo_VUILD96__macrophage_inflammatory__POOLED	False	VUILD96	0.0509745127436281	0.1004497751124438	0.1542970526147858	-0.0813829391756046	-0.2356799917903905	-0.1187259439988814	-0.0877418877484186	-0.2011710877689566	-0.4581299225791371	-0.000539122615392	0.0509745127436281	-0.4516536932795192	-0.0231208843324509	0.016991504247876	19	2661	0.0944527736131934	0.0314842578710644	0.1542970526147858	0.0804349611742788	-0.0813829391756046	-0.1604563951352615	-0.2356799917903905	-0.2408913563095404	-0.1187259439988814	-0.0859742561571095	-0.0877418877484186	-0.0472999529052202	-0.2011710877689566	0.1312951021171965	-0.0052113645191498	0.0327516878417719	False	False	False	False	True	True	True	EXTREME_LEVERAGE	True	HOLD_MODEL_INSTABILITY	HOLD_MODEL_INSTABILITY	False			HIGH
0.1389070995860621	-0.1825554975662973	-0.3214625971523595	-0.1386571675476318	-0.1629609769810114	-0.2038274165007891	-0.7214720910398725	0.0885457594701843	0.1039480259870064	-0.5255518019971754	-0.0733306111062221	0.000999500249875	12	1930	macrophage_inflammatory	PF_ONLY	loo_VUILD96__macrophage_inflammatory__PF_ONLY	False	VUILD96	0.1559220389805097	0.0029985007496251	0.1180488477948439	-0.1404361284768878	-0.2584849762717317	-0.0920334008227883	-0.0130178160346671	-0.1072444802996393	-0.6531559276608678	0.0750381131185673	0.128935532233883	-0.4027442399609509	-0.0313375104361136	0.0019990004997501	13	2117	0.1934032983508246	0.0059970014992503	0.1180488477948439	0.1389070995860621	-0.1404361284768878	-0.1825554975662973	-0.2584849762717317	-0.3214625971523595	-0.0920334008227883	-0.1386571675476318	-0.0130178160346671	-0.1629609769810114	-0.1072444802996393	-0.2038274165007891	-0.0629776208806277	-0.0466237667248434	False	False	False	False	False	False	False	MODERATE_LEVERAGE	False	HOLD_MODEL_INSTABILITY	HOLD_MODEL_INSTABILITY	False			HIGH
0.0753016382662964	-0.1605950303801653	-0.2358966686464617	-0.085764959509496	-0.0480910690648482	0.13456268361195	-0.4350573325982672	-0.0481219824881227	0.0149925037481259	-0.409959735919682	0.003780977817392	0.0659670164917541	18	2474	macrophage_inflammatory	DISEASE_ADJUSTED	loo_VUILD96__macrophage_inflammatory__DISEASE_ADJUSTED	False	VUILD96	0.0449775112443778	0.0989505247376311	0.1551250579439241	-0.0814413724054807	-0.2365664303494049	-0.1194535085914583	-0.0887828680776229	-0.1996586332665987	-0.4603472971083421	-0.0066136364055845	0.0439780109945027	-0.4428047023995438	-0.015653619881067	0.0229885057471264	19	2661	0.0674662668665667	0.0689655172413793	0.1551250579439241	0.0753016382662964	-0.0814413724054807	-0.1605950303801653	-0.2365664303494049	-0.2358966686464617	-0.1194535085914583	-0.085764959509496	-0.0887828680776229	-0.0480910690648482	-0.1996586332665987	0.13456268361195	0.0006697617029431	0.0336885490819622	False	False	False	True	True	False	True	EXTREME_LEVERAGE	True	HOLD_MODEL_INSTABILITY	HOLD_MODEL_INSTABILITY	False			HIGH
