target	effect	method	total_donors	added_donors	projected_CI_width	width_p10	width_p90	relative_width	current_CI_width	n_projections	unreliable_projection_fraction	asymptotic_relative_width	max_inner_invalid_fraction	probability_width_le_80pct_current	probability_80pct_Wilson95_lower	probability_width_le_67pct_current	probability_67pct_Wilson95_lower	probability_width_le_50pct_current	probability_50pct_Wilson95_lower
epithelial_injury	DeltaR2_morph	OOF_BLOCK_EMPIRICAL	19	0	0.3129019339532766	0.3129019339532766	0.3129019339532766	1.0	0.3129019339532766	1000	0.0	1.0	0.0	0.0	2.1601063852437764e-19	0.0	2.1601063852437764e-19	0.0	2.1601063852437764e-19
epithelial_injury	DeltaR2_morph	REFIT_PSEUDOVALUE_PROXY	19	0	0.5831647791309663	0.5831647791309663	0.5831647791309663	1.0000000000000004	0.5831647791309661	1000	0.0	1.0	0.0	0.0	2.1601063852437764e-19	0.0	2.1601063852437764e-19	0.0	2.1601063852437764e-19
epithelial_injury	Residual_R2	OOF_BLOCK_EMPIRICAL	19	0	0.3801619177597543	0.3801619177597543	0.3801619177597543	1.0	0.3801619177597543	1000	0.0	1.0	0.0	0.0	2.1601063852437764e-19	0.0	2.1601063852437764e-19	0.0	2.1601063852437764e-19
epithelial_injury	Residual_R2	REFIT_PSEUDOVALUE_PROXY	19	0	1.535035139266854	1.535035139266854	1.535035139266854	1.0000000000000002	1.5350351392668538	1000	0.0	1.0	0.0	0.0	2.1601063852437764e-19	0.0	2.1601063852437764e-19	0.0	2.1601063852437764e-19
fibroblast_activation	DeltaR2_morph	OOF_BLOCK_EMPIRICAL	19	0	2.214817811295412	2.214817811295412	2.214817811295412	1.0	2.214817811295412	1000	0.0	1.0	0.0	0.0	2.1601063852437764e-19	0.0	2.1601063852437764e-19	0.0	2.1601063852437764e-19
fibroblast_activation	DeltaR2_morph	REFIT_PSEUDOVALUE_PROXY	19	0	5.284423851878975	5.284423851878975	5.284423851878975	1.0000000000000004	5.284423851878973	1000	0.0	1.0	0.0	0.0	2.1601063852437764e-19	0.0	2.1601063852437764e-19	0.0	2.1601063852437764e-19
fibroblast_activation	Residual_R2	OOF_BLOCK_EMPIRICAL	19	0	0.2075395877691002	0.2075395877691002	0.2075395877691002	1.0	0.2075395877691002	1000	0.0	1.0	0.0	0.0	2.1601063852437764e-19	0.0	2.1601063852437764e-19	0.0	2.1601063852437764e-19
fibroblast_activation	Residual_R2	REFIT_PSEUDOVALUE_PROXY	19	0	0.5842428041291009	0.5842428041291009	0.5842428041291009	1.0000000000000002	0.5842428041291008	1000	0.0	1.0	0.0	0.0	2.1601063852437764e-19	0.0	2.1601063852437764e-19	0.0	2.1601063852437764e-19
macrophage_inflammatory	DeltaR2_morph	OOF_BLOCK_EMPIRICAL	19	0	0.4537336607027576	0.4537336607027576	0.4537336607027576	1.0	0.4537336607027576	1000	0.0	1.0	0.0	0.0	2.1601063852437764e-19	0.0	2.1601063852437764e-19	0.0	2.1601063852437764e-19
macrophage_inflammatory	DeltaR2_morph	REFIT_PSEUDOVALUE_PROXY	19	0	1.4757875290597555	1.4757875290597555	1.4757875290597555	1.0000000000000002	1.4757875290597553	1000	0.0	1.0	0.0	0.0	2.1601063852437764e-19	0.0	2.1601063852437764e-19	0.0	2.1601063852437764e-19
macrophage_inflammatory	Residual_R2	OOF_BLOCK_EMPIRICAL	19	0	0.4271510825184768	0.4271510825184768	0.4271510825184768	1.0	0.4271510825184768	1000	0.0	1.0	0.0	0.0	2.1601063852437764e-19	0.0	2.1601063852437764e-19	0.0	2.1601063852437764e-19
macrophage_inflammatory	Residual_R2	REFIT_PSEUDOVALUE_PROXY	19	0	0.7842008254929372	0.7842008254929372	0.7842008254929372	1.0000000000000002	0.7842008254929371	1000	0.0	1.0	0.0	0.0	2.1601063852437764e-19	0.0	2.1601063852437764e-19	0.0	2.1601063852437764e-19
epithelial_injury	DeltaR2_morph	OOF_BLOCK_EMPIRICAL	20	1	0.30177272361029506	0.2791184224704821	0.32327056596104065	0.9644322737083391	0.3129019339532766	1000	0.0	0.9746794344808963	0.0	0.0	2.1601063852437764e-19	0.0	2.1601063852437764e-19	0.0	2.1601063852437764e-19
epithelial_injury	DeltaR2_morph	REFIT_PSEUDOVALUE_PROXY	20	1	0.5559613211080189	0.5516465882841551	0.6076482767624641	0.9533520215958757	0.5831647791309661	1000	0.0	0.9746794344808963	0.0	0.0	2.1601063852437764e-19	0.0	2.1601063852437764e-19	0.0	2.1601063852437764e-19
epithelial_injury	Residual_R2	OOF_BLOCK_EMPIRICAL	20	1	0.361287290345587	0.328750824106084	0.39662238321253845	0.950351083229501	0.3801619177597543	1000	0.0	0.9746794344808963	0.0	0.004	0.001556588140408431	0.0	2.1601063852437764e-19	0.0	2.1601063852437764e-19
epithelial_injury	Residual_R2	REFIT_PSEUDOVALUE_PROXY	20	1	1.45709036913427	1.4515752106591548	1.4967623285529472	0.9492228105150669	1.5350351392668538	1000	0.0	0.9746794344808963	0.0	0.0	2.1601063852437764e-19	0.0	2.1601063852437764e-19	0.0	2.1601063852437764e-19
fibroblast_activation	DeltaR2_morph	OOF_BLOCK_EMPIRICAL	20	1	2.1087000369334907	1.996632817914619	2.2732169381658527	0.952087357334437	2.214817811295412	1000	0.0	0.9746794344808963	0.0	0.0	2.1601063852437764e-19	0.0	2.1601063852437764e-19	0.0	2.1601063852437764e-19
fibroblast_activation	DeltaR2_morph	REFIT_PSEUDOVALUE_PROXY	20	1	5.020028767203104	4.994468722208764	5.585819804570559	0.9499670934643407	5.284423851878973	1000	0.0	0.9746794344808963	0.0	0.0	2.1601063852437764e-19	0.0	2.1601063852437764e-19	0.0	2.1601063852437764e-19
fibroblast_activation	Residual_R2	OOF_BLOCK_EMPIRICAL	20	1	0.19329719368238668	0.14894505793947158	0.23474791629702105	0.9313750487807705	0.2075395877691002	1000	0.0	0.9746794344808963	0.0	0.184	0.16120869057645776	0.072	0.05756392168091441	0.016	0.009872242002277388
fibroblast_activation	Residual_R2	REFIT_PSEUDOVALUE_PROXY	20	1	0.5590527548899984	0.5525747640545349	0.5830119354398046	0.9568842798557838	0.5842428041291008	1000	0.0	0.9746794344808963	0.0	0.0	2.1601063852437764e-19	0.0	2.1601063852437764e-19	0.0	2.1601063852437764e-19
macrophage_inflammatory	DeltaR2_morph	OOF_BLOCK_EMPIRICAL	20	1	0.42762912051877344	0.38779513034062313	0.4703361872014986	0.9424672612043978	0.4537336607027576	1000	0.0	0.9746794344808963	0.0	0.01	0.00544075444552925	0.0	2.1601063852437764e-19	0.0	2.1601063852437764e-19
macrophage_inflammatory	DeltaR2_morph	REFIT_PSEUDOVALUE_PROXY	20	1	1.4073235244491662	1.394802001973651	1.5221287347139059	0.9536084949476376	1.4757875290597553	1000	0.0	0.9746794344808963	0.0	0.0	2.1601063852437764e-19	0.0	2.1601063852437764e-19	0.0	2.1601063852437764e-19
macrophage_inflammatory	Residual_R2	OOF_BLOCK_EMPIRICAL	20	1	0.3997192155476984	0.35273702972022164	0.46482300072839894	0.9357794745385157	0.4271510825184768	1000	0.0	0.9746794344808963	0.0	0.044	0.032938214588418495	0.0	2.1601063852437764e-19	0.0	2.1601063852437764e-19
macrophage_inflammatory	Residual_R2	REFIT_PSEUDOVALUE_PROXY	20	1	0.7456657566584461	0.741209192574229	0.8174296968167636	0.9508607137587896	0.7842008254929371	1000	0.0	0.9746794344808963	0.0	0.0	2.1601063852437764e-19	0.0	2.1601063852437764e-19	0.0	2.1601063852437764e-19
epithelial_injury	DeltaR2_morph	OOF_BLOCK_EMPIRICAL	21	2	0.2928107508253205	0.26961080059954473	0.3169497111024939	0.9357907991359484	0.3129019339532766	1000	0.0	0.9511897312113419	0.0	0.007	0.003394868400990765	0.0	2.1601063852437764e-19	0.0	2.1601063852437764e-19
epithelial_injury	DeltaR2_morph	REFIT_PSEUDOVALUE_PROXY	21	2	0.5330048707732205	0.5242931962219929	0.6126868352498568	0.9139867321334221	0.5831647791309661	1000	0.0	0.9511897312113419	0.0	0.0	2.1601063852437764e-19	0.0	2.1601063852437764e-19	0.0	2.1601063852437764e-19
epithelial_injury	Residual_R2	OOF_BLOCK_EMPIRICAL	21	2	0.34999426237096964	0.3144500742300653	0.40199864753817444	0.9206452461978338	0.3801619177597543	1000	0.0	0.9511897312113419	0.0	0.046	0.03466249276326499	0.0	2.1601063852437764e-19	0.0	2.1601063852437764e-19
epithelial_injury	Residual_R2	REFIT_PSEUDOVALUE_PROXY	21	2	1.39281680287453	1.3788109507432185	1.781908413044937	0.907351738892278	1.5350351392668538	1000	0.0	0.9511897312113419	0.0	0.0	2.1601063852437764e-19	0.0	2.1601063852437764e-19	0.0	2.1601063852437764e-19
fibroblast_activation	DeltaR2_morph	OOF_BLOCK_EMPIRICAL	21	2	2.051495822055153	1.9101649209007638	2.55976471177038	0.9262594022825132	2.214817811295412	1000	0.0	0.9511897312113419	0.0	0.0	2.1601063852437764e-19	0.0	2.1601063852437764e-19	0.0	2.1601063852437764e-19
fibroblast_activation	DeltaR2_morph	REFIT_PSEUDOVALUE_PROXY	21	2	4.832740688181348	4.7383594657133745	5.40378200253186	0.9145255610908234	5.284423851878973	1000	0.0	0.9511897312113419	0.0	0.0	2.1601063852437764e-19	0.0	2.1601063852437764e-19	0.0	2.1601063852437764e-19
fibroblast_activation	Residual_R2	OOF_BLOCK_EMPIRICAL	21	2	0.18489554326177793	0.12613263101135688	0.24491335017106483	0.8908928906011172	0.2075395877691002	1000	0.0	0.9511897312113419	0.0	0.312	0.2840496860924683	0.152	0.13108250256297901	0.029	0.020266448156698754
fibroblast_activation	Residual_R2	REFIT_PSEUDOVALUE_PROXY	21	2	0.5434193356069715	0.5289495687665404	0.5721890245179313	0.9301258513864238	0.5842428041291008	1000	0.0	0.9511897312113419	0.0	0.0	2.1601063852437764e-19	0.0	2.1601063852437764e-19	0.0	2.1601063852437764e-19
macrophage_inflammatory	DeltaR2_morph	OOF_BLOCK_EMPIRICAL	21	2	0.4149089143868343	0.36929834508034476	0.4652463899371662	0.9144327395596124	0.4537336607027576	1000	0.0	0.9511897312113419	0.0	0.07	0.05577636414629405	0.0	2.1601063852437764e-19	0.0	2.1601063852437764e-19
macrophage_inflammatory	DeltaR2_morph	REFIT_PSEUDOVALUE_PROXY	21	2	1.3712058172808663	1.3302036140007725	1.4760395490494365	0.9291349806665467	1.4757875290597553	1000	0.0	0.9511897312113419	0.0	0.0	2.1601063852437764e-19	0.0	2.1601063852437764e-19	0.0	2.1601063852437764e-19
macrophage_inflammatory	Residual_R2	OOF_BLOCK_EMPIRICAL	21	2	0.3836001498700151	0.331009736801114	0.47695490723734196	0.8980432581566082	0.4271510825184768	1000	0.0	0.9511897312113419	0.0	0.163	0.14140399765906395	0.0	2.1601063852437764e-19	0.0	2.1601063852437764e-19
macrophage_inflammatory	Residual_R2	REFIT_PSEUDOVALUE_PROXY	21	2	0.7244269518762849	0.705419525873137	0.784638507798616	0.9237773390775517	0.7842008254929371	1000	0.0	0.9511897312113419	0.0	0.0	2.1601063852437764e-19	0.0	2.1601063852437764e-19	0.0	2.1601063852437764e-19
epithelial_injury	DeltaR2_morph	OOF_BLOCK_EMPIRICAL	22	3	0.28520974817750055	0.25819652325863174	0.3127346126256795	0.911498834711865	0.3129019339532766	1000	0.0	0.9293203772845852	0.0	0.033	0.023592927958426903	0.0	2.1601063852437764e-19	0.0	2.1601063852437764e-19
epithelial_injury	DeltaR2_morph	REFIT_PSEUDOVALUE_PROXY	22	3	0.5133592654349526	0.5022528875527218	0.5913186939305013	0.8802988174285185	0.5831647791309661	1000	0.0	0.9293203772845852	0.0	0.0	2.1601063852437764e-19	0.0	2.1601063852437764e-19	0.0	2.1601063852437764e-19
epithelial_injury	Residual_R2	OOF_BLOCK_EMPIRICAL	22	3	0.34039663313866986	0.2987966465961197	0.4043785970504051	0.8953990845389876	0.3801619177597543	1000	0.0	0.9293203772845852	0.0	0.137	0.11707313063299475	0.001	0.00017654637062607817	0.0	2.1601063852437764e-19
epithelial_injury	Residual_R2	REFIT_PSEUDOVALUE_PROXY	22	3	1.3380346431707133	1.315558443328075	1.7049185730442429	0.8716638524703547	1.5350351392668538	1000	0.0	0.9293203772845852	0.0	0.0	2.1601063852437764e-19	0.0	2.1601063852437764e-19	0.0	2.1601063852437764e-19
fibroblast_activation	DeltaR2_morph	OOF_BLOCK_EMPIRICAL	22	3	1.9897477774655572	1.8460317690872405	2.5376327874821	0.8983798880964322	2.214817811295412	1000	0.0	0.9293203772845852	0.0	0.016	0.009872242002277388	0.0	2.1601063852437764e-19	0.0	2.1601063852437764e-19
fibroblast_activation	DeltaR2_morph	REFIT_PSEUDOVALUE_PROXY	22	3	4.656802090192485	4.52589056516986	5.261296635325358	0.8812317521685311	5.284423851878973	1000	0.0	0.9293203772845852	0.0	0.0	2.1601063852437764e-19	0.0	2.1601063852437764e-19	0.0	2.1601063852437764e-19
fibroblast_activation	Residual_R2	OOF_BLOCK_EMPIRICAL	22	3	0.17613185017434466	0.11472608654915468	0.24077970017598999	0.8486662812990722	0.2075395877691002	1000	0.0	0.9293203772845852	0.0	0.401	0.37105844196706284	0.212	0.1877940523073313	0.056	0.043374813385442
fibroblast_activation	Residual_R2	REFIT_PSEUDOVALUE_PROXY	22	3	0.5283450422754191	0.5083087699559041	0.5666194608716735	0.9043244324814484	0.5842428041291008	1000	0.0	0.9293203772845852	0.0	0.0	2.1601063852437764e-19	0.0	2.1601063852437764e-19	0.0	2.1601063852437764e-19
macrophage_inflammatory	DeltaR2_morph	OOF_BLOCK_EMPIRICAL	22	3	0.40464157622358643	0.3521546861987302	0.4584507601170051	0.8918041822087086	0.4537336607027576	1000	0.0	0.9293203772845852	0.0	0.158	0.13670765691270592	0.0	2.1601063852437764e-19	0.0	2.1601063852437764e-19
macrophage_inflammatory	DeltaR2_morph	REFIT_PSEUDOVALUE_PROXY	22	3	1.3248658850903958	1.269162832918985	1.4469659835591309	0.8977348425856981	1.4757875290597553	1000	0.0	0.9293203772845852	0.0	0.0	2.1601063852437764e-19	0.0	2.1601063852437764e-19	0.0	2.1601063852437764e-19
macrophage_inflammatory	Residual_R2	OOF_BLOCK_EMPIRICAL	22	3	0.37305292300954107	0.31724496989292505	0.4778626800833186	0.8733512292887713	0.4271510825184768	1000	0.0	0.9293203772845852	0.0	0.272	0.24533124703883707	0.011	0.006153174098086637	0.0	2.1601063852437764e-19
macrophage_inflammatory	Residual_R2	REFIT_PSEUDOVALUE_PROXY	22	3	0.7056750822817656	0.6739603980016708	0.7636744445560361	0.8998652632610895	0.7842008254929371	1000	0.0	0.9293203772845852	0.0	0.0	2.1601063852437764e-19	0.0	2.1601063852437764e-19	0.0	2.1601063852437764e-19
epithelial_injury	DeltaR2_morph	OOF_BLOCK_EMPIRICAL	23	4	0.2785422449562751	0.2543318519252689	0.3062696047577797	0.8901902312878254	0.3129019339532766	1000	0.0	0.9088932591463857	0.0	0.077	0.062047907060605895	0.0	2.1601063852437764e-19	0.0	2.1601063852437764e-19
epithelial_injury	DeltaR2_morph	REFIT_PSEUDOVALUE_PROXY	23	4	0.5053856461880095	0.4817855437294129	0.570911344153012	0.8666258050445652	0.5831647791309661	1000	0.0	0.9088932591463857	0.0	0.0	2.1601063852437764e-19	0.0	2.1601063852437764e-19	0.0	2.1601063852437764e-19
epithelial_injury	Residual_R2	OOF_BLOCK_EMPIRICAL	23	4	0.32970542976065376	0.29212218040689686	0.40168745781105086	0.8672763218987474	0.3801619177597543	1000	0.0	0.9088932591463857	0.0	0.215	0.19065343629137976	0.001	0.00017654637062607817	0.0	2.1601063852437764e-19
epithelial_injury	Residual_R2	REFIT_PSEUDOVALUE_PROXY	23	4	1.2875194999101227	1.2589440462392032	1.637467764516585	0.8387557176867322	1.5350351392668538	1000	0.0	0.9088932591463857	0.0	0.0	2.1601063852437764e-19	0.0	2.1601063852437764e-19	0.0	2.1601063852437764e-19
fibroblast_activation	DeltaR2_morph	OOF_BLOCK_EMPIRICAL	23	4	1.9297142888836767	1.7797021231478316	2.5065844592567674	0.8712745035019458	2.214817811295412	1000	0.0	0.9088932591463857	0.0	0.083	0.0674550214428993	0.0	2.1601063852437764e-19	0.0	2.1601063852437764e-19
fibroblast_activation	DeltaR2_morph	REFIT_PSEUDOVALUE_PROXY	23	4	4.702484721130167	4.334226190696647	5.262682102278208	0.8898765225764608	5.284423851878973	1000	0.0	0.9088932591463857	0.0	0.0	2.1601063852437764e-19	0.0	2.1601063852437764e-19	0.0	2.1601063852437764e-19
fibroblast_activation	Residual_R2	OOF_BLOCK_EMPIRICAL	23	4	0.16627155199250276	0.11209197878335253	0.24130401035555438	0.8011558362421414	0.2075395877691002	1000	0.0	0.9088932591463857	0.0	0.497	0.46608163526518975	0.247	0.22127210294989538	0.068	0.05399245780853015
fibroblast_activation	Residual_R2	REFIT_PSEUDOVALUE_PROXY	23	4	0.5140533696726327	0.49085967363095107	0.5544020711418169	0.8798625606333386	0.5842428041291008	1000	0.0	0.9088932591463857	0.0	0.0	2.1601063852437764e-19	0.0	2.1601063852437764e-19	0.0	2.1601063852437764e-19
macrophage_inflammatory	DeltaR2_morph	OOF_BLOCK_EMPIRICAL	23	4	0.3896512968936786	0.34269066379671975	0.4487649639449157	0.8587665642663007	0.4537336607027576	1000	0.0	0.9088932591463857	0.0	0.243	0.21743346229708657	0.003	0.0010207838811386186	0.0	2.1601063852437764e-19
macrophage_inflammatory	DeltaR2_morph	REFIT_PSEUDOVALUE_PROXY	23	4	1.2946032724143253	1.2198486516859652	1.4066450104117039	0.8772287656063437	1.4757875290597553	1000	0.0	0.9088932591463857	0.0	0.0	2.1601063852437764e-19	0.0	2.1601063852437764e-19	0.0	2.1601063852437764e-19
macrophage_inflammatory	Residual_R2	OOF_BLOCK_EMPIRICAL	23	4	0.3590355709643365	0.30272390084763934	0.4757566825583679	0.8405353179663455	0.4271510825184768	1000	0.0	0.9088932591463857	0.0	0.375	0.345526294232981	0.03	0.0210937388288347	0.0	2.1601063852437764e-19
macrophage_inflammatory	Residual_R2	REFIT_PSEUDOVALUE_PROXY	23	4	0.6939394299735568	0.6466894065761631	0.7604705572890851	0.8849001523778769	0.7842008254929371	1000	0.0	0.9088932591463857	0.0	0.0	2.1601063852437764e-19	0.0	2.1601063852437764e-19	0.0	2.1601063852437764e-19
epithelial_injury	DeltaR2_morph	OOF_BLOCK_EMPIRICAL	24	5	0.271344334798103	0.24624521157536677	0.30118653496851544	0.8671865059121715	0.3129019339532766	1000	0.0	0.8897565210026093	0.0	0.145	0.12453493622851891	0.001	0.00017654637062607817	0.0	2.1601063852437764e-19
epithelial_injury	DeltaR2_morph	REFIT_PSEUDOVALUE_PROXY	24	5	0.49499614127177594	0.46361761436189386	0.5642168765949361	0.848810077332552	0.5831647791309661	1000	0.0	0.8897565210026093	0.0	0.156	0.13483131538945653	0.0	2.1601063852437764e-19	0.0	2.1601063852437764e-19
epithelial_injury	Residual_R2	OOF_BLOCK_EMPIRICAL	24	5	0.3214104430769204	0.282239289410049	0.4011692231296154	0.8454567068972905	0.3801619177597543	1000	0.0	0.8897565210026093	0.0	0.324	0.2957148222722109	0.008	0.004059195818806103	0.0	2.1601063852437764e-19
epithelial_injury	Residual_R2	REFIT_PSEUDOVALUE_PROXY	24	5	1.2405151800232836	1.2089652065050134	1.5849800829573841	0.808134711897061	1.5350351392668538	1000	0.0	0.8897565210026093	0.0	0.337	0.3083764445978848	0.0	2.1601063852437764e-19	0.0	2.1601063852437764e-19
fibroblast_activation	DeltaR2_morph	OOF_BLOCK_EMPIRICAL	24	5	1.8871754266365617	1.7162563552719428	2.470963090044619	0.8520680197766617	2.214817811295412	1000	0.0	0.8897565210026093	0.0	0.212	0.1877940523073313	0.0	2.1601063852437764e-19	0.0	2.1601063852437764e-19
fibroblast_activation	DeltaR2_morph	REFIT_PSEUDOVALUE_PROXY	24	5	4.589385464363503	4.164002980500262	5.126644773738717	0.8684741407961937	5.284423851878973	1000	0.0	0.8897565210026093	0.0	0.228	0.20306677294819994	0.0	2.1601063852437764e-19	0.0	2.1601063852437764e-19
fibroblast_activation	Residual_R2	OOF_BLOCK_EMPIRICAL	24	5	0.16221270651626415	0.10202669828159425	0.24193437561845021	0.7815988663171827	0.2075395877691002	1000	0.0	0.8897565210026093	0.0	0.532	0.5010103116491519	0.311	0.2830785879940784	0.109	0.09116003338451376
fibroblast_activation	Residual_R2	REFIT_PSEUDOVALUE_PROXY	24	5	0.5003659036269664	0.47553628497283273	0.5428241473769734	0.8564348590871134	0.5842428041291008	1000	0.0	0.8897565210026093	0.0	0.027	0.01862138277429499	0.0	2.1601063852437764e-19	0.0	2.1601063852437764e-19
macrophage_inflammatory	DeltaR2_morph	OOF_BLOCK_EMPIRICAL	24	5	0.3810676306466457	0.3298909211936999	0.44354960235767443	0.8398487122521077	0.4537336607027576	1000	0.0	0.8897565210026093	0.0	0.343	0.3142286235426158	0.017	0.010640689856816326	0.0	2.1601063852437764e-19
macrophage_inflammatory	DeltaR2_morph	REFIT_PSEUDOVALUE_PROXY	24	5	1.2660284556826809	1.185347193319801	1.3892383355096933	0.8578663464443863	1.4757875290597553	1000	0.0	0.8897565210026093	0.0	0.088	0.07198099794232084	0.0	2.1601063852437764e-19	0.0	2.1601063852437764e-19
macrophage_inflammatory	Residual_R2	OOF_BLOCK_EMPIRICAL	24	5	0.35031125534640883	0.290104184613261	0.46962987969981057	0.8201108921016391	0.4271510825184768	1000	0.0	0.8897565210026093	0.0	0.442	0.411499555136933	0.081	0.0656496215412003	0.0	2.1601063852437764e-19
macrophage_inflammatory	Residual_R2	REFIT_PSEUDOVALUE_PROXY	24	5	0.6772365723640874	0.6228314662505402	0.7421819015964719	0.8636009429579299	0.7842008254929371	1000	0.0	0.8897565210026093	0.0	0.14	0.11986857462597705	0.0	2.1601063852437764e-19	0.0	2.1601063852437764e-19
epithelial_injury	DeltaR2_morph	OOF_BLOCK_EMPIRICAL	25	6	0.26449911106104135	0.23914489732862543	0.29376889639833287	0.8453099273606187	0.3129019339532766	1000	0.0	0.8717797887081347	0.0	0.263	0.2366568597910784	0.002	0.0005486435881207279	0.0	2.1601063852437764e-19
epithelial_injury	DeltaR2_morph	REFIT_PSEUDOVALUE_PROXY	25	6	0.4885417693570643	0.4470483918649615	0.5517230631402374	0.8377422417126952	0.5831647791309661	1000	0.0	0.8717797887081347	0.0	0.354	0.32497103040683056	0.0	2.1601063852437764e-19	0.0	2.1601063852437764e-19
epithelial_injury	Residual_R2	OOF_BLOCK_EMPIRICAL	25	6	0.310671970758029	0.2701323955489199	0.395235246787709	0.8172096052881345	0.3801619177597543	1000	0.0	0.8717797887081347	0.0	0.436	0.4055679635294317	0.023	0.015374276932992918	0.0	2.1601063852437764e-19
epithelial_injury	Residual_R2	REFIT_PSEUDOVALUE_PROXY	25	6	1.1978168120254968	1.1634083458901545	1.5301237629904048	0.7803188222763322	1.5350351392668538	1000	0.0	0.8717797887081347	0.0	0.679	0.6494265062245327	0.0	2.1601063852437764e-19	0.0	2.1601063852437764e-19
fibroblast_activation	DeltaR2_morph	OOF_BLOCK_EMPIRICAL	25	6	1.8428620989215558	1.662776681119233	2.423177815323966	0.8320603570745599	2.214817811295412	1000	0.0	0.8717797887081347	0.0	0.344	0.3152044922028449	0.0	2.1601063852437764e-19	0.0	2.1601063852437764e-19
fibroblast_activation	DeltaR2_morph	REFIT_PSEUDOVALUE_PROXY	25	6	4.460545541591185	4.011754999538409	4.957986005276176	0.8440930679709117	5.284423851878973	1000	0.0	0.8717797887081347	0.0	0.337	0.3083764445978848	0.0	2.1601063852437764e-19	0.0	2.1601063852437764e-19
fibroblast_activation	Residual_R2	OOF_BLOCK_EMPIRICAL	25	6	0.1533025899519111	0.0946589741844264	0.23530450604098496	0.7386667363070465	0.2075395877691002	1000	0.0	0.8717797887081347	0.0	0.593	0.5622513714741373	0.382	0.3523914553655261	0.14	0.11986857462597705
fibroblast_activation	Residual_R2	REFIT_PSEUDOVALUE_PROXY	25	6	0.48854236134569645	0.46026802691918706	0.5304437473548429	0.8361974814117568	0.5842428041291008	1000	0.0	0.8717797887081347	0.0	0.171	0.14893385518054872	0.0	2.1601063852437764e-19	0.0	2.1601063852437764e-19
macrophage_inflammatory	DeltaR2_morph	OOF_BLOCK_EMPIRICAL	25	6	0.37311535090293185	0.3207040381974316	0.4348950711782238	0.8223223957531353	0.4537336607027576	1000	0.0	0.8717797887081347	0.0	0.391	0.36122774950463854	0.039	0.028658960904180485	0.0	2.1601063852437764e-19
macrophage_inflammatory	DeltaR2_morph	REFIT_PSEUDOVALUE_PROXY	25	6	1.2403547622859894	1.1493991079678219	1.3545967682156466	0.8404697409770339	1.4757875290597553	1000	0.0	0.8717797887081347	0.0	0.242	0.2164742872986182	0.0	2.1601063852437764e-19	0.0	2.1601063852437764e-19
macrophage_inflammatory	Residual_R2	OOF_BLOCK_EMPIRICAL	25	6	0.3424128664315202	0.27916920681502	0.4740301599937881	0.8016200366686624	0.4271510825184768	1000	0.0	0.8717797887081347	0.0	0.494	0.46309477946520766	0.129	0.10963544529450506	0.0	2.1601063852437764e-19
macrophage_inflammatory	Residual_R2	REFIT_PSEUDOVALUE_PROXY	25	6	0.6605996723336738	0.6034099648032708	0.7232366780419524	0.8423858415584179	0.7842008254929371	1000	0.0	0.8717797887081347	0.0	0.261	0.23473118426217232	0.0	2.1601063852437764e-19	0.0	2.1601063852437764e-19
epithelial_injury	DeltaR2_morph	OOF_BLOCK_EMPIRICAL	26	7	0.2597803274215417	0.23158633722261393	0.2893362268014303	0.8302292163535584	0.3129019339532766	1000	0.0	0.8548504142651103	0.0	0.331	0.3025295138380275	0.006	0.002752669141876374	0.0	2.1601063852437764e-19
epithelial_injury	DeltaR2_morph	REFIT_PSEUDOVALUE_PROXY	26	7	0.4765039139971608	0.4326636822377216	0.5395554853784954	0.8170999536481753	0.5831647791309661	1000	0.0	0.8548504142651103	0.0	0.402	0.3720422335603109	0.0	2.1601063852437764e-19	0.0	2.1601063852437764e-19
epithelial_injury	Residual_R2	OOF_BLOCK_EMPIRICAL	26	7	0.30636031854317836	0.2633890865982072	0.39183566131298625	0.8058679847485004	0.3801619177597543	1000	0.0	0.8548504142651103	0.0	0.473	0.4422178794680813	0.052	0.03987303628377741	0.0	2.1601063852437764e-19
epithelial_injury	Residual_R2	REFIT_PSEUDOVALUE_PROXY	26	7	1.1587763265430986	1.1224152884793417	1.4803980395398053	0.7548858634575234	1.5350351392668538	1000	0.0	0.8548504142651103	0.0	0.681	0.6514663972750634	0.0	2.1601063852437764e-19	0.0	2.1601063852437764e-19
fibroblast_activation	DeltaR2_morph	OOF_BLOCK_EMPIRICAL	26	7	1.797873381146832	1.6146951572037551	2.371408539655638	0.8117477527848143	2.214817811295412	1000	0.0	0.8548504142651103	0.0	0.437	0.4065562468683574	0.003	0.0010207838811386186	0.0	2.1601063852437764e-19
fibroblast_activation	DeltaR2_morph	REFIT_PSEUDOVALUE_PROXY	26	7	4.343531081009234	3.878570201664966	4.845008526919518	0.8219497910760531	5.284423851878973	1000	0.0	0.8548504142651103	0.0	0.361	0.3318160018268193	0.0	2.1601063852437764e-19	0.0	2.1601063852437764e-19
fibroblast_activation	Residual_R2	OOF_BLOCK_EMPIRICAL	26	7	0.14899987955297123	0.09159981750980152	0.22866757242935404	0.7179347379196986	0.2075395877691002	1000	0.0	0.8548504142651103	0.0	0.629	0.5986190226548378	0.437	0.4065562468683574	0.156	0.13483131538945653
fibroblast_activation	Residual_R2	REFIT_PSEUDOVALUE_PROXY	26	7	0.47763407257370927	0.4481688593721816	0.5192339928040863	0.8175266673342989	0.5842428041291008	1000	0.0	0.8548504142651103	0.0	0.359	0.32985959695418837	0.0	2.1601063852437764e-19	0.0	2.1601063852437764e-19
macrophage_inflammatory	DeltaR2_morph	OOF_BLOCK_EMPIRICAL	26	7	0.3642165380131269	0.3114377456531831	0.4267262427857565	0.802709980672398	0.4537336607027576	1000	0.0	0.8548504142651103	0.0	0.483	0.45215246974959655	0.069	0.054883945585911253	0.0	2.1601063852437764e-19
macrophage_inflammatory	DeltaR2_morph	REFIT_PSEUDOVALUE_PROXY	26	7	1.2092151109290201	1.1130887452069405	1.32829515174068	0.8193693788017222	1.4757875290597553	1000	0.0	0.8548504142651103	0.0	0.374	0.34454609812769077	0.0	2.1601063852437764e-19	0.0	2.1601063852437764e-19
macrophage_inflammatory	Residual_R2	OOF_BLOCK_EMPIRICAL	26	7	0.3322325709601524	0.26879017983625464	0.4619636598113081	0.7777870279558086	0.4271510825184768	1000	0.0	0.8548504142651103	0.0	0.558	0.5270556511526086	0.197	0.17352816173578522	0.0	2.1601063852437764e-19
macrophage_inflammatory	Residual_R2	REFIT_PSEUDOVALUE_PROXY	26	7	0.6446401652298552	0.5865169913411638	0.712656305941891	0.8220345404822085	0.7842008254929371	1000	0.0	0.8548504142651103	0.0	0.351	0.322039577987741	0.0	2.1601063852437764e-19	0.0	2.1601063852437764e-19
epithelial_injury	DeltaR2_morph	OOF_BLOCK_EMPIRICAL	27	8	0.25492375562164354	0.2272676510037334	0.28403583888130757	0.8147081496137685	0.3129019339532766	1000	0.0	0.8388704928078611	0.0	0.432	0.40161609445686075	0.007	0.003394868400990765	0.0	2.1601063852437764e-19
epithelial_injury	DeltaR2_morph	REFIT_PSEUDOVALUE_PROXY	27	8	0.4663901812799161	0.4190575629582899	0.5329212177082802	0.7997571149185865	0.5831647791309661	1000	0.0	0.8388704928078611	0.0	0.5	0.4690696003681042	0.0	2.1601063852437764e-19	0.0	2.1601063852437764e-19
epithelial_injury	Residual_R2	OOF_BLOCK_EMPIRICAL	27	8	0.2991285934240104	0.25646046613368906	0.3857794036317764	0.7868452347534889	0.3801619177597543	1000	0.0	0.8388704928078611	0.0	0.536	0.5050118052369239	0.093	0.07652372564174531	0.0	2.1601063852437764e-19
epithelial_injury	Residual_R2	REFIT_PSEUDOVALUE_PROXY	27	8	1.126498379755385	1.084127260113378	1.4383139815578045	0.7338583664562952	1.5350351392668538	1000	0.0	0.8388704928078611	0.0	0.635	0.6046972526360327	0.0	2.1601063852437764e-19	0.0	2.1601063852437764e-19
fibroblast_activation	DeltaR2_morph	OOF_BLOCK_EMPIRICAL	27	8	1.7628605786049203	1.572222027396185	2.3732556251386048	0.7959393181752727	2.214817811295412	1000	0.0	0.8388704928078611	0.0	0.517	0.4860223599610877	0.015	0.009110978804081668	0.0	2.1601063852437764e-19
fibroblast_activation	DeltaR2_morph	REFIT_PSEUDOVALUE_PROXY	27	8	4.226324926657352	3.7602497701932918	4.777860730104624	0.7997702389361907	5.284423851878973	1000	0.0	0.8388704928078611	0.0	0.503	0.4720586747142764	0.0	2.1601063852437764e-19	0.0	2.1601063852437764e-19
fibroblast_activation	Residual_R2	OOF_BLOCK_EMPIRICAL	27	8	0.14200976254962405	0.08292689947567444	0.22791500669451073	0.6842538528486342	0.2075395877691002	1000	0.0	0.8388704928078611	0.0	0.671	0.6412729638759754	0.483	0.45215246974959655	0.199	0.175427205789421
fibroblast_activation	Residual_R2	REFIT_PSEUDOVALUE_PROXY	27	8	0.46661194107056525	0.43585012978505766	0.5083563890933132	0.7986609980864352	0.5842428041291008	1000	0.0	0.8388704928078611	0.0	0.513	0.48203026873001686	0.0	2.1601063852437764e-19	0.0	2.1601063852437764e-19
macrophage_inflammatory	DeltaR2_morph	OOF_BLOCK_EMPIRICAL	27	8	0.35853941930883826	0.3026655297535024	0.4249970977534955	0.7901979737485657	0.4537336607027576	1000	0.0	0.8388704928078611	0.0	0.536	0.5050118052369239	0.107	0.08932287430802002	0.0	2.1601063852437764e-19
macrophage_inflammatory	DeltaR2_morph	REFIT_PSEUDOVALUE_PROXY	27	8	1.1841681645375337	1.0836348828131352	1.2934993438329323	0.8023974598104808	1.4757875290597553	1000	0.0	0.8388704928078611	0.0	0.484	0.4531466082917357	0.0	2.1601063852437764e-19	0.0	2.1601063852437764e-19
macrophage_inflammatory	Residual_R2	OOF_BLOCK_EMPIRICAL	27	8	0.32522306153494485	0.25936010562709355	0.45437866457067644	0.7613771212223888	0.4271510825184768	1000	0.0	0.8388704928078611	0.0	0.593	0.5622513714741373	0.271	0.2443667197375407	0.001	0.00017654637062607817
macrophage_inflammatory	Residual_R2	REFIT_PSEUDOVALUE_PROXY	27	8	0.6300163569320325	0.5710100715351145	0.7002103444125041	0.8033865005638237	0.7842008254929371	1000	0.0	0.8388704928078611	0.0	0.471	0.4402324457011636	0.0	2.1601063852437764e-19	0.0	2.1601063852437764e-19
epithelial_injury	DeltaR2_morph	OOF_BLOCK_EMPIRICAL	28	9	0.24905239802486168	0.22511660514756784	0.27897012217704553	0.7959439396179984	0.3129019339532766	1000	0.0	0.823754471047914	0.0	0.523	0.4920142012545935	0.016	0.009872242002277388	0.0	2.1601063852437764e-19
epithelial_injury	DeltaR2_morph	REFIT_PSEUDOVALUE_PROXY	28	9	0.4589465484655334	0.4071568213204597	0.522021522705737	0.7869929133056645	0.5831647791309661	1000	0.0	0.823754471047914	0.0	0.55	0.5190327082257413	0.0	2.1601063852437764e-19	0.0	2.1601063852437764e-19
epithelial_injury	Residual_R2	OOF_BLOCK_EMPIRICAL	28	9	0.2922261843050221	0.25107034473501577	0.37562929759220653	0.7686887367021762	0.3801619177597543	1000	0.0	0.823754471047914	0.0	0.591	0.560235954911328	0.124	0.10499997337198466	0.0	2.1601063852437764e-19
epithelial_injury	Residual_R2	REFIT_PSEUDOVALUE_PROXY	28	9	1.095686578181449	1.048466997797194	1.394420342777472	0.7137859910521387	1.5350351392668538	1000	0.0	0.823754471047914	0.0	0.607	0.5763739069246411	0.006	0.002752669141876374	0.0	2.1601063852437764e-19
fibroblast_activation	DeltaR2_morph	OOF_BLOCK_EMPIRICAL	28	9	1.7296572454718016	1.5361907538421358	2.3496314555545017	0.7809478669760888	2.214817811295412	1000	0.0	0.823754471047914	0.0	0.548	0.5170282252037208	0.048	0.036393301020807914	0.0	2.1601063852437764e-19
fibroblast_activation	DeltaR2_morph	REFIT_PSEUDOVALUE_PROXY	28	9	4.135101031416708	3.644209540430091	4.68127922685514	0.7825074496903569	5.284423851878973	1000	0.0	0.823754471047914	0.0	0.567	0.5360910862439572	0.009	0.004742060667477063	0.0	2.1601063852437764e-19
fibroblast_activation	Residual_R2	OOF_BLOCK_EMPIRICAL	28	9	0.13663936859253456	0.07994775280085997	0.22216109723967778	0.6583773730174012	0.2075395877691002	1000	0.0	0.823754471047914	0.0	0.679	0.6494265062245327	0.519	0.48801914625314236	0.239	0.2135979397357572
fibroblast_activation	Residual_R2	REFIT_PSEUDOVALUE_PROXY	28	9	0.4584617044253628	0.42707450517271284	0.49894084421163687	0.7847109133141434	0.5842428041291008	1000	0.0	0.823754471047914	0.0	0.631	0.600644550435556	0.0	2.1601063852437764e-19	0.0	2.1601063852437764e-19
macrophage_inflammatory	DeltaR2_morph	OOF_BLOCK_EMPIRICAL	28	9	0.35157706592592636	0.29998043572337696	0.41403617284242794	0.7748533917042704	0.4537336607027576	1000	0.0	0.823754471047914	0.0	0.591	0.560235954911328	0.128	0.10870752216300937	0.0	2.1601063852437764e-19
macrophage_inflammatory	DeltaR2_morph	REFIT_PSEUDOVALUE_PROXY	28	9	1.1631786581216859	1.0608036238971672	1.274624623514005	0.7881748796608704	1.4757875290597553	1000	0.0	0.823754471047914	0.0	0.576	0.545136779327173	0.0	2.1601063852437764e-19	0.0	2.1601063852437764e-19
macrophage_inflammatory	Residual_R2	OOF_BLOCK_EMPIRICAL	28	9	0.31806341794305515	0.25266790798817307	0.4347174785994201	0.7446157365861225	0.4271510825184768	1000	0.0	0.823754471047914	0.0	0.616	0.5854663334716732	0.316	0.2879356221041674	0.002	0.0005486435881207279
macrophage_inflammatory	Residual_R2	REFIT_PSEUDOVALUE_PROXY	28	9	0.6175606735823463	0.5573882550349204	0.6845672234867548	0.787503217934203	0.7842008254929371	1000	0.0	0.823754471047914	0.0	0.551	0.5200351373690727	0.0	2.1601063852437764e-19	0.0	2.1601063852437764e-19
epithelial_injury	DeltaR2_morph	OOF_BLOCK_EMPIRICAL	29	10	0.24414802950254066	0.21844119532780443	0.2740441729821999	0.780270119835685	0.3129019339532766	1000	0.0	0.8094272134003795	0.0	0.609	0.5783935161547874	0.04	0.029510973685452763	0.0	2.1601063852437764e-19
epithelial_injury	DeltaR2_morph	REFIT_PSEUDOVALUE_PROXY	29	10	0.4517603616452477	0.39704457618404637	0.5094268437511922	0.7746701752435432	0.5831647791309661	1000	0.0	0.8094272134003795	0.0	0.63	0.5996317181277412	0.046	0.03466249276326499	0.0	2.1601063852437764e-19
epithelial_injury	Residual_R2	OOF_BLOCK_EMPIRICAL	29	10	0.2872706786802268	0.2451751278141454	0.37352097102970416	0.7556534867381675	0.3801619177597543	1000	0.0	0.8094272134003795	0.0	0.633	0.6026706264751108	0.167	0.14516656150470994	0.0	2.1601063852437764e-19
epithelial_injury	Residual_R2	REFIT_PSEUDOVALUE_PROXY	29	10	1.0703319747601558	1.0166319365806833	1.367739256334104	0.6972687122142075	1.5350351392668538	1000	0.0	0.8094272134003795	0.0	0.57	0.539105173730678	0.198	0.17447756243113033	0.0	2.1601063852437764e-19
fibroblast_activation	DeltaR2_morph	OOF_BLOCK_EMPIRICAL	29	10	1.7171710331615055	1.4975420910678412	2.3203316385042227	0.7753102871053575	2.214817811295412	1000	0.0	0.8094272134003795	0.0	0.543	0.5120192033150066	0.084	0.06835881367776428	0.0	2.1601063852437764e-19
fibroblast_activation	DeltaR2_morph	REFIT_PSEUDOVALUE_PROXY	29	10	4.096025222144037	3.557306645603992	4.596514844890375	0.7751129237461944	5.284423851878973	1000	0.0	0.8094272134003795	0.0	0.637	0.6067244308198837	0.088	0.07198099794232084	0.0	2.1601063852437764e-19
fibroblast_activation	Residual_R2	OOF_BLOCK_EMPIRICAL	29	10	0.13284351641859027	0.07858731412277134	0.21809905642260385	0.6400875989326256	0.2075395877691002	1000	0.0	0.8094272134003795	0.0	0.711	0.6821395598954266	0.551	0.5200351373690727	0.272	0.24533124703883707
fibroblast_activation	Residual_R2	REFIT_PSEUDOVALUE_PROXY	29	10	0.4494197639694387	0.41708319805913086	0.4891052753588554	0.769234573011754	0.5842428041291008	1000	0.0	0.8094272134003795	0.0	0.724	0.6954767082717307	0.002	0.0005486435881207279	0.0	2.1601063852437764e-19
macrophage_inflammatory	DeltaR2_morph	OOF_BLOCK_EMPIRICAL	29	10	0.34291463233462877	0.2916827818747823	0.40461431116189234	0.755761941495615	0.4537336607027576	1000	0.0	0.8094272134003795	0.0	0.678	0.648406787795866	0.175	0.1527057476303958	0.001	0.00017654637062607817
macrophage_inflammatory	DeltaR2_morph	REFIT_PSEUDOVALUE_PROXY	29	10	1.1410222235174612	1.0366401017584785	1.2470634485160474	0.7731615839337131	1.4757875290597553	1000	0.0	0.8094272134003795	0.0	0.693	0.6637186226479856	0.017	0.010640689856816326	0.0	2.1601063852437764e-19
macrophage_inflammatory	Residual_R2	OOF_BLOCK_EMPIRICAL	29	10	0.3086138865111794	0.2432628192753135	0.4296554439515737	0.7224935137506764	0.4271510825184768	1000	0.0	0.8094272134003795	0.0	0.648	0.6178838670299425	0.376	0.34650662606266847	0.008	0.004059195818806103
macrophage_inflammatory	Residual_R2	REFIT_PSEUDOVALUE_PROXY	29	10	0.6077645875925419	0.5452316641664026	0.6734041568402614	0.7750114101327426	0.7842008254929371	1000	0.0	0.8094272134003795	0.0	0.66	0.6300773195897643	0.033	0.023592927958426903	0.0	2.1601063852437764e-19
epithelial_injury	DeltaR2_morph	OOF_BLOCK_EMPIRICAL	30	11	0.2392411740778	0.21296265246590207	0.2679572059855847	0.7645883521880825	0.3129019339532766	1000	0.0	0.7958224257542215	0.0	0.695	0.6657628366716069	0.07	0.05577636414629405	0.0	2.1601063852437764e-19
epithelial_injury	DeltaR2_morph	REFIT_PSEUDOVALUE_PROXY	30	11	0.44387201245688823	0.38758449283279944	0.49986189278003607	0.7611433823530078	0.5831647791309661	1000	0.0	0.7958224257542215	0.0	0.687	0.6575897312800101	0.125	0.10592623063520473	0.0	2.1601063852437764e-19
epithelial_injury	Residual_R2	OOF_BLOCK_EMPIRICAL	30	11	0.28110838492941315	0.23830877658024496	0.3676317479153977	0.73944383116002	0.3801619177597543	1000	0.0	0.7958224257542215	0.0	0.662	0.6321115753976023	0.215	0.19065343629137976	0.0	2.1601063852437764e-19
epithelial_injury	Residual_R2	REFIT_PSEUDOVALUE_PROXY	30	11	1.045551247478927	0.9873590300965825	1.463741798945297	0.6811252854956086	1.5350351392668538	1000	0.0	0.7958224257542215	0.0	0.536	0.5050118052369239	0.419	0.38878656102884956	0.0	2.1601063852437764e-19
fibroblast_activation	DeltaR2_morph	OOF_BLOCK_EMPIRICAL	30	11	1.7167032089226315	1.455669069828481	2.28641198627183	0.7750990624003329	2.214817811295412	1000	0.0	0.7958224257542215	0.0	0.523	0.4920142012545935	0.145	0.12453493622851891	0.0	2.1601063852437764e-19
fibroblast_activation	DeltaR2_morph	REFIT_PSEUDOVALUE_PROXY	30	11	4.029909778923379	3.4693012566595822	4.501867825731387	0.7626015421701026	5.284423851878973	1000	0.0	0.7958224257542215	0.0	0.719	0.6903436580897933	0.132	0.11242163614807689	0.0	2.1601063852437764e-19
fibroblast_activation	Residual_R2	OOF_BLOCK_EMPIRICAL	30	11	0.12749481923276548	0.0741204301376932	0.20952093412336356	0.6143156619093357	0.2075395877691002	1000	0.0	0.7958224257542215	0.0	0.742	0.7139918832868724	0.584	0.5531860721954471	0.318	0.28987951073503443
fibroblast_activation	Residual_R2	REFIT_PSEUDOVALUE_PROXY	30	11	0.44015202514534	0.4088151207920139	0.4797216819278964	0.7533717523512349	0.5842428041291008	1000	0.0	0.7958224257542215	0.0	0.817	0.7918366762890631	0.007	0.003394868400990765	0.0	2.1601063852437764e-19
macrophage_inflammatory	DeltaR2_morph	OOF_BLOCK_EMPIRICAL	30	11	0.33643629155243393	0.2837244212599435	0.3963511694101125	0.7414840923006468	0.4537336607027576	1000	0.0	0.7958224257542215	0.0	0.723	0.6944497560637553	0.218	0.1935148145806916	0.0	2.1601063852437764e-19
macrophage_inflammatory	DeltaR2_morph	REFIT_PSEUDOVALUE_PROXY	30	11	1.1179708115215505	1.0167013863707206	1.2231474817989063	0.7575418476627359	1.4757875290597553	1000	0.0	0.7958224257542215	0.0	0.765	0.7377374064289095	0.045	0.033799512285631717	0.0	2.1601063852437764e-19
macrophage_inflammatory	Residual_R2	OOF_BLOCK_EMPIRICAL	30	11	0.3052095511945915	0.2389860034350567	0.4232491432781021	0.7145236514328379	0.4271510825184768	1000	0.0	0.7958224257542215	0.0	0.657	0.6270270213781515	0.387	0.35729917409070144	0.014	0.008357575130423924
macrophage_inflammatory	Residual_R2	REFIT_PSEUDOVALUE_PROXY	30	11	0.5951256657813001	0.5358077595171843	0.6634596329345525	0.7588944648294815	0.7842008254929371	1000	0.0	0.7958224257542215	0.0	0.731	0.702670228864586	0.068	0.05399245780853015	0.0	2.1601063852437764e-19
epithelial_injury	DeltaR2_morph	OOF_BLOCK_EMPIRICAL	31	12	0.23617138423341558	0.21002089719127126	0.2639451976048323	0.7547776431087234	0.3129019339532766	1000	0.0	0.7828813612588127	0.0	0.748	0.720176639029259	0.096	0.07925690009839677	0.0	2.1601063852437764e-19
epithelial_injury	DeltaR2_morph	REFIT_PSEUDOVALUE_PROXY	31	12	0.4349268264729571	0.3789549638464453	0.4903719334235556	0.7458043455935154	0.5831647791309661	1000	0.0	0.7828813612588127	0.0	0.758	0.7304996799200717	0.162	0.1404641118483431	0.0	2.1601063852437764e-19
epithelial_injury	Residual_R2	OOF_BLOCK_EMPIRICAL	31	12	0.2777747790633111	0.23541529679058756	0.365235318872929	0.73067492057122	0.3801619177597543	1000	0.0	0.7828813612588127	0.0	0.693	0.6637186226479856	0.275	0.24822587402252647	0.001	0.00017654637062607817
epithelial_injury	Residual_R2	REFIT_PSEUDOVALUE_PROXY	31	12	1.0249947365719794	0.9587807604674962	1.4292422589745126	0.6677337282725175	1.5350351392668538	1000	0.0	0.7828813612588127	0.0	0.617	0.5864772698839885	0.505	0.4740520072158691	0.0	2.1601063852437764e-19
fibroblast_activation	DeltaR2_morph	OOF_BLOCK_EMPIRICAL	31	12	1.7305087195182924	1.4107916019393854	2.2704282636366	0.7813323112595637	2.214817811295412	1000	0.0	0.7828813612588127	0.0	0.509	0.4780401514944745	0.228	0.20306677294819994	0.0	2.1601063852437764e-19
fibroblast_activation	DeltaR2_morph	REFIT_PSEUDOVALUE_PROXY	31	12	3.945799513167411	3.4028721421092905	4.458250900598488	0.7466849033626267	5.284423851878973	1000	0.0	0.7828813612588127	0.0	0.767	0.7398071302206757	0.136	0.1161420645496615	0.0	2.1601063852437764e-19
fibroblast_activation	Residual_R2	OOF_BLOCK_EMPIRICAL	31	12	0.12397445471750433	0.07115556180588453	0.20424938160193368	0.597353285944815	0.2075395877691002	1000	0.0	0.7828813612588127	0.0	0.754	0.7263681599761741	0.598	0.5672921888971421	0.337	0.3083764445978848
fibroblast_activation	Residual_R2	REFIT_PSEUDOVALUE_PROXY	31	12	0.43278628680430686	0.4004893526486008	0.4710286406943369	0.7407644283260588	0.5842428041291008	1000	0.0	0.7828813612588127	0.0	0.872	0.8498604138497563	0.04	0.029510973685452763	0.0	2.1601063852437764e-19
macrophage_inflammatory	DeltaR2_morph	OOF_BLOCK_EMPIRICAL	31	12	0.32985460955667445	0.27983068685075235	0.39156791544884156	0.7269784856732577	0.4537336607027576	1000	0.0	0.7828813612588127	0.0	0.767	0.7398071302206757	0.265	0.2385832562597563	0.002	0.0005486435881207279
macrophage_inflammatory	DeltaR2_morph	REFIT_PSEUDOVALUE_PROXY	31	12	1.0965804808905089	0.9947957914788658	1.2063008568324323	0.7430476672947328	1.4757875290597553	1000	0.0	0.7828813612588127	0.0	0.834	0.8096691971622606	0.088	0.07198099794232084	0.0	2.1601063852437764e-19
macrophage_inflammatory	Residual_R2	OOF_BLOCK_EMPIRICAL	31	12	0.2960493988845965	0.23249399309366536	0.4127686808279891	0.6930788917567373	0.4271510825184768	1000	0.0	0.7828813612588127	0.0	0.69	0.6606534768407167	0.437	0.4065562468683574	0.026	0.017803938201616326
macrophage_inflammatory	Residual_R2	REFIT_PSEUDOVALUE_PROXY	31	12	0.5833637400415015	0.5228291208642555	0.6509235837769024	0.7438958504982542	0.7842008254929371	1000	0.0	0.7828813612588127	0.0	0.782	0.7553565227948386	0.111	0.09299921045824965	0.0	2.1601063852437764e-19
epithelial_injury	DeltaR2_morph	OOF_BLOCK_EMPIRICAL	32	13	0.23217533390714556	0.2047393720144823	0.2584330009228494	0.7420067078965855	0.3129019339532766	1000	0.0	0.770551750371122	0.0	0.809	0.7834719955714221	0.147	0.12640395855176664	0.0	2.1601063852437764e-19
epithelial_injury	DeltaR2_morph	REFIT_PSEUDOVALUE_PROXY	32	13	0.4278267022426514	0.3712781669710296	0.4858823325003293	0.7336291860427512	0.5831647791309661	1000	0.0	0.770551750371122	0.0	0.807	0.781383383844143	0.203	0.1792281787601314	0.0	2.1601063852437764e-19
epithelial_injury	Residual_R2	OOF_BLOCK_EMPIRICAL	32	13	0.2719704511920161	0.22806920236332337	0.355404705514837	0.7154068792442528	0.3801619177597543	1000	0.0	0.770551750371122	0.0	0.707	0.6780414921958111	0.339	0.3103265911536924	0.002	0.0005486435881207279
epithelial_injury	Residual_R2	REFIT_PSEUDOVALUE_PROXY	32	13	1.1693406912382645	0.9345229615774298	1.3933994349570127	0.7617680281877794	1.5350351392668538	1000	0.0	0.770551750371122	0.0	0.805	0.77929577121571	0.486	0.45513525566440777	0.0	2.1601063852437764e-19
fibroblast_activation	DeltaR2_morph	OOF_BLOCK_EMPIRICAL	32	13	1.7863008787266166	1.3898739401966678	2.2569388653129003	0.8065227169551419	2.214817811295412	1000	0.0	0.770551750371122	0.0	0.491	0.46010903314721446	0.271	0.2443667197375407	0.0	2.1601063852437764e-19
fibroblast_activation	DeltaR2_morph	REFIT_PSEUDOVALUE_PROXY	32	13	3.867703681677882	3.361663544246018	4.378690457222512	0.7319064083594751	5.284423851878973	1000	0.0	0.770551750371122	0.0	0.825	0.800218354614785	0.186	0.16310117914932548	0.0	2.1601063852437764e-19
fibroblast_activation	Residual_R2	OOF_BLOCK_EMPIRICAL	32	13	0.12090982430242572	0.06687121315776776	0.2091141302789003	0.5825867999552206	0.2075395877691002	1000	0.0	0.770551750371122	0.0	0.789	0.7626295063588953	0.633	0.6026706264751108	0.385	0.35533568538042837
fibroblast_activation	Residual_R2	REFIT_PSEUDOVALUE_PROXY	32	13	0.425794809165018	0.3923846159882389	0.46325894721452926	0.7287976953344378	0.5842428041291008	1000	0.0	0.770551750371122	0.0	0.92	0.9015335609704976	0.092	0.07561389956796886	0.0	2.1601063852437764e-19
macrophage_inflammatory	DeltaR2_morph	OOF_BLOCK_EMPIRICAL	32	13	0.3227363539761484	0.2746259423810207	0.3830067278950543	0.7112903051457186	0.4537336607027576	1000	0.0	0.770551750371122	0.0	0.81	0.7845166798033586	0.327	0.2986345103891364	0.006	0.002752669141876374
macrophage_inflammatory	DeltaR2_morph	REFIT_PSEUDOVALUE_PROXY	32	13	1.0780597910128242	0.9732473022242657	1.1852457777370302	0.7304979678881491	1.4757875290597553	1000	0.0	0.770551750371122	0.0	0.891	0.8701675082488096	0.136	0.1161420645496615	0.0	2.1601063852437764e-19
macrophage_inflammatory	Residual_R2	OOF_BLOCK_EMPIRICAL	32	13	0.2916413638630431	0.22502656266917784	0.41897795916255515	0.6827592760470833	0.4271510825184768	1000	0.0	0.770551750371122	0.0	0.715	0.6862402708362824	0.469	0.438247507417386	0.044	0.032938214588418495
macrophage_inflammatory	Residual_R2	REFIT_PSEUDOVALUE_PROXY	32	13	0.5737073948463602	0.5141398717953621	0.6395368481787844	0.7315822378607371	0.7842008254929371	1000	0.0	0.770551750371122	0.0	0.847	0.823363445235336	0.156	0.13483131538945653	0.0	2.1601063852437764e-19
epithelial_injury	DeltaR2_morph	OOF_BLOCK_EMPIRICAL	33	14	0.22635380702421065	0.20108050479404083	0.2555916787733659	0.7234017513551401	0.3129019339532766	1000	0.0	0.7587869106393281	0.0	0.855	0.8318179377037748	0.183	0.16026284116890502	0.0	2.1601063852437764e-19
epithelial_injury	DeltaR2_morph	REFIT_PSEUDOVALUE_PROXY	33	14	0.420988830496009	0.36491836074244055	0.4775485583038819	0.7219037321207358	0.5831647791309661	1000	0.0	0.7587869106393281	0.0	0.863	0.8402949039724816	0.243	0.21743346229708657	0.0	2.1601063852437764e-19
epithelial_injury	Residual_R2	OOF_BLOCK_EMPIRICAL	33	14	0.2683396806709909	0.2249763187624201	0.34868933733809543	0.7058562894786581	0.3801619177597543	1000	0.0	0.7587869106393281	0.0	0.734	0.705755800243192	0.371	0.341606326344111	0.007	0.003394868400990765
epithelial_injury	Residual_R2	REFIT_PSEUDOVALUE_PROXY	33	14	1.1450007873637198	0.9106325248415987	1.3573033595114026	0.7459117762675989	1.5350351392668538	1000	0.0	0.7587869106393281	0.0	0.834	0.8096691971622606	0.46	0.42932142688110647	0.0	2.1601063852437764e-19
fibroblast_activation	DeltaR2_morph	OOF_BLOCK_EMPIRICAL	33	14	1.7821159074990351	1.3597091732601572	2.2234824921496625	0.8046331840074481	2.214817811295412	1000	0.0	0.7587869106393281	0.0	0.492	0.4611041586281342	0.318	0.28987951073503443	0.0	2.1601063852437764e-19
fibroblast_activation	DeltaR2_morph	REFIT_PSEUDOVALUE_PROXY	33	14	3.7913527666033393	3.357659735709619	4.287422390556619	0.7174581132918123	5.284423851878973	1000	0.0	0.7587869106393281	0.0	0.869	0.8466683584396694	0.251	0.2251138107901981	0.0	2.1601063852437764e-19
fibroblast_activation	Residual_R2	OOF_BLOCK_EMPIRICAL	33	14	0.11678717845459376	0.06527184851372331	0.19900985904313104	0.5627224170095503	0.2075395877691002	1000	0.0	0.7587869106393281	0.0	0.792	0.7657498688268166	0.653	0.6229619706570872	0.395	0.36515844573957307
fibroblast_activation	Residual_R2	REFIT_PSEUDOVALUE_PROXY	33	14	0.4178918802490673	0.3854192480353165	0.4554885975153183	0.7152709067114591	0.5842428041291008	1000	0.0	0.7587869106393281	0.0	0.956	0.9414482108495922	0.167	0.14516656150470994	0.0	2.1601063852437764e-19
macrophage_inflammatory	DeltaR2_morph	OOF_BLOCK_EMPIRICAL	33	14	0.31728409737920127	0.2666548006481894	0.37855813113766035	0.6992738799404505	0.4537336607027576	1000	0.0	0.7587869106393281	0.0	0.842	0.8180901541085862	0.364	0.33475165091277503	0.008	0.004059195818806103
macrophage_inflammatory	DeltaR2_morph	REFIT_PSEUDOVALUE_PROXY	33	14	1.059503373020416	0.9532481768564973	1.1628922252039002	0.7179240589568068	1.4757875290597553	1000	0.0	0.7587869106393281	0.0	0.926	0.9080945943544141	0.194	0.1706814295673276	0.0	2.1601063852437764e-19
macrophage_inflammatory	Residual_R2	OOF_BLOCK_EMPIRICAL	33	14	0.2869368462324268	0.21946189688950607	0.40962601651774266	0.6717455672607715	0.4271510825184768	1000	0.0	0.7587869106393281	0.0	0.731	0.702670228864586	0.494	0.46309477946520766	0.069	0.054883945585911253
macrophage_inflammatory	Residual_R2	REFIT_PSEUDOVALUE_PROXY	33	14	0.5643406895611802	0.5057798403395608	0.6286459193765556	0.7196379692745718	0.7842008254929371	1000	0.0	0.7587869106393281	0.0	0.897	0.8766163637675565	0.21	0.18588891937362567	0.0	2.1601063852437764e-19
epithelial_injury	DeltaR2_morph	OOF_BLOCK_EMPIRICAL	34	15	0.22428003014679165	0.19925577828302973	0.25040520137033	0.7167741896420551	0.3129019339532766	1000	0.0	0.747545001596402	0.0	0.898	0.8776930354303454	0.25	0.2241530989836914	0.0	2.1601063852437764e-19
epithelial_injury	DeltaR2_morph	REFIT_PSEUDOVALUE_PROXY	34	15	0.414247082028682	0.3591282706036654	0.46875527016050383	0.710343108591013	0.5831647791309661	1000	0.0	0.747545001596402	0.0	0.888	0.8669499763240903	0.29	0.26272203499392915	0.0	2.1601063852437764e-19
epithelial_injury	Residual_R2	OOF_BLOCK_EMPIRICAL	34	15	0.263393275963057	0.22144862649228467	0.34365790233977517	0.6928449790952235	0.3801619177597543	1000	0.0	0.747545001596402	0.0	0.769	0.7418776678486424	0.406	0.37597870513494724	0.008	0.004059195818806103
epithelial_injury	Residual_R2	REFIT_PSEUDOVALUE_PROXY	34	15	1.1177342599803592	0.8883941290803129	1.3249825597390001	0.728148972872503	1.5350351392668538	1000	0.0	0.747545001596402	0.0	0.815	0.7897439459386497	0.434	0.40359177593584417	0.0	2.1601063852437764e-19
fibroblast_activation	DeltaR2_morph	OOF_BLOCK_EMPIRICAL	34	15	1.7696162871825905	1.3192705802237834	2.202505782958573	0.7989895503628669	2.214817811295412	1000	0.0	0.747545001596402	0.0	0.502	0.471062193348407	0.363	0.33377296264492573	0.0	2.1601063852437764e-19
fibroblast_activation	DeltaR2_morph	REFIT_PSEUDOVALUE_PROXY	34	15	3.712623673124842	3.277577317522374	4.217972392188534	0.7025597827102289	5.284423851878973	1000	0.0	0.747545001596402	0.0	0.907	0.8874087442345036	0.297	0.2694996998890069	0.0	2.1601063852437764e-19
fibroblast_activation	Residual_R2	OOF_BLOCK_EMPIRICAL	34	15	0.11309073846500027	0.06252070715942716	0.19594831515723518	0.5449116464027107	0.2075395877691002	1000	0.0	0.747545001596402	0.0	0.806	0.7803394533741679	0.685	0.655548006716873	0.414	0.3838578816406267
fibroblast_activation	Residual_R2	REFIT_PSEUDOVALUE_PROXY	34	15	0.41181910003462874	0.3785843388369926	0.44836131795624856	0.7048766319826656	0.5842428041291008	1000	0.0	0.747545001596402	0.0	0.978	0.9669143266526004	0.23	0.20497969372023053	0.0	2.1601063852437764e-19
macrophage_inflammatory	DeltaR2_morph	OOF_BLOCK_EMPIRICAL	34	15	0.3130023897639157	0.2639230893896571	0.3725446640719759	0.6898372699065953	0.4537336607027576	1000	0.0	0.747545001596402	0.0	0.856	0.8328762978702983	0.419	0.38878656102884956	0.007	0.003394868400990765
macrophage_inflammatory	DeltaR2_morph	REFIT_PSEUDOVALUE_PROXY	34	15	1.0426103455204139	0.9379782502692747	1.1455265970790343	0.7064772706032254	1.4757875290597553	1000	0.0	0.747545001596402	0.0	0.958	0.943715574773397	0.261	0.23473118426217232	0.0	2.1601063852437764e-19
macrophage_inflammatory	Residual_R2	OOF_BLOCK_EMPIRICAL	34	15	0.2805720339626752	0.2138072672059889	0.4029537129802794	0.6568449559074659	0.4271510825184768	1000	0.0	0.747545001596402	0.0	0.762	0.7346343310291411	0.521	0.4900164266054176	0.099	0.08199544136866538
macrophage_inflammatory	Residual_R2	REFIT_PSEUDOVALUE_PROXY	34	15	0.5564591803479102	0.4948477953162251	0.6168692920004221	0.7095875983019122	0.7842008254929371	1000	0.0	0.747545001596402	0.0	0.936	0.9190992674988255	0.275	0.24822587402252647	0.0	2.1601063852437764e-19
epithelial_injury	DeltaR2_morph	OOF_BLOCK_EMPIRICAL	35	16	0.22010098052430005	0.19520719940649361	0.24802128077996036	0.7034184089036859	0.3129019339532766	1000	0.0	0.7367883976130072	0.0	0.921	0.9026250851159918	0.293	0.26562577020883094	0.0	2.1601063852437764e-19
epithelial_injury	DeltaR2_morph	REFIT_PSEUDOVALUE_PROXY	35	16	0.4075982141426705	0.35510682454671555	0.4603820926608516	0.6989417549360141	0.5831647791309661	1000	0.0	0.7367883976130072	0.0	0.921	0.9026250851159918	0.345	0.3161805044877085	0.0	2.1601063852437764e-19
epithelial_injury	Residual_R2	OOF_BLOCK_EMPIRICAL	35	16	0.25944915370444455	0.21818808824215302	0.3359910974036259	0.6824701307099494	0.3801619177597543	1000	0.0	0.7367883976130072	0.0	0.786	0.7595111793607142	0.437	0.4065562468683574	0.011	0.006153174098086637
epithelial_injury	Residual_R2	REFIT_PSEUDOVALUE_PROXY	35	16	1.0943175558896123	0.866698704979802	1.2924046997133092	0.7128941402685205	1.5350351392668538	1000	0.0	0.7367883976130072	0.0	0.801	0.7751234971811168	0.408	0.37794772187557774	0.0	2.1601063852437764e-19
fibroblast_activation	DeltaR2_morph	OOF_BLOCK_EMPIRICAL	35	16	1.7467426534473265	1.298219510489297	2.1633519242439245	0.7886620039531306	2.214817811295412	1000	0.0	0.7367883976130072	0.0	0.528	0.4970108021953935	0.372	0.34258611396233785	0.0	2.1601063852437764e-19
fibroblast_activation	DeltaR2_morph	REFIT_PSEUDOVALUE_PROXY	35	16	3.6630149922188906	3.2076382761460054	4.158149222374513	0.6931720647117356	5.284423851878973	1000	0.0	0.7367883976130072	0.0	0.928	0.9102882164172793	0.369	0.3396471611587714	0.0	2.1601063852437764e-19
fibroblast_activation	Residual_R2	OOF_BLOCK_EMPIRICAL	35	16	0.10979629985502715	0.061255625188039446	0.19393307456711156	0.5290378622953704	0.2075395877691002	1000	0.0	0.7367883976130072	0.0	0.817	0.7918366762890631	0.689	0.6596320732865385	0.443	0.41248859445810543
fibroblast_activation	Residual_R2	REFIT_PSEUDOVALUE_PROXY	35	16	0.40492012897355767	0.3713509309773095	0.44160931641317425	0.6930682348362857	0.5842428041291008	1000	0.0	0.7367883976130072	0.0	0.985	0.9753990230730932	0.302	0.2743457378772452	0.0	2.1601063852437764e-19
macrophage_inflammatory	DeltaR2_morph	OOF_BLOCK_EMPIRICAL	35	16	0.30742118575682265	0.26105043648309695	0.36894529692222783	0.6775366528475727	0.4537336607027576	1000	0.0	0.7367883976130072	0.0	0.877	0.8551887673529645	0.465	0.4342791187506989	0.012	0.006877647806403522
macrophage_inflammatory	DeltaR2_morph	REFIT_PSEUDOVALUE_PROXY	35	16	1.025522064225897	0.9195845741187936	1.1260767926642494	0.694898177435658	1.4757875290597553	1000	0.0	0.7367883976130072	0.0	0.97	0.9574965858524129	0.323	0.2947418927752481	0.0	2.1601063852437764e-19
macrophage_inflammatory	Residual_R2	OOF_BLOCK_EMPIRICAL	35	16	0.27494212765536663	0.2094050310172923	0.3968043299862317	0.643664827054427	0.4271510825184768	1000	0.0	0.7367883976130072	0.0	0.778	0.7512053591381821	0.562	0.5310701383860443	0.124	0.10499997337198466
macrophage_inflammatory	Residual_R2	REFIT_PSEUDOVALUE_PROXY	35	16	0.5469047145720353	0.4868219039259919	0.6054060525132832	0.6974039006248929	0.7842008254929371	1000	0.0	0.7367883976130072	0.0	0.959	0.9448520067923587	0.322	0.29376911381672366	0.0	2.1601063852437764e-19
epithelial_injury	DeltaR2_morph	OOF_BLOCK_EMPIRICAL	36	17	0.21730707665621735	0.19233106117002974	0.24459424670138233	0.694489400914557	0.3129019339532766	1000	0.0	0.7264831572567789	0.0	0.946	0.9302078451539476	0.352	0.32301658754166684	0.0	2.1601063852437764e-19
epithelial_injury	DeltaR2_morph	REFIT_PSEUDOVALUE_PROXY	36	17	0.40090030803848586	0.34918543275333913	0.4547571635286573	0.6874563114663899	0.5831647791309661	1000	0.0	0.7264831572567789	0.0	0.945	0.9290916123226244	0.403	0.37302615583096504	0.0	2.1601063852437764e-19
epithelial_injury	Residual_R2	OOF_BLOCK_EMPIRICAL	36	17	0.2555612676737338	0.2140909828241662	0.3318878321487147	0.6722432093664821	0.3801619177597543	1000	0.0	0.7264831572567789	0.0	0.803	0.7772091460935389	0.488	0.45712439660974424	0.016	0.009872242002277388
epithelial_injury	Residual_R2	REFIT_PSEUDOVALUE_PROXY	36	17	1.069503877760226	0.846080374374023	1.2638171269670342	0.6967292476907272	1.5350351392668538	1000	0.0	0.7264831572567789	0.0	0.801	0.7751234971811168	0.387	0.35729917409070144	0.0	2.1601063852437764e-19
fibroblast_activation	DeltaR2_morph	OOF_BLOCK_EMPIRICAL	36	17	1.7188341809638044	1.276142297122681	2.1133718340326775	0.776061205665709	2.214817811295412	1000	0.0	0.7264831572567789	0.0	0.57	0.539105173730678	0.384	0.354354141440322	0.0	2.1601063852437764e-19
fibroblast_activation	DeltaR2_morph	REFIT_PSEUDOVALUE_PROXY	36	17	3.614421401434882	3.1528070210593615	4.08175681895004	0.6839764376867137	5.284423851878973	1000	0.0	0.7264831572567789	0.0	0.951	0.9358092984933898	0.423	0.39273181375780764	0.0	2.1601063852437764e-19
fibroblast_activation	Residual_R2	OOF_BLOCK_EMPIRICAL	36	17	0.10553014582277029	0.059165886851053895	0.1850996817805137	0.5084820055640598	0.2075395877691002	1000	0.0	0.7264831572567789	0.0	0.833	0.8086179403533302	0.71	0.6811147964299961	0.482	0.4511584546689284
fibroblast_activation	Residual_R2	REFIT_PSEUDOVALUE_PROXY	36	17	0.39857433487710847	0.36472900802332814	0.43519674292130067	0.682206664866402	0.5842428041291008	1000	0.0	0.7264831572567789	0.0	0.99	0.9816905311296852	0.4	0.37007478121137727	0.0	2.1601063852437764e-19
macrophage_inflammatory	DeltaR2_morph	OOF_BLOCK_EMPIRICAL	36	17	0.30436365358877404	0.2542697871162651	0.3589178092051801	0.6707980472891644	0.4537336607027576	1000	0.0	0.7264831572567789	0.0	0.913	0.8939135189433065	0.498	0.4670775003823492	0.017	0.010640689856816326
macrophage_inflammatory	DeltaR2_morph	REFIT_PSEUDOVALUE_PROXY	36	17	1.010282741234911	0.904197211030541	1.1093048140143436	0.6845719463956821	1.4757875290597553	1000	0.0	0.7264831572567789	0.0	0.988	0.9791427315245018	0.396	0.3661414498361658	0.0	2.1601063852437764e-19
macrophage_inflammatory	Residual_R2	OOF_BLOCK_EMPIRICAL	36	17	0.26844228684408983	0.20584936066035756	0.3854051562493819	0.6284481014571188	0.4271510825184768	1000	0.0	0.7264831572567789	0.0	0.799	0.7730388134679094	0.594	0.5632592745396628	0.138	0.11800457326997434
macrophage_inflammatory	Residual_R2	REFIT_PSEUDOVALUE_PROXY	36	17	0.5397730035203734	0.4772738278115224	0.5981900732605572	0.6883096599408449	0.7842008254929371	1000	0.0	0.7264831572567789	0.0	0.973	0.9610012692469598	0.383	0.3533727313696084	0.0	2.1601063852437764e-19
epithelial_injury	DeltaR2_morph	OOF_BLOCK_EMPIRICAL	37	18	0.213718875890298	0.18956759750459326	0.24043232455424055	0.6830219078230789	0.3129019339532766	1000	0.0	0.7165985720844785	0.0	0.963	0.9494176025179307	0.415	0.3848433602464026	0.0	2.1601063852437764e-19
epithelial_injury	DeltaR2_morph	REFIT_PSEUDOVALUE_PROXY	37	18	0.3946481764482431	0.34444886732804353	0.44858510401745494	0.6767352737528989	0.5831647791309661	1000	0.0	0.7165985720844785	0.0	0.958	0.943715574773397	0.467	0.4362630649735457	0.0	2.1601063852437764e-19
epithelial_injury	Residual_R2	OOF_BLOCK_EMPIRICAL	37	18	0.25211367705789584	0.21108977552863975	0.32497998906766373	0.6631744666682281	0.3801619177597543	1000	0.0	0.7165985720844785	0.0	0.835	0.8107207516702334	0.529	0.49801049370900147	0.024	0.016180168466636995
epithelial_injury	Residual_R2	REFIT_PSEUDOVALUE_PROXY	37	18	1.0446378397582046	0.8259421714276978	1.23481564471732	0.680530245227567	1.5350351392668538	1000	0.0	0.7165985720844785	0.0	0.873	0.8509252474282144	0.404	0.3740102086208163	0.0	2.1601063852437764e-19
fibroblast_activation	DeltaR2_morph	OOF_BLOCK_EMPIRICAL	37	18	1.7074701403174408	1.2469426430056025	2.102597346532842	0.7709302912453861	2.214817811295412	1000	0.0	0.7165985720844785	0.0	0.593	0.5622513714741373	0.377	0.3474870934016289	0.003	0.0010207838811386186
fibroblast_activation	DeltaR2_morph	REFIT_PSEUDOVALUE_PROXY	37	18	3.553323676174336	3.094384071570909	4.043087386105257	0.672414585917609	5.284423851878973	1000	0.0	0.7165985720844785	0.0	0.967	0.9540187355329184	0.481	0.4501645630755934	0.0	2.1601063852437764e-19
fibroblast_activation	Residual_R2	OOF_BLOCK_EMPIRICAL	37	18	0.10471471920213406	0.058878128678011316	0.185332017889163	0.5045529883129345	0.2075395877691002	1000	0.0	0.7165985720844785	0.0	0.847	0.823363445235336	0.713	0.6841895829243534	0.497	0.46608163526518975
fibroblast_activation	Residual_R2	REFIT_PSEUDOVALUE_PROXY	37	18	0.39251438039126074	0.3590384602451704	0.4284276769022848	0.6718343428745532	0.5842428041291008	1000	0.0	0.7165985720844785	0.0	0.994	0.9869718317581478	0.492	0.4611041586281342	0.0	2.1601063852437764e-19
macrophage_inflammatory	DeltaR2_morph	OOF_BLOCK_EMPIRICAL	37	18	0.2989995212447922	0.25302580838924743	0.3582624478728211	0.6589758423073393	0.4537336607027576	1000	0.0	0.7165985720844785	0.0	0.917	0.8982635048659464	0.551	0.5200351373690727	0.024	0.016180168466636995
macrophage_inflammatory	DeltaR2_morph	REFIT_PSEUDOVALUE_PROXY	37	18	0.990989978571825	0.8894519789939266	1.0919928938406884	0.6714990871370207	1.4757875290597553	1000	0.0	0.7165985720844785	0.0	0.994	0.9869718317581478	0.489	0.45811915212327137	0.0	2.1601063852437764e-19
macrophage_inflammatory	Residual_R2	OOF_BLOCK_EMPIRICAL	37	18	0.2662969907250604	0.20029388182394994	0.37410075911308865	0.6234257657852044	0.4271510825184768	1000	0.0	0.7165985720844785	0.0	0.821	0.7960253362714628	0.627	0.5965940413088956	0.165	0.14328467985555532
macrophage_inflammatory	Residual_R2	REFIT_PSEUDOVALUE_PROXY	37	18	0.5294315225416895	0.47064588160355814	0.5887960990466231	0.675122373416142	0.7842008254929371	1000	0.0	0.7165985720844785	0.0	0.986	0.9766379658824643	0.461	0.4303127166140634	0.0	2.1601063852437764e-19
epithelial_injury	DeltaR2_morph	OOF_BLOCK_EMPIRICAL	38	19	0.20993155768882238	0.18657389220122747	0.23645150435073597	0.6709180574133811	0.3129019339532766	1000	0.0	0.7071067811865476	0.0	0.968	0.9551752619162313	0.498	0.4670775003823492	0.001	0.00017654637062607817
epithelial_injury	DeltaR2_morph	REFIT_PSEUDOVALUE_PROXY	38	19	0.38843624721138165	0.33934900017056946	0.439839192190749	0.6660831742791986	0.5831647791309661	1000	0.0	0.7071067811865476	0.0	0.972	0.9598298168024069	0.517	0.4860223599610877	0.0	2.1601063852437764e-19
epithelial_injury	Residual_R2	OOF_BLOCK_EMPIRICAL	38	19	0.24899117287028266	0.20913585483599437	0.31929209631339245	0.6549608502018189	0.3801619177597543	1000	0.0	0.7071067811865476	0.0	0.847	0.823363445235336	0.551	0.5200351373690727	0.021	0.013775739567924288
epithelial_injury	Residual_R2	REFIT_PSEUDOVALUE_PROXY	38	19	1.023425897448456	0.8108432694686675	1.2107277814958801	0.6667117066370567	1.5350351392668538	1000	0.0	0.7071067811865476	0.0	0.921	0.9026250851159918	0.533	0.5020104989134991	0.0	2.1601063852437764e-19
fibroblast_activation	DeltaR2_morph	OOF_BLOCK_EMPIRICAL	38	19	1.676806083360722	1.22335343466683	2.067321456268789	0.7570853344275683	2.214817811295412	1000	0.0	0.7071067811865476	0.0	0.628	0.5976064637900358	0.359	0.32985959695418837	0.003	0.0010207838811386186
fibroblast_activation	DeltaR2_morph	REFIT_PSEUDOVALUE_PROXY	38	19	3.4912676215889507	3.0428365282898135	3.990969523694036	0.6606713843265178	5.284423851878973	1000	0.0	0.7071067811865476	0.0	0.978	0.9669143266526004	0.553	0.5220403713020199	0.001	0.00017654637062607817
fibroblast_activation	Residual_R2	OOF_BLOCK_EMPIRICAL	38	19	0.10051474076428131	0.0570742084813413	0.1814552779151279	0.48431598927578956	0.2075395877691002	1000	0.0	0.7071067811865476	0.0	0.861	0.8381734694242182	0.751	0.7232715438085464	0.517	0.4860223599610877
fibroblast_activation	Residual_R2	REFIT_PSEUDOVALUE_PROXY	38	19	0.38714869620585857	0.3537203748922717	0.42215480706383574	0.6626503458317475	0.5842428041291008	1000	0.0	0.7071067811865476	0.0	0.998	0.9927371921365078	0.566	0.5350866438157509	0.0	2.1601063852437764e-19
macrophage_inflammatory	DeltaR2_morph	OOF_BLOCK_EMPIRICAL	38	19	0.2928652284021232	0.2471820470151297	0.3527895560225696	0.6454562527905112	0.4537336607027576	1000	0.0	0.7071067811865476	0.0	0.932	0.9146861384770105	0.586	0.5551996791811112	0.026	0.017803938201616326
macrophage_inflammatory	DeltaR2_morph	REFIT_PSEUDOVALUE_PROXY	38	19	0.979595890652093	0.8774801195392266	1.0780361209685878	0.6637784039794721	1.4757875290597553	1000	0.0	0.7071067811865476	0.0	0.996	0.9897604437227377	0.558	0.5270556511526086	0.0	2.1601063852437764e-19
macrophage_inflammatory	Residual_R2	OOF_BLOCK_EMPIRICAL	38	19	0.2626443763667522	0.1972271256289144	0.3723126128870382	0.6148746593786082	0.4271510825184768	1000	0.0	0.7071067811865476	0.0	0.839	0.8149299903062807	0.632	0.6016575198074788	0.193	0.16973301355427384
macrophage_inflammatory	Residual_R2	REFIT_PSEUDOVALUE_PROXY	38	19	0.5212805352539251	0.4621178511121935	0.5796334218188481	0.6647283684332466	0.7842008254929371	1000	0.0	0.7071067811865476	0.0	0.99	0.9816905311296852	0.543	0.5120192033150066	0.0	2.1601063852437764e-19
epithelial_injury	DeltaR2_morph	OOF_BLOCK_EMPIRICAL	39	20	0.20768610034233648	0.1842103533800675	0.2325857335418435	0.663741823894731	0.3129019339532766	1000	0.0	0.6979824404521128	0.0	0.977	0.9657235493377734	0.548	0.5170282252037208	0.001	0.00017654637062607817
epithelial_injury	DeltaR2_morph	REFIT_PSEUDOVALUE_PROXY	39	20	0.38260352139580245	0.3345850006273756	0.4343554195079197	0.6560813257034477	0.5831647791309661	1000	0.0	0.6979824404521128	0.0	0.984	0.9741679397882601	0.571	0.5401101233129566	0.0	2.1601063852437764e-19
epithelial_injury	Residual_R2	OOF_BLOCK_EMPIRICAL	39	20	0.24549956049492555	0.20538627964354564	0.3130439866207554	0.6457763101091849	0.3801619177597543	1000	0.0	0.6979824404521128	0.0	0.874	0.8519904953398139	0.568	0.5370956553028252	0.028	0.019442276812770925
epithelial_injury	Residual_R2	REFIT_PSEUDOVALUE_PROXY	39	20	1.0029851686250066	0.7941870815334423	1.1890098443898425	0.6533955757547292	1.5350351392668538	1000	0.0	0.6979824404521128	0.0	0.919	0.9004427979303052	0.685	0.655548006716873	0.009	0.004742060667477063
fibroblast_activation	DeltaR2_morph	OOF_BLOCK_EMPIRICAL	39	20	1.6613183845493993	1.2072859147065935	2.0417380905892593	0.7500925701774631	2.214817811295412	1000	0.0	0.6979824404521128	0.0	0.652	0.6219460655735375	0.353	0.32399373843890167	0.014	0.008357575130423924
fibroblast_activation	DeltaR2_morph	REFIT_PSEUDOVALUE_PROXY	39	20	3.448244285987035	2.9976656978957363	3.9311066176539047	0.6525298467042815	5.284423851878973	1000	0.0	0.6979824404521128	0.0	0.987	0.9778855576244204	0.605	0.5743548264576065	0.003	0.0010207838811386186
fibroblast_activation	Residual_R2	OOF_BLOCK_EMPIRICAL	39	20	0.09960654369027683	0.054544714169160506	0.17855578487861504	0.4799399707832844	0.2075395877691002	1000	0.0	0.6979824404521128	0.0	0.86	0.8371133085163773	0.75	0.7222397197409138	0.533	0.5020104989134991
fibroblast_activation	Residual_R2	REFIT_PSEUDOVALUE_PROXY	39	20	0.3813461958908117	0.3484472737979281	0.4178038204234922	0.6527186868125212	0.5842428041291008	1000	0.0	0.6979824404521128	0.0	1.0	0.9961732415144449	0.641	0.6107804510612618	0.0	2.1601063852437764e-19
macrophage_inflammatory	DeltaR2_morph	OOF_BLOCK_EMPIRICAL	39	20	0.28974914951864916	0.24447887899177587	0.3445419514300761	0.6385886140117446	0.4537336607027576	1000	0.0	0.6979824404521128	0.0	0.956	0.9414482108495922	0.632	0.6016575198074788	0.027	0.01862138277429499
macrophage_inflammatory	DeltaR2_morph	REFIT_PSEUDOVALUE_PROXY	39	20	0.9633416351734505	0.8641685305490693	1.06459138278288	0.6527644503048544	1.4757875290597553	1000	0.0	0.6979824404521128	0.0	0.998	0.9927371921365078	0.631	0.600644550435556	0.0	2.1601063852437764e-19
macrophage_inflammatory	Residual_R2	OOF_BLOCK_EMPIRICAL	39	20	0.25904866405466487	0.19411061261561485	0.36493162536358414	0.6064567658995912	0.4271510825184768	1000	0.0	0.6979824404521128	0.0	0.844	0.8201985055513946	0.653	0.6229619706570872	0.212	0.1877940523073313
macrophage_inflammatory	Residual_R2	REFIT_PSEUDOVALUE_PROXY	39	20	0.5146219411817601	0.4587719824471113	0.5685871967866796	0.6562374387431642	0.7842008254929371	1000	0.0	0.6979824404521128	0.0	0.996	0.9897604437227377	0.574	0.5431257348487041	0.0	2.1601063852437764e-19
epithelial_injury	DeltaR2_morph	OOF_BLOCK_EMPIRICAL	40	21	0.20463860544602455	0.18143260929279578	0.22954593802670312	0.6540023670054458	0.3129019339532766	1000	0.0	0.689202437604511	0.0	0.993	0.9856216845342335	0.609	0.5783935161547874	0.001	0.00017654637062607817
epithelial_injury	DeltaR2_morph	REFIT_PSEUDOVALUE_PROXY	40	21	0.3768031746206756	0.3296300211202144	0.42874957575006445	0.6461350000975519	0.5831647791309661	1000	0.0	0.689202437604511	0.0	0.99	0.9816905311296852	0.628	0.5976064637900358	0.001	0.00017654637062607817
epithelial_injury	Residual_R2	OOF_BLOCK_EMPIRICAL	40	21	0.2410618129762132	0.201518267457234	0.30696315129758805	0.6341030011547704	0.3801619177597543	1000	0.0	0.689202437604511	0.0	0.891	0.8701675082488096	0.628	0.5976064637900358	0.039	0.028658960904180485
epithelial_injury	Residual_R2	REFIT_PSEUDOVALUE_PROXY	40	21	0.9831319831592193	0.778068330380328	1.1670695843180503	0.6404622005127334	1.5350351392668538	1000	0.0	0.689202437604511	0.0	0.911	0.8917426484378812	0.709	0.6800901976568504	0.056	0.043374813385442
fibroblast_activation	DeltaR2_morph	OOF_BLOCK_EMPIRICAL	40	21	1.6403270486327621	1.178183788688987	2.039071639621956	0.740614889525997	2.214817811295412	1000	0.0	0.689202437604511	0.0	0.669	0.63923606946991	0.348	0.31910940015314615	0.027	0.01862138277429499
fibroblast_activation	DeltaR2_morph	REFIT_PSEUDOVALUE_PROXY	40	21	3.388248067269068	2.955529568032934	3.8557493112701002	0.6411764389535701	5.284423851878973	1000	0.0	0.689202437604511	0.0	0.988	0.9791427315245018	0.652	0.6219460655735375	0.01	0.00544075444552925
fibroblast_activation	Residual_R2	OOF_BLOCK_EMPIRICAL	40	21	0.09698758538038679	0.05378796980459702	0.1795327573231061	0.4673208924761434	0.2075395877691002	1000	0.0	0.689202437604511	0.0	0.869	0.8466683584396694	0.776	0.7491310659769607	0.551	0.5200351373690727
fibroblast_activation	Residual_R2	REFIT_PSEUDOVALUE_PROXY	40	21	0.37605417555469234	0.342657857731391	0.4114488817523596	0.6436607740770655	0.5842428041291008	1000	0.0	0.689202437604511	0.0	1.0	0.9961732415144449	0.717	0.6882916278055017	0.0	2.1601063852437764e-19
macrophage_inflammatory	DeltaR2_morph	OOF_BLOCK_EMPIRICAL	40	21	0.2857939552596934	0.24090808841790382	0.34009592008550965	0.6298716185549169	0.4537336607027576	1000	0.0	0.689202437604511	0.0	0.954	0.9391877960583809	0.66	0.6300773195897643	0.038	0.027809004509302626
macrophage_inflammatory	DeltaR2_morph	REFIT_PSEUDOVALUE_PROXY	40	21	0.9492961401958422	0.8494949767125008	1.0474719414928881	0.6432471622799605	1.4757875290597553	1000	0.0	0.689202437604511	0.0	0.999	0.9943574414020421	0.703	0.6739460359438715	0.0	2.1601063852437764e-19
macrophage_inflammatory	Residual_R2	OOF_BLOCK_EMPIRICAL	40	21	0.25485914315657066	0.19046964814470296	0.3565825280053049	0.5966487118654241	0.4271510825184768	1000	0.0	0.689202437604511	0.0	0.858	0.8349940829788967	0.673	0.6433104519531344	0.233	0.2078506192519621
macrophage_inflammatory	Residual_R2	REFIT_PSEUDOVALUE_PROXY	40	21	0.5086006341548037	0.45213991723105024	0.5598649271112686	0.6485591670158022	0.7842008254929371	1000	0.0	0.689202437604511	0.0	0.996	0.9897604437227377	0.66	0.6300773195897643	0.003	0.0010207838811386186
epithelial_injury	DeltaR2_morph	OOF_BLOCK_EMPIRICAL	41	22	0.2025203160982802	0.18057043318170068	0.2269213788036364	0.6472325483565757	0.3129019339532766	1000	0.0	0.6807456457050177	0.0	0.986	0.9766379658824643	0.657	0.6270270213781515	0.005	0.0021375355273244596
epithelial_injury	DeltaR2_morph	REFIT_PSEUDOVALUE_PROXY	41	22	0.37207355006457954	0.3257697784228862	0.4204232597903987	0.6380247288237206	0.5831647791309661	1000	0.0	0.6807456457050177	0.0	0.994	0.9869718317581478	0.683	0.6535068964204828	0.009	0.004742060667477063
epithelial_injury	Residual_R2	OOF_BLOCK_EMPIRICAL	41	22	0.23936412880647734	0.19944037040514187	0.30519273016843385	0.6296373140608602	0.3801619177597543	1000	0.0	0.6807456457050177	0.0	0.898	0.8776930354303454	0.643	0.6128092971223537	0.052	0.03987303628377741
epithelial_injury	Residual_R2	REFIT_PSEUDOVALUE_PROXY	41	22	0.9647179373485104	0.7634627918039255	1.1570190610597333	0.6284663540726945	1.5350351392668538	1000	0.0	0.6807456457050177	0.0	0.923	0.9048104693818263	0.694	0.6647406510279685	0.13	0.11056377462484195
fibroblast_activation	DeltaR2_morph	OOF_BLOCK_EMPIRICAL	41	22	1.6240395261222185	1.163385923786844	1.9862530944371612	0.7332610013517741	2.214817811295412	1000	0.0	0.6807456457050177	0.0	0.681	0.6514663972750634	0.346	0.31715666010206417	0.04	0.029510973685452763
fibroblast_activation	DeltaR2_morph	REFIT_PSEUDOVALUE_PROXY	41	22	3.3527650772379163	2.922606552445095	3.800718738042177	0.6344618015539727	5.284423851878973	1000	0.0	0.6807456457050177	0.0	0.992	0.9842936654690199	0.707	0.6780414921958111	0.012	0.006877647806403522
fibroblast_activation	Residual_R2	OOF_BLOCK_EMPIRICAL	41	22	0.09319276178378494	0.053412931891475966	0.16880726045935787	0.44903607444507065	0.2075395877691002	1000	0.0	0.6807456457050177	0.0	0.889	0.8680219923564878	0.797	0.7709550842197117	0.583	0.5521794617220657
fibroblast_activation	Residual_R2	REFIT_PSEUDOVALUE_PROXY	41	22	0.37142531308504695	0.3384671665829527	0.4057827951191831	0.6357379337152652	0.5842428041291008	1000	0.0	0.6807456457050177	0.0	1.0	0.9961732415144449	0.787	0.7605503974702781	0.0	2.1601063852437764e-19
macrophage_inflammatory	DeltaR2_morph	OOF_BLOCK_EMPIRICAL	41	22	0.2831974758612382	0.23748306960885382	0.3370071658026887	0.6241491438448994	0.4537336607027576	1000	0.0	0.6807456457050177	0.0	0.969	0.9563345039877078	0.696	0.6667851800100445	0.058	0.04513327823499824
macrophage_inflammatory	DeltaR2_morph	REFIT_PSEUDOVALUE_PROXY	41	22	0.9380014028458447	0.840985146475221	1.031024202947211	0.6355937994973154	1.4757875290597553	1000	0.0	0.6807456457050177	0.0	1.0	0.9961732415144449	0.753	0.7253357631562045	0.0	2.1601063852437764e-19
macrophage_inflammatory	Residual_R2	OOF_BLOCK_EMPIRICAL	41	22	0.25194415526215475	0.1862600924720214	0.353199169794757	0.5898244569033879	0.4271510825184768	1000	0.0	0.6807456457050177	0.0	0.88	0.8583909241522872	0.685	0.655548006716873	0.239	0.2135979397357572
macrophage_inflammatory	Residual_R2	REFIT_PSEUDOVALUE_PROXY	41	22	0.5032070849559667	0.4454076825047842	0.5530526656671317	0.6416814017501934	0.7842008254929371	1000	0.0	0.6807456457050177	0.0	1.0	0.9961732415144449	0.705	0.6759934395775895	0.005	0.0021375355273244596
epithelial_injury	DeltaR2_morph	OOF_BLOCK_EMPIRICAL	42	23	0.2002317250021029	0.1766475804008343	0.22410796312567585	0.6399184641409154	0.3129019339532766	1000	0.0	0.6725927091345493	0.0	0.998	0.9927371921365078	0.71	0.6811147964299961	0.002	0.0005486435881207279
epithelial_injury	DeltaR2_morph	REFIT_PSEUDOVALUE_PROXY	42	23	0.3670840869244712	0.32263726992443387	0.4150858028161653	0.6294688912308817	0.5831647791309661	1000	0.0	0.6725927091345493	0.0	0.996	0.9897604437227377	0.739	0.710901993706077	0.017	0.010640689856816326
epithelial_injury	Residual_R2	OOF_BLOCK_EMPIRICAL	42	23	0.2372126968900501	0.19570083391358079	0.2964896825214069	0.6239780625263947	0.3801619177597543	1000	0.0	0.6725927091345493	0.0	0.916	0.8971749506177825	0.664	0.6341464130394475	0.06	0.046896472675931965
epithelial_injury	Residual_R2	REFIT_PSEUDOVALUE_PROXY	42	23	0.9467799459920889	0.7485223659740547	1.181081256260432	0.6167806337282151	1.5350351392668538	1000	0.0	0.6725927091345493	0.0	0.952	0.936933911349866	0.677	0.6473872202713616	0.193	0.16973301355427384
fibroblast_activation	DeltaR2_morph	OOF_BLOCK_EMPIRICAL	42	23	1.6051541559043407	1.138030239236718	1.9725463919877426	0.7247341734919097	2.214817811295412	1000	0.0	0.6725927091345493	0.0	0.684	0.6545273749814833	0.353	0.32399373843890167	0.053	0.04074650524859452
fibroblast_activation	DeltaR2_morph	REFIT_PSEUDOVALUE_PROXY	42	23	3.311224036256916	2.8827471571931373	3.752578888097548	0.6266007665300257	5.284423851878973	1000	0.0	0.6725927091345493	0.0	0.993	0.9856216845342335	0.737	0.7088429762689252	0.013	0.007612820389351025
fibroblast_activation	Residual_R2	OOF_BLOCK_EMPIRICAL	42	23	0.0926715598776805	0.050802942061102634	0.16637926263142971	0.4465247371541615	0.2075395877691002	1000	0.0	0.6725927091345493	0.0	0.898	0.8776930354303454	0.802	0.776166200305855	0.593	0.5622513714741373
fibroblast_activation	Residual_R2	REFIT_PSEUDOVALUE_PROXY	42	23	0.36626672395038773	0.3339885107741094	0.3997212430685129	0.6269084041118174	0.5842428041291008	1000	0.0	0.6725927091345493	0.0	1.0	0.9961732415144449	0.823	0.7981212935038732	0.0	2.1601063852437764e-19
macrophage_inflammatory	DeltaR2_morph	OOF_BLOCK_EMPIRICAL	42	23	0.2789277716390778	0.23393175247762982	0.32987253840317615	0.6147389885226175	0.4537336607027576	1000	0.0	0.6725927091345493	0.0	0.979	0.9681097049387625	0.735	0.7067846797715455	0.062	0.04866418011998064
macrophage_inflammatory	DeltaR2_morph	REFIT_PSEUDOVALUE_PROXY	42	23	0.9270362805895557	0.8302669741253843	1.0158940688963836	0.6281637853249671	1.4757875290597553	1000	0.0	0.6725927091345493	0.0	1.0	0.9961732415144449	0.804	0.7782523359291923	0.003	0.0010207838811386186
macrophage_inflammatory	Residual_R2	OOF_BLOCK_EMPIRICAL	42	23	0.24602254923960382	0.18454669214259525	0.3472768408274713	0.575961432168352	0.4271510825184768	1000	0.0	0.6725927091345493	0.0	0.89	0.8690945010531242	0.711	0.6821395598954266	0.272	0.24533124703883707
macrophage_inflammatory	Residual_R2	REFIT_PSEUDOVALUE_PROXY	42	23	0.4954300088223842	0.4389300010217624	0.5441542181631637	0.6317642021238172	0.7842008254929371	1000	0.0	0.6725927091345493	0.0	1.0	0.9961732415144449	0.781	0.7543184071059555	0.006	0.002752669141876374
epithelial_injury	DeltaR2_morph	OOF_BLOCK_EMPIRICAL	43	24	0.19663988774952024	0.17471095198541015	0.22052129739964543	0.628439349239954	0.3129019339532766	1000	0.0	0.6647258571142536	0.0	0.997	0.9912169859464968	0.757	0.7294665084355113	0.005	0.0021375355273244596
epithelial_injury	DeltaR2_morph	REFIT_PSEUDOVALUE_PROXY	43	24	0.36376282785620573	0.31840046752485757	0.41029164997333434	0.6237736586189004	0.5831647791309661	1000	0.0	0.6647258571142536	0.0	0.996	0.9897604437227377	0.783	0.7563948567746955	0.026	0.017803938201616326
epithelial_injury	Residual_R2	OOF_BLOCK_EMPIRICAL	43	24	0.2330269017828128	0.19405832362089886	0.29566100135821866	0.6129675038362881	0.3801619177597543	1000	0.0	0.6647258571142536	0.0	0.922	0.9037173834289277	0.694	0.6647406510279685	0.073	0.05845902621241335
epithelial_injury	Residual_R2	REFIT_PSEUDOVALUE_PROXY	43	24	0.9280363289007083	0.7354450167830471	1.167983006205587	0.6045700877857081	1.5350351392668538	1000	0.0	0.6647258571142536	0.0	0.965	0.9517133776255466	0.655	0.6249942093571865	0.231	0.20593646391387108
fibroblast_activation	DeltaR2_morph	OOF_BLOCK_EMPIRICAL	43	24	1.6022240698975612	1.1230952139012007	1.9470607882774635	0.7234112267502695	2.214817811295412	1000	0.0	0.6647258571142536	0.0	0.685	0.655548006716873	0.355	0.32594846317555315	0.083	0.0674550214428993
fibroblast_activation	DeltaR2_morph	REFIT_PSEUDOVALUE_PROXY	43	24	3.27480738367324	2.8506968520488982	3.714595540014363	0.6197094471346811	5.284423851878973	1000	0.0	0.6647258571142536	0.0	0.997	0.9912169859464968	0.771	0.7439490266513542	0.021	0.013775739567924288
fibroblast_activation	Residual_R2	OOF_BLOCK_EMPIRICAL	43	24	0.09066090781177595	0.04932461877116244	0.16772919556912885	0.4368366960073249	0.2075395877691002	1000	0.0	0.6647258571142536	0.0	0.896	0.8755402353777084	0.824	0.7991696851594059	0.617	0.5864772698839885
fibroblast_activation	Residual_R2	REFIT_PSEUDOVALUE_PROXY	43	24	0.3616451682479941	0.3302643136355847	0.3945740140167345	0.6189980701381149	0.5842428041291008	1000	0.0	0.6647258571142536	0.0	1.0	0.9961732415144449	0.878	0.8562557152982502	0.0	2.1601063852437764e-19
macrophage_inflammatory	DeltaR2_morph	OOF_BLOCK_EMPIRICAL	43	24	0.2740183853079017	0.23160317363437635	0.3256866271957653	0.6039190147001502	0.4537336607027576	1000	0.0	0.6647258571142536	0.0	0.978	0.9669143266526004	0.765	0.7377374064289095	0.074	0.05935499258410698
macrophage_inflammatory	DeltaR2_morph	REFIT_PSEUDOVALUE_PROXY	43	24	0.9142683351670085	0.8254659398576254	1.0031369843023465	0.6195121703931876	1.4757875290597553	1000	0.0	0.6647258571142536	0.0	1.0	0.9961732415144449	0.856	0.8328762978702983	0.005	0.0021375355273244596
macrophage_inflammatory	Residual_R2	OOF_BLOCK_EMPIRICAL	43	24	0.24377414081745669	0.18221713987942417	0.34218980882719613	0.5706977011041803	0.4271510825184768	1000	0.0	0.6647258571142536	0.0	0.898	0.8776930354303454	0.743	0.7150222127820682	0.296	0.26853097433797923
macrophage_inflammatory	Residual_R2	REFIT_PSEUDOVALUE_PROXY	43	24	0.48901967382489386	0.43284623248451826	0.5399675047730216	0.6235898483242519	0.7842008254929371	1000	0.0	0.6647258571142536	0.0	1.0	0.9961732415144449	0.827	0.8023165344033983	0.01	0.00544075444552925
epithelial_injury	DeltaR2_morph	OOF_BLOCK_EMPIRICAL	44	25	0.19411511166897755	0.1729858422894166	0.219716816832205	0.6203704439166661	0.3129019339532766	1000	0.0	0.6571287406727709	0.0	0.999	0.9943574414020421	0.791	0.7647095198771304	0.016	0.009872242002277388
epithelial_injury	DeltaR2_morph	REFIT_PSEUDOVALUE_PROXY	44	25	0.3586119540100012	0.3137895545722104	0.4044984209408514	0.6149410369817014	0.5831647791309661	1000	0.0	0.6571287406727709	0.0	0.999	0.9943574414020421	0.809	0.7834719955714221	0.028	0.019442276812770925
epithelial_injury	Residual_R2	OOF_BLOCK_EMPIRICAL	44	25	0.2320679778960197	0.19118228814656413	0.2889642494263313	0.6104450947206042	0.3801619177597543	1000	0.0	0.6571287406727709	0.0	0.931	0.9135852797713628	0.721	0.6923963660323501	0.087	0.071074421452375
epithelial_injury	Residual_R2	REFIT_PSEUDOVALUE_PROXY	44	25	0.9119019357828488	0.7221471682706998	1.152290967582772	0.594059323109946	1.5350351392668538	1000	0.0	0.6571287406727709	0.0	0.963	0.9494176025179307	0.687	0.6575897312800101	0.239	0.2135979397357572
fibroblast_activation	DeltaR2_morph	OOF_BLOCK_EMPIRICAL	44	25	1.5698082769147892	1.1074167802740067	1.9225996657052822	0.7087753533987668	2.214817811295412	1000	0.0	0.6571287406727709	0.0	0.71	0.6811147964299961	0.367	0.33768854423226846	0.1	0.0829094435930957
fibroblast_activation	DeltaR2_morph	REFIT_PSEUDOVALUE_PROXY	44	25	3.232776148353137	2.8171447059473897	3.6821863996161923	0.6117556499945902	5.284423851878973	1000	0.0	0.6571287406727709	0.0	0.998	0.9927371921365078	0.814	0.7886979748203968	0.031	0.021924003447158568
fibroblast_activation	Residual_R2	OOF_BLOCK_EMPIRICAL	44	25	0.08751235662530371	0.04898542351493003	0.16580962063247093	0.4216658497108816	0.2075395877691002	1000	0.0	0.6571287406727709	0.0	0.9	0.8798480368046516	0.84	0.8159830663133126	0.642	0.6117948042178514
fibroblast_activation	Residual_R2	REFIT_PSEUDOVALUE_PROXY	44	25	0.35680158141034374	0.32717887559690917	0.3892296022054344	0.6107077038667316	0.5842428041291008	1000	0.0	0.6571287406727709	0.0	1.0	0.9961732415144449	0.914	0.8949999687497208	0.0	2.1601063852437764e-19
macrophage_inflammatory	DeltaR2_morph	OOF_BLOCK_EMPIRICAL	44	25	0.27179823762422495	0.2308926701262193	0.3254059741573357	0.5990259510463801	0.4537336607027576	1000	0.0	0.6571287406727709	0.0	0.988	0.9791427315245018	0.782	0.7553565227948386	0.087	0.071074421452375
macrophage_inflammatory	DeltaR2_morph	REFIT_PSEUDOVALUE_PROXY	44	25	0.9040588161159531	0.8136656317432605	0.991036975069564	0.6125941562143038	1.4757875290597553	1000	0.0	0.6571287406727709	0.0	1.0	0.9961732415144449	0.891	0.8701675082488096	0.006	0.002752669141876374
macrophage_inflammatory	Residual_R2	OOF_BLOCK_EMPIRICAL	44	25	0.23964609766317657	0.1791079937636001	0.3394338457076683	0.5610335721268142	0.4271510825184768	1000	0.0	0.6571287406727709	0.0	0.904	0.8841648792420682	0.747	0.7191453808937037	0.306	0.2782254333203639
macrophage_inflammatory	Residual_R2	REFIT_PSEUDOVALUE_PROXY	44	25	0.48310673638375523	0.4280549842226642	0.5330263309100705	0.6160497677110726	0.7842008254929371	1000	0.0	0.6571287406727709	0.0	1.0	0.9961732415144449	0.862	0.8392340001264325	0.015	0.009110978804081668
epithelial_injury	DeltaR2_morph	OOF_BLOCK_EMPIRICAL	45	26	0.1926886711424623	0.17106735382731533	0.21386450083268338	0.6158116976395394	0.3129019339532766	1000	0.0	0.6497862896539309	0.0	0.999	0.9943574414020421	0.857	0.8339350119390161	0.011	0.006153174098086637
epithelial_injury	DeltaR2_morph	REFIT_PSEUDOVALUE_PROXY	45	26	0.3545696687178126	0.3090241468873899	0.39704583083337175	0.6080094021559281	0.5831647791309661	1000	0.0	0.6497862896539309	0.0	0.999	0.9943574414020421	0.863	0.8402949039724816	0.034	0.024431348663226316
epithelial_injury	Residual_R2	OOF_BLOCK_EMPIRICAL	45	26	0.22854498361191078	0.18849676303195445	0.2857341931128076	0.6011780058315604	0.3801619177597543	1000	0.0	0.6497862896539309	0.0	0.941	0.9246390972285408	0.733	0.7047270990046101	0.112	0.09391954090888108
epithelial_injury	Residual_R2	REFIT_PSEUDOVALUE_PROXY	45	26	0.8966333483161085	0.7101785570327471	1.1324779141353933	0.584112588291854	1.5350351392668538	1000	0.0	0.6497862896539309	0.0	0.971	0.9586616416633058	0.763	0.7356684892970146	0.237	0.2116813642604165
fibroblast_activation	DeltaR2_morph	OOF_BLOCK_EMPIRICAL	45	26	1.5633017862203018	1.0882181262519812	1.889504049286374	0.7058376441834513	2.214817811295412	1000	0.0	0.6497862896539309	0.0	0.755	0.7274007492673631	0.392	0.3622102251883649	0.124	0.10499997337198466
fibroblast_activation	DeltaR2_morph	REFIT_PSEUDOVALUE_PROXY	45	26	3.1884574574100375	2.795831025103215	3.628717998361358	0.6033689853012687	5.284423851878973	1000	0.0	0.6497862896539309	0.0	0.998	0.9927371921365078	0.849	0.8254750432083057	0.036	0.026115571407387315
fibroblast_activation	Residual_R2	OOF_BLOCK_EMPIRICAL	45	26	0.08742223097428019	0.04763456804599495	0.16094934616649864	0.4212315920736167	0.2075395877691002	1000	0.0	0.6497862896539309	0.0	0.916	0.8971749506177825	0.844	0.8201985055513946	0.655	0.6249942093571865
fibroblast_activation	Residual_R2	REFIT_PSEUDOVALUE_PROXY	45	26	0.352277365113653	0.3231493616648827	0.38499510414160454	0.6029639776886493	0.5842428041291008	1000	0.0	0.6497862896539309	0.0	1.0	0.9961732415144449	0.943	0.9268629323405141	0.002	0.0005486435881207279
macrophage_inflammatory	DeltaR2_morph	OOF_BLOCK_EMPIRICAL	45	26	0.2678762431205335	0.22652739276066383	0.3187277169014445	0.5903821257290851	0.4537336607027576	1000	0.0	0.6497862896539309	0.0	0.985	0.9753990230730932	0.826	0.8012673037329014	0.106	0.08840506686305154
macrophage_inflammatory	DeltaR2_morph	REFIT_PSEUDOVALUE_PROXY	45	26	0.8908173187356107	0.8033857058134876	0.9798312915481561	0.6036216604318121	1.4757875290597553	1000	0.0	0.6497862896539309	0.0	1.0	0.9961732415144449	0.922	0.9037173834289277	0.009	0.004742060667477063
macrophage_inflammatory	Residual_R2	OOF_BLOCK_EMPIRICAL	45	26	0.23589074837940405	0.1778028687022995	0.33084761458715944	0.5522419538037818	0.4271510825184768	1000	0.0	0.6497862896539309	0.0	0.912	0.8928277489502234	0.77	0.7429132441380307	0.328	0.2996080384525804
macrophage_inflammatory	Residual_R2	REFIT_PSEUDOVALUE_PROXY	45	26	0.47756421186307707	0.4246260476773899	0.5259264766525907	0.6089820315642835	0.7842008254929371	1000	0.0	0.6497862896539309	0.0	1.0	0.9961732415144449	0.895	0.8744646434108283	0.026	0.017803938201616326
epithelial_injury	DeltaR2_morph	OOF_BLOCK_EMPIRICAL	46	27	0.18915012479456356	0.16909197820675323	0.21179356264565904	0.6045028945804086	0.3129019339532766	1000	0.0	0.6426845869171515	0.0	0.998	0.9927371921365078	0.879	0.8573230993571589	0.012	0.006877647806403522
epithelial_injury	DeltaR2_morph	REFIT_PSEUDOVALUE_PROXY	46	27	0.34987221286046566	0.305743568883601	0.3928730010967068	0.5999542931619538	0.5831647791309661	1000	0.0	0.6426845869171515	0.0	1.0	0.9961732415144449	0.886	0.8648073995463684	0.046	0.03466249276326499
epithelial_injury	Residual_R2	OOF_BLOCK_EMPIRICAL	46	27	0.22594966883337064	0.1869964276257293	0.28777431523646313	0.5943511390221915	0.3801619177597543	1000	0.0	0.6426845869171515	0.0	0.938	0.9213119396866343	0.755	0.7274007492673631	0.12	0.10129926060130913
epithelial_injury	Residual_R2	REFIT_PSEUDOVALUE_PROXY	46	27	0.8843298060553428	0.6975083126879258	1.1151647062463965	0.5760974347972949	1.5350351392668538	1000	0.0	0.6426845869171515	0.0	0.984	0.9741679397882601	0.812	0.7866068125887822	0.222	0.19733303685615078
fibroblast_activation	DeltaR2_morph	OOF_BLOCK_EMPIRICAL	46	27	1.5363360846122753	1.076266615266545	1.8642429418810091	0.6936625111000424	2.214817811295412	1000	0.0	0.6426845869171515	0.0	0.764	0.7367028474727885	0.42	0.38977268215878036	0.135	0.11521137849166017
fibroblast_activation	DeltaR2_morph	REFIT_PSEUDOVALUE_PROXY	46	27	3.1476083387230274	2.7612346633775116	3.574676206382139	0.5956388864613571	5.284423851878973	1000	0.0	0.6426845869171515	0.0	1.0	0.9961732415144449	0.883	0.8615970906192935	0.045	0.033799512285631717
fibroblast_activation	Residual_R2	OOF_BLOCK_EMPIRICAL	46	27	0.08464422314199821	0.04699099039482545	0.15467235297263	0.40784615625318577	0.2075395877691002	1000	0.0	0.6426845869171515	0.0	0.921	0.9026250851159918	0.85	0.8265313415731996	0.664	0.6341464130394475
fibroblast_activation	Residual_R2	REFIT_PSEUDOVALUE_PROXY	46	27	0.34797368156856606	0.32043167747727797	0.3802993630087332	0.5955977191490986	0.5842428041291008	1000	0.0	0.6426845869171515	0.0	1.0	0.9961732415144449	0.962	0.9482730796686496	0.006	0.002752669141876374
macrophage_inflammatory	DeltaR2_morph	OOF_BLOCK_EMPIRICAL	46	27	0.2659932445621528	0.2240666065710836	0.3162107534229801	0.5862321172076448	0.4537336607027576	1000	0.0	0.6426845869171515	0.0	0.99	0.9816905311296852	0.844	0.8201985055513946	0.119	0.10037518436701058
macrophage_inflammatory	DeltaR2_morph	REFIT_PSEUDOVALUE_PROXY	46	27	0.8816239164806536	0.795583120682845	0.9691292952143569	0.5973921713800823	1.4757875290597553	1000	0.0	0.6426845869171515	0.0	1.0	0.9961732415144449	0.945	0.9290916123226244	0.012	0.006877647806403522
macrophage_inflammatory	Residual_R2	OOF_BLOCK_EMPIRICAL	46	27	0.23423473367643105	0.17711676110085497	0.33467419108241053	0.5483650709612776	0.4271510825184768	1000	0.0	0.6426845869171515	0.0	0.91	0.8906582073569279	0.789	0.7626295063588953	0.339	0.3103265911536924
macrophage_inflammatory	Residual_R2	REFIT_PSEUDOVALUE_PROXY	46	27	0.4733445882627755	0.4176072842570594	0.5179417546046595	0.603601236921981	0.7842008254929371	1000	0.0	0.6426845869171515	0.0	1.0	0.9961732415144449	0.927	0.9091909744657494	0.03	0.0210937388288347
epithelial_injury	DeltaR2_morph	OOF_BLOCK_EMPIRICAL	47	28	0.18810115461879875	0.16696744938235966	0.21171648367291768	0.6011505018274721	0.3129019339532766	1000	0.0	0.6358107573397419	0.0	0.999	0.9943574414020421	0.882	0.8605279149182592	0.026	0.017803938201616326
epithelial_injury	DeltaR2_morph	REFIT_PSEUDOVALUE_PROXY	47	28	0.3464229998514814	0.302881228042724	0.38670455905888307	0.5940396475379086	0.5831647791309661	1000	0.0	0.6358107573397419	0.0	1.0	0.9961732415144449	0.915	0.8960871089966438	0.05	0.03813026239274881
epithelial_injury	Residual_R2	OOF_BLOCK_EMPIRICAL	47	28	0.22413768298082568	0.1864844775343733	0.2819620773532843	0.5895847861396546	0.3801619177597543	1000	0.0	0.6358107573397419	0.0	0.948	0.93244426068072	0.768	0.7408422968503318	0.128	0.10870752216300937
epithelial_injury	Residual_R2	REFIT_PSEUDOVALUE_PROXY	47	28	0.8725440669323803	0.6883481992429344	1.0964315499021347	0.5684196046151198	1.5350351392668538	1000	0.0	0.6358107573397419	0.0	0.985	0.9753990230730932	0.823	0.7981212935038732	0.209	0.1849366933157235
fibroblast_activation	DeltaR2_morph	OOF_BLOCK_EMPIRICAL	47	28	1.5258132927443904	1.0587521820314951	1.8621740594921619	0.6889114242096355	2.214817811295412	1000	0.0	0.6358107573397419	0.0	0.784	0.7574334101291272	0.437	0.4065562468683574	0.161	0.13952453255948705
fibroblast_activation	DeltaR2_morph	REFIT_PSEUDOVALUE_PROXY	47	28	3.118158670579753	2.7199598754559586	3.5212524204235462	0.5900659670724624	5.284423851878973	1000	0.0	0.6358107573397419	0.0	1.0	0.9961732415144449	0.907	0.8874087442345036	0.062	0.04866418011998064
fibroblast_activation	Residual_R2	OOF_BLOCK_EMPIRICAL	47	28	0.08421018934947706	0.046984540992987496	0.14987086983100742	0.40575482612582703	0.2075395877691002	1000	0.0	0.6358107573397419	0.0	0.932	0.9146861384770105	0.871	0.8487959904982231	0.678	0.648406787795866
fibroblast_activation	Residual_R2	REFIT_PSEUDOVALUE_PROXY	47	28	0.34385863801078886	0.31621071505856574	0.37452388325783625	0.5885543400459341	0.5842428041291008	1000	0.0	0.6358107573397419	0.0	1.0	0.9961732415144449	0.975	0.9633547107321566	0.007	0.003394868400990765
macrophage_inflammatory	DeltaR2_morph	OOF_BLOCK_EMPIRICAL	47	28	0.262067842950632	0.22239532242409155	0.3138105545379922	0.5775807828423678	0.4537336607027576	1000	0.0	0.6358107573397419	0.0	0.995	0.9883490446266249	0.86	0.8371133085163773	0.131	0.111492506202009
macrophage_inflammatory	DeltaR2_morph	REFIT_PSEUDOVALUE_PROXY	47	28	0.8723736444361164	0.7865090910899227	0.9588994825974948	0.5911241471134518	1.4757875290597553	1000	0.0	0.6358107573397419	0.0	1.0	0.9961732415144449	0.968	0.9551752619162313	0.017	0.010640689856816326
macrophage_inflammatory	Residual_R2	OOF_BLOCK_EMPIRICAL	47	28	0.23180467393169418	0.17655694401149405	0.3297914681071977	0.5426760774313788	0.4271510825184768	1000	0.0	0.6358107573397419	0.0	0.914	0.8949999687497208	0.793	0.7667904475082261	0.353	0.32399373843890167
macrophage_inflammatory	Residual_R2	REFIT_PSEUDOVALUE_PROXY	47	28	0.4668741258251605	0.4143469441870371	0.5139138017817261	0.5953502095992953	0.7842008254929371	1000	0.0	0.6358107573397419	0.0	1.0	0.9961732415144449	0.951	0.9358092984933898	0.032	0.02275710785871096
epithelial_injury	DeltaR2_morph	OOF_BLOCK_EMPIRICAL	48	29	0.18537323221641333	0.1649564675636403	0.2074445067225114	0.5924323633106524	0.3129019339532766	1000	0.0	0.6291528696058958	0.0	1.0	0.9961732415144449	0.917	0.8982635048659464	0.031	0.021924003447158568
epithelial_injury	DeltaR2_morph	REFIT_PSEUDOVALUE_PROXY	48	29	0.3424239277074096	0.2998777891702359	0.38523291392112263	0.5871821138061368	0.5831647791309661	1000	0.0	0.6291528696058958	0.0	1.0	0.9961732415144449	0.925	0.9069990602607455	0.06	0.046896472675931965
epithelial_injury	Residual_R2	OOF_BLOCK_EMPIRICAL	48	29	0.22054773397703692	0.18361714495340822	0.27913053369622826	0.5801415756651709	0.3801619177597543	1000	0.0	0.6291528696058958	0.0	0.962	0.9482730796686496	0.804	0.7782523359291923	0.158	0.13670765691270592
epithelial_injury	Residual_R2	REFIT_PSEUDOVALUE_PROXY	48	29	0.861873657465151	0.6774615904780239	1.0791114113975782	0.5614683569242522	1.5350351392668538	1000	0.0	0.6291528696058958	0.0	0.987	0.9778855576244204	0.812	0.7866068125887822	0.201	0.17732721504227128
fibroblast_activation	DeltaR2_morph	OOF_BLOCK_EMPIRICAL	48	29	1.5229739500309045	1.045725951744467	1.8452691657830107	0.6876294484647208	2.214817811295412	1000	0.0	0.6291528696058958	0.0	0.809	0.7834719955714221	0.456	0.4253575129275134	0.165	0.14328467985555532
fibroblast_activation	DeltaR2_morph	REFIT_PSEUDOVALUE_PROXY	48	29	3.0944030941114935	2.6908533617599355	3.489661571552104	0.5855705713331875	5.284423851878973	1000	0.0	0.6291528696058958	0.0	1.0	0.9961732415144449	0.929	0.9113863365698452	0.074	0.05935499258410698
fibroblast_activation	Residual_R2	OOF_BLOCK_EMPIRICAL	48	29	0.08003231932545118	0.04516767997367628	0.14957063639152757	0.385624353337792	0.2075395877691002	1000	0.0	0.6291528696058958	0.0	0.939	0.9224198811757163	0.872	0.8498604138497563	0.707	0.6780414921958111
fibroblast_activation	Residual_R2	REFIT_PSEUDOVALUE_PROXY	48	29	0.34015076343890605	0.31219747311201085	0.368700295729284	0.5822078783596666	0.5842428041291008	1000	0.0	0.6291528696058958	0.0	1.0	0.9961732415144449	0.981	0.9705155440876868	0.009	0.004742060667477063
macrophage_inflammatory	DeltaR2_morph	OOF_BLOCK_EMPIRICAL	48	29	0.25788824433717683	0.2193882987984961	0.30429476444766895	0.5683692145249948	0.4537336607027576	1000	0.0	0.6291528696058958	0.0	0.993	0.9856216845342335	0.899	0.8787702573809262	0.143	0.12266731749770254
macrophage_inflammatory	DeltaR2_morph	REFIT_PSEUDOVALUE_PROXY	48	29	0.8635906974774983	0.7785809970964673	0.9462164112800256	0.5851727843422717	1.4757875290597553	1000	0.0	0.6291528696058958	0.0	1.0	0.9961732415144449	0.971	0.9586616416633058	0.023	0.015374276932992918
macrophage_inflammatory	Residual_R2	OOF_BLOCK_EMPIRICAL	48	29	0.22693458844707248	0.16834185176292368	0.31979320910896736	0.53127475905965	0.4271510825184768	1000	0.0	0.6291528696058958	0.0	0.937	0.920205076295354	0.81	0.7845166798033586	0.387	0.35729917409070144
macrophage_inflammatory	Residual_R2	REFIT_PSEUDOVALUE_PROXY	48	29	0.4615494109803314	0.4094365925540094	0.5085129306440295	0.588560220770245	0.7842008254929371	1000	0.0	0.6291528696058958	0.0	1.0	0.9961732415144449	0.964	0.9505643395327921	0.046	0.03466249276326499
epithelial_injury	DeltaR2_morph	OOF_BLOCK_EMPIRICAL	49	30	0.1831646993756028	0.16429005308840508	0.2049826401895123	0.5853741364313636	0.3129019339532766	1000	0.0	0.6226998490772391	0.0	1.0	0.9961732415144449	0.941	0.9246390972285408	0.038	0.027809004509302626
epithelial_injury	DeltaR2_morph	REFIT_PSEUDOVALUE_PROXY	49	30	0.3388870359030105	0.2966136503300851	0.3806411590110601	0.5811171182320389	0.5831647791309661	1000	0.0	0.6226998490772391	0.0	1.0	0.9961732415144449	0.938	0.9213119396866343	0.076	0.06114944807170235
epithelial_injury	Residual_R2	OOF_BLOCK_EMPIRICAL	49	30	0.21805531666347	0.18136637957972537	0.2715495858877322	0.5735853763271246	0.3801619177597543	1000	0.0	0.6226998490772391	0.0	0.963	0.9494176025179307	0.816	0.790790179213587	0.171	0.14893385518054872
epithelial_injury	Residual_R2	REFIT_PSEUDOVALUE_PROXY	49	30	0.8482690290281536	0.6687600186121984	1.063382389887798	0.55260560968871	1.5350351392668538	1000	0.0	0.6226998490772391	0.0	0.991	0.982984183834662	0.808	0.7824275640840394	0.187	0.1640478150490631
fibroblast_activation	DeltaR2_morph	OOF_BLOCK_EMPIRICAL	49	30	1.5000707823635775	1.038997436767178	1.810211509957551	0.6772885673545354	2.214817811295412	1000	0.0	0.6226998490772391	0.0	0.842	0.8180901541085862	0.476	0.445196958428318	0.157	0.1357693269808853
fibroblast_activation	DeltaR2_morph	REFIT_PSEUDOVALUE_PROXY	49	30	3.0675521433689745	2.6769948407179007	3.447190027405026	0.5804894212409268	5.284423851878973	1000	0.0	0.6226998490772391	0.0	1.0	0.9961732415144449	0.944	0.927976651850269	0.087	0.071074421452375
fibroblast_activation	Residual_R2	OOF_BLOCK_EMPIRICAL	49	30	0.079242693403996	0.04450634880638911	0.14514073712673073	0.3818196530878633	0.2075395877691002	1000	0.0	0.6226998490772391	0.0	0.95	0.9346861797557492	0.881	0.8594591944010176	0.715	0.6862402708362824
fibroblast_activation	Residual_R2	REFIT_PSEUDOVALUE_PROXY	49	30	0.33671921647982517	0.30829002272312395	0.36576428751645645	0.5763343837529233	0.5842428041291008	1000	0.0	0.6226998490772391	0.0	1.0	0.9961732415144449	0.99	0.9816905311296852	0.013	0.007612820389351025
macrophage_inflammatory	DeltaR2_morph	OOF_BLOCK_EMPIRICAL	49	30	0.2568865966941762	0.21902169806556432	0.3015681952377611	0.5661616471132025	0.4537336607027576	1000	0.0	0.6226998490772391	0.0	0.998	0.9927371921365078	0.91	0.8906582073569279	0.171	0.14893385518054872
macrophage_inflammatory	DeltaR2_morph	REFIT_PSEUDOVALUE_PROXY	49	30	0.8541519521815945	0.7699513936848355	0.9333939392601789	0.5787770497869612	1.4757875290597553	1000	0.0	0.6226998490772391	0.0	1.0	0.9961732415144449	0.983	0.9729440411597701	0.032	0.02275710785871096
macrophage_inflammatory	Residual_R2	OOF_BLOCK_EMPIRICAL	49	30	0.22511725370307367	0.16920711818800455	0.3135119548768143	0.5270202111528912	0.4271510825184768	1000	0.0	0.6226998490772391	0.0	0.943	0.9268629323405141	0.831	0.806516311368376	0.414	0.3838578816406267
macrophage_inflammatory	Residual_R2	REFIT_PSEUDOVALUE_PROXY	49	30	0.45601971527623036	0.4047992151217794	0.5017203390361843	0.5815088437194427	0.7842008254929371	1000	0.0	0.6226998490772391	0.0	1.0	0.9961732415144449	0.974	0.96217617115731	0.054	0.04162131372306273
epithelial_injury	DeltaR2_morph	OOF_BLOCK_EMPIRICAL	50	31	0.18182510658922357	0.16307020169867614	0.20445913436530674	0.5810929459335787	0.3129019339532766	1000	0.0	0.6164414002968976	0.0	1.0	0.9961732415144449	0.941	0.9246390972285408	0.047	0.035527105106384495
epithelial_injury	DeltaR2_morph	REFIT_PSEUDOVALUE_PROXY	50	31	0.33638809781453594	0.2918445647116256	0.37572010211830176	0.576831986176913	0.5831647791309661	1000	0.0	0.6164414002968976	0.0	1.0	0.9961732415144449	0.95	0.9346861797557492	0.099	0.08199544136866538
epithelial_injury	Residual_R2	OOF_BLOCK_EMPIRICAL	50	31	0.21559241436212762	0.17923195221635418	0.27232076200599975	0.5671068149923755	0.3801619177597543	1000	0.0	0.6164414002968976	0.0	0.969	0.9563345039877078	0.82	0.7949777670979878	0.176	0.15364942465804562
epithelial_injury	Residual_R2	REFIT_PSEUDOVALUE_PROXY	50	31	0.8449582950909778	0.659626857326663	1.0485271827892928	0.5504488291352974	1.5350351392668538	1000	0.0	0.6164414002968976	0.0	0.996	0.9897604437227377	0.827	0.8023165344033983	0.179	0.1564821152191892
fibroblast_activation	DeltaR2_morph	OOF_BLOCK_EMPIRICAL	50	31	1.49402621745004	1.0223659952158892	1.8063651728000631	0.674559419664504	2.214817811295412	1000	0.0	0.6164414002968976	0.0	0.857	0.8339350119390161	0.482	0.4511584546689284	0.17	0.1479915956385524
fibroblast_activation	DeltaR2_morph	REFIT_PSEUDOVALUE_PROXY	50	31	3.0315441768788283	2.6486833825162757	3.404598064209411	0.5736754397172188	5.284423851878973	1000	0.0	0.6164414002968976	0.0	1.0	0.9961732415144449	0.947	0.9313253831625082	0.095	0.07834523457904742
fibroblast_activation	Residual_R2	OOF_BLOCK_EMPIRICAL	50	31	0.07795282837750392	0.04417773970054634	0.13999180357302393	0.3756046218239142	0.2075395877691002	1000	0.0	0.6164414002968976	0.0	0.955	0.9403171620637765	0.899	0.8787702573809262	0.722	0.6934229755065661
fibroblast_activation	Residual_R2	REFIT_PSEUDOVALUE_PROXY	50	31	0.3335455431071962	0.30423294977463183	0.36098958264497	0.5709022699978215	0.5842428041291008	1000	0.0	0.6164414002968976	0.0	1.0	0.9961732415144449	0.998	0.9927371921365078	0.022	0.014572707764791058
macrophage_inflammatory	DeltaR2_morph	OOF_BLOCK_EMPIRICAL	50	31	0.25349727474751094	0.21692402549533277	0.30009917573175854	0.5586917980801469	0.4537336607027576	1000	0.0	0.6164414002968976	0.0	0.998	0.9927371921365078	0.914	0.8949999687497208	0.18	0.15742689252874323
macrophage_inflammatory	DeltaR2_morph	REFIT_PSEUDOVALUE_PROXY	50	31	0.8441879051061165	0.760478207818681	0.9238907801352543	0.5720253684783203	1.4757875290597553	1000	0.0	0.6164414002968976	0.0	1.0	0.9961732415144449	0.987	0.9778855576244204	0.038	0.027809004509302626
macrophage_inflammatory	Residual_R2	OOF_BLOCK_EMPIRICAL	50	31	0.22205087943655627	0.1671300089328484	0.31227002003838256	0.5198415467598663	0.4271510825184768	1000	0.0	0.6164414002968976	0.0	0.947	0.9313253831625082	0.84	0.8159830663133126	0.428	0.3976662531744177
macrophage_inflammatory	Residual_R2	REFIT_PSEUDOVALUE_PROXY	50	31	0.4502847650829588	0.3998438717548609	0.49647396067882926	0.5741957295185406	0.7842008254929371	1000	0.0	0.6164414002968976	0.0	1.0	0.9961732415144449	0.984	0.9741679397882601	0.068	0.05399245780853015
epithelial_injury	DeltaR2_morph	OOF_BLOCK_EMPIRICAL	51	32	0.17996992799029235	0.16098483437874003	0.20018782391686754	0.5751640001597624	0.3129019339532766	1000	0.0	0.6103679378930738	0.0	1.0	0.9961732415144449	0.967	0.9540187355329184	0.057	0.04425344035871594
epithelial_injury	DeltaR2_morph	REFIT_PSEUDOVALUE_PROXY	51	32	0.3326826037469415	0.2896253150253694	0.3736910858410842	0.5704778746115396	0.5831647791309661	1000	0.0	0.6103679378930738	0.0	1.0	0.9961732415144449	0.967	0.9540187355329184	0.113	0.09484035831643466
epithelial_injury	Residual_R2	OOF_BLOCK_EMPIRICAL	51	32	0.21516168409809494	0.17672881769911752	0.2682515727243011	0.5659737970757706	0.3801619177597543	1000	0.0	0.6103679378930738	0.0	0.977	0.9657235493377734	0.826	0.8012673037329014	0.211	0.18684137276354604
epithelial_injury	Residual_R2	REFIT_PSEUDOVALUE_PROXY	51	32	0.887073130458287	0.6510919199999438	1.034406227516005	0.577884575907468	1.5350351392668538	1000	0.0	0.6103679378930738	0.0	0.996	0.9897604437227377	0.887	0.865878447248615	0.179	0.1564821152191892
fibroblast_activation	DeltaR2_morph	OOF_BLOCK_EMPIRICAL	51	32	1.4955929024203185	1.0116483652924233	1.7862544680243762	0.6752667848311955	2.214817811295412	1000	0.0	0.6103679378930738	0.0	0.883	0.8615970906192935	0.487	0.45612976445064124	0.157	0.1357693269808853
fibroblast_activation	DeltaR2_morph	REFIT_PSEUDOVALUE_PROXY	51	32	3.0004896232358886	2.612943277399099	3.3602296756301206	0.5677988191974817	5.284423851878973	1000	0.0	0.6103679378930738	0.0	1.0	0.9961732415144449	0.96	0.945990355878742	0.118	0.09945155840122326
fibroblast_activation	Residual_R2	OOF_BLOCK_EMPIRICAL	51	32	0.07620943796851866	0.043131896819695405	0.136622293603556	0.36720434297723514	0.2075395877691002	1000	0.0	0.6103679378930738	0.0	0.964	0.9505643395327921	0.912	0.8928277489502234	0.74	0.7119317744345645
fibroblast_activation	Residual_R2	REFIT_PSEUDOVALUE_PROXY	51	32	0.3297367059959621	0.3024067592938838	0.3585130681462873	0.564382999098265	0.5842428041291008	1000	0.0	0.6103679378930738	0.0	1.0	0.9961732415144449	0.999	0.9943574414020421	0.038	0.027809004509302626
macrophage_inflammatory	DeltaR2_morph	OOF_BLOCK_EMPIRICAL	51	32	0.25022029223649334	0.21470859220222865	0.29506501932844753	0.5514695379861039	0.4537336607027576	1000	0.0	0.6103679378930738	0.0	0.996	0.9897604437227377	0.938	0.9213119396866343	0.196	0.1725790050884099
macrophage_inflammatory	DeltaR2_morph	REFIT_PSEUDOVALUE_PROXY	51	32	0.8374048437997768	0.7543156060537937	0.9139298203234987	0.5674291368577284	1.4757875290597553	1000	0.0	0.6103679378930738	0.0	1.0	0.9961732415144449	0.991	0.982984183834662	0.056	0.043374813385442
macrophage_inflammatory	Residual_R2	OOF_BLOCK_EMPIRICAL	51	32	0.22121748704857058	0.1670568851892085	0.3065419252305972	0.5178904984725203	0.4271510825184768	1000	0.0	0.6103679378930738	0.0	0.955	0.9403171620637765	0.847	0.823363445235336	0.428	0.3976662531744177
macrophage_inflammatory	Residual_R2	REFIT_PSEUDOVALUE_PROXY	51	32	0.4471808654952737	0.3951111139479797	0.4925718618479832	0.5702376877940447	0.7842008254929371	1000	0.0	0.6103679378930738	0.0	1.0	0.9961732415144449	0.987	0.9778855576244204	0.086	0.07016852477576035
epithelial_injury	DeltaR2_morph	OOF_BLOCK_EMPIRICAL	52	33	0.17844257909924857	0.15866793004089935	0.19810624377309097	0.5702827619016702	0.3129019339532766	1000	0.0	0.6044705248269888	0.0	1.0	0.9961732415144449	0.969	0.9563345039877078	0.072	0.05756392168091441
epithelial_injury	DeltaR2_morph	REFIT_PSEUDOVALUE_PROXY	52	33	0.32969582786687057	0.2864358187699253	0.3687907764113604	0.5653562074825307	0.5831647791309661	1000	0.0	0.6044705248269888	0.0	1.0	0.9961732415144449	0.974	0.96217617115731	0.128	0.10870752216300937
epithelial_injury	Residual_R2	OOF_BLOCK_EMPIRICAL	52	33	0.21320318676751865	0.17500419748535465	0.26609929556122003	0.5608220518875164	0.3801619177597543	1000	0.0	0.6044705248269888	0.0	0.986	0.9766379658824643	0.853	0.8297022670609647	0.238	0.21263955247557198
epithelial_injury	Residual_R2	REFIT_PSEUDOVALUE_PROXY	52	33	0.8797097722038562	0.6412712729753669	1.0168443727454695	0.5730877096559583	1.5350351392668538	1000	0.0	0.6044705248269888	0.0	0.997	0.9912169859464968	0.913	0.8939135189433065	0.211	0.18684137276354604
fibroblast_activation	DeltaR2_morph	OOF_BLOCK_EMPIRICAL	52	33	1.4859880961573952	0.9927753111814944	1.774356536871855	0.6709301724859545	2.214817811295412	1000	0.0	0.6044705248269888	0.0	0.896	0.8755402353777084	0.5	0.4690696003681042	0.151	0.13014612063122316
fibroblast_activation	DeltaR2_morph	REFIT_PSEUDOVALUE_PROXY	52	33	2.9654563769640556	2.5905322869856082	3.345274558558214	0.5611692892328524	5.284423851878973	1000	0.0	0.6044705248269888	0.0	1.0	0.9961732415144449	0.971	0.9586616416633058	0.134	0.11428107599412644
fibroblast_activation	Residual_R2	OOF_BLOCK_EMPIRICAL	52	33	0.07544029290932433	0.042594132571261066	0.13411777398005068	0.36349832685056704	0.2075395877691002	1000	0.0	0.6044705248269888	0.0	0.965	0.9517133776255466	0.913	0.8939135189433065	0.747	0.7191453808937037
fibroblast_activation	Residual_R2	REFIT_PSEUDOVALUE_PROXY	52	33	0.32612711557619156	0.2991692741565936	0.3563992750682633	0.558204762251769	0.5842428041291008	1000	0.0	0.6044705248269888	0.0	1.0	0.9961732415144449	1.0	0.9961732415144449	0.054	0.04162131372306273
macrophage_inflammatory	DeltaR2_morph	OOF_BLOCK_EMPIRICAL	52	33	0.24730375121120285	0.20964149627553857	0.29352190942275524	0.5450416678986758	0.4537336607027576	1000	0.0	0.6044705248269888	0.0	0.998	0.9927371921365078	0.941	0.9246390972285408	0.24	0.21455652518754262
macrophage_inflammatory	DeltaR2_morph	REFIT_PSEUDOVALUE_PROXY	52	33	0.8285990136620505	0.7442385199142353	0.9034442250420086	0.5614622683456083	1.4757875290597553	1000	0.0	0.6044705248269888	0.0	1.0	0.9961732415144449	0.993	0.9856216845342335	0.075	0.06025180497346736
macrophage_inflammatory	Residual_R2	OOF_BLOCK_EMPIRICAL	52	33	0.21727305727842017	0.16278770595414654	0.3022631219482338	0.5086562253275381	0.4271510825184768	1000	0.0	0.6044705248269888	0.0	0.956	0.9414482108495922	0.855	0.8318179377037748	0.471	0.4402324457011636
macrophage_inflammatory	Residual_R2	REFIT_PSEUDOVALUE_PROXY	52	33	0.4427527673382664	0.3906715787861983	0.48598861275517996	0.5645910498244612	0.7842008254929371	1000	0.0	0.6044705248269888	0.0	1.0	0.9961732415144449	0.99	0.9816905311296852	0.106	0.08840506686305154
epithelial_injury	DeltaR2_morph	OOF_BLOCK_EMPIRICAL	53	34	0.17692463807124198	0.15792002192683566	0.19643291529548718	0.5654315901341181	0.3129019339532766	1000	0.0	0.5987408170800917	0.0	1.0	0.9961732415144449	0.977	0.9657235493377734	0.089	0.07288824391300744
epithelial_injury	DeltaR2_morph	REFIT_PSEUDOVALUE_PROXY	53	34	0.3262991127564252	0.28429837511725964	0.3666614673934651	0.5595315842679613	0.5831647791309661	1000	0.0	0.5987408170800917	0.0	1.0	0.9961732415144449	0.985	0.9753990230730932	0.153	0.13201921562431126
epithelial_injury	Residual_R2	OOF_BLOCK_EMPIRICAL	53	34	0.2103944417957222	0.17419965528266407	0.2615182620237162	0.5534337658952002	0.3801619177597543	1000	0.0	0.5987408170800917	0.0	0.983	0.9729440411597701	0.876	0.8541222509908473	0.245	0.21935239609499618
epithelial_injury	Residual_R2	REFIT_PSEUDOVALUE_PROXY	53	34	0.8669705343957415	0.6334818221720252	1.0059379127435522	0.5647887219114829	1.5350351392668538	1000	0.0	0.5987408170800917	0.0	0.999	0.9943574414020421	0.913	0.8939135189433065	0.287	0.2598197820391999
fibroblast_activation	DeltaR2_morph	OOF_BLOCK_EMPIRICAL	53	34	1.4843874977268348	0.9928281454671444	1.7490553310945123	0.6702074952425273	2.214817811295412	1000	0.0	0.5987408170800917	0.0	0.918	0.8993527833262955	0.5	0.4690696003681042	0.15	0.12921007251308828
fibroblast_activation	DeltaR2_morph	REFIT_PSEUDOVALUE_PROXY	53	34	2.933167784707121	2.562799243306742	3.3129368478951675	0.5550591449367144	5.284423851878973	1000	0.0	0.5987408170800917	0.0	1.0	0.9961732415144449	0.982	0.9717267448294927	0.142	0.12173404205455421
fibroblast_activation	Residual_R2	OOF_BLOCK_EMPIRICAL	53	34	0.0729036870209054	0.042135042317278486	0.13098064516371816	0.35127605197912876	0.2075395877691002	1000	0.0	0.5987408170800917	0.0	0.971	0.9586616416633058	0.921	0.9026250851159918	0.769	0.7418776678486424
fibroblast_activation	Residual_R2	REFIT_PSEUDOVALUE_PROXY	53	34	0.32305989283329145	0.29586131104806923	0.35168148182831394	0.552954851219536	0.5842428041291008	1000	0.0	0.5987408170800917	0.0	1.0	0.9961732415144449	1.0	0.9961732415144449	0.073	0.05845902621241335
macrophage_inflammatory	DeltaR2_morph	OOF_BLOCK_EMPIRICAL	53	34	0.24535993291339883	0.20758386933231188	0.29021144783909747	0.5407576165572052	0.4537336607027576	1000	0.0	0.5987408170800917	0.0	0.996	0.9897604437227377	0.953	0.9380600619184716	0.253	0.22703579958556788
macrophage_inflammatory	DeltaR2_morph	REFIT_PSEUDOVALUE_PROXY	53	34	0.8195513717885071	0.7375135683755644	0.8946741651618406	0.5553315471575062	1.4757875290597553	1000	0.0	0.5987408170800917	0.0	1.0	0.9961732415144449	0.996	0.9897604437227377	0.102	0.08473913518484719
macrophage_inflammatory	Residual_R2	OOF_BLOCK_EMPIRICAL	53	34	0.21559809592675028	0.16066067335132214	0.30027680528847217	0.5047349866365478	0.4271510825184768	1000	0.0	0.5987408170800917	0.0	0.966	0.9528648097546889	0.855	0.8318179377037748	0.476	0.445196958428318
macrophage_inflammatory	Residual_R2	REFIT_PSEUDOVALUE_PROXY	53	34	0.4375183678857929	0.38811987114127416	0.48103710499698343	0.5579162296989107	0.7842008254929371	1000	0.0	0.5987408170800917	0.0	1.0	0.9961732415144449	0.994	0.9869718317581478	0.117	0.09852838761922869
epithelial_injury	DeltaR2_morph	OOF_BLOCK_EMPIRICAL	54	35	0.17372960127800488	0.15602274526527252	0.1942702848392004	0.5552206056481156	0.3129019339532766	1000	0.0	0.5931710140017395	0.0	1.0	0.9961732415144449	0.984	0.9741679397882601	0.105	0.08748778261441682
epithelial_injury	DeltaR2_morph	REFIT_PSEUDOVALUE_PROXY	54	35	0.32334947328559793	0.2802250907010341	0.3621646840004077	0.5544735979553743	0.5831647791309661	1000	0.0	0.5931710140017395	0.0	1.0	0.9961732415144449	0.992	0.9842936654690199	0.174	0.15176235026548338
epithelial_injury	Residual_R2	OOF_BLOCK_EMPIRICAL	54	35	0.20831706776482017	0.17275600102072	0.25865058621064685	0.5479693205263854	0.3801619177597543	1000	0.0	0.5931710140017395	0.0	0.99	0.9816905311296852	0.89	0.8690945010531242	0.29	0.26272203499392915
epithelial_injury	Residual_R2	REFIT_PSEUDOVALUE_PROXY	54	35	0.8570088088398574	0.6275487859974186	0.9940951007561932	0.558299146981855	1.5350351392668538	1000	0.0	0.5931710140017395	0.0	0.998	0.9927371921365078	0.916	0.8971749506177825	0.352	0.32301658754166684
fibroblast_activation	DeltaR2_morph	OOF_BLOCK_EMPIRICAL	54	35	1.476827883869501	0.9764753278422171	1.7477588108012574	0.6667942962792626	2.214817811295412	1000	0.0	0.5931710140017395	0.0	0.925	0.9069990602607455	0.511	0.4800349634365892	0.148	0.1273389886764658
fibroblast_activation	DeltaR2_morph	REFIT_PSEUDOVALUE_PROXY	54	35	2.9024853909846073	2.5396316887868746	3.2829602183593733	0.5492529502440604	5.284423851878973	1000	0.0	0.5931710140017395	0.0	1.0	0.9961732415144449	0.991	0.982984183834662	0.166	0.1442254718306115
fibroblast_activation	Residual_R2	OOF_BLOCK_EMPIRICAL	54	35	0.07177615925679036	0.04094904835785485	0.13205265586899678	0.3458432197362052	0.2075395877691002	1000	0.0	0.5931710140017395	0.0	0.967	0.9540187355329184	0.924	0.9059043568759517	0.768	0.7408422968503318
fibroblast_activation	Residual_R2	REFIT_PSEUDOVALUE_PROXY	54	35	0.32000984778287844	0.2929363259665301	0.34757723710403005	0.547734341820264	0.5842428041291008	1000	0.0	0.5931710140017395	0.0	1.0	0.9961732415144449	1.0	0.9961732415144449	0.09	0.0737961493150831
macrophage_inflammatory	DeltaR2_morph	OOF_BLOCK_EMPIRICAL	54	35	0.24306077484257865	0.20890158498415665	0.2849621749976846	0.5356904190579956	0.4537336607027576	1000	0.0	0.5931710140017395	0.0	0.999	0.9943574414020421	0.96	0.945990355878742	0.28	0.25305370081259326
macrophage_inflammatory	DeltaR2_morph	REFIT_PSEUDOVALUE_PROXY	54	35	0.8104093966665347	0.7323004997278784	0.8835127542726819	0.5491369053530746	1.4757875290597553	1000	0.0	0.5931710140017395	0.0	1.0	0.9961732415144449	0.999	0.9943574414020421	0.114	0.09576165709721693
macrophage_inflammatory	Residual_R2	OOF_BLOCK_EMPIRICAL	54	35	0.21166391630833653	0.1596774558746693	0.29761939448119334	0.49552471004022525	0.4271510825184768	1000	0.0	0.5931710140017395	0.0	0.969	0.9563345039877078	0.873	0.8509252474282144	0.512	0.48103255440609094
macrophage_inflammatory	Residual_R2	REFIT_PSEUDOVALUE_PROXY	54	35	0.4340514991666333	0.3850090216371867	0.4768218248624734	0.5534953357053596	0.7842008254929371	1000	0.0	0.5931710140017395	0.0	1.0	0.9961732415144449	0.996	0.9897604437227377	0.139	0.11893638905078911
epithelial_injury	DeltaR2_morph	OOF_BLOCK_EMPIRICAL	55	36	0.1726224299747163	0.15397935630540546	0.19390387868092554	0.5516822085238142	0.3129019339532766	1000	0.0	0.5877538136452587	0.0	1.0	0.9961732415144449	0.987	0.9778855576244204	0.136	0.1161420645496615
epithelial_injury	DeltaR2_morph	REFIT_PSEUDOVALUE_PROXY	55	36	0.31912616908759117	0.2775674515412063	0.35730708306709963	0.5472315553129837	0.5831647791309661	1000	0.0	0.5877538136452587	0.0	1.0	0.9961732415144449	0.991	0.982984183834662	0.2	0.17637709044319852
epithelial_injury	Residual_R2	OOF_BLOCK_EMPIRICAL	55	36	0.20621589147624136	0.1688922035059197	0.2581657810499793	0.5424422643158087	0.3801619177597543	1000	0.0	0.5877538136452587	0.0	0.993	0.9856216845342335	0.88	0.8583909241522872	0.296	0.26853097433797923
epithelial_injury	Residual_R2	REFIT_PSEUDOVALUE_PROXY	55	36	0.8452867197919639	0.6184148319159408	1.0084020010769743	0.5506627816974146	1.5350351392668538	1000	0.0	0.5877538136452587	0.0	1.0	0.9961732415144449	0.927	0.9091909744657494	0.4	0.37007478121137727
fibroblast_activation	DeltaR2_morph	OOF_BLOCK_EMPIRICAL	55	36	1.4555041966360676	0.9862452313285425	1.717990640464674	0.6571665575439661	2.214817811295412	1000	0.0	0.5877538136452587	0.0	0.947	0.9313253831625082	0.532	0.5010103116491519	0.135	0.11521137849166017
fibroblast_activation	DeltaR2_morph	REFIT_PSEUDOVALUE_PROXY	55	36	2.883404876613816	2.533266360639072	3.244035588746335	0.5456422416965226	5.284423851878973	1000	0.0	0.5877538136452587	0.0	1.0	0.9961732415144449	0.99	0.9816905311296852	0.203	0.1792281787601314
fibroblast_activation	Residual_R2	OOF_BLOCK_EMPIRICAL	55	36	0.07112328634376647	0.04041158624010149	0.12884636216254539	0.342697444416702	0.2075395877691002	1000	0.0	0.5877538136452587	0.0	0.977	0.9657235493377734	0.933	0.9157879467581332	0.781	0.7543184071059555
fibroblast_activation	Residual_R2	REFIT_PSEUDOVALUE_PROXY	55	36	0.3169157975082263	0.29034108006003545	0.3440301519291176	0.542438512324744	0.5842428041291008	1000	0.0	0.5877538136452587	0.0	1.0	0.9961732415144449	1.0	0.9961732415144449	0.126	0.10685291068700913
macrophage_inflammatory	DeltaR2_morph	OOF_BLOCK_EMPIRICAL	55	36	0.24076706169388437	0.20600099458528423	0.28370642433290616	0.5306352218192858	0.4537336607027576	1000	0.0	0.5877538136452587	0.0	0.999	0.9943574414020421	0.973	0.9610012692469598	0.304	0.27628526933638214
macrophage_inflammatory	DeltaR2_morph	REFIT_PSEUDOVALUE_PROXY	55	36	0.802177730329035	0.7264220517975934	0.8765045043724139	0.5435590927103942	1.4757875290597553	1000	0.0	0.5877538136452587	0.0	1.0	0.9961732415144449	1.0	0.9961732415144449	0.138	0.11800457326997434
macrophage_inflammatory	Residual_R2	OOF_BLOCK_EMPIRICAL	55	36	0.21110067561914544	0.15738736117152125	0.29077021262713243	0.4942061117450501	0.4271510825184768	1000	0.0	0.5877538136452587	0.0	0.971	0.9586616416633058	0.886	0.8648073995463684	0.519	0.48801914625314236
macrophage_inflammatory	Residual_R2	REFIT_PSEUDOVALUE_PROXY	55	36	0.42951990312143506	0.3808865859320278	0.47246244812568144	0.5477167189303138	0.7842008254929371	1000	0.0	0.5877538136452587	0.0	1.0	0.9961732415144449	0.998	0.9927371921365078	0.16	0.13858526208349012
epithelial_injury	DeltaR2_morph	OOF_BLOCK_EMPIRICAL	56	37	0.17178280018044229	0.15300295096811514	0.190607347680953	0.5489988444944971	0.3129019339532766	1000	0.0	0.5824823725107175	0.0	1.0	0.9961732415144449	0.995	0.9883490446266249	0.149	0.128274360936936
epithelial_injury	DeltaR2_morph	REFIT_PSEUDOVALUE_PROXY	56	37	0.3158124396432693	0.2764845452590977	0.35330262983283395	0.5415492343585873	0.5831647791309661	1000	0.0	0.5824823725107175	0.0	1.0	0.9961732415144449	0.995	0.9883490446266249	0.23	0.20497969372023053
epithelial_injury	Residual_R2	OOF_BLOCK_EMPIRICAL	56	37	0.20410477841597285	0.16862504279265092	0.25299146681749984	0.5368890698435453	0.3801619177597543	1000	0.0	0.5824823725107175	0.0	0.99	0.9816905311296852	0.909	0.88957441593046	0.324	0.2957148222722109
epithelial_injury	Residual_R2	REFIT_PSEUDOVALUE_PROXY	56	37	0.8341717569184367	0.6123028018950745	1.0013733541363827	0.5434219292965792	1.5350351392668538	1000	0.0	0.5824823725107175	0.0	1.0	0.9961732415144449	0.956	0.9414482108495922	0.399	0.36909125145536914
fibroblast_activation	DeltaR2_morph	OOF_BLOCK_EMPIRICAL	56	37	1.4492527770088752	0.9725146538825206	1.6967961139470973	0.6543440140393444	2.214817811295412	1000	0.0	0.5824823725107175	0.0	0.958	0.943715574773397	0.554	0.5230431762490697	0.136	0.1161420645496615
fibroblast_activation	DeltaR2_morph	REFIT_PSEUDOVALUE_PROXY	56	37	2.85310455107774	2.512947906349025	3.2072448857085916	0.5399083478255187	5.284423851878973	1000	0.0	0.5824823725107175	0.0	1.0	0.9961732415144449	0.992	0.9842936654690199	0.229	0.20402312975052517
fibroblast_activation	Residual_R2	OOF_BLOCK_EMPIRICAL	56	37	0.06997024862395601	0.04018165429708193	0.12679248006449814	0.3371416960787354	0.2075395877691002	1000	0.0	0.5824823725107175	0.0	0.976	0.9645370943883885	0.937	0.920205076295354	0.791	0.7647095198771304
fibroblast_activation	Residual_R2	REFIT_PSEUDOVALUE_PROXY	56	37	0.313735530370996	0.28710089974606406	0.34034310809830404	0.5369951125691048	0.5842428041291008	1000	0.0	0.5824823725107175	0.0	1.0	0.9961732415144449	1.0	0.9961732415144449	0.139	0.11893638905078911
macrophage_inflammatory	DeltaR2_morph	OOF_BLOCK_EMPIRICAL	56	37	0.23839396910639468	0.20165938888024082	0.2826283832419326	0.5254050773688738	0.4537336607027576	1000	0.0	0.5824823725107175	0.0	1.0	0.9961732415144449	0.977	0.9657235493377734	0.358	0.328881603627749
macrophage_inflammatory	DeltaR2_morph	REFIT_PSEUDOVALUE_PROXY	56	37	0.7951241225097532	0.7206243516058312	0.8672078937524211	0.5387795376048053	1.4757875290597553	1000	0.0	0.5824823725107175	0.0	1.0	0.9961732415144449	1.0	0.9961732415144449	0.166	0.1442254718306115
macrophage_inflammatory	Residual_R2	OOF_BLOCK_EMPIRICAL	56	37	0.20707213175387137	0.1561167776594257	0.2904240671177421	0.484774919761357	0.4271510825184768	1000	0.0	0.5824823725107175	0.0	0.975	0.9633547107321566	0.889	0.8680219923564878	0.561	0.5300663276081151
macrophage_inflammatory	Residual_R2	REFIT_PSEUDOVALUE_PROXY	56	37	0.4252536375108877	0.37797170089890464	0.466939147778575	0.5422764471633648	0.7842008254929371	1000	0.0	0.5824823725107175	0.0	1.0	0.9961732415144449	0.998	0.9927371921365078	0.178	0.1555376102762298
epithelial_injury	DeltaR2_morph	OOF_BLOCK_EMPIRICAL	57	38	0.16959773803614975	0.15221551068831993	0.18889186523281942	0.5420156273673737	0.3129019339532766	1000	0.0	0.5773502691896257	0.0	1.0	0.9961732415144449	0.994	0.9869718317581478	0.17	0.1479915956385524
epithelial_injury	DeltaR2_morph	REFIT_PSEUDOVALUE_PROXY	57	38	0.3131125362519439	0.273312358339364	0.34962538472271704	0.5369194907801962	0.5831647791309661	1000	0.0	0.5773502691896257	0.0	1.0	0.9961732415144449	0.998	0.9927371921365078	0.246	0.22031215328683612
epithelial_injury	Residual_R2	OOF_BLOCK_EMPIRICAL	57	38	0.20400410270041291	0.16820274564611215	0.2519066637264003	0.5366242465909871	0.3801619177597543	1000	0.0	0.5773502691896257	0.0	0.995	0.9883490446266249	0.909	0.88957441593046	0.326	0.29766113143613737
epithelial_injury	Residual_R2	REFIT_PSEUDOVALUE_PROXY	57	38	0.8241696566519872	0.6064025152105934	0.9865990498353139	0.5369060522260212	1.5350351392668538	1000	0.0	0.5773502691896257	0.0	1.0	0.9961732415144449	0.962	0.9482730796686496	0.389	0.35926319596566997
fibroblast_activation	DeltaR2_morph	OOF_BLOCK_EMPIRICAL	57	38	1.443230446549829	0.9758459919321528	1.6917873930900658	0.6516249053034777	2.214817811295412	1000	0.0	0.5773502691896257	0.0	0.958	0.943715574773397	0.573	0.5421204037602065	0.127	0.10778000925843848
fibroblast_activation	DeltaR2_morph	REFIT_PSEUDOVALUE_PROXY	57	38	2.8236444768019417	2.4838791667855458	3.1994535480242337	0.5343334592280942	5.284423851878973	1000	0.0	0.5773502691896257	0.0	1.0	0.9961732415144449	0.995	0.9883490446266249	0.242	0.2164742872986182
fibroblast_activation	Residual_R2	OOF_BLOCK_EMPIRICAL	57	38	0.0691253909386291	0.03925128325120118	0.123459193758961	0.3330708694262952	0.2075395877691002	1000	0.0	0.5773502691896257	0.0	0.979	0.9681097049387625	0.947	0.9313253831625082	0.812	0.7866068125887822
fibroblast_activation	Residual_R2	REFIT_PSEUDOVALUE_PROXY	57	38	0.31126581579034684	0.2848443284748946	0.3367031338035283	0.532767906751259	0.5842428041291008	1000	0.0	0.5773502691896257	0.0	1.0	0.9961732415144449	1.0	0.9961732415144449	0.175	0.1527057476303958
macrophage_inflammatory	DeltaR2_morph	OOF_BLOCK_EMPIRICAL	57	38	0.23501011404061234	0.2031238357930719	0.2773686757328413	0.5179472769920155	0.4537336607027576	1000	0.0	0.5773502691896257	0.0	1.0	0.9961732415144449	0.985	0.9753990230730932	0.372	0.34258611396233785
macrophage_inflammatory	DeltaR2_morph	REFIT_PSEUDOVALUE_PROXY	57	38	0.7896277575400033	0.7161297160783207	0.8599002673634005	0.5350551769759744	1.4757875290597553	1000	0.0	0.5773502691896257	0.0	1.0	0.9961732415144449	1.0	0.9961732415144449	0.198	0.17447756243113033
macrophage_inflammatory	Residual_R2	OOF_BLOCK_EMPIRICAL	57	38	0.20355406762356834	0.15548331264571494	0.28316049469949106	0.4765388078227882	0.4271510825184768	1000	0.0	0.5773502691896257	0.0	0.974	0.96217617115731	0.908	0.8884912646437559	0.579	0.5481543035657991
macrophage_inflammatory	Residual_R2	REFIT_PSEUDOVALUE_PROXY	57	38	0.42146724016681125	0.3738920190559359	0.4623271476918776	0.537448095520536	0.7842008254929371	1000	0.0	0.5773502691896257	0.0	1.0	0.9961732415144449	0.999	0.9943574414020421	0.209	0.1849366933157235
epithelial_injury	DeltaR2_morph	OOF_BLOCK_EMPIRICAL	58	39	0.16820750110231036	0.1501901419431318	0.18732471709214374	0.5375725837713345	0.3129019339532766	1000	0.0	0.572351471472339	0.0	1.0	0.9961732415144449	0.995	0.9883490446266249	0.218	0.1935148145806916
epithelial_injury	DeltaR2_morph	REFIT_PSEUDOVALUE_PROXY	58	39	0.31122181529438775	0.27116360467567563	0.3468951154582729	0.5336773180269416	0.5831647791309661	1000	0.0	0.572351471472339	0.0	1.0	0.9961732415144449	0.999	0.9943574414020421	0.273	0.24629594891717121
epithelial_injury	Residual_R2	OOF_BLOCK_EMPIRICAL	58	39	0.20104585334650885	0.16606214941410818	0.24731070086830376	0.5288426955841512	0.3801619177597543	1000	0.0	0.572351471472339	0.0	0.995	0.9883490446266249	0.936	0.9190992674988255	0.346	0.31715666010206417
epithelial_injury	Residual_R2	REFIT_PSEUDOVALUE_PROXY	58	39	0.8129521413686697	0.6024285930192212	0.9737556156033911	0.5295983919670677	1.5350351392668538	1000	0.0	0.572351471472339	0.0	1.0	0.9961732415144449	0.964	0.9505643395327921	0.373	0.3435660379642266
fibroblast_activation	DeltaR2_morph	OOF_BLOCK_EMPIRICAL	58	39	1.4258054059443057	0.9815356096893832	1.6646251077128942	0.6437574226976144	2.214817811295412	1000	0.0	0.572351471472339	0.0	0.972	0.9598298168024069	0.6	0.5693094295142663	0.127	0.10778000925843848
fibroblast_activation	DeltaR2_morph	REFIT_PSEUDOVALUE_PROXY	58	39	2.7952632977898846	2.4581223483337333	3.1636883348430525	0.5289627357949302	5.284423851878973	1000	0.0	0.572351471472339	0.0	1.0	0.9961732415144449	0.998	0.9927371921365078	0.282	0.2549860252135406
fibroblast_activation	Residual_R2	OOF_BLOCK_EMPIRICAL	58	39	0.06825753272050128	0.03906164279941525	0.12026160701172528	0.32888921797629145	0.2075395877691002	1000	0.0	0.572351471472339	0.0	0.976	0.9645370943883885	0.941	0.9246390972285408	0.817	0.7918366762890631
fibroblast_activation	Residual_R2	REFIT_PSEUDOVALUE_PROXY	58	39	0.3086066274990682	0.28185273230897806	0.3342134444928771	0.5282163944818994	0.5842428041291008	1000	0.0	0.572351471472339	0.0	1.0	0.9961732415144449	1.0	0.9961732415144449	0.211	0.18684137276354604
macrophage_inflammatory	DeltaR2_morph	OOF_BLOCK_EMPIRICAL	58	39	0.23389312346734414	0.1981834308449568	0.2747617525536661	0.515485501130956	0.4537336607027576	1000	0.0	0.572351471472339	0.0	1.0	0.9961732415144449	0.979	0.9681097049387625	0.404	0.3740102086208163
macrophage_inflammatory	DeltaR2_morph	REFIT_PSEUDOVALUE_PROXY	58	39	0.7828208973407915	0.7071640730697801	0.852091045891422	0.5304428191228433	1.4757875290597553	1000	0.0	0.572351471472339	0.0	1.0	0.9961732415144449	1.0	0.9961732415144449	0.234	0.2088080025618508
macrophage_inflammatory	Residual_R2	OOF_BLOCK_EMPIRICAL	58	39	0.20383002396285704	0.1519749026786253	0.28023335171634206	0.47718484701262626	0.4271510825184768	1000	0.0	0.572351471472339	0.0	0.979	0.9681097049387625	0.917	0.8982635048659464	0.573	0.5421204037602065
macrophage_inflammatory	Residual_R2	REFIT_PSEUDOVALUE_PROXY	58	39	0.4180534346619603	0.37213306601060925	0.4577913484656479	0.5330948668654845	0.7842008254929371	1000	0.0	0.572351471472339	0.0	1.0	0.9961732415144449	1.0	0.9961732415144449	0.234	0.2088080025618508
epithelial_injury	DeltaR2_morph	OOF_BLOCK_EMPIRICAL	59	40	0.1657592578083471	0.1482397853001944	0.18452145489479324	0.5297482687757972	0.3129019339532766	1000	0.0	0.5674803065350239	0.0	1.0	0.9961732415144449	0.997	0.9912169859464968	0.247	0.22127210294989538
epithelial_injury	DeltaR2_morph	REFIT_PSEUDOVALUE_PROXY	59	40	0.3074486315473025	0.2695524166083752	0.34399776194723947	0.5272071334717151	0.5831647791309661	1000	0.0	0.5674803065350239	0.0	1.0	0.9961732415144449	0.998	0.9927371921365078	0.3	0.2724068424770048
epithelial_injury	Residual_R2	OOF_BLOCK_EMPIRICAL	59	40	0.19873407518751884	0.16470073447588607	0.2467421726390212	0.5227616599753953	0.3801619177597543	1000	0.0	0.5674803065350239	0.0	0.995	0.9883490446266249	0.924	0.9059043568759517	0.375	0.345526294232981
epithelial_injury	Residual_R2	REFIT_PSEUDOVALUE_PROXY	59	40	0.8022286966272147	0.5976886824837823	0.9647039564541852	0.5226125943998691	1.5350351392668538	1000	0.0	0.5674803065350239	0.0	1.0	0.9961732415144449	0.969	0.9563345039877078	0.357	0.3279037500492223
fibroblast_activation	DeltaR2_morph	OOF_BLOCK_EMPIRICAL	59	40	1.4144541501208983	0.9913022334517513	1.6541664024402463	0.6386322806811844	2.214817811295412	1000	0.0	0.5674803065350239	0.0	0.984	0.9741679397882601	0.634	0.6036838706724748	0.123	0.10407414325107295
fibroblast_activation	DeltaR2_morph	REFIT_PSEUDOVALUE_PROXY	59	40	2.7743411134701867	2.4300155490889157	3.1325925039286564	0.5250035181193347	5.284423851878973	1000	0.0	0.5674803065350239	0.0	1.0	0.9961732415144449	0.999	0.9943574414020421	0.313	0.28502093895360764
fibroblast_activation	Residual_R2	OOF_BLOCK_EMPIRICAL	59	40	0.06648720666438457	0.03866233359463772	0.11958634002221818	0.3203591535430601	0.2075395877691002	1000	0.0	0.5674803065350239	0.0	0.984	0.9741679397882601	0.953	0.9380600619184716	0.824	0.7991696851594059
fibroblast_activation	Residual_R2	REFIT_PSEUDOVALUE_PROXY	59	40	0.3058037524059318	0.27952476772839424	0.3313506739340193	0.5234189454190659	0.5842428041291008	1000	0.0	0.5674803065350239	0.0	1.0	0.9961732415144449	1.0	0.9961732415144449	0.243	0.21743346229708657
macrophage_inflammatory	DeltaR2_morph	OOF_BLOCK_EMPIRICAL	59	40	0.2308417183066892	0.19822028200610392	0.2708256760275959	0.5087603991054002	0.4537336607027576	1000	0.0	0.5674803065350239	0.0	1.0	0.9961732415144449	0.982	0.9717267448294927	0.44	0.40952185388954043
macrophage_inflammatory	DeltaR2_morph	REFIT_PSEUDOVALUE_PROXY	59	40	0.7760514895880712	0.7023547635217376	0.842138850684895	0.52585583920912	1.4757875290597553	1000	0.0	0.5674803065350239	0.0	1.0	0.9961732415144449	1.0	0.9961732415144449	0.255	0.2289585370509225
macrophage_inflammatory	Residual_R2	OOF_BLOCK_EMPIRICAL	59	40	0.20036824314411222	0.15093882717798093	0.2761158056712578	0.4690804994868417	0.4271510825184768	1000	0.0	0.5674803065350239	0.0	0.988	0.9791427315245018	0.918	0.8993527833262955	0.617	0.5864772698839885
macrophage_inflammatory	Residual_R2	REFIT_PSEUDOVALUE_PROXY	59	40	0.41389628897784	0.3677940840191897	0.4533928554346691	0.5277937430347269	0.7842008254929371	1000	0.0	0.5674803065350239	0.0	1.0	0.9961732415144449	1.0	0.9961732415144449	0.27	0.2434023676164589
